time_s,wheel0_corrected_rad_s,wheel1_corrected_rad_s,wheel2_corrected_rad_s,wheel3_corrected_rad_s,FL_blowout_signal,RR_blowout_signal
0.00000000,40.04346403,39.98081682,39.83576761,39.87162491,0,0
0.01000000,40.06040767,39.95655297,39.78125843,39.88630971,0,0
0.02000000,39.98271681,39.91090290,39.80422789,39.89844129,0,0
0.03000000,39.96648863,39.96620845,39.80833721,39.91693876,0,0
0.04000000,40.01438693,39.96675643,39.84955357,39.97069392,0,0
0.05000000,40.08806673,39.97634774,39.81012602,39.92763625,0,0
0.06000000,40.13079594,39.95988274,39.79366652,39.92962058,0,0
0.07000000,40.08180795,39.95763376,39.81182728,39.94700460,0,0
0.08000000,40.01042309,39.92227920,39.80761970,39.91639010,0,0
0.09000000,40.02646665,39.93482509,39.82067814,39.95365086,0,0
0.10000000,40.04568257,39.91223503,39.87504358,39.91961347,0,0
0.11000000,40.11161880,39.90543069,39.81227222,39.88765563,0,0
0.12000000,40.06994848,39.91051743,39.81776365,39.91210858,0,0
0.13000000,40.05393913,39.91480260,39.82344960,39.88219631,0,0
0.14000000,39.99906715,39.95394262,39.87327864,39.93325289,0,0
0.15000000,40.04553264,39.91152620,39.86510547,39.94312004,0,0
0.16000000,40.08246076,39.90115100,39.86966823,39.94193855,0,0
0.17000000,40.05600103,39.93379068,39.80936944,39.97489447,0,0
0.18000000,40.03367200,39.94107173,39.86292408,39.93550424,0,0
0.19000000,40.06387409,39.93717423,39.83802169,39.94865186,0,0
0.20000000,40.03755411,39.97022987,39.89504784,39.90747983,0,0
0.21000000,40.07523223,39.91823078,39.88064705,39.89079042,0,0
0.22000000,40.03980823,39.95473675,39.90303081,39.92005332,0,0
0.23000000,40.08777680,39.96101520,39.92953521,39.90057094,0,0
0.24000000,40.09431873,39.92944936,39.88100704,39.92428316,0,0
0.25000000,40.08607395,39.92817093,39.84834134,39.90433109,0,0
0.26000000,40.01603884,39.92336472,39.80727378,39.90990101,0,0
0.27000000,39.97767075,39.92971978,39.83757253,39.91458558,0,0
0.28000000,40.02952045,39.94805088,39.82566301,39.92019694,0,0
0.29000000,40.07305825,39.95828391,39.83602186,39.91089501,0,0
0.30000000,40.06822046,39.95092440,39.80058435,39.94337959,0,0
0.31000000,40.03360025,39.93384146,39.77705547,39.94483543,0,0
0.32000000,40.02342495,39.95547323,39.80302844,39.94360606,0,0
0.33000000,40.05333137,39.98306509,39.78898202,39.93898555,0,0
0.34000000,40.07646329,40.00060124,39.84767262,39.94918575,0,0
0.35000000,40.05176117,39.95996298,39.82394329,39.93530849,0,0
0.36000000,40.03204285,39.93471547,39.80775877,39.96576399,0,0
0.37000000,40.07517364,39.95374052,39.86608521,39.95720161,0,0
0.38000000,40.13591798,39.97773080,39.80931519,39.96341480,0,0
0.39000000,40.09510277,39.93290951,39.87235229,39.98148003,0,0
0.40000000,40.03182578,39.93293255,39.81466398,39.97143323,0,0
0.41000000,40.01967471,39.97514142,39.86903422,39.96170042,0,0
0.42000000,40.12349140,39.98603437,39.90509645,39.95652575,0,0
0.43000000,40.12199776,39.96478798,39.89870509,39.94220554,0,0
0.44000000,40.07376351,39.94203942,39.87405047,39.91442390,0,0
0.45000000,39.96028031,39.95392896,39.85702998,39.92686942,0,0
0.46000000,39.99945589,39.96427095,39.90735028,39.93092980,0,0
0.47000000,40.06078552,39.99972983,39.92231978,39.94361351,0,0
0.48000000,40.13676471,39.97149609,39.92335426,39.92397686,0,0
0.49000000,40.07852409,39.93596536,39.87585774,39.91246987,0,0
0.50000000,40.00302944,39.92864728,39.85583037,39.91377113,0,0
0.51000000,39.97332965,39.97794733,39.87104725,39.90588186,0,0
0.52000000,40.01629752,39.99472346,39.86088813,39.92229788,0,0
0.53000000,40.07217970,39.92543878,39.82812469,39.88471306,0,0
0.54000000,40.07983989,39.84698815,39.78390523,39.88891631,0,0
0.55000000,40.03381612,39.84471270,39.78168424,39.88573326,0,0
0.56000000,40.00187777,39.91051665,39.78322021,39.88933979,0,0
0.57000000,39.99042882,39.98404964,39.78796373,39.89916795,0,0
0.58000000,39.99149276,40.00590750,39.78474301,39.89691358,0,0
0.59000000,40.05423011,39.92520923,39.77752279,39.87112302,0,0
0.60000000,40.07346841,39.86249971,39.73858002,39.86365905,0,0
0.61000000,40.03081460,39.87040166,39.81341954,39.89648505,0,0
0.62000000,39.96345705,39.95721092,39.75581049,39.87100075,0,0
0.63000000,39.96603597,39.96944358,39.80169278,39.88038967,0,0
0.64000000,39.96311800,39.93785788,39.78444532,39.88036200,0,0
0.65000000,39.98587287,39.86002106,39.86723851,39.89006795,0,0
0.66000000,40.00182303,39.86777709,39.91092268,39.94366392,0,0
0.67000000,39.97743733,39.93070216,39.87490928,39.96257623,0,0
0.68000000,39.95860335,39.95085138,39.82842153,39.94519854,0,0
0.69000000,39.95959321,39.95874562,39.80440289,39.96031492,0,0
0.70000000,40.10755643,39.95227304,39.81155611,39.97062672,0,0
0.71000000,40.13769455,39.90428537,39.89000852,39.96900355,0,0
0.72000000,40.10216839,39.91815337,39.88751204,40.02032098,0,0
0.73000000,39.98347142,39.93269952,39.86945684,40.02608520,0,0
0.74000000,39.96417549,39.93841108,39.85511887,40.03256419,0,0
0.75000000,40.00034730,39.98610291,39.87452190,40.03859289,0,0
0.76000000,40.10132341,39.98855740,39.87783732,40.03278452,0,0
0.77000000,40.08603622,39.99366769,39.88497906,39.95248566,0,0
0.78000000,40.04426299,39.98404036,39.85978629,39.91754854,0,0
0.79000000,40.00553683,39.99250428,39.79756530,39.92368353,0,0
0.80000000,40.10597268,40.05961285,39.79741428,39.89565747,0,0
0.81000000,40.07047073,40.02435764,39.77156632,39.93369542,0,0
0.82000000,40.03647016,39.94983208,39.81292982,39.92222415,0,0
0.83000000,40.08559583,39.91968057,39.81646794,39.89176619,0,0
0.84000000,40.06800565,40.03383831,39.83370911,39.91811784,0,0
0.85000000,40.14445096,40.04429940,39.81994567,39.93914333,0,0
0.86000000,40.01784382,40.02879890,39.84865248,39.95543176,0,0
0.87000000,40.03260212,39.92631472,39.82494569,39.94285603,0,0
0.88000000,40.05042597,39.93118535,39.84399926,39.92390837,0,0
0.89000000,40.09899709,39.95087677,39.81056801,39.90697805,0,0
0.90000000,40.06334099,39.95943655,39.72875931,39.91752948,0,0
0.91000000,40.03031260,39.94579484,39.67822329,39.90374758,0,0
0.92000000,39.95653334,39.93677565,39.68064156,39.88250994,0,0
0.93000000,40.01156932,39.97855155,39.69940574,39.88273523,0,0
0.94000000,40.05020980,39.94935649,39.83055587,39.85951188,0,0
0.95000000,40.02844343,39.95172249,39.87156141,39.88819083,0,0
0.96000000,39.95653311,39.93704738,39.79544956,39.87529705,0,0
0.97000000,40.00518883,39.92901827,39.74323395,39.87992997,0,0
0.98000000,39.96777481,39.88279846,39.79174052,39.87667595,0,0
0.99000000,40.02856417,39.85005330,39.79924234,39.86854552,0,0
1.00000000,39.99645900,39.88938103,39.81416877,39.87630119,0,0
1.01000000,40.04839252,39.92250273,39.80062771,39.86591388,0,0
1.02000000,39.99270890,39.94281928,39.72719675,39.94662617,0,0
1.03000000,39.95064919,39.84477348,39.77781240,39.85963422,0,0
1.04000000,39.97500421,39.84819059,39.76346074,39.95970736,0,0
1.05000000,39.96937935,39.84713638,39.82251905,39.91442989,0,0
1.06000000,39.99419001,39.88729292,39.88541556,39.93452495,0,0
1.07000000,39.99817442,39.92405755,39.86515267,39.96888526,0,0
1.08000000,39.99749138,39.91385036,39.84131079,39.91509295,0,0
1.09000000,39.98160858,39.88768058,39.84658441,39.95842514,0,0
1.10000000,40.03299071,39.89743115,39.85054055,39.95784901,0,0
1.11000000,40.05771695,39.92243409,39.88006204,39.97146068,0,0
1.12000000,40.04812754,39.93811576,39.88512811,39.96129412,0,0
1.13000000,39.97897563,39.93312666,39.86824774,39.97158492,0,0
1.14000000,39.98639054,39.88819817,39.82588264,39.93905842,0,0
1.15000000,40.01683001,39.91713322,39.84733824,39.92090916,0,0
1.16000000,40.07507696,39.96995396,39.81718807,39.93791886,0,0
1.17000000,40.08003465,39.98137491,39.89182885,39.95317056,0,0
1.18000000,40.07747448,39.98537336,39.89251370,39.93105228,0,0
1.19000000,40.03304788,39.93123653,39.83393355,39.95770426,0,0
1.20000000,40.08589549,39.91058954,39.83891119,39.99407787,0,0
1.21000000,40.06817057,39.95874413,39.80304089,39.94770684,0,0
1.22000000,40.07957006,39.93530488,39.80251489,39.91820681,0,0
1.23000000,40.02591584,39.95105363,39.85570928,39.93800331,0,0
1.24000000,40.03863933,40.05739076,39.87052758,39.87526709,0,0
1.25000000,40.11728484,39.98233771,39.83604318,39.92412620,0,0
1.26000000,40.11111693,40.03702046,39.76530986,39.87549309,0,0
1.27000000,40.11793732,39.92964087,39.77442139,39.87209408,0,0
1.28000000,40.02993840,39.94499138,39.77558351,39.89930605,0,0
1.29000000,40.03008438,39.96137442,39.77053614,39.87014495,0,0
1.30000000,40.06803512,40.00659608,39.77853546,39.87766270,0,0
1.31000000,40.09833049,40.00213230,39.75516962,39.83942437,0,0
1.32000000,40.08115225,39.96003838,39.74972569,39.84309844,0,0
1.33000000,40.07442390,39.97967826,39.76437060,39.85466175,0,0
1.34000000,40.04277707,39.96467238,39.83300426,39.91197996,0,0
1.35000000,40.05039777,39.97157745,39.84068282,39.91330324,0,0
1.36000000,40.04951061,39.94999276,39.83588053,39.89181741,0,0
1.37000000,40.07981407,39.93355888,39.78073140,39.87563989,0,0
1.38000000,40.06636711,39.90317357,39.79757399,39.86181660,0,0
1.39000000,40.02572365,39.95982174,39.80005496,39.91152761,0,0
1.40000000,39.97562584,39.93835704,39.84051807,39.90710113,0,0
1.41000000,39.96579666,39.92968711,39.84734257,39.93669118,0,0
1.42000000,40.01029145,39.92435397,39.81825948,39.94163902,0,0
1.43000000,39.99799065,39.87831812,39.82460801,39.85669381,0,0
1.44000000,39.98304516,39.90525454,39.87000586,39.93407083,0,0
1.45000000,39.94117759,39.86663603,39.79326929,39.93865279,0,0
1.46000000,39.93453769,39.97153425,39.85068970,39.88693675,0,0
1.47000000,40.00486338,39.89554604,39.76259664,39.92312192,0,0
1.48000000,40.02519416,39.91355356,39.82672964,39.93625777,0,0
1.49000000,39.99862566,39.86660417,39.81422642,39.91326524,0,0
1.50000000,39.92554397,39.87689376,39.79215858,39.95746670,0,0
1.51000000,39.94463912,39.91429385,39.78332500,39.92479658,0,0
1.52000000,39.95804630,39.95495000,39.77118990,39.91334873,0,0
1.53000000,40.04303644,39.89155994,39.78916756,39.89098484,0,0
1.54000000,40.00003717,39.82807769,39.78849958,39.87419168,0,0
1.55000000,39.98206364,39.85983145,39.79100877,39.88186787,0,0
1.56000000,39.94288580,39.88019777,39.75898187,39.89287129,0,0
1.57000000,39.97096957,39.93005755,39.74668437,39.89739761,0,0
1.58000000,39.92717732,39.89008023,39.74282648,39.91656588,0,0
1.59000000,39.93475153,39.84253472,39.76334960,39.91987845,0,0
1.60000000,39.93830637,39.83590653,39.82421715,39.93958303,0,0
1.61000000,40.00738985,39.86628118,39.85711013,39.91744822,0,0
1.62000000,39.98317639,39.87834767,39.86502787,39.93086569,0,0
1.63000000,39.96525266,39.89431461,39.85374806,39.92502237,0,0
1.64000000,39.92870406,39.84033928,39.87091805,39.91382564,0,0
1.65000000,39.97860021,39.87025795,39.87218012,39.95344961,0,0
1.66000000,40.01424886,39.89735402,39.87770664,39.95782698,0,0
1.67000000,40.01084509,39.89899716,39.87648201,39.93377498,0,0
1.68000000,40.03627006,39.84146033,39.82449736,39.93087408,0,0
1.69000000,39.99882449,39.85110172,39.79305783,39.86397175,0,0
1.70000000,40.07411546,39.86875010,39.82190405,39.89896230,0,0
1.71000000,40.01805384,39.90366809,39.87346130,39.85883007,0,0
1.72000000,39.98864634,39.89016971,39.83619462,39.85472346,0,0
1.73000000,40.02365701,39.88264927,39.80785135,39.86909936,0,0
1.74000000,40.01570480,39.87483615,39.74109342,39.83608071,0,0
1.75000000,40.01815883,39.84408163,39.77693307,39.90775248,0,0
1.76000000,39.98347602,39.87502362,39.73102180,39.85862397,0,0
1.77000000,40.02759662,39.86716294,39.80275615,39.83680340,0,0
1.78000000,40.04782273,39.86870909,39.78768673,39.82120510,0,0
1.79000000,40.06525947,39.89930780,39.81699879,39.82630934,0,0
1.80000000,40.06369413,39.89071937,39.77581968,39.84254180,0,0
1.81000000,39.99068951,39.87224095,39.77627643,39.85079374,0,0
1.82000000,40.01576666,39.87366418,39.75521751,39.85856707,0,0
1.83000000,40.03194816,39.86356412,39.78704291,39.83544990,0,0
1.84000000,40.08764580,39.87195866,39.82506274,39.86700581,0,0
1.85000000,40.02489728,39.87505245,39.81502708,39.83528955,0,0
1.86000000,40.04987491,39.88391217,39.77989358,39.84089653,0,0
1.87000000,40.05903844,39.89441548,39.76652667,39.84634674,0,0
1.88000000,40.02450775,39.90271480,39.74300815,39.84637040,0,0
1.89000000,40.08715757,39.85763526,39.76040736,39.87083413,0,0
1.90000000,39.99072435,39.86246317,39.72700789,39.85721266,0,0
1.91000000,40.02459837,39.88546211,39.79528758,39.85180891,0,0
1.92000000,40.03437961,39.85034961,39.79514564,39.84629929,0,0
1.93000000,40.05463796,39.92294734,39.80214437,39.82096130,0,0
1.94000000,40.01149895,39.85789833,39.86156518,39.83144119,0,0
1.95000000,40.00149018,39.85645103,39.86030007,39.84577229,0,0
1.96000000,40.04853871,39.86347004,39.84766376,39.85844267,0,0
1.97000000,40.06550487,39.86083192,39.85694709,39.86329310,0,0
1.98000000,40.05573004,39.86420932,39.85450268,39.86679819,0,0
1.99000000,40.02851012,39.84103078,39.81879958,39.81282343,0,0
2.00000000,40.06858092,39.85889734,39.87683119,39.82762597,0,0
2.01000000,40.06895096,39.90468249,39.85543349,39.84216437,0,0
2.02000000,40.07295047,39.85686501,39.86729836,39.81457872,0,0
2.03000000,40.03354373,39.86515194,39.83682823,39.80781592,0,0
2.04000000,40.04042469,39.85590621,39.84551718,39.83914608,0,0
2.05000000,40.03762647,39.87826869,39.83806127,39.81155497,0,0
2.06000000,40.08433953,39.88720658,39.78138300,39.83193069,0,0
2.07000000,40.03847733,39.87488052,39.83999385,39.83046708,0,0
2.08000000,39.99524119,39.93134907,39.82418744,39.82238290,0,0
2.09000000,40.03753926,39.88723561,39.84704987,39.84650078,0,0
2.10000000,40.03300817,39.94680930,39.87318791,39.87445433,0,0
2.11000000,40.11170755,39.86360214,39.85370631,39.87818622,0,0
2.12000000,40.10405545,39.86042663,39.83096254,39.89444585,0,0
2.13000000,40.10347657,39.87495837,39.88093783,39.91038392,0,0
2.14000000,40.13372231,39.96012210,39.88632817,39.90850794,0,0
2.15000000,40.09393559,39.93002639,39.93730747,39.91602764,0,0
2.16000000,40.07463832,39.85931039,39.91544627,39.91745386,0,0
2.17000000,40.04725117,39.94253689,39.87811598,39.92396453,0,0
2.18000000,40.12958824,39.91361344,39.87359629,39.91450272,0,0
2.19000000,40.14587606,39.96604327,39.87008468,39.91339949,0,0
2.20000000,40.09967313,39.92634236,39.85570432,39.87020215,0,0
2.21000000,40.08989906,39.88765891,39.83000398,39.89973592,0,0
2.22000000,40.07946073,39.90417839,39.84976614,39.88476567,0,0
2.23000000,40.13643616,39.96301106,39.87405292,39.89155430,0,0
2.24000000,40.10744515,39.98574051,39.89177189,39.88774821,0,0
2.25000000,40.04694958,39.99376786,39.86440720,39.84565210,0,0
2.26000000,40.08119445,39.91118243,39.87680867,39.83038809,0,0
2.27000000,40.14521472,39.89963366,39.90636274,39.89696624,0,0
2.28000000,40.15129047,39.93179159,39.90866785,39.84922502,0,0
2.29000000,40.10126090,39.94242048,39.93356876,39.84999758,0,0
2.30000000,40.03767082,39.93660941,39.88856685,39.85877303,0,0
2.31000000,40.08783665,39.95397862,39.85691823,39.79692167,0,0
2.32000000,40.16142454,39.95528517,39.88583911,39.91915560,0,0
2.33000000,40.11731557,39.83459287,39.80519316,39.84580471,0,0
2.34000000,40.05472556,39.90514464,39.80271559,39.87478987,0,0
2.35000000,40.02574569,39.87310606,39.82539950,39.90855512,0,0
2.36000000,40.13716990,39.97560367,39.88342402,39.86064981,0,0
2.37000000,40.08945211,39.92022015,39.90406966,39.86273079,0,0
2.38000000,40.08299160,39.86406872,39.89471381,39.91572077,0,0
2.39000000,40.01865367,39.96042559,39.91078480,39.90621093,0,0
2.40000000,40.16559841,39.96888941,39.85650887,39.88268458,0,0
2.41000000,40.10909823,39.93610961,39.90394295,39.97657096,0,0
2.42000000,40.02920786,39.90155804,39.92508351,39.90171118,0,0
2.43000000,39.99597178,39.84145417,39.90927575,39.92808223,0,0
2.44000000,40.04172962,39.88698325,39.93377658,39.93936089,0,0
2.45000000,40.16334163,39.94961077,39.90083770,39.93343160,0,0
2.46000000,40.13554489,39.93642447,39.91482966,39.95255263,0,0
2.47000000,40.05593970,39.91228589,39.92286344,39.93858306,0,0
2.48000000,40.03913563,39.89990419,39.89413024,39.93383037,0,0
2.49000000,40.06314271,39.87534157,39.89698939,39.95438789,0,0
2.50000000,40.06186752,39.86553975,39.92943320,39.90295227,0,0
2.51000000,40.06798525,39.77345242,39.93313228,39.91384178,0,0
2.52000000,40.03993324,39.80064150,39.88791621,39.91769256,0,0
2.53000000,40.09855227,39.88884437,39.88456495,39.89223504,0,0
2.54000000,40.09293192,40.11811067,39.92525537,39.88476800,0,0
2.55000000,40.04272369,39.94682301,39.89867363,39.91092165,0,0
2.56000000,39.99969747,39.93193657,39.85745851,39.82377122,0,0
2.57000000,40.08314268,39.86048237,39.83429651,39.88497806,0,0
2.58000000,40.14277989,39.90425627,39.85158370,39.90364572,0,0
2.59000000,40.13927676,39.85473006,39.86689034,39.87226402,0,0
2.60000000,40.06398494,39.96412910,39.83848735,39.87440397,0,0
2.61000000,40.06384594,39.96719248,39.88997875,39.87256376,0,0
2.62000000,40.10232066,40.04573966,39.88446583,39.89288331,0,0
2.63000000,40.13843481,39.95341457,39.93932215,39.99150148,0,0
2.64000000,40.08086086,39.91624114,39.94330247,39.96258770,0,0
2.65000000,40.10433381,39.90083238,39.90411665,39.95854427,0,0
2.66000000,40.15498936,39.90977051,39.86357822,39.94998889,0,0
2.67000000,40.18811335,39.94310793,39.87686626,39.92486084,0,0
2.68000000,40.11656774,39.97519811,39.91917496,39.94735064,0,0
2.69000000,40.08506179,39.97043089,39.94364432,39.96504813,0,0
2.70000000,40.08176990,39.94782269,39.95954680,40.00382662,0,0
2.71000000,40.10864592,39.94437773,39.91497461,40.05430312,0,0
2.72000000,40.13720499,39.94492720,39.91347988,40.03912820,0,0
2.73000000,40.15997760,39.94912100,39.89011191,39.94069233,0,0
2.74000000,40.14870045,39.96684748,39.92209614,39.92900841,0,0
2.75000000,40.11800437,39.97756847,39.92784320,39.84326259,0,0
2.76000000,40.16092904,39.95303332,39.91933283,39.83853122,0,0
2.77000000,40.12173638,39.93476112,39.93008134,39.86548646,0,0
2.78000000,40.20838310,39.92045763,39.84157382,39.92531194,0,0
2.79000000,40.14024768,39.95536666,39.85952024,39.84452016,0,0
2.80000000,40.12745237,39.95101432,39.84366063,39.79949084,0,0
2.81000000,40.11400258,39.98369685,39.86325146,39.84311675,0,0
2.82000000,40.10925650,39.93676605,39.86991319,39.76013169,0,0
2.83000000,40.12156810,39.90198544,39.84051162,39.78787912,0,0
2.84000000,40.17161357,39.90499254,39.83133415,39.83222559,0,0
2.85000000,40.14476142,39.90372359,39.82994572,39.84858310,0,0
2.86000000,40.14721249,39.91930569,39.83497959,39.88572619,0,0
2.87000000,40.02487403,39.93651555,39.83520490,39.87598656,0,0
2.88000000,40.00457000,39.93627686,39.85613063,39.87164439,0,0
2.89000000,40.03223946,39.90346940,39.91045781,39.87466388,0,0
2.90000000,40.11721025,39.91678419,39.92519318,39.92640261,0,0
2.91000000,40.16880078,39.88988086,39.95950947,39.96304653,0,0
2.92000000,40.09214400,39.83537263,39.93637142,39.93515103,0,0
2.93000000,40.11025722,39.85069462,39.95746147,39.98668157,0,0
2.94000000,40.01988084,39.86563643,39.96261348,39.95590405,0,0
2.95000000,40.08451278,39.93782793,39.95942460,39.97232196,0,0
2.96000000,40.04843112,39.94892234,39.92372436,40.01533113,0,0
2.97000000,40.08548198,39.91244304,39.89984619,39.92360263,0,0
2.98000000,40.08528519,39.85278850,39.91125568,39.98507344,0,0
2.99000000,40.10896778,39.89564365,39.88225679,39.92489317,0,0
3.00000000,40.19986774,39.98994873,39.88818270,39.94579670,0,0
3.01000000,40.10606841,39.94947152,39.91435452,39.94392863,0,0
3.02000000,40.11071842,39.98929957,39.89249587,39.92568062,0,0
3.03000000,40.06448541,39.90850435,39.86014504,39.90776526,0,0
3.04000000,40.11598057,39.97228157,39.90158179,39.92670423,0,0
3.05000000,40.17858696,39.97176272,39.84614193,39.91222752,0,0
3.06000000,40.12862681,40.01032211,39.90163074,39.89220258,0,0
3.07000000,40.06039464,39.94998377,39.94662222,39.91325466,0,0
3.08000000,40.05819354,39.91078027,39.99521771,39.90680587,0,0
3.09000000,40.08807764,39.88162645,40.03216512,39.91097119,0,0
3.10000000,40.15717275,39.90558982,40.00561505,39.93904521,0,0
3.11000000,40.17128455,39.97464238,39.89060949,39.92904461,0,0
3.12000000,40.11159260,39.99638358,39.85699722,39.92019438,0,0
3.13000000,40.05354418,39.95857415,39.86102488,39.93780261,0,0
3.14000000,40.06088802,39.90617405,39.92915843,39.90850922,0,0
3.15000000,40.06261204,39.92385890,39.89468945,39.89269956,0,0
3.16000000,40.08706014,39.96680792,39.89061144,39.90474248,0,0
3.17000000,40.08160430,39.93515894,39.85290013,39.93618285,0,0
3.18000000,40.11891939,39.97722335,39.81725259,39.89207663,0,0
3.19000000,40.13177492,39.96219880,39.81711538,39.90757185,0,0
3.20000000,40.18015545,39.96442579,39.78297398,39.89338105,0,0
3.21000000,40.09223766,39.93847951,39.83812357,39.87518916,0,0
3.22000000,40.09478665,39.91391575,39.78502968,39.85084069,0,0
3.23000000,40.00832963,39.89027769,39.86045076,39.89214257,0,0
3.24000000,40.14511770,39.86261472,39.84690226,39.85658832,0,0
3.25000000,40.16915944,39.90029065,39.88285783,39.85811860,0,0
3.26000000,40.16239269,39.88387233,39.92790725,39.88378435,0,0
3.27000000,40.03808614,39.88763237,39.94912455,39.88255176,0,0
3.28000000,40.02297968,39.91202692,39.94079187,39.88572767,0,0
3.29000000,40.04889406,39.90488620,39.97077650,39.91427703,0,0
3.30000000,40.14634516,39.92937958,39.95186621,39.91412008,0,0
3.31000000,40.16399940,39.91512592,39.91059302,39.90033277,0,0
3.32000000,40.13448237,39.93969958,39.91137057,39.87629115,0,0
3.33000000,40.03182698,39.94681646,39.92325018,39.88689205,0,0
3.34000000,40.04145871,39.95813227,39.97024063,39.88987586,0,0
3.35000000,40.05724720,39.93098491,40.00169218,39.90594429,0,0
3.36000000,40.15585238,39.90428784,39.94239224,39.92929524,0,0
3.37000000,40.15773310,39.89976360,39.96136115,39.92343079,0,0
3.38000000,40.13506955,39.92007655,39.91964561,39.96291937,0,0
3.39000000,40.04040329,39.91473443,39.88817568,39.96423999,0,0
3.40000000,39.99474555,39.96022669,39.91341296,39.93465621,0,0
3.41000000,40.12214967,39.92342011,39.88467194,39.93946183,0,0
3.42000000,40.17168108,39.84532564,39.91563218,39.91861544,0,0
3.43000000,40.09817410,39.83716473,39.91352403,39.93326667,0,0
3.44000000,40.10934908,39.90500360,39.86988995,39.96981407,0,0
3.45000000,40.06738374,39.97952461,39.82914113,39.91602774,0,0
3.46000000,40.13193796,39.93656734,39.84741465,39.95483157,0,0
3.47000000,40.16544237,39.93298084,39.78431124,39.87604123,0,0
3.48000000,40.14201437,39.87077055,39.88066371,39.90281801,0,0
3.49000000,40.19631056,39.95143829,39.84323635,39.87866993,0,0
3.50000000,40.10620599,40.01675661,39.80741127,39.83027883,0,0
3.51000000,40.13790602,40.00252224,39.80350751,39.81874601,0,0
3.52000000,40.08877684,39.97991424,39.83207068,39.81078715,0,0
3.53000000,40.06279485,39.88764984,39.86993090,39.81069334,0,0
3.54000000,40.06910296,39.89010729,39.91527855,39.86326009,0,0
3.55000000,40.11322685,39.90301776,39.95422717,39.91180127,0,0
3.56000000,40.13139741,39.91504903,39.92113293,39.91476013,0,0
3.57000000,40.08717903,39.89094253,39.92087458,39.88950539,0,0
3.58000000,40.09001637,39.91460096,39.90359293,39.91449237,0,0
3.59000000,40.05537352,39.96217406,39.96254090,39.91430345,0,0
3.60000000,40.15638349,39.97230273,40.02084624,39.92941793,0,0
3.61000000,40.03840442,39.90471067,39.95494320,39.96601377,0,0
3.62000000,40.15702673,39.92319223,39.91942888,39.96410360,0,0
3.63000000,40.09809032,39.96929854,39.92981331,39.95032406,0,0
3.64000000,40.17922169,40.00491702,39.90572330,40.02330581,0,0
3.65000000,40.16702161,39.99987121,39.94395860,39.96060320,0,0
3.66000000,40.10366316,39.91756621,39.87277768,39.96501463,0,0
3.67000000,40.19371125,39.99182641,39.79615299,39.87706705,0,0
3.68000000,40.21928327,40.00890651,39.81924179,39.91780181,0,0
3.69000000,40.15357167,39.98918405,39.77363612,39.87141494,0,0
3.70000000,40.01338710,39.94562205,39.83116457,39.83590683,0,0
3.71000000,40.05495494,39.96396443,39.88284880,39.88361733,0,0
3.72000000,40.10160358,39.96379874,39.93031855,39.85922369,0,0
3.73000000,40.20016523,39.99184867,39.94650248,39.90505187,0,0
3.74000000,40.15703087,39.95507597,39.92725629,39.93491405,0,0
3.75000000,40.10090294,39.90673262,39.92422094,39.96044566,0,0
3.76000000,40.08391318,39.92616596,39.92566017,39.96953918,0,0
3.77000000,40.14608886,39.97415020,39.96124345,39.95598960,0,0
3.78000000,40.13351515,40.00341894,39.92576151,39.94392528,0,0
3.79000000,40.09914600,39.95777716,39.92721720,39.93051467,0,0
3.80000000,40.07650002,39.94180385,39.86864076,39.94178932,0,0
3.81000000,40.20244583,39.99070649,39.95409555,39.93934854,0,0
3.82000000,40.16946586,39.96920901,39.85256131,39.90212789,0,0
3.83000000,40.18768481,39.89068459,39.94099515,39.90001260,0,0
3.84000000,40.02828089,39.96418119,39.88047148,39.91904418,0,0
3.85000000,40.06643862,39.99615487,39.82543255,39.87620732,0,0
3.86000000,40.09301990,39.98259957,39.88571227,39.93718336,0,0
3.87000000,40.15991222,39.94187825,39.84696032,39.88811760,0,0
3.88000000,40.08800977,39.85968935,39.88030705,39.86217961,0,0
3.89000000,40.09317936,39.90457157,39.93192310,39.89146941,0,0
3.90000000,40.07334730,39.97868003,39.96201808,39.87842998,0,0
3.91000000,40.11017447,40.00513334,40.00366059,39.91077274,0,0
3.92000000,40.06053352,39.93788410,39.90449479,39.91119653,0,0
3.93000000,40.07863336,39.92687237,39.82241667,39.88455837,0,0
3.94000000,40.07075570,39.93000619,39.83502759,39.93204775,0,0
3.95000000,40.12558420,39.95934978,39.90504147,39.96667237,0,0
3.96000000,40.05772959,39.94111000,39.84471308,39.95171949,0,0
3.97000000,39.99758919,39.94863037,39.88745511,39.95457891,0,0
3.98000000,40.06960144,39.92063058,39.86121153,39.96049804,0,0
3.99000000,40.12622634,39.95943285,39.86295699,39.98434388,0,0
4.00000000,40.11741919,39.93115976,39.89965617,39.98176556,0,0
4.01000000,40.08542517,39.92700625,39.84984871,40.00211958,0,0
4.02000000,40.03482624,39.91861049,39.88447366,39.97150392,0,0
4.03000000,40.07357827,39.93970574,39.81043735,39.96141057,0,0
4.04000000,40.08465083,39.93318740,39.89158761,39.88417982,0,0
4.05000000,40.06538665,39.87197985,39.88406688,39.90545627,0,0
4.06000000,39.96422786,39.89196253,39.83730857,39.89786861,0,0
4.07000000,39.98513690,39.92176451,39.87944593,39.89515330,0,0
4.08000000,40.09038680,39.98233357,39.83592009,39.94452816,0,0
4.09000000,40.07413347,39.95761833,39.86798115,39.89172777,0,0
4.10000000,40.06616599,39.89025099,39.79743566,39.92961823,0,0
4.11000000,40.04847947,39.90964098,39.87236813,39.91240720,0,0
4.12000000,39.98266675,39.92064590,39.81338135,39.89771897,0,0
4.13000000,40.02311960,39.91409254,39.90143818,39.88313604,0,0
4.14000000,40.03061814,39.89232266,39.85981873,39.88697279,0,0
4.15000000,40.03560399,39.89460359,39.90209230,39.89001297,0,0
4.16000000,40.04160960,39.89127530,39.88068120,39.90364742,0,0
4.17000000,40.00617925,39.88059449,39.87157596,39.91342284,0,0
4.18000000,39.99728262,39.89042465,39.84004588,39.89898759,0,0
4.19000000,40.03898025,39.86419069,39.83135090,39.91789120,0,0
4.20000000,40.05438778,39.86700010,39.81410400,39.88492037,0,0
4.21000000,40.03776949,39.85001486,39.82097297,39.85790591,0,0
4.22000000,39.97997400,39.89541952,39.83892149,39.90859127,0,0
4.23000000,40.00055011,39.92865076,39.80095977,39.83868000,0,0
4.24000000,40.04257530,39.90846050,39.79750583,39.90854798,0,0
4.25000000,39.97279576,39.84889830,39.82088437,39.91092333,0,0
4.26000000,40.06376147,39.89611622,39.85309103,39.92810999,0,0
4.27000000,40.03183302,39.95565301,39.91546495,39.92174202,0,0
4.28000000,40.04959668,39.91714808,39.86306862,39.88392141,0,0
4.29000000,40.01335854,39.86567954,39.83650917,39.86807558,0,0
4.30000000,40.02906996,39.82640202,39.76194541,39.88284847,0,0
4.31000000,40.05334021,39.89867823,39.85810773,39.88615366,0,0
4.32000000,40.05534191,39.89129050,39.88042091,39.91386623,0,0
4.33000000,40.02861422,39.91412360,39.83713387,39.91958515,0,0
4.34000000,40.02027962,39.86833056,39.87074538,39.87511719,0,0
4.35000000,40.07077238,39.88317294,39.79553108,39.89277177,0,0
4.36000000,40.06296862,39.91986732,39.86327955,39.89177099,0,0
4.37000000,40.05745117,39.88494393,39.87038763,39.88524118,0,0
4.38000000,40.01791007,39.95133961,39.84155895,39.87233673,0,0
4.39000000,40.04137196,39.99801235,39.83568543,39.87973310,0,0
4.40000000,40.05870719,39.96326900,39.77133979,39.88651459,0,0
4.41000000,40.00738318,39.86759875,39.73757646,39.85965377,0,0
4.42000000,40.00189839,39.87448106,39.80422354,39.87510004,0,0
4.43000000,40.03098851,40.02863614,39.80898977,39.89934012,0,0
4.44000000,40.04868326,39.97794001,39.83230511,39.86924463,0,0
4.45000000,40.07679606,39.95708417,39.75977450,39.84683029,0,0
4.46000000,40.02525590,39.86224785,39.75805370,39.80800800,0,0
4.47000000,40.06614164,39.86553784,39.79315053,39.88411050,0,0
4.48000000,40.02466842,39.91612289,39.75839273,39.89197629,0,0
4.49000000,40.08376065,39.96354676,39.77276157,39.92578982,0,0
4.50000000,40.01657367,39.87617842,39.81776617,39.91875428,0,0
4.51000000,40.13277666,39.92446847,39.78217622,39.92649156,0,0
4.52000000,40.00968134,39.93983173,39.78794535,39.87999441,0,0
4.53000000,40.03248497,39.99046018,39.80992966,39.88170518,0,0
4.54000000,40.00637831,39.94584174,39.79124369,39.87854108,0,0
4.55000000,40.03496576,39.89557949,39.79350620,39.84720553,0,0
4.56000000,40.05546460,39.88049702,39.79845938,39.84432510,0,0
4.57000000,40.05703646,39.85446755,39.77398804,39.84684336,0,0
4.58000000,40.04119128,39.91480750,39.80960552,39.85817496,0,0
4.59000000,40.00823017,39.93086586,39.83127144,39.93764246,0,0
4.60000000,40.00566651,39.93688305,39.84782720,39.85584859,0,0
4.61000000,40.05578615,39.94844847,39.88802866,39.87509741,0,0
4.62000000,40.01637675,39.97000564,39.88809579,39.89020349,0,0
4.63000000,40.04609790,39.92556310,39.87704992,39.88055855,0,0
4.64000000,39.99810128,39.88855676,39.86567999,39.86996908,0,0
4.65000000,40.06811250,39.87025568,39.83557504,39.89049068,0,0
4.66000000,40.09003762,39.93376325,39.83607246,39.90456060,0,0
4.67000000,40.14343782,39.97203461,39.80575506,39.95799643,0,0
4.68000000,40.10089277,39.94160310,39.84029222,39.91433395,0,0
4.69000000,39.97931689,39.86359991,39.77634547,39.88236956,0,0
4.70000000,39.97591044,39.84657352,39.82927309,39.88151814,0,0
4.71000000,39.98286816,39.93260271,39.81227861,39.88696014,0,0
4.72000000,40.03535238,39.96800090,39.82600451,39.82204159,0,0
4.73000000,40.09166026,39.97807456,39.76880029,39.87008220,0,0
4.74000000,40.06058458,39.93838803,39.84215240,39.88992318,0,0
4.75000000,40.03987388,39.89569290,39.85674062,39.92686195,0,0
4.76000000,40.02461386,39.90996041,39.83452077,39.97195510,0,0
4.77000000,39.97646247,39.98693855,39.83251433,39.94601913,0,0
4.78000000,39.99545278,39.86043558,39.83316824,39.91737955,0,0
4.79000000,40.00561748,39.91184791,39.85408176,39.93240809,0,0
4.80000000,40.04438193,39.91767372,39.84098183,39.91333879,0,0
4.81000000,40.07163665,39.94222211,39.85095802,39.89460832,0,0
4.82000000,40.04886179,39.95862853,39.82668542,39.87047654,0,0
4.83000000,40.00426339,39.92333209,39.84214399,39.85935496,0,0
4.84000000,40.04956884,39.94190934,39.82693394,39.90092298,0,0
4.85000000,40.07038272,39.94853797,39.78490726,39.90197971,0,0
4.86000000,40.00706957,39.93623604,39.75208160,39.87194748,0,0
4.87000000,39.99597335,39.95085262,39.71698303,39.90698911,0,0
4.88000000,39.91999772,39.88924337,39.74262838,39.95330647,0,0
4.89000000,40.03253778,39.89543540,39.79078325,39.97068003,0,0
4.90000000,40.07657249,39.93112724,39.88651480,40.02527882,0,0
4.91000000,40.02493088,39.94892474,39.85954152,39.94349956,0,0
4.92000000,39.95798224,39.99223879,39.81973672,39.85812212,0,0
4.93000000,39.99296139,39.88584675,39.77063973,39.89170730,0,0
4.94000000,39.99518158,39.97086000,39.80423408,39.88208031,0,0
4.95000000,40.06057662,39.81574508,39.78588454,39.94141000,0,0
4.96000000,39.92434819,39.88076294,39.80448104,39.91147804,0,0
4.97000000,39.96666925,39.88982058,39.83490674,39.93652791,0,0
4.98000000,39.99168429,39.97944144,39.83346615,39.95527509,0,0
4.99000000,40.05650358,39.98238342,39.85613649,39.89365122,0,0
5.00000000,40.01945521,39.91531009,39.81643986,39.93986720,0,0
5.01000000,40.02499547,39.87285894,39.80558038,39.89954662,0,0
5.02000000,39.99411849,39.91955624,39.79999386,39.87179847,0,0
5.03000000,40.01768520,39.91341440,39.75198303,39.91227047,0,0
5.04000000,39.94606089,39.93861607,39.74065160,39.87569888,0,0
5.05000000,40.00390276,39.91487442,39.75795331,39.87879931,0,0
5.06000000,40.01384698,39.87155659,39.77684093,39.87090143,0,0
5.07000000,39.97503784,39.88368805,39.84199171,39.85911846,0,0
5.08000000,39.99056035,39.89468955,39.81070917,39.87513909,0,0
5.09000000,39.96170224,39.91950993,39.80994712,39.86547284,0,0
5.10000000,39.99403982,39.86118457,39.76913545,39.88972340,0,0
5.11000000,39.99778901,39.89285605,39.80955090,39.85671509,0,0
5.12000000,40.02803117,39.88846639,39.77184911,39.85695431,0,0
5.13000000,40.00584858,39.90934250,39.87004938,39.88609326,0,0
5.14000000,39.96829466,39.87805607,39.79985727,39.88656211,0,0
5.15000000,40.01160177,39.86061578,39.83859107,39.92310310,0,0
5.16000000,39.93074360,39.87157660,39.84288475,39.88872537,0,0
5.17000000,40.01186355,39.92815700,39.80044837,39.89602944,0,0
5.18000000,39.98793013,39.95419072,39.79385761,39.88084410,0,0
5.19000000,40.01236918,39.89807217,39.74319921,39.85026799,0,0
5.20000000,40.03598231,39.88041325,39.74368710,39.86964728,0,0
5.21000000,40.03155187,39.88194973,39.74235737,39.88764244,0,0
5.22000000,39.97029515,39.92722080,39.77250242,39.89151476,0,0
5.23000000,40.01715865,39.93666694,39.79224988,39.87055228,0,0
5.24000000,40.03861516,39.96759049,39.80840214,39.88033168,0,0
5.25000000,39.98099537,39.96129936,39.80298112,39.91340818,0,0
5.26000000,40.02468228,39.93075921,39.81938976,39.93456260,0,0
5.27000000,39.99429681,39.90130271,39.79880748,39.94118509,0,0
5.28000000,40.04361741,39.92508314,39.81545280,39.92285607,0,0
5.29000000,40.04753086,39.88773859,39.80365147,39.93740720,0,0
5.30000000,39.99989444,39.92477430,39.80403897,39.91550424,0,0
5.31000000,39.97573894,40.00846279,39.79132894,39.88862697,0,0
5.32000000,40.07507604,40.04359257,39.78003983,39.92959537,0,0
5.33000000,40.00092736,39.81522823,39.76432219,39.87634001,0,0
5.34000000,39.96551853,39.84010904,39.76780232,39.84484489,0,0
5.35000000,40.02447236,39.82063031,39.75878049,39.91568676,0,0
5.36000000,39.99926381,40.05084517,39.82228596,39.87581980,0,0
5.37000000,40.01827708,40.01545846,39.76448047,39.88262009,0,0
5.38000000,39.91161623,39.88975725,39.81378296,39.84506766,0,0
5.39000000,39.99485651,39.84593723,39.76838353,39.84632371,0,0
5.40000000,40.10242990,39.91975047,39.75879917,39.89662853,0,0
5.41000000,40.05107064,39.92762261,39.78614862,39.92790747,0,0
5.42000000,39.98602963,39.92175757,39.76658619,39.86706720,0,0
5.43000000,39.97666638,39.99035985,39.76187416,39.84460563,0,0
5.44000000,40.04380370,39.90781456,39.81025471,39.86165786,0,0
5.45000000,40.04437544,39.98386771,39.80759359,39.80866875,0,0
5.46000000,40.01169343,39.90974838,39.79317844,39.88189840,0,0
5.47000000,39.99965847,39.89634787,39.82808742,39.87026198,0,0
5.48000000,40.03308739,39.88963110,39.80572312,39.87836056,0,0
5.49000000,40.05062241,39.94373961,39.80566280,39.89579089,0,0
5.50000000,39.94237120,39.89428710,39.80921969,39.86450692,0,0
5.51000000,39.90978994,39.92020654,39.74834514,39.84977827,0,0
5.52000000,40.04916102,39.92327489,39.77694886,40.00156952,0,0
5.53000000,40.09204717,39.97869823,39.82160383,39.86483676,0,0
5.54000000,40.07045778,39.92439325,39.79594201,39.96760808,0,0
5.55000000,39.96902428,39.86561419,39.86739468,39.96640746,0,0
5.56000000,39.92004179,39.88606759,39.76400043,39.82009425,0,0
5.57000000,40.03745840,39.93674940,39.80615681,39.90442243,0,0
5.58000000,40.03759487,39.88819635,39.80497926,39.96492693,0,0
5.59000000,40.03061762,39.86631060,39.80639801,39.90662406,0,0
5.60000000,39.97454280,39.81508766,39.78237560,39.92713879,0,0
5.61000000,40.01064249,39.90265224,39.81121885,39.83583814,0,0
5.62000000,40.04448727,39.89574991,39.76953446,39.86508562,0,0
5.63000000,39.99480922,39.87734852,39.80286719,39.80128797,0,0
5.64000000,39.92554121,39.85457244,39.74541383,39.89996994,0,0
5.65000000,39.93525460,39.87043850,39.77350449,39.79983249,0,0
5.66000000,39.94044070,39.95683779,39.77651072,39.80497681,0,0
5.67000000,39.93122157,39.84226168,39.76135372,39.87854198,0,0
5.68000000,39.92028939,39.86520423,39.68824795,39.83783176,0,0
5.69000000,39.94756074,39.80039354,39.75311963,39.86084226,0,0
5.70000000,39.99876705,39.87688171,39.80944490,39.82365801,0,0
5.71000000,40.00987912,39.85816987,39.78722094,39.80596668,0,0
5.72000000,39.94581727,39.85544213,39.77745786,39.85611767,0,0
5.73000000,39.90852859,39.86049203,39.69032871,39.81976958,0,0
5.74000000,39.97613558,39.85349960,39.70202668,39.85424949,0,0
5.75000000,40.00579208,39.83888295,39.77384413,39.87260332,0,0
5.76000000,39.98179465,39.81620515,39.83338914,39.88827461,0,0
5.77000000,39.95727679,39.77239566,39.80321817,39.91688309,0,0
5.78000000,39.92386999,39.77682017,39.78611544,39.91318739,0,0
5.79000000,39.94425781,39.83142408,39.77693041,39.88153340,0,0
5.80000000,40.00082778,39.87391365,39.77248298,39.94639153,0,0
5.81000000,39.90963448,39.84116529,39.80921073,39.87897882,0,0
5.82000000,39.83322864,39.80425480,39.74786715,39.86956927,0,0
5.83000000,40.00077567,39.87068641,39.81159782,39.89509937,0,0
5.84000000,39.92667440,39.88054575,39.76982444,39.82565403,0,0
5.85000000,39.96596931,39.96925909,39.81377010,39.82826507,0,0
5.86000000,39.92238988,39.85358525,39.80419856,39.80945701,0,0
5.87000000,39.95586732,39.88336705,39.83145738,39.80716151,0,0
5.88000000,39.97563892,39.85261537,39.80272429,39.83289442,0,0
5.89000000,40.00123256,39.89698647,39.73950533,39.82442677,0,0
5.90000000,40.01590530,39.87803027,39.72367150,39.85566389,0,0
5.91000000,39.97575039,39.88877808,39.67554649,39.84749497,0,0
5.92000000,40.00256079,39.82649057,39.74660861,39.81030268,0,0
5.93000000,39.96169838,39.77145278,39.72032522,39.84564601,0,0
5.94000000,40.00573286,39.86739982,39.73163499,39.81510019,0,0
5.95000000,39.93292483,39.93590996,39.69208870,39.85335882,0,0
5.96000000,39.98443258,39.83159817,39.66201600,39.81073360,0,0
5.97000000,39.94316784,39.90034250,39.71815353,39.87275705,0,0
5.98000000,39.95466469,39.85627111,39.74963188,39.86794734,0,0
5.99000000,39.98777460,39.91404618,39.74914650,39.82512891,0,0
6.00000000,39.97291871,39.87283926,39.78467497,39.88129364,0,0
6.01000000,40.00147047,39.80028104,39.79956859,39.77042341,0,0
6.02000000,39.98697718,39.81744284,39.75211891,39.84241532,0,0
6.03000000,39.90712447,39.88982861,39.80835522,39.80105536,0,0
6.04000000,39.97342563,39.90938751,39.72016871,39.79171953,0,0
6.05000000,39.96674298,39.85777313,39.72105316,39.76814819,0,0
6.06000000,40.00284753,39.79282522,39.80727831,39.81447169,0,0
6.07000000,39.96419145,39.79883836,39.78907831,39.82010799,0,0
6.08000000,39.93202541,39.82518820,39.79250331,39.80970891,0,0
6.09000000,39.95642729,39.86089010,39.68917583,39.86047555,0,0
6.10000000,39.98370347,39.86733413,39.75212538,39.78943312,0,0
6.11000000,40.01149264,39.86901763,39.69911758,39.84406435,0,0
6.12000000,39.93968800,39.79571667,39.72313752,39.83093596,0,0
6.13000000,39.89639285,39.85282290,39.74908822,39.82874418,0,0
6.14000000,39.90954281,39.83982849,39.75265923,39.81672877,0,0
6.15000000,39.99339161,39.94266800,39.71865126,39.80478398,0,0
6.16000000,40.02593594,39.87093447,39.72538954,39.74398402,0,0
6.17000000,39.99584592,39.90603584,39.73470247,39.75697057,0,0
6.18000000,39.95391670,39.86515662,39.72097929,39.84132729,0,0
6.19000000,39.95608748,39.80660270,39.78150765,39.84652941,0,0
6.20000000,39.98277463,39.80935946,39.73234761,39.87406955,0,0
6.21000000,40.00220967,39.75060448,39.75901406,39.86010892,0,0
6.22000000,39.97321443,39.80216722,39.77979591,39.90036826,0,0
6.23000000,40.01567144,39.85870264,39.81208038,39.81921213,0,0
6.24000000,39.97011447,39.88526523,39.81390195,39.86843445,0,0
6.25000000,39.98234267,39.89568143,39.80963255,39.86024377,0,0
6.26000000,39.97385136,39.87845793,39.78336064,39.82135062,0,0
6.27000000,39.92308915,39.80830485,39.77208742,39.88158655,0,0
6.28000000,40.01806313,39.84774433,39.82907663,39.81117749,0,0
6.29000000,39.99170843,39.88528002,39.77142629,39.80324507,0,0
6.30000000,39.97963618,39.90408162,39.73028162,39.76594162,0,0
6.31000000,39.94025080,39.84877597,39.69085093,39.82421274,0,0
6.32000000,39.95590228,39.86668604,39.77840602,39.78900322,0,0
6.33000000,40.01514605,39.86729100,39.79322846,39.79129335,0,0
6.34000000,39.99063167,39.92088236,39.78891852,39.78049766,0,0
6.35000000,39.98645844,39.91204720,39.74417308,39.78548399,0,0
6.36000000,39.97314725,39.88815460,39.73502827,39.76900844,0,0
6.37000000,39.95700212,39.86625785,39.68328761,39.81340981,0,0
6.38000000,40.01708064,39.80544220,39.72928340,39.92730847,0,0
6.39000000,39.97262486,39.83804229,39.77170377,39.87739507,0,0
6.40000000,39.99948175,39.84986388,39.76644230,39.94383080,0,0
6.41000000,40.01183238,39.88426941,39.73614612,39.88680259,0,0
6.42000000,40.01182332,39.91318797,39.75305326,39.84847374,0,0
6.43000000,40.01012194,39.87738277,39.74934690,39.82563933,0,0
6.44000000,39.92122501,39.84035351,39.73371032,39.81028357,0,0
6.45000000,39.95747158,39.86211300,39.75704982,39.78134044,0,0
6.46000000,39.95850276,39.87264083,39.74192448,39.76722419,0,0
6.47000000,40.02037093,39.92229552,39.75039002,39.83013450,0,0
6.48000000,39.97967613,39.86522264,39.73110859,39.77602513,0,0
6.49000000,39.96169890,39.85913683,39.74407902,39.85702074,0,0
6.50000000,39.93670267,39.91910561,39.80907547,39.81481293,0,0
6.51000000,39.98684366,39.86308511,39.77165642,39.82956444,0,0
6.52000000,39.98874682,39.89453971,39.78079525,39.82110788,0,0
6.53000000,39.98509288,39.79533047,39.72631878,39.80156476,0,0
6.54000000,39.97639497,39.86577037,39.76261900,39.81629688,0,0
6.55000000,39.97547758,39.81657795,39.78468052,39.78647122,0,0
6.56000000,40.01798084,39.88328890,39.82051340,39.81882451,0,0
6.57000000,39.84973228,39.73191280,39.80135675,39.85998266,0,0
6.58000000,40.05439496,39.92972255,39.76367582,39.81868740,0,0
6.59000000,40.06317885,39.93172212,39.77607387,39.85732205,0,0
6.60000000,39.99821917,39.84725288,39.73712617,39.81673047,0,0
6.61000000,39.81464300,39.70176530,39.69842731,39.77918965,0,0
6.62000000,39.83765660,39.71436286,39.69959907,39.83317527,0,0
6.63000000,40.01820811,39.92337171,39.75902270,39.82511350,0,0
6.64000000,39.98429043,39.94228276,39.75252907,39.82300617,0,0
6.65000000,39.82128825,39.84276318,39.71878999,39.70711736,0,0
6.66000000,39.86970776,39.71861572,39.72315865,39.77891204,0,0
6.67000000,39.82934774,39.66457982,39.79313537,39.83210787,0,0
6.68000000,40.01134469,39.87323358,39.76945547,39.90254181,0,0
6.69000000,40.01390929,39.90699748,39.82401223,39.84774877,0,0
6.70000000,39.81676864,39.73526102,39.68789083,39.78026120,0,0
6.71000000,39.83081339,39.69001409,39.73395959,39.76637094,0,0
6.72000000,39.88473903,39.77187298,39.76334781,39.84465153,0,0
6.73000000,39.99089790,39.87354510,39.79406706,39.88066054,0,0
6.74000000,39.92251544,39.78952440,39.75848549,39.85709965,0,0
6.75000000,39.80133375,39.70704424,39.66877898,39.81154589,0,0
6.76000000,39.78891815,39.67127190,39.66876664,39.76843477,0,0
6.77000000,40.00306895,39.87290788,39.60707417,39.73938105,0,0
6.78000000,40.03968091,39.91829536,39.59568535,39.73150944,0,0
6.79000000,39.86353247,39.80150604,39.62010910,39.73886248,0,0
6.80000000,39.78845484,39.74416314,39.74597328,39.74937430,0,0
6.81000000,39.79351259,39.75110901,39.86496282,39.92365099,0,0
6.82000000,40.02593391,39.91535175,39.87940739,39.92839934,0,0
6.83000000,40.06868898,39.93291037,39.71557414,39.80833998,0,0
6.84000000,39.99978353,39.81838709,39.68862628,39.75235671,0,0
6.85000000,39.81229725,39.69131120,39.76482494,39.81626302,0,0
6.86000000,39.78895213,39.71064901,39.91465907,39.92269609,0,0
6.87000000,40.04105805,39.93969610,39.82568721,39.84599362,0,0
6.88000000,40.09273149,39.97875199,39.62806676,39.72821103,0,0
6.89000000,39.95737941,39.89460650,39.61681622,39.72498551,0,0
6.90000000,39.84537169,39.73552351,39.79384898,39.78182898,0,0
6.91000000,39.86327549,39.74820417,39.81977564,39.89112443,0,0
6.92000000,40.03326139,39.90731968,39.78696581,39.84446671,0,0
6.93000000,40.06798836,39.96374279,39.59556942,39.72960745,0,0
6.94000000,39.94813297,39.89968772,39.70618993,39.77665353,0,0
6.95000000,39.87218890,39.83287638,39.82761454,39.89963902,0,0
6.96000000,39.95026257,39.87180412,39.77894321,39.79303299,0,0
6.97000000,40.07562303,39.90613446,39.58317387,39.71535078,0,0
6.98000000,40.05081756,39.86372874,39.59125563,39.70311223,0,0
6.99000000,39.92546672,39.80279357,39.78825464,39.84783542,0,0
7.00000000,39.93556043,39.83435646,39.80251771,39.82635190,0,0
7.01000000,39.98640476,39.92917239,39.72290902,39.80562460,0,0
7.02000000,40.02823273,39.87799992,39.63279761,39.66930762,0,0
7.03000000,39.98074850,39.80361157,39.65821370,39.74441315,0,0
7.04000000,39.94768313,39.72620533,39.84652059,39.90501024,0,0
7.05000000,39.91338809,39.85412200,39.85486410,39.92363784,0,0
7.06000000,39.91170770,39.91964435,39.68087295,39.78145631,0,0
7.07000000,39.89683377,39.94014298,39.65966309,39.79304137,0,0
7.08000000,39.98786138,39.78976329,39.60765460,39.71785514,0,0
7.09000000,40.07229124,39.84911982,39.72829848,39.79814312,0,0
7.10000000,40.05457845,39.90194328,39.75662930,39.80613904,0,0
7.11000000,40.00335884,39.89428639,39.81298241,39.80896274,0,0
7.12000000,39.85087880,39.88667484,39.72550176,39.76582598,0,0
7.13000000,39.93970586,39.88675084,39.69439820,39.73656739,0,0
7.14000000,39.96837140,39.83217592,39.72392914,39.77783397,0,0
7.15000000,39.99358933,39.81797225,39.72715065,39.77213256,0,0
7.16000000,40.03509776,39.73140893,39.80968272,39.85016119,0,0
7.17000000,39.94206072,39.84362484,39.76081338,39.82932862,0,0
7.18000000,39.93194136,39.82811115,39.76549809,39.83366829,0,0
7.19000000,39.91792536,39.88966448,39.72467352,39.78670954,0,0
7.20000000,39.92702973,39.84284705,39.73100662,39.84987284,0,0
7.21000000,39.94443012,39.77975290,39.73883455,39.83840333,0,0
7.22000000,40.01420776,39.83818904,39.73175861,39.81294070,0,0
7.23000000,39.98594055,39.82910850,39.72292605,39.88848068,0,0
7.24000000,39.91087793,39.80165324,39.73976838,39.85596125,0,0
7.25000000,39.88851732,39.82037258,39.76888784,39.83032526,0,0
7.26000000,39.92675877,39.80981211,39.82507092,39.85133329,0,0
7.27000000,39.99299446,39.89203648,39.81314237,39.81924457,0,0
7.28000000,39.97614106,39.85589939,39.77570632,39.83802217,0,0
7.29000000,39.95663424,39.87496858,39.73180304,39.77156697,0,0
7.30000000,39.98746225,39.82996437,39.68415065,39.82410475,0,0
7.31000000,39.93951434,39.83732291,39.71402618,39.76195476,0,0
7.32000000,39.99368095,39.79298946,39.75781430,39.79274097,0,0
7.33000000,39.93765520,39.82599004,39.79050598,39.81769654,0,0
7.34000000,39.96252993,39.89024739,39.77811091,39.84185073,0,0
7.35000000,39.95445050,39.86681179,39.75860905,39.85053456,0,0
7.36000000,39.94588123,39.90927529,39.74972535,39.87188139,0,0
7.37000000,39.97267783,39.76323768,39.75234798,39.86883574,0,0
7.38000000,39.87892992,39.85903555,39.74515883,39.85854029,0,0
7.39000000,39.97156917,39.81141275,39.75858741,39.78940128,0,0
7.40000000,39.96806259,39.91258914,39.75258391,39.85025802,0,0
7.41000000,39.95931976,39.88409293,39.72463140,39.82485789,0,0
7.42000000,39.98586635,39.82722707,39.68973546,39.81010962,0,0
7.43000000,39.93407107,39.82320531,39.74314444,39.88469637,0,0
7.44000000,39.92967549,39.78491317,39.75461012,39.85405926,0,0
7.45000000,39.98269033,39.89073558,39.80917048,39.88831517,0,0
7.46000000,39.98496855,39.84243402,39.77933739,39.88616942,0,0
7.47000000,39.97174696,39.85607938,39.72485901,39.78941322,0,0
7.48000000,39.94157205,39.82893480,39.75628438,39.79374015,0,0
7.49000000,39.96232512,39.88456401,39.78411496,39.83231951,0,0
7.50000000,39.97370064,39.85097264,39.76263178,39.78985792,0,0
7.51000000,39.96377173,39.85460935,39.75478583,39.81693129,0,0
7.52000000,40.02251022,39.83376168,39.74047854,39.79468552,0,0
7.53000000,40.01716032,39.83936563,39.76186729,39.76590413,0,0
7.54000000,39.97055007,39.85501509,39.71690518,39.80659829,0,0
7.55000000,39.96545726,39.89977454,39.76264908,39.74073787,0,0
7.56000000,39.88952291,39.86046014,39.71835200,39.72038092,0,0
7.57000000,40.00482583,39.85590228,39.75226056,39.85206729,0,0
7.58000000,39.97651881,39.87138514,39.73613119,39.77802073,0,0
7.59000000,40.02285740,39.90828533,39.75356294,39.78597599,0,0
7.60000000,39.95889864,39.79263045,39.76387405,39.83538417,0,0
7.61000000,39.96185796,39.78848312,39.73099333,39.81372075,0,0
7.62000000,39.92548482,39.80477685,39.77833212,39.85765425,0,0
7.63000000,39.90657923,39.84841262,39.77901536,39.88241121,0,0
7.64000000,39.97740646,39.85427059,39.78830359,39.83948774,0,0
7.65000000,39.96635801,39.82096392,39.78382576,39.83912448,0,0
7.66000000,39.99490778,39.79667896,39.74908696,39.82861364,0,0
7.67000000,39.93502551,39.90166112,39.77627837,39.82138868,0,0
7.68000000,39.93968917,39.89953198,39.76701088,39.84306596,0,0
7.69000000,39.94473010,39.86479969,39.75268579,39.85597065,0,0
7.70000000,39.96835126,39.87968942,39.71404881,39.77958169,0,0
7.71000000,39.88727773,39.77921929,39.69408255,39.83198385,0,0
7.72000000,39.91152074,39.72145684,39.64037393,39.82693514,0,0
7.73000000,39.96895568,39.74033112,39.66400160,39.80489616,0,0
7.74000000,40.02873035,39.74743317,39.69099310,39.82843441,0,0
7.75000000,39.95553822,39.80176632,39.64970425,39.73644887,0,0
7.76000000,39.88254446,39.83031580,39.79594909,39.75925415,0,0
7.77000000,39.83881971,39.85076354,39.74766323,39.77110800,0,0
7.78000000,39.88550812,39.79434917,39.76131414,39.78292013,0,0
7.79000000,39.94937751,39.74710631,39.68504061,39.79458905,0,0
7.80000000,39.92179115,39.72053749,39.70159283,39.81489064,0,0
7.81000000,40.00032970,39.92875947,39.75477085,39.82724318,0,0
7.82000000,39.98618560,39.93785783,39.79794953,39.83416350,0,0
7.83000000,39.87737552,39.91225994,39.77402689,39.79133700,0,0
7.84000000,39.87881043,39.69786587,39.76760103,39.77543266,0,0
7.85000000,39.88992926,39.64411982,39.69855705,39.80571697,0,0
7.86000000,39.93027436,39.73930305,39.71695893,39.80359578,0,0
7.87000000,39.92717270,39.85392497,39.69499485,39.79799618,0,0
7.88000000,39.87318913,39.94024703,39.70596984,39.76981391,0,0
7.89000000,39.85065494,39.83350562,39.70704500,39.73772662,0,0
7.90000000,39.92003651,39.77485132,39.74036392,39.84548122,0,0
7.91000000,40.03050161,39.78339191,39.73192050,39.87923479,0,0
7.92000000,39.96869814,39.78551414,39.73616849,39.88711667,0,0
7.93000000,39.88008727,39.80255196,39.77256489,39.88187322,0,0
7.94000000,39.85506536,39.79208371,39.69918665,39.89580381,0,0
7.95000000,39.94838495,39.82203411,39.76472687,39.81638183,0,0
7.96000000,39.96044206,39.87073494,39.83872794,39.76666010,0,0
7.97000000,39.98151423,39.86501535,39.80083453,39.74282408,0,0
7.98000000,39.96208869,39.87806686,39.70424882,39.69559847,0,0
7.99000000,39.96120675,39.82244001,39.70011442,39.71009796,0,0
8.00000000,39.99906659,39.81079538,39.69024618,39.72445549,0,0
8.01000000,39.92180596,39.90600352,39.61657982,39.70421045,0,0
8.02000000,39.95993464,39.84597949,39.68954368,39.69578282,0,0
8.03000000,39.89720984,39.85364330,39.61507868,39.70646627,0,0
8.04000000,39.90034131,39.73509818,39.64070588,39.88682122,0,0
8.05000000,39.96761957,39.75031945,39.82659109,39.90549144,0,0
8.06000000,40.02068772,39.80976481,39.79713519,39.88204698,0,0
8.07000000,39.93634838,39.90583058,39.83730932,39.81124198,0,0
8.08000000,39.91140615,39.78538989,39.81296867,39.78836743,0,0
8.09000000,39.90440399,39.76782196,39.76436820,39.77035023,0,0
8.10000000,39.95435678,39.73192300,39.72090085,39.81835158,0,0
8.11000000,39.99083783,39.82428096,39.72573568,39.83310530,0,0
8.12000000,39.96157013,39.90939812,39.69587038,39.77230797,0,0
8.13000000,39.89185985,39.81458183,39.74380988,39.77352926,0,0
8.14000000,39.89556900,39.82988407,39.70412740,39.75699041,0,0
8.15000000,40.02103955,39.86747917,39.73251090,39.75066405,0,0
8.16000000,40.00803667,39.85704254,39.68688407,39.77774512,0,0
8.17000000,39.91509079,39.78469160,39.68239204,39.74604067,0,0
8.18000000,39.89832370,39.75710725,39.63592733,39.70165400,0,0
8.19000000,39.92013912,39.77527799,39.67021765,39.74268246,0,0
8.20000000,39.96341964,39.85535912,39.60924846,39.74956210,0,0
8.21000000,39.99356698,39.83945988,39.67937329,39.75450887,0,0
8.22000000,39.94330652,39.83834580,39.69445978,39.78026696,0,0
8.23000000,39.94370961,39.80711750,39.71393097,39.79279235,0,0
8.24000000,39.95751955,39.80825884,39.74132362,39.84333577,0,0
8.25000000,39.95511536,39.80053784,39.70899184,39.82118550,0,0
8.26000000,39.88989089,39.75460551,39.73156023,39.85125605,0,0
8.27000000,39.89133335,39.80830861,39.68868731,39.83529274,0,0
8.28000000,39.96087212,39.82384836,39.78357168,39.85468157,0,0
8.29000000,40.00434907,39.92378472,39.79925594,39.83464613,0,0
8.30000000,39.95429925,39.88943763,39.78065803,39.86977897,0,0
8.31000000,39.90850217,39.77133330,39.76410581,39.73860839,0,0
8.32000000,39.89988485,39.74259770,39.74703430,39.75907624,0,0
8.33000000,39.91550372,39.74550026,39.75875238,39.73120223,0,0
8.34000000,39.96554808,39.86662834,39.70573459,39.77533929,0,0
8.35000000,39.95646829,39.86687471,39.70522060,39.81171909,0,0
8.36000000,39.92927186,39.85440649,39.68734097,39.75965184,0,0
8.37000000,39.90280771,39.79166177,39.73563969,39.76789319,0,0
8.38000000,39.88270534,39.83566664,39.71248167,39.80402146,0,0
8.39000000,39.89813628,39.83022257,39.80390263,39.84492223,0,0
8.40000000,39.90201263,39.82755730,39.68354271,39.82858091,0,0
8.41000000,40.01741521,39.84039015,39.66261420,39.80345168,0,0
8.42000000,39.96396802,39.78947503,39.71092816,39.75808227,0,0
8.43000000,39.98166536,39.80602377,39.69289060,39.82407681,0,0
8.44000000,39.92261449,39.73324945,39.69974293,39.74752557,0,0
8.45000000,39.93569695,39.87814077,39.74977980,39.78961261,0,0
8.46000000,39.90788121,39.83615469,39.75486367,39.78216812,0,0
8.47000000,39.89542380,39.80813878,39.71022666,39.76203828,0,0
8.48000000,39.85681914,39.79351970,39.72103390,39.73837710,0,0
8.49000000,39.90771595,39.76849221,39.68608856,39.72350072,0,0
8.50000000,39.95067629,39.84674043,39.67467286,39.80803663,0,0
8.51000000,39.93243029,39.81050627,39.68457005,39.79178595,0,0
8.52000000,39.89464713,39.80584100,39.70664644,39.88255361,0,0
8.53000000,39.84905912,39.80330278,39.70872204,39.85045079,0,0
8.54000000,39.89823241,39.79653074,39.70762770,39.82763681,0,0
8.55000000,39.98353382,39.81095817,39.77577609,39.80017559,0,0
8.56000000,39.96322391,39.80776219,39.75144800,39.78249534,0,0
8.57000000,39.92088484,39.81244837,39.75331475,39.81552703,0,0
8.58000000,39.87590300,39.80144194,39.78284705,39.75921920,0,0
8.59000000,39.88193103,39.79318822,39.77098023,39.75822967,0,0
8.60000000,39.96628469,39.83428752,39.75775858,39.80257969,0,0
8.61000000,39.99383100,39.81591278,39.76977801,39.79152219,0,0
8.62000000,39.96506240,39.79087311,39.61477359,39.80710491,0,0
8.63000000,39.94999411,39.78868068,39.68313066,39.84554809,0,0
8.64000000,39.84980205,39.77032824,39.67561759,39.82389235,0,0
8.65000000,39.90950085,39.79382905,39.75442583,39.79613385,0,0
8.66000000,39.99118144,39.80972850,39.70360854,39.77919226,0,0
8.67000000,39.94352147,39.82201467,39.78574925,39.78404566,0,0
8.68000000,39.84953053,39.88370617,39.75070691,39.80213833,0,0
8.69000000,39.87557487,39.82105475,39.69192961,39.73944161,0,0
8.70000000,39.91701352,39.72779754,39.80005539,39.78427962,0,0
8.71000000,40.03122100,39.76450180,39.73224903,39.79236619,0,0
8.72000000,40.06893423,39.78170374,39.76546975,39.75807496,0,0
8.73000000,39.99311646,39.83177936,39.74943564,39.77028420,0,0
8.74000000,39.88567183,39.84462189,39.71842522,39.79170748,0,0
8.75000000,39.84515469,39.83705246,39.70878669,39.78125678,0,0
8.76000000,39.91001042,39.80734775,39.72148530,39.76703334,0,0
8.77000000,39.97604089,39.81609118,39.75107695,39.80967888,0,0
8.78000000,40.00885598,39.83251787,39.76547498,39.79231435,0,0
8.79000000,39.92112737,39.83142378,39.72970329,39.76005639,0,0
8.80000000,39.94376183,39.77057049,39.67260999,39.80903863,0,0
8.81000000,39.95370210,39.78376815,39.68215070,39.75559601,0,0
8.82000000,40.01619142,39.86180270,39.68307802,39.78650639,0,0
8.83000000,39.97181042,39.91542155,39.69576410,39.81346068,0,0
8.84000000,39.93455819,39.88479634,39.73073042,39.78397836,0,0
8.85000000,39.91833356,39.80870332,39.73346739,39.82386774,0,0
8.86000000,40.02035572,39.79546833,39.80096343,39.78998103,0,0
8.87000000,40.01972736,39.85787651,39.77919611,39.75380474,0,0
8.88000000,39.98550535,39.84573184,39.78843855,39.80386198,0,0
8.89000000,39.90938101,39.87529000,39.80348450,39.80310002,0,0
8.90000000,39.95398892,39.83245802,39.70747689,39.85706557,0,0
8.91000000,40.05108252,39.80095985,39.65724768,39.82801139,0,0
8.92000000,40.00729802,39.78219530,39.65882133,39.84849127,0,0
8.93000000,39.98202497,39.82152275,39.68643060,39.81994140,0,0
8.94000000,39.91306564,39.90683953,39.79709917,39.74885018,0,0
8.95000000,39.91130866,39.89219627,39.83459825,39.78749673,0,0
8.96000000,39.96455410,39.84929275,39.82874438,39.75329969,0,0
8.97000000,39.96400730,39.85647533,39.71202999,39.75298994,0,0
8.98000000,39.94630355,39.82640547,39.71482407,39.77366197,0,0
8.99000000,39.96426612,39.85539402,39.68724152,39.81985806,0,0
9.00000000,39.84292738,39.85122638,39.71140390,39.79504557,0,0
9.01000000,39.93872610,39.85531297,39.68076687,39.81627683,0,0
9.02000000,39.96736431,39.79045732,39.70341112,39.76338981,0,0
9.03000000,40.06772492,39.82788833,39.67437741,39.75140544,0,0
9.04000000,40.06111257,39.85095633,39.71284554,39.74849731,0,0
9.05000000,39.90319009,39.86166479,39.70915326,39.75137446,0,0
9.06000000,39.89551735,39.88523472,39.72184320,39.79356902,0,0
9.07000000,39.89730660,39.76432841,39.73514202,39.79645314,0,0
9.08000000,39.96858276,39.74693813,39.70932368,39.78920555,0,0
9.09000000,39.99891809,39.70701584,39.74962852,39.78902666,0,0
9.10000000,39.89160285,39.79472347,39.69932601,39.84234912,0,0
9.11000000,39.80002884,39.77989525,39.71862375,39.81123600,0,0
9.12000000,39.85823794,39.83502841,39.71609733,39.80366085,0,0
9.13000000,39.91150821,39.80011594,39.72295793,39.76371466,0,0
9.14000000,39.96763255,39.79970483,39.74824897,39.74709271,0,0
9.15000000,39.90376685,39.74100052,39.71457430,39.73402329,0,0
9.16000000,39.88928465,39.75905585,39.73943238,39.73088323,0,0
9.17000000,39.86318497,39.78480244,39.80980539,39.76821253,0,0
9.18000000,39.90955494,39.78319989,39.80940980,39.78056267,0,0
9.19000000,39.90152330,39.75656869,39.85115038,39.79085946,0,0
9.20000000,39.86466627,39.76204017,39.77120490,39.81768043,0,0
9.21000000,39.84617037,39.80094123,39.77681197,39.81762818,0,0
9.22000000,39.91163054,39.81839305,39.66204349,39.81487692,0,0
9.23000000,39.88794541,39.73642040,39.59385290,39.75940158,0,0
9.24000000,39.90569407,39.72911181,39.61154877,39.75469164,0,0
9.25000000,39.87164078,39.69548654,39.67155821,39.70251981,0,0
9.26000000,39.87091287,39.75632431,39.72348569,39.71252772,0,0
9.27000000,39.80585343,39.79035227,39.67717148,39.80961442,0,0
9.28000000,39.82513746,39.79533942,39.67685359,39.81193606,0,0
9.29000000,39.89206022,39.82735937,39.65230151,39.81819446,0,0
9.30000000,39.93616126,39.75899347,39.68180447,39.81360582,0,0
9.31000000,39.91355777,39.74184286,39.71609592,39.86202792,0,0
9.32000000,39.91824053,39.79759506,39.72481870,39.74442267,0,0
9.33000000,39.84089319,39.75325753,39.72499937,39.78592842,0,0
9.34000000,39.88796531,39.84424576,39.65800400,39.77608806,0,0
9.35000000,39.92568306,39.77306764,39.67669010,39.73418987,0,0
9.36000000,39.95951833,39.74307713,39.68964653,39.79427149,0,0
9.37000000,39.90289171,39.75070539,39.70344181,39.80831936,0,0
9.38000000,39.85076267,39.82162866,39.70943140,39.79246608,0,0
9.39000000,39.87265558,39.82250765,39.73845648,39.78424720,0,0
9.40000000,39.91711927,39.77379966,39.74389735,39.75096447,0,0
9.41000000,39.88824730,39.73855398,39.75509965,39.74449357,0,0
9.42000000,39.90582583,39.68107454,39.73947260,39.71808809,0,0
9.43000000,39.86923921,39.77753265,39.69154009,39.73125747,0,0
9.44000000,39.88641427,39.82640936,39.70354656,39.79395304,0,0
9.45000000,39.88254194,39.82974857,39.67062626,39.73086347,0,0
9.46000000,39.89499266,39.75010664,39.66517928,39.71652058,0,0
9.47000000,39.91722738,39.76071931,39.65327443,39.73036024,0,0
9.48000000,39.90651350,39.80953394,39.66858627,39.63331077,0,0
9.49000000,39.89015207,39.80627958,39.65533016,39.73901519,0,0
9.50000000,39.85167661,39.80151230,39.62885113,39.64402622,0,0
9.51000000,39.87508874,39.75715933,39.61155647,39.69095487,0,0
9.52000000,39.86622950,39.73426473,39.58870840,39.71671750,0,0
9.53000000,39.88766773,39.74285996,39.64430512,39.71383748,0,0
9.54000000,39.86997654,39.74794236,39.61748093,39.76929395,0,0
9.55000000,39.88974675,39.73039131,39.63277582,39.72989446,0,0
9.56000000,39.91069546,39.73645647,39.65238095,39.73658770,0,0
9.57000000,39.90210924,39.80045913,39.64755490,39.72087157,0,0
9.58000000,39.85732882,39.72317230,39.66152695,39.69251200,0,0
9.59000000,39.79902842,39.71301061,39.65232496,39.73310723,0,0
9.60000000,39.84571927,39.80020458,39.70528236,39.74802597,0,0
9.61000000,39.92733471,39.83789867,39.66338076,39.78966245,0,0
9.62000000,39.95169591,39.83353507,39.66188383,39.79053098,0,0
9.63000000,39.90019652,39.71870272,39.66745622,39.78446282,0,0
9.64000000,39.87319962,39.76260435,39.70483214,39.76609333,0,0
9.65000000,39.85974268,39.76800532,39.76214744,39.77836435,0,0
9.66000000,39.90442026,39.79754047,39.68677988,39.77909708,0,0
9.67000000,39.93165235,39.86879733,39.70673551,39.74301407,0,0
9.68000000,39.93153429,39.76076324,39.70126938,39.76557981,0,0
9.69000000,39.93967214,39.81122731,39.72560560,39.72322474,0,0
9.70000000,39.87423639,39.68980980,39.72649584,39.76736670,0,0
9.71000000,39.85181108,39.79150138,39.77670679,39.77295983,0,0
9.72000000,39.94615275,39.85738996,39.71073625,39.79960584,0,0
9.73000000,40.02743814,39.89558678,39.71827801,39.69591547,0,0
9.74000000,39.96684726,39.80756697,39.66628681,39.77445867,0,0
9.75000000,39.89480529,39.73278635,39.66299221,39.69817770,0,0
9.76000000,39.81420786,39.71405483,39.62950723,39.76629854,0,0
9.77000000,39.87017037,39.92101678,39.65849617,39.81051204,0,0
9.78000000,39.99085724,39.93320253,39.59998039,39.73143949,0,0
9.79000000,39.96545033,39.92606253,39.65568964,39.71049422,0,0
9.80000000,39.96046775,39.73623114,39.63787097,39.66131122,0,0
9.81000000,39.86990272,39.68555782,39.64709728,39.66487653,0,0
9.82000000,39.97878789,39.77044817,39.66239180,39.72871327,0,0
9.83000000,39.97728054,39.86162911,39.60824688,39.75390151,0,0
9.84000000,39.87528135,39.84529488,39.62767612,39.67895740,0,0
9.85000000,39.80161821,39.76722126,39.65339047,39.77845692,0,0
9.86000000,39.85321047,39.65017893,39.69770001,39.65655786,0,0
9.87000000,39.93821198,39.77330756,39.67001429,39.81534263,0,0
9.88000000,39.97207247,39.79710766,39.65641572,39.75613521,0,0
9.89000000,39.82672398,39.75677077,39.63429056,39.72561165,0,0
9.90000000,39.75609763,39.70833435,39.70143108,39.81803144,0,0
9.91000000,39.84900362,39.70678605,39.75060651,39.75460895,0,0
9.92000000,39.90108640,39.86385271,39.73307927,39.79361671,0,0
9.93000000,39.90311470,39.84337013,39.61860751,39.76894901,0,0
9.94000000,39.81502057,39.79761965,39.58914458,39.75405363,0,0
9.95000000,39.81224819,39.68199130,39.56905011,39.72545275,0,0
9.96000000,39.87612383,39.67746622,39.80406225,39.78987079,0,0
9.97000000,39.93789664,39.75255279,39.77634187,39.74771545,0,0
9.98000000,39.88520820,39.79825476,39.71726800,39.71661091,0,0
9.99000000,39.86557171,39.78822161,39.59316447,39.72125354,0,0
10.00000000,39.82194058,39.74752057,39.59900476,39.73676130,0,0
10.01000000,39.86023837,39.73812943,39.68510579,39.81775149,0,0
10.02000000,39.91351214,39.73130561,39.74459887,39.81433815,0,0
10.03000000,39.90968803,39.79315175,39.70937796,39.77409491,0,0
10.04000000,39.84443961,39.66450934,39.66315382,39.74141237,0,0
10.05000000,39.79040216,39.71158160,39.65784510,39.76884561,0,0
10.06000000,39.80840102,39.80445399,39.71530911,39.75748682,0,0
10.07000000,39.84407382,39.82188724,39.74525954,39.77644179,0,0
10.08000000,39.85287479,39.78712220,39.67829350,39.79440885,0,0
10.09000000,39.83893542,39.67254154,39.62195284,39.68097034,0,0
10.10000000,39.83092206,39.70817381,39.63479197,39.76237309,0,0
10.11000000,39.87737048,39.72171637,39.68536933,39.71087160,0,0
10.12000000,39.91532987,39.81291279,39.67897807,39.73210174,0,0
10.13000000,39.82174542,39.74551852,39.66899067,39.69930377,0,0
10.14000000,39.78747664,39.74449790,39.64301049,39.64033595,0,0
10.15000000,39.80567011,39.68419315,39.63234863,39.79066186,0,0
10.16000000,39.89507571,39.72264631,39.66206863,39.75118019,0,0
10.17000000,39.84631761,39.75127689,39.57728785,39.79563494,0,0
10.18000000,39.86572443,39.69388039,39.59043861,39.71988509,0,0
10.19000000,39.81310498,39.70656244,39.59710340,39.67400410,0,0
10.20000000,39.82952613,39.65640739,39.62938951,39.64424407,0,0
10.21000000,39.83556731,39.75966459,39.62381303,39.69819248,0,0
10.22000000,39.80210415,39.68442698,39.59404521,39.68179631,0,0
10.23000000,39.77472124,39.75990363,39.58659342,39.67638338,0,0
10.24000000,39.80235560,39.69974834,39.56718810,39.69603837,0,0
10.25000000,39.80763769,39.71198571,39.62126147,39.66983670,0,0
10.26000000,39.86190810,39.69019876,39.65399588,39.68717378,0,0
10.27000000,39.85128230,39.72623339,39.69412130,39.69029402,0,0
10.28000000,39.81239887,39.71464291,39.64846478,39.68555347,0,0
10.29000000,39.80726488,39.71743620,39.64238555,39.67744444,0,0
10.30000000,39.84429281,39.70623915,39.68813026,39.74459903,0,0
10.31000000,39.86701586,39.71481152,39.65837523,39.76265012,0,0
10.32000000,39.82307975,39.71349932,39.65184100,39.70552407,0,0
10.33000000,39.81190361,39.66577243,39.63741301,39.71814914,0,0
10.34000000,39.82461639,39.71385500,39.62951241,39.66826557,0,0
10.35000000,39.87701504,39.75462151,39.65829927,39.70081414,0,0
10.36000000,39.88187631,39.71091641,39.62870704,39.66376627,0,0
10.37000000,39.81463541,39.71275664,39.61022566,39.66252270,0,0
10.38000000,39.84511541,39.66393865,39.55886917,39.68589757,0,0
10.39000000,39.79524604,39.77781458,39.58742732,39.67847677,0,0
10.40000000,39.83772515,39.78720165,39.59588512,39.70855428,0,0
10.41000000,39.85721067,39.79944999,39.60210286,39.70040662,0,0
10.42000000,39.86907374,39.70668573,39.63047129,39.67271483,0,0
10.43000000,39.82289768,39.68816562,39.63056206,39.69965333,0,0
10.44000000,39.84358511,39.71712103,39.64617335,39.71283725,0,0
10.45000000,39.84542650,39.72591129,39.65296163,39.71646768,0,0
10.46000000,39.88114503,39.76594037,39.56786391,39.67865244,0,0
10.47000000,39.89977437,39.71977478,39.59459669,39.68143855,0,0
10.48000000,39.86283820,39.69814756,39.58868212,39.65897601,0,0
10.49000000,39.80310860,39.70711713,39.65490170,39.65404142,0,0
10.50000000,39.83655374,39.76118804,39.62940305,39.70209795,0,0
10.51000000,39.81751196,39.76920554,39.63821869,39.65343961,0,0
10.52000000,39.85294495,39.73750074,39.59605646,39.67744961,0,0
10.53000000,39.83507415,39.69042987,39.59117428,39.66343984,0,0
10.54000000,39.84289530,39.71283102,39.59353233,39.67153862,0,0
10.55000000,39.86087477,39.73836828,39.56376011,39.66095527,0,0
10.56000000,39.83038640,39.78111351,39.51474419,39.65807310,0,0
10.57000000,39.80408616,39.73783918,39.56858270,39.62986759,0,0
10.58000000,39.76985998,39.65169255,39.57948225,39.62791019,0,0
10.59000000,39.86355104,39.67130154,39.60522263,39.63510962,0,0
10.60000000,39.84179180,39.67681095,39.63500342,39.65791099,0,0
10.61000000,39.84017796,39.70889016,39.61977942,39.63903915,0,0
10.62000000,39.78091464,39.66276741,39.59347879,39.68096694,0,0
10.63000000,39.74322013,39.70130198,39.63574708,39.64994933,0,0
10.64000000,39.77576827,39.65613410,39.61098502,39.73853790,0,0
10.65000000,39.78899896,39.70644990,39.64262118,39.69194765,0,0
10.66000000,39.79645774,39.68890873,39.54688929,39.66607631,0,0
10.67000000,39.73702397,39.65281846,39.56585468,39.67355652,0,0
10.68000000,39.76994444,39.63347201,39.56019963,39.68700714,0,0
10.69000000,39.71486934,39.63695500,39.62947774,39.66656807,0,0
10.70000000,39.82469047,39.68213914,39.64510222,39.66159638,0,0
10.71000000,39.80357201,39.75645240,39.62145288,39.68567093,0,0
10.72000000,39.82133068,39.65616917,39.58344209,39.66285960,0,0
10.73000000,39.76177309,39.65917291,39.53739770,39.70416479,0,0
10.74000000,39.78758333,39.65927723,39.58640291,39.69477060,0,0
10.75000000,39.80013772,39.68497936,39.59607189,39.67465854,0,0
10.76000000,39.77911470,39.69525593,39.62739029,39.69160469,0,0
10.77000000,39.85278579,39.66494938,39.58650146,39.68560205,0,0
10.78000000,39.80763615,39.64886337,39.60619400,39.65715956,0,0
10.79000000,39.85101080,39.62063547,39.63064475,39.75092453,0,0
10.80000000,39.77603739,39.69355825,39.66353165,39.69297396,0,0
10.81000000,39.79769031,39.69315373,39.67996089,39.68203871,0,0
10.82000000,39.78257017,39.69732059,39.66630658,39.67064146,0,0
10.83000000,39.80393395,39.66208246,39.65832536,39.65595829,0,0
10.84000000,39.77265670,39.69328331,39.64910628,39.65943069,0,0
10.85000000,39.83279855,39.68840249,39.66137761,39.64941946,0,0
10.86000000,39.78872827,39.74989491,39.66118075,39.63007544,0,0
10.87000000,39.82144168,39.75102657,39.61720281,39.67872302,0,0
10.88000000,39.83337355,39.66602896,39.60876289,39.63536714,0,0
10.89000000,39.86130092,39.67148758,39.57182262,39.70685968,0,0
10.90000000,39.85884050,39.70179339,39.58626699,39.61051680,0,0
10.91000000,39.83507512,39.68360104,39.54689572,39.63618951,0,0
10.92000000,39.75957842,39.68976945,39.53036756,39.62649430,0,0
10.93000000,39.74118986,39.71372001,39.57177727,39.62882883,0,0
10.94000000,39.84030727,39.67940743,39.53149028,39.63773292,0,0
10.95000000,39.87703692,39.69673962,39.54906257,39.64796505,0,0
10.96000000,39.87204981,39.69765754,39.55145273,39.64028685,0,0
10.97000000,39.81391703,39.67523210,39.52654912,39.62243545,0,0
10.98000000,39.79480192,39.64937950,39.51156961,39.65998733,0,0
10.99000000,39.78976256,39.66657524,39.55916116,39.64290230,0,0
11.00000000,39.81073011,39.65736934,39.49577458,39.60294266,0,0
11.01000000,39.72970570,39.63189797,39.59693974,39.63626194,0,0
11.02000000,39.80001040,39.66281618,39.56157127,39.59876694,0,0
11.03000000,39.73162608,39.72127785,39.54846084,39.63630857,0,0
11.04000000,39.82240101,39.72250567,39.55054103,39.61819515,0,0
11.05000000,39.70535959,39.66937442,39.56052492,39.60056731,0,0
11.06000000,39.82395406,39.58197100,39.57039335,39.60212807,0,0
11.07000000,39.86116885,39.65939660,39.60939001,39.63464413,0,0
11.08000000,39.80527252,39.65242848,39.59637427,39.65103520,0,0
11.09000000,39.74854379,39.66456347,39.55770266,39.65207795,0,0
11.10000000,39.67955496,39.59954580,39.57557995,39.63700865,0,0
11.11000000,39.74320878,39.62887458,39.58103688,39.63456198,0,0
11.12000000,39.79895025,39.66196036,39.58605621,39.62922606,0,0
11.13000000,39.83368676,39.61768166,39.63150741,39.62106087,0,0
11.14000000,39.73420420,39.65598227,39.59479483,39.60356809,0,0
11.15000000,39.72345213,39.64141520,39.52060619,39.58775348,0,0
11.16000000,39.76260696,39.60337944,39.53245122,39.59017831,0,0
11.17000000,39.74760487,39.58675466,39.54608731,39.66128182,0,0
11.18000000,39.66980107,39.56831604,39.55984629,39.65249270,0,0
11.19000000,39.70758434,39.66813215,39.55079653,39.64685551,0,0
11.20000000,39.82687181,39.65988302,39.58621849,39.68154236,0,0
11.21000000,39.74633077,39.61718664,39.56501563,39.63616994,0,0
11.22000000,39.76595327,39.59754957,39.61341133,39.60451152,0,0
11.23000000,39.63509482,39.56061465,39.60578915,39.58992285,0,0
11.24000000,39.69100680,39.65345948,39.57730893,39.61237425,0,0
11.25000000,39.77354737,39.61567812,39.53559695,39.58817280,0,0
11.26000000,39.79200849,39.68947661,39.53866497,39.61544050,0,0
11.27000000,39.70935925,39.56306782,39.45631800,39.58180649,0,0
11.28000000,39.71190972,39.59278582,39.51336734,39.61940346,0,0
11.29000000,39.73989749,39.64040475,39.45937504,39.61917199,0,0
11.30000000,39.75860972,39.64345379,39.60218601,39.60064982,0,0
11.31000000,39.75132678,39.62169470,39.58943403,39.62326521,0,0
11.32000000,39.70313851,39.56254615,39.54899936,39.58885235,0,0
11.33000000,39.73571292,39.58589744,39.50016819,39.60483330,0,0
11.34000000,39.69162143,39.62919697,39.50333646,39.64582775,0,0
11.35000000,39.75835936,39.66711722,39.51134885,39.64982708,0,0
11.36000000,39.77992225,39.63780211,39.54472443,39.63865557,0,0
11.37000000,39.80094331,39.63611812,39.59688996,39.64544126,0,0
11.38000000,39.76378380,39.66275930,39.57600872,39.61771875,0,0
11.39000000,39.76557719,39.67161095,39.57489736,39.62666919,0,0
11.40000000,39.75585290,39.64292607,39.56001395,39.65338106,0,0
11.41000000,39.80585651,39.66292469,39.52570735,39.64138112,0,0
11.42000000,39.81916007,39.65404927,39.65891776,39.68523244,0,0
11.43000000,39.83414786,39.64799483,39.64343256,39.65574312,0,0
11.44000000,39.80505716,39.61920775,39.69108222,39.60197236,0,0
11.45000000,39.81043024,39.72951216,39.55774133,39.59753970,0,0
11.46000000,39.79882452,39.68459964,39.57747163,39.61051992,0,0
11.47000000,39.78109319,39.67630775,39.56674520,39.60115564,0,0
11.48000000,39.76673248,39.63834232,39.53410150,39.59893401,0,0
11.49000000,39.79208042,39.62309401,39.55633126,39.61140058,0,0
11.50000000,39.78828577,39.72043919,39.51677832,39.60440377,0,0
11.51000000,39.83133662,39.69680560,39.50455531,39.60838852,0,0
11.52000000,39.76686799,39.69919343,39.49249984,39.58538039,0,0
11.53000000,39.78311800,39.61041247,39.57916102,39.63945773,0,0
11.54000000,39.72448970,39.66458352,39.57458698,39.63473454,0,0
11.55000000,39.75953689,39.65698183,39.59955903,39.61836809,0,0
11.56000000,39.73876347,39.60463413,39.52965441,39.62092608,0,0
11.57000000,39.78662743,39.51935918,39.48679443,39.57491068,0,0
11.58000000,39.81234820,39.65651531,39.48459334,39.52193549,0,0
11.59000000,39.81489662,39.60426343,39.51505334,39.56815962,0,0
11.60000000,39.78201265,39.73833974,39.55503653,39.58046883,0,0
11.61000000,39.73023909,39.62634927,39.53717439,39.56921962,0,0
11.62000000,39.69970078,39.58028056,39.50708725,39.64044457,0,0
11.63000000,39.71404311,39.57936282,39.45190781,39.61545994,0,0
11.64000000,39.74099062,39.67575640,39.48656136,39.59462367,0,0
11.65000000,39.76895337,39.60813956,39.50484421,39.60420424,0,0
11.66000000,39.74795228,39.63855603,39.54609321,39.56791830,0,0
11.67000000,39.75173770,39.59799220,39.53454330,39.60344275,0,0
11.68000000,39.72162250,39.61956094,39.55632649,39.61485816,0,0
11.69000000,39.76662550,39.64889061,39.57240385,39.63104608,0,0
11.70000000,39.75408663,39.62810248,39.63488772,39.60169354,0,0
11.71000000,39.78484311,39.64429334,39.59106659,39.60238082,0,0
11.72000000,39.77049702,39.63244061,39.67410136,39.63312758,0,0
11.73000000,39.74949585,39.70224202,39.61419032,39.60101694,0,0
11.74000000,39.73610617,39.62685051,39.65497061,39.68058753,0,0
11.75000000,39.75235825,39.62601871,39.66288263,39.74570752,0,0
11.76000000,39.81030716,39.66259686,39.66804660,39.71204713,0,0
11.77000000,39.79039251,39.63091174,39.64900054,39.69331748,0,0
11.78000000,39.76182547,39.69399412,39.58225717,39.79914551,0,0
11.79000000,39.75337928,39.68586038,39.53048527,39.65024926,0,0
11.80000000,39.77110877,39.67770253,39.57838776,39.71933630,0,0
11.81000000,39.82248967,39.67178140,39.62266987,39.66709661,0,0
11.82000000,39.84033999,39.71401536,39.59665377,39.72251459,0,0
11.83000000,39.82873893,39.75366641,39.60942217,39.67364670,0,0
11.84000000,39.81020260,39.73541548,39.53360810,39.63119084,0,0
11.85000000,39.78971424,39.72553643,39.55721208,39.63055991,0,0
11.86000000,39.87392093,39.67571174,39.54985285,39.58592755,0,0
11.87000000,39.87446462,39.69658243,39.53031823,39.61545744,0,0
11.88000000,39.91063764,39.68997018,39.56808219,39.65941240,0,0
11.89000000,39.86499961,39.75129140,39.52075519,39.60869613,0,0
11.90000000,39.86348064,39.72396926,39.55969018,39.58680026,0,0
11.91000000,39.77491070,39.68917157,39.51023814,39.54894541,0,0
11.92000000,39.82425821,39.69671816,39.53441836,39.57723874,0,0
11.93000000,39.81957721,39.66377849,39.53932957,39.54595295,0,0
11.94000000,39.88384376,39.66484853,39.58930087,39.57816400,0,0
11.95000000,39.82842847,39.68060762,39.60683819,39.59836174,0,0
11.96000000,39.77945684,39.70476435,39.60321955,39.63542812,0,0
11.97000000,39.72109021,39.68476678,39.58445076,39.65128247,0,0
11.98000000,39.78815276,39.67253811,39.58179479,39.62647297,0,0
11.99000000,39.79185467,39.65122429,39.57823896,39.62006032,0,0
12.00000000,39.81560933,39.63815585,39.56791078,39.60441708,0,0
12.01000000,39.79064446,39.64455890,39.59075540,39.59979313,0,0
12.02000000,39.78507478,39.66880586,39.58671335,39.58844549,0,0
12.03000000,39.80222028,39.70646433,39.56298508,39.59902321,0,0
12.04000000,39.75296554,39.60533247,39.55484753,39.57165886,0,0
12.05000000,39.73214559,39.58726116,39.55953766,39.60691278,0,0
12.06000000,39.75113412,39.57324648,39.49706062,39.61417694,0,0
12.07000000,39.75894713,39.61822959,39.53050329,39.62849023,0,0
12.08000000,39.76882999,39.66892976,39.51688911,39.64936353,0,0
12.09000000,39.73188814,39.61251397,39.54495557,39.59734526,0,0
12.10000000,39.74092331,39.63121669,39.49305612,39.63241832,0,0
12.11000000,39.72557388,39.50230778,39.61932506,39.64878267,0,0
12.12000000,39.76756397,39.62278172,39.56695399,39.67052508,0,0
12.13000000,39.65994536,39.58995678,39.61083627,39.66496879,0,0
12.14000000,39.64021954,39.60625406,39.53135078,39.64559773,0,0
12.15000000,39.63815506,39.59080989,39.50896716,39.64205295,0,0
12.16000000,39.73809837,39.57377319,39.57314361,39.64154932,0,0
12.17000000,39.73115814,39.58740215,39.60327847,39.64132465,0,0
12.18000000,39.74038724,39.58202300,39.66559834,39.65619158,0,0
12.19000000,39.67510761,39.60378804,39.61719847,39.67255551,0,0
12.20000000,39.70154988,39.61764449,39.61792500,39.64951377,0,0
12.21000000,39.72949364,39.64117635,39.58003167,39.64060467,0,0
12.22000000,39.79654539,39.59719253,39.58582704,39.64016361,0,0
12.23000000,39.82761479,39.62507843,39.61025392,39.64432875,0,0
12.24000000,39.81777765,39.64315377,39.62935837,39.65700948,0,0
12.25000000,39.75794123,39.65614042,39.61622590,39.64763926,0,0
12.26000000,39.71376046,39.66795478,39.61446493,39.60954031,0,0
12.27000000,39.74318495,39.69738637,39.57982548,39.60524596,0,0
12.28000000,39.81966855,39.71582426,39.55345475,39.60864073,0,0
12.29000000,39.79907501,39.65716991,39.52510318,39.57702333,0,0
12.30000000,39.82711171,39.67762594,39.51322172,39.62309373,0,0
12.31000000,39.82889182,39.64451457,39.49442896,39.62419593,0,0
12.32000000,39.79003774,39.69948499,39.57855961,39.63688921,0,0
12.33000000,39.77684862,39.69244965,39.62506060,39.62478685,0,0
12.34000000,39.75300243,39.67275161,39.65322368,39.69443392,0,0
12.35000000,39.80625211,39.67583582,39.61007598,39.60985102,0,0
12.36000000,39.83623067,39.70715679,39.66076356,39.71133337,0,0
12.37000000,39.88604568,39.69091345,39.55431734,39.65709050,0,0
12.38000000,39.79261001,39.68863233,39.59204601,39.65966842,0,0
12.39000000,39.80866628,39.73114049,39.57367901,39.64114267,0,0
12.40000000,39.75580534,39.69548069,39.58101873,39.63753137,0,0
12.41000000,39.75312340,39.59154570,39.51002419,39.63054835,0,0
12.42000000,39.71013036,39.70078752,39.49375323,39.62598496,0,0
12.43000000,39.66339264,39.68158947,39.42716765,39.57621973,0,0
12.44000000,39.84595296,39.69333210,39.40017285,39.58455925,0,0
12.45000000,39.78539011,39.66939549,39.41761495,39.56235154,0,0
12.46000000,39.85076770,39.60931273,39.44350230,39.53921093,0,0
12.47000000,39.74556924,39.70163990,39.47867421,39.50298449,0,0
12.48000000,39.75720065,39.70322402,39.46918029,39.55680411,0,0
12.49000000,39.72590593,39.70266603,39.45631294,39.50910624,0,0
12.50000000,39.77134264,39.62621179,39.47159494,39.55190702,0,0
12.51000000,39.78637317,39.51561854,39.47777358,39.62700373,0,0
12.52000000,39.78274569,39.54176548,39.51306993,39.60697759,0,0
12.53000000,39.72793271,39.63828115,39.52086922,39.62762587,0,0
12.54000000,39.58035586,39.63384506,39.57455450,39.62344314,0,0
12.55000000,39.70116543,39.64129791,39.59155257,39.63845429,0,0
12.56000000,39.70482243,39.57766780,39.60058022,39.61995893,0,0
12.57000000,39.87416151,39.62045724,39.56991463,39.63555302,0,0
12.58000000,39.68813129,39.49113119,39.55951067,39.62434076,0,0
12.59000000,39.66909112,39.62910065,39.60617023,39.62956151,0,0
12.60000000,39.60704688,39.62779873,39.67128194,39.67757488,0,0
12.61000000,39.67786588,39.67669944,39.71918430,39.65979400,0,0
12.62000000,39.77227964,39.59703708,39.69491053,39.67024120,0,0
12.63000000,39.76931183,39.65897862,39.59384035,39.73473024,0,0
12.64000000,39.77084994,39.64591137,39.65939303,39.61834233,0,0
12.65000000,39.75862682,39.66011326,39.54558656,39.72869405,0,0
12.66000000,39.77083613,39.62665720,39.61711805,39.70098314,0,0
12.67000000,39.76739968,39.62104392,39.55224211,39.65355638,0,0
12.68000000,39.79617828,39.63030599,39.55177454,39.61852681,0,0
12.69000000,39.79940354,39.68857845,39.51691740,39.63607592,0,0
12.70000000,39.79852007,39.71212778,39.54228446,39.62915222,0,0
12.71000000,39.75910750,39.64063180,39.54193488,39.69042029,0,0
12.72000000,39.78750547,39.65507761,39.54664534,39.65026565,0,0
12.73000000,39.75659698,39.63225884,39.52737359,39.68469913,0,0
12.74000000,39.75348711,39.63510415,39.55800310,39.62001430,0,0
12.75000000,39.79737942,39.59776077,39.58741950,39.60007249,0,0
12.76000000,39.81204403,39.76305766,39.45936603,39.61087879,0,0
12.77000000,39.71101702,39.68530670,39.43729896,39.59414019,0,0
12.78000000,39.75185314,39.73931092,39.47497224,39.58597491,0,0
12.79000000,39.78730668,39.64444285,39.42943276,39.60476354,0,0
12.80000000,39.82592835,39.65330460,39.58022885,39.55489034,0,0
12.81000000,39.82988975,39.56145444,39.60281735,39.60188554,0,0
12.82000000,39.74893940,39.56368141,39.59530989,39.58114498,0,0
12.83000000,39.73957551,39.64318417,39.51814675,39.57789684,0,0
12.84000000,39.69975762,39.63779273,39.52363126,39.58419950,0,0
12.85000000,39.74900201,39.64119700,39.51343161,39.61658481,0,0
12.86000000,39.75235961,39.62892059,39.54551879,39.60981337,0,0
12.87000000,39.70831075,39.58165185,39.52599069,39.61811299,0,0
12.88000000,39.72532462,39.60165423,39.51458029,39.58456987,0,0
12.89000000,39.67051469,39.61049908,39.51452932,39.57416810,0,0
12.90000000,39.67497179,39.57730652,39.52896456,39.58343854,0,0
12.91000000,39.66268390,39.57350987,39.54386400,39.55064984,0,0
12.92000000,39.62746660,39.58654049,39.55205514,39.62076499,0,0
12.93000000,39.67832165,39.62987807,39.48890130,39.61229066,0,0
12.94000000,39.79601359,39.58372294,39.49438468,39.59808089,0,0
12.95000000,39.81426742,39.60594604,39.51258939,39.62590239,0,0
12.96000000,39.73922668,39.53169246,39.55242848,39.58797769,0,0
12.97000000,39.68473347,39.70012494,39.60510228,39.57324752,0,0
12.98000000,39.68325174,39.64442538,39.57251455,39.64196984,0,0
12.99000000,39.69584006,39.64549607,39.53168483,39.51788898,0,0
13.00000000,39.71320994,39.59753389,39.52624935,39.66912191,0,0
13.01000000,39.71620096,39.53824673,39.43591970,39.62733232,0,0
13.02000000,39.73313919,39.53326842,39.53390042,39.70429203,0,0
13.03000000,39.74077602,39.61870335,39.58684018,39.70816428,0,0
13.04000000,39.69670287,39.58639145,39.62902120,39.70225603,0,0
13.05000000,39.71304608,39.60502712,39.60817613,39.62452493,0,0
13.06000000,39.67392589,39.58446833,39.60832823,39.65752471,0,0
13.07000000,39.72057303,39.61913818,39.58203462,39.62619076,0,0
13.08000000,39.77210651,39.58207326,39.59157584,39.58248238,0,0
13.09000000,39.74353748,39.67831332,39.62001231,39.67400214,0,0
13.10000000,39.75642123,39.68613275,39.62870290,39.61018512,0,0
13.11000000,39.80064633,39.69625768,39.62303992,39.62233442,0,0
13.12000000,39.83040328,39.66037478,39.61769197,39.63638929,0,0
13.13000000,39.84490512,39.67232845,39.58461551,39.62949291,0,0
13.14000000,39.85830165,39.70632749,39.55522064,39.64719305,0,0
13.15000000,39.81682117,39.65994767,39.52480444,39.67073259,0,0
13.16000000,39.80444181,39.70113097,39.48415580,39.62362555,0,0
13.17000000,39.83414631,39.68341812,39.45206025,39.59599816,0,0
13.18000000,39.67803612,39.73788533,39.56739995,39.57999446,0,0
13.19000000,39.81492819,39.72872307,39.54634909,39.55464984,0,0
13.20000000,39.70558225,39.65779316,39.55046987,39.48753173,0,0
13.21000000,39.92331244,39.67628350,39.56304312,39.72290249,0,0
13.22000000,39.82457541,39.64693943,39.52897793,39.64664379,0,0
13.23000000,39.81658342,39.76583430,39.51671126,39.67899912,0,0
13.24000000,39.73222834,39.72739156,39.54603350,39.65148358,0,0
13.25000000,39.82519324,39.71347612,39.54029323,39.73127733,0,0
13.26000000,39.87204404,39.68281081,39.60053680,39.64960118,0,0
13.27000000,39.89511179,39.68574694,39.53150120,39.69081387,0,0
13.28000000,39.87551509,39.73517970,39.60101245,39.69202411,0,0
13.29000000,39.80497008,39.72219738,39.55537263,39.66145601,0,0
13.30000000,39.84278567,39.72925961,39.57630616,39.63684127,0,0
13.31000000,39.81428403,39.69789720,39.56161704,39.65154478,0,0
13.32000000,39.86982761,39.71246071,39.51552757,39.61465964,0,0
13.33000000,39.85842017,39.74815085,39.53773294,39.60071852,0,0
13.34000000,39.83537482,39.76275829,39.56847510,39.64067565,0,0
13.35000000,39.85108513,39.75997178,39.60713597,39.60731657,0,0
13.36000000,39.86522100,39.73895185,39.61985356,39.63546522,0,0
13.37000000,39.88396042,39.69963054,39.65884091,39.60890735,0,0
13.38000000,39.86027519,39.69556744,39.67278434,39.63844345,0,0
13.39000000,39.86345065,39.73766255,39.69872964,39.69605469,0,0
13.40000000,39.81629035,39.71897265,39.58041458,39.62782425,0,0
13.41000000,39.85646591,39.74033777,39.59938028,39.72144674,0,0
13.42000000,39.83933739,39.69538525,39.54195107,39.70976303,0,0
13.43000000,39.73880562,39.73435114,39.62885279,39.69789872,0,0
13.44000000,39.85160132,39.71237251,39.69999199,39.72956501,0,0
13.45000000,39.83409733,39.68664021,39.67418985,39.74655915,0,0
13.46000000,39.83996660,39.65810223,39.58980485,39.73592616,0,0
13.47000000,39.79660961,39.67451125,39.63931275,39.73615707,0,0
13.48000000,39.83763019,39.72799356,39.65177708,39.75339774,0,0
13.49000000,39.86251082,39.75176957,39.63829739,39.70929264,0,0
13.50000000,39.87730137,39.72275682,39.65528751,39.69175124,0,0
13.51000000,39.85964525,39.74018328,39.67383419,39.69177402,0,0
13.52000000,39.84371094,39.68285601,39.65614530,39.67127675,0,0
13.53000000,39.85832653,39.68395848,39.64159466,39.66028958,0,0
13.54000000,39.86186817,39.79102361,39.60557990,39.63442266,0,0
13.55000000,39.84730346,39.73575796,39.59899823,39.68178842,0,0
13.56000000,39.86995129,39.79129231,39.59762512,39.66108613,0,0
13.57000000,39.84720081,39.72993581,39.56858911,39.67086516,0,0
13.58000000,39.84050708,39.69982553,39.58085705,39.72156096,0,0
13.59000000,39.79307025,39.68147248,39.60579720,39.70571313,0,0
13.60000000,39.84970696,39.70998335,39.67297470,39.75384519,0,0
13.61000000,39.78215003,39.69762866,39.71813750,39.78165527,0,0
13.62000000,39.84197760,39.70575082,39.71236247,39.74187083,0,0
13.63000000,39.81985028,39.71336455,39.76791885,39.77881837,0,0
13.64000000,39.87802898,39.63335690,39.76389368,39.79302031,0,0
13.65000000,39.69158254,39.79973540,39.76204042,39.78267911,0,0
13.66000000,39.85983012,39.73730944,39.79089331,39.81781261,0,0
13.67000000,39.89424821,39.84747824,39.70151347,39.82679956,0,0
13.68000000,39.98665929,39.75923573,39.71902940,39.83947162,0,0
13.69000000,39.87668887,39.69549818,39.63808494,39.74745967,0,0
13.70000000,39.84384683,39.75972987,39.62999730,39.75443885,0,0
13.71000000,39.89615971,39.76516701,39.59025206,39.73835302,0,0
13.72000000,39.94113556,39.81806347,39.62524216,39.77478837,0,0
13.73000000,39.90772453,39.76491927,39.62757517,39.71762381,0,0
13.74000000,39.90858180,39.74421519,39.62068074,39.71497354,0,0
13.75000000,39.89384231,39.74902434,39.65813042,39.72045807,0,0
13.76000000,39.87154091,39.82116406,39.69367304,39.70135558,0,0
13.77000000,39.91219490,39.80357058,39.72021823,39.68298420,0,0
13.78000000,39.92146698,39.73340079,39.73640395,39.72563451,0,0
13.79000000,39.96320060,39.75082633,39.74278541,39.77404504,0,0
13.80000000,39.90349429,39.79767681,39.76790563,39.75371098,0,0
13.81000000,39.89214863,39.78997525,39.80511055,39.77561805,0,0
13.82000000,39.84685030,39.78971934,39.78102113,39.76755063,0,0
13.83000000,39.86321045,39.84359058,39.76484576,39.79242017,0,0
13.84000000,39.96949139,39.84277947,39.78382942,39.75913923,0,0
13.85000000,39.97592484,39.80923574,39.70820925,39.72951519,0,0
13.86000000,40.02101791,39.83003394,39.64588497,39.72329001,0,0
13.87000000,39.92570913,39.80628301,39.65507884,39.65964255,0,0
13.88000000,39.98694517,39.84597047,39.54036201,39.72804211,0,0
13.89000000,39.89805091,39.81016233,39.70697471,39.72231707,0,0
13.90000000,39.97563404,39.87321299,39.62177868,39.74997747,0,0
13.91000000,39.95771620,39.77863612,39.71224919,39.80784988,0,0
13.92000000,39.95900958,39.84810480,39.63534343,39.77248869,0,0
13.93000000,39.97091317,39.78475464,39.68923213,39.81764263,0,0
13.94000000,39.96549808,39.80796692,39.65961497,39.78901608,0,0
13.95000000,39.96068553,39.86082678,39.74037838,39.77323677,0,0
13.96000000,39.95301025,39.84405900,39.76039574,39.77895965,0,0
13.97000000,39.94736869,39.81081500,39.75851331,39.79491346,0,0
13.98000000,39.91610215,39.78031971,39.70573733,39.76845569,0,0
13.99000000,39.95924105,39.77746839,39.72382255,39.79868253,0,0
14.00000000,39.96502289,39.83355163,39.72191716,39.77525314,0,0
14.01000000,39.97279093,39.83709888,39.78017698,39.77410929,0,0
14.02000000,39.96340806,39.86717666,39.82702313,39.74909910,0,0
14.03000000,39.94543198,39.82020569,39.76701178,39.75715290,0,0
14.04000000,39.97658041,39.82263898,39.74861510,39.78395495,0,0
14.05000000,39.89080666,39.85945210,39.71367029,39.75895098,0,0
14.06000000,39.91159820,39.86189206,39.65544713,39.76166226,0,0
14.07000000,39.90568810,39.77172917,39.68139581,39.83563322,0,0
14.08000000,39.94499076,39.83305954,39.74235676,39.76688167,0,0
14.09000000,39.99075206,39.77342609,39.73441756,39.82490949,0,0
14.10000000,39.97930590,39.84244209,39.72950604,39.79290651,0,0
14.11000000,39.88925170,39.86304435,39.75205488,39.77440586,0,0
14.12000000,39.91439070,39.83412126,39.71365581,39.82547169,0,0
14.13000000,39.94321132,39.81666974,39.75595962,39.80986167,0,0
14.14000000,39.94202390,39.76107757,39.76889172,39.83201251,0,0
14.15000000,39.89552782,39.81230679,39.73967374,39.80055901,0,0
14.16000000,39.95781502,39.82638006,39.74201540,39.85386928,0,0
14.17000000,39.97657452,39.85898748,39.74664739,39.82421485,0,0
14.18000000,39.96431364,39.80349224,39.74887175,39.87733395,0,0
14.19000000,39.93710751,39.76462742,39.76521658,39.85612902,0,0
14.20000000,39.90210643,39.84902294,39.72247782,39.85421473,0,0
14.21000000,39.91802406,39.85213934,39.70307582,39.85817005,0,0
14.22000000,39.97438998,39.81350630,39.74213652,39.83254033,0,0
14.23000000,39.98529519,39.83394415,39.77819748,39.84757557,0,0
14.24000000,39.94705334,39.84656579,39.80640784,39.81881003,0,0
14.25000000,39.93345651,39.81271263,39.85930525,39.83738459,0,0
14.26000000,39.95679621,39.86650517,39.85461344,39.84036481,0,0
14.27000000,39.97717401,39.85807546,39.85118393,39.87040561,0,0
14.28000000,40.04572148,39.88899391,39.88323801,39.86581736,0,0
14.29000000,40.05780205,39.85454798,39.77457942,39.84318901,0,0
14.30000000,39.99633822,39.84684616,39.81107245,39.89488001,0,0
14.31000000,39.98077749,39.80989905,39.81519475,39.79624503,0,0
14.32000000,39.97819469,39.82508334,39.79945285,39.86968378,0,0
14.33000000,39.97031521,39.84535827,39.85118253,39.85654379,0,0
14.34000000,40.00720889,39.91175318,39.80623458,39.85894255,0,0
14.35000000,40.02724445,39.93793632,39.78168361,39.86389373,0,0
14.36000000,40.02946751,39.90400084,39.74240359,39.84651227,0,0
14.37000000,40.02066125,39.87277395,39.75324579,39.87574578,0,0
14.38000000,40.01716196,39.85220848,39.77107044,39.84999383,0,0
14.39000000,40.03893307,39.87696397,39.82834628,39.87440177,0,0
14.40000000,40.02745020,39.89492133,39.87319651,39.87740312,0,0
14.41000000,40.02576419,39.90289749,39.79464639,39.83398881,0,0
14.42000000,40.04541082,39.91855478,39.77171198,39.84543415,0,0
14.43000000,40.04719109,39.90285111,39.81337905,39.87328379,0,0
14.44000000,40.05326216,39.90548652,39.83565780,39.86035982,0,0
14.45000000,40.03384171,39.86071146,39.86500302,39.84301360,0,0
14.46000000,40.01147855,39.91530618,39.81238555,39.88233476,0,0
14.47000000,40.05279307,39.91221218,39.76112842,39.87442864,0,0
14.48000000,40.03929764,39.91189174,39.68576221,39.85164318,0,0
14.49000000,40.03312988,39.91726496,39.76476587,39.88590161,0,0
14.50000000,40.07509074,39.96958392,39.69009067,39.91265738,0,0
14.51000000,40.06299931,39.98355395,39.84555598,39.92371500,0,0
14.52000000,39.97544109,39.92507632,39.77295620,39.93705150,0,0
14.53000000,40.06271855,39.91329282,39.81248232,39.90641354,0,0
14.54000000,40.05318279,39.87811742,39.76752487,39.85279164,0,0
14.55000000,40.13328828,39.92824816,39.85315862,39.86500720,0,0
14.56000000,39.99729724,39.93915114,39.82303433,39.84329188,0,0
14.57000000,39.96598802,39.93988248,39.82622672,39.85984883,0,0
14.58000000,40.00045666,39.87869067,39.81202990,39.91361558,0,0
14.59000000,40.08690030,39.90337369,39.81866392,39.89549576,0,0
14.60000000,40.14745147,39.88261947,39.82780050,39.93477050,0,0
14.61000000,40.05485490,39.92226312,39.83709574,39.93720304,0,0
14.62000000,40.00217761,39.94669621,39.85901264,39.90923304,0,0
14.63000000,40.01067812,39.90703006,39.86715285,39.94135965,0,0
14.64000000,40.08961681,39.94278109,39.86039570,39.91837740,0,0
14.65000000,40.13114199,39.95277046,39.87861350,39.92530533,0,0
14.66000000,40.10962175,39.94898634,39.86186308,39.92639472,0,0
14.67000000,40.03795352,39.93286365,39.90151096,39.91364076,0,0
14.68000000,40.01085941,39.97371593,39.87220754,39.93123874,0,0
14.69000000,40.05291053,39.92948340,39.89817668,39.86820529,0,0
14.70000000,40.04541467,39.92653008,39.88401239,39.85795964,0,0
14.71000000,40.09211634,39.90835418,39.86732636,39.88927069,0,0
14.72000000,40.11643116,39.93764594,39.90301380,39.87809302,0,0
14.73000000,40.13318107,40.00104595,39.85784407,39.93631721,0,0
14.74000000,40.18799986,39.94396911,39.91994287,39.95018779,0,0
14.75000000,40.06802762,39.96722409,39.86535090,39.97315312,0,0
14.76000000,40.08535718,39.92488792,39.96912756,39.94100001,0,0
14.77000000,40.10110146,39.93217704,39.92167427,39.99373754,0,0
14.78000000,40.08331252,39.99203618,39.98706666,39.96800013,0,0
14.79000000,40.13841847,40.00153400,39.90264890,39.99082601,0,0
14.80000000,40.15740071,40.01000957,39.88563955,39.96585268,0,0
14.81000000,40.06011375,40.00881327,39.83748381,39.95902979,0,0
14.82000000,40.07397508,39.96451633,39.86078947,39.95297584,0,0
14.83000000,40.18158542,39.87226595,39.86177644,39.93873180,0,0
14.84000000,40.06177548,40.08932359,39.83929811,39.92680846,0,0
14.85000000,40.17063131,39.97835398,39.84939536,39.92694259,0,0
14.86000000,40.08799733,40.06636081,39.86077760,39.92611720,0,0
14.87000000,40.07271486,39.90956969,39.90209573,39.95224003,0,0
14.88000000,40.11940217,39.92530681,39.93056672,39.96445169,0,0
14.89000000,40.18424048,40.01122273,39.94830887,40.00488867,0,0
14.90000000,40.16636436,39.95750986,39.94829236,39.96734691,0,0
14.91000000,40.06819248,40.03905671,39.89797286,39.98243863,0,0
14.92000000,40.07546808,39.93828586,39.85143192,39.97407770,0,0
14.93000000,40.10691324,39.95421871,39.88146671,39.97024159,0,0
14.94000000,40.10856566,39.88668053,39.82631791,39.99724787,0,0
14.95000000,40.16732086,39.97937374,39.92743053,39.95136951,0,0
14.96000000,40.10188247,40.08511500,39.87096659,40.00139815,0,0
14.97000000,40.08783151,40.00576910,39.96969095,39.94758519,0,0
14.98000000,40.11015505,39.98715709,39.93435363,39.92814217,0,0
14.99000000,40.08825168,39.93886254,39.94092319,39.93615014,0,0
15.00000000,40.16613042,39.99929985,39.94530330,39.94417949,0,0
15.01000000,40.14009680,40.07332391,39.99039303,39.95069722,0,0
15.02000000,40.10056277,40.03022256,39.91484383,40.01101919,0,0
15.03000000,40.12013265,39.97969264,40.02091231,39.90783808,0,0
15.04000000,40.14417950,39.96480695,39.90690637,39.96829488,0,0
15.05000000,40.16184297,39.98394114,39.99911344,39.96781060,0,0
15.06000000,40.14893956,40.02000740,40.05813218,39.97831673,0,0
15.07000000,40.11978795,40.04014578,40.01856463,40.09065366,0,0
15.08000000,40.14668826,40.04368522,39.92759834,40.01255196,0,0
15.09000000,40.16708263,40.01404275,39.92041700,40.06294516,0,0
15.10000000,40.16881355,40.03534227,39.88888376,40.01135114,0,0
15.11000000,40.14993453,40.02871631,40.00088063,40.04993618,0,0
15.12000000,40.12190881,40.01098685,39.98196656,40.07613971,0,0
15.13000000,40.13328627,40.04648612,39.99012278,40.06485746,0,0
15.14000000,40.18760981,40.06832197,39.93396052,40.07790232,0,0
15.15000000,40.17866807,40.09889602,39.90818404,40.06931807,0,0
15.16000000,40.18091063,40.05311181,39.90558222,39.98505582,0,0
15.17000000,40.16554314,40.06333529,39.93457652,39.99561375,0,0
15.18000000,40.19974408,40.07449531,39.98257348,40.00399725,0,0
15.19000000,40.20049727,40.06033408,39.97111627,39.96069715,0,0
15.20000000,40.18955789,40.07057571,39.90243540,40.00896006,0,0
15.21000000,40.16440058,40.02896796,39.93088000,39.96138529,0,0
15.22000000,40.18104483,40.06550252,39.89073721,40.00836329,0,0
15.23000000,40.24891000,40.06733892,39.96420600,40.00549886,0,0
15.24000000,40.23255067,40.03960650,39.98302854,40.05852700,0,0
15.25000000,40.15904090,40.02985209,39.93600053,40.02095493,0,0
15.26000000,40.11070927,40.00660346,39.95386477,39.99994720,0,0
15.27000000,40.15351775,40.07096720,39.94905959,40.00404064,0,0
15.28000000,40.21875197,40.06327496,39.95539322,39.97879801,0,0
15.29000000,40.18954988,40.01087646,39.94790661,39.97429440,0,0
15.30000000,40.15322133,40.01396025,39.95163384,39.99481284,0,0
15.31000000,40.15343062,40.02957824,39.96213865,39.99590603,0,0
15.32000000,40.17719422,40.08011166,40.00491568,40.00809204,0,0
15.33000000,40.19664803,40.05061988,40.01615198,40.02123486,0,0
15.34000000,40.19832150,40.03860648,40.02596997,39.99029216,0,0
15.35000000,40.20024664,39.99854797,40.03477223,39.99248211,0,0
15.36000000,40.15558599,40.01381507,39.97421838,40.02403465,0,0
15.37000000,40.18945783,40.07239846,39.99851357,39.98577364,0,0
15.38000000,40.14815294,40.02350466,39.97302027,40.02193329,0,0
15.39000000,40.18708040,39.99711267,40.00381967,40.00114345,0,0
15.40000000,40.13357465,39.95689954,39.95253026,40.02779542,0,0
15.41000000,40.18266951,40.02447241,39.96846875,40.03069443,0,0
15.42000000,40.14313798,40.05792080,39.93898089,40.00409489,0,0
15.43000000,40.15699207,40.01019344,39.90824856,40.05228033,0,0
15.44000000,40.10984441,40.01997342,39.95770897,39.99681001,0,0
15.45000000,40.07147894,39.91589130,39.93171537,40.08467995,0,0
15.46000000,40.27218920,40.06860314,39.97635294,40.08150803,0,0
15.47000000,40.14537652,40.07839653,39.97092073,40.07770369,0,0
15.48000000,40.26934009,40.07662883,40.00647762,40.10532254,0,0
15.49000000,40.15010927,40.03250814,40.02101538,40.06180952,0,0
15.50000000,40.18763313,40.03449896,40.01537905,40.10123572,0,0
15.51000000,40.19390420,40.04723130,40.06737661,40.14263175,0,0
15.52000000,40.25026660,40.08227482,40.02600036,40.07637138,0,0
15.53000000,40.20917624,40.06328044,39.99996757,40.07378717,0,0
15.54000000,40.16709005,40.01643636,40.00745069,40.08331538,0,0
15.55000000,40.20055399,40.04240318,40.01596215,40.02994563,0,0
15.56000000,40.18828860,40.04899021,40.00988370,40.07242892,0,0
15.57000000,40.23570708,40.07875486,39.99467231,40.01010688,0,0
15.58000000,40.20228538,40.10356513,40.03200368,40.07261584,0,0
15.59000000,40.17190275,40.11524851,39.99372675,40.05346907,0,0
15.60000000,40.20220334,40.16379055,40.01047264,40.03464734,0,0
15.61000000,40.24203064,40.09300519,39.99957366,40.06435753,0,0
15.62000000,40.26251750,40.13515325,40.00698854,40.05631226,0,0
15.63000000,40.25721440,40.10425856,40.04162067,40.04726868,0,0
15.64000000,40.21181047,40.12778310,40.09606269,40.09745306,0,0
15.65000000,40.24114188,40.14680239,40.01172517,40.07973547,0,0
15.66000000,40.23589505,40.09002661,40.04875126,40.09320679,0,0
15.67000000,40.29126095,40.12979153,39.90179447,40.02973776,0,0
15.68000000,40.21998833,40.11653453,39.91895090,40.00623842,0,0
15.69000000,40.24427738,40.10002920,40.03799947,40.05865375,0,0
15.70000000,40.22086999,40.08188779,39.97955642,40.02344818,0,0
15.71000000,40.22990852,40.08769955,39.97077277,40.04951892,0,0
15.72000000,40.21401103,40.06062677,39.89800491,40.04796307,0,0
15.73000000,40.24637009,40.05401549,39.92646217,40.06228273,0,0
15.74000000,40.23162892,40.11607490,39.98219991,40.07932809,0,0
15.75000000,40.21743390,40.12956064,40.02811325,40.08305670,0,0
15.76000000,40.21940260,40.11225965,40.04955438,40.07190593,0,0
15.77000000,40.20655686,40.07100475,39.99983367,40.08397146,0,0
15.78000000,40.28155413,40.13663195,39.98168006,40.02124830,0,0
15.79000000,40.26828535,40.08754637,40.02338889,40.00847711,0,0
15.80000000,40.23813022,40.12215185,40.00676872,40.02551842,0,0
15.81000000,40.15309087,40.11417932,40.05372852,40.00013008,0,0
15.82000000,40.20776122,40.09537096,39.98406540,40.05886975,0,0
15.83000000,40.18944824,40.09679387,40.00351383,40.03221103,0,0
15.84000000,40.22268474,40.10141192,39.99331725,40.06090565,0,0
15.85000000,40.20488044,40.07748429,40.01820926,40.09652722,0,0
15.86000000,40.20051304,40.05309340,40.01545246,40.09372297,0,0
15.87000000,40.18505079,40.05188945,40.01963162,40.10839430,0,0
15.88000000,40.19054495,40.06451511,40.04727659,40.12902264,0,0
15.89000000,40.19098048,40.12234408,40.00472080,40.12822039,0,0
15.90000000,40.18126794,40.06917588,40.03293715,40.13962898,0,0
15.91000000,40.19008464,40.07863951,40.04604746,40.16417259,0,0
15.92000000,40.28135744,40.10762921,40.02881816,40.18430012,0,0
15.93000000,40.29919580,40.15579002,40.02810753,40.16367075,0,0
15.94000000,40.31575854,40.14992668,39.99625961,40.11619453,0,0
15.95000000,40.17603193,40.04536272,40.01369427,40.13262224,0,0
15.96000000,40.18565763,40.04528046,40.05813852,40.11895591,0,0
15.97000000,40.20487484,40.10783870,40.06640884,40.12782015,0,0
15.98000000,40.29238864,40.14885158,40.05185870,40.11203407,0,0
15.99000000,40.26861128,40.13502535,40.04323017,40.10721170,0,0
16.00000000,40.24820240,40.10082662,40.01828942,40.03537515,0,0
16.01000000,40.22514091,40.05010959,40.09128066,40.08336945,0,0
16.02000000,40.22858268,40.11928274,40.11667443,40.10912906,0,0
16.03000000,40.23430027,40.13691499,40.12794672,40.07366269,0,0
16.04000000,40.21666163,40.13572967,40.07581139,40.09495163,0,0
16.05000000,40.29059962,40.15855637,40.05745459,40.10141969,0,0
16.06000000,40.27524221,40.13737141,40.02595300,40.07597806,0,0
16.07000000,40.31138795,40.20165868,40.05815246,40.13672266,0,0
16.08000000,40.22050724,40.15722191,40.03436320,40.12902499,0,0
16.09000000,40.24177018,40.16538624,40.04937645,40.11892663,0,0
16.10000000,40.26724224,40.11942145,40.03827181,40.13937819,0,0
16.11000000,40.34328182,40.15652061,39.99563098,40.10190224,0,0
16.12000000,40.30342876,40.12854267,40.02191039,40.13844798,0,0
16.13000000,40.25788924,40.13465165,39.92126808,40.08568098,0,0
16.14000000,40.26694537,40.14902449,39.97272990,40.12447832,0,0
16.15000000,40.29014360,40.17710607,40.05945643,40.13687691,0,0
16.16000000,40.28144109,40.08244212,40.09488242,40.13249347,0,0
16.17000000,40.25024173,40.10928457,40.09599026,40.15248870,0,0
16.18000000,40.20098444,40.07076117,40.02395629,40.13048597,0,0
16.19000000,40.23931914,40.17567526,40.03664703,40.07222544,0,0
16.20000000,40.23846830,40.15592762,40.05573579,40.16574566,0,0
16.21000000,40.20068481,40.08566978,40.06502286,40.10886654,0,0
16.22000000,40.26251004,40.11967032,40.07846908,40.11602710,0,0
16.23000000,40.32442504,40.14433818,40.07592422,40.11622698,0,0
16.24000000,40.31584225,40.19575000,40.05838853,40.12110285,0,0
16.25000000,40.20753357,40.16782748,40.01531407,40.08274263,0,0
16.26000000,40.22487791,40.15809675,40.05494651,40.11681116,0,0
16.27000000,40.27208021,40.14093617,40.09206893,40.09447857,0,0
16.28000000,40.33286665,40.12355973,40.14487575,40.11837976,0,0
16.29000000,40.29805596,40.10785898,40.08725166,40.13690287,0,0
16.30000000,40.23622240,40.14430498,40.07308310,40.14559442,0,0
16.31000000,40.24234838,40.16600316,40.03853069,40.16152272,0,0
16.32000000,40.28937255,40.16119991,40.06734807,40.16162499,0,0
16.33000000,40.29484219,40.14089705,40.05036124,40.13372627,0,0
16.34000000,40.27570270,40.12606160,40.06713405,40.13760300,0,0
16.35000000,40.27254826,40.13540809,40.02840339,40.16121391,0,0
16.36000000,40.26782977,40.17812438,40.06576568,40.13988667,0,0
16.37000000,40.31143669,40.20358738,40.07370140,40.14435003,0,0
16.38000000,40.28726967,40.20265219,40.12141759,40.17429155,0,0
16.39000000,40.26378848,40.16972596,40.09603171,40.16438358,0,0
16.40000000,40.20908030,40.13615305,40.10944058,40.20474452,0,0
16.41000000,40.28057387,40.15503174,40.11632849,40.18297490,0,0
16.42000000,40.42221378,40.17310154,40.12953611,40.19820858,0,0
16.43000000,40.37048253,40.16094277,40.08739927,40.14188382,0,0
16.44000000,40.33979654,40.14658222,40.04468259,40.12657063,0,0
16.45000000,40.17692709,40.14106102,40.10482875,40.15306052,0,0
16.46000000,40.24145615,40.20045660,40.12314809,40.15126181,0,0
16.47000000,40.25946828,40.17633915,40.12375449,40.18206250,0,0
16.48000000,40.38764925,40.18338885,40.04318982,40.09470434,0,0
16.49000000,40.25361950,40.07965093,40.02497314,40.12184115,0,0
16.50000000,40.24740817,40.13712781,40.06727179,40.10923965,0,0
16.51000000,40.25249402,40.23176966,40.08331881,40.12201458,0,0
16.52000000,40.31969220,40.22986241,40.03927109,40.08292219,0,0
16.53000000,40.30937148,40.15522741,40.01084033,40.08183867,0,0
16.54000000,40.29287097,40.13294696,40.00063808,40.12750920,0,0
16.55000000,40.23516241,40.17262582,40.00992249,40.12993344,0,0
16.56000000,40.27147572,40.21304920,40.03269261,40.10661290,0,0
16.57000000,40.26078956,40.20731566,40.04180886,40.11921238,0,0
16.58000000,40.30822513,40.11173483,40.07182934,40.11468677,0,0
16.59000000,40.30372847,40.07274465,40.11211216,40.09915946,0,0
16.60000000,40.31312808,40.11958926,40.11033200,40.14148717,0,0
16.61000000,40.27657648,40.13166275,40.06239725,40.17802137,0,0
16.62000000,40.22999290,40.18604787,40.05508732,40.16063310,0,0
16.63000000,40.24124077,40.13243680,39.98404881,40.14172377,0,0
16.64000000,40.24417728,40.11626982,40.06635031,40.14789850,0,0
16.65000000,40.28786332,40.08394524,40.15183000,40.16927559,0,0
16.66000000,40.27976529,40.16952034,40.13599597,40.13790762,0,0
16.67000000,40.29421488,40.18911833,40.12881685,40.14881785,0,0
16.68000000,40.24438130,40.13387120,40.09992396,40.09119199,0,0
16.69000000,40.25761648,40.11130539,40.11008738,40.15436262,0,0
16.70000000,40.36485075,40.22533664,40.09889710,40.17135912,0,0
16.71000000,40.31274995,40.20759664,40.11343082,40.15831384,0,0
16.72000000,40.31074998,40.20172985,40.08292074,40.15246553,0,0
16.73000000,40.21550148,40.17724737,40.11898890,40.14116121,0,0
16.74000000,40.27349906,40.14547594,40.10533236,40.12809942,0,0
16.75000000,40.31332756,40.18402909,40.15106496,40.17766921,0,0
16.76000000,40.35264007,40.14373976,40.14480710,40.16267161,0,0
16.77000000,40.25897967,40.17522107,40.11341267,40.16884217,0,0
16.78000000,40.27054647,40.16668758,40.09366327,40.19593923,0,0
16.79000000,40.29188936,40.17112097,40.06572452,40.17177287,0,0
16.80000000,40.30713120,40.21074761,40.06592962,40.21670470,0,0
16.81000000,40.28917213,40.17142172,40.08593618,40.19122565,0,0
16.82000000,40.27557749,40.20180994,40.07758430,40.18953155,0,0
16.83000000,40.31791898,40.18575137,40.11431287,40.18534077,0,0
16.84000000,40.32191691,40.23061176,40.09459529,40.18397946,0,0
16.85000000,40.34822323,40.20800063,40.08366959,40.16815612,0,0
16.86000000,40.30578143,40.21900514,40.07782195,40.16891106,0,0
16.87000000,40.31260744,40.21969318,40.02573361,40.19361903,0,0
16.88000000,40.33670075,40.23547099,40.09128730,40.17265780,0,0
16.89000000,40.32189295,40.22518258,40.08002711,40.18323926,0,0
16.90000000,40.33286465,40.17026363,40.08213569,40.15814742,0,0
16.91000000,40.29654502,40.16168607,40.10417981,40.15649571,0,0
16.92000000,40.32908867,40.17819371,40.05954008,40.14649097,0,0
16.93000000,40.30432936,40.16772518,40.15064427,40.15022679,0,0
16.94000000,40.29163517,40.19023683,40.15314810,40.20530951,0,0
16.95000000,40.28790390,40.22277470,40.16517427,40.16945800,0,0
16.96000000,40.30267377,40.23275708,40.13458348,40.18074815,0,0
16.97000000,40.28286656,40.17171753,40.09326036,40.17369055,0,0
16.98000000,40.25863831,40.20984807,40.13452585,40.19414073,0,0
16.99000000,40.29716996,40.18871493,40.10058284,40.14869737,0,0
17.00000000,40.36602338,40.19791046,40.07698776,40.17495488,0,0
17.01000000,40.41863810,40.17470797,40.09655236,40.16349464,0,0
17.02000000,40.32465122,40.16375960,40.04772984,40.13731983,0,0
17.03000000,40.31371076,40.13569394,40.08677861,40.13373869,0,0
17.04000000,40.31573379,40.23757595,40.09812986,40.15863225,0,0
17.05000000,40.39182236,40.29839030,40.13133908,40.14521333,0,0
17.06000000,40.36218112,40.14959940,40.11610530,40.13579790,0,0
17.07000000,40.29920116,40.17313253,40.11913887,40.15355356,0,0
17.08000000,40.32292829,40.10187562,40.12369507,40.12979196,0,0
17.09000000,40.33063831,40.20379272,40.14775353,40.20958038,0,0
17.10000000,40.34113416,40.19308185,40.13765897,40.19794701,0,0
17.11000000,40.26521895,40.19662797,40.14686367,40.18849084,0,0
17.12000000,40.28683458,40.13324149,40.14075196,40.23504339,0,0
17.13000000,40.27079500,40.19229111,40.12650346,40.18446717,0,0
17.14000000,40.39077557,40.23393605,40.16808158,40.22045096,0,0
17.15000000,40.38633833,40.23494144,40.17107235,40.17325749,0,0
17.16000000,40.27113560,40.22333522,40.19745635,40.20839703,0,0
17.17000000,40.30003683,40.15699040,40.20341321,40.19265401,0,0
17.18000000,40.31419449,40.24813132,40.16306952,40.24380165,0,0
17.19000000,40.35755133,40.24246535,40.15040332,40.24665917,0,0
17.20000000,40.35369152,40.23587910,40.06241387,40.25736717,0,0
17.21000000,40.32977098,40.18928497,40.07956484,40.25558783,0,0
17.22000000,40.33616320,40.20154796,40.10300635,40.24810475,0,0
17.23000000,40.35357771,40.25047035,40.13232861,40.24172842,0,0
17.24000000,40.36062698,40.27138765,40.10189977,40.16843520,0,0
17.25000000,40.34819891,40.24190798,40.03012814,40.19063722,0,0
17.26000000,40.25598545,40.08293328,40.03460987,40.18095444,0,0
17.27000000,40.24838443,40.13070870,40.09339167,40.16149908,0,0
17.28000000,40.31109471,40.23590340,40.16763913,40.25851924,0,0
17.29000000,40.40747440,40.33632415,40.12799132,40.25027285,0,0
17.30000000,40.40567585,40.29739033,40.11300321,40.21179242,0,0
17.31000000,40.34633168,40.16940123,40.12731113,40.20023419,0,0
17.32000000,40.30901022,40.16296615,40.14825115,40.22889927,0,0
17.33000000,40.32617252,40.24095627,40.16026261,40.22597005,0,0
17.34000000,40.35165902,40.29992102,40.12343371,40.21895363,0,0
17.35000000,40.31387235,40.21391796,40.11749698,40.18149022,0,0
17.36000000,40.31204398,40.19129180,40.17127281,40.19560327,0,0
17.37000000,40.36022626,40.16707661,40.14142140,40.20217272,0,0
17.38000000,40.38466971,40.27196013,40.24612717,40.19072181,0,0
17.39000000,40.35120118,40.28875978,40.16086424,40.20308235,0,0
17.40000000,40.27977703,40.21969696,40.12755279,40.17768633,0,0
17.41000000,40.30939406,40.20673618,40.14460453,40.20867932,0,0
17.42000000,40.34288602,40.23540458,40.11544891,40.19390966,0,0
17.43000000,40.35678113,40.25678616,40.14151810,40.24114189,0,0
17.44000000,40.33637308,40.27934262,40.11642957,40.21964879,0,0
17.45000000,40.34388627,40.24220842,40.15556125,40.26549775,0,0
17.46000000,40.34993874,40.21945668,40.17784202,40.27441796,0,0
17.47000000,40.36495014,40.24338832,40.20162094,40.26978307,0,0
17.48000000,40.36480361,40.23743883,40.15318546,40.28355537,0,0
17.49000000,40.40280433,40.30666254,40.05905321,40.19454629,0,0
17.50000000,40.39458274,40.28880678,40.01545788,40.22778472,0,0
17.51000000,40.37287684,40.19656380,40.12549175,40.23470342,0,0
17.52000000,40.41030321,40.21379320,40.13693923,40.22926225,0,0
17.53000000,40.37037017,40.24903157,40.18239622,40.21343752,0,0
17.54000000,40.36970358,40.29804744,40.17904400,40.23544438,0,0
17.55000000,40.33833695,40.28573605,40.12633562,40.24538509,0,0
17.56000000,40.36351023,40.23932951,40.14083038,40.19531222,0,0
17.57000000,40.37645836,40.18420198,40.15755674,40.26058480,0,0
17.58000000,40.42660182,40.28070665,40.15543470,40.19843816,0,0
17.59000000,40.42951882,40.26783108,40.18296370,40.23521779,0,0
17.60000000,40.34653408,40.35110430,40.18904456,40.20509246,0,0
17.61000000,40.28772481,40.24311757,40.18005106,40.20372260,0,0
17.62000000,40.38206377,40.21538723,40.19584802,40.24464096,0,0
17.63000000,40.42962997,40.26647566,40.18764634,40.19637456,0,0
17.64000000,40.42724121,40.28182129,40.17352785,40.26597398,0,0
17.65000000,40.35838432,40.29175371,40.15203613,40.24969138,0,0
17.66000000,40.32457539,40.25984048,40.14938672,40.23624081,0,0
17.67000000,40.36403656,40.26539770,40.18161430,40.26958334,0,0
17.68000000,40.40800756,40.26988950,40.16633480,40.24239417,0,0
17.69000000,40.39943760,40.26609132,40.14320460,40.22813641,0,0
17.70000000,40.38030496,40.27485789,40.09456137,40.28418500,0,0
17.71000000,40.34349583,40.26020075,40.09292936,40.23924007,0,0
17.72000000,40.35261275,40.26405996,40.14695524,40.27127751,0,0
17.73000000,40.36776595,40.21596757,40.14812087,40.25160272,0,0
17.74000000,40.39823840,40.27657649,40.16033462,40.24888031,0,0
17.75000000,40.39991635,40.25517983,40.17044181,40.28838509,0,0
17.76000000,40.39391051,40.28574098,40.17431237,40.27841426,0,0
17.77000000,40.36229248,40.22183647,40.16147314,40.26975151,0,0
17.78000000,40.41215119,40.24985701,40.11830499,40.22449923,0,0
17.79000000,40.39667469,40.26025919,40.14245798,40.22335056,0,0
17.80000000,40.35347000,40.30176409,40.15985229,40.19708675,0,0
17.81000000,40.33219060,40.26756006,40.17479102,40.27924165,0,0
17.82000000,40.31113560,40.10040812,40.19505641,40.24109097,0,0
17.83000000,40.38495331,40.20720222,40.19624527,40.28037047,0,0
17.84000000,40.49294038,40.33253625,40.19072963,40.28563819,0,0
17.85000000,40.40933490,40.34613049,40.22905916,40.25854755,0,0
17.86000000,40.35342145,40.34738615,40.24694923,40.26567443,0,0
17.87000000,40.33341708,40.24078752,40.24549612,40.27246107,0,0
17.88000000,40.37024470,40.21883678,40.26350846,40.27337562,0,0
17.89000000,40.40387524,40.22047763,40.22209268,40.27577409,0,0
17.90000000,40.39040053,40.30500225,40.18271878,40.27382745,0,0
17.91000000,40.33779582,40.32050264,40.18709488,40.26637110,0,0
17.92000000,40.38390927,40.30882391,40.20838097,40.25012359,0,0
17.93000000,40.47142963,40.24568740,40.20438589,40.28167212,0,0
17.94000000,40.47868479,40.28107851,40.20313730,40.26769048,0,0
17.95000000,40.43718637,40.25420446,40.18536871,40.30339531,0,0
17.96000000,40.42192051,40.34588160,40.11172936,40.26831311,0,0
17.97000000,40.32661040,40.30441507,40.16869964,40.28338474,0,0
17.98000000,40.45635575,40.36584455,40.21156506,40.29958949,0,0
17.99000000,40.43156287,40.28927308,40.20078474,40.28222457,0,0
18.00000000,40.42940230,40.26803643,40.22812417,40.32545104,0,0
18.01000000,40.30561078,40.28348407,40.20216030,40.29809121,0,0
18.02000000,40.37883479,40.26612659,40.27128711,40.36619655,0,0
18.03000000,40.37393181,40.29096644,40.15301776,40.23914585,0,0
18.04000000,40.45192420,40.26372435,40.16268331,40.31652297,0,0
18.05000000,40.42388615,40.33086726,40.08768362,40.18724272,0,0
18.06000000,40.38685045,40.27228768,40.17653687,40.20530894,0,0
18.07000000,40.37765595,40.35797236,40.22287932,40.33937622,0,0
18.08000000,40.38647981,40.32780360,40.24813458,40.26894273,0,0
18.09000000,40.41318149,40.29214460,40.21874147,40.26809296,0,0
18.10000000,40.39526551,40.28585350,40.17307966,40.30150809,0,0
18.11000000,40.38826563,40.30140742,40.12548599,40.28032814,0,0
18.12000000,40.37844215,40.32322754,40.14381784,40.28132910,0,0
18.13000000,40.40949986,40.27832737,40.12331318,40.29883679,0,0
18.14000000,40.40218211,40.34277173,40.15191484,40.27820620,0,0
18.15000000,40.42613569,40.24465260,40.13380126,40.25641658,0,0
18.16000000,40.40220470,40.29652210,40.20417830,40.26763533,0,0
18.17000000,40.44195530,40.26038818,40.17765828,40.29041806,0,0
18.18000000,40.36738420,40.31825318,40.21115288,40.22529379,0,0
18.19000000,40.32866314,40.28423031,40.26694043,40.31991799,0,0
18.20000000,40.37996109,40.29386641,40.22525939,40.23789644,0,0
18.21000000,40.44409666,40.29444762,40.28287379,40.30116809,0,0
18.22000000,40.47494160,40.31049465,40.28254499,40.37196669,0,0
18.23000000,40.44082454,40.34589579,40.27683918,40.32257554,0,0
18.24000000,40.44556195,40.29363933,40.23801467,40.38930747,0,0
18.25000000,40.37529128,40.31463386,40.24907818,40.32510051,0,0
18.26000000,40.43540412,40.28494485,40.21488775,40.32606916,0,0
18.27000000,40.41546463,40.31146608,40.22222273,40.26549362,0,0
18.28000000,40.48459587,40.34387114,40.20960737,40.28430587,0,0
18.29000000,40.48111604,40.34358498,40.23993411,40.26262254,0,0
18.30000000,40.46435563,40.36073329,40.24270592,40.29631164,0,0
18.31000000,40.41295980,40.30969650,40.25695756,40.27279874,0,0
18.32000000,40.43057435,40.29039108,40.23831745,40.31958582,0,0
18.33000000,40.49028707,40.29964877,40.25710591,40.29242727,0,0
18.34000000,40.48851577,40.37717103,40.22374646,40.33832832,0,0
18.35000000,40.44901674,40.40447390,40.21250629,40.32610844,0,0
18.36000000,40.41978146,40.34855208,40.23062870,40.30535733,0,0
18.37000000,40.45292650,40.33373197,40.22132119,40.34785051,0,0
18.38000000,40.50286013,40.35584319,40.27957474,40.31396095,0,0
18.39000000,40.53913168,40.38792941,40.23394004,40.31907444,0,0
18.40000000,40.44568073,40.40966943,40.26494387,40.32184952,0,0
18.41000000,40.46323408,40.33051526,40.18513634,40.31996329,0,0
18.42000000,40.48960541,40.40774869,40.16987781,40.29658241,0,0
18.43000000,40.50910309,40.32433788,40.15424625,40.33167497,0,0
18.44000000,40.53608578,40.43834089,40.24160827,40.33419923,0,0
18.45000000,40.47735147,40.38681526,40.27834794,40.32296836,0,0
18.46000000,40.51591906,40.36770697,40.25919000,40.34967245,0,0
18.47000000,40.49342312,40.32809069,40.34944839,40.34912334,0,0
18.48000000,40.51806834,40.36749012,40.22227557,40.32133700,0,0
18.49000000,40.52145032,40.39034085,40.26193233,40.37202174,0,0
18.50000000,40.50422109,40.38781290,40.23506498,40.31362721,0,0
18.51000000,40.46103960,40.36380859,40.31374468,40.36576239,0,0
18.52000000,40.45640231,40.39758370,40.30257382,40.35795963,0,0
18.53000000,40.49511105,40.35106153,40.30723013,40.34407418,0,0
18.54000000,40.55384785,40.37703166,40.28648836,40.34712793,0,0
18.55000000,40.53295601,40.42423435,40.29351365,40.31435292,0,0
18.56000000,40.50287251,40.35676261,40.29881421,40.30359336,0,0
18.57000000,40.47729301,40.34501747,40.30173438,40.34659167,0,0
18.58000000,40.46372780,40.41131050,40.26634196,40.34629770,0,0
18.59000000,40.53048357,40.39121260,40.26927953,40.32208891,0,0
18.60000000,40.49241458,40.39309928,40.30789699,40.31774694,0,0
18.61000000,40.50310267,40.34446867,40.28572181,40.31730977,0,0
18.62000000,40.46516095,40.39427491,40.30458266,40.34039148,0,0
18.63000000,40.46595060,40.33102629,40.29446109,40.37774445,0,0
18.64000000,40.50097580,40.37261554,40.27324726,40.34842755,0,0
18.65000000,40.55428700,40.39821502,40.27622173,40.36021564,0,0
18.66000000,40.52050080,40.31479368,40.26814224,40.36937261,0,0
18.67000000,40.43521740,40.38748533,40.28367814,40.37932985,0,0
18.68000000,40.43811392,40.33242003,40.28934474,40.39791941,0,0
18.69000000,40.44259713,40.40423657,40.27504838,40.37913261,0,0
18.70000000,40.49089918,40.35544210,40.26174329,40.36089309,0,0
18.71000000,40.56039379,40.35190038,40.27996892,40.32852833,0,0
18.72000000,40.44489355,40.23488571,40.27294790,40.36943653,0,0
18.73000000,40.35307459,40.44468636,40.31412171,40.38351214,0,0
18.74000000,40.55086353,40.47520622,40.24523037,40.32860516,0,0
18.75000000,40.50728886,40.48938440,40.22250469,40.35663109,0,0
18.76000000,40.62742914,40.44060551,40.22534215,40.34656089,0,0
18.77000000,40.36777794,40.24977390,40.29608687,40.32656628,0,0
18.78000000,40.42177717,40.27024964,40.33433524,40.38516997,0,0
18.79000000,40.44618380,40.32014973,40.33750830,40.44382018,0,0
18.80000000,40.56075605,40.45896688,40.30908433,40.36150185,0,0
18.81000000,40.48419007,40.34147303,40.27080208,40.36199169,0,0
18.82000000,40.48020220,40.29957034,40.32675895,40.39837818,0,0
18.83000000,40.46201440,40.35989765,40.28449834,40.35335441,0,0
18.84000000,40.48016420,40.39773750,40.33279106,40.37705313,0,0
18.85000000,40.44709880,40.41538867,40.21788070,40.40539757,0,0
18.86000000,40.44783567,40.27010070,40.29237407,40.30030190,0,0
18.87000000,40.52611781,40.26797557,40.27622204,40.34750449,0,0
18.88000000,40.46113323,40.37273399,40.34839989,40.34837714,0,0
18.89000000,40.45845321,40.40512692,40.32587652,40.33448891,0,0
18.90000000,40.43091227,40.41488381,40.29414017,40.39020597,0,0
18.91000000,40.45049392,40.39725776,40.29992610,40.38811871,0,0
18.92000000,40.49967725,40.32802586,40.34335740,40.36155842,0,0
18.93000000,40.49154096,40.33200897,40.23486761,40.29181909,0,0
18.94000000,40.49331397,40.35931482,40.32598412,40.31539237,0,0
18.95000000,40.45474461,40.40816712,40.16809395,40.23697346,0,0
18.96000000,40.47050034,40.39087477,40.20681498,40.35008219,0,0
18.97000000,40.42438087,40.29593768,40.26112968,40.35121561,0,0
18.98000000,40.43758670,40.31263671,40.29647205,40.37920317,0,0
18.99000000,40.41478525,40.31770334,40.27202356,40.37998902,0,0
19.00000000,40.42958530,40.37629939,40.18612463,40.37011551,0,0
19.01000000,40.42749334,40.37711727,40.14596168,40.34399701,0,0
19.02000000,40.47462330,40.28763263,40.19861296,40.29389017,0,0
19.03000000,40.55243300,40.31558920,40.26214662,40.38702288,0,0
19.04000000,40.54809958,40.34810941,40.28187754,40.31633713,0,0
19.05000000,40.41776937,40.45303028,40.27322826,40.36099130,0,0
19.06000000,40.38282633,40.39742240,40.25108960,40.38897791,0,0
19.07000000,40.32913410,40.33299615,40.27846430,40.34489842,0,0
19.08000000,40.50761761,40.30296498,40.30494367,40.36681742,0,0
19.09000000,40.52131133,40.30428759,40.31906345,40.39197521,0,0
19.10000000,40.43345884,40.30141909,40.29973530,40.33500455,0,0
19.11000000,40.43295439,40.35256100,40.29292261,40.34265561,0,0
19.12000000,40.42891094,40.39323122,40.29646285,40.34102957,0,0
19.13000000,40.51309409,40.35118050,40.33249893,40.32558444,0,0
19.14000000,40.53455276,40.35254111,40.32153948,40.36964490,0,0
19.15000000,40.48050654,40.35651747,40.30292914,40.39235704,0,0
19.16000000,40.49876104,40.34545720,40.30456698,40.36549674,0,0
19.17000000,40.43346573,40.39810941,40.30229756,40.38478978,0,0
19.18000000,40.52664638,40.39815287,40.34309192,40.35905841,0,0
19.19000000,40.51632087,40.40502494,40.31307172,40.36361400,0,0
19.20000000,40.52218114,40.41369462,40.28342319,40.31936980,0,0
19.21000000,40.54571905,40.43553938,40.20456162,40.36743107,0,0
19.22000000,40.54086109,40.47461161,40.17037689,40.34353372,0,0
19.23000000,40.50671776,40.40262586,40.13799096,40.32246398,0,0
19.24000000,40.48654073,40.33430264,40.19196884,40.34433026,0,0
19.25000000,40.51545418,40.34216006,40.22570841,40.28017776,0,0
19.26000000,40.48593550,40.35157062,40.28145977,40.33601953,0,0
19.27000000,40.49935796,40.39753383,40.34856245,40.32882511,0,0
19.28000000,40.44230329,40.42710789,40.32025081,40.40064338,0,0
19.29000000,40.45292110,40.38532902,40.29475834,40.42346981,0,0
19.30000000,40.43576555,40.34145576,40.27797334,40.39531077,0,0
19.31000000,40.53913735,40.29730588,40.27220021,40.36682554,0,0
19.32000000,40.62393627,40.42518093,40.34949065,40.38615141,0,0
19.33000000,40.47822486,40.42087818,40.21413420,40.31414436,0,0
19.34000000,40.43047121,40.32748319,40.24348075,40.34074056,0,0
19.35000000,40.36716416,40.46808576,40.19599689,40.34326815,0,0
19.36000000,40.45015304,40.39203407,40.23081466,40.33564857,0,0
19.37000000,40.52144817,40.48737849,40.23741742,40.34095158,0,0
19.38000000,40.50847505,40.34975043,40.26496656,40.32696705,0,0
19.39000000,40.49074583,40.31405598,40.26727213,40.32473974,0,0
19.40000000,40.48507339,40.34630532,40.22544451,40.33621649,0,0
19.41000000,40.51226075,40.40670810,40.18433824,40.29124861,0,0
19.42000000,40.47783552,40.39999268,40.23124118,40.34471682,0,0
19.43000000,40.43662183,40.33328185,40.27161115,40.33841458,0,0
19.44000000,40.43163009,40.28630255,40.26834099,40.36615122,0,0
19.45000000,40.45766146,40.29347646,40.29912189,40.42180682,0,0
19.46000000,40.50329705,40.36295136,40.29162188,40.43382653,0,0
19.47000000,40.44830316,40.39583490,40.27959966,40.37809236,0,0
19.48000000,40.37607173,40.34172049,40.32246525,40.35339781,0,0
19.49000000,40.50408175,40.24210612,40.34820088,40.36323010,0,0
19.50000000,40.46809106,40.38664168,40.32290407,40.38875879,0,0
19.51000000,40.58905696,40.41516492,40.31351314,40.45588062,0,0
19.52000000,40.41789404,40.47994256,40.22269074,40.33180189,0,0
19.53000000,40.44289883,40.37473238,40.25331586,40.38148139,0,0
19.54000000,40.44455401,40.35972399,40.31903395,40.33274366,0,0
19.55000000,40.48972128,40.32744710,40.38430039,40.28438823,0,0
19.56000000,40.50188387,40.38657402,40.38607825,40.41173450,0,0
19.57000000,40.47324842,40.41679015,40.27081332,40.31009684,0,0
19.58000000,40.49307956,40.34970719,40.26196880,40.34182391,0,0
19.59000000,40.49971229,40.32049742,40.22409430,40.37786403,0,0
19.60000000,40.48156668,40.33330653,40.23902532,40.37393568,0,0
19.61000000,40.49298888,40.30135559,40.26431992,40.40107865,0,0
19.62000000,40.46183963,40.40088633,40.25305029,40.37395032,0,0
19.63000000,40.50000028,40.41266464,40.24722214,40.36602655,0,0
19.64000000,40.50208199,40.40505818,40.25531823,40.34492819,0,0
19.65000000,40.48176211,40.37488317,40.28818203,40.35787013,0,0
19.66000000,40.48767476,40.32873239,40.29117804,40.37231824,0,0
19.67000000,40.46084991,40.34713240,40.32385357,40.38819650,0,0
19.68000000,40.48501518,40.39143945,40.29398401,40.41861872,0,0
19.69000000,40.43670951,40.42496481,40.28653290,40.35136615,0,0
19.70000000,40.47067435,40.37124386,40.26139553,40.40323395,0,0
19.71000000,40.47817576,40.37227911,40.22398532,40.29710633,0,0
19.72000000,40.55253522,40.38570142,40.33789859,40.28713403,0,0
19.73000000,40.52314252,40.38828893,40.27994888,40.36243054,0,0
19.74000000,40.44361751,40.34451040,40.32080713,40.28738700,0,0
19.75000000,40.46448105,40.33823114,40.28029033,40.38957769,0,0
19.76000000,40.42455979,40.32035814,40.24066161,40.35507737,0,0
19.77000000,40.48402126,40.43290042,40.23126769,40.37454221,0,0
19.78000000,40.44788024,40.40557424,40.20215290,40.40394432,0,0
19.79000000,40.50297069,40.37338215,40.20774753,40.35995619,0,0
19.80000000,40.49873412,40.31854922,40.22927967,40.41329103,0,0
19.81000000,40.35709166,40.34901503,40.24985696,40.39143449,0,0
19.82000000,40.41454356,40.29587325,40.24059324,40.32851843,0,0
19.83000000,40.43680644,40.31140364,40.17139784,40.37146342,0,0
19.84000000,40.54724564,40.41958548,40.23501998,40.29040183,0,0
19.85000000,40.55304538,40.42075067,40.22266453,40.36215781,0,0
19.86000000,40.44964875,40.46717910,40.25715237,40.33307899,0,0
19.87000000,40.42730786,40.38939495,40.32527365,40.33970594,0,0
19.88000000,40.48407673,40.39696740,40.30990699,40.36205426,0,0
19.89000000,40.53936988,40.35210658,40.31268636,40.37014199,0,0
19.90000000,40.52883830,40.32393752,40.29096179,40.36813719,0,0
19.91000000,40.48805103,40.39420129,40.27607109,40.40739914,0,0
19.92000000,40.48268006,40.45326518,40.27400624,40.35934258,0,0
19.93000000,40.47380364,40.48723429,40.28169148,40.39303211,0,0
19.94000000,40.52289517,40.42396412,40.29662483,40.34796966,0,0
19.95000000,40.53053756,40.39500885,40.28085918,40.39684390,0,0
19.96000000,40.63055010,40.34458626,40.33997306,40.38186009,0,0
19.97000000,40.47589671,40.43065886,40.31062932,40.37223695,0,0
19.98000000,40.53934302,40.41204961,40.34544986,40.40308817,0,0
19.99000000,40.44690765,40.42002971,40.36015399,40.38163720,0,0
20.00000000,40.57488568,40.42944390,40.41781098,40.42924919,0,0
20.01000000,40.56778659,40.41275199,40.37968756,40.45536902,0,0
20.02000000,40.48971436,40.38866178,40.42268872,40.46328359,0,0
20.03000000,40.44973747,40.42511546,40.28275885,40.42514218,0,0
20.04000000,40.45143404,40.46409694,40.24504175,40.42943393,0,0
20.05000000,40.54748222,40.37572239,40.20805089,40.27293476,0,0
20.06000000,40.57935783,40.38903781,40.24838133,40.28917580,0,0
20.07000000,40.53875846,40.33496701,40.20050092,40.29783317,0,0
20.08000000,40.54246703,40.48859627,40.19973935,40.33268838,0,0
20.09000000,40.48129550,40.43504680,40.12917526,40.32529902,0,0
20.10000000,40.51379091,40.42795330,40.15296038,40.28117118,0,0
20.11000000,40.49515720,40.34011640,40.19539149,40.28962020,0,0
20.12000000,40.52198768,40.34576524,40.23070001,40.27793819,0,0
20.13000000,40.53995817,40.42235169,40.22493108,40.29381216,0,0
20.14000000,40.50148980,40.41760947,40.21307706,40.33577069,0,0
20.15000000,40.42181630,40.44922593,40.18447517,40.34695366,0,0
20.16000000,40.40460105,40.33830649,40.17043498,40.34888758,0,0
20.17000000,40.40273233,40.32856797,40.27358040,40.37016330,0,0
20.18000000,40.46430049,40.29353850,40.25417861,40.42246373,0,0
20.19000000,40.44415803,40.33606176,40.35728403,40.39582469,0,0
20.20000000,40.37988945,40.27460430,40.25088279,40.38897018,0,0
20.21000000,40.45620106,40.30280197,40.30410676,40.36514772,0,0
20.22000000,40.45991655,40.29242532,40.37020802,40.39204888,0,0
20.23000000,40.46240980,40.36518414,40.40927686,40.39732259,0,0
20.24000000,40.44597369,40.30646714,40.42948728,40.42530984,0,0
20.25000000,40.38653699,40.39892002,40.33250535,40.39481784,0,0
20.26000000,40.46729473,40.33449867,40.30002427,40.43893092,0,0
20.27000000,40.44294191,40.37898496,40.23617000,40.38343896,0,0
20.28000000,40.51140403,40.40346643,40.24611904,40.34438573,0,0
20.29000000,40.48633287,40.37726165,40.26560049,40.41702434,0,0
20.30000000,40.43776150,40.32291630,40.24166727,40.35505638,0,0
20.31000000,40.46384748,40.31158137,40.25079111,40.37918080,0,0
20.32000000,40.42608519,40.32644616,40.23555389,40.34651359,0,0
20.33000000,40.53090470,40.48111003,40.26332480,40.35308531,0,0
20.34000000,40.45351612,40.38450844,40.29241841,40.32517999,0,0
20.35000000,40.41937782,40.36693780,40.31418907,40.35135272,0,0
20.36000000,40.43319437,40.26064168,40.35622047,40.35309545,0,0
20.37000000,40.52118130,40.32883634,40.36762985,40.37983396,0,0
20.38000000,40.55309912,40.42577961,40.32702476,40.42260856,0,0
20.39000000,40.46925561,40.45703215,40.28528244,40.40599104,0,0
20.40000000,40.40827220,40.32595430,40.21320808,40.40513441,0,0
20.41000000,40.43769269,40.32034488,40.24320219,40.43238056,0,0
20.42000000,40.61892313,40.38226101,40.21361524,40.37814812,0,0
20.43000000,40.55327425,40.43362656,40.21643097,40.39755841,0,0
20.44000000,40.47493831,40.45050232,40.20538434,40.32458602,0,0
20.45000000,40.42949341,40.36884088,40.28273265,40.33092790,0,0
20.46000000,40.43764943,40.37751287,40.25994663,40.31098742,0,0
20.47000000,40.54853502,40.34427574,40.33325437,40.33873199,0,0
20.48000000,40.52606007,40.37955586,40.25148714,40.32756823,0,0
20.49000000,40.46578356,40.34552863,40.30563193,40.30512338,0,0
20.50000000,40.44845806,40.42278808,40.23461433,40.31533097,0,0
20.51000000,40.44783471,40.32450238,40.31701945,40.35178781,0,0
20.52000000,40.47046119,40.31509667,40.29164477,40.30190678,0,0
20.53000000,40.50149600,40.28896282,40.27440159,40.34265924,0,0
20.54000000,40.47840197,40.37058746,40.27448522,40.29433755,0,0
20.55000000,40.46057922,40.42930158,40.24018483,40.28667663,0,0
20.56000000,40.45505218,40.37586683,40.27063706,40.31765843,0,0
20.57000000,40.47563614,40.36183865,40.23092586,40.31090720,0,0
20.58000000,40.49964483,40.32742109,40.21474894,40.32212544,0,0
20.59000000,40.46832300,40.35564465,40.18502150,40.30549993,0,0
20.60000000,40.46045455,40.36807291,40.21775059,40.34688918,0,0
20.61000000,40.43440844,40.44476630,40.19359312,40.34257520,0,0
20.62000000,40.46266684,40.32577860,40.23187155,40.33194380,0,0
20.63000000,40.47026881,40.29810584,40.19349289,40.25800197,0,0
20.64000000,40.44494889,40.26311968,40.24367242,40.35882782,0,0
20.65000000,40.43212058,40.45387251,40.30211758,40.34589511,0,0
20.66000000,40.43069541,40.39784698,40.30214577,40.39559526,0,0
20.67000000,40.42037556,40.35455889,40.25660170,40.40489006,0,0
20.68000000,40.42801074,40.31927459,40.27418563,40.36388176,0,0
20.69000000,40.51898054,40.28405621,40.25418439,40.39298827,0,0
20.70000000,40.50075054,40.37053556,40.29976708,40.39976248,0,0
20.71000000,40.47126626,40.39111336,40.34034913,40.42623304,0,0
20.72000000,40.42400247,40.36201676,40.28444014,40.41157532,0,0
20.73000000,40.47188896,40.35024818,40.26588402,40.40234399,0,0
20.74000000,40.49902861,40.40770255,40.29220871,40.39597461,0,0
20.75000000,40.47937000,40.46772049,40.26439585,40.36865303,0,0
20.76000000,40.48093404,40.39179160,40.30237760,40.38732528,0,0
20.77000000,40.48054141,40.43297954,40.29944197,40.36005330,0,0
20.78000000,40.55442312,40.41949510,40.29149506,40.37992259,0,0
20.79000000,40.58926554,40.40577808,40.30194914,40.36767995,0,0
20.80000000,40.55028129,40.37816338,40.30218497,40.34733003,0,0
20.81000000,40.51205641,40.41215074,40.30226370,40.40159246,0,0
20.82000000,40.49280587,40.41212732,40.32119340,40.41164945,0,0
20.83000000,40.51052461,40.48570099,40.31595843,40.41251203,0,0
20.84000000,40.54656658,40.44090960,40.31704955,40.41006017,0,0
20.85000000,40.52039212,40.36077249,40.29317820,40.33816067,0,0
20.86000000,40.45357565,40.43523973,40.28824270,40.36141140,0,0
20.87000000,40.48135910,40.36645429,40.26831055,40.30010276,0,0
20.88000000,40.56310034,40.44100039,40.25398040,40.36121190,0,0
20.89000000,40.56664098,40.44042286,40.21995373,40.40395850,0,0
20.90000000,40.55683936,40.44699305,40.23877476,40.35427810,0,0
20.91000000,40.50602367,40.43722218,40.22089589,40.39194779,0,0
20.92000000,40.46729794,40.40528440,40.26287459,40.35782806,0,0
20.93000000,40.49436234,40.37814881,40.28094166,40.35925118,0,0
20.94000000,40.55234442,40.42484992,40.26424453,40.31841938,0,0
20.95000000,40.55553155,40.38718053,40.27699912,40.35149702,0,0
20.96000000,40.54394672,40.36111607,40.29688397,40.33050856,0,0
20.97000000,40.52460759,40.37172570,40.27337776,40.29141672,0,0
20.98000000,40.47558296,40.40028626,40.21826653,40.33143601,0,0
20.99000000,40.44874244,40.36502414,40.23946573,40.35436619,0,0
21.00000000,40.45886008,40.34268861,40.19318018,40.34887272,0,0
21.01000000,40.41195805,40.32220703,40.24331462,40.34768992,0,0
21.02000000,40.45902832,40.29678182,40.25290381,40.39281796,0,0
21.03000000,40.48854754,40.39536361,40.28828109,40.29508908,0,0
21.04000000,40.51426718,40.34209739,40.30659069,40.41579400,0,0
21.05000000,40.44060784,40.36767962,40.33456193,40.34390526,0,0
21.06000000,40.39546888,40.29430823,40.31715908,40.36842997,0,0
21.07000000,40.46803949,40.31569647,40.34682495,40.44781932,0,0
21.08000000,40.52992582,40.39760184,40.30308401,40.37447094,0,0
21.09000000,40.52644260,40.31703344,40.28315442,40.38006965,0,0
21.10000000,40.43388978,40.34777079,40.26714129,40.38459096,0,0
21.11000000,40.42356102,40.30508540,40.32587535,40.38235129,0,0
21.12000000,40.47634761,40.32799245,40.32056645,40.38755245,0,0
21.13000000,40.51287044,40.35736006,40.30282147,40.36129148,0,0
21.14000000,40.49138252,40.31165702,40.30312658,40.38546320,0,0
21.15000000,40.43242099,40.29775855,40.27679638,40.39529982,0,0
21.16000000,40.39247449,40.34307209,40.24986101,40.36334542,0,0
21.17000000,40.46815241,40.34957978,40.24929050,40.38226321,0,0
21.18000000,40.51501509,40.33374060,40.33047687,40.38341620,0,0
21.19000000,40.56012467,40.33919370,40.29157642,40.35107278,0,0
21.20000000,40.51218413,40.32456034,40.36585676,40.35249967,0,0
21.21000000,40.48732780,40.36507408,40.33779723,40.40815384,0,0
21.22000000,40.46548708,40.33448971,40.33783813,40.39985674,0,0
21.23000000,40.47493472,40.35565024,40.34067863,40.37682166,0,0
21.24000000,40.48442541,40.30341459,40.29176298,40.35465953,0,0
21.25000000,40.52120944,40.29089703,40.32577367,40.35315350,0,0
21.26000000,40.45891379,40.29766919,40.29378043,40.33495677,0,0
21.27000000,40.39396447,40.31802919,40.33447231,40.36476337,0,0
21.28000000,40.45343129,40.32413019,40.24120530,40.28491068,0,0
21.29000000,40.52049918,40.33004175,40.22720331,40.31745432,0,0
21.30000000,40.57294275,40.29513840,40.18974763,40.25436951,0,0
21.31000000,40.47556721,40.27686736,40.25768556,40.28254444,0,0
21.32000000,40.38538554,40.35223719,40.22177952,40.27449093,0,0
21.33000000,40.40186755,40.34825483,40.22185384,40.27183153,0,0
21.34000000,40.45347641,40.32401132,40.17378451,40.25801304,0,0
21.35000000,40.51123261,40.23816834,40.21688983,40.22347602,0,0
21.36000000,40.55339583,40.26935444,40.21784255,40.25531238,0,0
21.37000000,40.46664603,40.27658492,40.21759010,40.22239944,0,0
21.38000000,40.41834252,40.29227868,40.17592501,40.22914878,0,0
21.39000000,40.36107445,40.32402353,40.12754836,40.24984941,0,0
21.40000000,40.39939455,40.24746262,40.14840199,40.20997429,0,0
21.41000000,40.45384802,40.21158570,40.17353448,40.24146261,0,0
21.42000000,40.41399419,40.20459320,40.23590954,40.23939663,0,0
21.43000000,40.39644730,40.18966319,40.23017404,40.24216730,0,0
21.44000000,40.34474988,40.24662060,40.26470484,40.29973724,0,0
21.45000000,40.39252819,40.21868661,40.25832065,40.29892441,0,0
21.46000000,40.43714379,40.22910673,40.31544735,40.27801502,0,0
21.47000000,40.38630652,40.19475884,40.32309397,40.31099559,0,0
21.48000000,40.46353134,40.21348613,40.29681179,40.28134967,0,0
21.49000000,40.37435821,40.27400256,40.29358516,40.23521675,0,0
21.50000000,40.37908691,40.29768553,40.22402108,40.23283177,0,0
21.51000000,40.42199310,40.22124902,40.20706130,40.21704159,0,0
21.52000000,40.45791681,40.27380479,40.23649051,40.20941444,0,0
21.53000000,40.44486741,40.16308871,40.27963177,40.25184620,0,0
21.54000000,40.44482320,40.30091422,40.24703792,40.26498713,0,0
21.55000000,40.36146922,40.23865859,40.16244855,40.23945055,0,0
21.56000000,40.37400081,40.24312528,40.09876101,40.24039984,0,0
21.57000000,40.43302137,40.21914996,40.15521056,40.22499484,0,0
21.58000000,40.47618903,40.22259830,40.17391289,40.17352274,0,0
21.59000000,40.45927227,40.19828016,40.20550107,40.19860080,0,0
21.60000000,40.36550015,40.24626224,40.19757213,40.22127424,0,0
21.61000000,40.29654678,40.22151475,40.17208634,40.19416036,0,0
21.62000000,40.35529115,40.20715553,40.15089378,40.19174979,0,0
21.63000000,40.41102474,40.24763998,40.16930631,40.22212113,0,0
21.64000000,40.49865403,40.19083981,40.15951330,40.18637286,0,0
21.65000000,40.46061164,40.25466346,40.17549805,40.21323843,0,0
21.66000000,40.38607164,40.22023192,40.12343982,40.17581972,0,0
21.67000000,40.39783328,40.25362823,40.14192509,40.19606073,0,0
21.68000000,40.35904807,40.21992397,40.11603921,40.17378820,0,0
21.69000000,40.41801952,40.16634773,40.14285925,40.17083593,0,0
21.70000000,40.33031087,40.21823359,40.13016462,40.13480964,0,0
21.71000000,40.35859586,40.08951236,40.18020582,40.19432497,0,0
21.72000000,40.25145147,40.19324534,40.11864602,40.09386580,0,0
21.73000000,40.41890837,40.10936495,40.13143896,40.15486041,0,0
21.74000000,40.44666274,40.17720386,40.12786340,40.15039401,0,0
21.75000000,40.33738891,40.18399745,40.20459714,40.12290468,0,0
21.76000000,40.31461375,40.10216414,40.12774078,40.10957280,0,0
21.77000000,40.27062512,40.00688860,40.15618441,40.10402801,0,0
21.78000000,40.31201838,40.12552482,40.08256371,40.13878097,0,0
21.79000000,40.32474326,40.17720410,40.09062812,40.11500153,0,0
21.80000000,40.30703803,40.13812656,40.14933902,40.06087666,0,0
21.81000000,40.28426664,40.04839116,40.15343474,40.09703634,0,0
21.82000000,40.27306599,40.06573376,40.17234586,40.06726091,0,0
21.83000000,40.27941779,40.05525107,40.10925161,40.11734289,0,0
21.84000000,40.26518414,40.09558541,40.05720940,40.10179784,0,0
21.85000000,40.23327263,40.04267315,40.03321495,40.08204033,0,0
21.86000000,40.30615826,40.04114731,40.06665504,40.06890884,0,0
21.87000000,40.25891003,39.98389475,40.05698192,40.07401199,0,0
21.88000000,40.28892474,40.02773864,40.14308322,40.08470524,0,0
21.89000000,40.18486303,40.06111599,40.07008874,40.06588493,0,0
21.90000000,40.22261129,40.06562869,40.16121723,40.09283123,0,0
21.91000000,40.21420127,40.04411181,40.07425758,40.13189477,0,0
21.92000000,40.23745100,39.95792354,40.12755017,40.09052679,0,0
21.93000000,40.14493134,39.90009837,40.10007406,40.14641635,0,0
21.94000000,40.21887018,39.93779142,40.00989787,40.09911811,0,0
21.95000000,40.21966170,40.05463921,40.01173454,40.06102319,0,0
21.96000000,40.30260539,40.04920706,40.06108844,40.09445497,0,0
21.97000000,40.32776590,40.05793885,40.07077596,40.03903465,0,0
21.98000000,40.29242335,40.06720459,40.07930032,39.98812023,0,0
21.99000000,40.26493580,40.02032713,40.04562120,40.04914071,0,0
22.00000000,40.23005818,40.05476705,40.07718723,39.99711796,0,0
22.01000000,40.23857311,39.99812387,40.09044462,39.96933198,0,0
22.02000000,40.25200867,39.93859351,40.06189894,40.05296504,0,0
22.03000000,40.31772026,39.97488706,40.10297053,40.01698776,0,0
22.04000000,40.26907276,40.00711543,40.10574018,40.02380415,0,0
22.05000000,40.28047597,40.08880562,40.10733269,40.04711791,0,0
22.06000000,40.23446431,40.02202590,40.06816985,40.00843848,0,0
22.07000000,40.19211222,40.01689188,40.00048270,40.02387422,0,0
22.08000000,40.20025565,39.98521390,40.04107982,39.98917906,0,0
22.09000000,40.33676311,39.99331217,40.00989360,39.93381577,0,0
22.10000000,40.25151543,40.01934896,40.00696726,39.92491083,0,0
22.11000000,40.30187784,40.00417848,39.97600571,39.87553420,0,0
22.12000000,40.23161405,39.90733829,39.95220722,39.88542277,0,0
22.13000000,40.20763130,39.98602829,40.00470554,39.93151552,0,0
22.14000000,40.18618673,39.96124888,39.92919136,39.92018202,0,0
22.15000000,40.21587535,40.01985802,39.96882104,39.89448663,0,0
22.16000000,40.17975093,39.98984660,39.86265039,39.92332089,0,0
22.17000000,40.24677282,39.92327982,39.84830760,39.85195940,0,0
22.18000000,40.18781451,39.90143308,39.88358057,39.83046202,0,0
22.19000000,40.13553036,39.86494229,39.87707362,39.88227467,0,0
22.20000000,40.09335483,39.88842436,39.94096391,39.87418895,0,0
22.21000000,40.07935264,39.92549124,39.92968023,39.91803735,0,0
22.22000000,40.05232013,39.87910785,39.92586527,39.90390218,0,0
22.23000000,40.06871371,39.83363582,39.91083607,39.89221954,0,0
22.24000000,40.05079638,39.78353324,39.88043918,39.89701462,0,0
22.25000000,40.11526453,39.82281078,39.91019763,39.89810242,0,0
22.26000000,40.07350083,39.86391477,39.94189391,39.88911540,0,0
22.27000000,40.08913913,39.88512563,39.95924703,39.83985683,0,0
22.28000000,40.01250287,39.83035482,39.87922251,39.87224026,0,0
22.29000000,40.06289904,39.81795598,39.99136989,39.87187146,0,0
22.30000000,40.06228935,39.80517179,39.79918385,39.87168505,0,0
22.31000000,39.99275001,39.80897905,39.86947649,39.96417514,0,0
22.32000000,40.00170690,39.80443191,39.94554466,39.88258881,0,0
22.33000000,39.97443971,39.75382643,39.89700348,39.86447916,0,0
22.34000000,40.06558886,39.80017997,39.92113803,39.87029082,0,0
22.35000000,40.04961690,39.76790783,39.90971657,39.81206846,0,0
22.36000000,40.07778673,39.85563267,39.97682923,39.84176771,0,0
22.37000000,40.02580175,39.83609777,39.83003274,39.80309421,0,0
22.38000000,39.99882978,39.83909836,39.90683640,39.83339968,0,0
22.39000000,40.00198631,39.80759282,39.93157985,39.87900526,0,0
22.40000000,39.98151778,39.79402260,39.93262011,39.84014920,0,0
22.41000000,40.06241797,39.77636301,39.92937423,39.85021373,0,0
22.42000000,40.07595105,39.77695795,39.90776323,39.82646869,0,0
22.43000000,40.08512006,39.77943037,39.90726541,39.82956188,0,0
22.44000000,40.09461411,39.75991957,39.89386654,39.86168975,0,0
22.45000000,40.06772890,39.83987712,39.88762220,39.85474615,0,0
22.46000000,40.06041089,39.80622982,39.84128645,39.85381102,0,0
22.47000000,40.02140137,39.87164734,39.80994151,39.80065481,0,0
22.48000000,40.01827748,39.79299815,39.83385662,39.78037682,0,0
22.49000000,40.10824798,39.78353448,39.79105861,39.76289691,0,0
22.50000000,40.14878883,39.78445174,39.80489525,39.74603098,0,0
22.51000000,40.13717215,39.83016829,39.83626605,39.73071889,0,0
22.52000000,40.04323055,39.87160092,39.81614832,39.75843652,0,0
22.53000000,40.01459560,39.84755568,39.87163069,39.76222954,0,0
22.54000000,40.03562262,39.86187835,39.81523857,39.76549069,0,0
22.55000000,40.08334437,39.78962628,39.75745304,39.73617862,0,0
22.56000000,40.05121802,39.78977680,39.73061051,39.76855335,0,0
22.57000000,39.96805073,39.83248549,39.73289907,39.71569593,0,0
22.58000000,39.93796295,39.75028729,39.76132219,39.70017934,0,0
22.59000000,40.07358569,39.76921641,39.80060688,39.72814885,0,0
22.60000000,40.08998440,39.74054836,39.80068485,39.75159342,0,0
22.61000000,40.10033065,39.82113754,39.74216882,39.77980686,0,0
22.62000000,39.96554012,39.76269423,39.70921336,39.79049312,0,0
22.63000000,39.93379057,39.81298453,39.65442038,39.77309606,0,0
22.64000000,39.95750842,39.73707774,39.67173513,39.74301299,0,0
22.65000000,39.99970107,39.74858844,39.66353817,39.69666231,0,0
22.66000000,40.02827814,39.70389556,39.68362300,39.68043549,0,0
22.67000000,39.98236089,39.74800541,39.72238226,39.67369112,0,0
22.68000000,39.89443140,39.72266512,39.70851666,39.67777978,0,0
22.69000000,39.89802599,39.74796366,39.69113966,39.66131049,0,0
22.70000000,39.92934125,39.72903628,39.66433268,39.69409741,0,0
22.71000000,39.94289643,39.70998447,39.63872712,39.67404361,0,0
22.72000000,39.90738129,39.70227805,39.64789957,39.69187548,0,0
22.73000000,39.83830653,39.66867469,39.72671014,39.66306394,0,0
22.74000000,39.87627975,39.67070389,39.72081151,39.67721080,0,0
22.75000000,39.87563842,39.68523248,39.72622148,39.65590397,0,0
22.76000000,39.84856136,39.66703962,39.79152739,39.68132491,0,0
22.77000000,39.82139842,39.66562750,39.78829238,39.69748512,0,0
22.78000000,39.86397683,39.63824451,39.78602812,39.73341787,0,0
22.79000000,39.87483170,39.69143808,39.69889410,39.73238526,0,0
22.80000000,39.95542029,39.64569378,39.59004781,39.70945644,0,0
22.81000000,39.84554859,39.68840791,39.65547010,39.69041626,0,0
22.82000000,39.74051602,39.61028425,39.72941483,39.69718729,0,0
22.83000000,39.75281623,39.70931027,39.77186313,39.66035176,0,0
22.84000000,39.88096257,39.67685437,39.75108825,39.72891824,0,0
22.85000000,39.96486203,39.62639526,39.67715834,39.69974139,0,0
22.86000000,39.84621004,39.64557737,39.62200178,39.66927311,0,0
22.87000000,39.77027264,39.65542069,39.69163611,39.69580698,0,0
22.88000000,39.68273682,39.65513846,39.70768272,39.69026371,0,0
22.89000000,39.81925462,39.68591405,39.72617546,39.67608920,0,0
22.90000000,39.84795903,39.63469646,39.67670962,39.66659220,0,0
22.91000000,39.90013399,39.64376273,39.62322971,39.62730347,0,0
22.92000000,39.78380718,39.57191305,39.61883511,39.65105357,0,0
22.93000000,39.71847826,39.62890393,39.60787147,39.64528587,0,0
22.94000000,39.70897041,39.56615649,39.67923074,39.67189057,0,0
22.95000000,39.74247420,39.62210027,39.60409528,39.64344317,0,0
22.96000000,39.80202863,39.61187723,39.56670706,39.62313742,0,0
22.97000000,39.78094623,39.61793757,39.56256769,39.60904766,0,0
22.98000000,39.73869627,39.58693987,39.53384112,39.58044912,0,0
22.99000000,39.69404109,39.57477507,39.54588289,39.61179488,0,0
23.00000000,39.63622468,39.63049488,39.45899763,39.61099032,0,0
23.01000000,39.64887617,39.54769326,39.50885245,39.57257712,0,0
23.02000000,39.64981779,39.54415120,39.49054652,39.59639714,0,0
23.03000000,39.66996165,39.38649579,39.48476298,39.55577189,0,0
23.04000000,39.69319336,39.50968049,39.45548676,39.53969221,0,0
23.05000000,39.66202553,39.53529454,39.40518088,39.55733655,0,0
23.06000000,39.62014112,39.57690335,39.36594253,39.47754603,0,0
23.07000000,39.53890972,39.50472116,39.47641304,39.51118632,0,0
23.08000000,39.58891666,39.43802407,39.50546283,39.48717672,0,0
23.09000000,39.67287870,39.43182233,39.49851439,39.49977443,0,0
23.10000000,39.54066263,39.40409310,39.41403696,39.48669986,0,0
23.11000000,39.48546315,39.44014771,39.33299528,39.46912280,0,0
23.12000000,39.46882209,39.44305250,39.37456311,39.47552061,0,0
23.13000000,39.61277549,39.41693126,39.37793012,39.48985510,0,0
23.14000000,39.62579781,39.38466736,39.44920656,39.49399831,0,0
23.15000000,39.50870435,39.35557674,39.41799607,39.44590712,0,0
23.16000000,39.26575927,39.29631591,39.38016772,39.48112663,0,0
23.17000000,39.33203494,39.36310975,39.29852416,39.37833295,0,0
23.18000000,39.39207755,39.35116578,39.32663580,39.39819623,0,0
23.19000000,39.47386084,39.28760987,39.30554395,39.38762159,0,0
23.20000000,39.36452395,39.21059418,39.31509488,39.35527280,0,0
23.21000000,39.42517220,39.23815631,39.30868418,39.35130928,0,0
23.22000000,39.46242163,39.42520230,39.28647511,39.35866041,0,0
23.23000000,39.58850019,39.29942390,39.22496748,39.32678391,0,0
23.24000000,39.40633113,39.24677760,39.19399046,39.32401791,0,0
23.25000000,39.30779538,39.16123621,39.20927340,39.23419826,0,0
23.26000000,39.29532557,39.15281953,39.18432557,39.30469056,0,0
23.27000000,39.42766613,39.34348706,39.21223790,39.19254559,0,0
23.28000000,39.45185408,39.23530245,39.10399102,39.21216405,0,0
23.29000000,39.39876847,39.27167653,39.17264761,39.25143854,0,0
23.30000000,39.31729141,39.15552951,39.10345228,39.18240877,0,0
23.31000000,39.32298219,39.15802659,39.18555408,39.21246006,0,0
23.32000000,39.34532742,39.25248379,39.18797775,39.26144692,0,0
23.33000000,39.30328164,39.16247251,39.11146377,39.19847921,0,0
23.34000000,39.26807230,39.16580563,39.01198651,39.16239928,0,0
23.35000000,39.27510928,39.17905085,39.03648238,39.18806001,0,0
23.36000000,39.27750768,39.16639358,39.16493091,39.18565551,0,0
23.37000000,39.26087028,39.18922388,39.33402667,39.17596738,0,0
23.38000000,39.24115826,39.08672175,39.23973425,39.23837852,0,0
23.39000000,39.23496472,39.03469204,39.19335410,39.17867415,0,0
23.40000000,39.28527842,39.08469196,39.06208250,39.20948442,0,0
23.41000000,39.20566389,39.07471938,39.10257383,39.13660876,0,0
23.42000000,39.12226280,39.05517368,38.87267425,39.07797827,0,0
23.43000000,39.11016758,39.05262415,38.94510812,39.05398899,0,0
23.44000000,39.14302009,39.02597414,38.82414190,38.96615597,0,0
23.45000000,39.17917432,39.01283817,38.90595330,39.01408141,0,0
23.46000000,39.16169365,39.01493543,38.88878224,38.99589240,0,0
23.47000000,39.09869454,38.94722347,38.85823749,38.97542375,0,0
23.48000000,38.98811464,38.99501585,38.85558666,38.95351450,0,0
23.49000000,39.06733218,38.91101324,38.78881678,38.90812858,0,0
23.50000000,39.07751906,38.88174142,38.80693867,38.93588389,0,0
23.51000000,39.04629366,38.95622980,38.79675026,38.89371897,0,0
23.52000000,38.96053577,38.95467261,38.79308109,38.91159569,0,0
23.53000000,38.94340626,38.92524400,38.77835384,38.90565958,0,0
23.54000000,38.92506916,38.85778366,38.75712735,38.82320704,0,0
23.55000000,38.89150295,38.77736486,38.75260170,38.88985327,0,0
23.56000000,38.90513844,38.79521633,38.69707220,38.79105310,0,0
23.57000000,38.97138577,38.83405457,38.72680498,38.82587008,0,0
23.58000000,38.87369303,38.78960773,38.79100327,38.89213147,0,0
23.59000000,38.87551262,38.71937224,38.76159434,38.83624215,0,0
23.60000000,38.84127501,38.76876058,38.71774607,38.87154341,0,0
23.61000000,38.86357058,38.76760440,38.73326281,38.89713827,0,0
23.62000000,38.89651928,38.87015885,38.72242579,38.87591655,0,0
23.63000000,38.85913112,38.75004113,38.82032125,38.86579478,0,0
23.64000000,38.81395299,38.65928322,38.80065614,38.88947601,0,0
23.65000000,38.77740474,38.65316513,38.85738671,38.82435850,0,0
23.66000000,38.74173476,38.68791294,38.76404272,38.85823500,0,0
23.67000000,38.73305531,38.74135784,38.71676074,38.79296234,0,0
23.68000000,38.77115167,38.77623154,38.68818979,38.78604024,0,0
23.69000000,38.71967448,38.75291357,38.69583281,38.83434001,0,0
23.70000000,38.77678631,38.69737209,38.65473088,38.73596830,0,0
23.71000000,38.77878797,38.73559996,38.64452342,38.69327234,0,0
23.72000000,38.73783131,38.78447119,38.59210132,38.68382478,0,0
23.73000000,38.73000991,38.68486813,38.53253605,38.65599182,0,0
23.74000000,38.74930295,38.69048021,38.58825249,38.64221302,0,0
23.75000000,38.72522263,38.63591713,38.60001785,38.64847999,0,0
23.76000000,38.70914853,38.67485449,38.52350408,38.67451257,0,0
23.77000000,38.67212515,38.69682087,38.50440385,38.65971929,0,0
23.78000000,38.62144433,38.68974683,38.40829372,38.62421520,0,0
23.79000000,38.66037319,38.59039816,38.40611371,38.61868313,0,0
23.80000000,38.65703087,38.59540550,38.43011784,38.64169576,0,0
23.81000000,38.62140066,38.58001205,38.33636116,38.53773001,0,0
23.82000000,38.55539883,38.60605110,38.33014819,38.56932796,0,0
23.83000000,38.56157936,38.57608938,38.28527531,38.53175929,0,0
23.84000000,38.61992520,38.54579820,38.30145949,38.53665895,0,0
23.85000000,38.62343447,38.49969165,38.28311964,38.59079241,0,0
23.86000000,38.53526020,38.58226212,38.34717562,38.58679942,0,0
23.87000000,38.44427609,38.43531638,38.34288809,38.52469256,0,0
23.88000000,38.43581076,38.53664103,38.37953584,38.50712486,0,0
23.89000000,38.51989511,38.44701521,38.33153405,38.49626385,0,0
23.90000000,38.51341001,38.45432406,38.31777220,38.41667126,0,0
23.91000000,38.45405739,38.33884276,38.26426061,38.42223969,0,0
23.92000000,38.40134444,38.37542725,38.23019682,38.39272173,0,0
23.93000000,38.40130626,38.40434879,38.23505669,38.36617652,0,0
23.94000000,38.43940511,38.41614567,38.23189693,38.41532471,0,0
23.95000000,38.43880752,38.36294173,38.21724047,38.38500768,0,0
23.96000000,38.35385046,38.28360852,38.24840410,38.40691596,0,0
23.97000000,38.34764857,38.27011932,38.24593664,38.37463059,0,0
23.98000000,38.35610783,38.31232929,38.25084943,38.35700903,0,0
23.99000000,38.36718346,38.35423783,38.22197675,38.36645239,0,0
24.00000000,38.32717406,38.31320579,38.21528950,38.35730850,0,0
24.01000000,38.25021450,38.25247181,38.19161934,38.30816950,0,0
24.02000000,38.23951135,38.20172970,38.17925221,38.30067536,0,0
24.03000000,38.26415315,38.24716510,38.12282458,38.30601138,0,0
24.04000000,38.30726712,38.21522050,38.06104951,38.29993758,0,0
24.05000000,38.29628532,38.23423947,38.07934872,38.29399656,0,0
24.06000000,38.25713496,38.20861374,38.07068920,38.28872840,0,0
24.07000000,38.27583142,38.21327680,38.10533099,38.23101921,0,0
24.08000000,38.22316042,38.14676015,38.10883980,38.24818886,0,0
24.09000000,38.26795198,38.14572287,38.09853701,38.24617525,0,0
24.10000000,38.20871792,38.12453685,38.06719210,38.19092545,0,0
24.11000000,38.25437298,38.12826246,38.05687237,38.26272797,0,0
24.12000000,38.21859711,38.13649729,38.11627104,38.21598264,0,0
24.13000000,38.17069274,38.16182298,38.04054512,38.18105659,0,0
24.14000000,38.14463426,38.10609360,38.06430836,38.19969333,0,0
24.15000000,38.14980236,38.12485225,38.01099691,38.17328672,0,0
24.16000000,38.17398786,38.12786602,37.92919960,38.11982332,0,0
24.17000000,38.17061431,38.10858617,37.91503143,38.14542443,0,0
24.18000000,38.12847977,38.06522492,37.96486655,38.08502591,0,0
24.19000000,38.11553488,38.03875520,37.95389090,38.08426953,0,0
24.20000000,38.13613166,38.12052712,37.91448933,38.05468120,0,0
24.21000000,38.14299225,38.03217365,37.89601964,38.02316186,0,0
24.22000000,38.09938918,38.05112792,37.90742841,38.01319569,0,0
24.23000000,38.03126855,37.92572951,37.93024120,38.08227553,0,0
24.24000000,38.03442643,37.97704852,37.90982340,37.98967176,0,0
24.25000000,38.05721918,38.03210519,37.85078470,37.99717741,0,0
24.26000000,38.07315238,38.02498705,37.80760311,37.96191252,0,0
24.27000000,38.04703282,37.94762294,37.77364524,37.93951562,0,0
24.28000000,37.98131774,37.86480813,37.77547750,37.92751685,0,0
24.29000000,37.92607144,37.87811999,37.81007401,37.96356402,0,0
24.30000000,37.90897811,37.80804047,37.76108580,37.93270627,0,0
24.31000000,37.86644860,37.95482993,37.74503944,37.91104859,0,0
24.32000000,37.94233862,37.88198913,37.73175945,37.88051173,0,0
24.33000000,37.93662044,37.96048465,37.68074282,37.87394734,0,0
24.34000000,37.92948703,37.87939084,37.72554636,37.85577264,0,0
24.35000000,37.83800379,37.77435713,37.69204114,37.83402866,0,0
24.36000000,37.86261102,37.78197026,37.68883908,37.80546384,0,0
24.37000000,37.82746959,37.76094252,37.68420944,37.80277172,0,0
24.38000000,37.82095973,37.81171088,37.66716946,37.79711681,0,0
24.39000000,37.78827847,37.75175144,37.66156193,37.79131433,0,0
24.40000000,37.78796763,37.71293893,37.62739357,37.80211297,0,0
24.41000000,37.78247431,37.68248646,37.58221512,37.77392784,0,0
24.42000000,37.75453187,37.66081836,37.58122979,37.73894115,0,0
24.43000000,37.73918420,37.67021600,37.55973243,37.76107032,0,0
24.44000000,37.73402198,37.63844112,37.59618626,37.66371765,0,0
24.45000000,37.71784853,37.63320674,37.60679842,37.70135530,0,0
24.46000000,37.66654355,37.60802653,37.60135739,37.65276795,0,0
24.47000000,37.70165883,37.64131380,37.53418318,37.65641105,0,0
24.48000000,37.68980546,37.62087201,37.51425289,37.68539621,0,0
24.49000000,37.62500596,37.53523874,37.56226331,37.70799713,0,0
24.50000000,37.58715608,37.56261946,37.56155196,37.66496206,0,0
24.51000000,37.61929763,37.58068607,37.56221859,37.63747358,0,0
24.52000000,37.66343531,37.57073587,37.54832333,37.64085680,0,0
24.53000000,37.58624976,37.50712266,37.48792192,37.46170394,0,0
24.54000000,37.58607469,37.47411772,37.43907154,37.58879640,0,0
24.55000000,37.55944265,37.49047470,37.42893597,37.51946021,0,0
24.56000000,37.57189937,37.52919030,37.42705495,37.54556494,0,0
24.57000000,37.58841467,37.47367143,37.43004692,37.50525713,0,0
24.58000000,37.51313682,37.43739672,37.35401214,37.50443176,0,0
24.59000000,37.55540500,37.46649698,37.38410117,37.52213583,0,0
24.60000000,37.54372938,37.47893742,37.37173169,37.50097538,0,0
24.61000000,37.45773225,37.50213447,37.38001540,37.50190808,0,0
24.62000000,37.44252866,37.41824249,37.34370618,37.48400285,0,0
24.63000000,37.44237844,37.39466833,37.29292565,37.44833629,0,0
24.64000000,37.52309676,37.36798119,37.25024859,37.44349944,0,0
24.65000000,37.49692403,37.38610558,37.26610855,37.42367558,0,0
24.66000000,37.45128575,37.37629252,37.23100860,37.43023030,0,0
24.67000000,37.39225192,37.36978447,37.22839261,37.38833427,0,0
24.68000000,37.43389765,37.36949336,37.19582286,37.39452189,0,0
24.69000000,37.37140661,37.32771532,37.17570116,37.32513722,0,0
24.70000000,37.35674716,37.32140039,37.15501177,37.37412024,0,0
24.71000000,37.29103344,37.23925272,37.13776412,37.31679222,0,0
24.72000000,37.37009332,37.25673120,37.08910663,37.32622716,0,0
24.73000000,37.32572325,37.20828312,37.19459136,37.28402769,0,0
24.74000000,37.38511610,37.22174883,37.14129549,37.27145786,0,0
24.75000000,37.24594811,37.23818177,37.09643904,37.19898005,0,0
24.76000000,37.21563814,37.24982724,37.03947121,37.23457553,0,0
24.77000000,37.22604024,37.17628355,37.06665226,37.20186023,0,0
24.78000000,37.35556128,37.17717243,37.06035140,37.18759446,0,0
24.79000000,37.31294088,37.13481854,37.07453500,37.16615663,0,0
24.80000000,37.22207404,37.14855925,37.04444146,37.08387312,0,0
24.81000000,37.13603906,37.18562761,36.99858308,37.07503723,0,0
24.82000000,37.07178679,37.13432030,37.02634286,37.05191290,0,0
24.83000000,37.12722012,37.11064371,36.97816356,37.06763016,0,0
24.84000000,37.18775980,37.02614641,36.93591285,37.10096774,0,0
24.85000000,37.14681734,36.99839305,36.96062234,37.10910968,0,0
24.86000000,37.17659443,36.93516425,36.94338707,37.09832052,0,0
24.87000000,37.10658782,37.07311776,36.94159066,37.06703856,0,0
24.88000000,37.05206258,37.02695329,36.92819052,37.08029229,0,0
24.89000000,36.94561723,37.02550935,36.92132397,37.02563630,0,0
24.90000000,36.98059161,36.97123119,36.93771879,37.05041774,0,0
24.91000000,37.10283658,36.92201710,36.91196104,37.02172363,0,0
24.92000000,37.08308073,36.93108732,36.89943980,37.01293523,0,0
24.93000000,37.04325671,36.93145454,36.91771047,37.03401376,0,0
24.94000000,36.94667772,36.87764693,36.88335249,36.98854646,0,0
24.95000000,37.03739384,36.91764194,36.87486178,37.00296552,0,0
24.96000000,37.07891156,36.86842552,36.83076634,36.99299736,0,0
24.97000000,36.97924460,36.80307940,36.90710418,36.97558427,0,0
24.98000000,36.90991001,36.87554423,36.82993204,36.95241375,0,0
24.99000000,36.89551611,36.90391176,36.84171388,36.92641260,0,0
25.00000000,36.98647124,36.77406558,36.73097327,36.85550996,0,0
25.01000000,36.99283248,36.80588129,36.67330730,36.83568809,0,0
25.02000000,36.90916791,36.79834583,36.63126854,36.83601801,0,0
25.03000000,36.82485720,36.81218690,36.67586736,36.82467561,0,0
25.04000000,36.80404003,36.82495540,36.80905378,36.82614542,0,0
25.05000000,36.86509338,36.79189764,36.79042305,36.80827880,0,0
25.06000000,36.89630682,36.69781319,36.77444725,36.76391036,0,0
25.07000000,36.93171023,36.67173421,36.70420355,36.75805243,0,0
25.08000000,36.86027414,36.71605983,36.64215296,36.70267076,0,0
25.09000000,36.79570991,36.75680370,36.63664403,36.64206465,0,0
25.10000000,36.82718398,36.74876158,36.64943465,36.69736138,0,0
25.11000000,36.84619624,36.71544227,36.63905114,36.66062333,0,0
25.12000000,36.87430172,36.66143063,36.58049665,36.65923887,0,0
25.13000000,36.80222508,36.60091477,36.60455342,36.69976701,0,0
25.14000000,36.68859805,36.64290906,36.58908496,36.64754265,0,0
25.15000000,36.66721392,36.62452848,36.54112674,36.64459645,0,0
25.16000000,36.74861001,36.60224195,36.58636166,36.65347747,0,0
25.17000000,36.80157040,36.64706507,36.49471354,36.68116398,0,0
25.18000000,36.78370873,36.67034408,36.52993998,36.63247775,0,0
25.19000000,36.72626404,36.62376928,36.48985051,36.69673613,0,0
25.20000000,36.66116033,36.59502992,36.51354337,36.58551814,0,0
25.21000000,36.66471165,36.54999241,36.57678328,36.63756413,0,0
25.22000000,36.70151658,36.60678916,36.58040612,36.63411332,0,0
25.23000000,36.70996082,36.55836867,36.54460358,36.57385762,0,0
25.24000000,36.69794373,36.59497493,36.52303133,36.60238590,0,0
25.25000000,36.66718000,36.58103433,36.50962305,36.55472267,0,0
25.26000000,36.66371360,36.56829213,36.48955101,36.49689949,0,0
25.27000000,36.62305583,36.54758437,36.46301567,36.54328283,0,0
25.28000000,36.67586521,36.54098987,36.41326377,36.54748493,0,0
25.29000000,36.63516957,36.54391485,36.39427978,36.50129682,0,0
25.30000000,36.57579077,36.53599457,36.37412853,36.51601550,0,0
25.31000000,36.59149374,36.49622762,36.35637429,36.50961166,0,0
25.32000000,36.60216531,36.48786627,36.32832646,36.48850111,0,0
25.33000000,36.66879479,36.45361588,36.42682982,36.46993219,0,0
25.34000000,36.76138352,36.45796582,36.40736547,36.50138113,0,0
25.35000000,36.54950364,36.54642257,36.40347499,36.47886949,0,0
25.36000000,36.58004493,36.53312018,36.40734049,36.48289787,0,0
25.37000000,36.46565838,36.52122582,36.40138059,36.51080990,0,0
25.38000000,36.64474324,36.45640604,36.41680119,36.46755198,0,0
25.39000000,36.58397524,36.43336639,36.40987895,36.38902482,0,0
25.40000000,36.67347992,36.49443637,36.33089881,36.43373173,0,0
25.41000000,36.53091467,36.45492751,36.36490456,36.40200605,0,0
25.42000000,36.52185893,36.47215938,36.37055321,36.37908374,0,0
25.43000000,36.53800853,36.45350582,36.37513496,36.46288689,0,0
25.44000000,36.58113095,36.36071424,36.36622436,36.43740079,0,0
25.45000000,36.59614298,36.38664265,36.32982060,36.42580778,0,0
25.46000000,36.54225290,36.42570955,36.35833836,36.36911058,0,0
25.47000000,36.45896812,36.39405857,36.32592446,36.39114785,0,0
25.48000000,36.45050785,36.43039195,36.36511259,36.37585248,0,0
25.49000000,36.49735803,36.40296156,36.38595673,36.35137787,0,0
25.50000000,36.50346561,36.40360914,36.34120139,36.36227759,0,0
25.51000000,36.50116158,36.36612064,36.31248439,36.37942841,0,0
25.52000000,36.45641470,36.32970623,36.28775921,36.39256516,0,0
25.53000000,36.49887520,36.34894772,36.19818438,36.38494332,0,0
25.54000000,36.48755145,36.34680554,36.28639105,36.36561817,0,0
25.55000000,36.46990976,36.36369032,36.20232604,36.36564310,0,0
25.56000000,36.45800520,36.40142816,36.18149833,36.32194576,0,0
25.57000000,36.46027006,36.42845093,36.21143606,36.27627686,0,0
25.58000000,36.38763183,36.28291409,36.13014900,36.33980252,0,0
25.59000000,36.41784402,36.23498509,36.32710068,36.28710207,0,0
25.60000000,36.35602923,36.14274959,36.23847924,36.34536202,0,0
25.61000000,36.52615559,36.17582689,36.21386803,36.33012126,0,0
25.62000000,36.43787345,36.33379295,36.18074000,36.35617368,0,0
25.63000000,36.38441754,36.36276537,36.19644388,36.33558619,0,0
25.64000000,36.43374666,36.33863012,36.25599923,36.27153810,0,0
25.65000000,36.31758008,36.27804833,36.22752611,36.30149030,0,0
25.66000000,36.41611609,36.28986471,36.25532972,36.32031583,0,0
25.67000000,36.28971540,36.22184199,36.19620804,36.28151032,0,0
25.68000000,36.33456787,36.22132712,36.18977231,36.28544458,0,0
25.69000000,36.28249834,36.29265291,36.20320520,36.29369289,0,0
25.70000000,36.34341361,36.29504995,36.20529272,36.23287688,0,0
25.71000000,36.37055557,36.28672074,36.25041936,36.28952198,0,0
25.72000000,36.32507954,36.23983279,36.18880238,36.27505293,0,0
25.73000000,36.30884434,36.24230008,36.19394466,36.28278049,0,0
25.74000000,36.35243364,36.24352148,36.18677877,36.30386938,0,0
25.75000000,36.35517073,36.27477346,36.20421577,36.26833435,0,0
25.76000000,36.37166993,36.29570523,36.20501285,36.25627413,0,0
25.77000000,36.33960585,36.23984055,36.19330031,36.24623846,0,0
25.78000000,36.33670752,36.29565456,36.14057224,36.19279919,0,0
25.79000000,36.44687969,36.36876083,36.18969661,36.24312121,0,0
25.80000000,36.48744375,36.43403446,36.21704541,36.30817086,0,0
25.81000000,36.44325812,36.35630621,36.14930122,36.19072123,0,0
25.82000000,36.34511692,36.32901759,36.11175601,36.34216727,0,0
25.83000000,36.32721599,36.30694061,36.13220654,36.28069635,0,0
25.84000000,36.28062402,36.33749922,36.20982847,36.20258883,0,0
25.85000000,36.38779128,36.33335886,36.18642892,36.26002395,0,0
25.86000000,36.42726445,36.33555082,36.15374560,36.29550463,0,0
25.87000000,36.36013462,36.34329756,36.13214166,36.28099794,0,0
25.88000000,36.42074088,36.36041453,36.16702030,36.26896380,0,0
25.89000000,36.33330736,36.38715285,36.20602622,36.33432928,0,0
25.90000000,36.38825422,36.38729144,36.26799123,36.27118842,0,0
25.91000000,36.45137151,36.40150135,36.19805491,36.31456213,0,0
25.92000000,36.49149807,36.41301757,36.21626918,36.30230633,0,0
25.93000000,36.52915375,36.46580080,36.14821889,36.28222676,0,0
25.94000000,36.51172308,36.51424931,36.11198991,36.29231280,0,0
25.95000000,36.53659235,36.56292872,36.11645279,36.25567754,0,0
25.96000000,36.54667397,36.55205188,36.11483927,36.30888266,0,0
25.97000000,36.61161361,36.53472177,36.15694693,36.27254679,0,0
25.98000000,36.65741389,36.61200989,36.16099926,36.30385634,0,0
25.99000000,36.62830716,36.61681411,36.21482115,36.35695392,0,0
26.00000000,36.60665823,36.65204852,36.22825255,36.37758549,0,0
26.01000000,36.51958857,36.60365794,36.26360491,36.39797074,0,0
26.02000000,36.60073379,36.63199969,36.29277659,36.44446900,0,0
26.03000000,36.66466700,36.65088640,36.32364362,36.47766544,0,0
26.04000000,36.74626898,36.68157730,36.31068363,36.49532550,0,0
26.05000000,36.65010504,36.65398546,36.26252658,36.51557678,0,0
26.06000000,36.75112851,36.75110786,36.41042794,36.52993921,0,0
26.07000000,36.67174005,36.75047552,36.29370438,36.56350567,0,0
26.08000000,36.77099804,36.80324182,36.47889263,36.55921591,0,0
26.09000000,36.77435100,36.81594288,36.52065368,36.60824522,0,0
26.10000000,36.81084022,36.87314740,36.53512575,36.66227981,0,0
26.11000000,36.80961481,36.83220335,36.52729865,36.69607878,0,0
26.12000000,36.86045270,36.80220919,36.51665905,36.74353324,0,0
26.13000000,36.91154397,36.96650038,36.55904850,36.80054295,0,0
26.14000000,36.95935600,36.98678597,36.61225224,36.81991537,0,0
26.15000000,37.04827137,37.08100911,36.65542577,36.79150313,0,0
26.16000000,36.98532495,37.01745119,36.67971396,36.82962857,0,0
26.17000000,37.05870853,37.03600111,36.71394954,36.82001458,0,0
26.18000000,37.10661602,37.10769870,36.76820011,36.90373563,0,0
26.19000000,37.15024038,37.13523432,36.74825858,36.93321282,0,0
26.20000000,37.16306760,37.19033432,36.83402815,36.98368765,0,0
26.21000000,37.17841519,37.19009430,36.83042728,37.05724225,0,0
26.22000000,37.18363902,37.20998404,36.85636669,37.08653232,0,0
26.23000000,37.17225573,37.27425130,36.99453723,37.14200739,0,0
26.24000000,37.26370362,37.25940977,36.98690640,37.16624544,0,0
26.25000000,37.45296734,37.34824152,37.03941381,37.17201345,0,0
26.26000000,37.51996989,37.30483584,37.01510803,37.21680818,0,0
26.27000000,37.50599789,37.45775266,37.10157139,37.23341757,0,0
26.28000000,37.33702603,37.48559616,37.08230098,37.21632581,0,0
26.29000000,37.42557256,37.54583499,37.22206105,37.31763246,0,0
26.30000000,37.45249068,37.52818816,37.11227234,37.31816760,0,0
26.31000000,37.62356071,37.53543536,37.18882286,37.39498537,0,0
26.32000000,37.62804861,37.54678658,37.13307769,37.33283017,0,0
26.33000000,37.56966914,37.58656444,37.25062158,37.50382492,0,0
26.34000000,37.55189381,37.62668972,37.29667693,37.40591703,0,0
26.35000000,37.61644795,37.68538324,37.38797255,37.48213118,0,0
26.36000000,37.70157592,37.65365535,37.32643809,37.60036280,0,0
26.37000000,37.73146151,37.67173455,37.31104695,37.56470893,0,0
26.38000000,37.73266980,37.71201920,37.33420377,37.62072798,0,0
26.39000000,37.70828254,37.81087520,37.37163201,37.62974094,0,0
26.40000000,37.75316999,37.89456252,37.43219228,37.62612803,0,0
26.41000000,37.82812749,37.84977628,37.48982879,37.67899497,0,0
26.42000000,37.85653960,37.87609646,37.50577753,37.71181818,0,0
26.43000000,37.84418656,37.82893491,37.56273446,37.77918570,0,0
26.44000000,37.92535281,37.92918339,37.64503406,37.80031311,0,0
26.45000000,37.93000359,37.95736094,37.67343926,37.84604919,0,0
26.46000000,37.96795434,37.98682718,37.63933376,37.90401410,0,0
26.47000000,37.98964877,38.06194632,37.56534119,37.88744066,0,0
26.48000000,38.04784718,38.05843511,37.57123544,37.95775951,0,0
26.49000000,38.14101411,38.09408530,37.61259676,37.93965044,0,0
26.50000000,38.14992126,38.14261523,37.84735907,38.04122542,0,0
26.51000000,38.10593543,38.12109003,37.96268979,37.98589407,0,0
26.52000000,38.11883178,38.16242777,38.04751331,38.07397484,0,0
26.53000000,38.20996693,38.21701766,37.97936502,38.13958147,0,0
26.54000000,38.32139734,38.28979476,38.02649409,38.20116251,0,0
26.55000000,38.31737796,38.33596384,38.07394020,38.25657588,0,0
26.56000000,38.31757277,38.35715720,38.16078110,38.30140738,0,0
26.57000000,38.33619503,38.39800667,38.23522012,38.34167712,0,0
26.58000000,38.38814232,38.42977052,38.25649163,38.37191922,0,0
26.59000000,38.51273211,38.55026140,38.24643779,38.35227183,0,0
26.60000000,38.47694587,38.42075904,38.26078868,38.43234126,0,0
26.61000000,38.51467530,38.61415012,38.29335253,38.42635396,0,0
26.62000000,38.55639289,38.61622385,38.33664947,38.45669763,0,0
26.63000000,38.71871200,38.72549114,38.38782908,38.52177757,0,0
26.64000000,38.76220796,38.63956404,38.41600931,38.52660883,0,0
26.65000000,38.78130809,38.71626295,38.41344424,38.60114994,0,0
26.66000000,38.79558326,38.74759989,38.38388222,38.52673500,0,0
26.67000000,38.78956815,38.79987045,38.41459825,38.64326333,0,0
26.68000000,38.86800115,38.88094961,38.43740607,38.56724218,0,0
26.69000000,38.94407385,38.88941425,38.46383158,38.61029983,0,0
26.70000000,38.93574412,38.92026255,38.51235298,38.70323103,0,0
26.71000000,38.94339244,38.97917183,38.53280978,38.70228180,0,0
26.72000000,38.94525072,39.01985263,38.51875958,38.69306003,0,0
26.73000000,39.05799761,39.05755081,38.62175348,38.82961100,0,0
26.74000000,39.11671484,39.08178639,38.72137439,38.84532453,0,0
26.75000000,39.16761821,39.13529474,38.71705188,38.85082641,0,0
26.76000000,39.09878582,39.15563431,38.75716929,38.92194697,0,0
26.77000000,39.14438255,39.17325172,38.79083254,38.95412392,0,0
26.78000000,39.16789468,39.21140961,38.85265106,38.97614793,0,0
26.79000000,39.26349054,39.23918679,38.93682157,39.08852821,0,0
26.80000000,39.32250794,39.26701070,38.92851593,39.08187230,0,0
26.81000000,39.36961984,39.26519806,38.96818088,39.08831959,0,0
26.82000000,39.36565858,39.37631082,38.93408978,39.18594099,0,0
26.83000000,39.36192481,39.38315467,38.92923244,39.07359584,0,0
26.84000000,39.37062371,39.44382806,39.00424618,39.22732809,0,0
26.85000000,39.41130368,39.40252134,39.03262881,39.26087303,0,0
26.86000000,39.46538803,39.41082178,39.09584478,39.30934220,0,0
26.87000000,39.47829350,39.49438463,39.12861675,39.35635330,0,0
26.88000000,39.55706675,39.55457394,39.18466514,39.35334557,0,0
26.89000000,39.56179592,39.59547026,39.23783955,39.43058022,0,0
26.90000000,39.59058245,39.57066739,39.30265423,39.40892877,0,0
26.91000000,39.61428132,39.57774962,39.33887558,39.38929090,0,0
26.92000000,39.62037281,39.65851688,39.40719776,39.53319304,0,0
26.93000000,39.71919610,39.64806311,39.41981500,39.50194740,0,0
26.94000000,39.68961298,39.71788381,39.45246350,39.58670656,0,0
26.95000000,39.78990698,39.76446332,39.41522427,39.59742042,0,0
26.96000000,39.82140070,39.86188729,39.52882750,39.61664120,0,0
26.97000000,39.78386813,39.81209541,39.58299115,39.69504228,0,0
26.98000000,39.81746428,39.82487343,39.62659038,39.74205245,0,0
26.99000000,39.88700714,39.84752965,39.70345042,39.80218504,0,0
27.00000000,39.98881950,39.95979104,39.65810477,39.87643433,0,0
27.01000000,39.99818074,39.98992175,39.71925315,39.83736717,0,0
27.02000000,40.00331726,40.06048100,39.70205733,39.88146863,0,0
27.03000000,39.99097716,40.01684779,39.72509205,39.91250662,0,0
27.04000000,40.08236324,40.05699275,39.80752582,39.91655005,0,0
27.05000000,40.14202867,40.14904085,39.84547092,39.99393924,0,0
27.06000000,40.18586306,40.24474017,39.91554565,39.99416879,0,0
27.07000000,40.17966201,40.24037535,39.96762434,40.06414226,0,0
27.08000000,40.20791579,40.16187407,39.95466339,40.10979208,0,0
27.09000000,40.26621777,40.24756824,39.99377103,40.17103796,0,0
27.10000000,40.35475092,40.30678129,40.03498446,40.21187967,0,0
27.11000000,40.35327800,40.38477486,40.05089268,40.25270540,0,0
27.12000000,40.40040112,40.40090832,40.09640520,40.32223289,0,0
27.13000000,40.46781509,40.40206809,40.10830740,40.29528416,0,0
27.14000000,40.45509484,40.48274452,40.13807171,40.32189174,0,0
27.15000000,40.50332995,40.54657184,40.18743727,40.32672786,0,0
27.16000000,40.50158536,40.52706989,40.20592909,40.32614930,0,0
27.17000000,40.56428489,40.57142532,40.28676161,40.37590478,0,0
27.18000000,40.63861446,40.62353908,40.27163628,40.41780304,0,0
27.19000000,40.64977588,40.66427484,40.29410169,40.47093916,0,0
27.20000000,40.67382116,40.71007476,40.24075248,40.43761182,0,0
27.21000000,40.69449691,40.73273252,40.32241822,40.50027468,0,0
27.22000000,40.72963653,40.75024257,40.38024651,40.50826509,0,0
27.23000000,40.81603401,40.73656127,40.44106942,40.61166575,0,0
27.24000000,40.83203671,40.73822035,40.46547113,40.59921917,0,0
27.25000000,40.83496889,40.87823234,40.49925140,40.61630521,0,0
27.26000000,40.85650818,40.92249615,40.49097824,40.66286764,0,0
27.27000000,40.90966011,40.98791840,40.54226831,40.70411582,0,0
27.28000000,40.90285221,40.90060450,40.56795619,40.72963589,0,0
27.29000000,40.97944603,40.91561624,40.61449631,40.81606224,0,0
27.30000000,40.96508604,40.94552369,40.66298433,40.79468782,0,0
27.31000000,41.03392282,41.04899535,40.63172322,40.86700819,0,0
27.32000000,41.03062186,41.03664073,40.65954225,40.84743466,0,0
27.33000000,41.08907101,41.07533884,40.73515323,40.90370708,0,0
27.34000000,41.11949234,41.11598679,40.78212378,40.93211926,0,0
27.35000000,41.09153290,41.15658853,40.81804970,40.92498213,0,0
27.36000000,41.18952808,41.17707803,40.89457477,41.02538892,0,0
27.37000000,41.20920245,41.20906991,40.88820289,41.01794689,0,0
27.38000000,41.29299568,41.24176229,40.96039524,41.09492118,0,0
27.39000000,41.29359293,41.21131615,41.01660438,41.15073572,0,0
27.40000000,41.24615576,41.25671149,41.04170782,41.16748923,0,0
27.41000000,41.28049148,41.27117499,41.12154915,41.24476884,0,0
27.42000000,41.35817746,41.35684410,41.07335748,41.24099009,0,0
27.43000000,41.43056848,41.31958468,41.10110237,41.26774516,0,0
27.44000000,41.42942954,41.38284125,41.15623356,41.24269483,0,0
27.45000000,41.42976000,41.38744761,41.13488724,41.24408369,0,0
27.46000000,41.45022626,41.44119864,41.22434275,41.27225664,0,0
27.47000000,41.47145911,41.47556118,41.27386490,41.28389731,0,0
27.48000000,41.52336538,41.52392349,41.28102043,41.36357220,0,0
27.49000000,41.58601010,41.57879237,41.31689266,41.43062772,0,0
27.50000000,41.64652961,41.59620991,41.30489568,41.45237355,0,0
27.51000000,41.63674324,41.65071948,41.34720083,41.48397628,0,0
27.52000000,41.65873291,41.62096258,41.42576340,41.55704853,0,0
27.53000000,41.64940659,41.72162230,41.41454773,41.53066210,0,0
27.54000000,41.72978094,41.70094732,41.46734719,41.61269454,0,0
27.55000000,41.75371236,41.68533322,41.45317585,41.60700570,0,0
27.56000000,41.84765246,41.77715610,41.49629790,41.62010180,0,0
27.57000000,41.82015284,41.75391415,41.45608348,41.60591954,0,0
27.58000000,41.85547440,41.89699752,41.48222201,41.74790130,0,0
27.59000000,41.87537089,41.88873387,41.53730829,41.74127649,0,0
27.60000000,41.98015569,41.96383465,41.61701804,41.74723640,0,0
27.61000000,41.86263344,41.88434361,41.62154729,41.80564105,0,0
27.62000000,41.97253858,41.91774778,41.70076772,41.80533015,0,0
27.63000000,42.03182336,41.97778488,41.63946591,41.84454169,0,0
27.64000000,42.09299437,42.01099896,41.71494880,41.87772149,0,0
27.65000000,42.03528265,42.04789213,41.73901332,41.87197063,0,0
27.66000000,42.05473427,42.10517603,41.80220462,41.89725387,0,0
27.67000000,42.07571968,42.15475243,41.83139449,41.90434867,0,0
27.68000000,42.17625792,42.17629710,41.83174890,41.88633926,0,0
27.69000000,42.16606383,42.06768781,41.86765563,41.93924181,0,0
27.70000000,42.20012696,42.24378785,41.89421585,41.96216488,0,0
27.71000000,42.23244611,42.16733941,41.89737668,42.00526090,0,0
27.72000000,42.35119765,42.32802230,41.99050559,42.01054919,0,0
27.73000000,42.27668843,42.25958983,41.98945847,42.05460553,0,0
27.74000000,42.30055182,42.24644894,42.02545981,42.13145147,0,0
27.75000000,42.28705575,42.27679459,42.02453710,42.10140920,0,0
27.76000000,42.36447316,42.30184067,42.07090148,42.23575280,0,0
27.77000000,42.34746217,42.36641079,42.08643527,42.26177899,0,0
27.78000000,42.47204017,42.43366871,42.13114404,42.18233196,0,0
27.79000000,42.46443407,42.50982822,42.11052516,42.28184471,0,0
27.80000000,42.54624074,42.46920867,42.19111022,42.28633703,0,0
27.81000000,42.53201272,42.53246148,42.15701199,42.35836975,0,0
27.82000000,42.52928830,42.52049627,42.22796384,42.42564991,0,0
27.83000000,42.56743079,42.56929611,42.32300788,42.42791528,0,0
27.84000000,42.57936847,42.55818485,42.27579328,42.46718332,0,0
27.85000000,42.62021782,42.61360370,42.40861134,42.49821864,0,0
27.86000000,42.66713886,42.59728858,42.42827078,42.50876067,0,0
27.87000000,42.72832622,42.66699302,42.42712894,42.53350817,0,0
27.88000000,42.79275317,42.70774839,42.40598112,42.62336279,0,0
27.89000000,42.79468687,42.77088940,42.47792955,42.53310089,0,0
27.90000000,42.72847158,42.77240042,42.46265453,42.64882669,0,0
27.91000000,42.76918573,42.80154369,42.47581801,42.55231311,0,0
27.92000000,42.81920097,42.84469541,42.47829008,42.57216285,0,0
27.93000000,42.92266241,42.86798692,42.54276122,42.74995431,0,0
27.94000000,42.93597025,42.89594954,42.62434271,42.68518265,0,0
27.95000000,42.94091659,42.93932794,42.70095181,42.77150857,0,0
27.96000000,42.91756961,43.01061383,42.68722964,42.74745792,0,0
27.97000000,42.97397512,43.07604035,42.67778966,42.79034326,0,0
27.98000000,43.04176804,42.99650869,42.70831109,42.80492362,0,0
27.99000000,43.08318970,42.95497883,42.67684646,42.88712475,0,0
28.00000000,43.06184359,43.00875045,42.72209439,42.86447411,0,0
28.01000000,43.09727417,43.07288240,42.79202666,42.92455267,0,0
28.02000000,43.08326366,43.20024912,42.80214557,42.94134906,0,0
28.03000000,43.13386623,43.09904775,42.83075817,42.94613336,0,0
28.04000000,43.15812056,43.12622584,42.86356906,42.98208568,0,0
28.05000000,43.20480341,43.14542046,42.90119581,43.07738481,0,0
28.06000000,43.23807876,43.16616840,42.89447495,43.08244775,0,0
28.07000000,43.22234021,43.25422963,42.92915703,43.09934743,0,0
28.08000000,43.28623334,43.25325819,42.94422232,43.12127044,0,0
28.09000000,43.30353536,43.30455766,43.02256428,43.06725742,0,0
28.10000000,43.30878519,43.32535987,43.06079030,43.10864387,0,0
28.11000000,43.35442820,43.37611711,43.10862696,43.14305698,0,0
28.12000000,43.38988471,43.34277964,43.11663815,43.19010001,0,0
28.13000000,43.44678511,43.35979078,43.12251668,43.18788662,0,0
28.14000000,43.48462314,43.35079280,43.13661749,43.18373819,0,0
28.15000000,43.44690126,43.39515448,43.20844421,43.20839197,0,0
28.16000000,43.46262080,43.39091172,43.25844291,43.24718443,0,0
28.17000000,43.44949582,43.42466854,43.26849702,43.32595700,0,0
28.18000000,43.56324207,43.51727352,43.30430368,43.36031819,0,0
28.19000000,43.58139670,43.53339856,43.29064828,43.42200096,0,0
28.20000000,43.60104874,43.52947819,43.38295431,43.46874276,0,0
28.21000000,43.55102685,43.55261631,43.44360895,43.47597642,0,0
28.22000000,43.63230701,43.61284433,43.44675212,43.55643993,0,0
28.23000000,43.71956429,43.68533648,43.43244405,43.59350260,0,0
28.24000000,43.79006891,43.67463905,43.46263467,43.58198710,0,0
28.25000000,43.72446410,43.65405381,43.47000341,43.64699193,0,0
28.26000000,43.75209208,43.74962359,43.52151860,43.62215443,0,0
28.27000000,43.82242363,43.80603488,43.53223330,43.72905827,0,0
28.28000000,43.90966539,43.85648800,43.57415862,43.69820992,0,0
28.29000000,43.91399273,43.79368832,43.58426451,43.69765459,0,0
28.30000000,43.93628455,43.81108216,43.64237752,43.72879261,0,0
28.31000000,43.95685593,43.90490143,43.60016755,43.74738920,0,0
28.32000000,43.95981109,43.93762622,43.67652365,43.78740314,0,0
28.33000000,44.00504201,43.98728568,43.63644376,43.83598636,0,0
28.34000000,44.03731408,43.99589959,43.74932760,43.82121871,0,0
28.35000000,44.06532416,44.00161506,43.77928354,43.87211845,0,0
28.36000000,44.11452415,44.02923891,43.83511832,43.85492182,0,0
28.37000000,44.14794177,44.08571727,43.85335738,43.85802516,0,0
28.38000000,44.20252329,44.14065435,43.87652611,43.88620946,0,0
28.39000000,44.23291034,44.19266425,43.89457938,43.85424387,0,0
28.40000000,44.21842386,44.15636041,43.96179112,43.89986872,0,0
28.41000000,44.27980072,44.19237252,43.98983117,43.98786856,0,0
28.42000000,44.28147356,44.22366247,43.94751586,43.96069022,0,0
28.43000000,44.35646416,44.22246146,43.99407865,44.04377678,0,0
28.44000000,44.35268934,44.25809612,44.01946031,44.02138721,0,0
28.45000000,44.35938830,44.20498394,44.07701237,44.08742933,0,0
28.46000000,44.39104098,44.23120668,44.10780051,44.07825645,0,0
28.47000000,44.41427985,44.30528739,44.06172720,44.10679863,0,0
28.48000000,44.45040138,44.33925639,44.04516275,44.11476790,0,0
28.49000000,44.48314158,44.32560269,44.11005836,44.17984079,0,0
28.50000000,44.47935407,44.34059629,44.17770154,44.16473604,0,0
28.51000000,44.52703553,44.36798637,44.20509445,44.18634694,0,0
28.52000000,44.54222325,44.50282848,44.23893137,44.21937674,0,0
28.53000000,44.53250017,44.53043400,44.22745171,44.23355475,0,0
28.54000000,44.55474826,44.51439211,44.25338586,44.28959602,0,0
28.55000000,44.62764220,44.48996876,44.28887928,44.31296067,0,0
28.56000000,44.66290394,44.50117012,44.31781459,44.39013895,0,0
28.57000000,44.67267799,44.57692567,44.33609643,44.38577590,0,0
28.58000000,44.69179641,44.60221953,44.34980259,44.38846626,0,0
28.59000000,44.66042275,44.47186700,44.39101322,44.41856233,0,0
28.60000000,44.75233323,44.64192421,44.41897367,44.42117506,0,0
28.61000000,44.77369684,44.65933692,44.48345191,44.51083570,0,0
28.62000000,44.72873416,44.71835790,44.49026059,44.51223401,0,0
28.63000000,44.70720286,44.60129830,44.51180661,44.55816348,0,0
28.64000000,44.77874976,44.58862923,44.55736890,44.63974651,0,0
28.65000000,44.90437894,44.68895800,44.57657928,44.61350982,0,0
28.66000000,44.97524314,44.75842486,44.59960698,44.64577004,0,0
28.67000000,44.86095925,44.81818685,44.58320440,44.63661053,0,0
28.68000000,44.82752061,44.76988563,44.65091897,44.59309594,0,0
28.69000000,44.94127863,44.79795204,44.67889636,44.61293540,0,0
28.70000000,45.01028881,44.84525117,44.74258990,44.65260832,0,0
28.71000000,45.03445531,44.85076798,44.77087300,44.66294346,0,0
28.72000000,45.05897665,44.90562112,44.79918826,44.66728719,0,0
28.73000000,45.04468734,44.95117518,44.80072914,44.69076382,0,0
28.74000000,45.19136169,44.94398125,44.81706349,44.74960168,0,0
28.75000000,45.13892647,44.93473588,44.82424336,44.79663873,0,0
28.76000000,45.14078858,44.94563111,44.83360659,44.78587141,0,0
28.77000000,45.07205767,44.95255069,44.91385177,44.86848967,0,0
28.78000000,45.15703740,45.11922856,44.98518290,44.92105395,0,0
28.79000000,45.26812428,45.15856607,45.00052357,44.92117597,0,0
28.80000000,45.31345178,45.13752694,45.02781986,44.97423505,0,0
28.81000000,45.31706950,45.11023884,44.98794504,44.94494448,0,0
28.82000000,45.33279479,45.10226852,45.02198968,44.92280407,0,0
28.83000000,45.34743874,45.18844482,45.07116624,45.12242200,0,0
28.84000000,45.41990087,45.22988490,45.11484417,45.14913078,0,0
28.85000000,45.41575927,45.31914857,45.07719743,45.06963045,0,0
28.86000000,45.49850781,45.28078721,45.09176250,45.08846657,0,0
28.87000000,45.45434551,45.30177639,45.17354389,45.07582616,0,0
28.88000000,45.50285709,45.29590210,45.14485118,45.13574658,0,0
28.89000000,45.45382937,45.40073471,45.25595596,45.17912755,0,0
28.90000000,45.53046586,45.42060113,45.14373211,45.16335161,0,0
28.91000000,45.50956832,45.32385703,45.22066599,45.18492852,0,0
28.92000000,45.57038180,45.40584937,45.13628585,45.23449268,0,0
28.93000000,45.58201416,45.38925957,45.25516646,45.22496472,0,0
28.94000000,45.71038102,45.54328939,45.28308251,45.28323793,0,0
28.95000000,45.64107144,45.53488027,45.37851878,45.25863558,0,0
28.96000000,45.70960998,45.51653227,45.38270414,45.25533616,0,0
28.97000000,45.67387257,45.53001551,45.35290787,45.28857464,0,0
28.98000000,45.72883254,45.58434829,45.34048686,45.32673005,0,0
28.99000000,45.77686284,45.62264502,45.39053957,45.40676173,0,0
29.00000000,45.77673643,45.62455640,45.46816642,45.43988195,0,0
29.01000000,45.79881145,45.63413745,45.48717692,45.44727097,0,0
29.02000000,45.83056093,45.67077859,45.50772070,45.46517555,0,0
29.03000000,45.82205272,45.70396015,45.56355466,45.52823058,0,0
29.04000000,45.83648179,45.68555244,45.53076674,45.49276803,0,0
29.05000000,45.87401226,45.68026750,45.63255385,45.57526723,0,0
29.06000000,45.88673846,45.68223449,45.66362333,45.57286005,0,0
29.07000000,45.96604808,45.79056008,45.71509231,45.58784751,0,0
29.08000000,45.95045682,45.80572687,45.73903699,45.59145276,0,0
29.09000000,45.91278806,45.88016259,45.81386200,45.62786349,0,0
29.10000000,46.00977667,45.80236634,45.76721026,45.69667294,0,0
29.11000000,46.06893764,45.79128235,45.77198800,45.74125876,0,0
29.12000000,46.01766834,45.87561658,45.80924447,45.81007215,0,0
29.13000000,46.05267986,45.90525999,45.80511280,45.79990768,0,0
29.14000000,46.09922708,45.99779981,45.76961423,45.73120101,0,0
29.15000000,46.19576710,45.99939848,45.77573009,45.74247984,0,0
29.16000000,46.20573849,45.95800061,45.79405672,45.78792847,0,0
29.17000000,46.18106203,45.99890069,45.87037256,45.80423986,0,0
29.18000000,46.14842980,45.97235961,45.93618777,45.84920537,0,0
29.19000000,46.18634436,46.04213756,45.95075244,45.88680132,0,0
29.20000000,46.29295260,46.09558496,45.97641548,45.91405347,0,0
29.21000000,46.34330797,46.11852410,46.02061913,45.92893695,0,0
29.22000000,46.27061610,46.12296416,46.05944229,45.95060551,0,0
29.23000000,46.31734492,46.16534472,46.07990337,45.98557525,0,0
29.24000000,46.41567394,46.20122924,46.11395395,46.02420276,0,0
29.25000000,46.40214425,46.21224484,46.09297285,46.04885794,0,0
29.26000000,46.43152420,46.24514737,46.12066507,46.06706664,0,0
29.27000000,46.42326734,46.28057941,46.15488440,46.07571908,0,0
29.28000000,46.50842184,46.35569400,46.24951156,46.14601945,0,0
29.29000000,46.55652001,46.33466345,46.22970727,46.09310184,0,0
29.30000000,46.61709666,46.40975906,46.24956472,46.17697832,0,0
29.31000000,46.53333400,46.37014448,46.28278993,46.20926549,0,0
29.32000000,46.57882915,46.42747451,46.31523139,46.18959773,0,0
29.33000000,46.61376667,46.46177246,46.28704226,46.29183296,0,0
29.34000000,46.67125079,46.48484617,46.30234369,46.24199324,0,0
29.35000000,46.79493532,46.50227786,46.36095301,46.26944487,0,0
29.36000000,46.69960517,46.56564589,46.38256136,46.28703495,0,0
29.37000000,46.73099488,46.55400766,46.46359367,46.30994220,0,0
29.38000000,46.75676425,46.55139162,46.44727814,46.34451077,0,0
29.39000000,46.78897586,46.60039167,46.42083976,46.38781182,0,0
29.40000000,46.85835297,46.65488176,46.42887230,46.38722420,0,0
29.41000000,46.86711533,46.71242923,46.48105975,46.40111035,0,0
29.42000000,46.87784241,46.68733725,46.50423233,46.42000358,0,0
29.43000000,46.87529594,46.70854097,46.53277501,46.39676838,0,0
29.44000000,46.91257204,46.70409995,46.56447175,46.44906911,0,0
29.45000000,46.96266419,46.74623599,46.58033410,46.49781707,0,0
29.46000000,46.95792283,46.79787137,46.57828631,46.54505122,0,0
29.47000000,46.97120401,46.86248610,46.62768880,46.59966794,0,0
29.48000000,47.02709509,46.87602202,46.69825182,46.59279940,0,0
29.49000000,47.02407915,46.83944482,46.80330329,46.61610042,0,0
29.50000000,47.00617344,46.84695205,46.77389700,46.64492508,0,0
29.51000000,47.11167743,46.90005806,46.81169856,46.72037581,0,0
29.52000000,47.06751963,46.91233908,46.69356942,46.72830114,0,0
29.53000000,47.09878362,47.02100165,46.83283757,46.81596514,0,0
29.54000000,47.25574350,47.06984987,46.77523132,46.81892886,0,0
29.55000000,47.13285279,47.02333607,46.90985769,46.83324562,0,0
29.56000000,47.16864815,47.02888661,46.86697839,46.89265784,0,0
29.57000000,47.17801673,47.06456055,46.91447981,46.90846984,0,0
29.58000000,47.27987477,47.05675491,46.91573991,46.91354084,0,0
29.59000000,47.23325341,47.13322053,46.92885541,46.94958998,0,0
29.60000000,47.32482053,47.17832080,47.01178786,46.96080599,0,0
29.61000000,47.35893124,47.23509985,47.02208230,47.03152578,0,0
29.62000000,47.40246047,47.27379235,47.07319409,47.03716545,0,0
29.63000000,47.41506423,47.27426537,47.08248227,47.03948735,0,0
29.64000000,47.43568079,47.27679559,47.14177492,47.07222843,0,0
29.65000000,47.46686879,47.24084918,47.12972434,47.11379078,0,0
29.66000000,47.42406326,47.37075067,47.19499018,47.14216344,0,0
29.67000000,47.49072880,47.43888118,47.23273726,47.19122927,0,0
29.68000000,47.53613551,47.39166103,47.25707249,47.18995769,0,0
29.69000000,47.54878798,47.40651584,47.30265534,47.20716352,0,0
29.70000000,47.60218393,47.42816738,47.28140951,47.18619783,0,0
29.71000000,47.65486928,47.50276339,47.32362072,47.24125351,0,0
29.72000000,47.66059361,47.52493616,47.32984588,47.29684557,0,0
29.73000000,47.68338598,47.56481397,47.33878190,47.26369302,0,0
29.74000000,47.67081068,47.53701034,47.45833833,47.38637278,0,0
29.75000000,47.73831109,47.53453306,47.48324612,47.42615082,0,0
29.76000000,47.85313881,47.83409404,47.52127670,47.41624531,0,0
29.77000000,47.88315649,47.66993196,47.47434295,47.49091861,0,0
29.78000000,47.81976092,47.66459517,47.52213794,47.44862220,0,0
29.79000000,47.82533149,47.64959025,47.55956968,47.53002011,0,0
29.80000000,47.92174236,47.76086300,47.60344233,47.53962457,0,0
29.81000000,47.98643242,47.87578706,47.63007864,47.58104343,0,0
29.82000000,48.03423846,47.84728430,47.62859022,47.62232420,0,0
29.83000000,48.02427484,47.86447122,47.71052610,47.62371766,0,0
29.84000000,48.05013533,47.88955786,47.73771933,47.67139965,0,0
29.85000000,48.08278609,47.95103039,47.79162084,47.69053834,0,0
29.86000000,48.12880059,48.00965359,47.78562696,47.72744270,0,0
29.87000000,48.18674836,48.02918168,47.77865160,47.79757566,0,0
29.88000000,48.21351243,48.08173596,47.81334579,47.71278240,0,0
29.89000000,48.21467151,48.12282517,47.81146131,47.77158313,0,0
29.90000000,48.19098898,48.05127607,47.84976460,47.86001952,0,0
29.91000000,48.31798136,48.18677487,47.92354909,47.84905510,0,0
29.92000000,48.35175480,48.23382988,47.93288217,47.91314059,0,0
29.93000000,48.45082440,48.20462810,47.97135227,47.96339085,0,0
29.94000000,48.40195953,48.25626026,47.97733940,47.99869306,0,0
29.95000000,48.38551951,48.23003480,48.03697571,47.95959344,0,0
29.96000000,48.37091224,48.30662718,48.14180920,48.14711010,0,0
29.97000000,48.47032398,48.38011364,48.25137305,48.18647378,0,0
29.98000000,48.51431223,48.37628780,48.13054363,48.06467908,0,0
29.99000000,48.56428279,48.39882030,48.13704045,48.18472925,0,0
30.00000000,48.60604476,48.39399513,48.19124987,48.17253504,0,0
30.01000000,48.65212367,48.46120158,48.22082872,48.23259754,0,0
30.02000000,48.56547629,48.40621772,48.37585288,48.20368511,0,0
30.03000000,48.63547869,48.53963768,48.33077342,48.19384659,0,0
30.04000000,48.66956025,48.57580442,48.34564032,48.24721063,0,0
30.05000000,48.72434588,48.70487449,48.34698227,48.29969348,0,0
30.06000000,48.84777206,48.68828278,48.39715634,48.38949343,0,0
30.07000000,48.81726111,48.56171609,48.45385996,48.38607944,0,0
30.08000000,48.81502882,48.58366582,48.51560874,48.36860882,0,0
30.09000000,48.86273560,48.63070015,48.53909537,48.45139322,0,0
30.10000000,48.94264290,48.79622313,48.46391553,48.41816644,0,0
30.11000000,48.84556232,48.77601211,48.54214132,48.48552474,0,0
30.12000000,48.84466274,48.79397810,48.61629613,48.60085997,0,0
30.13000000,48.91752542,48.76335348,48.69282338,48.55166845,0,0
30.14000000,49.05993177,48.82714516,48.73252612,48.64489353,0,0
30.15000000,49.05918565,48.89337504,48.79387711,48.69431678,0,0
30.16000000,49.02877734,48.88736676,48.71762859,48.67600652,0,0
30.17000000,49.04527003,48.95146424,48.78911967,48.76058035,0,0
30.18000000,49.10839095,48.95163813,48.76789560,48.77676147,0,0
30.19000000,49.23832435,49.01747997,48.93880099,48.87158577,0,0
30.20000000,49.29250297,49.06372056,48.90386703,48.80986173,0,0
30.21000000,49.14948504,49.02124755,48.97269136,48.87044851,0,0
30.22000000,49.24113705,49.14790907,48.88910644,48.90861403,0,0
30.23000000,49.27389656,49.13649953,48.95130806,48.91141743,0,0
30.24000000,49.33574286,49.15200654,48.94222140,48.97697816,0,0
30.25000000,49.38518030,49.18197246,48.99652036,48.91196143,0,0
30.26000000,49.44114053,49.25250066,49.03923455,48.94826073,0,0
30.27000000,49.42056953,49.27912864,49.08510626,49.00244868,0,0
30.28000000,49.52009686,49.34205987,49.13904217,49.06008904,0,0
30.29000000,49.50611317,49.31356475,49.18452580,49.06496349,0,0
30.30000000,49.56839618,49.42818707,49.24421801,49.13615129,0,0
30.31000000,49.61267872,49.46339496,49.21488156,49.18887682,0,0
30.32000000,49.66210466,49.49944047,49.29223183,49.23336144,0,0
30.33000000,49.66807890,49.52240785,49.28067753,49.27454651,0,0
30.34000000,49.73146189,49.59525614,49.32923213,49.21820506,0,0
30.35000000,49.74642748,49.62695345,49.36539632,49.24550603,0,0
30.36000000,49.82013105,49.66222954,49.35806144,49.24276065,0,0
30.37000000,49.84999029,49.66006925,49.43995686,49.32467115,0,0
30.38000000,49.86098694,49.73319405,49.49059400,49.38830398,0,0
30.39000000,49.95704561,49.75898767,49.49380622,49.38852116,0,0
30.40000000,49.91697695,49.84749190,49.66314696,49.47106402,0,0
30.41000000,50.01254696,49.85596707,49.54752001,49.42464415,0,0
30.42000000,49.94454386,49.75792801,49.73113511,49.52948999,0,0
30.43000000,50.06537534,49.87598551,49.55042979,49.57616335,0,0
30.44000000,50.15471171,49.90914638,49.72038159,49.69534396,0,0
30.45000000,50.14810198,50.01179540,49.63800463,49.64993093,0,0
30.46000000,50.17937754,49.98175285,49.83454574,49.71199466,0,0
30.47000000,50.13167757,50.04752404,49.79297703,49.68085811,0,0
30.48000000,50.24699349,50.08384563,49.85984599,49.75686065,0,0
30.49000000,50.25182695,50.12518882,49.83845901,49.81322522,0,0
30.50000000,50.30504436,50.15972656,49.87330183,49.84202147,0,0
30.51000000,50.35729456,50.19473342,49.95893332,49.91488362,0,0
30.52000000,50.37604374,50.24002082,49.98452452,49.88823170,0,0
30.53000000,50.42108413,50.28380662,50.04861917,49.93875616,0,0
30.54000000,50.44615586,50.27601375,50.08559675,49.98437504,0,0
30.55000000,50.45426160,50.29410712,50.13172491,50.03936098,0,0
30.56000000,50.51887116,50.32626420,50.15281152,50.10838031,0,0
30.57000000,50.60003890,50.40845556,50.22128409,50.17497582,0,0
30.58000000,50.55273331,50.45633125,50.22275064,50.17076187,0,0
30.59000000,50.60768597,50.48067867,50.28682364,50.18358959,0,0
30.60000000,50.62295256,50.48386208,50.27031208,50.23389956,0,0
30.61000000,50.62004417,50.51801092,50.29189522,50.30051331,0,0
30.62000000,50.70967954,50.54016006,50.29612620,50.27849284,0,0
30.63000000,50.76847280,50.60918907,50.40321313,50.35627943,0,0
30.64000000,50.87117387,50.71260905,50.37850271,50.36704759,0,0
30.65000000,50.75106299,50.68547467,50.41058815,50.31333493,0,0
30.66000000,50.81541903,50.67160564,50.49151073,50.38015316,0,0
30.67000000,50.84341061,50.68732162,50.55978470,50.44130912,0,0
30.68000000,50.93891041,50.75130482,50.55845935,50.48042795,0,0
30.69000000,50.98092370,50.78392159,50.59373827,50.55736997,0,0
30.70000000,51.01401859,50.80509419,50.63476323,50.58130882,0,0
30.71000000,50.87212539,50.86518489,50.70483434,50.57694323,0,0
30.72000000,51.02343116,50.95002301,50.75361181,50.64444139,0,0
30.73000000,51.10945855,50.97840919,50.76277173,50.68414544,0,0
30.74000000,51.19548758,50.92473011,50.77276660,50.71536642,0,0
30.75000000,51.22429225,50.94305245,50.82045869,50.79845032,0,0
30.76000000,51.17982242,50.99345740,50.89294023,50.80305252,0,0
30.77000000,51.20572058,51.15520909,50.95642118,50.82697226,0,0
30.78000000,51.19183682,51.15915700,51.02202087,50.85837481,0,0
30.79000000,51.31823644,51.14788386,51.06072846,50.84786466,0,0
30.80000000,51.36825684,51.10435249,50.98464077,50.92722462,0,0
30.81000000,51.40489140,51.17305863,51.02635631,51.02840427,0,0
30.82000000,51.46044155,51.27956240,51.10214697,51.03853143,0,0
30.83000000,51.43987044,51.20553792,51.23375662,51.06797437,0,0
30.84000000,51.44144842,51.30153486,51.12377205,51.09844824,0,0
30.85000000,51.53454056,51.36744586,51.24815219,51.12324232,0,0
30.86000000,51.57243232,51.39715441,51.16587921,51.16335497,0,0
30.87000000,51.56839217,51.39697130,51.30234425,51.21736276,0,0
30.88000000,51.69016009,51.43305659,51.32561827,51.21128773,0,0
30.89000000,51.71986461,51.48047887,51.26741392,51.21881573,0,0
30.90000000,51.76804384,51.53119099,51.38366269,51.18322945,0,0
30.91000000,51.77506640,51.51017433,51.37037612,51.28028744,0,0
30.92000000,51.75772790,51.59196032,51.35788123,51.24450966,0,0
30.93000000,51.79908719,51.63766473,51.42809312,51.36271185,0,0
30.94000000,51.91333325,51.63660039,51.35521431,51.39120822,0,0
30.95000000,51.94123356,51.66317524,51.52456296,51.38734773,0,0
30.96000000,51.95884122,51.70448484,51.52760122,51.41875701,0,0
30.97000000,51.91637961,51.76042105,51.60610166,51.47094098,0,0
30.98000000,51.93501622,51.74057593,51.60342511,51.49680974,0,0
30.99000000,52.03654775,51.77632419,51.59660444,51.50221272,0,0
31.00000000,52.16712437,51.80629932,51.60855175,51.53874562,0,0
31.01000000,52.14621432,51.82110545,51.68588745,51.50440214,0,0
31.02000000,52.07119809,51.89207055,51.68369837,51.50817394,0,0
31.03000000,52.09306253,51.88040785,51.73076501,51.52698117,0,0
31.04000000,52.10874216,51.86416217,51.79029866,51.60153367,0,0
31.05000000,52.18400051,51.95443144,51.75636589,51.69178338,0,0
31.06000000,52.26304977,51.91382212,51.81479332,51.67387656,0,0
31.07000000,52.21308902,51.93749016,51.79272370,51.68543454,0,0
31.08000000,52.19725714,51.85288065,51.91803023,51.67246390,0,0
31.09000000,52.24518651,52.02590962,51.97866913,51.74980735,0,0
31.10000000,52.26713164,52.02462653,51.93872415,51.78671372,0,0
31.11000000,52.24870794,52.01704554,51.95765295,51.85064209,0,0
31.12000000,52.29662213,52.00366506,51.99420711,51.92293971,0,0
31.13000000,52.32543568,51.99608815,52.04813545,51.89963288,0,0
31.14000000,52.36937386,52.08022245,52.12382460,51.90675280,0,0
31.15000000,52.37752146,52.04073194,52.09594489,51.93151770,0,0
31.16000000,52.35875371,52.06756299,52.04301378,51.94717279,0,0
31.17000000,52.37800988,52.05431655,52.07528975,52.01841835,0,0
31.18000000,52.42275568,52.10582898,52.13540743,52.04262200,0,0
31.19000000,52.44307979,52.07542555,52.21550642,52.05481076,0,0
31.20000000,52.40055626,52.09915729,52.20796866,52.00337605,0,0
31.21000000,52.45068108,52.12164152,52.19132710,52.00632125,0,0
31.22000000,52.54529233,52.18823573,52.21240066,52.04075530,0,0
31.23000000,52.51582746,52.20989380,52.18317254,52.06469997,0,0
31.24000000,52.59877551,52.22195062,52.21841246,52.04826911,0,0
31.25000000,52.52572848,52.23475141,52.31193249,52.07121197,0,0
31.26000000,52.58671858,52.26235947,52.34228229,52.09392155,0,0
31.27000000,52.52720517,52.24175046,52.36765320,52.02386992,0,0
31.28000000,52.61723173,52.20178482,52.45341232,52.15305995,0,0
31.29000000,52.60701537,52.20918992,52.31597211,52.14455425,0,0
31.30000000,52.66625243,52.30581925,52.35946521,52.22318884,0,0
31.31000000,52.58935224,52.34830102,52.35104937,52.16805934,0,0
31.32000000,52.59370838,52.28691408,52.42387318,52.16025301,0,0
31.33000000,52.61545612,52.34860680,52.44844931,52.15642002,0,0
31.34000000,52.74402527,52.24468356,52.38007323,52.21089056,0,0
31.35000000,52.72781139,52.28398236,52.34595347,52.21325415,0,0
31.36000000,52.74811518,52.32294855,52.37232692,52.30365764,0,0
31.37000000,52.66506370,52.43541472,52.36355233,52.30408425,0,0
31.38000000,52.68194733,52.44814401,52.47492240,52.26521963,0,0
31.39000000,52.75869235,52.40149003,52.51708233,52.27196052,0,0
31.40000000,52.76793861,52.36988378,52.48219265,52.27572430,0,0
31.41000000,52.83413993,52.34993032,52.48169236,52.35530156,0,0
31.42000000,52.79660547,52.27955376,52.45455980,52.38092972,0,0
31.43000000,52.75215787,52.41696301,52.43533276,52.38180929,0,0
31.44000000,52.85426564,52.56974344,52.61088506,52.36538252,0,0
31.45000000,52.82457866,52.59649260,52.64151342,52.34734961,0,0
31.46000000,52.93871132,52.58045428,52.61281460,52.34310916,0,0
31.47000000,52.81583977,52.45266874,52.63876381,52.35787936,0,0
31.48000000,52.96702557,52.52579818,52.68748467,52.45017526,0,0
31.49000000,52.93279279,52.52463559,52.62085149,52.45313810,0,0
31.50000000,52.96286913,52.63503630,52.72938131,52.46819963,0,0
31.51000000,52.90910530,52.57286283,52.58180871,52.36813343,0,0
31.52000000,52.93240343,52.56461043,52.77720651,52.47825818,0,0
31.53000000,53.04495123,52.69658118,52.66846662,52.43549780,0,0
31.54000000,53.02797029,52.64552990,52.61782779,52.49473227,0,0
31.55000000,53.02700920,52.68479776,52.67110026,52.52863519,0,0
31.56000000,53.04144404,52.60895632,52.62665599,52.50576307,0,0
31.57000000,53.00839849,52.69693042,52.71551854,52.50700709,0,0
31.58000000,53.06234508,52.74192843,52.64883731,52.53397202,0,0
31.59000000,53.05962575,52.70384360,52.66195019,52.48663378,0,0
31.60000000,53.15405728,52.67271578,52.67823250,52.53237926,0,0
31.61000000,53.12725540,52.72436277,52.73044392,52.51435869,0,0
31.62000000,53.11676309,52.76152981,52.81677838,52.51705047,0,0
31.63000000,53.08866186,52.71930920,52.78768790,52.44922107,0,0
31.64000000,53.03792027,52.74235739,52.78232510,52.52834510,0,0
31.65000000,53.14136221,52.76983423,52.62015991,52.48790866,0,0
31.66000000,53.11471221,52.72602889,52.71653444,52.61463521,0,0
31.67000000,53.10833138,52.73691131,52.72903182,52.65559412,0,0
31.68000000,53.04528389,52.71022673,52.88929632,52.54921067,0,0
31.69000000,53.11866854,52.87958371,52.89828151,52.61448726,0,0
31.70000000,53.16335490,52.85320389,52.77695233,52.57866351,0,0
31.71000000,53.22407973,52.78879741,52.78952891,52.63170380,0,0
31.72000000,53.19841670,52.77306967,52.89461801,52.80399250,0,0
31.73000000,53.14336611,52.85585387,52.81628194,52.75859596,0,0
31.74000000,53.25144686,52.86454219,53.05174189,52.75944729,0,0
31.75000000,53.26272631,52.90998364,52.95486630,52.70962371,0,0
31.76000000,53.19155658,52.84157078,52.92087321,52.78903566,0,0
31.77000000,53.22077261,52.80419155,52.93153662,52.81134794,0,0
31.78000000,53.18362136,52.85043110,52.97411313,52.87997262,0,0
31.79000000,53.21991103,52.87017077,53.05496761,52.83681351,0,0
31.80000000,53.23883197,52.83968779,53.02636320,52.80160135,0,0
31.81000000,53.19699681,52.84685964,53.04522966,52.80208453,0,0
31.82000000,53.16670429,52.80607043,52.97502218,52.79853214,0,0
31.83000000,53.17623111,52.86106327,53.04156413,52.87895370,0,0
31.84000000,53.18264576,52.85325933,53.04691665,52.89318992,0,0
31.85000000,53.21085146,52.81213308,53.09584174,52.86755082,0,0
31.86000000,53.26221453,52.78277316,53.10148462,52.78284522,0,0
31.87000000,53.24659278,52.69906733,53.06973211,52.73121872,0,0
31.88000000,53.22499417,52.70905807,53.05714130,52.76823159,0,0
31.89000000,53.19170747,52.74138793,52.94095085,52.80156390,0,0
31.90000000,53.04075702,52.77048415,52.91399929,52.83159890,0,0
31.91000000,53.07524827,52.66992219,52.95623403,52.85274163,0,0
31.92000000,53.10655508,52.69434338,53.04121675,52.70018275,0,0
31.93000000,53.21688203,52.68002423,53.01044975,52.80596985,0,0
31.94000000,53.23361963,52.64667641,52.94294288,52.70067712,0,0
31.95000000,53.17961729,52.70896737,52.82628439,52.77742412,0,0
31.96000000,53.21117811,52.70999535,52.89237908,52.80253658,0,0
31.97000000,53.11820296,52.73386924,52.99071233,52.78395574,0,0
31.98000000,53.19695405,52.67657373,53.11394712,52.74693578,0,0
31.99000000,53.18365642,52.67831094,53.10360763,52.72342019,0,0
32.00000000,53.27112087,52.76247145,52.97880470,52.69963686,0,0
32.01000000,53.28997225,52.84412876,52.91634630,52.79400017,0,0
32.02000000,53.34797035,52.88320635,52.82930408,52.80685879,0,0
32.03000000,53.27351008,52.81976674,52.87685909,52.75120565,0,0
32.04000000,53.19825267,52.71183208,53.01070641,52.72404583,0,0
32.05000000,53.11332992,52.74396557,53.02436511,52.73512972,0,0
32.06000000,53.15038972,52.67784066,53.01392912,52.72426807,0,0
32.07000000,53.25097085,52.76429990,52.98272423,52.73173415,0,0
32.08000000,53.22492673,52.78442835,52.99696898,52.72419348,0,0
32.09000000,53.26285635,52.79026702,52.96057252,52.74481838,0,0
32.10000000,53.31770848,52.78132121,53.05481753,52.71630861,0,0
32.11000000,53.25975508,52.77380278,52.94360550,52.68858584,0,0
32.12000000,53.26141249,52.78003064,52.89312976,52.76650957,0,0
32.13000000,53.19577660,52.77669716,52.76914054,52.69969081,0,0
32.14000000,53.18160652,52.74838341,52.79439379,52.79180181,0,0
32.15000000,53.24665261,52.66858181,52.86474049,52.68920559,0,0
32.16000000,53.22274575,52.81801098,52.95843191,52.68716368,0,0
32.17000000,53.18718144,52.70738212,52.88564909,52.69993692,0,0
32.18000000,53.23459737,52.80223329,52.82618478,52.64684672,0,0
32.19000000,53.28514619,52.75750155,52.80943631,52.69420520,0,0
32.20000000,53.25829960,52.76139824,52.87595737,52.71616331,0,0
32.21000000,53.26318349,52.69828290,52.99572524,52.63097515,0,0
32.22000000,53.20314530,52.70260136,52.98451563,52.61140716,0,0
32.23000000,53.13347049,52.72604550,52.90371802,52.61697265,0,0
32.24000000,53.15232436,52.79553400,52.87358402,52.56927187,0,0
32.25000000,53.18922652,52.69267498,52.88830429,52.65967518,0,0
32.26000000,53.16970165,52.67303426,52.94735981,52.68797099,0,0
32.27000000,53.14955123,52.63601982,53.00571603,52.66983354,0,0
32.28000000,53.10739365,52.72242005,53.02041037,52.68395743,0,0
32.29000000,53.12267359,52.71700989,52.86115284,52.69164467,0,0
32.30000000,53.18169265,52.74212049,52.81380380,52.70366138,0,0
32.31000000,53.24052732,52.69971036,52.75932688,52.67864476,0,0
32.32000000,53.17631118,52.70882191,52.87472149,52.72323902,0,0
32.33000000,53.14186973,52.64414520,52.99111608,52.69894707,0,0
32.34000000,53.08048896,52.64805111,52.98182126,52.63235747,0,0
32.35000000,53.13566798,52.67008661,52.87799937,52.71957976,0,0
32.36000000,53.19717103,52.65573745,52.84319256,52.69182423,0,0
32.37000000,53.11391003,52.68467257,52.82825680,52.70292268,0,0
32.38000000,53.12962411,52.59908752,52.93899392,52.72013040,0,0
32.39000000,53.04423567,52.67901301,52.99067067,52.68529662,0,0
32.40000000,53.03220286,52.70198675,53.00758313,52.62362575,0,0
32.41000000,53.10898366,52.67840513,52.88957969,52.65531470,0,0
32.42000000,53.10527948,52.65290919,52.77024566,52.64278385,0,0
32.43000000,53.17892787,52.65035386,52.85441999,52.66367498,0,0
32.44000000,53.12060123,52.67785433,52.86649389,52.63382835,0,0
32.45000000,53.13757027,52.70847856,52.93066602,52.64231885,0,0
32.46000000,53.08241740,52.62528296,52.84487655,52.61793281,0,0
32.47000000,53.11406010,52.65501647,52.85570067,52.65818694,0,0
32.48000000,53.12503502,52.69196178,52.81671882,52.68203773,0,0
32.49000000,53.07406289,52.69542271,52.81257827,52.70236689,0,0
32.50000000,53.03270034,52.67266880,52.81345756,52.71500329,0,0
32.51000000,53.04639782,52.62776427,52.84995931,52.63674707,0,0
32.52000000,53.08422928,52.66592938,52.83123357,52.58655596,0,0
32.53000000,53.10501477,52.63768268,52.80890113,52.62881831,0,0
32.54000000,53.17750244,52.67727409,52.81947989,52.56998445,0,0
32.55000000,53.10100903,52.66625099,52.79040754,52.59530625,0,0
32.56000000,53.05464920,52.67954094,52.81254774,52.60963109,0,0
32.57000000,53.06628003,52.65496095,52.89700318,52.58581323,0,0
32.58000000,53.14180302,52.68156440,52.76722940,52.53491477,0,0
32.59000000,53.06697799,52.63818368,52.84762260,52.60945171,0,0
32.60000000,53.07660623,52.67974817,52.76281247,52.58706450,0,0
32.61000000,53.00667542,52.65618639,52.78017579,52.68720509,0,0
32.62000000,53.08397419,52.66168879,52.78487725,52.60912592,0,0
32.63000000,53.09444684,52.66918774,52.78058920,52.61470942,0,0
32.64000000,53.06145750,52.71947609,52.81526627,52.58155082,0,0
32.65000000,53.05682635,52.65065252,52.77584751,52.54764055,0,0
32.66000000,53.08423536,52.68003838,52.81181488,52.60968164,0,0
32.67000000,52.98028417,52.67211262,52.82548121,52.66152209,0,0
32.68000000,53.06777718,52.74481501,52.79326364,52.65038677,0,0
32.69000000,53.07085359,52.68750801,52.78813304,52.61252742,0,0
32.70000000,53.10079315,52.64805173,52.80414834,52.63103926,0,0
32.71000000,53.03962471,52.65749563,52.77053191,52.62111811,0,0
32.72000000,53.04076347,52.71000290,52.74574069,52.64029491,0,0
32.73000000,53.05228893,52.70653981,52.73264012,52.67489150,0,0
32.74000000,53.02491174,52.67060923,52.75105084,52.65746406,0,0
32.75000000,53.07837605,52.62560550,52.74375006,52.57642817,0,0
32.76000000,52.95502128,52.72155483,52.80543901,52.58192721,0,0
32.77000000,52.98811876,52.67833029,52.66699976,52.61220762,0,0
32.78000000,53.01662066,52.70407244,52.72323485,52.61210813,0,0
32.79000000,53.08173020,52.66709902,52.68622100,52.65285903,0,0
32.80000000,52.99703113,52.56436561,52.71619567,52.64598062,0,0
32.81000000,52.98564652,52.65950728,52.83274836,52.59554709,0,0
32.82000000,52.94818994,52.59557462,52.70798844,52.55943265,0,0
32.83000000,53.00447931,52.76947050,52.70254335,52.61133123,0,0
32.84000000,52.95019333,52.67654400,52.72033580,52.57512297,0,0
32.85000000,52.88071886,52.64751054,52.68553654,52.68009073,0,0
32.86000000,52.91333328,52.55178592,52.80155808,52.67436193,0,0
32.87000000,52.97493403,52.62919487,52.73656023,52.63762023,0,0
32.88000000,53.02640727,52.72694756,52.67558717,52.64498137,0,0
32.89000000,52.99071358,52.72037869,52.61395399,52.65721142,0,0
32.90000000,52.99106289,52.76318521,52.62716435,52.60610538,0,0
32.91000000,52.94555588,52.66105564,52.77384952,52.64425937,0,0
32.92000000,52.97240899,52.68869396,52.80679965,52.59067340,0,0
32.93000000,53.00104205,52.64675704,52.85384072,52.60435806,0,0
32.94000000,53.00666982,52.65587796,52.67154031,52.58730560,0,0
32.95000000,52.92615805,52.70890121,52.67497730,52.64179381,0,0
32.96000000,52.91835002,52.75481555,52.62639021,52.65039584,0,0
32.97000000,52.88110657,52.73059534,52.75753537,52.67193363,0,0
32.98000000,52.91726320,52.61992656,52.77376512,52.61582244,0,0
32.99000000,52.97508247,52.58842303,52.69408682,52.61358273,0,0
33.00000000,52.86503109,52.67422389,52.72741108,52.65412385,0,0
33.01000000,52.96020172,52.82284415,52.58877073,52.69628300,0,0
33.02000000,52.89368603,52.85402420,52.66547289,52.68105835,0,0
33.03000000,52.86995123,52.87160795,52.62582841,52.67343344,0,0
33.04000000,52.90188205,52.77148057,52.67047840,52.70104123,0,0
33.05000000,52.92382207,52.65693971,52.61014001,52.59156334,0,0
33.06000000,52.85853057,52.67010672,52.61579147,52.68643402,0,0
33.07000000,52.79770464,52.70380529,52.50164559,52.68454358,0,0
33.08000000,52.86161158,52.71072256,52.53508952,52.73039664,0,0
33.09000000,52.82283152,52.67880537,52.48374694,52.69795645,0,0
33.10000000,52.86607997,52.66643603,52.55152344,52.68645015,0,0
33.11000000,52.78555760,52.64165527,52.55643574,52.62372457,0,0
33.12000000,52.75360667,52.78683617,52.57854706,52.64811059,0,0
33.13000000,52.80730488,52.68578235,52.51104701,52.64593274,0,0
33.14000000,52.78931610,52.77917044,52.54159325,52.67327270,0,0
33.15000000,52.80778018,52.67291718,52.48530490,52.70604592,0,0
33.16000000,52.78971094,52.68720533,52.47811691,52.66691184,0,0
33.17000000,52.77425145,52.69876226,52.58504997,52.60433880,0,0
33.18000000,52.73175648,52.70651074,52.62265544,52.58556036,0,0
33.19000000,52.73112472,52.71797816,52.57460522,52.62043941,0,0
33.20000000,52.74613660,52.67161884,52.58566624,52.65174326,0,0
33.21000000,52.74558155,52.66017640,52.49289208,52.69606824,0,0
33.22000000,52.80831897,52.65834690,52.56118667,52.69748214,0,0
33.23000000,52.70829405,52.65866114,52.57341316,52.59303384,0,0
33.24000000,52.69440745,52.72512526,52.64201760,52.81837893,0,0
33.25000000,52.75412774,52.72490629,52.54149150,52.64265730,0,0
33.26000000,52.78957253,52.64545454,52.56146432,52.77804025,0,0
33.27000000,52.78429467,52.61481636,52.49090481,52.81653155,0,0
33.28000000,52.75469768,52.76935730,52.60618437,52.72069011,0,0
33.29000000,52.70984787,52.71481643,52.53309649,52.75648444,0,0
33.30000000,52.78705975,52.75900282,52.48801106,52.70672008,0,0
33.31000000,52.75263436,52.72067222,52.44987193,52.63304957,0,0
33.32000000,52.76258944,52.73019575,52.43308689,52.70267224,0,0
33.33000000,52.72310704,52.67878702,52.47516198,52.72850524,0,0
33.34000000,52.71939396,52.71472282,52.46895554,52.61731962,0,0
33.35000000,52.72719322,52.75948428,52.50109803,52.72497973,0,0
33.36000000,52.73645213,52.76369321,52.45206731,52.66167577,0,0
33.37000000,52.75376595,52.70642215,52.37859129,52.68890548,0,0
33.38000000,52.77191874,52.66821724,52.37811450,52.67509206,0,0
33.39000000,52.70209954,52.73447163,52.38621428,52.69983829,0,0
33.40000000,52.76265902,52.69395220,52.39000628,52.70132499,0,0
33.41000000,52.65830673,52.66607023,52.47885932,52.63122606,0,0
33.42000000,52.65995752,52.59197103,52.40415426,52.64625534,0,0
33.43000000,52.65021791,52.64611843,52.35081663,52.63834564,0,0
33.44000000,52.63687199,52.68716149,52.35064212,52.64470046,0,0
33.45000000,52.65538431,52.65396594,52.33160151,52.64890423,0,0
33.46000000,52.65704929,52.57565954,52.34128901,52.52944196,0,0
33.47000000,52.60275242,52.66140974,52.36875017,52.59084114,0,0
33.48000000,52.56810410,52.56753827,52.32135261,52.59074008,0,0
33.49000000,52.65991941,52.66169310,52.30835666,52.56924126,0,0
33.50000000,52.59954948,52.66092391,52.30979257,52.61745527,0,0
33.51000000,52.68064064,52.66393574,52.31174318,52.67177298,0,0
33.52000000,52.60055116,52.60592347,52.34065886,52.58762804,0,0
33.53000000,52.56861182,52.53354677,52.38380267,52.59839812,0,0
33.54000000,52.66157731,52.48908326,52.34400102,52.59129060,0,0
33.55000000,52.68617158,52.64290352,52.28735858,52.61826046,0,0
33.56000000,52.60324095,52.66732996,52.29638323,52.66364433,0,0
33.57000000,52.49442473,52.60398447,52.31291674,52.67139803,0,0
33.58000000,52.49554781,52.44724282,52.37633719,52.59084532,0,0
33.59000000,52.57591366,52.48391421,52.35296643,52.61121583,0,0
33.60000000,52.59045199,52.50365958,52.31890354,52.53152131,0,0
33.61000000,52.62300165,52.54342192,52.21144307,52.52764784,0,0
33.62000000,52.47013519,52.55518700,52.19421608,52.53530587,0,0
33.63000000,52.46405378,52.44610928,52.28551210,52.54062728,0,0
33.64000000,52.39329137,52.43878438,52.32601560,52.52430794,0,0
33.65000000,52.38557071,52.35073041,52.32756745,52.45248708,0,0
33.66000000,52.36731487,52.44049368,52.26094721,52.49015468,0,0
33.67000000,52.33734940,52.46152704,52.03444154,52.46725159,0,0
33.68000000,52.40574512,52.44760829,52.19624233,52.43278299,0,0
33.69000000,52.43457001,52.28549203,52.08400147,52.47116807,0,0
33.70000000,52.38033537,52.30873679,52.16660671,52.41623429,0,0
33.71000000,52.24192047,52.44260803,52.10218076,52.41457932,0,0
33.72000000,52.25017180,52.39934852,52.00409794,52.43413585,0,0
33.73000000,52.34681951,52.37163976,51.94566310,52.39766375,0,0
33.74000000,52.30879389,52.22778165,52.01877619,52.42731266,0,0
33.75000000,52.24051527,52.13404959,51.89011462,52.37198638,0,0
33.76000000,52.16984604,52.26118035,52.04614074,52.34334301,0,0
33.77000000,52.10456478,52.23289079,52.01729480,52.29180405,0,0
33.78000000,52.14838023,52.26459337,52.01507708,52.34781209,0,0
33.79000000,52.17718801,52.15002043,51.97485123,52.24690314,0,0
33.80000000,52.17945169,52.11712266,51.96059524,52.35431598,0,0
33.81000000,52.07497088,52.13964409,52.04985879,52.27765090,0,0
33.82000000,52.01456074,52.17227493,52.06041109,52.28611646,0,0
33.83000000,52.01198259,52.17769821,52.06175929,52.29859055,0,0
33.84000000,52.05204046,52.14066526,52.04366033,52.27943873,0,0
33.85000000,52.14151953,52.06244806,51.93561158,52.22011795,0,0
33.86000000,52.09565275,52.03311579,51.87601718,52.24246900,0,0
33.87000000,51.99304448,52.05655276,51.88547208,52.25813052,0,0
33.88000000,51.98718812,52.08130349,51.93938313,52.24457691,0,0
33.89000000,51.98372494,52.12558611,51.94599681,52.16940367,0,0
33.90000000,52.07956186,51.99580734,51.91818509,52.25169080,0,0
33.91000000,51.96677799,51.99945947,51.82205586,52.14119334,0,0
33.92000000,51.92849806,52.06494462,51.76755469,52.18247238,0,0
33.93000000,51.88791827,51.96936451,51.73251007,52.14952551,0,0
33.94000000,51.95372700,51.89793679,51.74738007,52.10113944,0,0
33.95000000,52.00095086,51.90764492,51.68706128,52.08676731,0,0
33.96000000,52.01365979,51.94914321,51.66058397,51.99421447,0,0
33.97000000,51.96091451,52.00087294,51.55690316,51.93717338,0,0
33.98000000,51.91312987,51.90744858,51.59096061,51.83051990,0,0
33.99000000,51.86751079,51.89576675,51.51601779,51.83568529,0,0
34.00000000,51.90651545,51.84121055,51.54737896,51.82199980,0,0
34.01000000,51.86420269,51.83740178,51.49108557,51.77243346,0,0
34.02000000,51.84412531,51.79360906,51.42831278,51.80136993,0,0
34.03000000,51.78620025,51.81532688,51.41433782,51.76809890,0,0
34.04000000,51.72683815,51.80188831,51.37996925,51.69870849,0,0
34.05000000,51.72521627,51.75803900,51.39485300,51.75705026,0,0
34.06000000,51.73292296,51.62504469,51.42068256,51.66087108,0,0
34.07000000,51.67037676,51.76555639,51.38948674,51.67022744,0,0
34.08000000,51.62810394,51.67295536,51.39299244,51.80354682,0,0
34.09000000,51.68921322,51.74517228,51.25700814,51.71057025,0,0
34.10000000,51.77111723,51.64024359,51.28189644,51.70280239,0,0
34.11000000,51.70880655,51.53379796,51.26026497,51.76477927,0,0
34.12000000,51.64301415,51.63635777,51.29111333,51.66561855,0,0
34.13000000,51.52554884,51.50774919,51.39186268,51.71530753,0,0
34.14000000,51.47998941,51.57492260,51.37465458,51.63735449,0,0
34.15000000,51.56106418,51.54144225,51.34906674,51.65318721,0,0
34.16000000,51.57178737,51.53959299,51.33023886,51.58044002,0,0
34.17000000,51.51013540,51.43681537,51.22842087,51.53392461,0,0
34.18000000,51.49993089,51.43092224,51.25178467,51.48937325,0,0
34.19000000,51.43514962,51.49058768,51.29108513,51.50561322,0,0
34.20000000,51.46313991,51.51339493,51.25899118,51.47405315,0,0
34.21000000,51.38117218,51.44223907,51.22206141,51.47998127,0,0
34.22000000,51.47780095,51.44056756,51.18459955,51.42784718,0,0
34.23000000,51.39902337,51.37336006,51.17557347,51.47880786,0,0
34.24000000,51.44033225,51.41547975,51.16216437,51.48733441,0,0
34.25000000,51.35000248,51.38311841,51.17937061,51.43749721,0,0
34.26000000,51.36660662,51.35602398,51.10958760,51.42427944,0,0
34.27000000,51.39234652,51.33830426,51.13305539,51.41895441,0,0
34.28000000,51.31365242,51.31881407,50.99382028,51.34629025,0,0
34.29000000,51.24641159,51.32367234,51.07569576,51.38364262,0,0
34.30000000,51.19016043,51.30547342,51.02877321,51.36633881,0,0
34.31000000,51.20666367,51.24589117,50.99264949,51.32402934,0,0
34.32000000,51.19963721,51.30963452,51.02194421,51.35621053,0,0
34.33000000,51.31696328,51.26766330,50.94620861,51.29938448,0,0
34.34000000,51.22642903,51.22701397,50.83657228,51.24851710,0,0
34.35000000,51.05165240,51.18386379,50.90764233,51.24837632,0,0
34.36000000,51.12938879,51.20339989,50.88817100,51.24975265,0,0
34.37000000,51.13949872,51.14953257,51.02307837,51.20271314,0,0
34.38000000,51.16751798,51.13120623,50.98716662,51.21127191,0,0
34.39000000,51.08288039,51.09642371,50.90450273,51.23420997,0,0
34.40000000,51.02105509,51.09175830,50.85867564,51.22455396,0,0
34.41000000,51.01674855,51.08460018,50.77568695,51.21828002,0,0
34.42000000,51.04219673,51.04293238,50.83323165,51.20780431,0,0
34.43000000,51.05521449,51.01743641,50.75291526,51.12424877,0,0
34.44000000,50.93999741,51.07701513,50.79437899,51.10016721,0,0
34.45000000,50.96260157,51.07407898,50.86446784,51.08690343,0,0
34.46000000,51.01962071,51.08519702,50.80591947,51.04123439,0,0
34.47000000,51.04227660,50.99037941,50.80333379,51.04148302,0,0
34.48000000,50.98672632,50.95698953,50.77387708,51.07828166,0,0
34.49000000,50.95578259,50.94598669,50.71467178,51.04513285,0,0
34.50000000,50.86600585,50.90735184,50.76362267,51.01115340,0,0
34.51000000,50.93496112,50.93860553,50.72382931,51.00604421,0,0
34.52000000,50.95433499,50.98133437,50.73521885,50.98456767,0,0
34.53000000,50.84224536,50.94577574,50.67053844,51.02421232,0,0
34.54000000,50.82197241,50.83049177,50.69000034,51.00672368,0,0
34.55000000,50.80779747,50.72351371,50.68695561,50.96268787,0,0
34.56000000,50.82116926,50.88857706,50.67373333,51.02389564,0,0
34.57000000,50.86848069,50.95061815,50.64841945,50.93364064,0,0
34.58000000,50.82252111,50.91660171,50.48550354,50.94049718,0,0
34.59000000,50.76380848,50.87460258,50.61319274,50.89471739,0,0
34.60000000,50.75138773,50.74321632,50.49615391,50.86082283,0,0
34.61000000,50.76491246,50.73842230,50.55853430,50.89690240,0,0
34.62000000,50.78151693,50.73975552,50.49429571,50.81308538,0,0
34.63000000,50.76491598,50.70992191,50.43834497,50.78198449,0,0
34.64000000,50.69112845,50.73744625,50.39723045,50.77048507,0,0
34.65000000,50.70090648,50.70537290,50.36051669,50.72571662,0,0
34.66000000,50.67121208,50.66154654,50.34678978,50.70866093,0,0
34.67000000,50.64245122,50.62807873,50.35581939,50.68949397,0,0
34.68000000,50.56143046,50.64131562,50.32421221,50.68085189,0,0
34.69000000,50.51780820,50.65421467,50.36556294,50.72789561,0,0
34.70000000,50.57340585,50.63212760,50.34472780,50.68634452,0,0
34.71000000,50.59654891,50.48853002,50.39199182,50.70487477,0,0
34.72000000,50.53858418,50.53891356,50.31662739,50.70643667,0,0
34.73000000,50.53453728,50.56616112,50.29598386,50.60533600,0,0
34.74000000,50.48204665,50.55372763,50.34692273,50.66057135,0,0
34.75000000,50.41584531,50.53232033,50.38116150,50.54208896,0,0
34.76000000,50.49259282,50.43926772,50.38424270,50.61133586,0,0
34.77000000,50.45586095,50.46863154,50.23043255,50.55386591,0,0
34.78000000,50.45469990,50.43428175,50.17475051,50.56128689,0,0
34.79000000,50.46482448,50.46307809,50.10918014,50.52067308,0,0
34.80000000,50.44535299,50.43800987,50.17464093,50.50153662,0,0
34.81000000,50.35819233,50.40141642,50.13941823,50.46145309,0,0
34.82000000,50.45438293,50.44273522,50.15370157,50.48342112,0,0
34.83000000,50.48451317,50.44850025,50.10870556,50.43574754,0,0
34.84000000,50.44477105,50.40703044,50.09740011,50.47249172,0,0
34.85000000,50.35550880,50.28329300,50.17903698,50.46772469,0,0
34.86000000,50.37658072,50.34082248,50.24675610,50.43416402,0,0
34.87000000,50.30267454,50.31979815,50.25528565,50.42658175,0,0
34.88000000,50.34861851,50.32672683,50.26903295,50.42158563,0,0
34.89000000,50.32353914,50.29152751,50.14979404,50.39531793,0,0
34.90000000,50.28461658,50.32233244,50.11091665,50.42416563,0,0
34.91000000,50.31475747,50.22983710,50.08349153,50.32655339,0,0
34.92000000,50.30153042,50.30353875,50.08590089,50.26997746,0,0
34.93000000,50.20932307,50.26119139,50.10816134,50.24129097,0,0
34.94000000,50.23034743,50.24700277,49.97943262,50.17775176,0,0
34.95000000,50.20703361,50.23774551,49.89074144,50.18056353,0,0
34.96000000,50.30124200,50.20608120,49.79867554,50.20760549,0,0
34.97000000,50.17526920,50.24956919,49.78334723,50.24431708,0,0
34.98000000,50.17802271,50.15840685,49.88082257,50.20003424,0,0
34.99000000,50.14837051,50.08535804,49.91064604,50.20728940,0,0
35.00000000,50.16660336,50.06860535,49.88999203,50.18346162,0,0
35.01000000,50.19509658,50.13776753,49.84490278,50.14989491,0,0
35.02000000,50.09043476,50.13954456,49.76925202,50.15969912,0,0
35.03000000,50.03924084,50.06806276,49.83605795,50.21119435,0,0
35.04000000,50.04484845,50.03554860,49.80668054,50.13227959,0,0
35.05000000,50.09445532,50.01353635,49.93872732,50.09721472,0,0
35.06000000,50.06215723,50.06719886,49.91852104,50.15987735,0,0
35.07000000,50.02297714,50.07250830,49.81083222,50.04423001,0,0
35.08000000,50.03171991,50.05446920,49.78404746,50.08166769,0,0
35.09000000,50.03588267,50.00601070,49.76728957,50.02745766,0,0
35.10000000,50.07212874,50.00964258,49.85227258,50.04734685,0,0
35.11000000,50.05458156,49.93711829,49.90004540,50.01509719,0,0
35.12000000,49.97696721,50.02187721,49.80492476,49.97533923,0,0
35.13000000,49.93996574,49.91151505,49.78429126,49.99125475,0,0
35.14000000,49.98757519,49.95587232,49.74273179,49.97435665,0,0
35.15000000,49.90602987,49.91739702,49.71437794,49.97530085,0,0
35.16000000,49.95801113,49.87483674,49.74455231,50.00268827,0,0
35.17000000,49.89690810,49.79851416,49.66748279,49.90600464,0,0
35.18000000,49.87327937,49.86324866,49.72004342,49.96874340,0,0
35.19000000,49.87731668,49.88758698,49.64966065,49.89424497,0,0
35.20000000,49.84987295,49.88005347,49.63743375,49.88631605,0,0
35.21000000,49.85109565,49.83633131,49.53611526,49.82341732,0,0
35.22000000,49.79266674,49.71418144,49.55166093,49.78516535,0,0
35.23000000,49.81098841,49.81053111,49.55467550,49.80764582,0,0
35.24000000,49.77983180,49.70127983,49.52530116,49.72567879,0,0
35.25000000,49.73462312,49.64017993,49.49481131,49.71622978,0,0
35.26000000,49.78714602,49.78262502,49.45834725,49.71419356,0,0
35.27000000,49.71092430,49.71666254,49.34832333,49.69757267,0,0
35.28000000,49.65560178,49.70210664,49.39364223,49.74086973,0,0
35.29000000,49.64731084,49.60202692,49.40694197,49.72006385,0,0
35.30000000,49.68792108,49.62930600,49.44869664,49.69529250,0,0
35.31000000,49.61674289,49.64008258,49.44305474,49.70732661,0,0
35.32000000,49.59613854,49.62642264,49.36124669,49.66169738,0,0
35.33000000,49.59301171,49.58590673,49.42884324,49.70400488,0,0
35.34000000,49.56784610,49.47794824,49.41418292,49.59013292,0,0
35.35000000,49.57431934,49.50359680,49.45864757,49.71277722,0,0
35.36000000,49.59330168,49.47000095,49.43980299,49.66879956,0,0
35.37000000,49.55324287,49.50320673,49.45545765,49.59615569,0,0
35.38000000,49.47780240,49.41250526,49.42766478,49.63414650,0,0
35.39000000,49.56672997,49.47059644,49.41739642,49.60712291,0,0
35.40000000,49.42388094,49.36631121,49.29319535,49.55590525,0,0
35.41000000,49.43701280,49.44845575,49.33158410,49.60626685,0,0
35.42000000,49.52265235,49.42179970,49.31472483,49.43216981,0,0
35.43000000,49.43579747,49.45980926,49.32646831,49.43458019,0,0
35.44000000,49.46281082,49.42430686,49.29619674,49.49059728,0,0
35.45000000,49.42585543,49.40492403,49.25487148,49.33466164,0,0
35.46000000,49.54731812,49.39772165,49.23319910,49.46806102,0,0
35.47000000,49.41335563,49.35615166,49.13296071,49.38738799,0,0
35.48000000,49.41050817,49.35343626,49.16969661,49.33362993,0,0
35.49000000,49.36724210,49.31536570,49.17773166,49.39232932,0,0
35.50000000,49.37187642,49.29233655,49.17919588,49.33091823,0,0
35.51000000,49.39805307,49.31421513,49.14783753,49.37563588,0,0
35.52000000,49.38155303,49.28576266,49.12849384,49.36614211,0,0
35.53000000,49.30874504,49.18412456,49.09197570,49.39553653,0,0
35.54000000,49.29801616,49.16908943,49.05048547,49.36345751,0,0
35.55000000,49.26134962,49.18100452,49.06724102,49.29357089,0,0
35.56000000,49.23248705,49.27524720,49.09735240,49.29248896,0,0
35.57000000,49.17253650,49.26783998,49.04793442,49.24360202,0,0
35.58000000,49.23254785,49.11812248,49.02096050,49.19780988,0,0
35.59000000,49.26975023,49.10985282,48.91547832,49.17798791,0,0
35.60000000,49.23128174,49.05267535,48.86596424,49.15091238,0,0
35.61000000,49.25280158,49.15069514,48.90341468,49.10871111,0,0
35.62000000,49.15833498,49.03449514,48.95273887,49.11276111,0,0
35.63000000,49.12905683,48.98833938,48.94462397,49.06712206,0,0
35.64000000,49.13982330,49.03230206,48.90161901,49.04392449,0,0
35.65000000,49.13527657,49.04272055,48.86116534,49.06123490,0,0
35.66000000,49.19625535,49.12610880,48.85449320,49.05615078,0,0
35.67000000,49.04623857,48.98862988,48.81201332,48.98891381,0,0
35.68000000,49.08580389,48.87071823,48.90037000,48.98846898,0,0
35.69000000,48.99726273,48.88498080,48.85766097,48.98769441,0,0
35.70000000,49.09213118,49.01312957,48.87138424,49.03134428,0,0
35.71000000,49.06635853,48.96385645,48.82041837,49.02137381,0,0
35.72000000,49.00907649,48.99238920,48.84958135,49.00108119,0,0
35.73000000,49.01444552,48.81805626,48.88660845,48.99976519,0,0
35.74000000,49.08804272,48.84013782,48.88212793,48.96528453,0,0
35.75000000,49.05626083,48.88444024,48.89987485,48.98209903,0,0
35.76000000,49.00100127,48.85325368,48.85839832,48.96091089,0,0
35.77000000,48.93762578,48.84480721,48.79839358,48.94866799,0,0
35.78000000,48.86397626,48.76021256,48.77289610,48.92562875,0,0
35.79000000,48.93982783,48.79201432,48.74153049,48.90960474,0,0
35.80000000,48.93540437,48.75617869,48.70156748,48.88798086,0,0
35.81000000,48.91528883,48.90887534,48.62966243,48.81702072,0,0
35.82000000,48.82701832,48.75775389,48.55952709,48.81111627,0,0
35.83000000,48.85235577,48.80753548,48.62522395,48.75377945,0,0
35.84000000,48.93520760,48.73069663,48.51329889,48.75569615,0,0
35.85000000,48.83281275,48.73902882,48.59350031,48.67984015,0,0
35.86000000,48.84654742,48.74725659,48.62126482,48.61655725,0,0
35.87000000,48.74644562,48.75320089,48.56973219,48.73441481,0,0
35.88000000,48.77287026,48.63801776,48.55969425,48.67036509,0,0
35.89000000,48.83008809,48.62477982,48.48895190,48.75562303,0,0
35.90000000,48.80333171,48.60522763,48.41111872,48.74248321,0,0
35.91000000,48.68492725,48.56105434,48.45640345,48.62200997,0,0
35.92000000,48.73754046,48.55851444,48.52250531,48.69880805,0,0
35.93000000,48.71142069,48.61813987,48.50473357,48.62811408,0,0
35.94000000,48.67795033,48.56410894,48.46634833,48.56041460,0,0
35.95000000,48.58288528,48.55850727,48.43641120,48.62742333,0,0
35.96000000,48.56549715,48.55777880,48.44102790,48.54902857,0,0
35.97000000,48.62413378,48.50245310,48.57827621,48.56783043,0,0
35.98000000,48.68354972,48.42339643,48.53684413,48.54369149,0,0
35.99000000,48.68084882,48.42416209,48.54536106,48.51348188,0,0
36.00000000,48.57170392,48.41019352,48.36726844,48.48778122,0,0
36.01000000,48.47599890,48.46336855,48.30065027,48.53018368,0,0
36.02000000,48.50798352,48.41527491,48.41931191,48.46435714,0,0
36.03000000,48.56701818,48.45777111,48.36911665,48.46964346,0,0
36.04000000,48.60171077,48.40048546,48.39044363,48.46402534,0,0
36.05000000,48.52512919,48.27441820,48.31515925,48.48456262,0,0
36.06000000,48.53624087,48.35208821,48.25708222,48.42117404,0,0
36.07000000,48.44492701,48.34197760,48.28118556,48.50100086,0,0
36.08000000,48.42887885,48.44463800,48.23584980,48.44819743,0,0
36.09000000,48.37732135,48.35806590,48.23485997,48.41503898,0,0
36.10000000,48.45205203,48.32350693,48.17634293,48.36813175,0,0
36.11000000,48.38374001,48.28717400,48.20078095,48.36035943,0,0
36.12000000,48.40209136,48.22291408,48.32722737,48.29756126,0,0
36.13000000,48.31934616,48.24076802,48.23069583,48.39156733,0,0
36.14000000,48.27067587,48.11940905,48.23966928,48.32608271,0,0
36.15000000,48.41657423,48.04473856,48.14628486,48.33211431,0,0
36.16000000,48.38339073,48.28823241,48.14160069,48.31972900,0,0
36.17000000,48.41922584,48.30387460,48.13152835,48.32497631,0,0
36.18000000,48.20016778,48.32145600,48.15519247,48.26361128,0,0
36.19000000,48.18806271,48.18896532,48.13543048,48.19989544,0,0
36.20000000,48.12809646,48.04533739,48.04601433,48.14891679,0,0
36.21000000,48.29462261,48.08438249,47.95701450,48.15094337,0,0
36.22000000,48.27980097,48.10937674,47.91465902,48.15789217,0,0
36.23000000,48.27596645,48.13105057,47.88073472,48.07880737,0,0
36.24000000,48.06306702,48.04807605,47.94945368,48.12851214,0,0
36.25000000,48.19489333,48.05755638,48.00311207,48.01234336,0,0
36.26000000,48.17369463,47.99201310,48.04285603,48.02379956,0,0
36.27000000,48.16237286,47.95469909,47.97595192,48.02513462,0,0
36.28000000,48.09053252,47.86905292,47.97925163,48.02027625,0,0
36.29000000,47.99834346,47.93959536,47.92339200,48.04097915,0,0
36.30000000,47.94175753,47.86040930,47.96612684,48.09036468,0,0
36.31000000,48.00714612,47.90200146,47.91961149,48.09495063,0,0
36.32000000,48.03206518,47.95358398,47.75831938,47.97515949,0,0
36.33000000,48.05940166,47.85998326,47.71526344,47.95540335,0,0
36.34000000,47.97561016,47.92673203,47.57716306,47.93817218,0,0
36.35000000,47.89354323,47.89062934,47.80395354,47.83128218,0,0
36.36000000,47.85065355,47.77207856,47.82001422,47.87248515,0,0
36.37000000,47.84121651,47.69021899,47.85442805,47.92361441,0,0
36.38000000,47.92307023,47.68845474,47.66797602,47.79926272,0,0
36.39000000,47.91266232,47.77566528,47.64369083,47.88218608,0,0
36.40000000,47.89487127,47.77494457,47.63188699,47.82089162,0,0
36.41000000,47.86050030,47.73723621,47.66813395,47.83341143,0,0
36.42000000,47.81837215,47.68228334,47.63259376,47.83225466,0,0
36.43000000,47.75994515,47.65410675,47.63719950,47.77923323,0,0
36.44000000,47.72584774,47.54927838,47.53975710,47.77168344,0,0
36.45000000,47.69909552,47.56190096,47.57352125,47.74890817,0,0
36.46000000,47.65732982,47.57615580,47.59777567,47.67203710,0,0
36.47000000,47.66402606,47.71133597,47.57229332,47.65192576,0,0
36.48000000,47.67313522,47.63224663,47.52399481,47.61796668,0,0
36.49000000,47.66069309,47.54914133,47.47217698,47.56691989,0,0
36.50000000,47.65941502,47.45400924,47.35185291,47.53509151,0,0
36.51000000,47.63367314,47.46736522,47.41342837,47.49656187,0,0
36.52000000,47.58185118,47.53930982,47.40065720,47.60964483,0,0
36.53000000,47.59226888,47.44481021,47.50458611,47.52366605,0,0
36.54000000,47.54297846,47.39503064,47.51153274,47.55915063,0,0
36.55000000,47.60486555,47.40059999,47.42766232,47.56346204,0,0
36.56000000,47.56573907,47.25573492,47.31430598,47.53612829,0,0
36.57000000,47.48035301,47.40171061,47.26647224,47.48713972,0,0
36.58000000,47.46132189,47.39434384,47.22863968,47.39057198,0,0
36.59000000,47.41327114,47.41161912,47.24037731,47.35720047,0,0
36.60000000,47.42244532,47.33132875,47.25363430,47.35630029,0,0
36.61000000,47.41081600,47.34557781,47.24751971,47.32682342,0,0
36.62000000,47.40339840,47.26924574,47.20050563,47.31855857,0,0
36.63000000,47.37100132,47.20864623,47.13500441,47.36302286,0,0
36.64000000,47.35701515,47.25387623,47.14085214,47.32715291,0,0
36.65000000,47.38028751,47.21287788,47.14079636,47.25593903,0,0
36.66000000,47.32954090,47.19914454,47.11601494,47.21134297,0,0
36.67000000,47.27506736,47.11034510,47.08599324,47.21111973,0,0
36.68000000,47.33920383,47.08075547,47.06608947,47.20546997,0,0
36.69000000,47.24142831,47.04855242,47.04834377,47.16448896,0,0
36.70000000,47.20236558,47.13124597,47.01071464,47.19256390,0,0
36.71000000,47.15492142,47.13990663,47.03381425,47.15434171,0,0
36.72000000,47.18278997,47.07846638,46.95148000,47.12209800,0,0
36.73000000,47.11635670,47.01016842,46.99770091,47.12708913,0,0
36.74000000,47.16406580,46.96651057,46.93248171,47.10821247,0,0
36.75000000,47.10001727,47.02416279,46.94280073,47.09612731,0,0
36.76000000,47.07060760,47.01092549,46.93790968,47.00578010,0,0
36.77000000,47.05841995,47.01378118,46.89761691,46.98886050,0,0
36.78000000,47.02101286,46.86296609,46.89549508,46.94111177,0,0
36.79000000,47.06065943,46.85532876,46.83877084,46.87117442,0,0
36.80000000,47.00441281,46.78898339,46.89131163,46.94501542,0,0
36.81000000,47.03671976,46.80774550,46.82950017,46.91976077,0,0
36.82000000,46.99666149,46.81995756,46.79612711,46.97679017,0,0
36.83000000,46.90312915,46.80205523,46.75967445,46.90135828,0,0
36.84000000,46.87225809,46.75276253,46.72844838,46.87375127,0,0
36.85000000,46.84867730,46.71319921,46.72141200,46.83185890,0,0
36.86000000,46.85819959,46.67272951,46.68534196,46.81931560,0,0
36.87000000,46.87957370,46.72390439,46.69820650,46.79172043,0,0
36.88000000,46.92467026,46.72170588,46.64455418,46.75760612,0,0
36.89000000,46.95369816,46.69043336,46.65179854,46.76711638,0,0
36.90000000,46.83406362,46.67803012,46.60642887,46.68314336,0,0
36.91000000,46.83579848,46.65666873,46.58687382,46.72271281,0,0
36.92000000,46.80249251,46.70915010,46.61780084,46.59999864,0,0
36.93000000,46.84945799,46.63028937,46.57960772,46.60063251,0,0
36.94000000,46.80610723,46.58197701,46.59042837,46.57919244,0,0
36.95000000,46.83258703,46.50431720,46.59970935,46.63729587,0,0
36.96000000,46.75558501,46.47725671,46.50863979,46.59974169,0,0
36.97000000,46.74544083,46.50311301,46.53950840,46.68783013,0,0
36.98000000,46.70028031,46.48403322,46.53663806,46.57300616,0,0
36.99000000,46.68283302,46.49226388,46.50350982,46.53227966,0,0
37.00000000,46.63505187,46.49984920,46.48890331,46.51727080,0,0
37.01000000,46.70691943,46.50455903,46.49442695,46.51006317,0,0
37.02000000,46.70283716,46.51893360,46.55680284,46.49125404,0,0
37.03000000,46.67969169,46.44081677,46.52608431,46.49912914,0,0
37.04000000,46.65502933,46.46627853,46.50532247,46.52197866,0,0
37.05000000,46.64745321,46.43863125,46.46076213,46.55028001,0,0
37.06000000,46.65903523,46.39870130,46.45632285,46.50413193,0,0
37.07000000,46.68119399,46.38130675,46.44586359,46.45855961,0,0
37.08000000,46.65940062,46.41805971,46.42674204,46.48873357,0,0
37.09000000,46.58868871,46.44229913,46.39541022,46.41825592,0,0
37.10000000,46.54310352,46.43772420,46.32922005,46.42473287,0,0
37.11000000,46.52836674,46.36692132,46.32057882,46.38422022,0,0
37.12000000,46.51737220,46.29464979,46.24860785,46.34203047,0,0
37.13000000,46.54322198,46.29210169,46.22520678,46.34850696,0,0
37.14000000,46.48468114,46.31388501,46.20644522,46.36016613,0,0
37.15000000,46.48776633,46.33130717,46.24015397,46.37221678,0,0
37.16000000,46.48463457,46.36926854,46.22402508,46.27963297,0,0
37.17000000,46.51600749,46.32664443,46.22561667,46.31788381,0,0
37.18000000,46.45443275,46.27944154,46.18649451,46.22327916,0,0
37.19000000,46.42768132,46.20409854,46.16756635,46.18572937,0,0
37.20000000,46.36392589,46.18953357,46.14925610,46.21123203,0,0
37.21000000,46.45158985,46.19666386,46.12974132,46.15815458,0,0
37.22000000,46.39434571,46.18366018,46.13483446,46.14046377,0,0
37.23000000,46.33344498,46.14102150,46.11049143,46.17415384,0,0
37.24000000,46.22136120,46.08712725,46.05176128,46.13185089,0,0
37.25000000,46.26438711,46.05165617,46.04279388,46.08749749,0,0
37.26000000,46.19033611,46.05132885,46.04105155,46.06556814,0,0
37.27000000,46.19092511,46.06181847,46.02252905,46.04136065,0,0
37.28000000,46.08869650,46.03391606,46.03768684,46.01494204,0,0
37.29000000,46.17620279,45.98173791,46.05629085,46.03544838,0,0
37.30000000,46.15656381,45.83826851,46.03705065,46.05757291,0,0
37.31000000,46.18916923,45.88560755,46.03287650,46.06623586,0,0
37.32000000,46.15558883,45.93695591,45.98115527,46.02646028,0,0
37.33000000,46.09534238,45.97418767,45.94520209,45.99581635,0,0
37.34000000,46.08101159,45.91990911,45.95239575,45.93551481,0,0
37.35000000,46.18941518,45.82373356,45.92175321,45.96188666,0,0
37.36000000,46.13699416,45.68898441,45.94910812,45.89813566,0,0
37.37000000,46.07545788,45.81504074,45.89726957,45.94706805,0,0
37.38000000,45.99717941,45.82369719,45.92542620,45.95606527,0,0
37.39000000,45.97431562,45.89814648,45.89412836,45.88673085,0,0
37.40000000,45.96458783,45.80945183,45.93322016,45.90119934,0,0
37.41000000,45.97045014,45.75678442,45.84753501,45.90707650,0,0
37.42000000,46.00754181,45.76266942,45.87227483,45.87438935,0,0
37.43000000,45.95351342,45.73266965,45.91511729,45.88265916,0,0
37.44000000,46.00361280,45.78010923,45.86566789,45.88304279,0,0
37.45000000,45.96072320,45.74056675,45.92730152,45.83713148,0,0
37.46000000,46.03273693,45.69459550,45.90802210,45.85612757,0,0
37.47000000,45.92491881,45.68304103,45.90708524,45.81579831,0,0
37.48000000,45.91437071,45.61762148,45.82673888,45.83323065,0,0
37.49000000,45.88434668,45.65467415,45.79014117,45.84726247,0,0
37.50000000,45.84625374,45.70481219,45.72027537,45.81350771,0,0
37.51000000,45.86427976,45.73631824,45.66302750,45.68822641,0,0
37.52000000,45.83850555,45.68480345,45.62045131,45.71806550,0,0
37.53000000,45.79456859,45.60832169,45.54705068,45.55127122,0,0
37.54000000,45.73318218,45.53750587,45.52494727,45.63218809,0,0
37.55000000,45.75883855,45.65226313,45.45865542,45.67507725,0,0
37.56000000,45.79406757,45.61107523,45.50239781,45.60358476,0,0
37.57000000,45.73518219,45.62603566,45.47254620,45.55808245,0,0
37.58000000,45.72716832,45.52150766,45.49074953,45.58546667,0,0
37.59000000,45.73771540,45.50331113,45.48949916,45.49966377,0,0
37.60000000,45.67655519,45.52963379,45.44417530,45.56533181,0,0
37.61000000,45.61099318,45.44833161,45.44281369,45.56661187,0,0
37.62000000,45.62760677,45.47722614,45.45381121,45.45045991,0,0
37.63000000,45.62381853,45.42949897,45.37374450,45.51230929,0,0
37.64000000,45.62211348,45.36289746,45.39289808,45.43414243,0,0
37.65000000,45.68658127,45.41614012,45.36452654,45.46893413,0,0
37.66000000,45.50620939,45.35126407,45.40430605,45.44242482,0,0
37.67000000,45.47625227,45.38866155,45.43186776,45.39745861,0,0
37.68000000,45.55992929,45.34581944,45.41354787,45.38485167,0,0
37.69000000,45.55004863,45.22777448,45.43335520,45.33181819,0,0
37.70000000,45.66931451,45.37015628,45.39244696,45.32504317,0,0
37.71000000,45.54181385,45.59240754,45.39352770,45.35518611,0,0
37.72000000,45.55636302,45.54894037,45.40202457,45.36898580,0,0
37.73000000,45.35882737,45.48360878,45.40289810,45.40461242,0,0
37.74000000,45.46446761,45.26591314,45.35438771,45.36094892,0,0
37.75000000,45.56800410,45.23298083,45.34336368,45.41083622,0,0
37.76000000,45.65690875,45.23049585,45.25270754,45.38960009,0,0
37.77000000,45.62254073,45.25066327,45.26237532,45.34962049,0,0
37.78000000,45.43448112,45.28308542,45.30103911,45.32069749,0,0
37.79000000,45.37102288,45.30267768,45.30489674,45.30008645,0,0
37.80000000,45.33613141,45.31710419,45.28462747,45.26389693,0,0
37.81000000,45.47180735,45.29617352,45.17030100,45.26254841,0,0
37.82000000,45.37972607,45.28989582,45.06575078,45.29413237,0,0
37.83000000,45.31582039,45.17858627,45.02871831,45.25401982,0,0
37.84000000,45.31603848,45.19845365,45.08601601,45.24784886,0,0
37.85000000,45.26396688,45.22139429,44.96212908,45.18154143,0,0
37.86000000,45.35245591,45.26057609,45.06986619,45.23715341,0,0
37.87000000,45.30126202,45.12839506,44.93496475,45.11737656,0,0
37.88000000,45.25332471,45.10347616,44.92873015,45.06860006,0,0
37.89000000,45.22827386,45.04645805,44.93501304,45.00148492,0,0
37.90000000,45.24590457,44.99961457,45.04819253,44.87182186,0,0
37.91000000,45.22443262,45.04096202,44.90391122,44.95834097,0,0
37.92000000,45.09281979,44.96356535,44.92175590,44.96511261,0,0
37.93000000,45.06189996,44.93565752,44.84769586,45.07628073,0,0
37.94000000,45.08540517,44.88843609,44.79350794,45.03456759,0,0
37.95000000,45.03550472,44.87530537,44.72892962,45.02010905,0,0
37.96000000,44.97893027,44.88227588,44.86228270,45.00737272,0,0
37.97000000,44.93338032,44.86130462,44.88571892,44.96625623,0,0
37.98000000,44.92358374,44.80433426,44.95916312,44.88488029,0,0
37.99000000,45.04048465,44.75668549,44.90433935,44.92731979,0,0
38.00000000,45.05654130,44.75641201,44.91916454,44.94585787,0,0
38.01000000,44.98945951,44.85384526,44.92393279,44.90035814,0,0
38.02000000,44.85059949,44.69434661,44.95928361,44.96615313,0,0
38.03000000,44.91686541,44.95788326,44.98179119,44.85953741,0,0
38.04000000,44.86336386,44.62202549,44.97390523,44.87167685,0,0
38.05000000,44.91296991,44.75773890,44.88295134,44.91646596,0,0
38.06000000,44.85810839,44.71877225,44.80975676,44.88889333,0,0
38.07000000,44.85689895,44.73502651,44.76687944,44.93857796,0,0
38.08000000,44.86925563,44.67510134,44.79199653,44.83854803,0,0
38.09000000,44.81630942,44.62469293,44.72565175,44.80328174,0,0
38.10000000,44.90370759,44.75501550,44.71335415,44.78677798,0,0
38.11000000,44.86304856,44.80565542,44.65022464,44.80800050,0,0
38.12000000,44.85952184,44.78663593,44.67801978,44.80207972,0,0
38.13000000,44.93737793,44.70429272,44.68648280,44.78474456,0,0
38.14000000,44.90887144,44.61729352,44.68744241,44.78878139,0,0
38.15000000,44.91531697,44.62762770,44.70073835,44.78242791,0,0
38.16000000,44.88678535,44.71512303,44.64699596,44.76575796,0,0
38.17000000,44.80728292,44.73112605,44.53456413,44.72693901,0,0
38.18000000,44.83412004,44.67750333,44.52934996,44.66228545,0,0
38.19000000,44.80396482,44.59388291,44.46161224,44.61900200,0,0
38.20000000,44.77498989,44.57581768,44.50755351,44.56014889,0,0
38.21000000,44.78671272,44.61217859,44.46751428,44.42155147,0,0
38.22000000,44.66459595,44.64260153,44.52916180,44.49472368,0,0
38.23000000,44.60595627,44.52256401,44.40017191,44.38045170,0,0
38.24000000,44.57801797,44.52481924,44.51227558,44.39846837,0,0
38.25000000,44.68566922,44.49813930,44.32110171,44.53271029,0,0
38.26000000,44.79106212,44.48164097,44.36295019,44.35856569,0,0
38.27000000,44.64202828,44.61193400,44.35590343,44.41593484,0,0
38.28000000,44.63881934,44.47851422,44.26663325,44.45348171,0,0
38.29000000,44.53696384,44.50082088,44.33721314,44.33933836,0,0
38.30000000,44.55393371,44.40112237,44.23768014,44.34955763,0,0
38.31000000,44.59075201,44.36429622,44.22779563,44.37159834,0,0
38.32000000,44.55715585,44.28080887,44.22072057,44.42029443,0,0
38.33000000,44.53678907,44.37070214,44.20222552,44.39332533,0,0
38.34000000,44.45495262,44.29427883,44.23834425,44.35952954,0,0
38.35000000,44.43304107,44.28054010,44.26705146,44.33819388,0,0
38.36000000,44.39074672,44.29514992,44.27022538,44.28216151,0,0
38.37000000,44.44149333,44.27927064,44.26170602,44.26437761,0,0
38.38000000,44.46860684,44.24303360,44.24428601,44.34565409,0,0
38.39000000,44.43674168,44.21063795,44.26390766,44.30135033,0,0
38.40000000,44.40451367,44.22219629,44.25498411,44.29247636,0,0
38.41000000,44.27882736,44.18613565,44.29789068,44.29794956,0,0
38.42000000,44.29117349,44.22657192,44.27078068,44.25657876,0,0
38.43000000,44.21907284,44.13383078,44.34528075,44.33267832,0,0
38.44000000,44.31202232,44.02997990,44.13339858,44.29069833,0,0
38.45000000,44.24145423,43.98828006,44.17393520,44.17641277,0,0
38.46000000,44.30856344,44.09725080,44.09107152,44.24388506,0,0
38.47000000,44.11518916,44.01222903,44.13956628,44.16489077,0,0
38.48000000,44.15813221,44.08285299,44.13090378,44.11221258,0,0
38.49000000,44.16631398,44.03645346,44.09165680,44.16791509,0,0
38.50000000,44.20815053,44.00687057,44.04110657,44.13066998,0,0
38.51000000,44.14373966,43.91565880,43.96636826,44.07975048,0,0
38.52000000,43.98350219,43.91519274,43.93475256,44.15806650,0,0
38.53000000,43.99809853,43.94760030,43.94675303,44.07511945,0,0
38.54000000,44.08446139,44.03336600,43.95027110,43.98450877,0,0
38.55000000,44.09809625,43.92371770,43.86490122,44.01137124,0,0
38.56000000,44.07414016,43.93875538,43.81007709,43.98690002,0,0
38.57000000,44.00767470,43.80009376,43.72087133,43.91974247,0,0
38.58000000,43.96542896,43.88941018,43.75715154,43.93303890,0,0
38.59000000,44.01721636,43.82903022,43.85481116,43.95449703,0,0
38.60000000,43.98130060,43.79764714,43.91454058,43.94581726,0,0
38.61000000,43.88290949,43.77332981,43.92505306,43.91558111,0,0
38.62000000,43.86743328,43.79039024,43.85526831,44.02240450,0,0
38.63000000,43.83044622,43.80416853,43.86285502,43.99372594,0,0
38.64000000,43.89342897,43.77172559,43.84768627,43.93523100,0,0
38.65000000,43.86800052,43.61279924,43.81885993,43.91997284,0,0
38.66000000,43.88291628,43.68793021,43.82024466,43.86339223,0,0
38.67000000,43.89201114,43.74803243,43.72043325,43.80513252,0,0
38.68000000,43.83848268,43.75656453,43.74713541,43.83387999,0,0
38.69000000,43.85000390,43.82556414,43.72490034,43.75200864,0,0
38.70000000,43.76607337,43.71158457,43.69983424,43.77577051,0,0
38.71000000,43.85111552,43.67472727,43.79217229,43.72395089,0,0
38.72000000,43.86360885,43.67825587,43.76297924,43.78458529,0,0
38.73000000,43.85392141,43.60588041,43.63213417,43.72210671,0,0
38.74000000,43.86993632,43.67181176,43.61393648,43.63926760,0,0
38.75000000,43.82074482,43.61595430,43.56068009,43.67374639,0,0
38.76000000,43.78117254,43.70211283,43.57326101,43.70911609,0,0
38.77000000,43.74859894,43.65941117,43.56767031,43.70061971,0,0
38.78000000,43.73319952,43.59176623,43.47843253,43.64663515,0,0
38.79000000,43.69294618,43.60283554,43.49488459,43.61300238,0,0
38.80000000,43.76157268,43.55448681,43.46661577,43.57631662,0,0
38.81000000,43.76121920,43.54264368,43.49021026,43.56945905,0,0
38.82000000,43.76977237,43.67171200,43.45018669,43.51368730,0,0
38.83000000,43.65908958,43.58284410,43.38200888,43.54037718,0,0
38.84000000,43.67610729,43.55177704,43.37949000,43.56449645,0,0
38.85000000,43.66471787,43.53038282,43.33141753,43.53423555,0,0
38.86000000,43.77271829,43.49155260,43.38464129,43.53867072,0,0
38.87000000,43.70500500,43.48227374,43.33939491,43.46574126,0,0
38.88000000,43.70849161,43.46962661,43.37851368,43.37811306,0,0
38.89000000,43.65230596,43.50738626,43.42442108,43.46145495,0,0
38.90000000,43.61637607,43.43794773,43.33562362,43.41247973,0,0
38.91000000,43.58467062,43.47896287,43.34998810,43.42865322,0,0
38.92000000,43.59005599,43.42506716,43.24072361,43.50762784,0,0
38.93000000,43.59441421,43.41130381,43.27033878,43.37083606,0,0
38.94000000,43.50933051,43.39063722,43.27451373,43.38606389,0,0
38.95000000,43.50678730,43.38614978,43.33518135,43.29718922,0,0
38.96000000,43.52708577,43.39776620,43.30320208,43.30114452,0,0
38.97000000,43.57621118,43.38698528,43.33649548,43.35762048,0,0
38.98000000,43.50688371,43.37202805,43.29658851,43.32044357,0,0
38.99000000,43.48911818,43.32761853,43.24341246,43.36595505,0,0
39.00000000,43.47474608,43.29710041,43.30325689,43.32262042,0,0
39.01000000,43.45039065,43.25200459,43.20736561,43.23316096,0,0
39.02000000,43.50933952,43.26867766,43.22359196,43.29475660,0,0
39.03000000,43.47749733,43.25399797,43.24599947,43.25754900,0,0
39.04000000,43.38067085,43.22504978,43.24217893,43.24760881,0,0
39.05000000,43.37989212,43.24999363,43.21084323,43.34244122,0,0
39.06000000,43.38100932,43.17582818,43.15977800,43.24492285,0,0
39.07000000,43.38443507,43.18004907,43.09662596,43.24128122,0,0
39.08000000,43.32275556,43.09587715,43.14512456,43.18027799,0,0
39.09000000,43.28990751,43.19065185,43.09019353,43.17816946,0,0
39.10000000,43.33448610,43.10796818,43.13403575,43.12624365,0,0
39.11000000,43.33511285,43.13904328,43.08331662,43.15801586,0,0
39.12000000,43.27369652,43.09053017,43.11227178,43.05878212,0,0
39.13000000,43.21452642,42.97855437,43.06164989,43.09015744,0,0
39.14000000,43.23853700,43.01004899,43.08964424,43.10079826,0,0
39.15000000,43.22169417,42.98772436,43.09815523,43.03747223,0,0
39.16000000,43.18622286,43.00452018,43.02865242,43.04293147,0,0
39.17000000,43.16827147,42.94966196,43.00872122,43.00107220,0,0
39.18000000,43.11763731,42.93603514,43.01594281,43.02680276,0,0
39.19000000,43.10508236,42.90983893,43.01839977,43.04059715,0,0
39.20000000,43.08954145,42.91291338,42.98346209,43.05833872,0,0
39.21000000,43.04722918,42.88906940,42.90430365,43.01679122,0,0
39.22000000,43.02099950,42.88591587,42.94872284,42.96013740,0,0
39.23000000,42.97971872,42.81786422,42.90650602,42.93641670,0,0
39.24000000,42.87207912,42.76787455,42.87134333,42.89520667,0,0
39.25000000,42.90490040,42.83781459,42.83314106,42.95412960,0,0
39.26000000,42.91894306,42.80293889,42.81020616,42.89338540,0,0
39.27000000,43.04780467,42.86405490,42.75098735,42.87644662,0,0
39.28000000,42.95464509,42.76191201,42.77170645,42.87897068,0,0
39.29000000,42.96798344,42.86938845,42.74562514,42.88015012,0,0
39.30000000,42.82991616,42.79211522,42.72222734,42.87147230,0,0
39.31000000,42.88073302,42.75726179,42.72948504,42.90554551,0,0
39.32000000,42.91314731,42.67167580,42.75333337,42.88962884,0,0
39.33000000,42.87176155,42.57050336,42.74905545,42.86348277,0,0
39.34000000,42.87816612,42.61546455,42.73972231,42.85812019,0,0
39.35000000,42.85578965,42.56722647,42.74057148,42.84943933,0,0
39.36000000,42.63058766,42.69529018,42.70442834,42.77194885,0,0
39.37000000,42.68297808,42.63009271,42.73073457,42.72317541,0,0
39.38000000,42.81323449,42.58764866,42.64708167,42.68673240,0,0
39.39000000,42.92226578,42.49876073,42.67417609,42.63194466,0,0
39.40000000,42.83748062,42.53639718,42.61812746,42.61775406,0,0
39.41000000,42.63700192,42.52347795,42.64203412,42.59840761,0,0
39.42000000,42.55112271,42.56551361,42.60806779,42.56867480,0,0
39.43000000,42.61315423,42.58484655,42.69395849,42.60049805,0,0
39.44000000,42.71059008,42.55714506,42.62630596,42.50907586,0,0
39.45000000,42.73477033,42.48677969,42.60578677,42.52963493,0,0
39.46000000,42.68176599,42.42174738,42.43794373,42.41327767,0,0
39.47000000,42.73129800,42.46210594,42.39288609,42.34116542,0,0
39.48000000,42.68627392,42.47831620,42.36231932,42.40309766,0,0
39.49000000,42.55042308,42.43072234,42.37463264,42.32484749,0,0
39.50000000,42.49367376,42.39615284,42.35557797,42.38302897,0,0
39.51000000,42.52973153,42.36118822,42.31021583,42.36875667,0,0
39.52000000,42.58942252,42.37734970,42.27263451,42.47786673,0,0
39.53000000,42.59026628,42.34112899,42.17818099,42.49015367,0,0
39.54000000,42.47424577,42.40054926,42.26485184,42.48577000,0,0
39.55000000,42.49955679,42.40374281,42.33809658,42.41531182,0,0
39.56000000,42.53058739,42.37332352,42.27109077,42.50824371,0,0
39.57000000,42.54102713,42.32501081,42.37314130,42.42094404,0,0
39.58000000,42.52587186,42.23827630,42.17015284,42.48643398,0,0
39.59000000,42.49927505,42.28276115,42.14673548,42.40391954,0,0
39.60000000,42.50459540,42.29059028,42.30842395,42.40911970,0,0
39.61000000,42.46900140,42.31298450,42.37838942,42.30006217,0,0
39.62000000,42.41402477,42.20981678,42.41933534,42.23858806,0,0
39.63000000,42.43299686,42.19887405,42.27751147,42.24840469,0,0
39.64000000,42.44437052,42.21735206,42.16906101,42.21369117,0,0
39.65000000,42.44721125,42.21293675,42.08271607,42.21605110,0,0
39.66000000,42.33877168,42.17847255,42.05368848,42.14011420,0,0
39.67000000,42.29214342,42.16745644,42.09492139,42.11106621,0,0
39.68000000,42.32138268,42.17972234,42.12062159,42.12090447,0,0
39.69000000,42.36749616,42.18130832,42.11055747,42.08466294,0,0
39.70000000,42.36262729,42.16931763,42.12594357,42.12141050,0,0
39.71000000,42.30982965,42.13416578,42.07847022,42.07679746,0,0
39.72000000,42.30953706,42.08127100,42.03875944,42.06167245,0,0
39.73000000,42.24490713,42.07288959,42.07550868,42.02149781,0,0
39.74000000,42.21629852,42.03643008,42.02162128,42.02476436,0,0
39.75000000,42.20131999,41.99311700,42.00051579,41.97650341,0,0
39.76000000,42.19905212,41.96453393,41.90878261,41.92032433,0,0
39.77000000,42.24959748,41.99975313,41.91953984,42.01651295,0,0
39.78000000,42.20333019,41.97467347,41.95292110,41.96007390,0,0
39.79000000,42.14655160,42.01335055,41.92254497,41.96856925,0,0
39.80000000,42.08473732,41.86855545,41.92811303,41.95780683,0,0
39.81000000,42.07424333,41.87429952,41.92437415,41.94233775,0,0
39.82000000,42.08462015,41.77164312,41.89765717,41.95787232,0,0
39.83000000,42.04018076,41.80421161,41.89567979,41.95333659,0,0
39.84000000,41.94872647,41.77809232,41.82929938,41.93768485,0,0
39.85000000,42.04206790,41.85956266,41.85537506,41.90124065,0,0
39.86000000,42.02652345,41.87622545,41.87174509,41.90878073,0,0
39.87000000,41.94683469,41.83705250,41.89261950,41.88832876,0,0
39.88000000,41.86610918,41.76261756,41.86431466,41.88211340,0,0
39.89000000,41.87189335,41.62060131,41.80372715,41.84141208,0,0
39.90000000,42.00803861,41.73541898,41.78409555,41.82506755,0,0
39.91000000,41.99901596,41.72020461,41.74778601,41.81044857,0,0
39.92000000,41.94199061,41.73078432,41.81971329,41.78324620,0,0
39.93000000,41.73782812,41.62641588,41.79778607,41.79748671,0,0
39.94000000,41.77150360,41.70354802,41.82239127,41.81264207,0,0
39.95000000,41.74475331,41.69717942,41.78783776,41.81389523,0,0
39.96000000,41.88309353,41.64981579,41.68310610,41.75850384,0,0
39.97000000,41.77962348,41.62175882,41.63532589,41.73393325,0,0
39.98000000,41.78120404,41.60579811,41.58552123,41.63037833,0,0
39.99000000,41.71152924,41.60336175,41.54737774,41.69111825,0,0
40.00000000,41.79234992,41.60409490,41.62048523,41.68641548,0,0
40.01000000,41.73874009,41.60690017,41.57339750,41.74700169,0,0
40.02000000,41.74788726,41.51201724,41.60963782,41.74369115,0,0
40.03000000,41.69655080,41.51901441,41.58540717,41.72919137,0,0
40.04000000,41.72925268,41.55388419,41.59500208,41.69434663,0,0
40.05000000,41.72321773,41.58390657,41.58800762,41.60452083,0,0
40.06000000,41.72870812,41.53390783,41.53689725,41.55613661,0,0
40.07000000,41.72182948,41.50112616,41.52408412,41.50836320,0,0
40.08000000,41.66987486,41.48090001,41.60205989,41.55645517,0,0
40.09000000,41.68069556,41.51779383,41.51799496,41.51686984,0,0
40.10000000,41.61488656,41.51433564,41.49333600,41.55497715,0,0
40.11000000,41.58654180,41.40452110,41.36900656,41.49274763,0,0
40.12000000,41.56463962,41.38369993,41.44462758,41.42157895,0,0
40.13000000,41.55867061,41.44128896,41.41706058,41.43905572,0,0
40.14000000,41.56660570,41.55212345,41.43029757,41.38465069,0,0
40.15000000,41.60345769,41.49795405,41.36592507,41.38518573,0,0
40.16000000,41.56470307,41.40175384,41.33771804,41.30740400,0,0
40.17000000,41.59440298,41.25754756,41.32366459,41.38986125,0,0
40.18000000,41.59468661,41.30844975,41.33006745,41.40247913,0,0
40.19000000,41.54053113,41.38736506,41.33948284,41.39311804,0,0
40.20000000,41.52495046,41.44045610,41.32832441,41.37916771,0,0
40.21000000,41.47705485,41.34051771,41.28274756,41.38059908,0,0
40.22000000,41.45134093,41.28538486,41.30112896,41.31862651,0,0
40.23000000,41.52299090,41.21505958,41.28032733,41.30893759,0,0
40.24000000,41.44799023,41.32160548,41.25090429,41.35103063,0,0
40.25000000,41.42364396,41.26846021,41.18333902,41.27148684,0,0
40.26000000,41.40308934,41.23822094,41.14875368,41.25223045,0,0
40.27000000,41.37174983,41.20973780,41.12791731,41.20606602,0,0
40.28000000,41.41508286,41.23138900,41.10351586,41.19824822,0,0
40.29000000,41.30882924,41.16906576,41.12168006,41.21901661,0,0
40.30000000,41.26826332,41.18074997,41.13342966,41.31062713,0,0
40.31000000,41.29907433,41.13610124,41.17598491,41.45448883,0,0
40.32000000,41.30735336,41.19737614,41.18001932,41.57804388,0,0
40.33000000,41.32644907,41.19448302,41.15421925,41.63390888,0,0
40.34000000,41.25035906,41.12625978,41.11359377,41.68974323,0,0
40.35000000,41.31652087,41.16469698,41.07113626,41.61594454,0,0
40.36000000,41.25080726,41.07727485,41.02488900,41.59312327,0,0
40.37000000,41.25859244,41.15957983,41.04792202,41.69680191,0,0
40.38000000,41.16782645,41.13188648,40.99538177,41.65386411,0,0
40.39000000,41.20917305,41.20070777,40.99028437,41.67055046,0,0
40.40000000,41.18236566,41.09092262,40.98957265,41.72209214,0,0
40.41000000,41.20288727,41.08492147,40.98605936,41.64422935,0,0
40.42000000,41.12501324,41.00065971,40.91491124,41.62605450,0,0
40.43000000,41.12586508,41.08846626,40.93109411,41.40395885,0,0
40.44000000,41.09354523,41.06673500,40.86423227,41.31253829,0,0
40.45000000,41.07873449,41.08951151,40.80952649,41.25131467,0,0
40.46000000,41.03549246,41.02356139,40.83984356,41.10840872,0,0
40.47000000,41.04748448,40.99455995,40.85555900,41.11674128,0,0
40.48000000,41.04575343,40.91908963,40.86767871,41.21057938,0,0
40.49000000,40.98626824,40.93757184,40.86006599,41.17641603,0,0
40.50000000,40.91377679,40.84493797,40.81244641,41.11247708,0,0
40.51000000,40.80650094,40.89664481,40.85312818,41.12228592,0,0
40.52000000,41.00187284,40.81180333,40.71199618,41.05882915,0,0
40.53000000,40.86834321,40.84103148,40.74953313,41.05822523,0,0
40.54000000,40.92896610,40.75891631,40.66427997,40.98957350,0,0
40.55000000,40.74116449,40.63895718,40.65279988,41.05480043,0,0
40.56000000,40.74308997,40.68382784,40.59756589,40.99477130,0,0
40.57000000,40.73047853,40.70707252,40.61602964,40.97778172,0,0
40.58000000,40.75255265,40.73725858,40.58421946,40.95904776,0,1
40.59000000,40.68675711,40.55127655,40.51627526,40.94847599,0,1
40.60000000,40.65742233,40.51207906,40.47233242,40.97075102,0,1
40.61000000,40.68391226,40.52760217,40.47129665,40.93393884,0,1
40.62000000,40.66526847,40.65073516,40.50578334,40.94868028,0,1
40.63000000,40.61412934,40.51324319,40.46924158,40.89830413,0,1
40.64000000,40.55419764,40.52114640,40.45857941,40.87337404,0,1
40.65000000,40.63002701,40.43065918,40.44432549,40.81061194,0,1
40.66000000,40.57919498,40.48410878,40.43329515,40.80492593,0,1
40.67000000,40.57935545,40.31016815,40.42882815,40.79811548,0,1
40.68000000,40.44724286,40.36064472,40.41660994,40.80808989,0,1
40.69000000,40.42602069,40.36875207,40.42197621,40.82218473,0,1
40.70000000,40.42394972,40.40102488,40.49914720,40.82363785,0,1
40.71000000,40.37485899,40.27964333,40.35702813,40.81147713,0,1
40.72000000,40.38807517,40.22851367,40.38843293,40.84837049,0,1
40.73000000,40.41813875,40.23138554,40.23022942,40.73279846,0,1
40.74000000,40.42290634,40.25917535,40.29295231,40.81287687,0,1
40.75000000,40.33703947,40.29528676,40.28533060,40.76368124,0,1
40.76000000,40.26238574,40.24185258,40.26019682,40.71477375,0,1
40.77000000,40.28472302,40.17834100,40.25340520,40.66286088,0,1
40.78000000,40.35618302,40.17761416,40.19364956,40.70643198,0,1
40.79000000,40.41123605,40.12462706,40.18769890,40.64561115,0,1
40.80000000,40.30443877,40.12998418,40.15768994,40.64766802,0,1
40.81000000,40.19710208,40.14552475,40.15036666,40.53744174,0,1
40.82000000,40.22354285,40.10670666,40.14691425,40.51327344,0,1
40.83000000,40.19711241,40.06475138,40.15504600,40.48222835,0,1
40.84000000,40.14422980,40.07304828,40.08717155,40.42946750,0,1
40.85000000,40.25604743,40.02250256,40.06256452,40.51670755,0,1
40.86000000,40.10359624,40.02575859,40.05521343,40.49872425,0,1
40.87000000,40.20830888,39.99700003,40.04020747,40.42597212,0,1
40.88000000,40.09763983,39.99476156,40.09791311,40.43524329,0,1
40.89000000,40.12834520,39.94438581,40.03540919,40.40017610,0,1
40.90000000,40.06000925,39.95367109,40.09767879,40.37013280,0,1
40.91000000,40.06648780,40.00320717,40.00514891,40.42557027,0,1
40.92000000,40.03866476,39.92625567,39.95305333,40.36315212,0,1
40.93000000,40.03968032,39.90342380,39.92660730,40.35361153,0,1
40.94000000,40.08311122,39.86343525,39.87936530,40.33498862,0,1
40.95000000,40.03367438,39.88219071,39.90489268,40.26374915,0,1
40.96000000,40.01930257,39.87999584,39.86703978,40.26211063,0,1
40.97000000,39.92804550,39.89150613,39.86582214,40.21418007,0,1
40.98000000,39.94082468,39.87489131,39.80046224,40.18967253,0,1
40.99000000,40.00999251,39.79583006,39.76116520,40.21303121,0,1
41.00000000,39.96440769,39.73572443,39.78877011,40.13259926,0,1
41.01000000,39.88453765,39.71734337,39.76328042,40.16378633,0,1
41.02000000,39.84146546,39.72606704,39.80390100,40.20518449,0,1
41.03000000,39.75709065,39.81839474,39.82857127,40.17361922,0,1
41.04000000,39.81698280,39.75811680,39.69612486,40.10239374,0,1
41.05000000,39.84685011,39.71129765,39.75785108,40.11760048,0,1
41.06000000,39.87609797,39.62212708,39.53024624,40.12671422,0,1
41.07000000,39.78691009,39.70361465,39.52932381,40.10102855,0,1
41.08000000,39.75265246,39.70665046,39.64407441,40.02443612,0,1
41.09000000,39.74007580,39.68717867,39.59047261,40.05633666,0,1
41.10000000,39.79832067,39.58676684,39.63672896,39.96540998,0,1
41.11000000,39.77966714,39.59692314,39.52326799,39.94412430,0,1
41.12000000,39.73470195,39.59480601,39.60459734,39.99138954,0,1
41.13000000,39.66837484,39.61916018,39.51737775,39.93164466,0,1
41.14000000,39.69206796,39.63390604,39.51894026,39.93576501,0,1
41.15000000,39.63788834,39.56793665,39.52718913,39.88034918,0,1
41.16000000,39.67171290,39.49311942,39.52880787,39.82457290,0,1
41.17000000,39.60873236,39.46110733,39.54318180,39.84164373,0,1
41.18000000,39.59356577,39.45356695,39.48341104,39.86795751,0,1
41.19000000,39.60983771,39.50732854,39.44754170,39.92495610,0,1
41.20000000,39.54583033,39.48777334,39.41223074,39.85005922,0,1
41.21000000,39.56155231,39.42642939,39.37379418,39.77099168,0,1
41.22000000,39.50177747,39.40058344,39.37739384,39.76202895,0,1
41.23000000,39.52955102,39.40912717,39.39646262,39.75920854,0,1
41.24000000,39.48099102,39.39908664,39.37144710,39.72407789,0,1
41.25000000,39.56685618,39.40694038,39.36266699,39.76979242,0,1
41.26000000,39.52835466,39.34109943,39.29256708,39.77203603,0,1
41.27000000,39.47768845,39.35259916,39.30137819,39.69097256,0,1
41.28000000,39.38477240,39.34459913,39.27173316,39.62755744,0,1
41.29000000,39.38846817,39.29191987,39.30020041,39.61075353,0,1
41.30000000,39.40514642,39.25405278,39.23568057,39.59923256,0,1
41.31000000,39.39895228,39.29671503,39.22937985,39.57473064,0,1
41.32000000,39.37662133,39.14145761,39.18693003,39.63382128,0,1
41.33000000,39.30367134,39.22469283,39.17760203,39.53441628,0,1
41.34000000,39.29235908,39.18399048,39.17098256,39.52887383,0,1
41.35000000,39.28257889,39.18956637,39.15897511,39.59643209,0,1
41.36000000,39.30433617,39.15951153,39.13632258,39.49328842,0,1
41.37000000,39.19206215,39.16270129,39.10681105,39.48523450,0,1
41.38000000,39.18528310,39.12200254,39.00527969,39.48955664,0,1
41.39000000,39.18853309,39.14427781,39.06249027,39.48107846,0,1
41.40000000,39.18100651,39.09295689,38.95752309,39.44498859,0,1
41.41000000,39.20108871,39.09162056,39.05723840,39.47751809,0,1
41.42000000,39.16874628,38.98590657,38.99476575,39.46573763,0,1
41.43000000,39.10683444,39.05997651,39.01744149,39.41028183,0,1
41.44000000,39.08701144,39.00701377,39.02212725,39.34689062,0,1
41.45000000,39.10419456,38.99643463,38.95700856,39.34750556,0,1
41.46000000,39.10638817,38.97928775,38.94091779,39.31639546,0,1
41.47000000,39.09802467,38.87745197,38.90596738,39.29993775,0,1
41.48000000,39.01328541,38.94530478,38.91710335,39.31940238,0,1
41.49000000,38.97014569,38.79102391,38.91462708,39.34008155,0,1
41.50000000,38.87520499,38.89602741,38.93287182,39.27457254,0,1
41.51000000,38.96187921,38.81671159,38.91721422,39.29053250,0,1
41.52000000,38.90860612,38.83725813,38.88178821,39.18836129,0,1
41.53000000,38.99202304,38.73561009,38.79511613,39.27231937,0,1
41.54000000,38.91987348,38.83691822,38.76925634,39.19210270,0,1
41.55000000,38.83291398,38.83403379,38.74460329,39.12803942,0,1
41.56000000,38.77351480,38.82175493,38.76795405,39.17342432,0,1
41.57000000,38.85620476,38.76748670,38.77861179,39.13818763,0,1
41.58000000,38.89624103,38.62891074,38.74349319,39.05827261,0,1
41.59000000,38.89383838,38.70488201,38.75167286,39.10751339,0,1
41.60000000,38.83222648,38.64404331,38.72300083,39.08792390,0,1
41.61000000,38.77768358,38.76350085,38.67442167,39.04286635,0,1
41.62000000,38.75381692,38.71509495,38.67236847,38.98679993,0,1
41.63000000,38.79150519,38.61387877,38.65207425,38.99759447,0,1
41.64000000,38.74973263,38.60000241,38.61533048,39.04820897,0,1
41.65000000,38.72018477,38.53708994,38.60162179,38.99337848,0,1
41.66000000,38.60867239,38.60603901,38.57238372,39.02653742,0,1
41.67000000,38.64579036,38.56726148,38.55376529,38.98632787,0,1
41.68000000,38.65090414,38.52211819,38.54138502,38.98725138,0,1
41.69000000,38.70084956,38.53110925,38.53364031,38.86978497,0,1
41.70000000,38.61012725,38.60660954,38.49398789,38.96296748,0,1
41.71000000,38.53017691,38.50458322,38.49002035,38.86471445,0,1
41.72000000,38.53597771,38.53580202,38.46409274,38.88946869,0,1
41.73000000,38.65250351,38.44616304,38.46680159,38.90968473,0,1
41.74000000,38.68627495,38.50399922,38.42783097,38.88483967,0,1
41.75000000,38.52476770,38.37430147,38.43133837,38.79952664,0,1
41.76000000,38.49799793,38.47015276,38.39238186,38.82154512,0,1
41.77000000,38.49586314,38.42825504,38.42301110,38.82032385,0,1
41.78000000,38.55819218,38.40751118,38.38223728,38.74976921,0,1
41.79000000,38.57482100,38.38216004,38.31383587,38.75266757,0,1
41.80000000,38.47846334,38.29574583,38.29245566,38.72114279,0,1
41.81000000,38.39595639,38.33059475,38.27832925,38.66847243,0,1
41.82000000,38.32703159,38.25496331,38.29197752,38.70657816,0,1
41.83000000,38.33370513,38.34906940,38.27813468,38.63428323,0,1
41.84000000,38.37117470,38.26475019,38.23031807,38.63318381,0,1
41.85000000,38.39923400,38.27302188,38.21869192,38.57185149,0,1
41.86000000,38.38857980,38.22945760,38.18731863,38.58515202,0,1
41.87000000,38.33018077,38.23111294,38.19198749,38.58668790,0,1
41.88000000,38.29497614,38.28953293,38.16212473,38.54674202,0,1
41.89000000,38.24477080,38.25623103,38.13769485,38.51496239,0,1
41.90000000,38.32339463,38.19929051,38.15838476,38.52650382,0,1
41.91000000,38.25181189,38.12399415,38.13675677,38.45087435,0,1
41.92000000,38.29149831,38.14982374,38.07674695,38.53485091,0,1
41.93000000,38.16523845,38.00085221,38.03625388,38.37209853,0,1
41.94000000,38.23040146,38.09569786,38.07914835,38.37062357,0,1
41.95000000,38.19506457,38.04970985,38.04522999,38.42659501,0,1
41.96000000,38.20812747,38.07038050,38.07700713,38.43469135,0,1
41.97000000,38.12617967,37.99574670,37.98910431,38.35422607,0,1
41.98000000,38.09131859,37.93973447,37.95220145,38.40183541,0,1
41.99000000,38.03013935,37.94414175,37.94148843,38.45370242,0,1
42.00000000,37.98499503,37.90353994,37.95771265,38.32144856,0,1
42.01000000,37.97993354,37.95660489,37.97675436,38.32536255,0,1
42.02000000,38.00994063,37.86612432,37.94385370,38.29715024,0,1
42.03000000,38.00078316,37.93837017,37.89626616,38.23496447,0,1
42.04000000,38.04514872,37.89501668,37.88301737,38.26755990,0,1
42.05000000,37.92195704,37.91710893,37.85853555,38.25853865,0,1
42.06000000,37.90705324,37.86936903,37.85938822,38.20478508,0,1
42.07000000,37.90578175,37.80777454,37.81463678,38.16111511,0,1
42.08000000,37.90805888,37.75642714,37.78643503,38.16758826,0,1
42.09000000,37.93515441,37.76223425,37.73189196,38.09148359,0,1
42.10000000,37.89505715,37.70215727,37.74655671,38.05946743,0,1
42.11000000,37.81258439,37.71443912,37.69751677,38.08380737,0,1
42.12000000,37.78189931,37.69479115,37.70384199,38.07970554,0,1
42.13000000,37.76675165,37.70247973,37.68410086,38.06518994,0,1
42.14000000,37.71878826,37.59863807,37.69278417,38.08734742,0,1
42.15000000,37.69655234,37.59745700,37.61516196,38.08877752,0,1
42.16000000,37.73102650,37.55748228,37.61470245,38.00373526,0,1
42.17000000,37.66541775,37.59212209,37.62137835,38.01674841,0,1
42.18000000,37.87988986,37.61047061,37.59723414,38.02994840,0,1
42.19000000,37.59274726,37.66052223,37.58693414,37.99499477,0,1
42.20000000,37.51935695,37.55499933,37.56006522,37.96060556,0,1
42.21000000,37.50268637,37.57001707,37.57334208,38.01284780,0,1
42.22000000,37.56928753,37.71834777,37.53699231,37.93351886,0,1
42.23000000,37.66537978,37.57473597,37.48322518,37.90474960,0,1
42.24000000,37.69231727,37.43314817,37.50766460,37.90872103,0,1
42.25000000,37.60178466,37.35413665,37.46146716,37.86534947,0,1
42.26000000,37.59697679,37.38658008,37.47321228,37.83924525,0,1
42.27000000,37.56591661,37.46472314,37.49771487,37.83465248,0,1
42.28000000,37.51322713,37.52422397,37.42428712,37.83690731,0,1
42.29000000,37.53309775,37.52758405,37.40293264,37.83546938,0,1
42.30000000,37.50922950,37.43779658,37.31901593,37.81628915,0,1
42.31000000,37.52186662,37.37224567,37.29812686,37.79064204,0,1
42.32000000,37.45065603,37.31394747,37.35424479,37.84236696,0,1
42.33000000,37.43190133,37.35620373,37.33476568,37.73289717,0,1
42.34000000,37.47284835,37.36206519,37.30413456,37.70358135,0,1
42.35000000,37.45077922,37.39217516,37.26831025,37.72627074,0,1
42.36000000,37.45312665,37.39091256,37.22166628,37.68763910,0,1
42.37000000,37.40095938,37.31724402,37.16171576,37.62608876,0,1
42.38000000,37.37179212,37.36156324,37.31932676,37.65935358,0,1
42.39000000,37.39796080,37.25116328,37.24132735,37.59820977,0,1
42.40000000,37.40868813,37.35027728,37.33224669,37.59758326,0,1
42.41000000,37.37141021,37.25877947,37.17684339,37.53713687,0,1
42.42000000,37.34742729,37.22332305,37.12288709,37.53012319,0,1
42.43000000,37.32645400,37.21201098,37.29477248,37.42390387,0,1
42.44000000,37.30723303,37.19582838,37.27703622,37.48238006,0,1
42.45000000,37.30806347,37.28320337,37.11792820,37.61824581,0,1
42.46000000,37.24900209,37.25933622,37.00224799,37.51234751,0,1
42.47000000,37.25048407,37.05578399,36.99856696,37.45171957,0,1
42.48000000,37.20838591,37.13569353,36.98136484,37.51750131,0,1
42.49000000,37.19864633,37.04070902,37.04940549,37.47391217,0,1
42.50000000,37.19441813,37.19553979,37.03152486,37.38750215,0,1
42.51000000,37.16971833,37.11963773,37.01439069,37.46083744,0,1
42.52000000,37.17138279,37.13516566,36.97893657,37.49135464,0,1
42.53000000,37.14654799,37.02790601,36.92263628,37.36774769,0,1
42.54000000,37.14113672,37.02100519,36.89938558,37.34944097,0,1
42.55000000,37.11678052,37.06113660,36.87080275,37.32505382,0,1
42.56000000,37.08278094,37.03604458,36.90085648,37.28980009,0,1
42.57000000,37.04484702,37.04152906,36.89262137,37.35132099,0,1
42.58000000,37.10036283,36.89127153,36.86325606,37.32832684,0,1
42.59000000,37.10513261,36.88064599,36.88587371,37.23742468,0,1
42.60000000,36.94212387,36.84636072,36.87964502,37.25788128,0,1
42.61000000,36.90523453,36.83581540,36.86160616,37.22910800,0,1
42.62000000,36.88981459,36.88534101,36.89150290,37.18396873,0,1
42.63000000,36.99064922,36.92741517,36.83015309,37.26098290,0,1
42.64000000,37.01185182,36.83896352,36.83739276,37.19081541,0,1
42.65000000,36.85801774,36.81600880,36.81434047,37.16562631,0,1
42.66000000,36.79901029,36.72052326,36.83206990,37.23274363,0,1
42.67000000,36.79045388,36.73530828,36.82549413,37.06474966,0,1
42.68000000,36.81172597,36.69954831,36.80368735,37.18488151,0,1
42.69000000,36.85519783,36.79119542,36.77505805,37.11217392,0,1
42.70000000,36.80823251,36.72437168,36.72269074,37.06907988,0,1
42.71000000,36.74712629,36.74925229,36.68109381,37.12338846,0,1
42.72000000,36.69191424,36.68412060,36.65777587,36.97891047,0,1
42.73000000,36.74117338,36.64197862,36.61753925,37.03071753,0,1
42.74000000,36.76829001,36.63673743,36.63250124,37.02980026,0,1
42.75000000,36.77388793,36.57961675,36.57229446,37.02383782,0,1
42.76000000,36.69573970,36.56052325,36.58069492,36.89537793,0,1
42.77000000,36.69700447,36.54042986,36.52972801,36.91058480,0,1
42.78000000,36.62877379,36.60823366,36.55997566,36.90898593,0,1
42.79000000,36.66462688,36.58891170,36.56652434,36.95706400,0,1
42.80000000,36.65198938,36.53696906,36.53713310,36.95091714,0,1
42.81000000,36.63644331,36.40115077,36.56373643,36.96809444,0,1
42.82000000,36.59762964,36.45059981,36.53021245,36.89719797,0,1
42.83000000,36.60057784,36.45855477,36.38895078,36.90067305,0,1
42.84000000,36.61535113,36.45303826,36.44304491,36.71900710,0,1
42.85000000,36.52681456,36.47149194,36.38097212,36.87163289,0,1
42.86000000,36.49813287,36.39366729,36.44109738,36.86017141,0,1
42.87000000,36.43807555,36.43615935,36.43832577,36.80993914,0,1
42.88000000,36.53325612,36.43419138,36.41585448,36.82658201,0,1
42.89000000,36.51874226,36.36956199,36.42560995,36.79245303,0,1
42.90000000,36.52096458,36.29288533,36.37705781,36.69831745,0,1
42.91000000,36.45293509,36.25644310,36.35353903,36.66747030,0,1
42.92000000,36.43790629,36.33847211,36.39493334,36.74087064,0,1
42.93000000,36.40067063,36.34774560,36.39271597,36.67451123,0,1
42.94000000,36.40877654,36.42222815,36.35199520,36.67813554,0,1
42.95000000,36.41886028,36.30117047,36.33064379,36.61533343,0,1
42.96000000,36.44363550,36.17584036,36.27732331,36.61993103,0,1
42.97000000,36.43273119,36.19899648,36.21890028,36.57799176,0,1
42.98000000,36.34580999,36.15526353,36.18756634,36.59558609,0,1
42.99000000,36.29921042,36.17311971,36.17475071,36.47780764,0,1
43.00000000,36.23966184,36.18004857,36.18612778,36.57070559,0,1
43.01000000,36.32189378,36.15268900,36.14697170,36.42454784,0,1
43.02000000,36.27117281,36.13647257,36.13873386,36.47052382,0,1
43.03000000,36.24036224,36.12296153,36.08923791,36.48579512,0,1
43.04000000,36.22877910,36.06693076,36.04779686,36.32038001,0,1
43.05000000,36.21041216,36.08448589,35.98726128,36.43947397,0,1
43.06000000,36.27913572,36.07921365,35.99741023,36.34605362,0,1
43.07000000,36.23226544,36.08017180,35.99642372,36.25701120,0,1
43.08000000,36.18650016,36.07725261,36.03605339,36.34182054,0,1
43.09000000,36.14737716,36.02706489,36.07829286,36.26809085,0,1
43.10000000,36.13501500,36.04153817,36.05160399,36.29258167,0,1
43.11000000,36.19823927,35.97378642,36.00627581,36.30898884,0,1
43.12000000,36.09415507,35.96887679,35.97319270,36.24904184,0,1
43.13000000,36.09515226,35.91428797,35.99941080,36.25934809,0,1
43.14000000,36.06354046,35.89790766,36.01358878,36.26875469,0,1
43.15000000,36.02606721,35.84830392,35.99627027,36.34564306,0,1
43.16000000,36.01719513,35.84775368,35.94944630,36.24803853,0,1
43.17000000,36.01647194,35.89152019,35.91157036,36.36351002,0,1
43.18000000,36.06746285,35.88313666,35.91053930,36.25704103,0,1
43.19000000,36.01995283,35.86267107,35.89567922,36.23329392,0,1
43.20000000,35.94527961,35.81074734,35.87909228,36.24115311,0,1
43.21000000,35.85168838,35.78298316,35.84270381,36.18078732,0,1
43.22000000,35.92661671,35.78853938,35.84380790,36.18756092,0,1
43.23000000,35.85388323,35.85848312,35.75642237,36.13011127,0,1
43.24000000,35.90681246,35.82514907,35.74910010,36.04874863,0,1
43.25000000,35.79771229,35.74146516,35.70743353,36.11769564,0,1
43.26000000,35.88274018,35.69237432,35.73489548,36.06742467,0,1
43.27000000,35.87762443,35.62542584,35.73390214,35.98799306,0,1
43.28000000,35.87271840,35.65046513,35.70996967,35.99974318,0,1
43.29000000,35.80565031,35.62648687,35.61136106,35.91165559,0,1
43.30000000,35.71818385,35.64522720,35.57503181,35.89744329,0,1
43.31000000,35.72790956,35.65382972,35.61451736,35.95930354,0,1
43.32000000,35.68791508,35.57935394,35.62095454,35.92673885,0,1
43.33000000,35.73035524,35.49024492,35.59655187,35.92075449,0,1
43.34000000,35.67459462,35.51287707,35.60047785,35.87412318,0,1
43.35000000,35.67650569,35.52050385,35.51357943,35.84973104,0,1
43.36000000,35.64407375,35.52604524,35.52781792,35.81355456,0,1
43.37000000,35.58251836,35.53230333,35.51251449,35.84054817,0,1
43.38000000,35.58628760,35.45443534,35.51947983,35.80156135,0,1
43.39000000,35.58743944,35.44172558,35.41672880,35.78568149,0,1
43.40000000,35.60162145,35.44752643,35.38816184,35.77979963,0,1
43.41000000,35.56702699,35.42971274,35.35389146,35.73750860,0,1
43.42000000,35.54647000,35.44400300,35.32760229,35.72660435,0,1
43.43000000,35.51495121,35.36756662,35.44157871,35.73354175,0,1
43.44000000,35.56374110,35.37399629,35.48466065,35.75088812,0,1
43.45000000,35.53329645,35.32990984,35.49752816,35.64053540,0,1
43.46000000,35.45954655,35.33217591,35.50817384,35.68257329,0,1
43.47000000,35.40789874,35.20653732,35.39409728,35.68102565,0,1
43.48000000,35.42860689,35.23963353,35.52072571,35.69002516,0,1
43.49000000,35.52003506,35.30843886,35.38270950,35.76897546,0,1
43.50000000,35.40330862,35.21809619,35.35353606,35.64813578,0,1
43.51000000,35.34079473,35.24023919,35.35268845,35.61753336,0,1
43.52000000,35.28203655,35.16147365,35.30332872,35.65854072,0,1
43.53000000,35.39635006,35.24025593,35.29066686,35.54731880,0,1
43.54000000,35.39133287,35.23225661,35.27237523,35.57896132,0,1
43.55000000,35.37738660,35.18545532,35.21701310,35.57746325,0,1
43.56000000,35.26295777,35.06800579,35.17322499,35.45697508,0,1
43.57000000,35.31166929,35.24144380,35.12190623,35.47856750,0,1
43.58000000,35.29784697,35.12022614,35.06676005,35.42218593,0,1
43.59000000,35.28530663,35.25125631,35.05625996,35.34116632,0,1
43.60000000,35.21662381,35.04889258,35.06488321,35.33969307,0,1
43.61000000,35.22847612,34.98867925,35.05190429,35.36014068,0,1
43.62000000,35.25276501,35.01392561,35.02939213,35.29304535,0,1
43.63000000,35.24214294,35.07298314,35.02061241,35.27748531,0,1
43.64000000,35.15263939,35.03547571,34.97183251,35.26480382,0,1
43.65000000,35.10820544,34.95354055,35.00514538,35.21080045,0,1
43.66000000,35.10131249,34.97918261,35.02071160,35.27160054,0,1
43.67000000,35.15627844,35.00275614,34.95320652,35.31272601,0,1
43.68000000,35.08669493,34.98682417,34.91850484,35.24070591,0,1
43.69000000,35.02960086,34.83621171,34.92838902,35.35371899,0,1
43.70000000,34.98608308,34.87488181,34.90265189,35.25913533,0,1
43.71000000,34.98501910,34.81355123,34.99003437,35.18727495,0,1
43.72000000,34.97264459,34.80107554,34.90180719,35.20446604,0,1
43.73000000,34.89893819,34.82847233,34.88268997,35.22735766,0,1
43.74000000,34.99899045,34.86221475,34.80986052,35.19073514,0,1
43.75000000,34.98936680,34.81700086,34.78807249,35.26751683,0,1
43.76000000,34.95466015,34.77963218,34.70603744,35.03286458,0,1
43.77000000,34.90898617,34.67032074,34.77044096,35.16848280,0,1
43.78000000,34.83416953,34.76809899,34.75742973,35.01211327,0,1
43.79000000,34.82801221,34.77154255,34.82143035,35.02736859,0,1
43.80000000,34.86617630,34.75326357,34.79222216,35.08956449,0,1
43.81000000,34.84088754,34.68419027,34.75001144,34.98145438,0,1
43.82000000,34.84340377,34.63819208,34.73829209,34.95564776,0,1
43.83000000,34.79982963,34.65063143,34.73927846,34.95285035,0,1
43.84000000,34.79773829,34.65447642,34.75236461,34.99441067,0,1
43.85000000,34.77081895,34.63910083,34.74138395,34.97617256,0,1
43.86000000,34.75386397,34.54925425,34.62599653,34.91898564,0,1
43.87000000,34.73835858,34.55764226,34.57653305,34.94701981,0,1
43.88000000,34.70476944,34.54865305,34.56417559,34.92733107,0,1
43.89000000,34.64771435,34.56308298,34.54506346,34.81091676,0,1
43.90000000,34.61796505,34.48925135,34.57290534,34.91610324,0,1
43.91000000,34.64206178,34.46081686,34.57154821,34.89207682,0,1
43.92000000,34.63851753,34.47068909,34.58821780,34.84235191,0,1
43.93000000,34.60265909,34.47007724,34.51615223,34.78114183,0,1
43.94000000,34.57751998,34.46266023,34.42922288,34.82415096,0,1
43.95000000,34.58687253,34.45370249,34.39484296,34.65867840,0,1
43.96000000,34.59252188,34.42069928,34.38282096,34.72131055,0,1
43.97000000,34.54127026,34.40958930,34.42859864,34.73854711,0,1
43.98000000,34.52536858,34.32941741,34.38441598,34.69945579,0,1
43.99000000,34.49071228,34.36967385,34.38559261,34.68313629,0,1
44.00000000,34.51779810,34.43740641,34.34385037,34.58285047,0,1
44.01000000,34.46436791,34.37655420,34.32047033,34.60635731,0,1
44.02000000,34.41459055,34.33069581,34.38948241,34.63719589,0,1
44.03000000,34.38827039,34.24932999,34.34149519,34.62850430,0,1
44.04000000,34.39894354,34.19883486,34.31858822,34.62199216,0,1
44.05000000,34.39445580,34.18860030,34.26337593,34.64546779,0,1
44.06000000,34.35426000,34.19501836,34.22531769,34.57556564,0,1
44.07000000,34.30596938,34.18658847,34.18490691,34.57050038,0,1
44.08000000,34.26475688,34.20906855,34.25802598,34.56160052,0,1
44.09000000,34.23143738,34.16411167,34.19885233,34.56283497,0,1
44.10000000,34.24018108,34.18544277,34.22038621,34.57299532,0,1
44.11000000,34.20141963,34.09121895,34.12959337,34.49361649,0,1
44.12000000,34.25238982,34.15481971,34.08453609,34.42880010,0,1
44.13000000,34.22530532,34.10917792,34.09794277,34.43320642,0,1
44.14000000,34.24394409,34.11208166,34.04118935,34.43523643,0,1
44.15000000,34.12521651,34.04352748,34.08917859,34.39260572,0,1
44.16000000,34.13109658,33.98665416,34.07433140,34.38140445,0,1
44.17000000,34.10011284,34.05718816,34.03671162,34.33634603,0,1
44.18000000,34.15511054,33.98203020,33.99660552,34.24390761,0,1
44.19000000,34.11464760,34.04151943,33.96825177,34.29303341,0,1
44.20000000,34.08138875,33.92818003,33.95740116,34.35758409,0,1
44.21000000,33.98908368,33.90479795,33.95431490,34.27284767,0,1
44.22000000,34.02723995,33.89877754,33.91779369,34.25264808,0,1
44.23000000,34.00035562,33.92406050,33.89852766,34.19956375,0,1
44.24000000,33.98298589,33.87924425,33.86860252,34.15939355,0,1
44.25000000,33.93916565,33.83457555,33.84141014,34.20087775,0,1
44.26000000,33.90758181,33.85492413,33.86398344,34.22412901,0,1
44.27000000,33.92108244,33.88957149,33.83162316,34.18892484,0,1
44.28000000,33.88752731,33.87473854,33.80491547,34.18402585,0,1
44.29000000,33.86887844,33.80097117,33.77437140,34.13791253,0,1
44.30000000,33.84187688,33.75615446,33.67369007,34.04950517,0,1
44.31000000,33.78461728,33.73695606,33.72662520,34.10197762,0,1
44.32000000,33.83933109,33.76827476,33.72990781,34.19247779,0,1
44.33000000,33.82245320,33.79728800,33.74433664,34.08076261,0,1
44.34000000,33.92816614,33.71497781,33.76714085,34.05742603,0,1
44.35000000,33.84651717,33.66829464,33.76608518,34.03158857,0,1
44.36000000,33.65646957,33.62804239,33.70827715,33.90913690,0,1
44.37000000,33.67763349,33.65634797,33.61852803,33.98809845,0,1
44.38000000,33.70881725,33.67946034,33.61110740,33.96684840,0,1
44.39000000,33.79410089,33.61523630,33.54083214,33.95977820,0,1
44.40000000,33.72342418,33.56860587,33.60237613,33.92314322,0,1
44.41000000,33.60662592,33.53134942,33.53720250,33.93596395,0,1
44.42000000,33.56441696,33.60265128,33.55362518,33.93247159,0,1
44.43000000,33.56502913,33.61811831,33.46404568,33.86451728,0,1
44.44000000,33.60998849,33.54693750,33.46772835,33.87230781,0,1
44.45000000,33.61083288,33.46420146,33.51564561,33.91022137,0,1
44.46000000,33.57361399,33.45742767,33.47686767,33.85433805,0,1
44.47000000,33.55627307,33.49970398,33.46147881,33.86674779,0,1
44.48000000,33.50118547,33.55213944,33.39012427,33.84567717,0,1
44.49000000,33.49163182,33.48240483,33.33794893,33.73631247,0,1
44.50000000,33.46791701,33.39018406,33.34922808,33.76911827,0,1
44.51000000,33.52930690,33.38503895,33.32240414,33.78726442,0,1
44.52000000,33.44638671,33.42289605,33.33592108,33.68019494,0,1
44.53000000,33.46660831,33.41222165,33.33339761,33.72655919,0,1
44.54000000,33.44669006,33.38237933,33.31971369,33.70829584,0,1
44.55000000,33.42302166,33.33091330,33.33764113,33.55663081,0,1
44.56000000,33.43221422,33.29174392,33.30126953,33.61664698,0,1
44.57000000,33.38163181,33.30530134,33.31785614,33.67263120,0,1
44.58000000,33.42242480,33.35487529,33.24387231,33.58395500,0,1
44.59000000,33.32632546,33.28342642,33.16486794,33.59314703,0,1
44.60000000,33.34884074,33.21119018,33.23397733,33.63763022,0,1
44.61000000,33.27213813,33.21329211,33.24413225,33.59449745,0,1
44.62000000,33.23545353,33.27672517,33.24031498,33.51955258,0,1
44.63000000,33.28662154,33.21228649,33.20260137,33.57886307,0,1
44.64000000,33.27419691,33.17956101,33.15579243,33.55835595,0,1
44.65000000,33.18167203,33.12964721,33.15455135,33.54001679,0,1
44.66000000,33.16697369,33.18254216,33.13518211,33.54884032,0,1
44.67000000,33.23360264,33.20348185,33.13262335,33.48689178,0,1
44.68000000,33.24654445,33.16346472,33.06205709,33.44240697,0,1
44.69000000,33.28286919,33.07515263,33.04228525,33.45077128,0,1
44.70000000,33.19306912,33.08846846,33.01378718,33.42907071,0,1
44.71000000,33.14612995,33.11079079,33.04017238,33.36635940,0,1
44.72000000,33.16670848,33.11458600,33.03512063,33.37233030,0,1
44.73000000,33.15007209,33.13738419,33.02143505,33.33562035,0,1
44.74000000,33.07650348,33.00718376,32.97451453,33.26328232,0,1
44.75000000,33.13813524,33.00032522,32.95435443,33.28937327,0,1
44.76000000,33.09735000,32.98957770,32.98077428,33.32014900,0,1
44.77000000,33.13135359,33.08199724,32.95398931,33.28405769,0,1
44.78000000,33.03863786,32.97086089,32.91247205,33.24980842,0,1
44.79000000,32.97473997,32.93566883,32.86510850,33.25943600,0,1
44.80000000,32.90003881,32.87398553,32.84274817,33.21858833,0,1
44.81000000,32.95978269,32.86486952,32.85860327,33.22092129,0,1
44.82000000,32.97696731,32.85514133,32.87606426,33.26729387,0,1
44.83000000,32.94338046,32.86492974,32.84839809,33.18146388,0,1
44.84000000,32.84997922,32.83737243,32.83423624,33.15147780,0,1
44.85000000,32.82235589,32.87707768,32.81424412,33.14999137,0,1
44.86000000,32.84607996,32.82957758,32.78386752,33.06071478,0,1
44.87000000,32.83359455,32.81924024,32.69385726,33.09453067,0,1
44.88000000,32.82126459,32.75669912,32.59938442,33.12516960,0,1
44.89000000,32.77511109,32.77873838,32.66788780,33.10516378,0,1
44.90000000,32.74924801,32.78010363,32.70184569,33.01733379,0,1
44.91000000,32.78780119,32.74245088,32.71590375,33.00342750,0,1
44.92000000,32.72443959,32.69240429,32.65181449,32.97870759,0,1
44.93000000,32.69046147,32.63279168,32.59590146,32.97303314,0,1
44.94000000,32.76178827,32.64612345,32.58141954,33.00640528,0,1
44.95000000,32.73366249,32.71353554,32.59659558,33.00876048,0,1
44.96000000,32.68064417,32.70780239,32.59576195,32.93690540,0,1
44.97000000,32.53506381,32.67062313,32.57522485,32.88912285,0,1
44.98000000,32.51829110,32.55687083,32.49718851,32.92192669,0,1
44.99000000,32.54071540,32.53122367,32.55460373,32.88202839,0,1
45.00000000,32.67960847,32.53431799,32.42811143,32.88124326,0,1
45.01000000,32.69991932,32.49866099,32.48534913,32.89829796,0,1
45.02000000,32.51711675,32.49065483,32.42975909,32.86307139,0,1
45.03000000,32.45590749,32.48669995,32.42857322,32.81422626,0,1
45.04000000,32.41808490,32.50592881,32.44794455,32.84466768,0,1
45.05000000,32.48321997,32.46804074,32.37299732,32.84104887,0,1
45.06000000,32.51966471,32.32090831,32.27483004,32.78373067,0,1
45.07000000,32.42738921,32.41942669,32.28850258,32.76289820,0,1
45.08000000,32.43991037,32.39579599,32.30112317,32.70155426,0,1
45.09000000,32.39297498,32.41524350,32.36891660,32.66987232,0,1
45.10000000,32.42175515,32.37297325,32.38117953,32.64378256,0,1
45.11000000,32.35558470,32.27615763,32.34172185,32.63024974,0,1
45.12000000,32.32030508,32.28090116,32.32620896,32.61331480,0,1
45.13000000,32.32363109,32.33480384,32.27708455,32.65608018,0,1
45.14000000,32.31479845,32.36113895,32.29772101,32.64860425,0,1
45.15000000,32.28850416,32.29212432,32.26339619,32.56508494,0,1
45.16000000,32.25026090,32.18552841,32.24908773,32.58139766,0,1
45.17000000,32.25226587,32.15939715,32.18167958,32.57776287,0,1
45.18000000,32.23448007,32.24134762,32.12293810,32.50117297,0,1
45.19000000,32.23132759,32.22551817,32.13119406,32.45874416,0,1
45.20000000,32.23152905,32.23528751,32.02237579,32.47552830,0,1
45.21000000,32.13681861,32.12105180,32.08555513,32.47458448,0,1
45.22000000,32.13364089,32.08319084,32.10649793,32.45126791,0,1
45.23000000,32.14261656,32.06804084,32.15991888,32.49462159,0,1
45.24000000,32.15540238,32.13297334,32.06540470,32.45951213,0,1
45.25000000,32.09092658,32.09453709,31.93416028,32.34493106,0,1
45.26000000,32.06615668,32.04096837,31.88178240,32.40915690,0,1
45.27000000,32.05753025,32.01293721,31.84427605,32.38629196,0,1
45.28000000,32.04499893,32.01190534,31.87912363,32.34678827,0,1
45.29000000,32.10910921,32.02944991,31.99132920,32.32446925,0,1
45.30000000,32.12104198,32.03003082,31.95221143,32.34367805,0,1
45.31000000,32.04005365,31.95954129,31.89992423,32.20319444,0,1
45.32000000,31.96179472,31.94657828,31.90670763,32.21842678,0,1
45.33000000,31.91777853,31.92674108,31.89106621,32.27768621,0,1
45.34000000,31.91089698,31.95653137,31.91095407,32.24932530,0,1
45.35000000,31.99121781,31.94580593,31.85851601,32.23356302,0,1
45.36000000,31.95573665,31.90482504,31.80833163,32.22272118,0,1
45.37000000,31.92145476,31.82272676,31.79152289,32.17727770,0,1
45.38000000,31.86021487,31.82320843,31.79108849,32.09099938,0,1
45.39000000,31.88056720,31.90442435,31.79421039,32.14846302,0,1
45.40000000,31.89902542,31.85418229,31.77268635,32.24628351,0,1
45.41000000,31.80155996,31.79730391,31.76147504,32.16460176,0,1
45.42000000,31.80297512,31.76897889,31.72505714,32.10096757,0,1
45.43000000,31.75591464,31.75546882,31.72727306,32.09155045,0,1
45.44000000,31.76399619,31.80451066,31.62817786,31.93691081,0,1
45.45000000,31.73645812,31.68754380,31.62030798,32.01789288,0,1
45.46000000,31.70030563,31.64930894,31.61349176,32.07277744,0,1
45.47000000,31.73613496,31.67172888,31.62715165,32.03321455,0,1
45.48000000,31.70198506,31.62759922,31.59778139,31.97348011,0,1
45.49000000,31.73658842,31.77458731,31.62126927,31.94039183,0,1
45.50000000,31.56914053,31.68470870,31.58008129,31.87810862,0,1
45.51000000,31.63207290,31.60370058,31.56614548,31.84668871,0,1
45.52000000,31.58710114,31.47339354,31.55376270,31.92327171,0,1
45.53000000,31.67390723,31.61646018,31.53135296,31.91488538,0,1
45.54000000,31.62981093,31.52399828,31.45002428,31.82741227,0,1
45.55000000,31.59952689,31.63787657,31.38285101,31.82011199,0,1
45.56000000,31.47234213,31.46774480,31.33235320,31.78638255,0,1
45.57000000,31.46515811,31.48454821,31.33221059,31.79055875,0,1
45.58000000,31.47713123,31.38048100,31.38492256,31.72392034,0,1
45.59000000,31.48261758,31.45551475,31.39019759,31.83183282,0,1
45.60000000,31.42155036,31.39447031,31.34509422,31.73792602,0,1
45.61000000,31.35918700,31.38475710,31.32735314,31.63260577,0,1
45.62000000,31.34926807,31.36519551,31.30132502,31.69997947,0,1
45.63000000,31.37620819,31.29770547,31.27498761,31.66927518,0,1
45.64000000,31.32289591,31.37687319,31.26232702,31.57255117,0,1
45.65000000,31.42079211,31.35790098,31.20650361,31.74226103,0,1
45.66000000,31.28797169,31.25502847,31.21993207,31.68040177,0,1
45.67000000,31.38033211,31.24660885,31.23413978,31.57042484,0,1
45.68000000,31.21983027,31.21869258,31.27409115,31.54034991,0,1
45.69000000,31.32191900,31.27291931,31.33594816,31.57932735,0,1
45.70000000,31.28818052,31.22319813,31.26778865,31.54796804,0,1
45.71000000,31.23021913,31.28188510,31.28612032,31.51527653,0,1
45.72000000,31.24441002,31.12108561,31.14514145,31.51940079,0,1
45.73000000,31.22137402,31.20054401,31.16379786,31.56206264,0,1
45.74000000,31.19549270,31.18692303,31.15861129,31.30490310,0,1
45.75000000,31.16508792,31.21645966,31.12866994,31.39524138,0,1
45.76000000,31.14139245,31.11359254,31.08643267,31.50449386,0,1
45.77000000,31.16663069,31.09281569,31.05691043,31.45191986,0,1
45.78000000,31.20027357,31.08487956,31.04962128,31.41727160,0,1
45.79000000,31.22887528,31.13024127,31.01711137,31.41507792,0,1
45.80000000,31.18647286,31.21195737,30.99231597,31.42213325,0,1
45.81000000,31.10841596,31.12155024,31.00927051,31.31966344,0,1
45.82000000,31.10169178,31.03286042,31.00412991,31.42053877,0,1
45.83000000,31.10455002,30.98569164,31.01753059,31.36061562,0,1
45.84000000,31.14333578,30.93692425,30.89284210,31.32140002,0,1
45.85000000,31.11018889,31.06083149,30.91915402,31.37956926,0,1
45.86000000,31.04871640,31.11777497,30.85519243,31.27670656,0,1
45.87000000,31.06381399,31.02931993,30.92978118,31.23519185,0,1
45.88000000,31.02063269,31.01632909,30.97454303,31.23498551,0,1
45.89000000,31.10674389,30.93336131,30.90247956,31.24287418,0,1
45.90000000,31.22401935,31.03349930,30.86158461,31.19912808,0,1
45.91000000,30.92847353,30.99585477,30.80736332,31.24060416,0,1
45.92000000,31.03191873,31.02455405,30.84970465,31.26891960,0,1
45.93000000,30.96969760,31.01820784,30.82486321,31.16597048,0,1
45.94000000,31.07752082,30.96126233,30.86463012,31.13820500,0,1
45.95000000,31.07181182,30.98864505,30.85210980,31.13656461,0,1
45.96000000,30.99370836,30.92500701,30.81903927,31.16354183,0,1
45.97000000,30.98167427,30.98961876,30.80311245,31.15035902,0,1
45.98000000,30.88069716,30.91384334,30.83892721,31.20795754,0,1
45.99000000,30.96647025,30.90077298,30.86204874,31.18957355,0,1
46.00000000,31.01990974,30.86420819,30.86319372,31.15677952,0,1
46.01000000,31.02008028,30.87006286,30.91845235,31.19984634,0,1
46.02000000,30.95623700,30.91511199,30.88335603,31.25136209,0,1
46.03000000,30.93684502,30.92939914,30.89706398,31.22622539,0,1
46.04000000,30.94049675,30.90408345,30.85933748,31.16609945,0,1
46.05000000,30.99790304,30.87087929,30.83633499,31.18990891,0,1
46.06000000,30.95840308,30.84166922,30.78751367,31.20976939,0,1
46.07000000,30.97140471,30.93432702,30.84097569,31.11713159,0,1
46.08000000,30.94273944,30.94339111,30.75803954,31.22592730,0,1
46.09000000,30.92160472,30.86740401,30.82494706,31.16783847,0,1
46.10000000,31.01581148,30.91062204,30.79755629,31.08641468,0,1
46.11000000,30.96239014,30.87207426,30.78276832,31.00609093,0,1
46.12000000,31.00080482,31.02822390,30.80942027,31.09538629,0,1
46.13000000,30.98601317,31.01880112,30.77792343,31.17968494,0,1
46.14000000,31.01749010,30.99223294,30.75513718,31.11074175,0,1
46.15000000,31.02939090,30.94091086,30.78260055,31.10799434,0,1
46.16000000,31.01914869,30.83053744,30.70093207,31.17369377,0,1
46.17000000,30.98216505,30.95148517,30.74188176,31.08680114,0,1
46.18000000,30.97290411,30.92588548,30.77656032,31.09814215,0,1
46.19000000,30.97904485,30.96742116,30.81445782,31.15837588,0,1
46.20000000,30.98509071,30.95062748,30.79163710,31.22342076,0,1
46.21000000,31.04875536,30.99843115,30.78572163,31.12447719,0,1
46.22000000,31.09540931,31.06978440,30.77159841,31.14312037,0,1
46.23000000,31.04731862,31.08558125,30.79504042,31.12692800,0,1
46.24000000,31.06091030,31.10601356,30.75056434,31.07551382,0,1
46.25000000,31.07780956,31.04608343,30.76056235,31.19474298,0,1
46.26000000,31.14658453,31.04164490,30.65670616,31.26716432,0,1
46.27000000,31.18226357,31.09127041,30.74265027,31.12328476,0,1
46.28000000,31.15352549,31.13471457,30.78167075,31.17766108,0,1
46.29000000,31.12889862,31.08585869,30.81962978,31.17261732,0,1
46.30000000,31.14192561,31.19207521,30.92248028,31.20612696,0,1
46.31000000,31.24598613,31.13474690,30.93953898,31.16821366,0,1
46.32000000,31.22444863,31.14870489,30.92515859,31.33112410,0,1
46.33000000,31.22322890,31.19818770,30.96241382,31.34596766,0,1
46.34000000,31.16444599,31.20236153,31.01537844,31.26654105,0,1
46.35000000,31.29845851,31.29606676,31.02986419,31.38065604,0,1
46.36000000,31.30950527,31.26467592,31.07109783,31.38983762,0,1
46.37000000,31.32808692,31.31449551,31.03339726,31.34660262,0,1
46.38000000,31.30525372,31.32698082,31.09279071,31.45876460,0,1
46.39000000,31.34337091,31.36271138,31.15101152,31.51153310,0,1
46.40000000,31.35413906,31.40914026,31.15446157,31.55668054,0,1
46.41000000,31.41665106,31.36847598,31.23188871,31.54108988,0,1
46.42000000,31.45435561,31.41084045,31.25964153,31.65366572,0,1
46.43000000,31.47411080,31.43228287,31.26995471,31.59753413,0,1
46.44000000,31.56521072,31.52338517,31.32624103,31.57685393,0,1
46.45000000,31.49583900,31.54483215,31.30310447,31.71176066,0,1
46.46000000,31.55015698,31.49421727,31.25487044,31.67296758,0,1
46.47000000,31.55964391,31.54596396,31.28593902,31.62582567,0,1
46.48000000,31.66397981,31.56250829,31.34339609,31.71995979,0,1
46.49000000,31.70366592,31.60836083,31.40022392,31.69745334,0,1
46.50000000,31.74596316,31.72290468,31.37746909,31.66221014,0,1
46.51000000,31.66196087,31.73151095,31.45174254,31.73697189,0,1
46.52000000,31.83472763,31.66936688,31.47039109,31.78542164,0,1
46.53000000,31.79728999,31.81759676,31.48920337,31.78869108,0,1
46.54000000,31.80035762,31.72533933,31.57131898,31.81605690,0,1
46.55000000,31.84197100,31.84152277,31.53603684,31.84615538,0,1
46.56000000,31.75926951,31.80411011,31.60042726,31.89632169,0,1
46.57000000,31.88184130,31.89760673,31.55297834,31.85097175,0,1
46.58000000,31.85004134,31.82388656,31.61663832,31.94552492,0,1
46.59000000,31.91479286,31.88172779,31.64496626,31.96380155,0,1
46.60000000,31.90768195,31.89466023,31.66098425,32.00380525,0,1
46.61000000,31.90408927,31.95231728,31.66690234,32.04418977,0,1
46.62000000,31.96468488,31.94824936,31.75117604,32.08583092,0,1
46.63000000,31.97788425,31.94531757,31.64682214,32.07307265,0,1
46.64000000,32.02014996,31.96589721,31.78228426,32.11292588,0,1
46.65000000,31.97184192,31.97981666,31.77200940,32.24409052,0,1
46.66000000,31.98657658,32.01762264,31.81513292,32.18008428,0,1
46.67000000,32.00429425,32.03022099,31.83816253,32.21547394,0,1
46.68000000,32.09517405,32.12141375,31.84897807,32.23137592,0,1
46.69000000,32.14493936,32.07885152,31.89936175,32.21190510,0,1
46.70000000,32.17812665,32.10547544,31.89740697,32.26550962,0,1
46.71000000,32.11973779,32.11673022,32.00996813,32.33363853,0,1
46.72000000,32.15953973,32.17255016,31.96096145,32.40989702,0,1
46.73000000,32.17173027,32.21280212,32.04113072,32.36779721,0,1
46.74000000,32.22422688,32.17197943,32.02285239,32.30808741,0,1
46.75000000,32.25713205,32.22013674,31.99533743,32.39063273,0,1
46.76000000,32.26269759,32.21895182,32.08042704,32.43822181,0,1
46.77000000,32.26518212,32.27925978,32.00798707,32.45608522,0,1
46.78000000,32.26398484,32.26472605,32.14036635,32.58606730,0,1
46.79000000,32.31726646,32.38123273,32.13645319,32.52790139,0,1
46.80000000,32.35105630,32.39992049,32.16096469,32.54928558,0,1
46.81000000,32.40472823,32.38202159,32.27646844,32.59293521,0,1
46.82000000,32.39211652,32.39463273,32.30454632,32.63157480,0,1
46.83000000,32.40498231,32.39117441,32.32346081,32.65354504,0,1
46.84000000,32.36538171,32.44682813,32.34338963,32.73389807,0,1
46.85000000,32.52288048,32.51313556,32.32803604,32.71545905,0,1
46.86000000,32.60852839,32.53751068,32.37981313,32.70654891,0,1
46.87000000,32.67799130,32.52822011,32.39501707,32.69407692,0,1
46.88000000,32.56353244,32.46972441,32.39699895,32.76644296,0,1
46.89000000,32.61088775,32.57178430,32.45642622,32.78562685,0,1
46.90000000,32.59745660,32.63846633,32.49415199,32.80437509,0,1
46.91000000,32.69074579,32.67059054,32.53681582,32.91060268,0,1
46.92000000,32.74278159,32.68750375,32.55184564,32.84653746,0,1
46.93000000,32.70419741,32.66465755,32.57361415,32.88390942,0,1
46.94000000,32.83441778,32.77483593,32.58400164,32.93070029,0,1
46.95000000,32.76250810,32.80912761,32.61227424,32.96259714,0,1
46.96000000,32.82897099,32.85664462,32.59600515,32.91558401,0,1
46.97000000,32.77620833,32.81170684,32.54831658,32.97797146,0,1
46.98000000,32.84554728,32.80738630,32.64917678,33.03192876,0,1
46.99000000,32.95492085,32.87519501,32.63644727,33.04792955,0,1
47.00000000,32.95835635,32.92945435,32.69567053,33.05999240,0,1
47.01000000,32.92420692,32.99017363,32.71212844,33.11050620,0,1
47.02000000,32.94905003,32.99457616,32.75811652,33.06495607,0,1
47.03000000,33.00417050,33.00195224,32.79324458,33.11609765,0,1
47.04000000,33.08126515,32.95879527,32.78210118,33.18810828,0,1
47.05000000,33.08307423,33.02467653,32.78025518,33.18048262,0,1
47.06000000,33.05572243,32.98296622,32.75522533,33.18128219,0,1
47.07000000,33.08650339,33.06711729,32.81595108,33.24581277,0,1
47.08000000,33.15103318,33.10420409,32.91524287,33.21692273,0,1
47.09000000,33.20665720,33.17538761,32.92393863,33.27048335,0,1
47.10000000,33.16829231,33.12671201,32.89350279,33.32467902,0,1
47.11000000,33.14886252,33.20308669,32.89951357,33.31471530,0,1
47.12000000,33.21906762,33.19079341,32.91580399,33.36288708,0,1
47.13000000,33.30962323,33.27020486,32.98823811,33.39353220,0,1
47.14000000,33.33038171,33.26747981,33.05027225,33.36528201,0,1
47.15000000,33.22060866,33.20433329,33.11708183,33.34427040,0,1
47.16000000,33.21570313,33.28260566,33.05132086,33.43061307,0,1
47.17000000,33.25735855,33.27390505,33.13142600,33.54450040,0,1
47.18000000,33.36522077,33.36978781,33.11315348,33.52162774,0,1
47.19000000,33.39168124,33.31273011,33.18222424,33.56949218,0,1
47.20000000,33.33366814,33.31854213,33.18522845,33.55250722,0,1
47.21000000,33.40860793,33.40658096,33.18602273,33.51232763,0,1
47.22000000,33.50172023,33.44053556,33.25561661,33.67661764,0,1
47.23000000,33.50727438,33.46373424,33.19095559,33.67001244,0,1
47.24000000,33.53751096,33.42678062,33.20939942,33.61138555,0,1
47.25000000,33.47029938,33.46555213,33.25251145,33.62211956,0,1
47.26000000,33.53881327,33.47172942,33.29466884,33.60692709,0,1
47.27000000,33.60560020,33.56484114,33.37777326,33.62786339,0,1
47.28000000,33.66476174,33.52559568,33.38553449,33.73149220,0,1
47.29000000,33.64126067,33.44525243,33.42913301,33.74013442,0,1
47.30000000,33.64912252,33.61775629,33.49097913,33.74523476,0,1
47.31000000,33.61151701,33.67680334,33.52497009,33.75709754,0,1
47.32000000,33.62674073,33.70734733,33.56481378,33.86466648,0,1
47.33000000,33.60907347,33.66258334,33.53352581,33.81279184,0,1
47.34000000,33.68239449,33.59972536,33.54605191,33.90416047,0,1
47.35000000,33.78804261,33.60703212,33.55573116,33.99520152,0,1
47.36000000,33.84120355,33.72766276,33.60953021,33.94732810,0,1
47.37000000,33.82353760,33.84692852,33.58627147,33.90149462,0,1
47.38000000,33.80377881,33.86148397,33.61733322,33.98524179,0,1
47.39000000,33.73645342,33.86745711,33.67858070,34.00571193,0,1
47.40000000,33.75713959,33.81302121,33.72517514,33.94590200,0,1
47.41000000,33.84618224,33.79697427,33.74342494,34.12956451,0,1
47.42000000,34.08767642,33.77266459,33.70042746,34.02445028,0,1
47.43000000,33.97354761,33.90934731,33.58735726,33.98292431,0,1
47.44000000,33.81567854,33.84091613,33.70170188,34.05327370,0,1
47.45000000,33.88871724,33.94493125,33.69089323,34.08154111,0,1
47.46000000,33.94353748,33.97363499,33.76013981,34.12056730,0,1
47.47000000,34.14528323,33.98346720,33.74426541,34.22104367,0,1
47.48000000,34.11357962,33.99499911,33.75794228,34.22275337,0,1
47.49000000,34.07141074,34.01112332,33.76281431,34.15942570,0,1
47.50000000,34.06669547,34.06228106,33.80158058,34.28070031,0,1
47.51000000,34.13680697,34.04739116,33.81937346,34.29514621,0,1
47.52000000,34.14747356,34.10159865,33.83418976,34.26746679,0,1
47.53000000,34.13860390,34.01546342,33.82602713,34.30706065,0,1
47.54000000,34.09909008,34.08503318,33.88035020,34.30920171,0,1
47.55000000,34.18115382,34.20032591,33.93183431,34.30119480,0,1
47.56000000,34.17455013,34.17275066,34.02570062,34.42156714,0,1
47.57000000,34.28716449,34.17260871,34.08375203,34.37805415,0,1
47.58000000,34.16907313,34.18245732,34.08883235,34.31262241,0,1
47.59000000,34.31722750,34.22030295,34.03160783,34.43996311,0,1
47.60000000,34.25292534,34.22921416,34.04668106,34.32648093,0,1
47.61000000,34.41712044,34.23024876,34.00783772,34.30601734,0,1
47.62000000,34.31718151,34.18669561,34.12830167,34.50062261,0,1
47.63000000,34.41003033,34.19122643,34.24444145,34.51558091,0,1
47.64000000,34.30006300,34.26851426,34.20815020,34.48435962,0,1
47.65000000,34.38746214,34.37242021,34.24658374,34.54245139,0,1
47.66000000,34.37002983,34.31440852,34.24923217,34.50807123,0,1
47.67000000,34.40354643,34.36911294,34.29383013,34.42209317,0,1
47.68000000,34.40123705,34.37792451,34.31467291,34.58988344,0,1
47.69000000,34.44386143,34.41703359,34.45088026,34.58219443,0,1
47.70000000,34.49756652,34.39007321,34.39207542,34.59793318,0,1
47.71000000,34.57584147,34.42220569,34.22752198,34.59570289,0,1
47.72000000,34.61214632,34.45303271,34.22660377,34.60203760,0,1
47.73000000,34.52831638,34.45298912,34.33549916,34.62146031,0,1
47.74000000,34.48376510,34.50118792,34.35271099,34.66552213,0,1
47.75000000,34.51777934,34.49926055,34.46391799,34.73499213,0,1
47.76000000,34.63422301,34.54848232,34.36014674,34.70508277,0,1
47.77000000,34.70523953,34.57009598,34.40843018,34.69351233,0,1
47.78000000,34.61331820,34.57125004,34.31898214,34.77761208,0,1
47.79000000,34.63952350,34.56970370,34.42751464,34.70995699,0,1
47.80000000,34.62116096,34.54164179,34.42624794,34.82038781,0,1
47.81000000,34.77278824,34.58060291,34.45534647,34.82348758,0,1
47.82000000,34.75612271,34.62248935,34.50565065,34.79135429,0,1
47.83000000,34.71789807,34.76873299,34.51083755,34.94493897,0,1
47.84000000,34.74060014,34.72087662,34.53224206,34.92709359,0,1
47.85000000,34.73603552,34.70970904,34.58311521,34.95397759,0,1
47.86000000,34.83594819,34.65230615,34.61094283,34.97770941,0,1
47.87000000,34.91930450,34.77759428,34.64744160,35.06294078,0,1
47.88000000,34.90533258,34.75976495,34.70335792,35.03402619,0,1
47.89000000,34.85429477,34.79757042,34.73986302,35.07838093,0,1
47.90000000,34.82589101,34.77128132,34.78720322,35.11239555,0,1
47.91000000,34.86105945,34.87796541,34.82060132,35.09214246,0,1
47.92000000,34.96858665,34.97716086,34.81670470,35.15526009,0,1
47.93000000,34.99365565,34.94380366,34.83688122,35.22638434,0,1
47.94000000,34.98565768,34.87225458,34.77071403,35.13651798,0,1
47.95000000,35.03896581,34.90233759,34.77557011,35.15329246,0,1
47.96000000,35.07470203,34.92619528,34.78313050,35.26202761,0,1
47.97000000,35.05997853,34.98283896,34.86234520,35.19884502,0,1
47.98000000,35.05389101,35.06820587,34.91443773,35.15401538,0,1
47.99000000,35.10301326,35.09562468,34.96834633,35.20498025,0,1
48.00000000,35.16855394,35.04656626,34.90728784,35.18957512,0,1
48.01000000,35.20589345,35.08850181,34.93832025,35.20004785,0,1
48.02000000,35.28570911,35.10846706,34.92735251,35.28787734,0,1
48.03000000,35.19058301,35.18623377,35.02661740,35.31355563,0,1
48.04000000,35.20618568,35.19444350,35.01685873,35.28142156,0,1
48.05000000,35.24637059,35.18216213,34.97364880,35.33861728,0,1
48.06000000,35.34539836,35.19142456,35.03226912,35.26922410,0,1
48.07000000,35.28120999,35.20626758,34.94628245,35.37286106,0,1
48.08000000,35.33247567,35.31385123,35.04666069,35.46701189,0,1
48.09000000,35.35104907,35.36150418,35.01870535,35.43109286,0,1
48.10000000,35.40204889,35.32553125,35.03985930,35.50318192,0,1
48.11000000,35.43323218,35.29191052,35.06629754,35.54015143,0,1
48.12000000,35.48061987,35.30229996,35.11728740,35.43043008,0,1
48.13000000,35.46597322,35.36247068,35.22195986,35.52833702,0,1
48.14000000,35.42038663,35.39751404,35.32630244,35.56524691,0,1
48.15000000,35.47905292,35.36862722,35.33583077,35.57948621,0,1
48.16000000,35.57580004,35.39936480,35.33891305,35.65032135,0,1
48.17000000,35.55957604,35.41622124,35.31768316,35.63164054,0,1
48.18000000,35.52671102,35.48479216,35.27608659,35.60117564,0,1
48.19000000,35.42647179,35.40220210,35.36604924,35.64646309,0,1
48.20000000,35.41555463,35.48878828,35.40682569,35.73137755,0,1
48.21000000,35.56559198,35.46917269,35.47682720,35.72824114,0,1
48.22000000,35.67465014,35.47407952,35.40396591,35.77834053,0,1
48.23000000,35.71100299,35.57439463,35.47605034,35.74538253,0,1
48.24000000,35.62913463,35.53439344,35.42376768,35.74175799,0,1
48.25000000,35.63960546,35.67154431,35.42495724,35.73698887,0,1
48.26000000,35.69586608,35.65704160,35.50584181,35.80967668,0,1
48.27000000,35.69396141,35.64538878,35.43916681,35.79807895,0,1
48.28000000,35.74003666,35.59824602,35.49021711,35.81284199,0,1
48.29000000,35.84483591,35.68680462,35.44924193,35.79830827,0,1
48.30000000,35.83709726,35.67850092,35.47205473,35.82247405,0,1
48.31000000,35.81991124,35.77925696,35.43549856,35.87569893,0,1
48.32000000,35.74525065,35.70434810,35.50005937,35.84330475,0,1
48.33000000,35.74550007,35.74848645,35.48249066,35.84765522,0,1
48.34000000,35.77461663,35.73213725,35.50608345,35.90649901,0,1
48.35000000,35.88967291,35.74026012,35.55156354,35.87402535,0,1
48.36000000,35.87299764,35.81232050,35.60530947,35.94194916,0,1
48.37000000,35.91346058,35.85023030,35.66429909,36.03532319,0,1
48.38000000,35.90030486,35.79606771,35.74333898,36.03901913,0,1
48.39000000,35.87307664,35.72663456,35.81977016,36.09036485,0,1
48.40000000,35.91652724,35.81179167,35.82791824,36.17666272,0,1
48.41000000,35.88852335,35.81545032,35.86728102,36.21471696,0,1
48.42000000,35.93517733,35.92582535,35.87460034,36.15736566,0,1
48.43000000,35.92536591,35.93245773,35.79479284,36.25963900,0,1
48.44000000,36.02234450,35.87289935,35.89706780,36.21331993,0,1
48.45000000,36.10431458,35.92396710,35.89456871,36.14280146,0,1
48.46000000,36.18720063,35.94771276,35.90176746,36.29877072,0,1
48.47000000,36.10273431,36.05283157,35.87418676,36.25624862,0,1
48.48000000,36.07318505,35.99912007,35.83868719,36.27261315,0,1
48.49000000,36.01928669,36.05285295,35.80570237,36.32917069,0,1
48.50000000,36.25700718,36.03574968,35.79042435,36.11597106,0,1
48.51000000,36.20927461,36.08112050,35.84846261,36.17634265,0,1
48.52000000,36.22436774,35.99371367,36.08858127,36.19080962,0,1
48.53000000,36.15488971,36.05408769,36.11859657,36.18443974,0,1
48.54000000,36.20726467,36.11171981,36.22070338,36.30603753,0,1
48.55000000,36.26013599,36.14353000,36.15864666,36.29996142,0,1
48.56000000,36.16226459,36.19609850,36.20080427,36.35582438,0,1
48.57000000,36.26353881,36.14916570,36.12926524,36.42203018,0,1
48.58000000,36.32805481,36.07429199,36.21184287,36.39548723,0,1
48.59000000,36.44658618,36.25211731,36.15001556,36.40087572,0,1
48.60000000,36.34541580,36.24757199,36.10204096,36.52639664,0,1
48.61000000,36.23079621,36.31999805,36.10261040,36.48991831,0,1
48.62000000,36.27695534,36.33050011,36.19500018,36.36983086,0,1
48.63000000,36.39153844,36.23107043,36.17272469,36.56753373,0,1
48.64000000,36.48872262,36.26568730,36.26143654,36.43594495,0,1
48.65000000,36.44599814,36.31625901,36.07603020,36.49629963,0,1
48.66000000,36.38308010,36.35929511,36.12521941,36.58304625,0,1
48.67000000,36.28666075,36.33051497,36.08600855,36.46339506,0,1
48.68000000,36.40943052,36.33526930,36.12073919,36.52869791,0,1
48.69000000,36.43557170,36.25019366,36.14414613,36.61786231,0,1
48.70000000,36.56995329,36.32257492,36.17146468,36.47087318,0,1
48.71000000,36.45420389,36.28520049,36.16943988,36.61436617,0,1
48.72000000,36.47525702,36.41067906,36.22646098,36.66355030,0,1
48.73000000,36.43814917,36.37916314,36.35500949,36.62816004,0,1
48.74000000,36.45835680,36.43588538,36.31181565,36.66877421,0,1
48.75000000,36.44623751,36.40145965,36.39643395,36.67613069,0,1
48.76000000,36.51815119,36.51283372,36.35385711,36.68149866,0,1
48.77000000,36.50989463,36.44465218,36.37499249,36.77671671,0,1
48.78000000,36.57530989,36.48533516,36.29779699,36.77522631,0,1
48.79000000,36.59374846,36.50301033,36.27881197,36.76519653,0,1
48.80000000,36.57839547,36.51350960,36.38375146,36.85045826,0,1
48.81000000,36.51855254,36.58723973,36.45375649,36.69208428,0,1
48.82000000,36.54678621,36.55361186,36.51217245,36.86112749,0,1
48.83000000,36.57643500,36.48723068,36.48920360,36.79432240,0,1
48.84000000,36.65984813,36.49621090,36.42476772,36.80350133,0,1
48.85000000,36.65660982,36.51164171,36.41461317,36.81448674,0,1
48.86000000,36.64168080,36.60917863,36.51865572,36.85776210,0,1
48.87000000,36.61979294,36.60813670,36.57911512,36.80379616,0,1
48.88000000,36.68294586,36.65869886,36.66610864,36.95482014,0,1
48.89000000,36.70331793,36.58758707,36.72299058,36.97811844,0,1
48.90000000,36.75064735,36.63577879,36.63502604,36.95485586,0,1
48.91000000,36.71611769,36.70865832,36.62914824,37.03141315,0,1
48.92000000,36.72889594,36.69150533,36.58807606,37.03789365,0,1
48.93000000,36.70555468,36.68907029,36.61794017,36.95402027,0,1
48.94000000,36.76826223,36.71639558,36.65661179,37.07314679,0,1
48.95000000,36.85114842,36.79440730,36.60220182,37.01803391,0,1
48.96000000,36.83770482,36.83714303,36.62560383,37.01916442,0,1
48.97000000,36.82625064,36.81884049,36.58813816,37.06553144,0,1
48.98000000,36.87508436,36.75243401,36.62495552,37.03075021,0,1
48.99000000,36.87963322,36.75154368,36.67086569,37.11539244,0,1
49.00000000,36.85937149,36.77204404,36.66669267,37.05227602,0,1
49.01000000,36.83882584,36.76414797,36.63660294,37.03344410,0,1
49.02000000,36.81297579,36.86197597,36.66760633,37.05645331,0,1
49.03000000,36.97462491,36.86354337,36.67372561,37.09804811,0,1
49.04000000,37.00679537,36.87259845,36.72525457,37.08163666,0,1
49.05000000,37.03023607,36.81640250,36.76920083,37.12962012,0,1
49.06000000,36.95858427,36.86103072,36.77520298,37.17596118,0,1
49.07000000,36.92925730,36.94057455,36.79538931,37.12146034,0,1
49.08000000,36.91914569,36.98074190,36.79169549,37.16795996,0,1
49.09000000,37.04316009,36.91781089,36.77652389,37.25116520,0,1
49.10000000,37.04191667,36.96072760,36.77947058,37.16377557,0,1
49.11000000,37.05979538,36.94132222,36.84705003,37.28766531,0,1
49.12000000,37.02774036,37.00153651,36.79688613,37.26862674,0,1
49.13000000,37.00261180,37.03917634,36.94473249,37.26379955,0,1
49.14000000,37.09383296,37.02851500,36.86629557,37.30249044,0,1
49.15000000,37.09366627,36.99146090,36.89496448,37.21488203,0,1
49.16000000,37.17081744,37.00739718,36.85885963,37.26834306,0,1
49.17000000,37.09797751,37.06976073,36.86217958,37.26835408,0,1
49.18000000,37.14057520,37.07347601,36.85820392,37.26672013,0,1
49.19000000,37.14961278,37.11961800,36.82818792,37.22980292,0,1
49.20000000,37.17820165,37.01509619,36.84238653,37.25002870,0,1
49.21000000,37.23611782,37.02969313,36.88103602,37.20517860,0,1
49.22000000,37.27226363,37.09251328,36.86044292,37.31216491,0,1
49.23000000,37.23931851,37.18251400,36.89503253,37.28505500,0,1
49.24000000,37.18945680,37.19486267,36.92192331,37.31743580,0,1
49.25000000,37.18489637,37.13407351,36.94111588,37.37278755,0,1
49.26000000,37.22023042,37.14140738,37.04547142,37.40252518,0,1
49.27000000,37.26546202,37.17095571,37.05847892,37.36842454,0,1
49.28000000,37.21525760,37.15762775,37.09554890,37.41907538,0,1
49.29000000,37.25135847,37.15305328,37.05553106,37.40447139,0,1
49.30000000,37.24470758,37.21182558,37.08145305,37.46798783,0,1
49.31000000,37.29554984,37.20661295,37.05556505,37.47693668,0,1
49.32000000,37.29727936,37.22423758,37.11911475,37.40018285,0,1
49.33000000,37.24323527,37.22227077,37.04758741,37.50678766,0,1
49.34000000,37.29661446,37.13395421,37.14041701,37.46108147,0,1
49.35000000,37.31209612,37.24800496,37.13953730,37.37776808,0,1
49.36000000,37.40199680,37.21726399,37.07417783,37.43966391,0,1
49.37000000,37.31335908,37.30176903,37.14012188,37.46365490,0,1
49.38000000,37.34704160,37.23452048,37.11110181,37.38676136,0,1
49.39000000,37.35689326,37.23766297,37.18390212,37.55616651,0,1
49.40000000,37.46739692,37.28520875,37.16548966,37.53353337,0,1
49.41000000,37.38882784,37.25000982,37.17847365,37.54371849,0,1
49.42000000,37.34793964,37.26254610,37.14195540,37.57156083,0,1
49.43000000,37.30536236,37.25116642,37.13065690,37.48911515,0,1
49.44000000,37.30482346,37.23353777,37.16744177,37.50857752,0,1
49.45000000,37.30816516,37.33067283,37.18766269,37.53445090,0,1
49.46000000,37.33588354,37.32724370,37.17688101,37.58560477,0,1
49.47000000,37.34247707,37.36175566,37.20649809,37.53971570,0,1
49.48000000,37.36381943,37.28544562,37.22507562,37.58495059,0,1
49.49000000,37.44532226,37.28688521,37.24341673,37.60814949,0,1
49.50000000,37.41159873,37.34015557,37.28477142,37.62697003,0,1
49.51000000,37.33016226,37.31405522,37.27792881,37.58122464,0,1
49.52000000,37.39906640,37.37224234,37.31241197,37.59805694,0,1
49.53000000,37.45913157,37.33776023,37.26575122,37.69785944,0,1
49.54000000,37.51443370,37.33626475,37.27577259,37.58096519,0,1
49.55000000,37.46804493,37.35908794,37.28786237,37.64075361,0,1
49.56000000,37.38430104,37.32373737,37.27836423,37.76431296,0,1
49.57000000,37.42831343,37.41500289,37.32948392,37.65023088,0,1
49.58000000,37.46270082,37.40909000,37.25773665,37.70546096,0,1
49.59000000,37.51533788,37.40343720,37.28719968,37.71922997,0,1
49.60000000,37.41910595,37.32819890,37.26587546,37.74730245,0,1
49.61000000,37.44295694,37.42092104,37.30586817,37.74527717,0,1
49.62000000,37.44512011,37.38661803,37.30645879,37.81081460,0,1
49.63000000,37.54241441,37.45254192,37.34626211,37.77643205,0,1
49.64000000,37.50909086,37.44767123,37.37298400,37.77582636,0,1
49.65000000,37.46641885,37.40179879,37.49044619,37.75726374,0,1
49.66000000,37.47705711,37.45762392,37.51650670,37.74510157,0,1
49.67000000,37.50220274,37.47912588,37.50521075,37.76225208,0,1
49.68000000,37.55831465,37.44673190,37.43128018,37.74744964,0,1
49.69000000,37.54570425,37.39039731,37.35281021,37.68088170,0,1
49.70000000,37.56458579,37.43379567,37.32730336,37.71596442,0,1
49.71000000,37.56166221,37.51726308,37.33453241,37.66976927,0,1
49.72000000,37.57576016,37.55300290,37.35744986,37.74809836,0,1
49.73000000,37.54859360,37.50032298,37.30540837,37.78247384,0,1
49.74000000,37.57540956,37.45736223,37.24961683,37.70705691,0,1
49.75000000,37.59684484,37.40837676,37.29747656,37.80925378,0,1
49.76000000,37.55457096,37.52820819,37.28805303,37.81058433,0,1
49.77000000,37.54042286,37.55542698,37.35573895,37.75567278,0,1
49.78000000,37.50370869,37.49641148,37.44946368,37.81722465,0,1
49.79000000,37.55004534,37.54451600,37.42366055,37.77163884,0,1
49.80000000,37.59378579,37.41609928,37.40396543,37.78517552,0,1
49.81000000,37.60598181,37.52149046,37.37660126,37.89336293,0,1
49.82000000,37.57613978,37.55711943,37.39858959,37.80112687,0,1
49.83000000,37.64863226,37.62796759,37.41773671,37.81221778,0,1
49.84000000,37.60578284,37.56341304,37.42797129,37.85815731,0,1
49.85000000,37.62507784,37.47728205,37.41366601,37.74243690,0,1
49.86000000,37.56797640,37.47308068,37.40534556,37.81755556,0,1
49.87000000,37.62697197,37.53181589,37.40330993,37.84942726,0,1
49.88000000,37.64932733,37.61603075,37.42428936,37.84318425,0,1
49.89000000,37.68408100,37.60098506,37.44791534,37.91559766,0,1
49.90000000,37.63562430,37.51920861,37.45565064,37.89241049,0,1
49.91000000,37.62195436,37.57054725,37.48180018,37.85233928,0,1
49.92000000,37.69116412,37.60863244,37.50045218,37.87638972,0,1
49.93000000,37.70727626,37.65110970,37.50874055,37.90542190,0,1
49.94000000,37.67697811,37.70655640,37.51240613,37.89485533,0,1
49.95000000,37.66198442,37.58328609,37.53594695,37.92393761,0,1
49.96000000,37.66913488,37.61150451,37.48493484,37.90844410,0,1
49.97000000,37.71458117,37.63953323,37.55778736,37.92922212,0,1
49.98000000,37.75093461,37.70165709,37.53854302,37.92641466,0,1
49.99000000,37.76792295,37.66205823,37.53740647,37.93418713,0,1
