time_s,wheel0_corrected_rad_s,wheel1_corrected_rad_s,wheel2_corrected_rad_s,wheel3_corrected_rad_s,FL_blowout_signal,RR_blowout_signal
0.00000000,40.04953672,39.89969027,39.85682175,39.95529731,0,0
0.01000000,40.04138299,39.93755514,39.80933572,39.91516808,0,0
0.02000000,40.00304591,39.93557830,39.82033204,39.92300160,0,0
0.03000000,40.00615500,39.92013256,39.79994139,39.92209408,0,0
0.04000000,40.02124047,39.90484824,39.81207301,39.91839774,0,0
0.05000000,40.02716404,39.95614752,39.85053470,39.90646060,0,0
0.06000000,40.01444691,39.94894359,39.86193900,39.92309320,0,0
0.07000000,40.09464238,39.94354889,39.82346381,39.92663702,0,0
0.08000000,40.02083288,39.92376735,39.82574680,39.93734126,0,0
0.09000000,40.07655641,39.91757361,39.81321006,39.94718650,0,0
0.10000000,40.02827088,39.92422879,39.84827101,39.93685583,0,0
0.11000000,40.05064612,39.96852457,39.85122422,39.88592279,0,0
0.12000000,40.03459453,39.92032145,39.87858529,39.95882312,0,0
0.13000000,40.08655926,39.86785269,39.95503784,39.88512776,0,0
0.14000000,40.07590790,39.91615757,39.81896065,39.91320305,0,0
0.15000000,40.08651218,39.93372069,39.84429945,39.89979473,0,0
0.16000000,40.02353847,39.99521443,39.81792725,39.87143063,0,0
0.17000000,40.03481424,39.94838289,39.83945162,39.90923063,0,0
0.18000000,40.06763475,39.89807565,39.79840869,39.86081691,0,0
0.19000000,39.99565676,39.86495081,39.80822966,39.93465835,0,0
0.20000000,40.04734722,39.88526833,39.83688232,39.89055892,0,0
0.21000000,39.97932290,39.93303196,39.83068817,39.89812592,0,0
0.22000000,40.04032477,39.91229320,39.84386388,39.89475434,0,0
0.23000000,39.95851818,39.90771740,39.86821870,39.91249812,0,0
0.24000000,40.04825369,39.92310547,39.84869942,39.90268674,0,0
0.25000000,39.97281423,39.90895412,39.83727834,39.92799327,0,0
0.26000000,40.00967073,39.93073086,39.78258419,39.90898090,0,0
0.27000000,40.03423653,39.89782811,39.80208654,39.88668791,0,0
0.28000000,40.03517095,39.90206350,39.77645405,39.91199366,0,0
0.29000000,40.02513338,39.89211510,39.78724247,39.90799382,0,0
0.30000000,39.97706447,39.92789123,39.82803712,39.90463780,0,0
0.31000000,40.01704093,39.95270477,39.79747235,39.95979918,0,0
0.32000000,40.03203605,39.93361775,39.80794458,39.94235184,0,0
0.33000000,40.03630206,39.90550728,39.76222796,39.93229742,0,0
0.34000000,39.99907928,39.88476515,39.76071064,39.96093810,0,0
0.35000000,39.97456346,39.86463998,39.80425884,39.93237789,0,0
0.36000000,40.02344729,39.99145507,39.83077430,39.91321352,0,0
0.37000000,40.03257626,39.99353992,39.82962060,39.92964100,0,0
0.38000000,40.04742603,39.94394499,39.84153346,39.94380273,0,0
0.39000000,40.01421142,39.92849032,39.81847911,39.94580600,0,0
0.40000000,40.02144401,39.89654004,39.88674276,39.96384576,0,0
0.41000000,40.01241789,39.96506686,39.87137777,39.94236152,0,0
0.42000000,40.03739715,39.96245875,39.86617149,39.95295363,0,0
0.43000000,40.05792016,39.95787959,39.85030308,39.92345628,0,0
0.44000000,40.04049936,39.91819608,39.84675370,39.91946542,0,0
0.45000000,40.03034302,39.94083216,39.83514063,39.92753207,0,0
0.46000000,40.04411873,39.97427640,39.84083706,39.92901584,0,0
0.47000000,40.05850842,39.99888474,39.83861959,39.93961176,0,0
0.48000000,40.08286917,39.97009372,39.81059795,39.91100209,0,0
0.49000000,40.07293165,39.94380447,39.80145324,39.90399341,0,0
0.50000000,40.04919380,39.95644470,39.81980779,39.88854343,0,0
0.51000000,40.03893797,39.97467014,39.82336363,39.90669368,0,0
0.52000000,40.03328661,39.97409783,39.82340315,39.87529505,0,0
0.53000000,40.04125212,39.93351891,39.77821255,39.89094895,0,0
0.54000000,40.05838476,39.91961522,39.79338824,39.91580952,0,0
0.55000000,40.07775928,39.94869841,39.78551363,39.87312308,0,0
0.56000000,40.06094373,39.94754115,39.76735987,39.86850457,0,0
0.57000000,40.04517781,39.97800343,39.77260569,39.89653412,0,0
0.58000000,40.02332065,39.93472916,39.75688639,39.84681263,0,0
0.59000000,40.03643843,39.94478911,39.78129105,39.89642867,0,0
0.60000000,40.07879459,39.93885893,39.83985631,39.92555972,0,0
0.61000000,40.09595635,39.93434018,39.84746394,39.90512141,0,0
0.62000000,40.08804566,39.94257412,39.83114277,39.94433949,0,0
0.63000000,40.05508575,39.91505846,39.82251521,39.93825903,0,0
0.64000000,40.02119298,39.93076114,39.82006776,39.93410402,0,0
0.65000000,40.00952907,39.90306110,39.85971141,39.94078236,0,0
0.66000000,40.04840579,39.90713379,39.85659122,39.90359924,0,0
0.67000000,40.06541474,39.92350244,39.85567437,39.91108734,0,0
0.68000000,40.07375660,39.93537846,39.83131180,39.91141338,0,0
0.69000000,40.03788243,39.90285122,39.86276128,39.92593039,0,0
0.70000000,40.04245974,39.93299891,39.87426176,39.96246100,0,0
0.71000000,40.05596544,39.88838409,39.89449733,39.94502993,0,0
0.72000000,40.09707652,39.88515581,39.88295671,39.93252368,0,0
0.73000000,40.08682251,39.90195302,39.86996096,39.94113355,0,0
0.74000000,40.08299452,39.92921342,39.85688344,39.93017251,0,0
0.75000000,40.07531276,39.97258205,39.86979556,39.93875783,0,0
0.76000000,40.06962459,39.89085967,39.86535747,39.89488357,0,0
0.77000000,40.08554477,39.91409990,39.91025004,39.87497883,0,0
0.78000000,40.08621497,39.93656136,39.89722954,39.90905683,0,0
0.79000000,40.09977584,39.91632478,39.88423260,39.84032223,0,0
0.80000000,40.03993641,39.90313883,39.82817777,39.89036876,0,0
0.81000000,40.05906305,39.92470089,39.83031688,39.85495636,0,0
0.82000000,39.97156671,39.92750176,39.85617426,39.88211994,0,0
0.83000000,40.03272006,39.94172635,39.84926531,39.90498198,0,0
0.84000000,40.01800387,39.95381891,39.87807521,39.92151028,0,0
0.85000000,40.05956168,39.89613475,39.87374948,39.93837192,0,0
0.86000000,40.07789585,39.92138524,39.83429329,39.94182377,0,0
0.87000000,40.07241199,39.91139503,39.83386193,39.94196228,0,0
0.88000000,40.07974485,39.99546805,39.83632126,39.94623018,0,0
0.89000000,40.07084103,40.00562127,39.84972584,39.91728290,0,0
0.90000000,40.08987391,39.95340507,39.84196602,39.95207018,0,0
0.91000000,40.04715795,39.92993029,39.84000910,39.97418327,0,0
0.92000000,40.12319088,39.93966800,39.82925076,39.95818985,0,0
0.93000000,40.13863117,39.96011791,39.84406923,39.98316692,0,0
0.94000000,40.09933937,39.94099657,39.79919368,39.93435776,0,0
0.95000000,40.01431792,39.96573506,39.85233648,39.94904640,0,0
0.96000000,40.02687643,39.94719726,39.79440273,39.92797077,0,0
0.97000000,40.12829862,40.02226627,39.88595072,39.90649637,0,0
0.98000000,40.09839960,39.94871319,39.83685003,39.96027635,0,0
0.99000000,40.04665941,39.92423846,39.87580221,39.90300061,0,0
1.00000000,39.93474018,39.93547607,39.84607076,39.91292818,0,0
1.01000000,40.03333573,39.97227703,39.92733815,39.95722639,0,0
1.02000000,40.12042560,40.00542563,39.93680852,39.90428180,0,0
1.03000000,40.16063687,39.95955477,39.95299530,39.88224765,0,0
1.04000000,40.05503527,39.90442019,39.91143047,39.91304503,0,0
1.05000000,40.03977871,39.94065758,39.88678478,39.90937830,0,0
1.06000000,40.03637212,39.99715556,39.88186603,39.93457700,0,0
1.07000000,40.09724483,40.00751025,39.88273967,39.91582350,0,0
1.08000000,40.07955590,39.85820577,39.85058658,39.87767280,0,0
1.09000000,40.05837053,39.84589451,39.81437976,39.87494549,0,0
1.10000000,40.03099312,39.84023448,39.81448796,39.85331353,0,0
1.11000000,40.02509886,39.98079952,39.81905622,39.90390639,0,0
1.12000000,40.04124696,40.09561369,39.81661060,39.88564138,0,0
1.13000000,40.02268237,39.96339298,39.79288746,39.86751179,0,0
1.14000000,40.06650024,39.87103993,39.78516552,39.86637575,0,0
1.15000000,40.07412602,39.82876251,39.82457187,39.89241015,0,0
1.16000000,40.06249537,39.92251074,39.82877625,39.92039601,0,0
1.17000000,40.01626738,39.99183303,39.83914284,39.91389891,0,0
1.18000000,39.99752186,39.92751142,39.81017209,39.91006232,0,0
1.19000000,39.99849136,39.85367504,39.88694305,39.89668813,0,0
1.20000000,40.02509302,39.81990950,39.90020495,39.92051105,0,0
1.21000000,40.03416524,39.93597256,39.86183081,39.94252468,0,0
1.22000000,40.01622902,39.96477445,39.83504170,39.94183110,0,0
1.23000000,39.99095705,39.93526710,39.79861687,39.95236547,0,0
1.24000000,40.09218397,39.89646851,39.82807961,39.94630536,0,0
1.25000000,40.15873318,39.88031854,39.86772523,39.94483455,0,0
1.26000000,40.10079749,39.92318808,39.89201854,39.97011398,0,0
1.27000000,39.98626090,39.92537704,39.85708243,39.99742670,0,0
1.28000000,39.96708338,39.96785472,39.87906639,40.01223327,0,0
1.29000000,40.04039235,39.97458135,39.90471957,40.02828222,0,0
1.30000000,40.13312125,39.93730883,39.91426906,40.02955805,0,0
1.31000000,40.10139577,39.95643838,39.90627428,39.92004889,0,0
1.32000000,40.06655967,39.96881718,39.87645831,39.90859923,0,0
1.33000000,40.11589132,39.99615243,39.85438984,39.90640859,0,0
1.34000000,40.16208113,40.01120226,39.83688985,39.87000485,0,0
1.35000000,40.14117122,39.94215869,39.84063946,39.92232159,0,0
1.36000000,40.08102262,39.94194876,39.82935967,39.89947509,0,0
1.37000000,40.08027724,39.97265300,39.85444785,39.90538518,0,0
1.38000000,40.10717240,40.02033493,39.89248671,39.93820841,0,0
1.39000000,40.12057775,40.00501497,39.87611765,39.90973698,0,0
1.40000000,40.09893001,39.93272464,39.85636087,39.93079806,0,0
1.41000000,40.09430349,39.91843840,39.85788419,39.90476019,0,0
1.42000000,40.10101147,39.95046185,39.85454951,39.91510685,0,0
1.43000000,40.10348466,39.98137274,39.81516381,39.86871570,0,0
1.44000000,40.05459832,39.96250298,39.78251832,39.89257161,0,0
1.45000000,40.03143837,39.94699669,39.72503649,39.90926731,0,0
1.46000000,40.07610263,39.96355972,39.77779280,39.85689760,0,0
1.47000000,40.09889523,39.93872849,39.83698479,39.91171856,0,0
1.48000000,40.08443698,39.95893374,39.93138903,39.88303835,0,0
1.49000000,40.01370659,39.94807119,39.85328654,39.89701596,0,0
1.50000000,40.02081358,39.92415705,39.78351777,39.89794453,0,0
1.51000000,40.05661202,39.88141385,39.80220549,39.86607223,0,0
1.52000000,40.06319989,39.82667179,39.80696436,39.93235295,0,0
1.53000000,40.05499241,39.90472454,39.83511162,39.86812021,0,0
1.54000000,40.00316584,39.95011664,39.80931609,39.90241990,0,0
1.55000000,40.01043113,39.94420013,39.79657521,39.95000169,0,0
1.56000000,39.99742078,39.85936806,39.80616786,39.88502236,0,0
1.57000000,40.05766699,39.84242742,39.86766212,39.93796271,0,0
1.58000000,40.01129233,39.86303851,39.87455933,39.89752386,0,0
1.59000000,40.05859199,39.91177450,39.86687704,39.89989618,0,0
1.60000000,39.99128112,39.91480808,39.87005243,39.98069849,0,0
1.61000000,40.01945893,39.93054648,39.86473821,39.94022514,0,0
1.62000000,40.04929832,39.89080962,39.88751662,39.96967035,0,0
1.63000000,40.09581280,39.92308066,39.89260767,39.95868384,0,0
1.64000000,40.09382144,39.92344204,39.93137794,39.95495823,0,0
1.65000000,40.04116174,39.90888446,39.90413155,39.93616609,0,0
1.66000000,40.00528080,39.91047164,39.92259466,39.94561802,0,0
1.67000000,40.05322950,39.91894085,39.90715422,39.92937302,0,0
1.68000000,40.10052289,39.93762944,39.92910898,39.93924915,0,0
1.69000000,40.14260815,39.99649843,39.94884072,39.96439978,0,0
1.70000000,40.09566017,39.94497154,39.92438779,39.93283445,0,0
1.71000000,40.11084635,39.93669194,39.91552380,39.99562909,0,0
1.72000000,40.08912133,39.94508095,39.85735720,39.96786443,0,0
1.73000000,40.12269378,39.98092055,39.91232402,39.97630173,0,0
1.74000000,40.07719280,39.95605568,39.86253567,39.92204429,0,0
1.75000000,40.08747479,39.92998249,39.89540236,39.92690285,0,0
1.76000000,40.08032449,39.99166213,39.86323002,39.91473063,0,0
1.77000000,40.16787777,40.01273204,39.86086639,39.94411050,0,0
1.78000000,40.13883303,40.00902968,39.83039399,39.91399149,0,0
1.79000000,40.12966824,39.92757196,39.82150692,39.87416588,0,0
1.80000000,40.10548574,39.95320132,39.84816954,39.88633725,0,0
1.81000000,40.13590393,39.94370467,39.81885150,39.86367899,0,0
1.82000000,40.12653902,40.01003442,39.82664601,39.86978295,0,0
1.83000000,40.15511110,40.00279679,39.82016957,39.84854280,0,0
1.84000000,40.10272184,39.97760705,39.80686511,39.87224459,0,0
1.85000000,40.13774798,39.97009005,39.85020538,39.87548191,0,0
1.86000000,40.11280663,39.96029543,39.84564321,39.89367775,0,0
1.87000000,40.09399382,39.97755255,39.88983208,39.90910008,0,0
1.88000000,40.08544563,39.94455709,39.82121436,39.85174876,0,0
1.89000000,40.10819062,39.93371042,39.82491099,39.86349027,0,0
1.90000000,40.10151000,39.92707055,39.81362602,39.85740186,0,0
1.91000000,40.08101502,39.94405540,39.82548827,39.89171042,0,0
1.92000000,40.03056288,39.92997769,39.86922509,39.93710625,0,0
1.93000000,40.06106563,39.92939440,39.87782560,39.94396290,0,0
1.94000000,40.04841665,39.90566005,39.89714633,39.93621418,0,0
1.95000000,40.08162041,39.91599963,39.89015969,39.92470663,0,0
1.96000000,40.02459946,39.92140881,39.87998525,39.92380709,0,0
1.97000000,40.01710932,39.91169238,39.88493127,39.92643645,0,0
1.98000000,40.06690187,39.91981983,39.87130052,39.93303826,0,0
1.99000000,40.09607512,39.90927920,39.86814149,39.94013187,0,0
2.00000000,40.04237828,39.87631019,39.87418920,39.94665272,0,0
2.01000000,39.98359653,39.89255997,39.85593926,39.92722482,0,0
2.02000000,39.95617434,39.92374996,39.82913046,39.90084791,0,0
2.03000000,40.00737555,39.93192309,39.85428367,39.89792557,0,0
2.04000000,40.06972996,39.89847446,39.82635892,39.86335216,0,0
2.05000000,40.04324348,39.86683151,39.81852827,39.86609982,0,0
2.06000000,40.00892639,39.85224652,39.82028987,39.88488037,0,0
2.07000000,40.00186713,39.88689048,39.80786023,39.89376310,0,0
2.08000000,40.03767884,39.88561912,39.81701478,39.90079354,0,0
2.09000000,40.01645407,39.86735135,39.83517971,39.91481257,0,0
2.10000000,40.00224963,39.87692576,39.81960577,39.92037888,0,0
2.11000000,40.00483191,39.89038918,39.87813682,39.92199514,0,0
2.12000000,40.01464476,39.89885868,39.87350148,39.94074887,0,0
2.13000000,40.04026231,39.87527004,39.92406780,39.94651259,0,0
2.14000000,40.03006476,39.86160461,39.90913584,39.95947931,0,0
2.15000000,40.03275423,39.85463773,39.90804870,39.92742280,0,0
2.16000000,39.99741862,39.87816363,39.90955477,39.93719990,0,0
2.17000000,40.02208989,39.93109986,39.90286732,39.94087942,0,0
2.18000000,40.04516885,39.91060625,39.90330170,39.92275349,0,0
2.19000000,40.06917715,39.90980079,39.87966124,39.92635905,0,0
2.20000000,40.08080250,39.88843791,39.89347540,39.91769658,0,0
2.21000000,40.05268982,39.89577730,39.91672462,39.91251414,0,0
2.22000000,40.07340300,39.91931016,39.92858104,39.89974125,0,0
2.23000000,40.06438504,39.93323590,39.89496552,39.89364627,0,0
2.24000000,40.12102915,39.94307166,39.85243668,39.87824562,0,0
2.25000000,40.07522897,39.92991702,39.80970553,39.89302592,0,0
2.26000000,40.05351473,39.91058468,39.82027526,39.89917979,0,0
2.27000000,40.05619733,39.93249665,39.80187697,39.87643651,0,0
2.28000000,40.09585059,39.92872213,39.84035844,39.90052625,0,0
2.29000000,40.13593928,39.93016233,39.81596005,39.85760400,0,0
2.30000000,40.09642823,39.95397237,39.82518769,39.87614420,0,0
2.31000000,40.04595262,39.89740006,39.82064843,39.87674838,0,0
2.32000000,40.03943996,39.93191169,39.80314151,39.87446123,0,0
2.33000000,40.06875690,39.93238417,39.80749132,39.89346339,0,0
2.34000000,40.09505993,39.93186178,39.80741177,39.87005054,0,0
2.35000000,40.07995456,39.92003083,39.83484800,39.86718155,0,0
2.36000000,40.06310825,39.92814228,39.80788563,39.88845379,0,0
2.37000000,40.09234167,39.96467598,39.82304179,39.89932479,0,0
2.38000000,40.11015159,39.90077100,39.80695359,39.90614373,0,0
2.39000000,40.06688198,39.93787660,39.80029594,39.89533085,0,0
2.40000000,40.05143971,39.90199555,39.80151177,39.91321911,0,0
2.41000000,40.08984206,39.95828559,39.84100344,39.91080796,0,0
2.42000000,40.08041704,39.91518316,39.84815854,39.89231739,0,0
2.43000000,40.10290122,39.94981513,39.86542215,39.88380033,0,0
2.44000000,40.07517721,39.87504261,39.86786079,39.89216460,0,0
2.45000000,40.08934004,39.89613604,39.90323762,39.90664116,0,0
2.46000000,40.06135095,39.90465333,39.88642769,39.89470953,0,0
2.47000000,40.07293622,39.93599323,39.90648048,39.90984327,0,0
2.48000000,40.03146451,39.93734332,39.87398336,39.89566791,0,0
2.49000000,40.10637603,39.92579511,39.88128598,39.83881734,0,0
2.50000000,40.09975883,39.95460474,39.88411247,39.89795884,0,0
2.51000000,40.09673618,39.90714035,39.89794645,39.89560717,0,0
2.52000000,40.08032794,39.90766719,39.91467006,39.87460463,0,0
2.53000000,40.06793564,39.91793145,39.92502846,39.94932952,0,0
2.54000000,40.09964899,39.94284952,39.90003623,39.89666068,0,0
2.55000000,40.09822632,39.95063019,39.85586255,39.90443397,0,0
2.56000000,40.08424971,39.89131665,39.87082067,39.87754114,0,0
2.57000000,40.11950595,39.97836681,39.87308177,39.92326204,0,0
2.58000000,40.08584953,39.99014656,39.88926275,39.88653629,0,0
2.59000000,40.09961541,40.01938128,39.88496360,39.91369814,0,0
2.60000000,40.10870586,39.94087563,39.89725322,39.92426070,0,0
2.61000000,40.13326124,39.91690569,39.86410055,39.87929463,0,0
2.62000000,40.17835712,39.90264213,39.84096418,39.93794680,0,0
2.63000000,40.15961001,40.00437803,39.86722144,39.93570903,0,0
2.64000000,40.13336357,39.98568778,39.88776370,39.94053658,0,0
2.65000000,40.02769660,39.95950614,39.90432232,39.92452828,0,0
2.66000000,40.03527681,39.98354333,39.91855785,39.96740931,0,0
2.67000000,40.09368870,39.96581692,39.90486323,39.96606367,0,0
2.68000000,40.16563013,39.97298672,39.90693913,39.97453838,0,0
2.69000000,40.16710575,39.96648048,39.87424699,39.95123245,0,0
2.70000000,40.09937913,39.89394376,39.87691966,39.95994240,0,0
2.71000000,40.11109234,39.97824180,39.89952785,39.95059696,0,0
2.72000000,40.11224204,39.97416440,39.92711165,39.94732673,0,0
2.73000000,40.10846386,40.02097329,39.91457133,39.95855721,0,0
2.74000000,40.07177265,39.98590580,39.90471779,39.94244428,0,0
2.75000000,40.14907566,39.96181268,39.89875642,39.94786838,0,0
2.76000000,40.14186488,39.94546611,39.88722580,39.93571945,0,0
2.77000000,40.12976075,39.96688487,39.87631755,39.88551211,0,0
2.78000000,40.07834714,39.94952369,39.86025680,39.87782785,0,0
2.79000000,40.05366233,39.98239952,39.85357027,39.83867007,0,0
2.80000000,40.09158548,39.98882512,39.86125684,39.87658342,0,0
2.81000000,40.13188702,39.96007772,39.81959271,39.92902767,0,0
2.82000000,40.11044804,39.93164297,39.79611329,39.91410320,0,0
2.83000000,40.09649626,39.94496944,39.82388233,39.93101141,0,0
2.84000000,40.09388910,39.98102036,39.89075336,39.93357986,0,0
2.85000000,40.12606029,39.94791289,39.95314333,39.90289408,0,0
2.86000000,40.07628722,39.93133395,39.97862558,39.92166430,0,0
2.87000000,40.06831455,39.97490467,39.96438125,39.93394649,0,0
2.88000000,40.15918400,39.99002948,39.89902315,39.95601091,0,0
2.89000000,40.19233359,39.95161143,39.89568624,39.99500867,0,0
2.90000000,40.10985787,39.93037793,39.92124216,39.97883242,0,0
2.91000000,40.02315844,39.90745920,39.95279101,39.95116574,0,0
2.92000000,40.02754381,39.96112852,39.94809321,39.96458324,0,0
2.93000000,40.12224730,39.99430547,39.91130327,39.95145170,0,0
2.94000000,40.15628562,39.99380277,39.89635976,39.93276283,0,0
2.95000000,40.11623354,39.94954931,39.91247663,39.91934419,0,0
2.96000000,40.05883010,39.91776306,39.89362587,39.93698825,0,0
2.97000000,40.06614112,39.91875744,39.89752325,39.98784303,0,0
2.98000000,40.11445910,39.97564861,39.94123340,39.97039452,0,0
2.99000000,40.11708725,39.90735979,39.92383203,39.96517296,0,0
3.00000000,40.09759010,39.83403731,39.89418620,39.95812713,0,0
3.01000000,40.11677622,39.82288816,39.88157115,39.92827867,0,0
3.02000000,40.15714380,39.97949951,39.88730285,39.93775115,0,0
3.03000000,40.12557925,40.06102907,39.89172484,39.91285926,0,0
3.04000000,40.07361485,40.08004531,39.89610784,39.91427535,0,0
3.05000000,40.05252366,39.96337321,39.85973272,39.92660271,0,0
3.06000000,40.16099746,39.83638370,39.90965385,39.91173665,0,0
3.07000000,40.17688036,39.86970715,39.86982065,39.95118362,0,0
3.08000000,40.12830111,39.97819043,39.85436494,39.94093102,0,0
3.09000000,40.08014489,40.13677455,39.85166423,39.91386970,0,0
3.10000000,40.05083843,40.10042949,39.85105383,39.91390030,0,0
3.11000000,40.06503960,40.04915949,39.97001721,39.95628710,0,0
3.12000000,40.12121799,39.91902354,39.95825023,39.94683891,0,0
3.13000000,40.14786156,39.85305125,39.88291899,39.96228120,0,0
3.14000000,40.18500655,39.96378065,39.86217222,39.98034319,0,0
3.15000000,40.16647766,40.04130717,39.86874855,39.99970480,0,0
3.16000000,40.11410209,40.01583055,39.92787932,39.98663617,0,0
3.17000000,40.14024411,39.96951368,39.97342991,39.97325443,0,0
3.18000000,40.14636601,39.94782056,39.95270086,40.10441444,0,0
3.19000000,40.14947959,39.96415607,39.96172059,40.10112680,0,0
3.20000000,40.13259420,40.00297547,39.94000592,40.11785715,0,0
3.21000000,40.16021341,40.00953488,39.95361249,40.03924085,0,0
3.22000000,40.08267947,39.97312309,39.92888479,39.94387604,0,0
3.23000000,40.17246164,39.98254710,39.87469758,39.93478259,0,0
3.24000000,40.10697408,39.98345197,39.91499076,39.75408175,0,0
3.25000000,40.17642577,40.00597712,39.90967670,39.95627998,0,0
3.26000000,40.12573112,40.00443687,39.84014891,39.84010020,0,0
3.27000000,40.12162207,39.97216896,39.87060397,39.94158774,0,0
3.28000000,40.11816833,39.99873277,39.82894009,39.76546370,0,0
3.29000000,40.13618525,39.95588873,39.90593155,39.76774386,0,0
3.30000000,40.13349467,39.97125526,39.87517425,39.72329523,0,0
3.31000000,40.10094176,39.90077706,39.87230285,39.84250657,0,0
3.32000000,40.13732548,39.93433197,39.86839642,39.95200246,0,0
3.33000000,40.22113206,39.90931537,39.82320178,39.97570686,0,0
3.34000000,40.04919467,39.96339899,39.81847375,39.90887777,0,0
3.35000000,40.03560635,39.95355836,39.82494537,39.92835797,0,0
3.36000000,39.97372781,39.95467468,39.85381585,39.91705625,0,0
3.37000000,40.04891105,39.92342413,39.89209046,39.93376124,0,0
3.38000000,40.09323371,39.84364756,39.87411337,39.98159612,0,0
3.39000000,40.09874895,39.87007619,39.89491488,39.93532206,0,0
3.40000000,40.07393218,39.87792011,39.90678703,39.94491435,0,0
3.41000000,39.98468383,39.91208902,39.95675058,39.94193003,0,0
3.42000000,40.00863455,39.96159427,39.91856770,39.95975146,0,0
3.43000000,40.04636649,39.88642674,39.95409687,39.98464198,0,0
3.44000000,40.08565716,39.87188093,39.91623055,39.99787879,0,0
3.45000000,40.08316290,39.87680513,39.87443789,39.96995222,0,0
3.46000000,40.12936407,39.93513094,39.90840781,39.97507169,0,0
3.47000000,40.13544229,39.93851518,39.87974231,39.95703135,0,0
3.48000000,40.09112866,39.95812764,39.92652078,39.95134259,0,0
3.49000000,40.10106019,39.94533301,39.90237152,39.96476261,0,0
3.50000000,40.08100108,39.96928788,39.90948325,39.97879418,0,0
3.51000000,40.09792053,39.94654715,39.87535636,39.96665884,0,0
3.52000000,40.07546593,39.93671596,39.84161411,39.94477102,0,0
3.53000000,40.06842122,39.94128833,39.86782672,39.90774602,0,0
3.54000000,40.06681764,39.94307471,39.87429800,39.89238724,0,0
3.55000000,40.07284108,39.98082454,39.97490914,39.86788887,0,0
3.56000000,40.06038634,39.96693518,40.01586210,39.88033775,0,0
3.57000000,40.06742815,39.96366072,39.93039762,39.89432856,0,0
3.58000000,40.07631270,39.97231733,39.86251705,39.93473022,0,0
3.59000000,40.10253799,39.98626500,39.83572707,39.94938105,0,0
3.60000000,40.08192469,39.94631572,39.87357450,39.97428217,0,0
3.61000000,40.05829035,39.92535470,39.86773658,39.93398795,0,0
3.62000000,40.04986836,39.93228405,39.86298912,39.92303351,0,0
3.63000000,40.05081490,39.96601070,39.83163086,39.94423489,0,0
3.64000000,40.06981434,39.95649236,39.77879087,39.90318659,0,0
3.65000000,40.09701808,39.93642415,39.75900064,39.91887864,0,0
3.66000000,40.09499580,39.95264367,39.73890682,39.90741421,0,0
3.67000000,40.07103798,39.95085757,39.74879762,39.88908017,0,0
3.68000000,40.03578102,39.93198917,39.74634522,39.87669587,0,0
3.69000000,39.99283871,39.92057667,39.75902979,39.86790470,0,0
3.70000000,40.03012255,39.88916532,39.82065212,39.86287892,0,0
3.71000000,40.07632155,39.90871189,39.81684303,39.84237458,0,0
3.72000000,40.06391630,39.92605383,39.85153185,39.86810789,0,0
3.73000000,40.05036603,39.93490285,39.85695985,39.90775371,0,0
3.74000000,40.00141828,39.89326558,39.85608066,39.89431764,0,0
3.75000000,40.03338374,39.90541108,39.87755570,39.88596424,0,0
3.76000000,40.10497900,39.91889469,39.89874691,39.88409541,0,0
3.77000000,40.12524309,39.91708874,39.87684579,39.85806540,0,0
3.78000000,40.01970316,39.87617351,39.87820809,39.85296583,0,0
3.79000000,40.00643786,39.89459398,39.86678999,39.87721577,0,0
3.80000000,39.95174287,39.91708704,39.90465144,39.91300409,0,0
3.81000000,40.03514228,39.93792492,39.90744936,39.91461662,0,0
3.82000000,40.05215155,39.93692278,39.91299002,39.92847548,0,0
3.83000000,40.07017403,39.84784011,39.89877159,39.89729317,0,0
3.84000000,40.02730120,39.90017965,39.83865043,39.91815500,0,0
3.85000000,40.04368388,39.92162328,39.83790709,39.90415250,0,0
3.86000000,40.01671628,39.95405769,39.85353474,39.89940788,0,0
3.87000000,40.01067797,39.88150710,39.82639614,39.88050070,0,0
3.88000000,40.00298960,39.89034909,39.82831420,39.90064716,0,0
3.89000000,40.05260355,39.86765409,39.83181529,39.93433520,0,0
3.90000000,40.05088453,39.93912808,39.75980517,39.96618264,0,0
3.91000000,40.10433938,39.91671999,39.78371055,39.92926470,0,0
3.92000000,40.15538859,39.92562779,39.74845359,39.91651830,0,0
3.93000000,40.10703981,39.88637499,39.76843737,39.88834359,0,0
3.94000000,40.11232328,39.92252748,39.79415239,39.87258777,0,0
3.95000000,40.05839273,39.91021202,39.78255420,39.87128579,0,0
3.96000000,40.02848860,39.97821363,39.73677617,39.88083965,0,0
3.97000000,40.02025294,40.00764076,39.80927069,39.83819233,0,0
3.98000000,40.01777002,39.90029932,39.74303129,39.84419402,0,0
3.99000000,40.02969417,39.91727774,39.88230141,39.83251365,0,0
4.00000000,40.00712510,39.87615323,39.87492817,39.91385890,0,0
4.01000000,40.04090300,39.94768723,39.90941639,39.83865218,0,0
4.02000000,40.03519614,39.93151880,39.83296569,39.91952267,0,0
4.03000000,40.03845354,39.91077653,39.87983841,39.92727955,0,0
4.04000000,40.03523877,39.92366036,39.82817595,39.90016534,0,0
4.05000000,40.02818115,39.91940989,39.89551103,39.95503036,0,0
4.06000000,40.05362534,39.97375417,39.86357703,39.93271525,0,0
4.07000000,40.05972531,39.94901779,39.92142857,39.92566042,0,0
4.08000000,40.03548850,39.91637951,39.80536793,39.93916588,0,0
4.09000000,40.09295081,39.90110797,39.88244274,39.91746320,0,0
4.10000000,40.06103195,39.91654979,39.77906279,39.91742284,0,0
4.11000000,40.14429190,39.97040447,39.75453894,39.92868853,0,0
4.12000000,40.06970670,39.99596148,39.71255164,39.89734178,0,0
4.13000000,40.05134455,39.93457468,39.69958472,39.87911432,0,0
4.14000000,40.05367478,39.95997041,39.74784349,39.87221053,0,0
4.15000000,40.04170356,39.96489751,39.82071166,39.82402878,0,0
4.16000000,40.06232983,40.00123715,39.85141372,39.84252639,0,0
4.17000000,40.02840736,39.98395404,39.88672270,39.85572599,0,0
4.18000000,40.04926263,39.89063106,39.89418624,39.87655500,0,0
4.19000000,40.01957979,39.93434102,39.89468607,39.91619910,0,0
4.20000000,40.05216707,39.90731404,39.86313542,39.97551971,0,0
4.21000000,40.06901412,39.91951487,39.85941223,39.93699107,0,0
4.22000000,40.09393200,39.96850969,39.85573784,39.93581513,0,0
4.23000000,40.01985682,39.89523359,39.83646680,39.90334073,0,0
4.24000000,40.04174649,39.90113402,39.82662926,39.92155781,0,0
4.25000000,40.07454288,39.91509308,39.84953196,39.87746037,0,0
4.26000000,40.11517321,39.94884497,39.84507336,39.91251463,0,0
4.27000000,40.07036495,39.95073109,39.85613071,39.90955580,0,0
4.28000000,40.04573735,39.96165462,39.81683368,39.89963991,0,0
4.29000000,40.03276154,39.96109750,39.82393688,39.92747984,0,0
4.30000000,40.10600238,39.96209836,39.80543702,39.92390738,0,0
4.31000000,40.09609285,39.94839643,39.80487025,39.87075849,0,0
4.32000000,40.03633531,39.88998122,39.81852879,39.85893661,0,0
4.33000000,40.04432029,39.90571486,39.77503527,39.85697373,0,0
4.34000000,40.03814217,39.96178662,39.85302096,39.82684203,0,0
4.35000000,40.03523279,39.94606868,39.82465477,39.87854544,0,0
4.36000000,40.02010993,39.93685004,39.85497731,39.87642361,0,0
4.37000000,40.00752569,39.89191936,39.83588225,39.89456479,0,0
4.38000000,40.06079888,39.90837360,39.85694384,39.93108070,0,0
4.39000000,40.03298333,39.91327694,39.84179534,39.95136819,0,0
4.40000000,40.02282211,39.90155123,39.84737086,39.97974508,0,0
4.41000000,40.01660408,39.89409573,39.83086196,39.96349266,0,0
4.42000000,40.03493904,39.90800459,39.82823836,39.97542168,0,0
4.43000000,40.04154244,39.90649860,39.81154337,39.98157593,0,0
4.44000000,40.04628864,39.90310311,39.83455021,39.95639091,0,0
4.45000000,40.02635425,39.91110565,39.80985570,39.95252316,0,0
4.46000000,40.00684838,39.93741622,39.78700944,39.89061196,0,0
4.47000000,40.00223504,39.94461706,39.76889974,39.82672527,0,0
4.48000000,39.99087117,39.87740781,39.79152873,39.83116401,0,0
4.49000000,39.98348081,39.85589237,39.79043449,39.85399359,0,0
4.50000000,40.01390993,39.87509547,39.77237210,39.86971115,0,0
4.51000000,40.02593032,39.90570128,39.77531020,39.89253378,0,0
4.52000000,40.01744545,39.93123417,39.81549896,39.89678314,0,0
4.53000000,40.00169859,39.88070193,39.81787729,39.86842503,0,0
4.54000000,39.96607792,39.88265248,39.83913069,39.87122574,0,0
4.55000000,39.99876485,39.82982434,39.82668072,39.88667365,0,0
4.56000000,40.00189574,39.84691972,39.86704173,39.87475888,0,0
4.57000000,39.99514140,39.86115940,39.84998302,39.88253862,0,0
4.58000000,39.95202013,39.85582692,39.81733481,39.87351780,0,0
4.59000000,39.95962862,39.88705469,39.79533599,39.86861790,0,0
4.60000000,39.98885461,39.88899588,39.75756127,39.87842176,0,0
4.61000000,40.01162986,39.88651182,39.77077315,39.85015558,0,0
4.62000000,39.97574502,39.84849694,39.76103245,39.86193178,0,0
4.63000000,39.97243722,39.82392712,39.76848656,39.86775747,0,0
4.64000000,39.93755294,39.84856480,39.77823139,39.87626131,0,0
4.65000000,39.99391622,39.86721199,39.78537678,39.86961865,0,0
4.66000000,40.03078894,39.86205482,39.80508560,39.88557668,0,0
4.67000000,39.97304821,39.87566116,39.81058092,39.87033337,0,0
4.68000000,39.98718606,39.87664623,39.83146670,39.90096957,0,0
4.69000000,39.98176340,39.88114703,39.84170968,39.88303024,0,0
4.70000000,40.04311724,39.86943756,39.80714211,39.91301330,0,0
4.71000000,39.99840420,39.83191210,39.82181936,39.86137656,0,0
4.72000000,40.03326545,39.85780163,39.79145490,39.88453367,0,0
4.73000000,40.00732924,39.89838884,39.81712411,39.89057678,0,0
4.74000000,39.99348493,39.92052886,39.80965202,39.86675080,0,0
4.75000000,40.00421895,39.89438191,39.81199054,39.90398395,0,0
4.76000000,39.98128217,39.84891917,39.81321341,39.84638419,0,0
4.77000000,40.05888981,39.88274521,39.79867468,39.90704679,0,0
4.78000000,39.99746486,39.86506129,39.81775851,39.85541976,0,0
4.79000000,40.04030310,39.88590626,39.83014372,39.84324392,0,0
4.80000000,39.98871032,39.91435659,39.76924541,39.86231557,0,0
4.81000000,40.03052141,39.87401310,39.77170037,39.83142692,0,0
4.82000000,39.96317965,39.92368397,39.74535548,39.85937062,0,0
4.83000000,40.04057237,39.89233241,39.78485904,39.87222994,0,0
4.84000000,39.96517775,39.85901248,39.78539225,39.86649860,0,0
4.85000000,40.05477140,39.99823333,39.76188454,39.85325636,0,0
4.86000000,39.97890040,39.85394354,39.74731979,39.86063140,0,0
4.87000000,40.05637889,39.95320730,39.72406197,39.84412313,0,0
4.88000000,40.00413172,39.80429291,39.72987338,39.85252703,0,0
4.89000000,40.00036078,39.90782950,39.79232950,39.84847624,0,0
4.90000000,40.02057371,39.88895349,39.68176707,39.86119999,0,0
4.91000000,39.98611070,39.94671709,39.74776938,39.87136009,0,0
4.92000000,40.06375284,39.91347407,39.72542179,39.84091128,0,0
4.93000000,40.01059684,39.89670140,39.78870255,39.82892202,0,0
4.94000000,40.02327323,39.92744217,39.74485856,39.87036181,0,0
4.95000000,39.92034530,39.87902615,39.78385910,39.84839431,0,0
4.96000000,39.98479270,39.86932852,39.78724422,39.91720938,0,0
4.97000000,40.01960158,39.88161954,39.80083807,39.89948617,0,0
4.98000000,40.05868726,39.91980204,39.78535111,39.87745881,0,0
4.99000000,40.01666291,39.91500121,39.77769682,39.85107875,0,0
5.00000000,39.98795335,39.88982209,39.82002648,39.86408205,0,0
5.01000000,40.00561151,39.92397756,39.81894340,39.87027184,0,0
5.02000000,40.07088418,39.91752006,39.84448697,39.83611514,0,0
5.03000000,40.03775992,39.95091906,39.83629209,39.87301809,0,0
5.04000000,39.99757863,39.89625489,39.81126308,39.79597669,0,0
5.05000000,39.96630684,39.90705178,39.78017299,39.85002443,0,0
5.06000000,40.03269849,39.94741243,39.80926254,39.79222600,0,0
5.07000000,40.07562056,39.89944410,39.78349314,39.85026040,0,0
5.08000000,40.03292445,39.87891628,39.78967699,39.89078519,0,0
5.09000000,40.02078639,39.83152759,39.78510963,39.86273763,0,0
5.10000000,40.01222413,39.88144295,39.80701206,39.87374593,0,0
5.11000000,40.01786127,39.90448626,39.79655777,39.86910146,0,0
5.12000000,40.01593159,39.90173269,39.79391665,39.87625168,0,0
5.13000000,39.99872576,39.88206838,39.80255775,39.87746515,0,0
5.14000000,40.04621938,39.88973712,39.84356780,39.86994327,0,0
5.15000000,40.07557557,39.90161969,39.87152701,39.90032817,0,0
5.16000000,40.05585448,39.89684108,39.83799144,39.88022658,0,0
5.17000000,39.99593711,39.88294582,39.82230775,39.87195539,0,0
5.18000000,40.00340440,39.87904963,39.80076175,39.86988122,0,0
5.19000000,40.01063073,39.86328810,39.79139887,39.86085881,0,0
5.20000000,40.00896747,39.88714518,39.80607363,39.86716801,0,0
5.21000000,40.00357680,39.89668086,39.75536532,39.85400971,0,0
5.22000000,39.99338086,39.90125600,39.76359931,39.81365290,0,0
5.23000000,40.01830013,39.89855523,39.78351335,39.80589997,0,0
5.24000000,40.02366484,39.89621362,39.80336950,39.82917251,0,0
5.25000000,40.00279625,39.89342599,39.79516093,39.85318932,0,0
5.26000000,39.98926422,39.90857575,39.77588519,39.87558561,0,0
5.27000000,39.96885081,39.92696140,39.77546832,39.90707758,0,0
5.28000000,39.99593453,39.88112871,39.76865339,39.89657258,0,0
5.29000000,39.99961508,39.88442977,39.80108193,39.92992414,0,0
5.30000000,39.97864842,39.90350765,39.80761408,39.92848161,0,0
5.31000000,40.00058311,39.89511982,39.80928669,39.93325787,0,0
5.32000000,40.02606406,39.88256068,39.81065740,39.92937268,0,0
5.33000000,40.01594755,39.86307375,39.81900572,39.91641709,0,0
5.34000000,39.99162404,39.85342844,39.77262289,39.89572721,0,0
5.35000000,39.99704951,39.85855927,39.76522331,39.87973612,0,0
5.36000000,39.96544791,39.89158992,39.76674048,39.87583661,0,0
5.37000000,39.97732741,39.88603063,39.79578215,39.87355771,0,0
5.38000000,39.99250665,39.91231136,39.83580308,39.89342775,0,0
5.39000000,39.98995203,39.87727833,39.82702059,39.91758786,0,0
5.40000000,40.00126177,39.89307725,39.82963416,39.88750668,0,0
5.41000000,39.98633500,39.91069531,39.81423404,39.92592067,0,0
5.42000000,40.02464535,39.87281894,39.81828045,39.87629269,0,0
5.43000000,40.02459539,39.90477707,39.78641553,39.85735073,0,0
5.44000000,40.02962529,39.88055162,39.80234944,39.84884352,0,0
5.45000000,39.98768527,39.91535152,39.81194391,39.83536897,0,0
5.46000000,40.01461036,39.87203836,39.81243904,39.80525147,0,0
5.47000000,39.98620736,39.88119689,39.82346026,39.81208901,0,0
5.48000000,40.03974137,39.85483203,39.80819421,39.83185578,0,0
5.49000000,39.95311714,39.85476365,39.79765253,39.81577108,0,0
5.50000000,39.97254231,39.85302924,39.77962274,39.84883149,0,0
5.51000000,39.96826945,39.90495439,39.76717330,39.84298019,0,0
5.52000000,40.03558935,39.87811879,39.75041303,39.83451432,0,0
5.53000000,40.01346658,39.89166611,39.76068394,39.88339398,0,0
5.54000000,39.99072545,39.84675941,39.75458201,39.84562429,0,0
5.55000000,39.96609937,39.88708778,39.82712603,39.88309499,0,0
5.56000000,39.98372903,39.83980011,39.80289948,39.89142625,0,0
5.57000000,40.03875290,39.89531287,39.79681561,39.87813218,0,0
5.58000000,39.99114868,39.83652002,39.82369993,39.84637149,0,0
5.59000000,40.03326345,39.89133948,39.78037836,39.86216683,0,0
5.60000000,40.00633598,39.90724086,39.79591701,39.78763127,0,0
5.61000000,39.99246544,39.84374959,39.81281352,39.88549834,0,0
5.62000000,39.96139818,39.88458298,39.81065406,39.84507069,0,0
5.63000000,40.09813027,39.86685559,39.78019322,39.87549866,0,0
5.64000000,39.96954649,39.92733432,39.79738160,39.88485889,0,0
5.65000000,40.03906402,39.93395876,39.78593658,39.86477044,0,0
5.66000000,39.92644523,39.90396377,39.78671137,39.88242067,0,0
5.67000000,40.02633677,39.91346773,39.76858587,39.89412523,0,0
5.68000000,40.07865276,39.87732780,39.79778787,39.88272206,0,0
5.69000000,40.05771638,39.92931144,39.83452800,39.90580576,0,0
5.70000000,39.96535140,39.89929411,39.79457330,39.90612340,0,0
5.71000000,39.96026136,39.94963921,39.81325510,39.90381470,0,0
5.72000000,40.03051252,39.91650477,39.77586302,39.86774519,0,0
5.73000000,40.07996291,39.88943322,39.77749028,39.89549576,0,0
5.74000000,40.05637348,39.86873452,39.75556685,39.84606440,0,0
5.75000000,39.99162907,39.90759445,39.81286509,39.86324070,0,0
5.76000000,39.97375883,39.87440248,39.78199555,39.90434786,0,0
5.77000000,40.02815331,39.89968690,39.82333471,39.86852194,0,0
5.78000000,40.04870314,39.91293370,39.79522853,39.87299424,0,0
5.79000000,40.06579412,39.92734254,39.78647777,39.85142243,0,0
5.80000000,40.00803749,39.92389945,39.79008853,39.88574958,0,0
5.81000000,40.01280034,39.95174770,39.78561218,39.83841304,0,0
5.82000000,40.01036781,39.95661765,39.78126900,39.84022473,0,0
5.83000000,40.03417754,39.92618864,39.81453939,39.83798179,0,0
5.84000000,40.02400135,39.89761572,39.73415879,39.79445702,0,0
5.85000000,39.99122670,39.90137614,39.78973014,39.82727479,0,0
5.86000000,40.01823479,39.90403992,39.81429606,39.82214014,0,0
5.87000000,40.02907423,39.90606509,39.80133760,39.84239933,0,0
5.88000000,40.02370252,39.91090219,39.75188609,39.88273042,0,0
5.89000000,39.94498413,39.89315416,39.77882870,39.87029012,0,0
5.90000000,40.01933228,39.93153598,39.79592032,39.88230402,0,0
5.91000000,40.06986184,39.93162413,39.82365434,39.89769346,0,0
5.92000000,40.09107614,39.90286890,39.80704076,39.89812579,0,0
5.93000000,40.01437808,39.85443959,39.77757302,39.90874303,0,0
5.94000000,39.95664351,39.87100384,39.80774779,39.92702193,0,0
5.95000000,39.95395026,39.88884775,39.83256289,39.93101894,0,0
5.96000000,39.99158772,39.91813507,39.82312297,39.92783527,0,0
5.97000000,40.03258669,39.89165917,39.81611839,39.88400436,0,0
5.98000000,40.01012584,39.82669067,39.77730887,39.84920643,0,0
5.99000000,39.99899848,39.86366230,39.79208082,39.82705485,0,0
6.00000000,39.99949077,39.90132824,39.80586852,39.81106685,0,0
6.01000000,39.97753654,39.92614304,39.80090676,39.81993286,0,0
6.02000000,39.97119623,39.89342504,39.82600961,39.85451145,0,0
6.03000000,39.97871446,39.83106585,39.79667125,39.85622797,0,0
6.04000000,40.00787224,39.89133309,39.79752821,39.86863757,0,0
6.05000000,39.97534914,39.89622984,39.77985769,39.87998809,0,0
6.06000000,39.96093321,39.89252663,39.78623881,39.86702530,0,0
6.07000000,39.96706565,39.85050264,39.78001733,39.85564081,0,0
6.08000000,39.98505852,39.80829356,39.79902323,39.84900128,0,0
6.09000000,39.99593742,39.84488050,39.78025758,39.86735793,0,0
6.10000000,39.95195117,39.85773275,39.75729921,39.84550942,0,0
6.11000000,39.93414632,39.88580387,39.71890257,39.86114681,0,0
6.12000000,39.95266029,39.86948162,39.68650927,39.83412054,0,0
6.13000000,40.01214013,39.82876791,39.71208334,39.84993388,0,0
6.14000000,39.97829808,39.83203293,39.81702742,39.88813556,0,0
6.15000000,39.94660826,39.83697048,39.81422875,39.87851284,0,0
6.16000000,39.91927449,39.87268734,39.81605133,39.90393533,0,0
6.17000000,39.96079405,39.85640086,39.78391148,39.91551939,0,0
6.18000000,39.99336340,39.84533182,39.79371591,39.91227802,0,0
6.19000000,39.98877804,39.82392192,39.79334970,39.88957703,0,0
6.20000000,39.98510315,39.84946067,39.80817387,39.89830587,0,0
6.21000000,39.98386377,39.87956021,39.79275128,39.82991985,0,0
6.22000000,39.93628711,39.89408371,39.80853521,39.84745676,0,0
6.23000000,39.94289994,39.90543354,39.82374739,39.85456096,0,0
6.24000000,39.99136829,39.85397130,39.78154376,39.79047557,0,0
6.25000000,39.97834073,39.85943202,39.78818491,39.87082302,0,0
6.26000000,40.00049301,39.84522152,39.75322940,39.79040275,0,0
6.27000000,39.96643062,39.85810645,39.76081292,39.88074823,0,0
6.28000000,39.99812516,39.88695306,39.73979770,39.86482255,0,0
6.29000000,40.00091372,39.89331307,39.75558041,39.80364025,0,0
6.30000000,39.96625930,39.85634117,39.76202582,39.84302329,0,0
6.31000000,39.94358389,39.83611688,39.76812989,39.81483620,0,0
6.32000000,39.97831285,39.92353550,39.74002735,39.86952353,0,0
6.33000000,40.02771112,39.85086891,39.74403160,39.85825072,0,0
6.34000000,40.01312965,39.91226986,39.69905902,39.83767448,0,0
6.35000000,40.01509811,39.83505275,39.74802934,39.84674911,0,0
6.36000000,39.92886697,39.85164276,39.72478312,39.82539116,0,0
6.37000000,39.97718994,39.86035578,39.78090294,39.82432584,0,0
6.38000000,39.96422300,39.88389322,39.74355654,39.82995380,0,0
6.39000000,39.99047747,39.88736130,39.74263577,39.84275860,0,0
6.40000000,39.97298118,39.85575255,39.73081592,39.81845255,0,0
6.41000000,39.97029550,39.85496979,39.76080715,39.83306808,0,0
6.42000000,39.96748870,39.83391991,39.79046872,39.82279246,0,0
6.43000000,39.97920117,39.89301631,39.77282331,39.82441012,0,0
6.44000000,39.95223560,39.82180717,39.79231078,39.81834670,0,0
6.45000000,39.97007565,39.90041508,39.72544138,39.77817374,0,0
6.46000000,39.99861250,39.88237649,39.72550065,39.85679757,0,0
6.47000000,39.97053176,39.89463294,39.76522558,39.83854334,0,0
6.48000000,40.00849838,39.84842456,39.74965294,39.86517695,0,0
6.49000000,39.98846476,39.85409574,39.78014746,39.87614339,0,0
6.50000000,39.94728406,39.84705855,39.76025713,39.86025369,0,0
6.51000000,40.01161723,39.88457784,39.78668779,39.81948490,0,0
6.52000000,39.98108724,39.86764361,39.77262897,39.86694162,0,0
6.53000000,40.02837090,39.83954308,39.75720770,39.80032813,0,0
6.54000000,40.00865481,39.83015303,39.73458016,39.81233377,0,0
6.55000000,40.00235289,39.87055436,39.77763498,39.90718361,0,0
6.56000000,39.95586383,39.84213275,39.79542505,39.83798536,0,0
6.57000000,39.95924088,39.87493589,39.77599693,39.84050557,0,0
6.58000000,39.98814572,39.85375512,39.78884027,39.82212930,0,0
6.59000000,40.04289183,39.89697123,39.74304660,39.80848671,0,0
6.60000000,40.00100052,39.90316497,39.77393281,39.81193701,0,0
6.61000000,39.99258606,39.91130908,39.76993593,39.83735703,0,0
6.62000000,39.97842040,39.87927050,39.80287242,39.84894843,0,0
6.63000000,40.02967321,39.87478644,39.78279562,39.86475059,0,0
6.64000000,40.02593948,39.87583595,39.78645806,39.86531219,0,0
6.65000000,40.03415917,39.88238069,39.75339262,39.84071496,0,0
6.66000000,40.02009465,39.88868395,39.77017075,39.83685072,0,0
6.67000000,40.03868203,39.87694622,39.77099753,39.84406322,0,0
6.68000000,39.99214379,39.85833396,39.79485044,39.84605036,0,0
6.69000000,40.01748295,39.87283082,39.80908309,39.84533040,0,0
6.70000000,39.99093882,39.90241827,39.76589280,39.87005014,0,0
6.71000000,40.00498147,39.89609046,39.79432197,39.85421677,0,0
6.72000000,39.98699446,39.88692905,39.76641930,39.86462267,0,0
6.73000000,39.99122422,39.86278352,39.76055531,39.87032195,0,0
6.74000000,40.00318255,39.87184785,39.76574443,39.85621399,0,0
6.75000000,40.01337211,39.89696611,39.78965945,39.85250000,0,0
6.76000000,40.02014844,39.87420788,39.80043560,39.82205790,0,0
6.77000000,40.00286970,39.89250284,39.82959293,39.84285936,0,0
6.78000000,40.03888315,39.90727997,39.81133278,39.85401663,0,0
6.79000000,40.00577961,39.92866771,39.78488169,39.84920845,0,0
6.80000000,40.02010050,39.91419938,39.77455552,39.84318683,0,0
6.81000000,39.99530874,39.88806199,39.77072682,39.82807928,0,0
6.82000000,39.99734964,39.85595456,39.79061904,39.81848088,0,0
6.83000000,40.03632495,39.86458889,39.78490240,39.83668206,0,0
6.84000000,40.03684993,39.88531426,39.77772058,39.84231912,0,0
6.85000000,40.00381244,39.87127368,39.75335994,39.85187291,0,0
6.86000000,39.95644390,39.83298742,39.73723452,39.85471092,0,0
6.87000000,39.95471616,39.85587205,39.75509436,39.86392823,0,0
6.88000000,39.97654532,39.88632110,39.78435339,39.84017321,0,0
6.89000000,40.00189729,39.87883801,39.77224118,39.83566520,0,0
6.90000000,39.99806732,39.87265443,39.78485181,39.82505513,0,0
6.91000000,39.96586787,39.84593576,39.78359604,39.79880793,0,0
6.92000000,39.96764705,39.83839947,39.82464524,39.83518974,0,0
6.93000000,39.99117850,39.82495603,39.80989289,39.86366989,0,0
6.94000000,39.99099121,39.81475407,39.78574474,39.86310666,0,0
6.95000000,39.95593227,39.83182804,39.77856975,39.85360178,0,0
6.96000000,39.96920729,39.83293131,39.73237097,39.86130343,0,0
6.97000000,39.97969352,39.86261234,39.76019821,39.79278560,0,0
6.98000000,39.91148658,39.80573112,39.79581421,39.80067557,0,0
6.99000000,39.86446790,39.81660599,39.79139475,39.79597486,0,0
7.00000000,39.91372154,39.79890278,39.75765372,39.79649793,0,0
7.01000000,39.97657775,39.81802184,39.75735977,39.85378620,0,0
7.02000000,39.95632196,39.80686407,39.73701769,39.82160681,0,0
7.03000000,39.91573069,39.80286537,39.72282764,39.81546755,0,0
7.04000000,39.90519768,39.84765350,39.72858880,39.82764891,0,0
7.05000000,39.94569090,39.83840904,39.69644278,39.80196459,0,0
7.06000000,39.93135677,39.84814664,39.77449787,39.80999401,0,0
7.07000000,39.91441626,39.75576241,39.74835542,39.80088754,0,0
7.08000000,39.88690486,39.77240151,39.74594399,39.82557964,0,0
7.09000000,39.93803842,39.79687079,39.73376710,39.81017396,0,0
7.10000000,39.93796165,39.82827407,39.72809399,39.82719561,0,0
7.11000000,39.92123497,39.82333628,39.68511416,39.81637578,0,0
7.12000000,39.91265051,39.76741964,39.72451260,39.82829799,0,0
7.13000000,39.93134469,39.79823539,39.72341297,39.84637055,0,0
7.14000000,39.96208217,39.82067329,39.76896332,39.85732793,0,0
7.15000000,39.91617013,39.84768969,39.73631967,39.86348168,0,0
7.16000000,39.90448728,39.77564535,39.76789781,39.83644765,0,0
7.17000000,39.92408543,39.82152105,39.77975901,39.84880676,0,0
7.18000000,39.91630936,39.81876846,39.80417631,39.85041887,0,0
7.19000000,39.91654269,39.82366766,39.79120140,39.80608694,0,0
7.20000000,39.93679233,39.81011346,39.80806586,39.83750583,0,0
7.21000000,39.92257298,39.81568920,39.73060784,39.77476997,0,0
7.22000000,39.98574971,39.86604108,39.70350421,39.82229920,0,0
7.23000000,39.95211380,39.83896922,39.73590900,39.80667715,0,0
7.24000000,39.93916392,39.85580774,39.75986520,39.79297909,0,0
7.25000000,39.93660810,39.79676923,39.72443092,39.80829920,0,0
7.26000000,39.98129121,39.87412823,39.71604066,39.78391185,0,0
7.27000000,39.96434396,39.87490045,39.71169930,39.81753073,0,0
7.28000000,39.96998774,39.85217541,39.75541862,39.80845834,0,0
7.29000000,39.97246369,39.87266875,39.74286295,39.81404518,0,0
7.30000000,39.96078204,39.85960490,39.72459010,39.79089279,0,0
7.31000000,39.96315678,39.79311645,39.69252214,39.81586994,0,0
7.32000000,39.96639847,39.79346162,39.69877375,39.78839354,0,0
7.33000000,39.97896316,39.88594566,39.66811287,39.76532798,0,0
7.34000000,40.03422902,39.81877610,39.68781108,39.77353583,0,0
7.35000000,39.99599184,39.87907828,39.70004508,39.76054197,0,0
7.36000000,39.93901167,39.82243387,39.71788772,39.74189930,0,0
7.37000000,39.92966197,39.83191707,39.75235628,39.79380754,0,0
7.38000000,39.97359027,39.84887769,39.73977517,39.82496209,0,0
7.39000000,39.97516948,39.86563389,39.73288482,39.81972404,0,0
7.40000000,39.98391941,39.85732094,39.73574614,39.83002294,0,0
7.41000000,39.93627754,39.82960445,39.71210410,39.80339657,0,0
7.42000000,39.99438042,39.85877258,39.71103365,39.79069389,0,0
7.43000000,40.00553649,39.86094354,39.73185670,39.78271851,0,0
7.44000000,40.00466754,39.83674508,39.73866164,39.78255095,0,0
7.45000000,39.95066731,39.80943064,39.74751191,39.78912095,0,0
7.46000000,39.92478230,39.83016998,39.75154572,39.76956565,0,0
7.47000000,39.90303076,39.81885930,39.73521775,39.78927548,0,0
7.48000000,39.94372132,39.80452768,39.73724757,39.75856423,0,0
7.49000000,39.98607762,39.82327496,39.73196739,39.80587673,0,0
7.50000000,39.98086152,39.83592134,39.71443470,39.77976865,0,0
7.51000000,39.95035226,39.83622667,39.71536906,39.82399009,0,0
7.52000000,39.89135389,39.86727348,39.72063571,39.80009732,0,0
7.53000000,39.91479874,39.82069779,39.70777406,39.84833353,0,0
7.54000000,39.93317257,39.77729882,39.70053562,39.81705660,0,0
7.55000000,39.98335883,39.78926822,39.71442182,39.81521512,0,0
7.56000000,39.97072636,39.83720266,39.73798925,39.85165209,0,0
7.57000000,39.93496755,39.86077426,39.74131831,39.79988638,0,0
7.58000000,39.91501461,39.82846960,39.75562449,39.79359690,0,0
7.59000000,39.92703475,39.75866050,39.72801721,39.77875348,0,0
7.60000000,39.96551449,39.75931241,39.75545242,39.79534499,0,0
7.61000000,39.94810302,39.79918654,39.71993501,39.81244992,0,0
7.62000000,39.92237615,39.84251096,39.69139215,39.79284700,0,0
7.63000000,39.89387624,39.82732962,39.69189820,39.79779006,0,0
7.64000000,39.93484990,39.82134591,39.68388461,39.79495667,0,0
7.65000000,39.94697826,39.82728644,39.72904330,39.78086517,0,0
7.66000000,39.95129885,39.81327845,39.74433446,39.81904398,0,0
7.67000000,39.92981286,39.82368765,39.77523058,39.82119928,0,0
7.68000000,39.91352925,39.87872186,39.79279189,39.80087530,0,0
7.69000000,39.93306073,39.83332990,39.76445654,39.81821558,0,0
7.70000000,39.92282671,39.78797703,39.73983051,39.82200494,0,0
7.71000000,39.96736320,39.79005615,39.73709035,39.79770651,0,0
7.72000000,39.93999906,39.81608366,39.77251679,39.79982764,0,0
7.73000000,39.94865726,39.84393954,39.77023748,39.82411976,0,0
7.74000000,39.96351790,39.82801631,39.75245790,39.80946974,0,0
7.75000000,39.96985883,39.82929709,39.72355376,39.80948780,0,0
7.76000000,39.91001523,39.80357467,39.72773609,39.83233337,0,0
7.77000000,39.94426621,39.78976147,39.71830435,39.81269139,0,0
7.78000000,39.96285622,39.80823676,39.72647661,39.83066694,0,0
7.79000000,39.95540796,39.81360821,39.74751932,39.84459408,0,0
7.80000000,39.96686283,39.82599725,39.70203289,39.78259366,0,0
7.81000000,39.93144886,39.84754678,39.72462802,39.80694632,0,0
7.82000000,39.98608791,39.85492750,39.71583510,39.72986661,0,0
7.83000000,39.95804068,39.83623861,39.74235697,39.75896834,0,0
7.84000000,39.99452811,39.79460283,39.72775342,39.74003946,0,0
7.85000000,40.02081788,39.79634284,39.71971421,39.75143291,0,0
7.86000000,39.95030799,39.74971253,39.69827008,39.75231971,0,0
7.87000000,39.98391005,39.85016900,39.72178643,39.71320982,0,0
7.88000000,39.87760410,39.81750590,39.73108842,39.76106636,0,0
7.89000000,39.95900485,39.80872944,39.75018078,39.77892660,0,0
7.90000000,39.95272248,39.76398407,39.76240289,39.77581193,0,0
7.91000000,40.01593818,39.81831697,39.74440070,39.80826507,0,0
7.92000000,39.90589053,39.78798995,39.71894260,39.78071506,0,0
7.93000000,39.88095387,39.78030826,39.70648229,39.78416667,0,0
7.94000000,39.88094898,39.77557128,39.70829185,39.76249619,0,0
7.95000000,39.97570291,39.80074963,39.77208093,39.78971292,0,0
7.96000000,39.99903874,39.76258842,39.67806096,39.77926460,0,0
7.97000000,39.96105697,39.84523713,39.72269267,39.74680639,0,0
7.98000000,39.87794663,39.76922619,39.73088228,39.77252571,0,0
7.99000000,39.86444613,39.78601004,39.72153151,39.78250668,0,0
8.00000000,39.95359715,39.73437796,39.75277576,39.78943569,0,0
8.01000000,39.98573300,39.79386421,39.72048407,39.78621480,0,0
8.02000000,39.89821292,39.77923993,39.64784170,39.75451588,0,0
8.03000000,39.86948834,39.77431541,39.65031674,39.76472224,0,0
8.04000000,39.85674991,39.80140240,39.63294282,39.76962743,0,0
8.05000000,39.92442522,39.77336916,39.72636942,39.81167672,0,0
8.06000000,39.92342353,39.76669306,39.66153901,39.75781412,0,0
8.07000000,39.91808086,39.75421744,39.70821092,39.81592391,0,0
8.08000000,39.88097122,39.76059910,39.71359794,39.81005983,0,0
8.09000000,39.91183297,39.79662557,39.72385551,39.74374268,0,0
8.10000000,39.89158090,39.80178927,39.70655582,39.78334969,0,0
8.11000000,39.82985609,39.73698490,39.66710156,39.74230772,0,0
8.12000000,39.93077805,39.76029635,39.69666742,39.75751294,0,0
8.13000000,39.94967791,39.77511303,39.74857510,39.78100088,0,0
8.14000000,39.95748796,39.79148551,39.73539759,39.78499760,0,0
8.15000000,39.88683074,39.73455876,39.71149156,39.80018630,0,0
8.16000000,39.83133703,39.72464276,39.68587267,39.75572589,0,0
8.17000000,39.86780942,39.81711938,39.71210457,39.75315880,0,0
8.18000000,39.92996829,39.81027650,39.70426043,39.76569090,0,0
8.19000000,39.92687348,39.76408941,39.72237046,39.73938152,0,0
8.20000000,39.89357656,39.70802533,39.73036408,39.77712645,0,0
8.21000000,39.89792937,39.75797714,39.73126861,39.73061931,0,0
8.22000000,39.94011545,39.82813147,39.71926265,39.74326950,0,0
8.23000000,39.91151547,39.83423837,39.74569109,39.71709442,0,0
8.24000000,39.87913955,39.75326299,39.74609654,39.73254421,0,0
8.25000000,39.90138918,39.73597160,39.71228210,39.74977838,0,0
8.26000000,39.90735223,39.79379507,39.67521374,39.73182425,0,0
8.27000000,39.89816315,39.83323317,39.64532181,39.74034424,0,0
8.28000000,39.91299812,39.81495391,39.66384926,39.71031870,0,0
8.29000000,39.91950724,39.74412881,39.68634875,39.72396524,0,0
8.30000000,39.95817322,39.69900363,39.69832360,39.75164956,0,0
8.31000000,39.92514226,39.76174896,39.66775787,39.76883342,0,0
8.32000000,39.89177168,39.80212298,39.63514008,39.78378846,0,0
8.33000000,39.89018958,39.79527368,39.61775544,39.76449681,0,0
8.34000000,39.90455135,39.74957819,39.61604170,39.74422651,0,0
8.35000000,39.93300723,39.70940899,39.69260530,39.75671368,0,0
8.36000000,39.90916837,39.73129161,39.73791059,39.74894132,0,0
8.37000000,39.88352406,39.76040444,39.71487795,39.74527826,0,0
8.38000000,39.85693165,39.79109552,39.67932116,39.74838039,0,0
8.39000000,39.87137884,39.79178109,39.66525912,39.74634795,0,0
8.40000000,39.91176837,39.75704248,39.67121842,39.75318409,0,0
8.41000000,39.89550577,39.75669103,39.67549172,39.73079225,0,0
8.42000000,39.89145408,39.74723141,39.66839142,39.70145845,0,0
8.43000000,39.87748883,39.75436175,39.68003360,39.69116136,0,0
8.44000000,39.90762245,39.76788615,39.67723588,39.70693994,0,0
8.45000000,39.94980679,39.78777443,39.73351764,39.72631981,0,0
8.46000000,39.88695958,39.77212796,39.69006238,39.74214248,0,0
8.47000000,39.82765798,39.76772282,39.68141762,39.73502630,0,0
8.48000000,39.90087994,39.75774902,39.64382694,39.72520611,0,0
8.49000000,39.91076480,39.76312713,39.62745610,39.74965505,0,0
8.50000000,39.90374395,39.75644534,39.63116422,39.75283954,0,0
8.51000000,39.90180411,39.75251967,39.67398240,39.73779648,0,0
8.52000000,39.90080260,39.74989018,39.69223070,39.75819518,0,0
8.53000000,39.92196650,39.79199155,39.68362320,39.74136771,0,0
8.54000000,39.91101705,39.75899088,39.66514172,39.76869099,0,0
8.55000000,39.87745697,39.74777931,39.66859721,39.77474431,0,0
8.56000000,39.85614867,39.72580003,39.68485219,39.73562064,0,0
8.57000000,39.87982025,39.77455822,39.69558712,39.73199745,0,0
8.58000000,39.90183619,39.76636189,39.70636203,39.71267817,0,0
8.59000000,39.89820539,39.74561283,39.70030062,39.73284747,0,0
8.60000000,39.87548746,39.71615389,39.70993326,39.71874281,0,0
8.61000000,39.92596441,39.79377611,39.68427284,39.75238538,0,0
8.62000000,39.92965113,39.75800076,39.67123401,39.77864401,0,0
8.63000000,39.87360255,39.73834261,39.66902478,39.75191504,0,0
8.64000000,39.87566367,39.73604443,39.65953560,39.72425421,0,0
8.65000000,39.90468846,39.78438669,39.67894226,39.69393236,0,0
8.66000000,39.95027739,39.82209696,39.72575468,39.71918004,0,0
8.67000000,39.87861714,39.76022702,39.65026854,39.68106681,0,0
8.68000000,39.77796562,39.72104339,39.72016681,39.74570813,0,0
8.69000000,39.88054676,39.71012933,39.66703771,39.77559309,0,0
8.70000000,39.96337418,39.81481893,39.62836513,39.73672990,0,0
8.71000000,39.94553037,39.77764316,39.67361680,39.74694761,0,0
8.72000000,39.89106638,39.79687667,39.64327903,39.71116641,0,0
8.73000000,39.87301607,39.69047884,39.59721220,39.71477484,0,0
8.74000000,39.85161027,39.78868850,39.66989079,39.71623558,0,0
8.75000000,39.90574776,39.75109378,39.68733041,39.73385622,0,0
8.76000000,39.92049562,39.76686000,39.69444381,39.74962037,0,0
8.77000000,39.82883360,39.70521093,39.66212119,39.75793463,0,0
8.78000000,39.92591615,39.73804085,39.67833500,39.77409677,0,0
8.79000000,39.85214868,39.77997454,39.69508202,39.76119413,0,0
8.80000000,39.87617899,39.76627829,39.67576473,39.73567376,0,0
8.81000000,39.85835094,39.74089573,39.69582013,39.74952798,0,0
8.82000000,39.91319645,39.70691293,39.68872669,39.78327544,0,0
8.83000000,39.86903823,39.69151878,39.67503079,39.69769277,0,0
8.84000000,39.87358024,39.79959016,39.70148161,39.78958058,0,0
8.85000000,39.83698446,39.79226791,39.70787729,39.70376284,0,0
8.86000000,39.88401829,39.75735870,39.65960178,39.66454341,0,0
8.87000000,39.88884709,39.73272538,39.71654022,39.72356124,0,0
8.88000000,39.88216551,39.72372140,39.65124556,39.71013872,0,0
8.89000000,39.87720432,39.79315930,39.68909127,39.72798319,0,0
8.90000000,39.88690782,39.77058428,39.63451655,39.71245697,0,0
8.91000000,39.91599137,39.72601901,39.62730936,39.71147960,0,0
8.92000000,39.88777471,39.70446472,39.64708232,39.74579455,0,0
8.93000000,39.87451530,39.70966436,39.69075971,39.77521657,0,0
8.94000000,39.88204633,39.76157086,39.66232987,39.74424976,0,0
8.95000000,39.84199966,39.76350989,39.67114221,39.74799779,0,0
8.96000000,39.87424602,39.71992552,39.68707752,39.68966971,0,0
8.97000000,39.87406563,39.72246455,39.66454179,39.72663633,0,0
8.98000000,39.88297144,39.68939469,39.69032199,39.72541118,0,0
8.99000000,39.88768102,39.73272956,39.69510107,39.74971166,0,0
9.00000000,39.87906712,39.76570611,39.68907614,39.72496570,0,0
9.01000000,39.91515141,39.75803972,39.66780405,39.71186973,0,0
9.02000000,39.88662523,39.76328893,39.66667512,39.71567971,0,0
9.03000000,39.90664137,39.77162908,39.66332971,39.70864063,0,0
9.04000000,39.88109110,39.80181450,39.69224836,39.70173244,0,0
9.05000000,39.90602635,39.78699949,39.71772658,39.73058036,0,0
9.06000000,39.92822246,39.80348912,39.69082873,39.68783613,0,0
9.07000000,39.93452427,39.73854996,39.69855418,39.75384109,0,0
9.08000000,39.91616630,39.70488340,39.69726811,39.75759617,0,0
9.09000000,39.90805180,39.74845784,39.66962291,39.72255278,0,0
9.10000000,39.90912821,39.80012671,39.67505929,39.75706116,0,0
9.11000000,39.89483370,39.82299820,39.66717360,39.73458993,0,0
9.12000000,39.87154971,39.75901253,39.71771277,39.73908345,0,0
9.13000000,39.92563810,39.72581063,39.71968440,39.74971486,0,0
9.14000000,39.90810867,39.76170637,39.71436210,39.72270660,0,0
9.15000000,39.97240862,39.82089628,39.70489829,39.75358333,0,0
9.16000000,39.89365612,39.80061312,39.68658656,39.73859205,0,0
9.17000000,39.90526147,39.74985678,39.70190509,39.73526293,0,0
9.18000000,39.90102132,39.76584183,39.67598298,39.74931977,0,0
9.19000000,39.95187144,39.78356275,39.65943127,39.70587426,0,0
9.20000000,39.96298190,39.80278583,39.65249947,39.74246220,0,0
9.21000000,39.92010188,39.80574987,39.65336549,39.71748557,0,0
9.22000000,39.91382543,39.77802574,39.67699574,39.69568286,0,0
9.23000000,39.92764995,39.77611212,39.67665470,39.73466191,0,0
9.24000000,39.92640575,39.79673176,39.67332457,39.71613002,0,0
9.25000000,39.86809482,39.77519718,39.63564414,39.70721365,0,0
9.26000000,39.89557057,39.75082327,39.64109420,39.72418557,0,0
9.27000000,39.89438517,39.81250633,39.66079687,39.75427758,0,0
9.28000000,39.92786710,39.80567365,39.67331385,39.75491326,0,0
9.29000000,39.91242993,39.80868776,39.70364983,39.76391603,0,0
9.30000000,39.90479184,39.75664678,39.68268337,39.75313444,0,0
9.31000000,39.91615603,39.75632510,39.68201435,39.73083815,0,0
9.32000000,39.89265642,39.73206631,39.65841447,39.73075792,0,0
9.33000000,39.85896902,39.77886631,39.66877817,39.71051714,0,0
9.34000000,39.83660422,39.78300584,39.63360669,39.70172962,0,0
9.35000000,39.90563262,39.73927244,39.65028668,39.70806355,0,0
9.36000000,39.89865189,39.70677038,39.65862795,39.70581261,0,0
9.37000000,39.86724749,39.72124633,39.70623323,39.74782603,0,0
9.38000000,39.81597742,39.73937376,39.70111873,39.75394525,0,0
9.39000000,39.84442707,39.76055685,39.66280701,39.74681362,0,0
9.40000000,39.88210663,39.77956855,39.64231162,39.69907528,0,0
9.41000000,39.90661857,39.72254514,39.65698006,39.71250122,0,0
9.42000000,39.84349860,39.67026829,39.68339232,39.71097394,0,0
9.43000000,39.82228712,39.67199803,39.71574665,39.71129195,0,0
9.44000000,39.82268432,39.68675342,39.73127678,39.71575465,0,0
9.45000000,39.83951029,39.70897283,39.71437691,39.74642190,0,0
9.46000000,39.83787665,39.73058413,39.72120123,39.68567028,0,0
9.47000000,39.79378917,39.77631477,39.66198101,39.69199139,0,0
9.48000000,39.82776200,39.70444862,39.64654779,39.71864084,0,0
9.49000000,39.83471632,39.69895067,39.64239757,39.66685347,0,0
9.50000000,39.85206401,39.63120776,39.62024705,39.70401300,0,0
9.51000000,39.82480478,39.68926755,39.63694362,39.72373593,0,0
9.52000000,39.84327782,39.72244409,39.64433217,39.74041452,0,0
9.53000000,39.82824396,39.75082486,39.67189536,39.70921940,0,0
9.54000000,39.84110111,39.77551620,39.66403012,39.78399250,0,0
9.55000000,39.85333195,39.71328005,39.63722724,39.76271463,0,0
9.56000000,39.84234803,39.73805466,39.63843169,39.74629302,0,0
9.57000000,39.87721484,39.71411174,39.69105173,39.79245985,0,0
9.58000000,39.88405540,39.72581602,39.69444164,39.75321032,0,0
9.59000000,39.87545972,39.69215281,39.70588326,39.70987939,0,0
9.60000000,39.82010661,39.71144166,39.63299247,39.74399854,0,0
9.61000000,39.86136721,39.74477175,39.62070278,39.72639321,0,0
9.62000000,39.84836243,39.76929796,39.63316998,39.71859538,0,0
9.63000000,39.88878997,39.78283603,39.66228145,39.75790653,0,0
9.64000000,39.81534751,39.74004260,39.65387376,39.71102400,0,0
9.65000000,39.86978830,39.73643695,39.64662123,39.73067810,0,0
9.66000000,39.83582397,39.72999876,39.66987013,39.70394384,0,0
9.67000000,39.85108707,39.71406895,39.67373950,39.74510011,0,0
9.68000000,39.80445580,39.67386324,39.66981578,39.72885235,0,0
9.69000000,39.83099485,39.73410204,39.67600094,39.71053932,0,0
9.70000000,39.91416228,39.75476162,39.65949075,39.75917706,0,0
9.71000000,39.84596503,39.78687135,39.61696197,39.68289471,0,0
9.72000000,39.87252131,39.73199272,39.61874548,39.67709784,0,0
9.73000000,39.81894972,39.69710651,39.58979143,39.63476774,0,0
9.74000000,39.87965784,39.70972609,39.60512393,39.63347470,0,0
9.75000000,39.86301196,39.74287923,39.61040587,39.64463569,0,0
9.76000000,39.83032782,39.75538091,39.57927046,39.62696859,0,0
9.77000000,39.78868545,39.74504624,39.55587787,39.67186067,0,0
9.78000000,39.78865780,39.72653197,39.55966229,39.68814534,0,0
9.79000000,39.83234454,39.71530063,39.59178266,39.72593244,0,0
9.80000000,39.81953387,39.72888488,39.59247047,39.70468531,0,0
9.81000000,39.87553369,39.73109472,39.61481238,39.66319835,0,0
9.82000000,39.84225243,39.72965003,39.61271296,39.66807988,0,0
9.83000000,39.86108112,39.73193189,39.60889474,39.66147393,0,0
9.84000000,39.82408766,39.72628424,39.62476585,39.68496075,0,0
9.85000000,39.77388393,39.72882252,39.63763830,39.70733294,0,0
9.86000000,39.81907552,39.76950101,39.67035589,39.72866034,0,0
9.87000000,39.86571440,39.74505631,39.65351618,39.74031354,0,0
9.88000000,39.97370056,39.79025681,39.68484395,39.74383251,0,0
9.89000000,39.91948664,39.74280471,39.67580025,39.77863988,0,0
9.90000000,39.85088208,39.67699554,39.66052690,39.76204558,0,0
9.91000000,39.79887810,39.71017334,39.64297647,39.74814253,0,0
9.92000000,39.83011837,39.74929920,39.63666022,39.75126551,0,0
9.93000000,39.93729885,39.83117482,39.67112143,39.72742383,0,0
9.94000000,39.89778285,39.78896740,39.62200527,39.70382490,0,0
9.95000000,39.76096989,39.65740271,39.60393893,39.67172961,0,0
9.96000000,39.73746294,39.66802674,39.64844642,39.68636310,0,0
9.97000000,39.90318259,39.81617339,39.71653785,39.72758856,0,0
9.98000000,40.03214499,39.86524698,39.70014987,39.74645510,0,0
9.99000000,39.98928436,39.82555988,39.66879410,39.69479706,0,0
10.00000000,39.80249215,39.66852093,39.59737960,39.69681768,0,0
10.01000000,39.72802243,39.66360318,39.60113687,39.70899082,0,0
10.02000000,39.85602041,39.85358489,39.64544532,39.74635726,0,0
10.03000000,39.97269350,39.89210042,39.62639802,39.72371626,0,0
10.04000000,39.91174266,39.78110577,39.61970545,39.69123821,0,0
10.05000000,39.80870072,39.65900592,39.59092263,39.63307802,0,0
10.06000000,39.76092453,39.63122483,39.57905449,39.66176449,0,0
10.07000000,39.94321563,39.79718018,39.52065596,39.64757065,0,0
10.08000000,39.98930184,39.85053931,39.54851996,39.64196047,0,0
10.09000000,39.79181304,39.70344059,39.49280645,39.66490923,0,0
10.10000000,39.69036326,39.63879641,39.64480631,39.67008583,0,0
10.11000000,39.76663309,39.69126012,39.68498167,39.76675676,0,0
10.12000000,39.94745434,39.84761782,39.69673301,39.74391144,0,0
10.13000000,39.93074190,39.74245782,39.57931331,39.73627691,0,0
10.14000000,39.83879614,39.66994727,39.63389743,39.69040021,0,0
10.15000000,39.71066489,39.63336506,39.70621324,39.77537032,0,0
10.16000000,39.77925151,39.76262413,39.76545241,39.79538948,0,0
10.17000000,39.92631994,39.85010626,39.72749682,39.73870971,0,0
10.18000000,39.87276097,39.81652627,39.53002373,39.64058335,0,0
10.19000000,39.80241594,39.61084704,39.50416376,39.64716955,0,0
10.20000000,39.77151685,39.57734283,39.64001317,39.70724660,0,0
10.21000000,39.84232609,39.67997746,39.78151137,39.76307024,0,0
10.22000000,39.86717015,39.81896161,39.70808145,39.69638516,0,0
10.23000000,39.83972937,39.82373393,39.56573688,39.61084516,0,0
10.24000000,39.77999290,39.68285796,39.56934590,39.63314332,0,0
10.25000000,39.77730705,39.64603940,39.66207202,39.74881607,0,0
10.26000000,39.88459280,39.66728465,39.66181303,39.75285486,0,0
10.27000000,39.86161947,39.80919646,39.61678754,39.66392111,0,0
10.28000000,39.81528314,39.72816575,39.58016008,39.69582908,0,0
10.29000000,39.73459274,39.62793825,39.68242972,39.69474709,0,0
10.30000000,39.84385499,39.74854157,39.70131440,39.77051094,0,0
10.31000000,39.83556261,39.77684495,39.67154757,39.71907904,0,0
10.32000000,39.82438963,39.75656293,39.57794292,39.66383570,0,0
10.33000000,39.75447544,39.66509224,39.51428834,39.69053001,0,0
10.34000000,39.74448929,39.54608459,39.66205500,39.73925812,0,0
10.35000000,39.83872757,39.65797886,39.67234979,39.75406086,0,0
10.36000000,39.87087603,39.75527157,39.61235273,39.65741540,0,0
10.37000000,39.80397999,39.73972204,39.51897772,39.65335190,0,0
10.38000000,39.71635354,39.65028975,39.50890602,39.63113075,0,0
10.39000000,39.80366752,39.68291205,39.59906150,39.71785738,0,0
10.40000000,39.83038913,39.71411887,39.64129004,39.70563962,0,0
10.41000000,39.82135996,39.70411004,39.57281995,39.68703102,0,0
10.42000000,39.77376740,39.67801157,39.52549703,39.63579272,0,0
10.43000000,39.75446593,39.64822334,39.51664558,39.60916685,0,0
10.44000000,39.80207405,39.62401051,39.56741164,39.61100109,0,0
10.45000000,39.82389721,39.66152271,39.54776729,39.65981610,0,0
10.46000000,39.81772492,39.63932346,39.59089441,39.64287359,0,0
10.47000000,39.74310871,39.66839638,39.56062512,39.61079700,0,0
10.48000000,39.76805983,39.61857132,39.57749095,39.63658399,0,0
10.49000000,39.78705347,39.64736530,39.60301498,39.60308439,0,0
10.50000000,39.80045753,39.64054249,39.62369994,39.62144494,0,0
10.51000000,39.80529826,39.65029257,39.62362157,39.66450935,0,0
10.52000000,39.78914267,39.68147987,39.59861808,39.60159269,0,0
10.53000000,39.79604438,39.66876146,39.66572539,39.71699215,0,0
10.54000000,39.78192577,39.65614334,39.64560007,39.72236437,0,0
10.55000000,39.78360247,39.61565892,39.61453772,39.66467844,0,0
10.56000000,39.78087567,39.63772498,39.62173577,39.67175210,0,0
10.57000000,39.79807227,39.66980569,39.58479769,39.64505542,0,0
10.58000000,39.79800467,39.70574021,39.62566826,39.63618698,0,0
10.59000000,39.85573646,39.69030768,39.64703308,39.62654326,0,0
10.60000000,39.84827304,39.67034386,39.63259379,39.64220458,0,0
10.61000000,39.80665952,39.65086562,39.58298339,39.60172883,0,0
10.62000000,39.82179012,39.64192624,39.58763620,39.64156817,0,0
10.63000000,39.80581965,39.71508937,39.58883662,39.67950816,0,0
10.64000000,39.81802651,39.71947061,39.58738846,39.64625669,0,0
10.65000000,39.83216477,39.65352495,39.55741141,39.64624696,0,0
10.66000000,39.81956007,39.64663977,39.56236554,39.65341649,0,0
10.67000000,39.84750829,39.67035202,39.54212846,39.65677627,0,0
10.68000000,39.80000171,39.71800918,39.56446101,39.66545292,0,0
10.69000000,39.83686683,39.72145450,39.55407453,39.62100071,0,0
10.70000000,39.81718529,39.68010869,39.53386869,39.61220343,0,0
10.71000000,39.82274811,39.64697636,39.54205870,39.57783997,0,0
10.72000000,39.79979666,39.66476294,39.53031180,39.57993124,0,0
10.73000000,39.78612302,39.70227061,39.55911807,39.61559716,0,0
10.74000000,39.77895594,39.65651785,39.57134367,39.60993244,0,0
10.75000000,39.80271719,39.63921338,39.59304075,39.63636585,0,0
10.76000000,39.82327590,39.63708794,39.59363196,39.62002009,0,0
10.77000000,39.80785578,39.68641148,39.56999455,39.60709839,0,0
10.78000000,39.78114937,39.67168731,39.54475039,39.62335443,0,0
10.79000000,39.76580175,39.66682032,39.54408681,39.59557493,0,0
10.80000000,39.76197061,39.62668460,39.56038901,39.59891092,0,0
10.81000000,39.75989169,39.62496032,39.54086383,39.60379883,0,0
10.82000000,39.75464301,39.64492715,39.56894962,39.61209365,0,0
10.83000000,39.73744798,39.64738081,39.55562749,39.58069761,0,0
10.84000000,39.77516636,39.64645713,39.53083723,39.61076464,0,0
10.85000000,39.76308053,39.64593617,39.55308484,39.58642973,0,0
10.86000000,39.73659364,39.61558830,39.52140462,39.59883278,0,0
10.87000000,39.69867230,39.62321181,39.54163859,39.63360341,0,0
10.88000000,39.71593453,39.65135454,39.55483261,39.60025188,0,0
10.89000000,39.75395201,39.63052891,39.54465167,39.61532180,0,0
10.90000000,39.74956592,39.58639512,39.56500852,39.64011015,0,0
10.91000000,39.75654120,39.60363221,39.55836443,39.65522493,0,0
10.92000000,39.72607370,39.64099082,39.60520008,39.66156735,0,0
10.93000000,39.72979080,39.65374031,39.59479867,39.67638976,0,0
10.94000000,39.76711581,39.64410496,39.56804486,39.65326828,0,0
10.95000000,39.75892651,39.59462808,39.57117829,39.65768330,0,0
10.96000000,39.75903361,39.58474226,39.54463219,39.67145897,0,0
10.97000000,39.74379115,39.67199599,39.56370899,39.66623505,0,0
10.98000000,39.74207002,39.68201807,39.56467409,39.66390789,0,0
10.99000000,39.77807885,39.66519716,39.58554729,39.64659434,0,0
11.00000000,39.81942503,39.61072218,39.59289016,39.61770140,0,0
11.01000000,39.78647982,39.63108955,39.59840301,39.64573804,0,0
11.02000000,39.75393180,39.60854782,39.58058413,39.62731241,0,0
11.03000000,39.76596688,39.61579658,39.59004841,39.61541591,0,0
11.04000000,39.79116445,39.58547788,39.55460313,39.58973113,0,0
11.05000000,39.78536505,39.58543690,39.58964073,39.59465244,0,0
11.06000000,39.76478397,39.64942155,39.58047051,39.59125008,0,0
11.07000000,39.73955867,39.68524301,39.60059525,39.55969030,0,0
11.08000000,39.74952267,39.69248104,39.56237959,39.59301583,0,0
11.09000000,39.75252643,39.60213780,39.54405503,39.57832987,0,0
11.10000000,39.82903444,39.60196521,39.54837020,39.57208968,0,0
11.11000000,39.87355355,39.65381131,39.54912371,39.60341469,0,0
11.12000000,39.78593606,39.68171000,39.54339062,39.57956086,0,0
11.13000000,39.71756379,39.68629893,39.51828041,39.56231372,0,0
11.14000000,39.68196273,39.60555344,39.51502655,39.57810535,0,0
11.15000000,39.76319586,39.60778856,39.50014502,39.57742967,0,0
11.16000000,39.81778467,39.55420482,39.51268238,39.58098382,0,0
11.17000000,39.79250394,39.62929538,39.50591772,39.58943762,0,0
11.18000000,39.71523209,39.67859380,39.45418524,39.52242946,0,0
11.19000000,39.69085681,39.65349872,39.48443504,39.56090876,0,0
11.20000000,39.75148789,39.63282612,39.47967420,39.62666820,0,0
11.21000000,39.79888676,39.58772822,39.49909964,39.61586585,0,0
11.22000000,39.73758079,39.57581806,39.50653608,39.67287601,0,0
11.23000000,39.70931880,39.60698083,39.53117098,39.65067164,0,0
11.24000000,39.69318386,39.63526686,39.50467539,39.65930337,0,0
11.25000000,39.76181197,39.66763531,39.54191902,39.63246299,0,0
11.26000000,39.75319089,39.64083606,39.55446933,39.56566888,0,0
11.27000000,39.75528171,39.58900998,39.57240916,39.57272233,0,0
11.28000000,39.83759656,39.63867839,39.52575244,39.55816356,0,0
11.29000000,39.74309541,39.63387206,39.53062079,39.57421199,0,0
11.30000000,39.71849534,39.65132847,39.48523479,39.54610702,0,0
11.31000000,39.65035394,39.62516359,39.49440850,39.54470824,0,0
11.32000000,39.71349512,39.60611218,39.49681846,39.53406989,0,0
11.33000000,39.75076619,39.59111348,39.52699570,39.54109168,0,0
11.34000000,39.74285724,39.55215947,39.56303832,39.61498855,0,0
11.35000000,39.70912792,39.56299044,39.59150478,39.63758480,0,0
11.36000000,39.74685505,39.59020264,39.57400153,39.65214318,0,0
11.37000000,39.75074923,39.66737797,39.59534440,39.61741457,0,0
11.38000000,39.74699318,39.58337498,39.57460851,39.62338440,0,0
11.39000000,39.69632778,39.54672559,39.57542019,39.58830487,0,0
11.40000000,39.72234069,39.55349630,39.53039176,39.57153737,0,0
11.41000000,39.71483249,39.59364988,39.57231478,39.59511236,0,0
11.42000000,39.68894737,39.64279633,39.55704700,39.56089546,0,0
11.43000000,39.64956615,39.59429463,39.56654687,39.56214923,0,0
11.44000000,39.64613500,39.59402999,39.53167482,39.55741097,0,0
11.45000000,39.73184702,39.57297510,39.49432088,39.56033023,0,0
11.46000000,39.77096450,39.61900548,39.45097467,39.57733646,0,0
11.47000000,39.72216762,39.60611975,39.42033853,39.56159488,0,0
11.48000000,39.65565692,39.55205056,39.41302348,39.53003227,0,0
11.49000000,39.66674205,39.55408832,39.43788142,39.52921833,0,0
11.50000000,39.73714345,39.58950893,39.49736705,39.54774936,0,0
11.51000000,39.74658784,39.57712613,39.56876275,39.60781116,0,0
11.52000000,39.70698858,39.56603422,39.52303957,39.61503519,0,0
11.53000000,39.67479819,39.56103289,39.48130701,39.62125033,0,0
11.54000000,39.64655444,39.53502867,39.49607777,39.64736506,0,0
11.55000000,39.70307428,39.61444146,39.50340729,39.59857084,0,0
11.56000000,39.75636039,39.60887858,39.52380058,39.60707132,0,0
11.57000000,39.74996117,39.59183260,39.48980302,39.62333503,0,0
11.58000000,39.72756956,39.61558833,39.52031034,39.62689766,0,0
11.59000000,39.71354982,39.65713338,39.54137581,39.62661046,0,0
11.60000000,39.72172227,39.66147730,39.55826923,39.62707752,0,0
11.61000000,39.75485435,39.60839477,39.58044092,39.56159340,0,0
11.62000000,39.76940965,39.57870888,39.58347414,39.56307990,0,0
11.63000000,39.76390733,39.58434861,39.58140819,39.53425931,0,0
11.64000000,39.77799296,39.65030074,39.58667893,39.56578743,0,0
11.65000000,39.77034475,39.65758286,39.53763142,39.56969308,0,0
11.66000000,39.76131163,39.65922527,39.53244610,39.55023163,0,0
11.67000000,39.76576793,39.63672626,39.53983721,39.58627237,0,0
11.68000000,39.78229045,39.63422425,39.53866916,39.61305174,0,0
11.69000000,39.75153833,39.64618427,39.51684771,39.60796579,0,0
11.70000000,39.75916941,39.69701350,39.49450483,39.60168917,0,0
11.71000000,39.80465286,39.65824177,39.46797851,39.56662882,0,0
11.72000000,39.73894268,39.59816257,39.49406570,39.53429870,0,0
11.73000000,39.79366347,39.58238229,39.53644077,39.59640690,0,0
11.74000000,39.71876617,39.57634068,39.55276899,39.59272586,0,0
11.75000000,39.75969452,39.64436566,39.51645444,39.56453020,0,0
11.76000000,39.72341019,39.63177843,39.47031673,39.57211724,0,0
11.77000000,39.70944811,39.60088481,39.43066339,39.45200346,0,0
11.78000000,39.71058521,39.57834459,39.41277824,39.47394397,0,0
11.79000000,39.73302681,39.53350792,39.45089011,39.53379451,0,0
11.80000000,39.72421282,39.61836407,39.47267955,39.51729545,0,0
11.81000000,39.68016976,39.54389040,39.43191116,39.55221276,0,0
11.82000000,39.65837451,39.55376723,39.44865588,39.61991703,0,0
11.83000000,39.65812810,39.61923587,39.42672639,39.56662958,0,0
11.84000000,39.72636778,39.59474348,39.45407040,39.57382982,0,0
11.85000000,39.73785148,39.55971940,39.50981803,39.57417061,0,0
11.86000000,39.70044205,39.53005896,39.48623905,39.51695120,0,0
11.87000000,39.66984051,39.56147403,39.53344822,39.56866170,0,0
11.88000000,39.69019585,39.57648879,39.51138055,39.55253600,0,0
11.89000000,39.69075170,39.57289792,39.57165368,39.55411069,0,0
11.90000000,39.73317429,39.61418788,39.53416100,39.56075578,0,0
11.91000000,39.71328384,39.57621964,39.56083081,39.60551761,0,0
11.92000000,39.67291309,39.69967640,39.50787796,39.58380547,0,0
11.93000000,39.71697657,39.55891387,39.54830163,39.66895068,0,0
11.94000000,39.60850956,39.52946218,39.55715199,39.65828401,0,0
11.95000000,39.77596386,39.52372896,39.59421237,39.63922554,0,0
11.96000000,39.75387380,39.57595276,39.63452097,39.69645463,0,0
11.97000000,39.80904821,39.68692603,39.63651473,39.70883107,0,0
11.98000000,39.67725429,39.66747531,39.60743503,39.70473966,0,0
11.99000000,39.72483194,39.63781102,39.60605588,39.65121293,0,0
12.00000000,39.79482423,39.62445639,39.58265530,39.64061649,0,0
12.01000000,39.81675404,39.65460265,39.57659675,39.65797056,0,0
12.02000000,39.88907234,39.71353120,39.59196612,39.59145373,0,0
12.03000000,39.76190153,39.63152363,39.54012466,39.58924409,0,0
12.04000000,39.80388542,39.67426526,39.51860427,39.60013504,0,0
12.05000000,39.79512330,39.70775607,39.46426221,39.55899230,0,0
12.06000000,39.84863243,39.71646809,39.49389329,39.60509687,0,0
12.07000000,39.82526085,39.70044204,39.49457650,39.56668702,0,0
12.08000000,39.82371870,39.67515862,39.49371932,39.52778690,0,0
12.09000000,39.76106253,39.64627661,39.46401368,39.49520438,0,0
12.10000000,39.79280984,39.63862726,39.44513722,39.51461116,0,0
12.11000000,39.79026443,39.64945023,39.48103631,39.44353699,0,0
12.12000000,39.84177285,39.63805135,39.51564285,39.49841130,0,0
12.13000000,39.80640376,39.62717502,39.56508206,39.56981477,0,0
12.14000000,39.76167139,39.64581225,39.55867078,39.55099460,0,0
12.15000000,39.70732453,39.64530212,39.51611356,39.65060074,0,0
12.16000000,39.70145310,39.63297600,39.52672194,39.58730276,0,0
12.17000000,39.75246205,39.62247849,39.50765475,39.52964537,0,0
12.18000000,39.76320997,39.59610901,39.55249046,39.56999592,0,0
12.19000000,39.76183329,39.57733783,39.54325556,39.55894316,0,0
12.20000000,39.71192771,39.58677865,39.53386792,39.57253455,0,0
12.21000000,39.74993755,39.61845178,39.47446430,39.56301855,0,0
12.22000000,39.69671700,39.62349941,39.47185036,39.56265620,0,0
12.23000000,39.69675408,39.59639853,39.47879399,39.56762289,0,0
12.24000000,39.66847264,39.57158848,39.48735764,39.55245019,0,0
12.25000000,39.69817815,39.57566458,39.51071081,39.59415658,0,0
12.26000000,39.73276823,39.57589402,39.50592116,39.57493644,0,0
12.27000000,39.71507294,39.58199894,39.48030812,39.55688589,0,0
12.28000000,39.68117066,39.53266628,39.52761364,39.60803930,0,0
12.29000000,39.69515110,39.54680244,39.54169575,39.65733460,0,0
12.30000000,39.63344086,39.58033781,39.54898250,39.65092962,0,0
12.31000000,39.65789481,39.57748796,39.52066850,39.66690739,0,0
12.32000000,39.64922609,39.51924420,39.51607179,39.63548689,0,0
12.33000000,39.69848226,39.51149759,39.51645320,39.62021154,0,0
12.34000000,39.70743426,39.55568534,39.57644399,39.61216619,0,0
12.35000000,39.69982480,39.62318445,39.61095771,39.62896564,0,0
12.36000000,39.68543693,39.63715460,39.61486936,39.62531894,0,0
12.37000000,39.65194446,39.56300601,39.57589844,39.60675779,0,0
12.38000000,39.66415574,39.56707954,39.54144268,39.61296189,0,0
12.39000000,39.71989438,39.54000042,39.54335768,39.58189135,0,0
12.40000000,39.75791687,39.61154944,39.53429359,39.59366738,0,0
12.41000000,39.73106614,39.61849207,39.55383425,39.57768586,0,0
12.42000000,39.71874396,39.60072323,39.57277711,39.57933298,0,0
12.43000000,39.73814688,39.61485512,39.56857982,39.55982748,0,0
12.44000000,39.76161453,39.66807988,39.57347260,39.57058840,0,0
12.45000000,39.75000048,39.63610506,39.52546644,39.56715626,0,0
12.46000000,39.74890654,39.63914934,39.49770086,39.56509374,0,0
12.47000000,39.75706563,39.64299403,39.51740185,39.57321519,0,0
12.48000000,39.80550091,39.61196570,39.53302975,39.58641487,0,0
12.49000000,39.78466670,39.60131407,39.55520877,39.60088973,0,0
12.50000000,39.75986542,39.60227633,39.55211279,39.61782206,0,0
12.51000000,39.70958090,39.67330594,39.57321040,39.64022647,0,0
12.52000000,39.75091954,39.66667456,39.54702524,39.62574708,0,0
12.53000000,39.79225817,39.66004319,39.52084008,39.61126769,0,0
12.54000000,39.82027647,39.64705563,39.47952985,39.61516744,0,0
12.55000000,39.79573352,39.61291463,39.48517817,39.54312869,0,0
12.56000000,39.75020242,39.67406571,39.51231136,39.55485585,0,0
12.57000000,39.72550891,39.64834970,39.48058591,39.57198173,0,0
12.58000000,39.71268757,39.63284628,39.48384223,39.59270275,0,0
12.59000000,39.69215617,39.59894765,39.45194374,39.60880164,0,0
12.60000000,39.71714766,39.59502880,39.42327054,39.52853879,0,0
12.61000000,39.73138278,39.63983627,39.38503494,39.59024950,0,0
12.62000000,39.73925688,39.61691121,39.40953446,39.55125382,0,0
12.63000000,39.73155052,39.57889701,39.40463426,39.49547400,0,0
12.64000000,39.75266327,39.69061230,39.47134716,39.54191545,0,0
12.65000000,39.69813790,39.60486208,39.41914227,39.51300931,0,0
12.66000000,39.71659725,39.63651991,39.46889635,39.51142673,0,0
12.67000000,39.74670686,39.56289078,39.40518040,39.57885931,0,0
12.68000000,39.72112567,39.55377470,39.46143176,39.57128799,0,0
12.69000000,39.73099242,39.55874474,39.48805801,39.57487206,0,0
12.70000000,39.68877416,39.57802902,39.49935475,39.59577896,0,0
12.71000000,39.67137413,39.61658718,39.52816391,39.54417874,0,0
12.72000000,39.61796903,39.55595205,39.53601032,39.56643351,0,0
12.73000000,39.76515628,39.59088646,39.51842661,39.57439249,0,0
12.74000000,39.69511791,39.55001868,39.53049486,39.60474841,0,0
12.75000000,39.68805443,39.58382299,39.53554030,39.57809731,0,0
12.76000000,39.60654843,39.56208122,39.56858851,39.57825407,0,0
12.77000000,39.64450159,39.59627090,39.61489320,39.61885590,0,0
12.78000000,39.66151296,39.58361906,39.64129573,39.58896786,0,0
12.79000000,39.72413745,39.58947422,39.64938201,39.66809529,0,0
12.80000000,39.70807876,39.55888642,39.62547807,39.65187059,0,0
12.81000000,39.68912112,39.60757980,39.60991378,39.65636349,0,0
12.82000000,39.72581843,39.60294696,39.56571101,39.67216054,0,0
12.83000000,39.70777779,39.66400032,39.51300770,39.59705849,0,0
12.84000000,39.73194557,39.61911702,39.49285934,39.58460725,0,0
12.85000000,39.72512922,39.60426712,39.46260575,39.60861041,0,0
12.86000000,39.72415610,39.62534571,39.41618551,39.54067117,0,0
12.87000000,39.73828392,39.63243637,39.43761228,39.65217653,0,0
12.88000000,39.73708456,39.62993030,39.40162961,39.60904098,0,0
12.89000000,39.72301858,39.60740518,39.44401541,39.60309958,0,0
12.90000000,39.69521611,39.57827451,39.46328670,39.60846065,0,0
12.91000000,39.72858586,39.60743197,39.45598949,39.58926679,0,0
12.92000000,39.72787727,39.67672463,39.46152921,39.55990838,0,0
12.93000000,39.65015534,39.59137214,39.46340544,39.53951984,0,0
12.94000000,39.71644344,39.63773311,39.44778865,39.55139972,0,0
12.95000000,39.72177269,39.55513572,39.48628594,39.52502593,0,0
12.96000000,39.75313059,39.53926383,39.53729026,39.57169869,0,0
12.97000000,39.70292668,39.60912854,39.54531412,39.59169130,0,0
12.98000000,39.65363678,39.58892832,39.51800864,39.56538081,0,0
12.99000000,39.65695200,39.61491808,39.49906977,39.55184818,0,0
13.00000000,39.70068300,39.57485343,39.49448218,39.56365605,0,0
13.01000000,39.73257047,39.58671597,39.46685544,39.53860843,0,0
13.02000000,39.67867486,39.55117269,39.46646393,39.55159401,0,0
13.03000000,39.64682700,39.60678921,39.46305827,39.52947013,0,0
13.04000000,39.65588384,39.57635551,39.47874912,39.55013573,0,0
13.05000000,39.68678785,39.56379246,39.49089485,39.50208843,0,0
13.06000000,39.64827330,39.54074904,39.47494943,39.54279449,0,0
13.07000000,39.56591410,39.54067206,39.46840818,39.56762002,0,0
13.08000000,39.59945783,39.58229991,39.47531949,39.54138310,0,0
13.09000000,39.71888213,39.56954410,39.49592683,39.56565858,0,0
13.10000000,39.77388084,39.47377962,39.49485234,39.58073701,0,0
13.11000000,39.72054925,39.44440286,39.50454570,39.54294657,0,0
13.12000000,39.69300490,39.61252997,39.50590607,39.59005919,0,0
13.13000000,39.61241387,39.67726960,39.49229064,39.56877808,0,0
13.14000000,39.63757358,39.62387559,39.49012641,39.52624456,0,0
13.15000000,39.64706784,39.54843376,39.47415118,39.60772641,0,0
13.16000000,39.67684941,39.42769493,39.43074543,39.55160702,0,0
13.17000000,39.67884484,39.53547032,39.45059208,39.62082709,0,0
13.18000000,39.67382059,39.53662868,39.50380215,39.62605895,0,0
13.19000000,39.67173485,39.61222013,39.53792066,39.61263607,0,0
13.20000000,39.68951708,39.56044107,39.54505478,39.61157418,0,0
13.21000000,39.66079202,39.51959996,39.52457177,39.59041043,0,0
13.22000000,39.67392535,39.59878853,39.52150778,39.60080015,0,0
13.23000000,39.67792197,39.58335582,39.54365981,39.58171606,0,0
13.24000000,39.71738562,39.63843381,39.55202859,39.59141693,0,0
13.25000000,39.70395226,39.58308080,39.57791899,39.55308017,0,0
13.26000000,39.75987482,39.58917476,39.58347387,39.58500163,0,0
13.27000000,39.73519327,39.60251157,39.55932461,39.61031432,0,0
13.28000000,39.73970875,39.67071249,39.54012106,39.60384927,0,0
13.29000000,39.75132263,39.71132591,39.46492506,39.61683200,0,0
13.30000000,39.74781310,39.62277500,39.45408795,39.60458748,0,0
13.31000000,39.74746887,39.57699605,39.37221561,39.56313549,0,0
13.32000000,39.75967826,39.65647462,39.44811598,39.52299192,0,0
13.33000000,39.73898020,39.67405576,39.49913966,39.52402872,0,0
13.34000000,39.76667732,39.70019008,39.48717282,39.47446577,0,0
13.35000000,39.74700102,39.62841339,39.54216355,39.60435706,0,0
13.36000000,39.76618365,39.62734620,39.54652211,39.65451789,0,0
13.37000000,39.75102838,39.66450994,39.51076355,39.59466143,0,0
13.38000000,39.76794257,39.69585107,39.51512105,39.68641569,0,0
13.39000000,39.77949754,39.64538307,39.50427638,39.63719781,0,0
13.40000000,39.78681881,39.64506491,39.49564579,39.67761770,0,0
13.41000000,39.84939915,39.64174825,39.54682307,39.59139147,0,0
13.42000000,39.82544329,39.71141389,39.53847493,39.67894465,0,0
13.43000000,39.76712311,39.73296227,39.59074343,39.62980778,0,0
13.44000000,39.75835550,39.73487126,39.46455863,39.59783566,0,0
13.45000000,39.79963058,39.68499236,39.50956865,39.63259626,0,0
13.46000000,39.84710704,39.64329059,39.48566494,39.57808610,0,0
13.47000000,39.82578423,39.71239328,39.50549688,39.56504926,0,0
13.48000000,39.75153667,39.73414943,39.47589588,39.60431306,0,0
13.49000000,39.80255855,39.70279612,39.53305815,39.55842700,0,0
13.50000000,39.83148620,39.73006204,39.55052934,39.61747355,0,0
13.51000000,39.89133609,39.67021091,39.56951490,39.59131925,0,0
13.52000000,39.77444848,39.64154154,39.59390699,39.67385745,0,0
13.53000000,39.81729560,39.69156278,39.58055620,39.62882312,0,0
13.54000000,39.74475119,39.71374879,39.58990633,39.58348157,0,0
13.55000000,39.81301532,39.67083759,39.62321497,39.65625166,0,0
13.56000000,39.79036064,39.61368041,39.60174232,39.65343475,0,0
13.57000000,39.68555939,39.68499151,39.59815136,39.65422304,0,0
13.58000000,39.78751533,39.69464866,39.58577569,39.68391026,0,0
13.59000000,39.72412248,39.66175064,39.56691032,39.65871185,0,0
13.60000000,39.80595402,39.66046610,39.54323445,39.66688903,0,0
13.61000000,39.77472265,39.64317104,39.53933585,39.62526553,0,0
13.62000000,39.79723477,39.70279510,39.54351970,39.64871043,0,0
13.63000000,39.75434537,39.70910426,39.54821445,39.62829592,0,0
13.64000000,39.82212192,39.66984664,39.54630361,39.62713805,0,0
13.65000000,39.81657971,39.67553372,39.61991457,39.65664802,0,0
13.66000000,39.80321780,39.58136576,39.53779321,39.63516941,0,0
13.67000000,39.80545575,39.71488251,39.59336944,39.64459645,0,0
13.68000000,39.77935933,39.72878789,39.55802568,39.68607188,0,0
13.69000000,39.75225522,39.69641859,39.54463692,39.62016438,0,0
13.70000000,39.79439080,39.66957515,39.54489438,39.66372141,0,0
13.71000000,39.78255319,39.62914329,39.55736007,39.70175816,0,0
13.72000000,39.73976643,39.62218182,39.55922717,39.65655222,0,0
13.73000000,39.72119341,39.66017445,39.62602493,39.74406109,0,0
13.74000000,39.73179022,39.64889316,39.65021373,39.74474398,0,0
13.75000000,39.76966555,39.67206862,39.65251444,39.72864751,0,0
13.76000000,39.79574666,39.65304485,39.72147428,39.72496610,0,0
13.77000000,39.79469167,39.67320313,39.69248573,39.72477762,0,0
13.78000000,39.76928422,39.67775342,39.72261870,39.73693510,0,0
13.79000000,39.77036696,39.69217774,39.73205868,39.71845414,0,0
13.80000000,39.80059845,39.77001795,39.65865709,39.75797250,0,0
13.81000000,39.83107336,39.72614161,39.63466414,39.73659490,0,0
13.82000000,39.83717802,39.70401541,39.59633639,39.68333520,0,0
13.83000000,39.81985212,39.67903981,39.55183305,39.68613912,0,0
13.84000000,39.85207144,39.69542494,39.52627686,39.68551423,0,0
13.85000000,39.86821267,39.70913285,39.53938936,39.68224095,0,0
13.86000000,39.83170724,39.71544754,39.55498754,39.65597834,0,0
13.87000000,39.83116192,39.69110018,39.58064683,39.62968355,0,0
13.88000000,39.84246664,39.69519446,39.60394086,39.67510207,0,0
13.89000000,39.85012350,39.73235834,39.60182666,39.66190486,0,0
13.90000000,39.86686714,39.71634915,39.62533572,39.63950110,0,0
13.91000000,39.84961408,39.71580175,39.64284537,39.68705326,0,0
13.92000000,39.83097717,39.72452532,39.66890025,39.67922672,0,0
13.93000000,39.81388765,39.70370843,39.67395091,39.66828790,0,0
13.94000000,39.81068306,39.70898006,39.68110601,39.72415273,0,0
13.95000000,39.80848011,39.74370550,39.62663461,39.66431079,0,0
13.96000000,39.87115410,39.78884335,39.62492671,39.68189727,0,0
13.97000000,39.87906245,39.73826143,39.61905097,39.70086215,0,0
13.98000000,39.91603839,39.76427893,39.62915256,39.66437663,0,0
13.99000000,39.86220645,39.70174061,39.63158800,39.65377873,0,0
14.00000000,39.90716850,39.74601425,39.64300960,39.64211606,0,0
14.01000000,39.85662410,39.78648452,39.58592772,39.65511054,0,0
14.02000000,39.90457078,39.76802616,39.62508612,39.67570041,0,0
14.03000000,39.88273061,39.74325775,39.58830916,39.72349165,0,0
14.04000000,39.88657978,39.73723643,39.62533539,39.74916681,0,0
14.05000000,39.88182096,39.77234620,39.60470789,39.73187588,0,0
14.06000000,39.90582869,39.76163428,39.64715395,39.74607870,0,0
14.07000000,39.89782876,39.77777785,39.60832833,39.71951131,0,0
14.08000000,39.88884243,39.74287234,39.64343317,39.72546641,0,0
14.09000000,39.88425548,39.76936883,39.63311116,39.73951206,0,0
14.10000000,39.87494056,39.77862997,39.66434448,39.71884027,0,0
14.11000000,39.89890532,39.77615868,39.67801928,39.71175034,0,0
14.12000000,39.90160692,39.76741861,39.69614384,39.73139034,0,0
14.13000000,39.90547816,39.75956364,39.71030101,39.76003012,0,0
14.14000000,39.92883760,39.80253615,39.75624046,39.73676069,0,0
14.15000000,39.85145209,39.77978556,39.70524047,39.71789672,0,0
14.16000000,39.88331614,39.79482218,39.70078658,39.73399941,0,0
14.17000000,39.83517842,39.74592297,39.67415495,39.71072676,0,0
14.18000000,39.88743470,39.76152149,39.64721934,39.72360530,0,0
14.19000000,39.87198192,39.78560085,39.63546388,39.81937179,0,0
14.20000000,39.89425010,39.84160606,39.65712756,39.71495625,0,0
14.21000000,39.90944039,39.77253214,39.65281513,39.78700933,0,0
14.22000000,39.89464083,39.76451859,39.62400612,39.70473952,0,0
14.23000000,39.86751813,39.79420148,39.69196220,39.74086456,0,0
14.24000000,39.87767718,39.79409859,39.64633555,39.75949736,0,0
14.25000000,39.89466499,39.81643392,39.65012950,39.77026851,0,0
14.26000000,39.85372086,39.77698966,39.66913367,39.76355445,0,0
14.27000000,39.93626001,39.76658780,39.65841614,39.77119048,0,0
14.28000000,39.91718100,39.71897430,39.68978159,39.80962022,0,0
14.29000000,39.88450581,39.81387983,39.69270990,39.76466747,0,0
14.30000000,39.83992974,39.76495969,39.68640485,39.79585268,0,0
14.31000000,39.85120147,39.76612229,39.66197741,39.75144549,0,0
14.32000000,39.86789228,39.75182749,39.68717669,39.79444117,0,0
14.33000000,39.92625019,39.76004332,39.67179633,39.80170897,0,0
14.34000000,39.87430092,39.80363424,39.72304257,39.78814741,0,0
14.35000000,39.82429828,39.82372508,39.71665268,39.80675389,0,0
14.36000000,39.85761255,39.77996508,39.74952994,39.78740684,0,0
14.37000000,39.92207983,39.75943009,39.76533282,39.78636481,0,0
14.38000000,39.98219092,39.76871903,39.75818391,39.79108819,0,0
14.39000000,39.94289231,39.80305737,39.77466186,39.77112281,0,0
14.40000000,39.89820336,39.82005691,39.71942810,39.78519458,0,0
14.41000000,39.90655188,39.82431275,39.75183158,39.80801565,0,0
14.42000000,39.98077917,39.83382537,39.73908789,39.77654281,0,0
14.43000000,39.99028188,39.79802139,39.74006577,39.82957546,0,0
14.44000000,39.95247739,39.83645144,39.74666986,39.80450556,0,0
14.45000000,39.93893324,39.84900145,39.72858796,39.79467812,0,0
14.46000000,39.95737038,39.85476936,39.73321703,39.83000036,0,0
14.47000000,39.93289843,39.84653928,39.72717552,39.82902850,0,0
14.48000000,39.94449892,39.77781961,39.75120777,39.82547465,0,0
14.49000000,39.99543668,39.85269605,39.74090346,39.83258079,0,0
14.50000000,39.99330640,39.85870034,39.76686817,39.84871611,0,0
14.51000000,40.01369283,39.85218741,39.75259443,39.83356703,0,0
14.52000000,39.96444360,39.83732009,39.76111964,39.82315106,0,0
14.53000000,40.01142042,39.83460060,39.74198478,39.78182559,0,0
14.54000000,40.00307933,39.86693827,39.75275671,39.78133826,0,0
14.55000000,39.98261321,39.85248364,39.73619467,39.76829064,0,0
14.56000000,39.97611162,39.85071165,39.73462219,39.77574986,0,0
14.57000000,39.96525968,39.83704297,39.67168229,39.79686283,0,0
14.58000000,40.02036090,39.86474067,39.67221766,39.81829777,0,0
14.59000000,40.00721013,39.85212487,39.67856890,39.81376430,0,0
14.60000000,39.97689456,39.87760211,39.69182264,39.80314481,0,0
14.61000000,39.96170765,39.86695613,39.71197821,39.78100036,0,0
14.62000000,39.98013706,39.85215624,39.70921673,39.79803401,0,0
14.63000000,40.01296476,39.82630572,39.72685818,39.78353875,0,0
14.64000000,40.00600017,39.82290436,39.72551498,39.80141717,0,0
14.65000000,39.97873004,39.84910274,39.76296228,39.82989695,0,0
14.66000000,39.92316423,39.86343220,39.78961222,39.82525648,0,0
14.67000000,39.92968013,39.84886914,39.78073366,39.84979819,0,0
14.68000000,39.96550507,39.82677192,39.78715686,39.84692337,0,0
14.69000000,40.01436732,39.83898354,39.76872940,39.84936701,0,0
14.70000000,40.01711843,39.83809212,39.70182846,39.85516266,0,0
14.71000000,39.99723690,39.85962673,39.73111649,39.84441316,0,0
14.72000000,39.97310352,39.88285374,39.80022802,39.85741487,0,0
14.73000000,39.99686825,39.85649461,39.79665696,39.85426835,0,0
14.74000000,40.02732239,39.83177871,39.81630144,39.84078487,0,0
14.75000000,40.03409404,39.87383482,39.79603963,39.86030941,0,0
14.76000000,40.02865710,39.85661591,39.83088835,39.85816995,0,0
14.77000000,39.98574801,39.87481925,39.83232411,39.83167081,0,0
14.78000000,39.97500798,39.86259445,39.83370745,39.84385695,0,0
14.79000000,40.01091060,39.87033071,39.86570982,39.83906391,0,0
14.80000000,40.01772271,39.88450743,39.85923919,39.82775964,0,0
14.81000000,40.02025927,39.86136321,39.82065013,39.87119917,0,0
14.82000000,40.02778628,39.89522566,39.81182956,39.81680432,0,0
14.83000000,40.02522720,39.87913777,39.79612809,39.85504462,0,0
14.84000000,40.05438113,39.90794268,39.81396383,39.85137110,0,0
14.85000000,39.98590708,39.88838660,39.80730453,39.84729679,0,0
14.86000000,39.97655431,39.82416131,39.85535624,39.85186011,0,0
14.87000000,40.01641857,39.92597465,39.86554865,39.87418670,0,0
14.88000000,40.06230261,39.92383384,39.90409380,39.88576984,0,0
14.89000000,40.08853252,39.96545090,39.81174139,39.89563036,0,0
14.90000000,40.06378654,39.95352651,39.79323284,39.90505160,0,0
14.91000000,40.06444647,39.88467407,39.80289706,39.89729253,0,0
14.92000000,40.07143404,39.89720912,39.79301231,39.88651021,0,0
14.93000000,40.00325782,39.88679190,39.80091224,39.90591585,0,0
14.94000000,39.96765458,39.92427891,39.80329991,39.87174724,0,0
14.95000000,40.01084745,39.91153643,39.78860062,39.92501317,0,0
14.96000000,40.07472822,39.93469592,39.79729349,39.89876524,0,0
14.97000000,40.09081963,39.87735618,39.82246891,39.86570462,0,0
14.98000000,40.05447381,39.88039611,39.82151301,39.92926155,0,0
14.99000000,40.06754608,39.90192467,39.85361118,39.87616981,0,0
15.00000000,39.99621113,39.94018028,39.84696793,39.88255029,0,0
15.01000000,40.06044331,39.89945812,39.79044359,39.86042237,0,0
15.02000000,40.01473775,39.86877935,39.82344739,39.84457897,0,0
15.03000000,40.06665954,39.84950569,39.80855532,39.87788616,0,0
15.04000000,40.03576015,39.90553639,39.86897579,39.88681399,0,0
15.05000000,40.07616462,39.97513233,39.85524554,39.92438783,0,0
15.06000000,40.03697846,39.94671549,39.85280117,39.88250098,0,0
15.07000000,40.02952790,39.88531669,39.85618227,39.83106067,0,0
15.08000000,40.01011833,39.88056667,39.79246551,39.86424798,0,0
15.09000000,40.10576235,39.93334116,39.81356916,39.84022267,0,0
15.10000000,40.06664715,39.96889400,39.83661812,39.93724509,0,0
15.11000000,40.04816346,39.92368320,39.85703359,39.88087184,0,0
15.12000000,40.03731626,39.92295109,39.87263916,39.91746704,0,0
15.13000000,40.06945117,39.91840305,39.94482705,39.93146320,0,0
15.14000000,40.08054768,39.97070353,39.93418937,39.93180805,0,0
15.15000000,40.09392435,39.96580767,39.96455349,39.95372102,0,0
15.16000000,40.07008989,39.91137877,39.83996042,39.95629534,0,0
15.17000000,40.11203075,39.93450903,39.90217013,39.98031617,0,0
15.18000000,40.13023297,39.96702166,39.87200009,39.98911548,0,0
15.19000000,40.12469487,40.00786701,39.94275216,40.00572144,0,0
15.20000000,40.07636466,39.97582043,39.90833192,39.99782577,0,0
15.21000000,40.07670291,40.00214166,39.94525221,39.99585756,0,0
15.22000000,40.10848467,39.98816917,39.89961799,39.98591948,0,0
15.23000000,40.16032186,40.00710146,39.90520760,39.99488982,0,0
15.24000000,40.14208906,40.00574210,39.88609749,39.98372492,0,0
15.25000000,40.12334879,40.01238491,39.88946026,39.96018525,0,0
15.26000000,40.10672304,40.02937357,39.90153879,39.98654272,0,0
15.27000000,40.12304117,40.05830172,39.89882418,39.93745991,0,0
15.28000000,40.15306196,40.01418930,39.87734414,39.95390530,0,0
15.29000000,40.12604478,39.98490400,39.85955196,39.92908551,0,0
15.30000000,40.14170036,40.01114598,39.83201056,39.92697575,0,0
15.31000000,40.18780156,40.00978478,39.84081815,39.92713767,0,0
15.32000000,40.18137152,40.01767228,39.86514290,39.94693571,0,0
15.33000000,40.17650510,40.01330325,39.88382544,39.95092663,0,0
15.34000000,40.09254671,39.96371045,39.88203059,39.92413965,0,0
15.35000000,40.13279512,39.99140466,39.89479068,39.97147849,0,0
15.36000000,40.15227132,39.97773453,39.88685271,39.93742318,0,0
15.37000000,40.13337696,40.00579946,39.88233948,39.95342610,0,0
15.38000000,40.10437940,39.97262607,39.89982411,39.94404104,0,0
15.39000000,40.10730958,39.97093225,39.94974944,39.92514311,0,0
15.40000000,40.13028352,39.99703947,39.97072100,39.95318949,0,0
15.41000000,40.15080475,39.99397336,39.96935977,39.94779341,0,0
15.42000000,40.12894143,40.00681048,39.96040308,39.93433318,0,0
15.43000000,40.08907240,39.95563442,39.95160223,39.93447681,0,0
15.44000000,40.08606847,39.97342136,39.93534276,39.93219398,0,0
15.45000000,40.11386588,39.99513686,39.94023656,39.93452831,0,0
15.46000000,40.10148179,39.96153887,39.93705077,39.94077051,0,0
15.47000000,40.10333968,39.95330020,39.92165503,39.95190028,0,0
15.48000000,40.11691939,39.95371761,39.93983082,39.98467178,0,0
15.49000000,40.13104944,39.98766251,39.92127473,40.00401203,0,0
15.50000000,40.13483098,39.99791899,39.90962017,40.03840027,0,0
15.51000000,40.12991692,40.01144001,39.92057695,40.05157665,0,0
15.52000000,40.11751682,39.96914495,39.90963182,40.01835576,0,0
15.53000000,40.13480977,39.96434689,39.92283370,40.06765858,0,0
15.54000000,40.14094102,39.97577285,39.98251318,40.07124813,0,0
15.55000000,40.12430498,40.03654483,39.99471995,40.08581652,0,0
15.56000000,40.12800523,40.04630531,40.01862918,40.10135438,0,0
15.57000000,40.14983495,40.05857174,39.96735538,40.04140795,0,0
15.58000000,40.20557743,40.03071093,39.99238414,40.04735370,0,0
15.59000000,40.21863462,40.00830749,39.99222065,40.04665662,0,0
15.60000000,40.20127640,40.03351909,39.96311644,40.02685279,0,0
15.61000000,40.13263600,40.04006690,39.95192508,40.01429580,0,0
15.62000000,40.13803916,40.07068953,39.99079369,40.01488092,0,0
15.63000000,40.20283549,40.07038171,40.00436365,40.05233229,0,0
15.64000000,40.24299274,40.07847517,40.01709145,40.03028739,0,0
15.65000000,40.24006640,40.10205921,40.01810361,40.08563199,0,0
15.66000000,40.18122803,40.12030601,40.02491732,40.08882525,0,0
15.67000000,40.20022737,40.12812184,39.99944331,40.02912081,0,0
15.68000000,40.20326863,40.09097129,40.00729681,40.08231162,0,0
15.69000000,40.25815203,40.06597818,39.97684777,40.04712130,0,0
15.70000000,40.21859262,40.09857891,39.96458832,40.04244692,0,0
15.71000000,40.21268856,40.10400697,39.97890309,40.08534804,0,0
15.72000000,40.18977303,40.17480136,39.96533394,40.01810695,0,0
15.73000000,40.24282548,40.08411087,39.97867636,40.06075830,0,0
15.74000000,40.29369373,40.14132023,39.98162183,40.01738544,0,0
15.75000000,40.24903292,40.09142668,39.98827808,40.02009545,0,0
15.76000000,40.22565559,40.11231951,39.96778238,40.00863555,0,0
15.77000000,40.21062462,40.09530353,39.91625077,40.01475255,0,0
15.78000000,40.24778434,40.11181312,39.94661952,40.04192353,0,0
15.79000000,40.25746693,40.06673384,39.89987472,40.04288580,0,0
15.80000000,40.23178694,40.10667834,39.98878440,40.06586163,0,0
15.81000000,40.18848797,40.08218980,39.98906096,40.07905545,0,0
15.82000000,40.18903236,40.10418449,40.02472842,40.03572159,0,0
15.83000000,40.15298090,40.04725045,39.98743657,40.03305605,0,0
15.84000000,40.21944811,40.08082936,39.94742727,40.02178721,0,0
15.85000000,40.23397532,40.06764359,39.97288773,40.02800273,0,0
15.86000000,40.24859150,40.10716132,40.01090466,40.05181863,0,0
15.87000000,40.18682127,40.10203567,40.01173538,40.02076292,0,0
15.88000000,40.13660293,40.06468791,40.01188120,40.06488127,0,0
15.89000000,40.18624697,40.10503213,40.00675265,40.05363858,0,0
15.90000000,40.23164409,40.11740272,40.01884048,40.08342440,0,0
15.91000000,40.22061682,40.08058771,40.01403594,40.04494040,0,0
15.92000000,40.22695245,40.08416830,39.99034353,40.06588059,0,0
15.93000000,40.21795116,40.07458864,40.00419628,40.09016453,0,0
15.94000000,40.21629073,40.11328414,40.02245433,40.10387209,0,0
15.95000000,40.22866096,40.09913468,39.99920078,40.16656680,0,0
15.96000000,40.20873387,40.07770268,40.04335891,40.11784735,0,0
15.97000000,40.23044204,40.05684678,40.04044494,40.15163929,0,0
15.98000000,40.21636664,40.03988903,40.02354945,40.13049532,0,0
15.99000000,40.27313252,40.12074062,40.03685373,40.12554922,0,0
16.00000000,40.23287939,40.10076852,40.06921772,40.16426295,0,0
16.01000000,40.22692537,40.09471064,40.07458115,40.15089639,0,0
16.02000000,40.20784160,40.10362881,40.09173424,40.14359391,0,0
16.03000000,40.22439770,40.11756985,40.09930646,40.13868181,0,0
16.04000000,40.28929496,40.14840584,40.05491089,40.09124260,0,0
16.05000000,40.27354769,40.12149262,40.06754716,40.10097500,0,0
16.06000000,40.28540772,40.11173363,39.97229920,40.05590337,0,0
16.07000000,40.23355906,40.09439431,40.05073207,40.07045285,0,0
16.08000000,40.25213611,40.14781498,40.06908189,40.06777130,0,0
16.09000000,40.23612403,40.13819135,40.07010804,40.05468312,0,0
16.10000000,40.29620858,40.15800331,40.02976271,40.07430753,0,0
16.11000000,40.29122198,40.12938320,40.01175501,40.08169042,0,0
16.12000000,40.27182510,40.16378080,39.98362482,40.07242507,0,0
16.13000000,40.22537458,40.14957775,39.99936361,40.07938886,0,0
16.14000000,40.21607497,40.10260264,39.98819936,40.07028930,0,0
16.15000000,40.24039360,40.08754995,40.02685023,40.11328477,0,0
16.16000000,40.27900848,40.13041971,40.01998644,40.14503121,0,0
16.17000000,40.25954210,40.14067519,40.03148972,40.14272107,0,0
16.18000000,40.25106883,40.14047189,40.02218990,40.11617252,0,0
16.19000000,40.24782933,40.13889551,40.02378324,40.10755414,0,0
16.20000000,40.27043072,40.12698866,40.05426096,40.12136469,0,0
16.21000000,40.26332630,40.10211413,40.04259111,40.09864018,0,0
16.22000000,40.23847656,40.09430083,40.06451310,40.13476603,0,0
16.23000000,40.23081370,40.11454196,40.04178466,40.11782569,0,0
16.24000000,40.22942923,40.14068930,40.05007853,40.09941403,0,0
16.25000000,40.23398873,40.13967984,40.03666522,40.13128805,0,0
16.26000000,40.23143122,40.10908450,40.04695631,40.13675290,0,0
16.27000000,40.26510642,40.12402045,40.05829519,40.12332361,0,0
16.28000000,40.28078816,40.14407202,40.04781269,40.12161446,0,0
16.29000000,40.25911244,40.12275748,40.03888742,40.08275736,0,0
16.30000000,40.22979473,40.12760972,40.03631106,40.09334442,0,0
16.31000000,40.23869047,40.14796211,40.06922178,40.10089928,0,0
16.32000000,40.27663153,40.15074797,40.07157776,40.12281472,0,0
16.33000000,40.27942732,40.11288386,40.08317371,40.15062687,0,0
16.34000000,40.25324584,40.09289569,40.07571780,40.12813143,0,0
16.35000000,40.27639819,40.15732977,40.07470475,40.12459457,0,0
16.36000000,40.26931006,40.16199493,40.05747296,40.12881524,0,0
16.37000000,40.29945122,40.16454032,40.04757255,40.10528295,0,0
16.38000000,40.26922241,40.11768990,40.04128405,40.12225469,0,0
16.39000000,40.28186298,40.13665239,40.05912749,40.16001567,0,0
16.40000000,40.31490466,40.14806648,40.06491322,40.15296193,0,0
16.41000000,40.31667609,40.20919624,40.11352196,40.17602182,0,0
16.42000000,40.30866206,40.20906405,40.09534108,40.15615039,0,0
16.43000000,40.27150216,40.18990385,40.13319397,40.16501195,0,0
16.44000000,40.25715373,40.14071646,40.10056898,40.16809874,0,0
16.45000000,40.26105600,40.13210399,40.13083530,40.18287537,0,0
16.46000000,40.37414584,40.18213533,40.10776105,40.17499494,0,0
16.47000000,40.36531422,40.18640404,40.08281182,40.13643282,0,0
16.48000000,40.30119969,40.20042608,40.06349446,40.14127195,0,0
16.49000000,40.19350968,40.13546087,40.06904648,40.10121288,0,0
16.50000000,40.26728860,40.20078775,40.08126886,40.13367367,0,0
16.51000000,40.35687652,40.20968685,40.08737016,40.15783207,0,0
16.52000000,40.36437353,40.20775230,40.02043113,40.11068583,0,0
16.53000000,40.27774907,40.13708563,40.01858400,40.13593746,0,0
16.54000000,40.25763894,40.11527868,40.04446127,40.13095849,0,0
16.55000000,40.30009674,40.20736383,40.09998307,40.15244432,0,0
16.56000000,40.33274648,40.21895030,40.04139949,40.13737871,0,0
16.57000000,40.32917731,40.17799104,40.05083739,40.11622896,0,0
16.58000000,40.25676406,40.14064795,40.01463830,40.12528006,0,0
16.59000000,40.20639814,40.11251977,40.00820139,40.11244363,0,0
16.60000000,40.24538414,40.17564183,40.07810417,40.08742842,0,0
16.61000000,40.29352500,40.19232415,40.03354855,40.13557752,0,0
16.62000000,40.28417012,40.14152838,40.07628491,40.14315324,0,0
16.63000000,40.29443471,40.11110117,40.08822709,40.10032454,0,0
16.64000000,40.31047079,40.13440758,40.11419233,40.15585212,0,0
16.65000000,40.28371390,40.17155250,40.10240120,40.14373256,0,0
16.66000000,40.26006497,40.15541622,40.07900199,40.16981755,0,0
16.67000000,40.23407288,40.14573418,40.02949405,40.12184621,0,0
16.68000000,40.26940943,40.09786185,40.09867766,40.15122216,0,0
16.69000000,40.31349116,40.15755606,40.15289786,40.17696989,0,0
16.70000000,40.32460367,40.19374625,40.12998593,40.17652441,0,0
16.71000000,40.31512152,40.18359070,40.12379193,40.18630797,0,0
16.72000000,40.25061468,40.13026844,40.11124427,40.14852810,0,0
16.73000000,40.34880568,40.17253275,40.14121783,40.19943664,0,0
16.74000000,40.33906544,40.18254309,40.12343408,40.17569989,0,0
16.75000000,40.32153997,40.15553234,40.12468912,40.17570105,0,0
16.76000000,40.26366543,40.20617338,40.11878200,40.18411664,0,0
16.77000000,40.25507603,40.21936575,40.14741941,40.16934022,0,0
16.78000000,40.28614602,40.18375368,40.13746933,40.18657702,0,0
16.79000000,40.33996691,40.19007078,40.17422304,40.17368059,0,0
16.80000000,40.34324725,40.18588568,40.14839925,40.17738519,0,0
16.81000000,40.33288348,40.18707472,40.11869447,40.16222018,0,0
16.82000000,40.33011248,40.20674486,40.06449615,40.17864668,0,0
16.83000000,40.31110116,40.21589837,40.06251452,40.17241575,0,0
16.84000000,40.32527179,40.22929802,40.07894469,40.19367952,0,0
16.85000000,40.33663083,40.23349493,40.09753234,40.19346253,0,0
16.86000000,40.37627479,40.22738416,40.11295539,40.19734352,0,0
16.87000000,40.33078804,40.21954152,40.11534143,40.19576842,0,0
16.88000000,40.33473394,40.22635381,40.09238437,40.17014973,0,0
16.89000000,40.30083602,40.22139022,40.05707877,40.17069002,0,0
16.90000000,40.35722306,40.21621605,40.05732793,40.18864653,0,0
16.91000000,40.34005190,40.20619470,40.08590643,40.19566172,0,0
16.92000000,40.30950506,40.23265680,40.07497781,40.18802268,0,0
16.93000000,40.31029431,40.17398575,40.08867630,40.17689440,0,0
16.94000000,40.31678089,40.21375592,40.09696435,40.18853948,0,0
16.95000000,40.29735185,40.22231552,40.10096227,40.14650643,0,0
16.96000000,40.37994063,40.19143229,40.15280972,40.16044544,0,0
16.97000000,40.30646406,40.22453802,40.15930817,40.18568528,0,0
16.98000000,40.33980225,40.20070989,40.12641830,40.15310939,0,0
16.99000000,40.29747264,40.20334583,40.11743253,40.17798067,0,0
17.00000000,40.33154384,40.22283800,40.12052552,40.20188851,0,0
17.01000000,40.33271367,40.19223546,40.12482503,40.20016196,0,0
17.02000000,40.33957114,40.21111090,40.13697491,40.20458184,0,0
17.03000000,40.32115036,40.16543089,40.12967715,40.17394739,0,0
17.04000000,40.31155758,40.21204997,40.12777368,40.15895611,0,0
17.05000000,40.35390403,40.15922408,40.10317596,40.12467084,0,0
17.06000000,40.39907924,40.21174749,40.14655547,40.15802153,0,0
17.07000000,40.36854534,40.26300640,40.13774977,40.16813573,0,0
17.08000000,40.33927568,40.24184399,40.16386479,40.17278199,0,0
17.09000000,40.30113640,40.18552925,40.15769508,40.17579064,0,0
17.10000000,40.33189133,40.20374466,40.15464893,40.18345722,0,0
17.11000000,40.37419378,40.16111476,40.17044992,40.17237272,0,0
17.12000000,40.39238353,40.16565602,40.16375153,40.20589678,0,0
17.13000000,40.34532518,40.18622818,40.15283153,40.19261235,0,0
17.14000000,40.33158570,40.24374348,40.17194898,40.18355543,0,0
17.15000000,40.34036757,40.25144611,40.13564779,40.26122522,0,0
17.16000000,40.39349372,40.23574979,40.20574525,40.19780987,0,0
17.17000000,40.42442030,40.22734565,40.14640915,40.23268493,0,0
17.18000000,40.34260546,40.21662613,40.18660467,40.22798182,0,0
17.19000000,40.30794552,40.21254731,40.18657476,40.20114554,0,0
17.20000000,40.33533477,40.23388542,40.17615964,40.24710137,0,0
17.21000000,40.35683918,40.25024326,40.17842090,40.23929437,0,0
17.22000000,40.43424798,40.23881340,40.15250992,40.28694794,0,0
17.23000000,40.37061270,40.22432315,40.11632825,40.23491411,0,0
17.24000000,40.37267407,40.23503236,40.11808818,40.24221280,0,0
17.25000000,40.35200235,40.27102495,40.11688281,40.22485279,0,0
17.26000000,40.39286843,40.23792964,40.11261368,40.18158604,0,0
17.27000000,40.34674440,40.20951699,40.06829624,40.16716449,0,0
17.28000000,40.33721382,40.16638921,40.09318421,40.21399611,0,0
17.29000000,40.35259499,40.23676617,40.13872809,40.15808332,0,0
17.30000000,40.37482506,40.27629254,40.16931470,40.30582721,0,0
17.31000000,40.41114828,40.27165329,40.16425510,40.22843700,0,0
17.32000000,40.39509995,40.25079767,40.13850081,40.20756618,0,0
17.33000000,40.35116240,40.17881136,40.16112210,40.24815059,0,0
17.34000000,40.34433165,40.24192636,40.14702035,40.20460766,0,0
17.35000000,40.35935644,40.26288615,40.17356914,40.19958631,0,0
17.36000000,40.40823108,40.25147558,40.14941245,40.20521374,0,0
17.37000000,40.38085675,40.24436800,40.18763879,40.18134976,0,0
17.38000000,40.38434872,40.19927809,40.16884181,40.20044996,0,0
17.39000000,40.32011567,40.24358706,40.18899687,40.19020219,0,0
17.40000000,40.36228401,40.26465705,40.25679515,40.18652955,0,0
17.41000000,40.35306061,40.26338898,40.12277968,40.22110725,0,0
17.42000000,40.38960621,40.23366347,40.14293012,40.18326826,0,0
17.43000000,40.32570541,40.19161658,40.12013823,40.21272831,0,0
17.44000000,40.35313593,40.24407989,40.16255098,40.22936598,0,0
17.45000000,40.39150788,40.28427693,40.21276626,40.24119088,0,0
17.46000000,40.40114067,40.25052671,40.19070706,40.27931810,0,0
17.47000000,40.40547504,40.23891247,40.23941233,40.29877579,0,0
17.48000000,40.34632632,40.22953073,40.19336582,40.27136512,0,0
17.49000000,40.40719526,40.25352744,40.19391271,40.27061117,0,0
17.50000000,40.39464684,40.27145257,40.13563049,40.25507194,0,0
17.51000000,40.45163209,40.25709589,40.13956316,40.23136820,0,0
17.52000000,40.44066889,40.25920311,40.17649081,40.27896213,0,0
17.53000000,40.41779010,40.27062185,40.15976708,40.21513035,0,0
17.54000000,40.39499225,40.28667019,40.20286348,40.22977350,0,0
17.55000000,40.38139855,40.27281297,40.19229614,40.23570736,0,0
17.56000000,40.40890299,40.29228944,40.16157057,40.21993440,0,0
17.57000000,40.39610080,40.24171616,40.17544758,40.25532738,0,0
17.58000000,40.47668408,40.28866732,40.19802087,40.24687697,0,0
17.59000000,40.42025238,40.28083845,40.19353198,40.22451429,0,0
17.60000000,40.45588060,40.31933908,40.22344511,40.21661913,0,0
17.61000000,40.38140535,40.24260598,40.21701950,40.23499527,0,0
17.62000000,40.43345166,40.24431732,40.25087800,40.27333929,0,0
17.63000000,40.43449425,40.26881745,40.24232694,40.26473198,0,0
17.64000000,40.42172883,40.30500990,40.21862642,40.25825440,0,0
17.65000000,40.41497785,40.29495756,40.18313181,40.24613822,0,0
17.66000000,40.39304534,40.27677600,40.19151371,40.24380766,0,0
17.67000000,40.41184772,40.27889620,40.20854004,40.26760301,0,0
17.68000000,40.44438814,40.29370821,40.19498805,40.26185921,0,0
17.69000000,40.42951679,40.29664159,40.18038204,40.23405761,0,0
17.70000000,40.39508799,40.29436033,40.12041310,40.23984890,0,0
17.71000000,40.44106374,40.29210321,40.11140791,40.23015729,0,0
17.72000000,40.39208020,40.26546187,40.13349006,40.23284507,0,0
17.73000000,40.38388857,40.26203467,40.13824174,40.23287396,0,0
17.74000000,40.40628656,40.25967828,40.17607461,40.24988412,0,0
17.75000000,40.42673673,40.26824013,40.19380981,40.22796894,0,0
17.76000000,40.45502266,40.24926959,40.22030017,40.29221890,0,0
17.77000000,40.42952665,40.24709012,40.18790767,40.26758644,0,0
17.78000000,40.41712349,40.24526464,40.20244891,40.27321316,0,0
17.79000000,40.38513797,40.26368097,40.16237083,40.27835802,0,0
17.80000000,40.38999086,40.26093022,40.21977563,40.26440737,0,0
17.81000000,40.40819513,40.27233379,40.23890567,40.30820677,0,0
17.82000000,40.41487768,40.26155887,40.24192103,40.31806260,0,0
17.83000000,40.44119984,40.27168359,40.25492154,40.32211267,0,0
17.84000000,40.45095511,40.27341556,40.24439767,40.30137521,0,0
17.85000000,40.43279507,40.30016346,40.28671684,40.25774545,0,0
17.86000000,40.39373476,40.31054777,40.29085223,40.25393285,0,0
17.87000000,40.42186775,40.26386597,40.27040820,40.24816534,0,0
17.88000000,40.44937715,40.29462051,40.23822873,40.24366328,0,0
17.89000000,40.47013014,40.31053051,40.24725431,40.25274421,0,0
17.90000000,40.44976428,40.31791715,40.22955688,40.26035543,0,0
17.91000000,40.43782433,40.33842018,40.28650379,40.30639632,0,0
17.92000000,40.47869121,40.31507796,40.29160185,40.30971770,0,0
17.93000000,40.49738476,40.31135734,40.26475969,40.29721438,0,0
17.94000000,40.48905361,40.26978513,40.26186182,40.29934324,0,0
17.95000000,40.46471220,40.29512473,40.17749065,40.31410132,0,0
17.96000000,40.41440116,40.32856659,40.18717119,40.29122875,0,0
17.97000000,40.44407964,40.37701554,40.22969108,40.32203689,0,0
17.98000000,40.48306568,40.36139555,40.24317794,40.29445419,0,0
17.99000000,40.43282691,40.27740537,40.23065580,40.30260866,0,0
18.00000000,40.43324931,40.28754123,40.23881432,40.27638262,0,0
18.01000000,40.43055944,40.29086000,40.23863276,40.29103345,0,0
18.02000000,40.46303218,40.33664085,40.23036125,40.30022053,0,0
18.03000000,40.45206922,40.30017520,40.19108457,40.25869279,0,0
18.04000000,40.47951149,40.30997260,40.19676471,40.29968922,0,0
18.05000000,40.41970327,40.31257727,40.22515773,40.25181678,0,0
18.06000000,40.47337744,40.32732136,40.24174627,40.31157557,0,0
18.07000000,40.43600084,40.36815746,40.27244445,40.30097795,0,0
18.08000000,40.44974310,40.30667308,40.22065453,40.27989708,0,0
18.09000000,40.40258452,40.27747548,40.18252409,40.28801698,0,0
18.10000000,40.41864586,40.29622891,40.19970359,40.25487295,0,0
18.11000000,40.38434261,40.36774967,40.19352093,40.31653052,0,0
18.12000000,40.48261022,40.26109905,40.21624077,40.29537931,0,0
18.13000000,40.47418762,40.36202467,40.17807912,40.28573265,0,0
18.14000000,40.47674078,40.28300654,40.20629228,40.30321611,0,0
18.15000000,40.47453972,40.35531683,40.24950221,40.28184636,0,0
18.16000000,40.41537527,40.32936877,40.25083249,40.28528293,0,0
18.17000000,40.37523843,40.31548165,40.26871527,40.27076302,0,0
18.18000000,40.46570415,40.28384489,40.31705336,40.32929353,0,0
18.19000000,40.44811740,40.28586772,40.22520133,40.29602400,0,0
18.20000000,40.49425791,40.32768709,40.33424316,40.39213254,0,0
18.21000000,40.43979639,40.34952567,40.32102073,40.39312962,0,0
18.22000000,40.49229412,40.34542916,40.33139533,40.38077594,0,0
18.23000000,40.43433956,40.29476084,40.26986164,40.37322612,0,0
18.24000000,40.47511885,40.35495859,40.28087817,40.32473445,0,0
18.25000000,40.46571671,40.24476369,40.23116483,40.33892913,0,0
18.26000000,40.50891069,40.39543142,40.28068781,40.28237166,0,0
18.27000000,40.53498719,40.35768379,40.27496696,40.32571722,0,0
18.28000000,40.52610519,40.40580491,40.32143573,40.31147355,0,0
18.29000000,40.48128919,40.38580499,40.32155718,40.31299518,0,0
18.30000000,40.50752429,40.32838762,40.33705850,40.31801394,0,0
18.31000000,40.51659659,40.35461703,40.30428313,40.37337543,0,0
18.32000000,40.54463129,40.34487826,40.31275623,40.29559986,0,0
18.33000000,40.50941982,40.41687189,40.21475249,40.32284688,0,0
18.34000000,40.50796152,40.36933609,40.20655496,40.30094267,0,0
18.35000000,40.50165758,40.38467903,40.26524650,40.25037387,0,0
18.36000000,40.52848773,40.35607163,40.30592705,40.34712619,0,0
18.37000000,40.53645333,40.40394812,40.25961855,40.34190301,0,0
18.38000000,40.50745460,40.43543070,40.27881719,40.35012584,0,0
18.39000000,40.48856545,40.34978961,40.18739141,40.34833971,0,0
18.40000000,40.50415643,40.36489885,40.25875150,40.31694208,0,0
18.41000000,40.52212931,40.32021117,40.24044113,40.35236165,0,0
18.42000000,40.56117322,40.41251118,40.29242217,40.35668887,0,0
18.43000000,40.53896793,40.40224339,40.28050334,40.34856899,0,0
18.44000000,40.53403266,40.39638507,40.28742169,40.37142558,0,0
18.45000000,40.52021805,40.36588429,40.29654945,40.30642516,0,0
18.46000000,40.55856380,40.41448463,40.25851496,40.33449979,0,0
18.47000000,40.57771983,40.40629953,40.25218812,40.32837973,0,0
18.48000000,40.56426480,40.37455272,40.26095299,40.30729898,0,0
18.49000000,40.49318243,40.39480047,40.28831699,40.34322738,0,0
18.50000000,40.48868400,40.39305147,40.32485224,40.33908801,0,0
18.51000000,40.56356998,40.39398806,40.35162468,40.38210777,0,0
18.52000000,40.60340858,40.42540761,40.36887814,40.39390760,0,0
18.53000000,40.56434209,40.38205534,40.36072388,40.38092309,0,0
18.54000000,40.48970436,40.35469220,40.36164711,40.38572789,0,0
18.55000000,40.46738139,40.39699006,40.36166533,40.37069475,0,0
18.56000000,40.52446674,40.42623722,40.36064835,40.37893451,0,0
18.57000000,40.57953717,40.42268340,40.37642992,40.36522138,0,0
18.58000000,40.57634277,40.37204834,40.37031974,40.38032146,0,0
18.59000000,40.55574368,40.37849807,40.36407372,40.36877691,0,0
18.60000000,40.53585804,40.42826384,40.35979099,40.41990522,0,0
18.61000000,40.54751309,40.42981659,40.32759422,40.41246596,0,0
18.62000000,40.58093230,40.41605780,40.30818522,40.37073591,0,0
18.63000000,40.57545467,40.38845673,40.31058776,40.38125578,0,0
18.64000000,40.55642645,40.40396051,40.29891621,40.34610645,0,0
18.65000000,40.52794831,40.42108764,40.32529142,40.36740186,0,0
18.66000000,40.51815962,40.43700543,40.32395116,40.38216187,0,0
18.67000000,40.53047278,40.42843215,40.32436528,40.36916990,0,0
18.68000000,40.60030314,40.39497799,40.32713579,40.36294793,0,0
18.69000000,40.57285969,40.38790094,40.33196561,40.38768722,0,0
18.70000000,40.51909329,40.36993314,40.32952243,40.40626763,0,0
18.71000000,40.50144636,40.44171263,40.31057888,40.35490083,0,0
18.72000000,40.53835240,40.43824383,40.31213469,40.41526938,0,0
18.73000000,40.56074183,40.44191390,40.34276603,40.39768508,0,0
18.74000000,40.48017681,40.34410355,40.39008840,40.40820368,0,0
18.75000000,40.58821848,40.42004744,40.38639709,40.42550186,0,0
18.76000000,40.55389527,40.42301589,40.35266210,40.44545995,0,0
18.77000000,40.64641624,40.41828026,40.32421323,40.37760305,0,0
18.78000000,40.52805887,40.38797490,40.31221353,40.41509152,0,0
18.79000000,40.53142318,40.40593927,40.34036209,40.39545243,0,0
18.80000000,40.48172665,40.43203847,40.35103580,40.39633221,0,0
18.81000000,40.56938819,40.44975216,40.37788142,40.40947145,0,0
18.82000000,40.53093579,40.38908122,40.35995264,40.42179599,0,0
18.83000000,40.55074908,40.34694149,40.34786229,40.41349339,0,0
18.84000000,40.53187975,40.36324768,40.37067330,40.38227712,0,0
18.85000000,40.51769405,40.42258357,40.38100708,40.37942364,0,0
18.86000000,40.52195504,40.41328937,40.37744057,40.37607388,0,0
18.87000000,40.52675096,40.43557939,40.34713298,40.40813889,0,0
18.88000000,40.54151129,40.40032411,40.33484616,40.38516482,0,0
18.89000000,40.54267817,40.38731837,40.34068838,40.41836448,0,0
18.90000000,40.53487859,40.42969188,40.33355397,40.36631756,0,0
18.91000000,40.52458780,40.41061817,40.37249047,40.38292910,0,0
18.92000000,40.56902175,40.44226007,40.34523119,40.37788367,0,0
18.93000000,40.55409014,40.40106117,40.33950625,40.39158651,0,0
18.94000000,40.52260877,40.38178785,40.26825908,40.36743312,0,0
18.95000000,40.51991560,40.38402028,40.35444367,40.39893484,0,0
18.96000000,40.54881095,40.45308323,40.24476128,40.39559923,0,0
18.97000000,40.54875304,40.44278816,40.30283192,40.37814061,0,0
18.98000000,40.50259553,40.35704447,40.27741106,40.43110578,0,0
18.99000000,40.63345780,40.33162384,40.36237582,40.40030397,0,0
19.00000000,40.56082534,40.36458621,40.33690103,40.39968197,0,0
19.01000000,40.53728136,40.49252324,40.37110485,40.41951119,0,0
19.02000000,40.51081425,40.45092927,40.37865757,40.44030193,0,0
19.03000000,40.45148326,40.41042783,40.39758574,40.45692901,0,0
19.04000000,40.60214359,40.34822883,40.40283409,40.45270002,0,0
19.05000000,40.58618412,40.38135816,40.37326705,40.45097334,0,0
19.06000000,40.57250011,40.42530082,40.41751149,40.39842022,0,0
19.07000000,40.50216859,40.44360723,40.38013067,40.39439082,0,0
19.08000000,40.56833989,40.44703403,40.37654026,40.38203833,0,0
19.09000000,40.60732423,40.44098715,40.37156200,40.36753151,0,0
19.10000000,40.66644349,40.45049480,40.37100384,40.42065528,0,0
19.11000000,40.58234338,40.44754362,40.34953557,40.40218021,0,0
19.12000000,40.50169765,40.43000752,40.37914290,40.40779645,0,0
19.13000000,40.51260043,40.43851125,40.36873943,40.42305267,0,0
19.14000000,40.60610507,40.45635783,40.36134596,40.40260046,0,0
19.15000000,40.62380522,40.45158472,40.34574105,40.41008626,0,0
19.16000000,40.63687006,40.47381562,40.32365791,40.40190788,0,0
19.17000000,40.63570504,40.50414725,40.32850362,40.42476062,0,0
19.18000000,40.57999823,40.53849901,40.32131941,40.43919061,0,0
19.19000000,40.57703618,40.45337828,40.33961219,40.42499588,0,0
19.20000000,40.57998415,40.41425848,40.30654196,40.40321660,0,0
19.21000000,40.62110288,40.39798903,40.35305312,40.40252577,0,0
19.22000000,40.64026975,40.47091132,40.41624322,40.40400069,0,0
19.23000000,40.60200649,40.51617840,40.37700212,40.44299642,0,0
19.24000000,40.51684477,40.44245210,40.37200646,40.43821957,0,0
19.25000000,40.52348699,40.39876661,40.36316472,40.43726970,0,0
19.26000000,40.65479638,40.42086074,40.39919547,40.44905598,0,0
19.27000000,40.72174086,40.51374498,40.39349078,40.45382466,0,0
19.28000000,40.57439230,40.48105091,40.33986331,40.43388596,0,0
19.29000000,40.46184696,40.42221663,40.29717189,40.38950548,0,0
19.30000000,40.46050620,40.43860738,40.34337665,40.39423573,0,0
19.31000000,40.60757755,40.49606142,40.38944328,40.41717671,0,0
19.32000000,40.67720605,40.52989975,40.40885259,40.42796600,0,0
19.33000000,40.62007495,40.45628908,40.38683768,40.42799128,0,0
19.34000000,40.57005850,40.41101038,40.34806423,40.41599136,0,0
19.35000000,40.61164141,40.45458157,40.31193280,40.38534466,0,0
19.36000000,40.65510719,40.51957077,40.32599796,40.38977605,0,0
19.37000000,40.61998201,40.47794892,40.36633776,40.38641311,0,0
19.38000000,40.55364171,40.41570825,40.36407130,40.40751958,0,0
19.39000000,40.56297039,40.42885652,40.39084040,40.44082898,0,0
19.40000000,40.61726085,40.47833450,40.39067377,40.48255799,0,0
19.41000000,40.61310969,40.47478868,40.38905146,40.50771773,0,0
19.42000000,40.59539291,40.41606479,40.37907981,40.46044406,0,0
19.43000000,40.56677216,40.39940023,40.42712039,40.49051346,0,0
19.44000000,40.57590877,40.44346903,40.45121597,40.48991993,0,0
19.45000000,40.59098214,40.46389871,40.43606159,40.49883732,0,0
19.46000000,40.59694030,40.49676559,40.38144331,40.46899691,0,0
19.47000000,40.58394891,40.46761241,40.38182826,40.43010332,0,0
19.48000000,40.61700672,40.48108646,40.43595542,40.45272999,0,0
19.49000000,40.58081952,40.46560869,40.50938453,40.43135830,0,0
19.50000000,40.59674650,40.45777179,40.53388297,40.45936343,0,0
19.51000000,40.60988949,40.46397748,40.41836743,40.44953329,0,0
19.52000000,40.66028537,40.43754288,40.37079673,40.41383476,0,0
19.53000000,40.62210884,40.46571618,40.33689191,40.43860107,0,0
19.54000000,40.58514271,40.46025384,40.35165192,40.43037546,0,0
19.55000000,40.59593114,40.45790021,40.36456218,40.44420050,0,0
19.56000000,40.59178816,40.48358085,40.37523796,40.45705500,0,0
19.57000000,40.68608975,40.49468530,40.38373364,40.46655165,0,0
19.58000000,40.60440477,40.46893345,40.37964485,40.45708012,0,0
19.59000000,40.58634711,40.46203281,40.41835438,40.45722172,0,0
19.60000000,40.55159799,40.43875060,40.40508295,40.47137050,0,0
19.61000000,40.62671303,40.46808810,40.41856486,40.44670257,0,0
19.62000000,40.64859901,40.48780127,40.40962440,40.47266802,0,0
19.63000000,40.60255646,40.50064397,40.37918778,40.45978094,0,0
19.64000000,40.54975294,40.45456035,40.40882705,40.44157277,0,0
19.65000000,40.56321913,40.47563090,40.40226755,40.40658491,0,0
19.66000000,40.65581338,40.45933480,40.44040338,40.43021042,0,0
19.67000000,40.64975254,40.44393018,40.37498264,40.42414813,0,0
19.68000000,40.57503772,40.41977924,40.39416301,40.37175758,0,0
19.69000000,40.54106063,40.44465371,40.37332886,40.47199382,0,0
19.70000000,40.55717285,40.51943397,40.39242859,40.43092505,0,0
19.71000000,40.62924973,40.48673942,40.37089662,40.53175823,0,0
19.72000000,40.62925198,40.46850775,40.36847401,40.50174455,0,0
19.73000000,40.60217171,40.40302284,40.36271033,40.48105907,0,0
19.74000000,40.58046590,40.41382037,40.38655994,40.50858439,0,0
19.75000000,40.55760473,40.50452034,40.42316100,40.45258372,0,0
19.76000000,40.56301029,40.50253665,40.33078118,40.43109865,0,0
19.77000000,40.53624421,40.48876619,40.42403946,40.46472301,0,0
19.78000000,40.65024205,40.46979115,40.33780211,40.42603732,0,0
19.79000000,40.61600780,40.48095568,40.43388661,40.44851695,0,0
19.80000000,40.65691592,40.51792308,40.38138677,40.45645374,0,0
19.81000000,40.56697595,40.50828334,40.36539422,40.42690088,0,0
19.82000000,40.61383758,40.47340529,40.38799605,40.44909516,0,0
19.83000000,40.65922338,40.48719775,40.38724382,40.42168219,0,0
19.84000000,40.66746165,40.49972142,40.41920249,40.44064602,0,0
19.85000000,40.62627489,40.53591018,40.37677578,40.48298504,0,0
19.86000000,40.61021807,40.50730836,40.41425553,40.50205299,0,0
19.87000000,40.67060693,40.54545153,40.43498628,40.50877178,0,0
19.88000000,40.73739996,40.49125127,40.46066660,40.51053793,0,0
19.89000000,40.70080716,40.50130291,40.45499023,40.50688053,0,0
19.90000000,40.61291978,40.52251431,40.44096511,40.49328719,0,0
19.91000000,40.64087349,40.49733162,40.44914637,40.48314625,0,0
19.92000000,40.68172249,40.58476227,40.45069291,40.49601410,0,0
19.93000000,40.74500175,40.52196783,40.46451774,40.48909631,0,0
19.94000000,40.65350040,40.54964761,40.46513560,40.46893991,0,0
19.95000000,40.61911692,40.50992869,40.46285215,40.49920537,0,0
19.96000000,40.62394355,40.54211026,40.50001829,40.48025077,0,0
19.97000000,40.69729701,40.54863767,40.42463010,40.45718153,0,0
19.98000000,40.68398433,40.53593271,40.41407502,40.46426415,0,0
19.99000000,40.69422092,40.51375620,40.34719640,40.44469235,0,0
20.00000000,40.64593928,40.55850209,40.39161074,40.46168439,0,0
20.01000000,40.65629412,40.56627221,40.40156869,40.50806403,0,0
20.02000000,40.68057864,40.54562830,40.38446724,40.49215790,0,0
20.03000000,40.65881696,40.49170877,40.35440034,40.47608411,0,0
20.04000000,40.66899669,40.47743610,40.34027491,40.46501999,0,0
20.05000000,40.65278482,40.52855276,40.35888136,40.45964881,0,0
20.06000000,40.63642986,40.57493392,40.36360238,40.45458031,0,0
20.07000000,40.61267729,40.56091717,40.33867205,40.49285845,0,0
20.08000000,40.60603515,40.49602882,40.35847355,40.49019655,0,0
20.09000000,40.60163990,40.47259408,40.40316719,40.50296925,0,0
20.10000000,40.61607894,40.45656951,40.45361173,40.52908424,0,0
20.11000000,40.61028258,40.47379676,40.47571806,40.49299615,0,0
20.12000000,40.62659770,40.48495623,40.45032009,40.51727498,0,0
20.13000000,40.64910020,40.47835497,40.46502019,40.50195772,0,0
20.14000000,40.61515705,40.47542886,40.50302830,40.50723550,0,0
20.15000000,40.61686910,40.49368835,40.54105402,40.54403573,0,0
20.16000000,40.60180140,40.51927345,40.55349523,40.55085211,0,0
20.17000000,40.62564151,40.51277945,40.53420409,40.57046593,0,0
20.18000000,40.64346501,40.49821733,40.49511363,40.54113541,0,0
20.19000000,40.63167593,40.45276179,40.47832961,40.50687013,0,0
20.20000000,40.63679897,40.49890898,40.47075200,40.53177205,0,0
20.21000000,40.62856154,40.51084862,40.45984327,40.53076849,0,0
20.22000000,40.64640902,40.51066303,40.48029610,40.54197439,0,0
20.23000000,40.63933879,40.52423941,40.43969698,40.53223447,0,0
20.24000000,40.63636309,40.52110919,40.41717831,40.50160300,0,0
20.25000000,40.62138767,40.55609271,40.44299282,40.47959413,0,0
20.26000000,40.60902727,40.51561474,40.45703134,40.48977625,0,0
20.27000000,40.64648257,40.47948987,40.48034971,40.50870277,0,0
20.28000000,40.67029127,40.49010242,40.48784900,40.53218128,0,0
20.29000000,40.72967850,40.54504803,40.47441625,40.55173520,0,0
20.30000000,40.66293986,40.57210141,40.44748656,40.56651535,0,0
20.31000000,40.65489238,40.57835379,40.46518505,40.57848225,0,0
20.32000000,40.63231132,40.51985256,40.42306670,40.58360427,0,0
20.33000000,40.69334463,40.54551129,40.44139237,40.56118221,0,0
20.34000000,40.68566309,40.52824235,40.39179991,40.52662417,0,0
20.35000000,40.65737156,40.53042685,40.42983940,40.48597583,0,0
20.36000000,40.61378368,40.56996604,40.42489456,40.50438352,0,0
20.37000000,40.66695043,40.58305500,40.42106912,40.47558826,0,0
20.38000000,40.68081022,40.57064561,40.44868675,40.51850842,0,0
20.39000000,40.66602670,40.52342881,40.42031146,40.49582505,0,0
20.40000000,40.59664081,40.53163821,40.41593187,40.47948684,0,0
20.41000000,40.62749098,40.56768905,40.42365504,40.51855560,0,0
20.42000000,40.63536531,40.48742431,40.42230114,40.41127332,0,0
20.43000000,40.66317112,40.51685584,40.43028229,40.47775467,0,0
20.44000000,40.63786915,40.47501583,40.42229337,40.42586593,0,0
20.45000000,40.60453322,40.55264249,40.39084866,40.45936285,0,0
20.46000000,40.61446419,40.57827573,40.43301175,40.50268131,0,0
20.47000000,40.60928083,40.56242848,40.42262675,40.51620435,0,0
20.48000000,40.61083067,40.49344477,40.34169871,40.49206271,0,0
20.49000000,40.61992339,40.47060848,40.34858428,40.50209965,0,0
20.50000000,40.60884374,40.48316260,40.33776108,40.44874372,0,0
20.51000000,40.58361339,40.52930847,40.39874169,40.51427951,0,0
20.52000000,40.60730402,40.53069053,40.40811196,40.48545989,0,0
20.53000000,40.61914755,40.52401606,40.39768822,40.49900876,0,0
20.54000000,40.58876094,40.39325499,40.39108909,40.49734168,0,0
20.55000000,40.56041099,40.49378044,40.41299089,40.48404251,0,0
20.56000000,40.61768298,40.57105411,40.41546138,40.53577540,0,0
20.57000000,40.66119907,40.57857498,40.44141774,40.50478681,0,0
20.58000000,40.61005511,40.48196227,40.43064379,40.49867223,0,0
20.59000000,40.63199800,40.45670258,40.43380969,40.52663998,0,0
20.60000000,40.60956203,40.45742475,40.43331564,40.55562397,0,0
20.61000000,40.65766693,40.55576677,40.48381062,40.63000187,0,0
20.62000000,40.62271454,40.56098556,40.44825968,40.58344407,0,0
20.63000000,40.59680698,40.53167904,40.44890217,40.56240412,0,0
20.64000000,40.59091826,40.49964257,40.45464902,40.55290878,0,0
20.65000000,40.67555943,40.55199652,40.44181772,40.52526804,0,0
20.66000000,40.66633454,40.59347345,40.47115114,40.54490035,0,0
20.67000000,40.66556177,40.58299027,40.44980770,40.50488637,0,0
20.68000000,40.65215979,40.57269427,40.43440292,40.51358777,0,0
20.69000000,40.70624579,40.52804000,40.44824815,40.52748418,0,0
20.70000000,40.70659340,40.62110979,40.43650326,40.52036456,0,0
20.71000000,40.67619326,40.55353571,40.43522760,40.54597297,0,0
20.72000000,40.64947326,40.60274871,40.41590835,40.55217945,0,0
20.73000000,40.68351295,40.58785611,40.44970295,40.56736855,0,0
20.74000000,40.70678266,40.62402281,40.43512051,40.49496496,0,0
20.75000000,40.69679192,40.60913100,40.42783562,40.52765281,0,0
20.76000000,40.65872027,40.57339532,40.41279332,40.51705583,0,0
20.77000000,40.66024527,40.56840804,40.36212020,40.49197768,0,0
20.78000000,40.65918912,40.56179550,40.35982955,40.53876881,0,0
20.79000000,40.65891739,40.55906385,40.39965930,40.57707127,0,0
20.80000000,40.65516463,40.55754331,40.37942520,40.51600374,0,0
20.81000000,40.65460012,40.57322242,40.38754725,40.51361854,0,0
20.82000000,40.64442207,40.58890900,40.40679459,40.50552805,0,0
20.83000000,40.66486805,40.52441840,40.40568946,40.50300694,0,0
20.84000000,40.66412163,40.52869990,40.41022486,40.47746404,0,0
20.85000000,40.64546074,40.50273340,40.39889428,40.48141311,0,0
20.86000000,40.67406228,40.54247388,40.39913578,40.48341618,0,0
20.87000000,40.64226769,40.55851579,40.39939349,40.47453060,0,0
20.88000000,40.61584748,40.55242191,40.37646033,40.47940577,0,0
20.89000000,40.58721327,40.53439509,40.35473102,40.45210810,0,0
20.90000000,40.58054555,40.49952977,40.38080188,40.50786006,0,0
20.91000000,40.61440243,40.48839815,40.41997610,40.51746342,0,0
20.92000000,40.62506684,40.48182611,40.45238967,40.52240276,0,0
20.93000000,40.59224712,40.50631859,40.43929784,40.52821334,0,0
20.94000000,40.56001137,40.50251828,40.43294204,40.51280862,0,0
20.95000000,40.53876171,40.50842144,40.43919820,40.52397907,0,0
20.96000000,40.60479400,40.51699401,40.48078208,40.55523578,0,0
20.97000000,40.65581699,40.48546167,40.47948453,40.58267079,0,0
20.98000000,40.64241868,40.49178398,40.48549272,40.58713442,0,0
20.99000000,40.58382492,40.50089315,40.45952401,40.57196874,0,0
21.00000000,40.55544611,40.50292352,40.46633478,40.57037629,0,0
21.01000000,40.63142811,40.51198155,40.46602582,40.54903701,0,0
21.02000000,40.65172905,40.50886883,40.45081427,40.56204878,0,0
21.03000000,40.65951946,40.51624779,40.42292163,40.53867286,0,0
21.04000000,40.57935690,40.52699757,40.38748617,40.54482059,0,0
21.05000000,40.58974141,40.54111863,40.37000130,40.56397736,0,0
21.06000000,40.64489052,40.53954728,40.44139717,40.52802339,0,0
21.07000000,40.68218153,40.52842030,40.46906259,40.55182942,0,0
21.08000000,40.67115350,40.53301420,40.46099459,40.53921095,0,0
21.09000000,40.58935403,40.56682470,40.46482076,40.51502392,0,0
21.10000000,40.57590045,40.48561545,40.45099228,40.54368198,0,0
21.11000000,40.65433571,40.49542812,40.46206763,40.54016807,0,0
21.12000000,40.68037532,40.55226593,40.46000009,40.53863165,0,0
21.13000000,40.66842401,40.55450362,40.43878680,40.53516761,0,0
21.14000000,40.59350094,40.54039469,40.43358225,40.50341508,0,0
21.15000000,40.53628039,40.51317198,40.40163923,40.48827971,0,0
21.16000000,40.59579160,40.55556638,40.37090182,40.48758747,0,0
21.17000000,40.65571805,40.53214781,40.34926360,40.45587541,0,0
21.18000000,40.67706214,40.56609767,40.29323488,40.43655516,0,0
21.19000000,40.56648415,40.48061403,40.35700487,40.48705185,0,0
21.20000000,40.56513845,40.53892025,40.31306842,40.45691592,0,0
21.21000000,40.55981736,40.50288048,40.37709408,40.49728839,0,0
21.22000000,40.63393607,40.56369064,40.30154846,40.49543133,0,0
21.23000000,40.56028980,40.44039391,40.35756929,40.44587758,0,0
21.24000000,40.66119502,40.48131567,40.33448432,40.45088843,0,0
21.25000000,40.59682440,40.41643640,40.36213888,40.44208966,0,0
21.26000000,40.60529881,40.50585482,40.35179988,40.46853598,0,0
21.27000000,40.54294220,40.57245471,40.33518510,40.46576615,0,0
21.28000000,40.62083276,40.49886055,40.35929746,40.45449367,0,0
21.29000000,40.57105251,40.50386167,40.39494869,40.54263790,0,0
21.30000000,40.61980371,40.41642713,40.42052880,40.48620462,0,0
21.31000000,40.56393637,40.47242197,40.40886433,40.53334365,0,0
21.32000000,40.55906735,40.46289732,40.39732868,40.54208073,0,0
21.33000000,40.62863640,40.51247520,40.41197276,40.46631637,0,0
21.34000000,40.57529355,40.49018372,40.47785469,40.48957748,0,0
21.35000000,40.62381785,40.45471314,40.47356086,40.49999026,0,0
21.36000000,40.55812214,40.47410350,40.48824044,40.54513166,0,0
21.37000000,40.63098068,40.56269809,40.40724505,40.44022261,0,0
21.38000000,40.60035421,40.54726129,40.41916026,40.49033475,0,0
21.39000000,40.57724539,40.49787803,40.40591456,40.45985646,0,0
21.40000000,40.59525842,40.47790116,40.46801503,40.48140777,0,0
21.41000000,40.68027615,40.52652388,40.45333318,40.50817024,0,0
21.42000000,40.63957832,40.56805171,40.42453603,40.51888088,0,0
21.43000000,40.65281530,40.53554755,40.32790739,40.49676233,0,0
21.44000000,40.55337885,40.50306889,40.40160826,40.52467534,0,0
21.45000000,40.65164968,40.50762220,40.36392830,40.51491077,0,0
21.46000000,40.62573762,40.56602402,40.40546573,40.47864123,0,0
21.47000000,40.65220655,40.56017388,40.39646541,40.51578429,0,0
21.48000000,40.62411033,40.54770422,40.36549645,40.41481197,0,0
21.49000000,40.63513074,40.51723930,40.33004245,40.48221794,0,0
21.50000000,40.68181774,40.52154961,40.36528012,40.51409896,0,0
21.51000000,40.67479694,40.52863667,40.43488520,40.54466592,0,0
21.52000000,40.70850226,40.56748003,40.38179163,40.53562693,0,0
21.53000000,40.60282084,40.48248746,40.38171168,40.52243466,0,0
21.54000000,40.63602691,40.53418720,40.33534477,40.51385088,0,0
21.55000000,40.62914007,40.54424347,40.37267064,40.46428662,0,0
21.56000000,40.63448235,40.52576485,40.37444729,40.45641623,0,0
21.57000000,40.59064324,40.47886197,40.37959089,40.43690751,0,0
21.58000000,40.59105660,40.46122507,40.38692830,40.43093402,0,0
21.59000000,40.61988806,40.50424004,40.36034589,40.43053937,0,0
21.60000000,40.64347040,40.49723239,40.36235647,40.45810086,0,0
21.61000000,40.63179163,40.52438837,40.38457677,40.43240027,0,0
21.62000000,40.61349922,40.48520503,40.36826431,40.41868197,0,0
21.63000000,40.58462884,40.40311494,40.41377322,40.43886799,0,0
21.64000000,40.62108896,40.45830362,40.40460378,40.44134804,0,0
21.65000000,40.59792279,40.49711847,40.42338594,40.44232655,0,0
21.66000000,40.58831705,40.46862069,40.41649320,40.46539822,0,0
21.67000000,40.58580170,40.42705756,40.42330173,40.45787723,0,0
21.68000000,40.60280776,40.39327550,40.44077234,40.46646723,0,0
21.69000000,40.57688365,40.44335208,40.34723261,40.46402593,0,0
21.70000000,40.54694667,40.47786490,40.34857887,40.45211344,0,0
21.71000000,40.56549678,40.47543055,40.32698000,40.43273230,0,0
21.72000000,40.57523794,40.41613331,40.39366555,40.44522626,0,0
21.73000000,40.60542947,40.39242403,40.38146486,40.44083892,0,0
21.74000000,40.57849616,40.43195855,40.42021077,40.44982080,0,0
21.75000000,40.55091389,40.47938641,40.41854019,40.45963519,0,0
21.76000000,40.55552783,40.43894395,40.43861952,40.44281262,0,0
21.77000000,40.58039442,40.44909454,40.46043785,40.48404170,0,0
21.78000000,40.58232160,40.43315509,40.46180368,40.48539079,0,0
21.79000000,40.57077320,40.43978624,40.41330764,40.47299238,0,0
21.80000000,40.58750534,40.45074257,40.36746092,40.48093753,0,0
21.81000000,40.61523944,40.45760734,40.37743428,40.47262674,0,0
21.82000000,40.63736971,40.47031552,40.41479570,40.48747109,0,0
21.83000000,40.62013153,40.45256057,40.40095538,40.45254607,0,0
21.84000000,40.57674909,40.44784711,40.38762535,40.43592200,0,0
21.85000000,40.56800223,40.46745823,40.40776917,40.48476459,0,0
21.86000000,40.61478215,40.48680562,40.39795891,40.41381474,0,0
21.87000000,40.63668688,40.46085340,40.43833741,40.44104619,0,0
21.88000000,40.63790838,40.44207970,40.42316159,40.48885154,0,0
21.89000000,40.59540974,40.47911055,40.45328651,40.42068984,0,0
21.90000000,40.56484381,40.46402892,40.45266685,40.45563018,0,0
21.91000000,40.68166987,40.47973531,40.42169665,40.43638699,0,0
21.92000000,40.65416725,40.48070413,40.38849136,40.45440823,0,0
21.93000000,40.65629413,40.48905081,40.34920168,40.43519709,0,0
21.94000000,40.56157885,40.51542552,40.37235693,40.39565719,0,0
21.95000000,40.58048300,40.48975418,40.35578183,40.43015500,0,0
21.96000000,40.60921799,40.46031294,40.38610955,40.40495069,0,0
21.97000000,40.66450797,40.46344808,40.36356622,40.41856772,0,0
21.98000000,40.62805224,40.37654067,40.35361813,40.44612209,0,0
21.99000000,40.53607915,40.47136296,40.30670805,40.37790224,0,0
22.00000000,40.48877315,40.50186621,40.33182889,40.38096777,0,0
22.01000000,40.66882473,40.51038899,40.31272293,40.40959579,0,0
22.02000000,40.66325860,40.47673252,40.29125877,40.38438876,0,0
22.03000000,40.65466427,40.42626076,40.31865126,40.39208213,0,0
22.04000000,40.51814422,40.40333125,40.34714498,40.40067171,0,0
22.05000000,40.51028918,40.43085793,40.35819790,40.40893152,0,0
22.06000000,40.53735939,40.41171337,40.38956590,40.42705738,0,0
22.07000000,40.55904619,40.42492858,40.33141899,40.39115657,0,0
22.08000000,40.56081327,40.36593284,40.37329198,40.41422557,0,0
22.09000000,40.50605927,40.41306507,40.35331497,40.40194376,0,0
22.10000000,40.56213562,40.41823002,40.34636888,40.45937085,0,0
22.11000000,40.53453560,40.41854641,40.40431603,40.40133399,0,0
22.12000000,40.55558039,40.42692529,40.38315819,40.46725531,0,0
22.13000000,40.56280461,40.38855826,40.38812440,40.40069815,0,0
22.14000000,40.53816296,40.34750018,40.41208782,40.41943603,0,0
22.15000000,40.48443068,40.41252096,40.42744799,40.45913887,0,0
22.16000000,40.51851555,40.42014938,40.40233664,40.44468615,0,0
22.17000000,40.56883825,40.42026827,40.41738623,40.49451362,0,0
22.18000000,40.55670124,40.41949416,40.40764573,40.44975836,0,0
22.19000000,40.53741543,40.42475931,40.45608997,40.45053426,0,0
22.20000000,40.56363932,40.43117635,40.35728846,40.44241252,0,0
22.21000000,40.56247511,40.45116746,40.41050630,40.37760415,0,0
22.22000000,40.54023884,40.43081405,40.29471283,40.42141429,0,0
22.23000000,40.51978591,40.41910659,40.33132225,40.40558475,0,0
22.24000000,40.53295534,40.41917357,40.39873496,40.44227194,0,0
22.25000000,40.60327031,40.46012950,40.43733550,40.52826277,0,0
22.26000000,40.62396526,40.42695736,40.43435891,40.49093213,0,0
22.27000000,40.62459883,40.42350590,40.40450156,40.49871199,0,0
22.28000000,40.58040534,40.44559573,40.40308242,40.45375522,0,0
22.29000000,40.57472224,40.49547613,40.36737302,40.42775998,0,0
22.30000000,40.60208312,40.52501573,40.39563430,40.45033515,0,0
22.31000000,40.58023991,40.48587480,40.37417617,40.45269486,0,0
22.32000000,40.66405642,40.48992307,40.36801779,40.45471831,0,0
22.33000000,40.66724814,40.45530332,40.36799085,40.48857753,0,0
22.34000000,40.69074083,40.52031121,40.38720697,40.43188194,0,0
22.35000000,40.66731743,40.52639632,40.41580953,40.46710419,0,0
22.36000000,40.64087576,40.52887040,40.43502720,40.43416717,0,0
22.37000000,40.61760132,40.51596470,40.40563121,40.39544707,0,0
22.38000000,40.61432023,40.53453608,40.38658991,40.43853798,0,0
22.39000000,40.63783861,40.53675503,40.37085362,40.42399079,0,0
22.40000000,40.65949965,40.51516564,40.40737019,40.41872147,0,0
22.41000000,40.64008541,40.51482330,40.39893777,40.42891084,0,0
22.42000000,40.63887154,40.49739759,40.41582624,40.43254194,0,0
22.43000000,40.64767091,40.53259059,40.40038318,40.46338903,0,0
22.44000000,40.61089704,40.52577880,40.35031996,40.46233357,0,0
22.45000000,40.62209024,40.51280581,40.31985284,40.46458848,0,0
22.46000000,40.63340381,40.49982261,40.30938496,40.45732058,0,0
22.47000000,40.64884424,40.47793673,40.32522737,40.44187287,0,0
22.48000000,40.66085516,40.49715922,40.35062404,40.42391408,0,0
22.49000000,40.65618831,40.52325980,40.34766806,40.39811812,0,0
22.50000000,40.61439051,40.50566354,40.36229612,40.40407132,0,0
22.51000000,40.58453262,40.47573030,40.33510620,40.41773823,0,0
22.52000000,40.60469487,40.46343512,40.34986851,40.42581387,0,0
22.53000000,40.63579887,40.48600042,40.32476521,40.43312747,0,0
22.54000000,40.64050618,40.48781980,40.29159788,40.41223603,0,0
22.55000000,40.59784441,40.48619283,40.34914101,40.44804712,0,0
22.56000000,40.56247428,40.45508296,40.42999978,40.46006697,0,0
22.57000000,40.54584941,40.44380237,40.47267165,40.44934506,0,0
22.58000000,40.55569493,40.45027970,40.46480373,40.48437646,0,0
22.59000000,40.54444041,40.48954763,40.45315651,40.47019686,0,0
22.60000000,40.58771582,40.46049624,40.42438498,40.47399709,0,0
22.61000000,40.65021404,40.42806800,40.44994847,40.49968654,0,0
22.62000000,40.64771960,40.47308148,40.45257354,40.50072788,0,0
22.63000000,40.59367801,40.49419584,40.46399864,40.48664677,0,0
22.64000000,40.52619594,40.50971259,40.43013365,40.50178737,0,0
22.65000000,40.57672470,40.47468474,40.44068819,40.47439088,0,0
22.66000000,40.68182231,40.40500890,40.43795831,40.48919650,0,0
22.67000000,40.68465180,40.42934098,40.39101879,40.47744421,0,0
22.68000000,40.61105990,40.45876957,40.38185018,40.45043206,0,0
22.69000000,40.52051257,40.47391417,40.37671080,40.45746183,0,0
22.70000000,40.55739409,40.53110077,40.40648208,40.47130181,0,0
22.71000000,40.64590544,40.47938357,40.43774335,40.47299509,0,0
22.72000000,40.65041796,40.42217950,40.43604235,40.49984443,0,0
22.73000000,40.65466441,40.40691991,40.39682985,40.47778969,0,0
22.74000000,40.53608920,40.46299088,40.37790156,40.47018362,0,0
22.75000000,40.52030576,40.53201420,40.40631088,40.48912834,0,0
22.76000000,40.56405364,40.45760059,40.47895189,40.48634791,0,0
22.77000000,40.66519895,40.48843818,40.47575546,40.50648053,0,0
22.78000000,40.68124295,40.48635319,40.46522719,40.50377144,0,0
22.79000000,40.64987282,40.54158111,40.41206163,40.49694459,0,0
22.80000000,40.57249101,40.52844606,40.37233352,40.48291359,0,0
22.81000000,40.55700299,40.52118483,40.33723928,40.44512078,0,0
22.82000000,40.65636070,40.45440135,40.35252524,40.45792128,0,0
22.83000000,40.64901823,40.44398854,40.36899618,40.41617957,0,0
22.84000000,40.64038311,40.43315606,40.34639912,40.41315851,0,0
22.85000000,40.60408417,40.55045379,40.31570887,40.47733793,0,0
22.86000000,40.64865111,40.50303307,40.34691584,40.45268573,0,0
22.87000000,40.57746867,40.47538434,40.32549195,40.46792799,0,0
22.88000000,40.60023740,40.42862914,40.45634272,40.51185247,0,0
22.89000000,40.59854917,40.44814313,40.40640168,40.43053982,0,0
22.90000000,40.56340769,40.49971526,40.42274370,40.48728504,0,0
22.91000000,40.47388737,40.47159377,40.39776374,40.47336177,0,0
22.92000000,40.62544361,40.53602923,40.35815701,40.42107969,0,0
22.93000000,40.82225755,40.42165727,40.45765675,40.49453102,0,0
22.94000000,40.80427939,40.48815907,40.46481900,40.47225120,0,0
22.95000000,40.55347268,40.40717076,40.47613548,40.49068625,0,0
22.96000000,40.29854090,40.41845175,40.46191260,40.46923120,0,0
22.97000000,40.44217778,40.49705473,40.40284146,40.42658007,0,0
22.98000000,40.57914043,40.50991105,40.36416211,40.42587784,0,0
22.99000000,40.71254195,40.45114168,40.35544331,40.33882320,0,0
23.00000000,40.57324470,40.37335566,40.35391483,40.41376899,0,0
23.01000000,40.57009006,40.46382545,40.36881303,40.48753249,0,0
23.02000000,40.61267518,40.56850722,40.39301092,40.48173638,0,0
23.03000000,40.66282665,40.53669691,40.34612326,40.49785962,0,0
23.04000000,40.60569104,40.44364370,40.35069112,40.43786958,0,0
23.05000000,40.56648225,40.39313344,40.33082244,40.48477041,0,0
23.06000000,40.63345980,40.46727862,40.39010348,40.46743494,0,0
23.07000000,40.64626120,40.53702365,40.38689212,40.49423774,0,0
23.08000000,40.60307919,40.51427539,40.42455086,40.49587832,0,0
23.09000000,40.54937651,40.39847255,40.41111343,40.42729056,0,0
23.10000000,40.60425618,40.41368720,40.41779366,40.46011899,0,0
23.11000000,40.69399703,40.54034538,40.40159691,40.45674384,0,0
23.12000000,40.71262895,40.55795496,40.33253330,40.50464957,0,0
23.13000000,40.61836839,40.57218336,40.26957035,40.46106661,0,0
23.14000000,40.57701277,40.49978619,40.28856958,40.47828383,0,0
23.15000000,40.58221210,40.47937114,40.55909206,40.54394018,0,0
23.16000000,40.64588759,40.49061412,40.68065689,40.53547876,0,0
23.17000000,40.67884020,40.47874991,40.71586692,40.54723202,0,0
23.18000000,40.65085763,40.53544012,40.49558121,40.49924228,0,0
23.19000000,40.66185327,40.49966147,40.39209644,40.46635328,0,0
23.20000000,40.60896024,40.52119011,40.37777781,40.46457692,0,0
23.21000000,40.62482093,40.50770656,40.40456169,40.42184962,0,0
23.22000000,40.60917760,40.50241875,40.38665419,40.42522198,0,0
23.23000000,40.59510714,40.50066402,40.32454607,40.41999052,0,0
23.24000000,40.60019582,40.50540874,40.29536103,40.43635484,0,0
23.25000000,40.60148668,40.50162384,40.30750365,40.44843309,0,0
23.26000000,40.60911431,40.48327649,40.35912369,40.42818485,0,0
23.27000000,40.62117470,40.45676644,40.40029695,40.44750535,0,0
23.28000000,40.63502817,40.48977066,40.38717256,40.45807583,0,0
23.29000000,40.58363460,40.56847201,40.37015813,40.45912787,0,0
23.30000000,40.56861375,40.55666967,40.28707367,40.43750458,0,0
23.31000000,40.54854367,40.50939272,40.26061908,40.47292926,0,0
23.32000000,40.59548186,40.47224397,40.29202018,40.37398886,0,0
23.33000000,40.60353631,40.43625495,40.30685909,40.39758967,0,0
23.34000000,40.58046169,40.46344891,40.32016299,40.44507946,0,0
23.35000000,40.59323597,40.47824458,40.31206806,40.44371940,0,0
23.36000000,40.59039086,40.45467443,40.30354329,40.48392191,0,0
23.37000000,40.59563782,40.46027133,40.31659781,40.48258895,0,0
23.38000000,40.58240420,40.46369779,40.35383574,40.51493522,0,0
23.39000000,40.57771679,40.49678093,40.42071402,40.54620427,0,0
23.40000000,40.58552760,40.45576433,40.49354573,40.55963205,0,0
23.41000000,40.59330162,40.41280718,40.51060507,40.58988852,0,0
23.42000000,40.62304170,40.36880170,40.55794767,40.55054405,0,0
23.43000000,40.58810526,40.47824196,40.53609614,40.52703573,0,0
23.44000000,40.58092080,40.51921903,40.54267850,40.53248818,0,0
23.45000000,40.56757459,40.59734631,40.52622567,40.55059719,0,0
23.46000000,40.61070056,40.53003980,40.50981542,40.55441512,0,0
23.47000000,40.64539145,40.51024565,40.50859486,40.52914540,0,0
23.48000000,40.68529041,40.48273458,40.50450207,40.47268849,0,0
23.49000000,40.67380591,40.50695064,40.45321791,40.47986984,0,0
23.50000000,40.66132005,40.54374088,40.47108740,40.40594518,0,0
23.51000000,40.65156619,40.55151014,40.45850737,40.42871067,0,0
23.52000000,40.67690375,40.57036809,40.43069222,40.48968990,0,0
23.53000000,40.68687712,40.55553666,40.39786943,40.50982580,0,0
23.54000000,40.64684315,40.56010029,40.34059053,40.46041634,0,0
23.55000000,40.66765986,40.53264676,40.36444220,40.50617310,0,0
23.56000000,40.67883512,40.53453910,40.34565622,40.47045694,0,0
23.57000000,40.67312904,40.54247348,40.32929604,40.47397568,0,0
23.58000000,40.66701691,40.50751923,40.36560607,40.44371506,0,0
23.59000000,40.64452655,40.49682491,40.31206057,40.48993160,0,0
23.60000000,40.66132649,40.53617967,40.36781703,40.51137280,0,0
23.61000000,40.63667399,40.51192074,40.34034679,40.56422785,0,0
23.62000000,40.61176907,40.55833650,40.43690507,40.50990502,0,0
23.63000000,40.59540594,40.52999594,40.39145859,40.54243603,0,0
23.64000000,40.62297850,40.52397009,40.42377199,40.42071847,0,0
23.65000000,40.62508197,40.48024580,40.40609504,40.42081582,0,0
23.66000000,40.59467970,40.49041474,40.39429993,40.45293388,0,0
23.67000000,40.57896232,40.44933817,40.36630058,40.43777738,0,0
23.68000000,40.65251236,40.51585003,40.36636462,40.49761924,0,0
23.69000000,40.64268987,40.56913515,40.35227550,40.46279855,0,0
23.70000000,40.59109085,40.52948933,40.36902198,40.46345223,0,0
23.71000000,40.59222839,40.42687221,40.39535625,40.45680721,0,0
23.72000000,40.59477855,40.52490758,40.40651855,40.44219883,0,0
23.73000000,40.61097198,40.44856106,40.43711394,40.44579826,0,0
23.74000000,40.58945211,40.52243886,40.41144148,40.45230421,0,0
23.75000000,40.54003642,40.48203661,40.42861899,40.47209031,0,0
23.76000000,40.57588146,40.45406463,40.42486403,40.49909897,0,0
23.77000000,40.58631309,40.45911447,40.40988622,40.54598788,0,0
23.78000000,40.61933442,40.49638541,40.43100845,40.54765103,0,0
23.79000000,40.57148835,40.47721357,40.40050586,40.53871059,0,0
23.80000000,40.63186146,40.48821858,40.44378730,40.54713681,0,0
23.81000000,40.62075932,40.48566270,40.46851563,40.49367631,0,0
23.82000000,40.63165491,40.50087662,40.49802512,40.53355551,0,0
23.83000000,40.59795280,40.48026071,40.47793084,40.53479742,0,0
23.84000000,40.60606058,40.49332325,40.46974530,40.54238046,0,0
23.85000000,40.62461216,40.51839105,40.46124461,40.52647054,0,0
23.86000000,40.64663846,40.51771828,40.47878437,40.55894204,0,0
23.87000000,40.66027044,40.51601059,40.45357348,40.49838087,0,0
23.88000000,40.64339446,40.50666284,40.43430979,40.48759824,0,0
23.89000000,40.65631833,40.51632436,40.37938013,40.50163861,0,0
23.90000000,40.59350253,40.49618469,40.37733312,40.44395279,0,0
23.91000000,40.64280557,40.52464509,40.43101109,40.46475816,0,0
23.92000000,40.65942459,40.54099670,40.42614355,40.52158823,0,0
23.93000000,40.66147419,40.51421269,40.40589267,40.48556637,0,0
23.94000000,40.59906979,40.50141503,40.42728049,40.47816648,0,0
23.95000000,40.57997270,40.48595605,40.41883500,40.52486862,0,0
23.96000000,40.64654092,40.54478715,40.42392645,40.48221982,0,0
23.97000000,40.68406739,40.56309630,40.41573577,40.47478643,0,0
23.98000000,40.64325775,40.47926138,40.40301494,40.48409909,0,0
23.99000000,40.60937148,40.44485490,40.36438149,40.46066375,0,0
24.00000000,40.60133204,40.45501431,40.36312655,40.46949322,0,0
24.01000000,40.62562170,40.51883837,40.36618736,40.48881221,0,0
24.02000000,40.62452076,40.52374499,40.35083897,40.45653335,0,0
24.03000000,40.62504993,40.50827540,40.36412552,40.42335881,0,0
24.04000000,40.62593591,40.49292957,40.35501558,40.42222083,0,0
24.05000000,40.61557000,40.47234968,40.35065375,40.44368768,0,0
24.06000000,40.57927951,40.47041399,40.35978339,40.44952834,0,0
24.07000000,40.57171062,40.45254347,40.36303463,40.45586856,0,0
24.08000000,40.55451940,40.43363676,40.36454388,40.44534623,0,0
24.09000000,40.56822787,40.46356379,40.37249729,40.44164039,0,0
24.10000000,40.58814181,40.48095250,40.37084661,40.43391841,0,0
24.11000000,40.59953917,40.47076322,40.36155550,40.43345249,0,0
24.12000000,40.57447899,40.43177213,40.35421455,40.44428410,0,0
24.13000000,40.56204452,40.43487596,40.38682639,40.44601055,0,0
24.14000000,40.57615885,40.46582228,40.41040970,40.45157409,0,0
24.15000000,40.59498025,40.46636995,40.41762125,40.45032399,0,0
24.16000000,40.63092549,40.45643475,40.40369019,40.43507821,0,0
24.17000000,40.62967577,40.41875617,40.38003383,40.45616796,0,0
24.18000000,40.59740617,40.43525566,40.39568739,40.45374873,0,0
24.19000000,40.54997774,40.45427105,40.43748196,40.49802645,0,0
24.20000000,40.54743508,40.49572847,40.44243725,40.50916119,0,0
24.21000000,40.55908441,40.45892613,40.43594273,40.48573572,0,0
24.22000000,40.58800986,40.38620120,40.41685484,40.47432536,0,0
24.23000000,40.57695295,40.41408913,40.39177799,40.45268944,0,0
24.24000000,40.59851312,40.46027939,40.39275380,40.46401949,0,0
24.25000000,40.57459077,40.50947309,40.40897897,40.44457581,0,0
24.26000000,40.61898778,40.47860114,40.43109727,40.44488006,0,0
24.27000000,40.62007633,40.47897132,40.44745266,40.47848477,0,0
24.28000000,40.60112168,40.48043759,40.41704886,40.46285556,0,0
24.29000000,40.56597417,40.51223057,40.39217128,40.47299120,0,0
24.30000000,40.56670707,40.48829339,40.38771850,40.46408667,0,0
24.31000000,40.61397286,40.46181743,40.38085770,40.44415319,0,0
24.32000000,40.62573959,40.44639445,40.37740811,40.44050274,0,0
24.33000000,40.62849844,40.44414688,40.34943948,40.42524505,0,0
24.34000000,40.61325034,40.48833941,40.33415069,40.42024067,0,0
24.35000000,40.59973058,40.47419316,40.25920398,40.43203627,0,0
24.36000000,40.59546762,40.48293362,40.26853839,40.42775708,0,0
24.37000000,40.55578539,40.44849510,40.30341029,40.46142241,0,0
24.38000000,40.57378263,40.42195314,40.34767950,40.44879208,0,0
24.39000000,40.56608280,40.42046700,40.37323703,40.43647017,0,0
24.40000000,40.58942353,40.45129357,40.39851744,40.42375442,0,0
24.41000000,40.58471371,40.41622404,40.37702515,40.46196449,0,0
24.42000000,40.55113317,40.44737244,40.37047144,40.40237374,0,0
24.43000000,40.55200146,40.44827558,40.37085636,40.48805081,0,0
24.44000000,40.63345846,40.48757180,40.37133966,40.39117403,0,0
24.45000000,40.63119911,40.45153583,40.31579715,40.40680759,0,0
24.46000000,40.61595591,40.41435008,40.33935942,40.34503143,0,0
24.47000000,40.51539393,40.42859634,40.33988110,40.35460529,0,0
24.48000000,40.53985871,40.44507596,40.38326416,40.36542976,0,0
24.49000000,40.55386663,40.42086422,40.38481995,40.36695339,0,0
24.50000000,40.58312104,40.44747184,40.38627679,40.41367990,0,0
24.51000000,40.61213150,40.35709338,40.36336328,40.41591782,0,0
24.52000000,40.65737447,40.41855445,40.35806874,40.46608282,0,0
24.53000000,40.54985088,40.42345760,40.38032858,40.41701191,0,0
24.54000000,40.55022249,40.43316162,40.37869625,40.44725883,0,0
24.55000000,40.52473053,40.39008347,40.39401973,40.41812028,0,0
24.56000000,40.59792868,40.42841349,40.38518556,40.40015774,0,0
24.57000000,40.55295857,40.37582947,40.40319336,40.44959411,0,0
24.58000000,40.55121079,40.45910401,40.42388031,40.43512947,0,0
24.59000000,40.47485417,40.42440924,40.40735795,40.44378190,0,0
24.60000000,40.61019508,40.39621992,40.40651378,40.47772325,0,0
24.61000000,40.56666578,40.35564436,40.40791730,40.43680618,0,0
24.62000000,40.64472631,40.42855080,40.38906434,40.41963749,0,0
24.63000000,40.55757897,40.43516143,40.33852846,40.39638319,0,0
24.64000000,40.55644193,40.40890975,40.32717183,40.35532335,0,0
24.65000000,40.55491739,40.41819334,40.29754060,40.37804565,0,0
24.66000000,40.51886278,40.37929998,40.36297077,40.40279507,0,0
24.67000000,40.58886108,40.40333673,40.38089927,40.42231853,0,0
24.68000000,40.53875677,40.39649816,40.37045278,40.44321725,0,0
24.69000000,40.56514497,40.40025310,40.32471799,40.36481929,0,0
24.70000000,40.55059396,40.36712813,40.28949369,40.38699074,0,0
24.71000000,40.58443699,40.37163825,40.27546031,40.33326454,0,0
24.72000000,40.51301533,40.36978109,40.31314131,40.36365742,0,0
24.73000000,40.51315441,40.40414206,40.30528324,40.38725375,0,0
24.74000000,40.56221950,40.38499944,40.37275986,40.37873675,0,0
24.75000000,40.56998439,40.37956398,40.37188783,40.36379184,0,0
24.76000000,40.55532483,40.33853828,40.38994711,40.37728742,0,0
24.77000000,40.43862070,40.33219185,40.38859049,40.36306494,0,0
24.78000000,40.42816179,40.36148928,40.41672873,40.36365188,0,0
24.79000000,40.58924679,40.41182381,40.36087231,40.38192962,0,0
24.80000000,40.64325861,40.38704544,40.33745003,40.37314805,0,0
24.81000000,40.55160624,40.32085490,40.29689457,40.40305303,0,0
24.82000000,40.44351665,40.31261735,40.30834381,40.40248094,0,0
24.83000000,40.45461691,40.35609498,40.33273366,40.40212057,0,0
24.84000000,40.48982945,40.40268851,40.31849354,40.35070942,0,0
24.85000000,40.52912178,40.36816501,40.34001796,40.36062760,0,0
24.86000000,40.52345865,40.33488107,40.31404966,40.35711021,0,0
24.87000000,40.49966490,40.34513790,40.29720220,40.34170979,0,0
24.88000000,40.54055109,40.34360600,40.28658912,40.37469319,0,0
24.89000000,40.55098266,40.35874660,40.27390602,40.34764960,0,0
24.90000000,40.51028602,40.32522582,40.28204796,40.33409604,0,0
24.91000000,40.47537891,40.33280396,40.28209319,40.34241378,0,0
24.92000000,40.48653888,40.32804925,40.27829822,40.31128474,0,0
24.93000000,40.50397997,40.35416342,40.27238722,40.32625366,0,0
24.94000000,40.50676021,40.32924974,40.26458378,40.30693719,0,0
24.95000000,40.47069226,40.28954744,40.24265190,40.30174117,0,0
24.96000000,40.40166133,40.23911721,40.30872134,40.33491463,0,0
24.97000000,40.32939996,40.15072575,40.36089079,40.32427034,0,0
24.98000000,40.30554144,40.12661475,40.28357771,40.31148883,0,0
24.99000000,40.32498022,40.16454506,40.21542584,40.25807731,0,0
25.00000000,40.35052627,40.18402738,40.16088376,40.22290602,0,0
25.01000000,40.35250530,40.23432850,40.17930542,40.20660256,0,0
25.02000000,40.39130187,40.21716295,40.29103999,40.22459247,0,0
25.03000000,40.37345815,40.20145314,40.24693934,40.20867245,0,0
25.04000000,40.35644940,40.20685943,40.16533783,40.17131152,0,0
25.05000000,40.33511683,40.19535183,40.11228132,40.16314142,0,0
25.06000000,40.33048882,40.21084378,40.14763496,40.15309008,0,0
25.07000000,40.31792749,40.16341220,40.08949576,40.16483460,0,0
25.08000000,40.27753535,40.17535975,40.08631880,40.13761732,0,0
25.09000000,40.27886975,40.12492864,40.05874499,40.16733812,0,0
25.10000000,40.30361420,40.12155654,40.07967104,40.17963643,0,0
25.11000000,40.29025454,40.10367556,40.05182883,40.16519047,0,0
25.12000000,40.27013668,40.06537423,40.09479608,40.15132955,0,0
25.13000000,40.19558100,40.10340582,40.04176449,40.16030843,0,0
25.14000000,40.18260722,40.15470565,40.05789358,40.12692258,0,0
25.15000000,40.12816925,40.03976090,40.02621470,40.10487381,0,0
25.16000000,40.18237542,39.99858583,40.02356913,40.11011061,0,0
25.17000000,40.20830245,39.92782330,39.97982355,40.15116022,0,0
25.18000000,40.20541833,40.02710409,40.00703005,40.10593313,0,0
25.19000000,40.12066275,40.00447454,40.00915549,40.11505155,0,0
25.20000000,40.06302631,39.98951639,40.05741894,40.04288464,0,0
25.21000000,40.08877122,39.96759332,39.98980195,40.04330882,0,0
25.22000000,40.12071628,39.99682705,39.99144553,40.01260070,0,0
25.23000000,40.15026651,39.96174316,39.97807807,39.99512834,0,0
25.24000000,40.09462404,39.94984132,39.94546505,39.98222572,0,0
25.25000000,40.03608087,39.94221040,39.98155287,39.94578920,0,0
25.26000000,40.09380195,39.94586365,39.96364689,39.99965747,0,0
25.27000000,40.06944190,40.01688845,39.92470946,39.97492721,0,0
25.28000000,40.06633497,39.92096213,39.91180489,39.98517244,0,0
25.29000000,40.05412719,39.92998731,39.87262221,39.98840547,0,0
25.30000000,40.03432196,39.92535866,39.84015404,39.93079900,0,0
25.31000000,40.00910306,39.89188167,39.81843617,39.96548832,0,0
25.32000000,40.01427421,39.90890693,39.83047058,39.92476282,0,0
25.33000000,40.04100167,39.87455181,39.82565617,39.84736811,0,0
25.34000000,39.99757214,39.84230357,39.87531489,39.93342230,0,0
25.35000000,40.04160226,39.88270968,39.81388497,39.81904802,0,0
25.36000000,40.01423449,39.82276884,39.84180450,39.93030582,0,0
25.37000000,40.03365134,39.84881855,39.80673418,39.90620830,0,0
25.38000000,39.99477653,39.83092688,39.80015242,39.86079668,0,0
25.39000000,39.92564583,39.85581481,39.80627221,39.86506678,0,0
25.40000000,39.92025148,39.84213565,39.80085274,39.85864212,0,0
25.41000000,39.91019979,39.82135995,39.79283717,39.86546628,0,0
25.42000000,39.93160066,39.84901657,39.76152399,39.84076875,0,0
25.43000000,39.94401029,39.76516445,39.73029974,39.82534667,0,0
25.44000000,39.96735698,39.80589301,39.71124885,39.79219894,0,0
25.45000000,39.90546300,39.76191106,39.65718003,39.81290517,0,0
25.46000000,39.90625264,39.81416092,39.66237224,39.73925792,0,0
25.47000000,39.79888054,39.76036231,39.65338406,39.74014459,0,0
25.48000000,39.86186843,39.78370241,39.63957277,39.74931186,0,0
25.49000000,39.89166118,39.73225295,39.63598370,39.70351841,0,0
25.50000000,39.90574616,39.70718345,39.62593174,39.73381768,0,0
25.51000000,39.83648479,39.64577365,39.60140820,39.69059711,0,0
25.52000000,39.78615348,39.70541007,39.60565480,39.70196371,0,0
25.53000000,39.77022715,39.70843928,39.57109183,39.68408146,0,0
25.54000000,39.78086851,39.67950312,39.52317937,39.66281074,0,0
25.55000000,39.80666173,39.66307614,39.49069152,39.66575310,0,0
25.56000000,39.75719276,39.61995060,39.49198086,39.66709733,0,0
25.57000000,39.73653642,39.64596312,39.47667477,39.65665002,0,0
25.58000000,39.72597550,39.63329039,39.57238929,39.68805125,0,0
25.59000000,39.70152494,39.63114971,39.56714448,39.63597200,0,0
25.60000000,39.69629865,39.60326703,39.59741041,39.62495731,0,0
25.61000000,39.64868763,39.55284822,39.55510003,39.58576548,0,0
25.62000000,39.64566837,39.55588496,39.53175069,39.61789506,0,0
25.63000000,39.66445557,39.56223764,39.50240714,39.60468333,0,0
25.64000000,39.68459857,39.55765408,39.48288151,39.58185729,0,0
25.65000000,39.65287103,39.53969344,39.47215407,39.57616517,0,0
25.66000000,39.64776576,39.52400835,39.47346088,39.54567696,0,0
25.67000000,39.64867739,39.52180440,39.49838402,39.54233694,0,0
25.68000000,39.64102170,39.51825576,39.47734195,39.52583255,0,0
25.69000000,39.61152935,39.51207282,39.45201735,39.51664919,0,0
25.70000000,39.58613768,39.49757251,39.40769664,39.51970733,0,0
25.71000000,39.56638603,39.51282835,39.40396255,39.51636647,0,0
25.72000000,39.51912874,39.49302401,39.43530472,39.54513589,0,0
25.73000000,39.51581127,39.47664170,39.43131932,39.53078170,0,0
25.74000000,39.56063358,39.43884008,39.41251745,39.51772023,0,0
25.75000000,39.60126061,39.43138821,39.34788453,39.46887410,0,0
25.76000000,39.58115193,39.42797936,39.34172962,39.45954887,0,0
25.77000000,39.50429116,39.47665082,39.30024245,39.42860413,0,0
25.78000000,39.37773072,39.43020185,39.31565254,39.42934987,0,0
25.79000000,39.42004258,39.41057469,39.31524570,39.43137490,0,0
25.80000000,39.47794417,39.38015282,39.28754343,39.41829718,0,0
25.81000000,39.46262645,39.32847157,39.31954903,39.41733773,0,0
25.82000000,39.39375041,39.35200168,39.26596003,39.38572469,0,0
25.83000000,39.28578400,39.34685849,39.26035032,39.40387080,0,0
25.84000000,39.29277766,39.36891108,39.19339643,39.35889556,0,0
25.85000000,39.37301416,39.28457890,39.15992521,39.32479260,0,0
25.86000000,39.33380796,39.22058560,39.10244767,39.33415506,0,0
25.87000000,39.31974474,39.27042933,39.08860962,39.31765017,0,0
25.88000000,39.16147000,39.27669565,39.04649614,39.32316529,0,0
25.89000000,39.10586969,39.27224059,39.09196075,39.32552011,0,0
25.90000000,39.05758599,39.22317617,39.08949934,39.28662570,0,0
25.91000000,39.18654781,39.12438907,39.08382994,39.27558946,0,0
25.92000000,39.21324324,39.13505423,39.04271452,39.26393007,0,0
25.93000000,39.17890860,39.19257087,39.00065692,39.25166135,0,0
25.94000000,38.98754658,39.17653694,38.95825773,39.26373173,0,0
25.95000000,39.05057564,39.12761316,38.91648916,39.22538520,0,0
25.96000000,39.12097717,39.02400206,38.92122146,39.21050302,0,0
25.97000000,39.14358216,39.08721819,38.89737968,39.14668764,0,0
25.98000000,39.02145158,39.07550077,38.97366831,39.22849435,0,0
25.99000000,38.88984479,39.09135705,38.87801830,39.08363064,0,0
26.00000000,38.99518105,39.08967840,38.96584594,39.15371335,0,0
26.01000000,39.02372430,39.05409684,38.86988996,39.11550610,0,0
26.02000000,39.09258010,39.05315387,38.90531932,39.11241284,0,0
26.03000000,38.90707530,39.01231602,38.95391751,39.17803926,0,0
26.04000000,38.90323826,39.01535302,38.88111841,39.12313396,0,0
26.05000000,38.88070812,39.05103542,38.89909884,39.14652452,0,0
26.06000000,38.94475421,39.03853455,38.75730445,39.11014946,0,0
26.07000000,38.88948486,38.97291605,38.73251711,39.05416824,0,0
26.08000000,38.87739050,38.94076730,38.79114429,39.05044909,0,0
26.09000000,38.88336917,38.96822493,38.81165840,38.99584650,0,0
26.10000000,38.89761233,38.94295787,38.88703863,39.03227251,0,0
26.11000000,38.92686232,38.94919400,38.74983477,38.99472997,0,0
26.12000000,38.85668351,38.91739167,38.67784441,38.90306249,0,0
26.13000000,38.84534203,38.92449086,38.61165576,38.94325479,0,0
26.14000000,38.78373867,38.89813315,38.66522271,38.92445654,0,0
26.15000000,38.85707504,38.93283525,38.66403798,38.90192817,0,0
26.16000000,38.85851846,38.84283535,38.61492764,38.90864807,0,0
26.17000000,38.85944194,38.92106510,38.47548482,38.84855838,0,0
26.18000000,38.77677979,38.91281791,38.46480460,38.88127186,0,0
26.19000000,38.72609920,38.85127506,38.52365098,38.81730286,0,0
26.20000000,38.73087310,38.82674875,38.51821381,38.83522557,0,0
26.21000000,38.78859343,38.90557935,38.47714937,38.85565565,0,0
26.22000000,38.72996117,38.83961628,38.34059030,38.77652342,0,0
26.23000000,38.65899991,38.77830710,38.35710675,38.77318930,0,0
26.24000000,38.61532745,38.71367473,38.38316388,38.75263076,0,0
26.25000000,38.64410616,38.68188111,38.45676075,38.75510902,0,0
26.26000000,38.67058683,38.74191902,38.44516959,38.76539906,0,0
26.27000000,38.65065420,38.70942142,38.43548393,38.71508343,0,0
26.28000000,38.58892850,38.68959061,38.39233366,38.72564578,0,0
26.29000000,38.56408546,38.63597295,38.34536836,38.70568509,0,0
26.30000000,38.60231767,38.62476292,38.32116049,38.69399907,0,0
26.31000000,38.55143626,38.62700576,38.32302764,38.64534277,0,0
26.32000000,38.51028019,38.62521613,38.29921579,38.63593089,0,0
26.33000000,38.45404702,38.60124768,38.32219957,38.63681917,0,0
26.34000000,38.45442696,38.59824569,38.29512362,38.61235928,0,0
26.35000000,38.47667995,38.56792446,38.28748270,38.64936443,0,0
26.36000000,38.45397761,38.50840693,38.24947548,38.63851323,0,0
26.37000000,38.43363052,38.52427582,38.23204594,38.55951763,0,0
26.38000000,38.41435167,38.49284907,38.24930027,38.57009954,0,0
26.39000000,38.41653496,38.45541416,38.24284822,38.50807500,0,0
26.40000000,38.43580448,38.44073562,38.25915477,38.47925879,0,0
26.41000000,38.42203782,38.44481577,38.20753124,38.44755156,0,0
26.42000000,38.33681957,38.45558491,38.18715204,38.48403840,0,0
26.43000000,38.29815453,38.41205847,38.20431627,38.44542727,0,0
26.44000000,38.32370964,38.35966633,38.23305932,38.46301255,0,0
26.45000000,38.38221983,38.34897198,38.23131725,38.49458424,0,0
26.46000000,38.38945552,38.33304288,38.18776467,38.45749050,0,0
26.47000000,38.41834370,38.35782542,38.14577670,38.40838351,0,0
26.48000000,38.32807759,38.37305763,38.12949754,38.38882929,0,0
26.49000000,38.31387658,38.35190068,38.13213854,38.37722777,0,0
26.50000000,38.31167644,38.30459377,38.12183353,38.39838381,0,0
26.51000000,38.32896745,38.32981991,38.13794347,38.35655281,0,0
26.52000000,38.31028028,38.34117888,38.13261175,38.33595333,0,0
26.53000000,38.28103374,38.33200036,38.13823672,38.34339542,0,0
26.54000000,38.26944715,38.30215720,38.15152895,38.30614136,0,0
26.55000000,38.33078735,38.26133875,38.13746250,38.32810622,0,0
26.56000000,38.33433889,38.27409953,38.13442883,38.33667224,0,0
26.57000000,38.33090514,38.28582491,38.10973295,38.29699626,0,0
26.58000000,38.27051510,38.29642304,38.08896388,38.30594732,0,0
26.59000000,38.23726035,38.22650332,38.06889357,38.27848544,0,0
26.60000000,38.28014860,38.23004281,38.04130815,38.28403042,0,0
26.61000000,38.28011837,38.23622199,38.04289974,38.26081503,0,0
26.62000000,38.32097800,38.26594822,38.03515988,38.21163072,0,0
26.63000000,38.23953308,38.31285029,38.07217810,38.20987802,0,0
26.64000000,38.18672469,38.27340843,38.04542316,38.19453815,0,0
26.65000000,38.21393030,38.25596235,38.00424366,38.20773803,0,0
26.66000000,38.19958712,38.25468668,37.94337727,38.23640262,0,0
26.67000000,38.24716720,38.25203014,37.91144116,38.24369275,0,0
26.68000000,38.17734135,38.21968431,37.90140283,38.23619753,0,0
26.69000000,38.19254464,38.23163421,37.93471854,38.20520583,0,0
26.70000000,38.17663781,38.18861582,37.91302805,38.19895486,0,0
26.71000000,38.21162416,38.22054884,37.95868933,38.16026166,0,0
26.72000000,38.17766591,38.25703211,37.89982435,38.16117214,0,0
26.73000000,38.21119506,38.17743273,37.89352286,38.15221200,0,0
26.74000000,38.10072460,38.21714845,37.94202603,38.09933839,0,0
26.75000000,38.16546379,38.11587339,37.89067257,38.16607683,0,0
26.76000000,38.12297476,38.10149946,37.90429625,38.10329882,0,0
26.77000000,38.13578886,38.15396828,37.84386582,38.14576782,0,0
26.78000000,38.13687928,38.12562842,37.87545905,38.09798943,0,0
26.79000000,37.97881029,38.13814774,37.87853187,38.10606828,0,0
26.80000000,38.05094974,38.14210825,37.90716137,38.09550714,0,0
26.81000000,38.04218743,38.16387995,37.90984662,38.11677237,0,0
26.82000000,38.16044883,38.11609982,37.87516811,38.11194039,0,0
26.83000000,38.14732359,38.10244095,37.83654703,38.11035585,0,0
26.84000000,37.99540710,38.05114537,37.95363831,38.09891194,0,0
26.85000000,38.02976758,38.07073922,37.92155602,38.11558436,0,0
26.86000000,37.92268528,38.07584777,38.01966365,38.06057756,0,0
26.87000000,38.07644053,38.05018718,37.91386532,38.09830611,0,0
26.88000000,38.06628872,38.08038850,37.90125083,38.09404114,0,0
26.89000000,38.07039509,38.16080849,37.87276500,38.10105639,0,0
26.90000000,38.24001890,38.24107717,37.90828382,38.13527197,0,0
26.91000000,38.23078964,38.21271501,37.84423462,38.07804721,0,0
26.92000000,38.21608774,38.14026534,37.91163592,38.06253921,0,0
26.93000000,38.10111107,38.14842144,37.81752261,38.06161477,0,0
26.94000000,38.07879145,38.14742556,37.91414427,38.04254010,0,0
26.95000000,38.00646496,38.14191606,37.89808142,38.06079836,0,0
26.96000000,38.13896175,38.10272900,37.93604208,38.08558000,0,0
26.97000000,38.10424416,38.12911054,37.94535491,38.08311796,0,0
26.98000000,38.12411580,38.14380835,37.90452445,38.12170658,0,0
26.99000000,38.06337321,38.09585308,37.98447149,38.16551005,0,0
27.00000000,38.07756749,38.22583229,38.00323399,38.14751193,0,0
27.01000000,38.11503957,38.15437992,37.94926831,38.13662025,0,0
27.02000000,38.11034262,38.16056810,37.95883009,38.13977441,0,0
27.03000000,38.07050383,38.12325940,37.84288957,38.11730197,0,0
27.04000000,38.05559860,38.09726912,37.84931151,38.16152119,0,0
27.05000000,38.10848524,38.10957357,37.87852371,38.18204489,0,0
27.06000000,38.11739014,38.13919310,37.93196326,38.15869937,0,0
27.07000000,38.14229944,38.14602227,37.86608950,38.10633323,0,0
27.08000000,38.13370634,38.14700493,37.85916467,38.12169809,0,0
27.09000000,38.12308294,38.17336448,37.87444933,38.12207718,0,0
27.10000000,38.14517132,38.16940131,37.84006538,38.11903762,0,0
27.11000000,38.16156133,38.15896526,37.85276543,38.10933377,0,0
27.12000000,38.12364831,38.11294694,37.81210948,38.10538045,0,0
27.13000000,38.06170551,38.14770768,37.80140314,38.08797218,0,0
27.14000000,38.08519151,38.17328880,37.84180236,38.10048100,0,0
27.15000000,38.10476528,38.15370508,37.87186298,38.10637087,0,0
27.16000000,38.07248973,38.15741652,37.88711386,38.08371437,0,0
27.17000000,38.11089371,38.09243623,37.83788488,38.06610808,0,0
27.18000000,38.08880633,38.08643828,37.82373717,38.07530294,0,0
27.19000000,38.08903007,38.09936989,37.83588374,38.08022979,0,0
27.20000000,38.11631416,38.14700042,37.87489107,38.05241154,0,0
27.21000000,38.10756938,38.13839331,37.90002733,38.08303374,0,0
27.22000000,38.10073446,38.09390365,37.91939571,38.11017429,0,0
27.23000000,38.07473441,38.09213972,37.92751386,38.07910083,0,0
27.24000000,38.07930270,38.09655924,37.94048576,38.13947704,0,0
27.25000000,38.06835719,38.09923269,37.95870848,38.16212655,0,0
27.26000000,38.10963235,38.10157796,37.90686153,38.11359389,0,0
27.27000000,38.16505920,38.14031203,37.90169880,38.10109938,0,0
27.28000000,38.18607505,38.20098480,37.85358615,38.09984601,0,0
27.29000000,38.16380136,38.15336059,37.84919959,38.10702470,0,0
27.30000000,38.09812282,38.14297400,37.83870574,38.11798407,0,0
27.31000000,38.13082960,38.10531768,37.88103382,38.13954811,0,0
27.32000000,38.16035405,38.12859581,37.94150162,38.13394918,0,0
27.33000000,38.16165708,38.15963537,37.95234491,38.13516350,0,0
27.34000000,38.11201241,38.14134015,37.96723414,38.15359316,0,0
27.35000000,38.13914605,38.13330992,37.98673793,38.13536930,0,0
27.36000000,38.18150993,38.14263281,37.96125043,38.15052160,0,0
27.37000000,38.24226096,38.16850294,37.98053815,38.14410440,0,0
27.38000000,38.21224837,38.16711319,37.97827988,38.16172510,0,0
27.39000000,38.17884311,38.15768094,37.98455655,38.12442132,0,0
27.40000000,38.16571316,38.18555128,37.98953617,38.14113375,0,0
27.41000000,38.21868186,38.18592233,37.96507432,38.13028883,0,0
27.42000000,38.21423431,38.18618050,37.97507980,38.13009943,0,0
27.43000000,38.22466841,38.17074662,37.99096942,38.11340902,0,0
27.44000000,38.23077378,38.17927809,38.01110978,38.13164703,0,0
27.45000000,38.22758289,38.22584246,38.01540443,38.16154876,0,0
27.46000000,38.23882465,38.27904826,38.00258638,38.14508183,0,0
27.47000000,38.21258592,38.24973580,37.95807235,38.19351463,0,0
27.48000000,38.22626878,38.21166279,37.96868485,38.15547869,0,0
27.49000000,38.22980663,38.13342633,37.94193337,38.14687393,0,0
27.50000000,38.27467999,38.17107895,38.00033602,38.19672011,0,0
27.51000000,38.23520651,38.17895419,38.00342818,38.11025491,0,0
27.52000000,38.25165305,38.23796498,38.05095321,38.24912202,0,0
27.53000000,38.23294869,38.20744175,38.00251539,38.18589758,0,0
27.54000000,38.24701463,38.15836583,38.02583718,38.18453902,0,0
27.55000000,38.24385078,38.09095673,38.04267226,38.21199919,0,0
27.56000000,38.29186677,38.11521423,38.04463302,38.17833553,0,0
27.57000000,38.20878850,38.23043161,37.98649082,38.14208196,0,0
27.58000000,38.25633133,38.22555000,37.99312783,38.12368930,0,0
27.59000000,38.22194092,38.22507719,37.98081822,38.10940948,0,0
27.60000000,38.29249202,38.12626862,38.05420996,38.10151714,0,0
27.61000000,38.27854589,38.18000316,37.98971559,38.13908831,0,0
27.62000000,38.24213503,38.15999614,38.05865305,38.20447920,0,0
27.63000000,38.18497447,38.22356519,38.01600455,38.16381821,0,0
27.64000000,38.23825722,38.15672036,38.05634023,38.18087427,0,0
27.65000000,38.28896865,38.17900503,38.06087254,38.12426972,0,0
27.66000000,38.25982611,38.12351378,38.08911283,38.12666014,0,0
27.67000000,38.25865477,38.15535774,38.08933065,38.12077816,0,0
27.68000000,38.24537785,38.16011759,38.09856584,38.16482641,0,0
27.69000000,38.26096389,38.16247001,38.10407856,38.15065367,0,0
27.70000000,38.26550828,38.16774268,38.10230316,38.15580420,0,0
27.71000000,38.30517622,38.13148142,38.12445526,38.17283437,0,0
27.72000000,38.25782057,38.16614145,38.09244358,38.17381706,0,0
27.73000000,38.28275083,38.21283198,38.12616166,38.18430333,0,0
27.74000000,38.22294971,38.17839045,38.11346936,38.21881340,0,0
27.75000000,38.26717498,38.22069563,38.15993490,38.22208917,0,0
27.76000000,38.31451082,38.20664132,38.12844862,38.19421589,0,0
27.77000000,38.34599638,38.21840332,38.13861814,38.24783519,0,0
27.78000000,38.31638365,38.22306363,38.10500126,38.18383093,0,0
27.79000000,38.28334746,38.23335336,38.12431744,38.21734405,0,0
27.80000000,38.29365117,38.24924499,38.14939821,38.21814199,0,0
27.81000000,38.35461694,38.21964984,38.11012446,38.19119615,0,0
27.82000000,38.35872454,38.21312324,38.15351216,38.21497021,0,0
27.83000000,38.34408344,38.23047796,38.12884634,38.19239458,0,0
27.84000000,38.33246884,38.24905027,38.13613227,38.21769775,0,0
27.85000000,38.35213878,38.26094161,38.16090374,38.24287991,0,0
27.86000000,38.37689247,38.26028865,38.14195810,38.21702091,0,0
27.87000000,38.37738757,38.26507392,38.14193449,38.24012855,0,0
27.88000000,38.42163177,38.25270660,38.14919856,38.23814438,0,0
27.89000000,38.41504346,38.26880994,38.13280097,38.22390434,0,0
27.90000000,38.43449461,38.31815498,38.15431265,38.22118721,0,0
27.91000000,38.40409576,38.35086822,38.18236236,38.22503294,0,0
27.92000000,38.41754901,38.33349660,38.17465309,38.20642620,0,0
27.93000000,38.41826721,38.33735968,38.18041725,38.22473258,0,0
27.94000000,38.44568019,38.31341032,38.16985271,38.24927849,0,0
27.95000000,38.44031976,38.32101094,38.20584554,38.24176503,0,0
27.96000000,38.45524413,38.31043619,38.20608579,38.25520325,0,0
27.97000000,38.45585054,38.28737099,38.16022072,38.22575599,0,0
27.98000000,38.44315729,38.28323908,38.17067999,38.22404772,0,0
27.99000000,38.44017824,38.27680307,38.18736158,38.21665830,0,0
28.00000000,38.44591837,38.30073766,38.21591541,38.24573350,0,0
28.01000000,38.46333201,38.27957345,38.20656887,38.23396007,0,0
28.02000000,38.47523260,38.26157618,38.19960597,38.21914478,0,0
28.03000000,38.46865350,38.24697498,38.21189059,38.26879424,0,0
28.04000000,38.47711138,38.27927680,38.22917507,38.23770081,0,0
28.05000000,38.47222443,38.30835868,38.25756277,38.23524428,0,0
28.06000000,38.46514872,38.33040646,38.25594954,38.19561379,0,0
28.07000000,38.44251611,38.29682249,38.22129894,38.19190800,0,0
28.08000000,38.44111772,38.30573197,38.22022000,38.23797549,0,0
28.09000000,38.47523616,38.35459431,38.18637754,38.25045207,0,0
28.10000000,38.49014885,38.29586383,38.22874825,38.26532298,0,0
28.11000000,38.46028042,38.29325928,38.25856936,38.25207450,0,0
28.12000000,38.46822345,38.24727988,38.28466114,38.23808060,0,0
28.13000000,38.45164554,38.30965959,38.27707933,38.21585114,0,0
28.14000000,38.46313363,38.33833355,38.28435661,38.23784233,0,0
28.15000000,38.41928198,38.35904625,38.24713922,38.28301245,0,0
28.16000000,38.46654858,38.31136602,38.27508659,38.28899853,0,0
28.17000000,38.52227144,38.27691727,38.32205871,38.33069031,0,0
28.18000000,38.50746901,38.28317827,38.31886039,38.36222427,0,0
28.19000000,38.49083493,38.31271144,38.32405450,38.37072878,0,0
28.20000000,38.44971637,38.30224265,38.34409185,38.38116503,0,0
28.21000000,38.49836109,38.31775348,38.33144322,38.36587352,0,0
28.22000000,38.46464861,38.33636506,38.35165025,38.37466041,0,0
28.23000000,38.51646131,38.34940011,38.33678472,38.38428292,0,0
28.24000000,38.48710884,38.37167791,38.33981904,38.39860616,0,0
28.25000000,38.50711237,38.33335099,38.33069006,38.35774973,0,0
28.26000000,38.50725274,38.35549028,38.33791008,38.34739626,0,0
28.27000000,38.53446661,38.36729989,38.35001100,38.33947238,0,0
28.28000000,38.54555525,38.38987402,38.37625363,38.33070878,0,0
28.29000000,38.51101229,38.34941870,38.39410461,38.29092867,0,0
28.30000000,38.52828462,38.34949136,38.36216042,38.30854252,0,0
28.31000000,38.57749927,38.33535291,38.37507708,38.28954876,0,0
28.32000000,38.59242682,38.41809105,38.31848352,38.33061164,0,0
28.33000000,38.60372731,38.37023391,38.40249220,38.34357050,0,0
28.34000000,38.51002545,38.43225146,38.35774330,38.27227809,0,0
28.35000000,38.56692123,38.39490707,38.38227581,38.29964693,0,0
28.36000000,38.56407827,38.37330563,38.37007351,38.28701824,0,0
28.37000000,38.57815047,38.48930701,38.31577796,38.28775184,0,0
28.38000000,38.65391537,38.47295680,38.32270232,38.35008708,0,0
28.39000000,38.57283219,38.49282798,38.36056055,38.32198938,0,0
28.40000000,38.57250337,38.41432122,38.34741082,38.38187032,0,0
28.41000000,38.58523691,38.38709474,38.35236666,38.39436561,0,0
28.42000000,38.62233688,38.42529933,38.41162964,38.42654238,0,0
28.43000000,38.59935366,38.44561436,38.38664834,38.43547094,0,0
28.44000000,38.57236212,38.49481338,38.44571099,38.39153688,0,0
28.45000000,38.58521666,38.42338293,38.40983550,38.40124226,0,0
28.46000000,38.62640661,38.38555405,38.41984767,38.40218512,0,0
28.47000000,38.67415185,38.41604734,38.42898617,38.45298662,0,0
28.48000000,38.65540681,38.45586927,38.42432965,38.45508526,0,0
28.49000000,38.61168125,38.48955043,38.43496916,38.44943163,0,0
28.50000000,38.59249912,38.48920147,38.44603048,38.44652195,0,0
28.51000000,38.63299638,38.47036346,38.42474393,38.45895572,0,0
28.52000000,38.66667786,38.43155935,38.41153217,38.42308645,0,0
28.53000000,38.65961943,38.43903345,38.33666374,38.40914440,0,0
28.54000000,38.64147447,38.50017107,38.39665948,38.35788447,0,0
28.55000000,38.57708221,38.54029442,38.40522142,38.36766342,0,0
28.56000000,38.63130498,38.59894286,38.42479495,38.38522397,0,0
28.57000000,38.65402657,38.47112534,38.39672598,38.32855920,0,0
28.58000000,38.66101092,38.46858261,38.36126376,38.37498583,0,0
28.59000000,38.66113087,38.40848866,38.41193583,38.39945803,0,0
28.60000000,38.66938033,38.49606568,38.39207936,38.34904338,0,0
28.61000000,38.63835802,38.52917741,38.44077466,38.43237068,0,0
28.62000000,38.62891565,38.52479071,38.43769542,38.46230769,0,0
28.63000000,38.61663627,38.49592919,38.42491891,38.45239285,0,0
28.64000000,38.65450330,38.47496130,38.44201317,38.48124776,0,0
28.65000000,38.67117516,38.48771319,38.48702831,38.53010783,0,0
28.66000000,38.66776273,38.48348466,38.49536654,38.53683767,0,0
28.67000000,38.64572881,38.45035674,38.49569526,38.54533142,0,0
28.68000000,38.60544478,38.48360720,38.49787337,38.55658937,0,0
28.69000000,38.65749816,38.50565201,38.50782456,38.52259450,0,0
28.70000000,38.66997828,38.55015055,38.52265395,38.53109760,0,0
28.71000000,38.70954211,38.52253187,38.52072610,38.54207784,0,0
28.72000000,38.68258290,38.47269091,38.51744180,38.55019027,0,0
28.73000000,38.63827137,38.48317659,38.51908616,38.56191145,0,0
28.74000000,38.67310836,38.54058364,38.52103764,38.53325092,0,0
28.75000000,38.70334251,38.59123990,38.52804316,38.50080580,0,0
28.76000000,38.73826831,38.52936177,38.51195081,38.46364902,0,0
28.77000000,38.70751288,38.51537289,38.50794607,38.49702607,0,0
28.78000000,38.70946802,38.54226295,38.47237194,38.51181003,0,0
28.79000000,38.72207756,38.56207894,38.47126448,38.54326788,0,0
28.80000000,38.73164625,38.56951228,38.51289039,38.57648213,0,0
28.81000000,38.73054419,38.53561959,38.50642519,38.51420950,0,0
28.82000000,38.74109987,38.50714085,38.51082129,38.47591367,0,0
28.83000000,38.72726976,38.46754446,38.50588794,38.46317112,0,0
28.84000000,38.70221081,38.56144082,38.52772163,38.46518728,0,0
28.85000000,38.72917851,38.62162210,38.50382366,38.47198848,0,0
28.86000000,38.71580910,38.54385973,38.53244724,38.49818603,0,0
28.87000000,38.78439428,38.56857377,38.52297126,38.50497987,0,0
28.88000000,38.73827742,38.52349569,38.54565011,38.57540992,0,0
28.89000000,38.79876787,38.60907731,38.55336861,38.56645949,0,0
28.90000000,38.76598129,38.63802837,38.56088832,38.59300922,0,0
28.91000000,38.77710879,38.61182563,38.58962258,38.55572851,0,0
28.92000000,38.79140007,38.60216125,38.57137269,38.56102430,0,0
28.93000000,38.80204035,38.55581175,38.59897722,38.59066563,0,0
28.94000000,38.82618406,38.59192711,38.58489121,38.60337972,0,0
28.95000000,38.81112485,38.65799024,38.58629033,38.63273561,0,0
28.96000000,38.81460548,38.63162451,38.57972087,38.58743699,0,0
28.97000000,38.83250647,38.58002385,38.59644392,38.58437692,0,0
28.98000000,38.83107986,38.59771668,38.60868223,38.51043567,0,0
28.99000000,38.81975481,38.62817578,38.60935226,38.59223138,0,0
29.00000000,38.80570338,38.66358949,38.61263959,38.53352566,0,0
29.01000000,38.80886870,38.68783083,38.59554574,38.58293084,0,0
29.02000000,38.84820312,38.64884821,38.62545473,38.61945006,0,0
29.03000000,38.88413408,38.64175804,38.65062180,38.61432738,0,0
29.04000000,38.89292040,38.61559292,38.62110691,38.61526036,0,0
29.05000000,38.85597955,38.66137421,38.63906141,38.64573805,0,0
29.06000000,38.80093840,38.69404705,38.62014382,38.64467688,0,0
29.07000000,38.84795072,38.61564098,38.59798714,38.55701804,0,0
29.08000000,38.85793008,38.65404197,38.62254666,38.65119117,0,0
29.09000000,38.92334252,38.63531053,38.60864769,38.54146918,0,0
29.10000000,38.82382934,38.69750299,38.61528521,38.55065406,0,0
29.11000000,38.90219785,38.69287639,38.60546672,38.62166725,0,0
29.12000000,38.85690060,38.67600598,38.59115985,38.55786616,0,0
29.13000000,38.89057351,38.63828271,38.66998721,38.60715981,0,0
29.14000000,38.87126077,38.59749124,38.64982713,38.63439893,0,0
29.15000000,38.83473198,38.66841660,38.66611908,38.55132200,0,0
29.16000000,38.82991885,38.72869527,38.62291903,38.64764960,0,0
29.17000000,38.90479943,38.71667056,38.65733903,38.60705184,0,0
29.18000000,38.87522565,38.62261337,38.65599043,38.61648930,0,0
29.19000000,38.85743651,38.65940669,38.63291658,38.67719676,0,0
29.20000000,38.80696781,38.61387467,38.67891286,38.66269141,0,0
29.21000000,38.86369347,38.76235755,38.68857517,38.68973376,0,0
29.22000000,38.84928778,38.70853295,38.72479456,38.70418628,0,0
29.23000000,38.80136897,38.72453763,38.66361887,38.65451445,0,0
29.24000000,38.87638134,38.66940914,38.66517100,38.69789346,0,0
29.25000000,38.96751860,38.71626937,38.65802724,38.69686113,0,0
29.26000000,38.86509806,38.74839053,38.69106426,38.72643279,0,0
29.27000000,38.87593320,38.67739714,38.72320985,38.76209563,0,0
29.28000000,38.77526091,38.66821206,38.74040790,38.71932264,0,0
29.29000000,38.88241550,38.68818684,38.69658756,38.76713405,0,0
29.30000000,38.89844043,38.69681928,38.69229495,38.70394863,0,0
29.31000000,38.89563760,38.73609203,38.66612169,38.68705608,0,0
29.32000000,38.85540844,38.70009649,38.64502114,38.68322382,0,0
29.33000000,38.88535669,38.75175739,38.68051158,38.68948650,0,0
29.34000000,38.91656008,38.75172871,38.70086786,38.71515931,0,0
29.35000000,38.89021028,38.73215698,38.71957547,38.71341452,0,0
29.36000000,38.88866064,38.72532848,38.68167658,38.71933202,0,0
29.37000000,38.89837001,38.68061491,38.70362379,38.74507501,0,0
29.38000000,38.93956637,38.80371743,38.70062437,38.71247262,0,0
29.39000000,38.89495873,38.75235587,38.72710966,38.70956470,0,0
29.40000000,38.92404136,38.74787960,38.73697659,38.71096026,0,0
29.41000000,38.86171996,38.75314235,38.74723411,38.67634196,0,0
29.42000000,38.94283023,38.74668600,38.73858104,38.71796835,0,0
29.43000000,38.97165033,38.75173414,38.75166300,38.68953054,0,0
29.44000000,38.97595962,38.70601944,38.72374424,38.68855874,0,0
29.45000000,38.94530544,38.71302004,38.72758175,38.69170808,0,0
29.46000000,38.95842485,38.79921789,38.72375192,38.67761505,0,0
29.47000000,38.92751112,38.77476783,38.71483239,38.69270244,0,0
29.48000000,38.90345111,38.75192430,38.81599190,38.71208697,0,0
29.49000000,38.91539414,38.71599257,38.79171174,38.71976747,0,0
29.50000000,39.00032193,38.80102712,38.78090418,38.77071999,0,0
29.51000000,39.15309332,38.81843991,38.73169002,38.77302531,0,0
29.52000000,39.06123740,38.77363126,38.73850144,38.77424497,0,0
29.53000000,38.90400434,38.72011458,38.77302906,38.76036636,0,0
29.54000000,38.86438640,38.72859650,38.80064331,38.75861915,0,0
29.55000000,38.96157042,38.80923607,38.78734969,38.76183439,0,0
29.56000000,39.06799983,38.84474132,38.78881043,38.75681150,0,0
29.57000000,39.06752775,38.80093677,38.72833774,38.77322297,0,0
29.58000000,39.00799649,38.69762141,38.76658021,38.74688026,0,0
29.59000000,38.98208890,38.72996277,38.80018234,38.78985124,0,0
29.60000000,39.00911996,38.84344877,38.84384810,38.75686042,0,0
29.61000000,39.02445483,38.88466952,38.84642701,38.79582424,0,0
29.62000000,38.99896002,38.81838563,38.77969972,38.76666315,0,0
29.63000000,39.02123354,38.77455082,38.75531406,38.76004206,0,0
29.64000000,39.03986455,38.81014666,38.78531345,38.79606226,0,0
29.65000000,39.05294182,38.89004484,38.78855199,38.79182894,0,0
29.66000000,39.01659637,38.87760364,38.79492031,38.81054203,0,0
29.67000000,38.98337935,38.83071004,38.81176003,38.81768462,0,0
29.68000000,38.98608435,38.82816880,38.82431055,38.81674810,0,0
29.69000000,39.09008075,38.84137470,38.82491578,38.82612387,0,0
29.70000000,39.08085992,38.89291035,38.79187520,38.80601840,0,0
29.71000000,39.02137527,38.81742330,38.70964843,38.79920094,0,0
29.72000000,38.99713300,38.83233661,38.74100294,38.78436619,0,0
29.73000000,39.06418907,38.83105744,38.79671956,38.83731499,0,0
29.74000000,39.03829962,38.89506776,38.87178466,38.86542239,0,0
29.75000000,39.06577807,38.88163906,38.97090967,38.86053042,0,0
29.76000000,39.05668396,38.82219249,38.83925483,38.79927890,0,0
29.77000000,38.99502003,38.83797883,38.79907280,38.80386107,0,0
29.78000000,39.09374387,38.89322097,38.79421660,38.83041417,0,0
29.79000000,39.06190160,38.79222091,38.83736660,38.79674145,0,0
29.80000000,38.98353011,38.81555428,38.87073448,38.77505316,0,0
29.81000000,38.98471277,38.79059648,38.85294717,38.81673892,0,0
29.82000000,39.02324363,38.91590296,38.83416004,38.77993469,0,0
29.83000000,39.01652532,38.94633727,38.79970411,38.81503751,0,0
29.84000000,39.06441231,38.89803272,38.85766709,38.80902919,0,0
29.85000000,39.04234067,38.80096312,38.88385287,38.80879751,0,0
29.86000000,39.01970010,38.74963517,38.89299521,38.80757561,0,0
29.87000000,39.07299505,38.84864620,38.87222471,38.83665740,0,0
29.88000000,39.07697703,38.94168998,38.84481970,38.83502771,0,0
29.89000000,39.11115205,38.87020257,38.84405379,38.85684916,0,0
29.90000000,38.96733693,38.82202815,38.84919327,38.81256435,0,0
29.91000000,39.13836501,38.84590828,38.83023885,38.82082734,0,0
29.92000000,39.05151374,38.89496529,38.89863943,38.89235375,0,0
29.93000000,39.10867953,38.84866240,38.84095084,38.81848484,0,0
29.94000000,38.99526549,38.89096013,38.87183366,38.82490472,0,0
29.95000000,39.07514225,38.85480340,38.83947472,38.81709896,0,0
29.96000000,39.04230452,38.85426116,38.92773849,38.87024439,0,0
29.97000000,39.05919805,38.90695078,38.89738764,38.88926532,0,0
29.98000000,39.05732103,38.87103159,38.85680375,38.94655995,0,0
29.99000000,39.08318228,38.89412143,38.90882409,39.01913988,0,0
30.00000000,39.10997703,38.95076617,38.89305902,38.88828257,0,0
30.01000000,39.04176124,38.92436378,38.93643038,38.94085876,0,0
30.02000000,39.11722847,38.87855501,39.00645688,38.94670821,0,0
30.03000000,39.05660720,38.91793592,38.95585138,38.87183117,0,0
30.04000000,39.19475405,38.95616641,38.92318522,38.90557366,0,0
30.05000000,39.08403409,38.95055273,38.91693411,38.91664265,0,0
30.06000000,39.13956702,38.94390906,38.91384326,38.88293148,0,0
30.07000000,39.10100260,38.92541217,38.90742310,38.97316346,0,0
30.08000000,39.12466517,38.96620215,38.88967548,38.85773401,0,0
30.09000000,39.14329361,39.01019864,38.85477462,38.93870529,0,0
30.10000000,39.23201604,38.99780293,38.87759527,38.88152503,0,0
30.11000000,39.16815759,38.95372119,38.89295730,38.88644529,0,0
30.12000000,39.13803543,38.97965436,38.95519075,38.88819229,0,0
30.13000000,39.15905737,39.00075618,38.86557720,38.92501354,0,0
30.14000000,39.12295980,39.06100876,38.92048720,38.92906109,0,0
30.15000000,39.16460721,39.06518510,38.95781344,38.98157388,0,0
30.16000000,39.11149147,39.01391462,38.97416734,38.95089595,0,0
30.17000000,39.14266405,38.98620960,38.96384099,38.94516652,0,0
30.18000000,39.18707464,38.99540462,38.94170923,38.95298686,0,0
30.19000000,39.19912777,39.07993994,38.90887829,38.98070595,0,0
30.20000000,39.14701285,39.03539790,38.92503062,38.96066755,0,0
30.21000000,39.12918955,39.05378377,38.93954357,38.97458228,0,0
30.22000000,39.13979830,39.02925739,38.95651411,38.96801166,0,0
30.23000000,39.19072524,39.00553885,38.97453473,38.97068311,0,0
30.24000000,39.19083250,39.06691673,38.90370397,38.97572170,0,0
30.25000000,39.16006672,39.08300639,38.93975732,38.97966841,0,0
30.26000000,39.13966112,39.10753920,38.94919664,38.96606633,0,0
30.27000000,39.16066012,39.09178610,38.97163016,38.99823507,0,0
30.28000000,39.15551290,39.08086185,38.90953104,39.01268452,0,0
30.29000000,39.13941214,39.08234969,38.92531418,39.01259168,0,0
30.30000000,39.13164945,39.09314211,38.89782361,39.05821317,0,0
30.31000000,39.14625622,39.10931198,38.92773314,39.03865781,0,0
30.32000000,39.18221444,39.08808082,38.95570598,39.06963184,0,0
30.33000000,39.17431825,39.05983296,38.94682492,39.08085311,0,0
30.34000000,39.13402110,39.09350735,38.98668374,39.02758440,0,0
30.35000000,39.13141313,39.09008211,38.98074760,39.06930032,0,0
30.36000000,39.17915917,39.14842837,38.97285971,39.08360174,0,0
30.37000000,39.17905679,39.11729382,38.99249772,39.08648675,0,0
30.38000000,39.19347964,39.10785435,38.99532745,39.10198921,0,0
30.39000000,39.19631853,39.11928394,38.97513271,39.08479636,0,0
30.40000000,39.15575164,39.13632784,38.96259220,39.07110450,0,0
30.41000000,39.21656419,39.14287772,38.99677247,39.07387865,0,0
30.42000000,39.21962882,39.12391757,39.01056013,39.08944576,0,0
30.43000000,39.20963047,39.11960250,38.99291269,39.11567748,0,0
30.44000000,39.18975320,39.15439069,38.97283166,39.10436293,0,0
30.45000000,39.17080323,39.16187757,38.95317032,39.11231334,0,0
30.46000000,39.17200654,39.18741621,39.00198329,39.13147462,0,0
30.47000000,39.19667880,39.15550118,39.03527575,39.10124068,0,0
30.48000000,39.23304447,39.12269986,39.04782100,39.15087659,0,0
30.49000000,39.27602833,39.11605810,39.04987681,39.12552364,0,0
30.50000000,39.20332405,39.14871774,39.04241669,39.13222406,0,0
30.51000000,39.18272664,39.18829883,39.03888949,39.16676534,0,0
30.52000000,39.16627572,39.16872167,39.02421484,39.18072970,0,0
30.53000000,39.20627700,39.10202945,39.04452208,39.16626739,0,0
30.54000000,39.25190349,39.11672376,39.00986055,39.13670046,0,0
30.55000000,39.21806743,39.08508734,39.02837864,39.11105233,0,0
30.56000000,39.23937867,39.16053524,38.99036398,39.11270091,0,0
30.57000000,39.22268559,39.23102625,38.97459421,39.09311282,0,0
30.58000000,39.25891038,39.20835424,38.98813531,39.07313482,0,0
30.59000000,39.18281717,39.12112205,38.96116744,39.10164174,0,0
30.60000000,39.15625134,39.08391191,38.97032180,39.11405338,0,0
30.61000000,39.19462767,39.12133939,38.97557361,39.18053774,0,0
30.62000000,39.27662528,39.20009327,39.00588810,39.14580642,0,0
30.63000000,39.26089311,39.15883639,38.98219639,39.15353944,0,0
30.64000000,39.26284516,39.08373503,39.02709991,39.10305615,0,0
30.65000000,39.18899197,39.08560406,39.06451084,39.12744807,0,0
30.66000000,39.18053025,39.16858271,39.05767392,39.13818061,0,0
30.67000000,39.17569577,39.18632899,39.04201646,39.14914039,0,0
30.68000000,39.22792243,39.11675083,39.04282287,39.15624488,0,0
30.69000000,39.25739147,39.07991177,39.04100577,39.10904455,0,0
30.70000000,39.29270279,39.08356474,39.08207239,39.14966348,0,0
30.71000000,39.24581801,39.15298686,39.06031390,39.13866630,0,0
30.72000000,39.23178284,39.15510835,39.13568206,39.13741239,0,0
30.73000000,39.25465642,39.19388909,39.10016386,39.14572392,0,0
30.74000000,39.22329526,39.18117190,39.10392872,39.15355742,0,0
30.75000000,39.26084800,39.15330535,39.06541394,39.23710235,0,0
30.76000000,39.22338675,39.14398946,39.06718145,39.14816049,0,0
30.77000000,39.28743832,39.15773466,39.07995341,39.19382385,0,0
30.78000000,39.26016932,39.20125903,39.08723580,39.16532502,0,0
30.79000000,39.28351652,39.16505975,39.12493845,39.14170638,0,0
30.80000000,39.29384868,39.14447246,39.13092208,39.16147455,0,0
30.81000000,39.30880714,39.13198514,39.17230951,39.23118396,0,0
30.82000000,39.32917293,39.27834117,39.10119312,39.21180108,0,0
30.83000000,39.31055415,39.25106246,39.07145787,39.21515345,0,0
30.84000000,39.37604091,39.27091088,39.08004576,39.21718757,0,0
30.85000000,39.33727702,39.19074277,39.13018353,39.18905774,0,0
30.86000000,39.39064746,39.20409796,39.13367074,39.19684930,0,0
30.87000000,39.39829862,39.22244779,39.17283222,39.17663096,0,0
30.88000000,39.36703171,39.28746563,39.13032670,39.17588661,0,0
30.89000000,39.36667783,39.28399114,39.11354258,39.18872313,0,0
30.90000000,39.39495690,39.30216187,39.08683800,39.20792482,0,0
30.91000000,39.41302848,39.29007835,39.11139897,39.22592769,0,0
30.92000000,39.42510827,39.29587885,39.10160952,39.22198778,0,0
30.93000000,39.37370625,39.30884502,39.15044500,39.17848719,0,0
30.94000000,39.40708283,39.21358190,39.15199037,39.20265229,0,0
30.95000000,39.38643104,39.28629901,39.16468621,39.14795304,0,0
30.96000000,39.48611539,39.23936852,39.21152701,39.19246275,0,0
30.97000000,39.47960767,39.31741238,39.15307254,39.21452773,0,0
30.98000000,39.44042962,39.29897482,39.16896723,39.21283332,0,0
30.99000000,39.37557203,39.25744147,39.17863543,39.22147000,0,0
31.00000000,39.42715349,39.23708474,39.20036539,39.20004549,0,0
31.01000000,39.43750449,39.22627768,39.19852351,39.19585502,0,0
31.02000000,39.52876758,39.26968073,39.17501029,39.18127982,0,0
31.03000000,39.48375696,39.26549984,39.17476857,39.12006194,0,0
31.04000000,39.44282765,39.28807788,39.16488982,39.11080486,0,0
31.05000000,39.41448285,39.26969543,39.16257756,39.16961180,0,0
31.06000000,39.39156005,39.29404148,39.17390009,39.21376599,0,0
31.07000000,39.44351209,39.26027949,39.17772514,39.22048306,0,0
31.08000000,39.43600043,39.28973758,39.19278044,39.22184340,0,0
31.09000000,39.44209117,39.24810528,39.20606573,39.20118376,0,0
31.10000000,39.44157511,39.23674420,39.23206627,39.19086859,0,0
31.11000000,39.45452613,39.23583146,39.23390065,39.19687026,0,0
31.12000000,39.44899177,39.23243998,39.25706980,39.21372272,0,0
31.13000000,39.44608560,39.24159749,39.25372568,39.25987858,0,0
31.14000000,39.47114788,39.25333661,39.27624013,39.24210486,0,0
31.15000000,39.46491818,39.24525119,39.24386515,39.28552524,0,0
31.16000000,39.46971086,39.24809033,39.24284223,39.23277717,0,0
31.17000000,39.43900958,39.26472332,39.21884149,39.21599071,0,0
31.18000000,39.44467347,39.23936068,39.28051057,39.28628687,0,0
31.19000000,39.44927841,39.24826201,39.29162567,39.25814056,0,0
31.20000000,39.47546645,39.26898790,39.33498632,39.29789403,0,0
31.21000000,39.46692899,39.24717195,39.27822303,39.30172543,0,0
31.22000000,39.45403793,39.23306528,39.20872805,39.29152385,0,0
31.23000000,39.45801724,39.25508746,39.23561374,39.30791141,0,0
31.24000000,39.44549975,39.31069574,39.26531879,39.30060074,0,0
31.25000000,39.49761957,39.28763375,39.29681698,39.26057555,0,0
31.26000000,39.46955163,39.24541176,39.37030934,39.24592298,0,0
31.27000000,39.50496499,39.22540839,39.32286785,39.25247297,0,0
31.28000000,39.50838587,39.26195506,39.31746054,39.25493556,0,0
31.29000000,39.51336604,39.25626891,39.30090480,39.27888272,0,0
31.30000000,39.49181636,39.25712878,39.33163591,39.30621672,0,0
31.31000000,39.52190791,39.26005035,39.34661457,39.24315423,0,0
31.32000000,39.58326491,39.26928040,39.33426957,39.27066362,0,0
31.33000000,39.54165251,39.26910871,39.33551431,39.23130009,0,0
31.34000000,39.51085088,39.28691264,39.31823936,39.21427968,0,0
31.35000000,39.49426580,39.29154081,39.33679335,39.21539122,0,0
31.36000000,39.53096805,39.27995569,39.35393928,39.22771590,0,0
31.37000000,39.57592967,39.25360933,39.36736633,39.26689539,0,0
31.38000000,39.56197595,39.28003449,39.35850311,39.27642283,0,0
31.39000000,39.51812480,39.29494553,39.38029755,39.24123488,0,0
31.40000000,39.57659410,39.30394973,39.38125901,39.26485926,0,0
31.41000000,39.53569649,39.31222666,39.39879024,39.22812312,0,0
31.42000000,39.58647274,39.26708792,39.36947300,39.23805367,0,0
31.43000000,39.53213375,39.32268500,39.37249117,39.23804265,0,0
31.44000000,39.56682497,39.26461838,39.33213723,39.24275000,0,0
31.45000000,39.55912862,39.22885976,39.35099422,39.25171033,0,0
31.46000000,39.58640855,39.29837041,39.36256645,39.23724348,0,0
31.47000000,39.55325124,39.25502909,39.35349880,39.28941892,0,0
31.48000000,39.58741804,39.28076508,39.36363861,39.25739593,0,0
31.49000000,39.52492351,39.30038637,39.31106142,39.26291780,0,0
31.50000000,39.57010365,39.29286186,39.33438077,39.24102496,0,0
31.51000000,39.49523763,39.32723626,39.24314455,39.22017656,0,0
31.52000000,39.56839119,39.28658417,39.32397664,39.26487701,0,0
31.53000000,39.59160819,39.28506190,39.25366774,39.26441412,0,0
31.54000000,39.57830172,39.28997442,39.42064417,39.28929963,0,0
31.55000000,39.59035668,39.28205941,39.36386938,39.30311205,0,0
31.56000000,39.49142424,39.26229710,39.37028691,39.26607932,0,0
31.57000000,39.67329484,39.28635566,39.34524646,39.25054171,0,0
31.58000000,39.55335865,39.31662971,39.35624352,39.27867644,0,0
31.59000000,39.64290873,39.33528569,39.36329631,39.27229018,0,0
31.60000000,39.54978787,39.27130084,39.40988226,39.28206279,0,0
31.61000000,39.60434816,39.26531141,39.42039359,39.26458699,0,0
31.62000000,39.65251681,39.30211834,39.40283390,39.27077493,0,0
31.63000000,39.67157650,39.33512423,39.43896993,39.21538591,0,0
31.64000000,39.63214385,39.34515464,39.38557633,39.28669443,0,0
31.65000000,39.62783973,39.29989944,39.45048483,39.22331148,0,0
31.66000000,39.64813116,39.35068159,39.43703943,39.31884953,0,0
31.67000000,39.68686817,39.32980539,39.48175781,39.30276512,0,0
31.68000000,39.67043744,39.28703657,39.42578184,39.29367839,0,0
31.69000000,39.64439146,39.30539084,39.46276133,39.32556085,0,0
31.70000000,39.65913395,39.30596044,39.48454579,39.29009987,0,0
31.71000000,39.71781373,39.46040699,39.56016114,39.28134120,0,0
31.72000000,39.67487086,39.39623268,39.46452165,39.27823653,0,0
31.73000000,39.71793823,39.34089255,39.50683094,39.27359386,0,0
31.74000000,39.72702634,39.23870670,39.44442168,39.31617816,0,0
31.75000000,39.72783964,39.27810507,39.49342337,39.31397056,0,0
31.76000000,39.73827180,39.36985206,39.50916356,39.28187537,0,0
31.77000000,39.69868508,39.39508266,39.45629280,39.26636597,0,0
31.78000000,39.68221666,39.32350635,39.43642053,39.22609512,0,0
31.79000000,39.71933460,39.29058987,39.42539622,39.23563364,0,0
31.80000000,39.76943599,39.29564677,39.47181292,39.23186069,0,0
31.81000000,39.72984381,39.34875336,39.43726687,39.25071292,0,0
31.82000000,39.66601094,39.35078367,39.42119417,39.23411447,0,0
31.83000000,39.65460648,39.29363635,39.39295153,39.24134197,0,0
31.84000000,39.65874761,39.23770678,39.40990238,39.23251549,0,0
31.85000000,39.72456945,39.33718955,39.43395017,39.24410732,0,0
31.86000000,39.72000083,39.35095223,39.45876827,39.26999797,0,0
31.87000000,39.68730378,39.29663391,39.44533642,39.26664175,0,0
31.88000000,39.66862816,39.26576610,39.46302155,39.24640725,0,0
31.89000000,39.69021878,39.23332214,39.49201440,39.26667224,0,0
31.90000000,39.68444464,39.27723631,39.50665188,39.25398018,0,0
31.91000000,39.70350154,39.30547040,39.50438886,39.22317781,0,0
31.92000000,39.67941146,39.28814734,39.47712929,39.24853054,0,0
31.93000000,39.68875709,39.28217923,39.49273737,39.22814706,0,0
31.94000000,39.71844085,39.26272325,39.51340826,39.27275948,0,0
31.95000000,39.70313934,39.28261211,39.52490473,39.31438969,0,0
31.96000000,39.71546058,39.27008443,39.52848804,39.26930727,0,0
31.97000000,39.69510149,39.29955489,39.53793910,39.27435719,0,0
31.98000000,39.72625719,39.29481853,39.53477817,39.29942239,0,0
31.99000000,39.73704180,39.28074751,39.52653986,39.31034171,0,0
32.00000000,39.70425896,39.30579269,39.53872620,39.35224486,0,0
32.01000000,39.70299358,39.32177766,39.57185888,39.31439493,0,0
32.02000000,39.69659948,39.28948238,39.57643471,39.28989755,0,0
32.03000000,39.74316054,39.28791433,39.60125658,39.31577896,0,0
32.04000000,39.75956895,39.27978066,39.59667592,39.29776469,0,0
32.05000000,39.76216106,39.28150953,39.55855349,39.33030526,0,0
32.06000000,39.74664558,39.29108495,39.55693494,39.35269983,0,0
32.07000000,39.73181959,39.29047363,39.57255473,39.26553462,0,0
32.08000000,39.71214937,39.32776216,39.57528336,39.31808585,0,0
32.09000000,39.76197343,39.25617141,39.58361325,39.33568529,0,0
32.10000000,39.75195129,39.30994290,39.54847286,39.26039867,0,0
32.11000000,39.76213743,39.28108147,39.55278169,39.26910799,0,0
32.12000000,39.74297969,39.32526503,39.57523660,39.26410616,0,0
32.13000000,39.74932275,39.34380974,39.52544772,39.24106896,0,0
32.14000000,39.81512560,39.33516642,39.52453218,39.23089370,0,0
32.15000000,39.77426857,39.33194223,39.49854081,39.25986337,0,0
32.16000000,39.75513954,39.31108167,39.50899050,39.25020785,0,0
32.17000000,39.71779029,39.27752498,39.49793546,39.22859865,0,0
32.18000000,39.78722799,39.27580225,39.48149114,39.23838325,0,0
32.19000000,39.76555463,39.32706258,39.49983351,39.20853982,0,0
32.20000000,39.73604238,39.24740019,39.51749121,39.21139867,0,0
32.21000000,39.69142205,39.27062012,39.53006358,39.24889158,0,0
32.22000000,39.77007993,39.26372157,39.57245639,39.26429956,0,0
32.23000000,39.80055059,39.30611823,39.52921512,39.22932427,0,0
32.24000000,39.75430402,39.29001816,39.53931017,39.26160350,0,0
32.25000000,39.69414618,39.23693032,39.52831954,39.25894275,0,0
32.26000000,39.74113606,39.27861378,39.58647701,39.25018328,0,0
32.27000000,39.83984600,39.26861816,39.58354660,39.27418492,0,0
32.28000000,39.79559697,39.36278022,39.58525686,39.27236057,0,0
32.29000000,39.78093831,39.28920886,39.57146106,39.26666485,0,0
32.30000000,39.72524959,39.31461387,39.61839766,39.31495546,0,0
32.31000000,39.81964837,39.31894558,39.58818209,39.32613919,0,0
32.32000000,39.84225149,39.30990868,39.66576618,39.31928242,0,0
32.33000000,39.83190243,39.30882358,39.57043084,39.26356047,0,0
32.34000000,39.82881289,39.26275063,39.59722119,39.25446307,0,0
32.35000000,39.83462001,39.27789081,39.54068399,39.24613138,0,0
32.36000000,39.85579036,39.32845664,39.62254932,39.26057852,0,0
32.37000000,39.85754086,39.34409504,39.64059412,39.30125311,0,0
32.38000000,39.79490864,39.24596719,39.65626706,39.27132575,0,0
32.39000000,39.83087364,39.31331709,39.62829738,39.27006854,0,0
32.40000000,39.90770756,39.30534167,39.66089772,39.30430009,0,0
32.41000000,39.86672152,39.40016253,39.68654447,39.26603139,0,0
32.42000000,39.85383279,39.38322885,39.63093810,39.28423088,0,0
32.43000000,39.80620254,39.36809439,39.63732410,39.24286524,0,0
32.44000000,39.86933404,39.29700662,39.60656125,39.24349669,0,0
32.45000000,39.87564759,39.34258751,39.63187363,39.29757710,0,0
32.46000000,39.90410007,39.33065866,39.59846806,39.29612846,0,0
32.47000000,39.71529733,39.39917208,39.59023416,39.29340553,0,0
32.48000000,39.78287248,39.40101819,39.56263509,39.25504124,0,0
32.49000000,39.93622034,39.36582241,39.56299117,39.25363191,0,0
32.50000000,39.90606903,39.29897702,39.61453663,39.25725804,0,0
32.51000000,39.89982999,39.29590050,39.57083751,39.30286487,0,0
32.52000000,39.76589747,39.32966851,39.59630797,39.32310773,0,0
32.53000000,39.84788170,39.38428113,39.55060577,39.32196611,0,0
32.54000000,39.81480746,39.36165645,39.58010742,39.30390445,0,0
32.55000000,39.85737346,39.34427980,39.57773826,39.29301493,0,0
32.56000000,39.77333295,39.28107738,39.59555043,39.30178701,0,0
32.57000000,39.83926642,39.30636872,39.62108753,39.30156313,0,0
32.58000000,39.81208987,39.32805287,39.60699224,39.27522806,0,0
32.59000000,39.79845912,39.30587481,39.60842312,39.25755362,0,0
32.60000000,39.85266999,39.29677264,39.59687324,39.26773860,0,0
32.61000000,39.84273092,39.31089731,39.58955104,39.26383291,0,0
32.62000000,39.81846295,39.36138372,39.62025905,39.22246908,0,0
32.63000000,39.74115056,39.33392779,39.64479015,39.25728637,0,0
32.64000000,39.76216170,39.27309898,39.62529018,39.23842720,0,0
32.65000000,39.82063029,39.25604422,39.64951477,39.26054428,0,0
32.66000000,39.85218234,39.28216647,39.66901327,39.29533709,0,0
32.67000000,39.78784069,39.29090386,39.69759089,39.27054334,0,0
32.68000000,39.77110865,39.27456259,39.69633939,39.28442191,0,0
32.69000000,39.78680693,39.26998214,39.69725165,39.30173160,0,0
32.70000000,39.86742129,39.28236159,39.60515482,39.29307278,0,0
32.71000000,39.88319817,39.25793291,39.60540862,39.27959344,0,0
32.72000000,39.81793268,39.27666545,39.68031229,39.27314198,0,0
32.73000000,39.74890762,39.30599024,39.66333844,39.25681899,0,0
32.74000000,39.75639603,39.31640383,39.67015572,39.25139256,0,0
32.75000000,39.83172457,39.29393911,39.64350170,39.28385620,0,0
32.76000000,39.87705125,39.24839298,39.66875439,39.31296956,0,0
32.77000000,39.85721096,39.26976459,39.66792513,39.30146184,0,0
32.78000000,39.82476632,39.34784836,39.63832164,39.31539435,0,0
32.79000000,39.78726688,39.36111727,39.63260069,39.31587714,0,0
32.80000000,39.78310976,39.34504966,39.61041576,39.29429127,0,0
32.81000000,39.87161780,39.26457586,39.62844790,39.29878631,0,0
32.82000000,39.87541089,39.26503536,39.62234408,39.30111039,0,0
32.83000000,39.83166250,39.31453099,39.70377049,39.25781347,0,0
32.84000000,39.77401257,39.32886099,39.66716802,39.30243140,0,0
32.85000000,39.75522853,39.31880782,39.67205254,39.26989421,0,0
32.86000000,39.85973590,39.31296805,39.64988827,39.29765612,0,0
32.87000000,39.88197545,39.30691940,39.64547576,39.29603448,0,0
32.88000000,39.90873313,39.34082813,39.61319512,39.29135128,0,0
32.89000000,39.78263961,39.35345471,39.64944551,39.27618035,0,0
32.90000000,39.81979594,39.33469314,39.55959239,39.29576613,0,0
32.91000000,39.83174046,39.33943841,39.55337305,39.28779314,0,0
32.92000000,39.87833278,39.36087380,39.61032247,39.29698474,0,0
32.93000000,39.86444617,39.34752043,39.63369921,39.31334126,0,0
32.94000000,39.81773424,39.37974841,39.63568842,39.30142180,0,0
32.95000000,39.86118228,39.32396332,39.60382240,39.28182060,0,0
32.96000000,39.88259675,39.38081786,39.58149903,39.30666659,0,0
32.97000000,39.81795264,39.30491935,39.57492673,39.28461217,0,0
32.98000000,39.83053730,39.33308734,39.62540538,39.27268095,0,0
32.99000000,39.84375858,39.33634199,39.68170833,39.26464241,0,0
33.00000000,39.91251845,39.34511542,39.65233107,39.22624884,0,0
33.01000000,39.88136090,39.34060589,39.63260541,39.28721615,0,0
33.02000000,39.84502499,39.33723491,39.63018761,39.27174334,0,0
33.03000000,39.81022516,39.37448792,39.66194937,39.30186267,0,0
33.04000000,39.79682197,39.37516738,39.75058862,39.28395855,0,0
33.05000000,39.88093418,39.33686120,39.64544910,39.29823838,0,0
33.06000000,39.84721151,39.30109329,39.67648659,39.30344161,0,0
33.07000000,39.91237847,39.37013371,39.56313564,39.33309980,0,0
33.08000000,39.84680659,39.33699601,39.59064101,39.27828583,0,0
33.09000000,39.81168244,39.42039526,39.66441037,39.31308357,0,0
33.10000000,39.80021228,39.32926164,39.63151882,39.30712710,0,0
33.11000000,39.86021048,39.35362018,39.64930589,39.25591235,0,0
33.12000000,39.80011618,39.30744057,39.61369269,39.33763682,0,0
33.13000000,39.88363886,39.40811846,39.58028689,39.27023778,0,0
33.14000000,39.87565041,39.38276972,39.64198192,39.30123931,0,0
33.15000000,39.84375096,39.35146324,39.62762618,39.35062807,0,0
33.16000000,39.84681618,39.32054544,39.67258637,39.27024954,0,0
33.17000000,39.81176229,39.40342200,39.65040649,39.38442042,0,0
33.18000000,39.84904374,39.41638931,39.64085889,39.33148282,0,0
33.19000000,39.80966884,39.41706162,39.62950853,39.35785837,0,0
33.20000000,39.90535892,39.33047100,39.57439687,39.30673570,0,0
33.21000000,39.84319093,39.36953503,39.60608831,39.29445462,0,0
33.22000000,39.79789837,39.38343976,39.60590735,39.34109117,0,0
33.23000000,39.76710463,39.43532861,39.67871439,39.34459645,0,0
33.24000000,39.77260249,39.41463703,39.61013584,39.36291534,0,0
33.25000000,39.91232450,39.39021665,39.63783722,39.36795297,0,0
33.26000000,39.94320751,39.36340357,39.60182654,39.35381203,0,0
33.27000000,39.91472792,39.32779732,39.58517124,39.38704534,0,0
33.28000000,39.79674971,39.41666948,39.64600331,39.37582404,0,0
33.29000000,39.77412032,39.41337203,39.65582032,39.35776392,0,0
33.30000000,39.75841716,39.45560847,39.68926610,39.39016820,0,0
33.31000000,39.83454290,39.42597866,39.66831768,39.32761461,0,0
33.32000000,39.78404525,39.34091857,39.62439596,39.34526219,0,0
33.33000000,39.81792361,39.32114823,39.60598289,39.33466997,0,0
33.34000000,39.83744657,39.36850236,39.58745230,39.35074991,0,0
33.35000000,39.84422266,39.45765426,39.58216558,39.30419475,0,0
33.36000000,39.71871920,39.43219847,39.59013066,39.32565033,0,0
33.37000000,39.74804912,39.42859737,39.60968145,39.32462903,0,0
33.38000000,39.76016010,39.38600055,39.60446369,39.34314094,0,0
33.39000000,39.84112581,39.46705927,39.59493956,39.38397871,0,0
33.40000000,39.80545362,39.43592095,39.58901765,39.39510806,0,0
33.41000000,39.76433333,39.37234892,39.60201171,39.37431828,0,0
33.42000000,39.74197186,39.37948767,39.59292701,39.39439236,0,0
33.43000000,39.77951650,39.42533748,39.65093722,39.39807804,0,0
33.44000000,39.79433589,39.45285566,39.59385993,39.41176869,0,0
33.45000000,39.80000303,39.42545589,39.54103526,39.43092407,0,0
33.46000000,39.79367899,39.42261534,39.49841278,39.42462116,0,0
33.47000000,39.81142117,39.43594933,39.51978980,39.40182179,0,0
33.48000000,39.79604589,39.44278406,39.61364749,39.40991498,0,0
33.49000000,39.77718142,39.41808041,39.67575733,39.43214415,0,0
33.50000000,39.74912775,39.44782918,39.64201153,39.37240422,0,0
33.51000000,39.78777545,39.50139869,39.65629409,39.44051233,0,0
33.52000000,39.80256709,39.51451040,39.58825286,39.44568222,0,0
33.53000000,39.81860049,39.51586190,39.58291807,39.50497072,0,0
33.54000000,39.80089317,39.44865745,39.58363941,39.47789911,0,0
33.55000000,39.78946500,39.47861356,39.61500340,39.45344641,0,0
33.56000000,39.79735238,39.50580553,39.58203184,39.45983088,0,0
33.57000000,39.77597225,39.52797338,39.61971610,39.43546746,0,0
33.58000000,39.75857843,39.51673412,39.60448386,39.44081603,0,0
33.59000000,39.79597665,39.50287310,39.58072249,39.44740738,0,0
33.60000000,39.83819241,39.54653512,39.60218759,39.48786963,0,0
33.61000000,39.81742502,39.55356690,39.61193739,39.47448611,0,0
33.62000000,39.80805376,39.49901590,39.60601618,39.50509987,0,0
33.63000000,39.73079764,39.52208123,39.59263573,39.50797804,0,0
33.64000000,39.76561493,39.54568939,39.57573061,39.46518532,0,0
33.65000000,39.74423752,39.59762110,39.54227075,39.43570339,0,0
33.66000000,39.76555138,39.57018717,39.51087134,39.45040252,0,0
33.67000000,39.73592058,39.49289618,39.48907317,39.45167140,0,0
33.68000000,39.79130820,39.54737296,39.49151324,39.47794876,0,0
33.69000000,39.77824638,39.54117053,39.53093855,39.50963886,0,0
33.70000000,39.75128074,39.60563950,39.49146326,39.49572208,0,0
33.71000000,39.69040469,39.55801923,39.50913701,39.48191787,0,0
33.72000000,39.65811229,39.55263108,39.45167152,39.44041002,0,0
33.73000000,39.72142813,39.50760831,39.46296420,39.44540656,0,0
33.74000000,39.72321663,39.48648592,39.40181873,39.49612725,0,0
33.75000000,39.69685346,39.49272103,39.49831328,39.48239271,0,0
33.76000000,39.65106408,39.48049267,39.50054667,39.50776703,0,0
33.77000000,39.69082329,39.56787814,39.52822059,39.46106371,0,0
33.78000000,39.68892515,39.52436085,39.50373847,39.50202091,0,0
33.79000000,39.66455334,39.56536536,39.50003260,39.49518414,0,0
33.80000000,39.61423762,39.48582004,39.48510007,39.46056614,0,0
33.81000000,39.65875771,39.49206143,39.47225470,39.52809624,0,0
33.82000000,39.64082646,39.51872595,39.47759207,39.48068224,0,0
33.83000000,39.63942086,39.52017152,39.55142046,39.50197512,0,0
33.84000000,39.64397489,39.60063444,39.52339543,39.55575222,0,0
33.85000000,39.62272601,39.51944370,39.61379917,39.52996518,0,0
33.86000000,39.65613154,39.58668414,39.53554837,39.56965019,0,0
33.87000000,39.68368429,39.49533645,39.55035061,39.56275571,0,0
33.88000000,39.64229819,39.60776281,39.48447699,39.56759687,0,0
33.89000000,39.65908367,39.54518733,39.53973748,39.57626447,0,0
33.90000000,39.67859039,39.55248825,39.50457361,39.54811418,0,0
33.91000000,39.68040787,39.64438734,39.58312731,39.60899934,0,0
33.92000000,39.67428160,39.56578494,39.53986551,39.62043254,0,0
33.93000000,39.65422708,39.59461856,39.56188854,39.59113450,0,0
33.94000000,39.67382436,39.53120571,39.50580636,39.59542068,0,0
33.95000000,39.72122120,39.59402527,39.51102221,39.62886887,0,0
33.96000000,39.65433315,39.61695292,39.51263103,39.59753800,0,0
33.97000000,39.67423692,39.65962308,39.49452267,39.58760742,0,0
33.98000000,39.68926114,39.68756244,39.44320869,39.63154612,0,0
33.99000000,39.77332549,39.66909923,39.46196572,39.58124199,0,0
34.00000000,39.76361564,39.63372321,39.48531073,39.63754251,0,0
34.01000000,39.71192625,39.65180257,39.49844414,39.60179171,0,0
34.02000000,39.65390465,39.65542772,39.49786997,39.66134018,0,0
34.03000000,39.73283100,39.69112895,39.47860199,39.64245216,0,0
34.04000000,39.74314482,39.67064033,39.47277793,39.62215601,0,0
34.05000000,39.76276396,39.62785259,39.44608266,39.63612699,0,0
34.06000000,39.76357028,39.65452274,39.44183116,39.57621778,0,0
34.07000000,39.75047063,39.71443943,39.45239733,39.62709274,0,0
34.08000000,39.73907148,39.67979193,39.47270249,39.55719842,0,0
34.09000000,39.69428997,39.67772966,39.44207336,39.56763256,0,0
34.10000000,39.68479869,39.65661340,39.47091621,39.54292203,0,0
34.11000000,39.72656025,39.69950819,39.45406776,39.51775800,0,0
34.12000000,39.73699373,39.67222946,39.45720357,39.55904144,0,0
34.13000000,39.71371476,39.70593207,39.44029142,39.53999492,0,0
34.14000000,39.67909458,39.63235627,39.44472904,39.61463483,0,0
34.15000000,39.69001437,39.65646735,39.48823768,39.61547030,0,0
34.16000000,39.70064965,39.66800132,39.46041618,39.61740070,0,0
34.17000000,39.71194593,39.67014051,39.47321671,39.57627200,0,0
34.18000000,39.68282984,39.64017488,39.44760587,39.56355406,0,0
34.19000000,39.67687329,39.64728605,39.40837341,39.58357032,0,0
34.20000000,39.68360607,39.66291357,39.45182896,39.60741390,0,0
34.21000000,39.68433256,39.64989658,39.47188203,39.63302847,0,0
34.22000000,39.66415360,39.62190261,39.54366802,39.64964173,0,0
34.23000000,39.65856367,39.62853409,39.50476961,39.64048887,0,0
34.24000000,39.69504797,39.58776908,39.50293980,39.65196569,0,0
34.25000000,39.69419154,39.61345545,39.47067285,39.65508764,0,0
34.26000000,39.67505944,39.68747803,39.47692982,39.63052808,0,0
34.27000000,39.66080475,39.68140417,39.49775340,39.63400136,0,0
34.28000000,39.66696677,39.67354317,39.48933564,39.60564597,0,0
34.29000000,39.66615598,39.68045853,39.52176277,39.64212287,0,0
34.30000000,39.72965629,39.70221508,39.52623830,39.70031609,0,0
34.31000000,39.69937802,39.67273944,39.52701445,39.67700134,0,0
34.32000000,39.68655995,39.68753615,39.50946739,39.69100655,0,0
34.33000000,39.69729572,39.69375832,39.49363776,39.69401529,0,0
34.34000000,39.72328725,39.73306318,39.51860081,39.71709752,0,0
34.35000000,39.71113454,39.67987903,39.54020827,39.73111053,0,0
34.36000000,39.71589225,39.62747996,39.54215635,39.73134893,0,0
34.37000000,39.71575432,39.67960214,39.55571251,39.75746035,0,0
34.38000000,39.75083328,39.74593812,39.54057613,39.70624082,0,0
34.39000000,39.78120817,39.74740237,39.53470315,39.67980609,0,0
34.40000000,39.74268838,39.70805297,39.54277229,39.69071712,0,0
34.41000000,39.73046374,39.67600749,39.54111212,39.67425112,0,0
34.42000000,39.72731283,39.68686181,39.55518796,39.69263379,0,0
34.43000000,39.75455009,39.75788028,39.53604141,39.69139832,0,0
34.44000000,39.75030788,39.77437350,39.52763249,39.72725764,0,0
34.45000000,39.72121664,39.72824863,39.49601106,39.67325880,0,0
34.46000000,39.73501914,39.71294026,39.49979074,39.66854886,0,0
34.47000000,39.74731080,39.74139543,39.46254589,39.68125010,0,0
34.48000000,39.75480378,39.70673909,39.50512377,39.59234500,0,0
34.49000000,39.73778775,39.64709604,39.46001945,39.61417281,0,0
34.50000000,39.70899703,39.71268064,39.48130597,39.67085215,0,0
34.51000000,39.73173156,39.69992291,39.43987811,39.61625496,0,0
34.52000000,39.65966486,39.72422128,39.47456687,39.63336962,0,0
34.53000000,39.68558980,39.66818540,39.44214774,39.68428150,0,0
34.54000000,39.68669384,39.65299985,39.48721155,39.62452296,0,0
34.55000000,39.72194684,39.64792143,39.47277808,39.67616996,0,0
34.56000000,39.69715271,39.67697651,39.49208433,39.67522661,0,0
34.57000000,39.68900353,39.67600033,39.46525165,39.65153635,0,0
34.58000000,39.64848577,39.61396227,39.42361710,39.65187302,0,0
34.59000000,39.71522036,39.66000955,39.46069474,39.61531926,0,0
34.60000000,39.70583004,39.63308811,39.43353678,39.66915996,0,0
34.61000000,39.59592244,39.69733131,39.51819293,39.70405300,0,0
34.62000000,39.76163858,39.66851908,39.51539144,39.71727545,0,0
34.63000000,39.66061159,39.71364643,39.54783725,39.65901437,0,0
34.64000000,39.81255173,39.61287109,39.55202866,39.70171432,0,0
34.65000000,39.67565819,39.67081417,39.55580739,39.71050781,0,0
34.66000000,39.74375525,39.64616862,39.57355315,39.70242577,0,0
34.67000000,39.60029495,39.66856411,39.61731156,39.78149997,0,0
34.68000000,39.72300761,39.68334985,39.54637222,39.71291418,0,0
34.69000000,39.75176897,39.72181392,39.62051396,39.72331771,0,0
34.70000000,39.79413398,39.76292277,39.54690176,39.68722135,0,0
34.71000000,39.76337647,39.72421793,39.59351148,39.71818584,0,0
34.72000000,39.70802716,39.71777411,39.61229231,39.67806259,0,0
34.73000000,39.77057694,39.71514563,39.62065389,39.72343027,0,0
34.74000000,39.77909140,39.74156313,39.60035177,39.73188129,0,0
34.75000000,39.81337154,39.76125464,39.53971565,39.74776401,0,0
34.76000000,39.79648822,39.86074727,39.51101305,39.76653911,0,0
34.77000000,39.80380878,39.77472185,39.57244344,39.79590534,0,0
34.78000000,39.77143723,39.77148116,39.55618757,39.77724461,0,0
34.79000000,39.82882819,39.71505669,39.54968133,39.79421057,0,0
34.80000000,39.84805385,39.80981305,39.60167510,39.76147657,0,0
34.81000000,39.86537971,39.76495774,39.49663485,39.76288429,0,0
34.82000000,39.81104393,39.80994966,39.59657509,39.73450641,0,0
34.83000000,39.85627801,39.73465633,39.53092373,39.74704440,0,0
34.84000000,39.85786822,39.79539884,39.53766636,39.73815691,0,0
34.85000000,39.89879039,39.78439845,39.54828676,39.74177750,0,0
34.86000000,39.85002127,39.83308899,39.61057735,39.72385793,0,0
34.87000000,39.83532733,39.81215417,39.59289086,39.67932853,0,0
34.88000000,39.77996458,39.78138814,39.55955601,39.67796974,0,0
34.89000000,39.83068216,39.82877565,39.53426242,39.64502803,0,0
34.90000000,39.86256204,39.82153623,39.46605090,39.60246789,0,0
34.91000000,39.84581681,39.82897798,39.52731186,39.69597826,0,0
34.92000000,39.80642987,39.81360623,39.50792849,39.67372431,0,0
34.93000000,39.75699225,39.81185567,39.56951701,39.71304335,0,0
34.94000000,39.83679015,39.82948907,39.54689973,39.72013414,0,0
34.95000000,39.80353308,39.81693789,39.53337643,39.66307754,0,0
34.96000000,39.83314468,39.76736219,39.53332579,39.70167582,0,0
34.97000000,39.77021886,39.76677631,39.57240443,39.72063556,0,0
34.98000000,39.78731666,39.78368464,39.57836732,39.73314256,0,0
34.99000000,39.79123817,39.82261697,39.61098021,39.82385695,0,0
35.00000000,39.83293034,39.83200754,39.57142539,39.81300973,0,0
35.01000000,39.82194335,39.76400874,39.57011073,39.79341725,0,0
35.02000000,39.81600691,39.77072354,39.56484143,39.80784852,0,0
35.03000000,39.79156927,39.79581438,39.59036913,39.83467732,0,0
35.04000000,39.79982487,39.82698873,39.58353536,39.83557263,0,0
35.05000000,39.79838262,39.84277375,39.57276716,39.83630303,0,0
35.06000000,39.81461889,39.82721787,39.58482370,39.84247865,0,0
35.07000000,39.81077353,39.79544258,39.62538953,39.84433346,0,0
35.08000000,39.80936027,39.83355414,39.66604357,39.84398759,0,0
35.09000000,39.82769655,39.85163897,39.67776059,39.83724074,0,0
35.10000000,39.84077593,39.81186266,39.66758374,39.83269269,0,0
35.11000000,39.85311517,39.80273731,39.64278224,39.81368577,0,0
35.12000000,39.83492993,39.81489311,39.67695675,39.84025898,0,0
35.13000000,39.83378389,39.84805863,39.68553322,39.83788479,0,0
35.14000000,39.86600845,39.88449245,39.71035115,39.84012043,0,0
35.15000000,39.85115272,39.84932542,39.67727875,39.84458517,0,0
35.16000000,39.89161375,39.87210595,39.66552162,39.83116932,0,0
35.17000000,39.86251324,39.83134384,39.70294031,39.82874024,0,0
35.18000000,39.85501339,39.82548116,39.63911559,39.85052481,0,0
35.19000000,39.82072534,39.87928573,39.64834630,39.77508543,0,0
35.20000000,39.84576377,39.87768602,39.61084706,39.85559096,0,0
35.21000000,39.87802138,39.86296615,39.59824467,39.81224132,0,0
35.22000000,39.99244492,39.86859594,39.62563543,39.84861192,0,0
35.23000000,40.01061314,39.87980741,39.66238858,39.89398898,0,0
35.24000000,39.88151900,39.91694410,39.68917017,39.87439754,0,0
35.25000000,39.84263599,39.90045672,39.68488920,39.83627062,0,0
35.26000000,39.85539487,39.86513958,39.68429393,39.88961932,0,0
35.27000000,39.92393750,39.89375415,39.67902811,39.85013849,0,0
35.28000000,39.87672034,39.86758685,39.65070801,39.83888415,0,0
35.29000000,39.94874182,39.87817743,39.64964667,39.88348896,0,0
35.30000000,39.86663477,39.89772640,39.63910949,39.84595713,0,0
35.31000000,39.97044376,39.87462569,39.65602547,39.86256288,0,0
35.32000000,39.92783283,39.86570616,39.64582438,39.88387396,0,0
35.33000000,39.84136340,39.89190196,39.60914240,39.81876189,0,0
35.34000000,39.88483699,39.91781102,39.63032774,39.84180166,0,0
35.35000000,39.79143454,39.91044243,39.61973465,39.83025709,0,0
35.36000000,39.98277316,39.90467605,39.62958488,39.84371668,0,0
35.37000000,39.92097837,39.87144018,39.65135115,39.95665813,0,0
35.38000000,39.87940724,39.88585134,39.66895437,39.87770694,0,0
35.39000000,39.83008980,39.90123815,39.66322223,39.93473979,0,0
35.40000000,39.92159605,39.92861237,39.69447942,39.91692298,0,0
35.41000000,39.93460545,39.87610376,39.60472542,39.83387475,0,0
35.42000000,39.86366127,39.82725083,39.58922914,39.90512169,0,0
35.43000000,39.83990094,39.88910262,39.58381223,39.88210104,0,0
35.44000000,39.89988068,39.90288218,39.66019054,39.85483546,0,0
35.45000000,39.89954543,39.92180270,39.71876642,39.90154041,0,0
35.46000000,39.90509559,39.87886492,39.79668102,39.83790362,0,0
35.47000000,39.89219138,39.92483453,39.72589693,39.89065251,0,0
35.48000000,39.85239174,39.90423831,39.71632050,39.92794047,0,0
35.49000000,39.92924361,39.93651760,39.68146133,39.86350638,0,0
35.50000000,39.86589025,39.91290319,39.76194492,39.92097756,0,0
35.51000000,39.91199335,39.92065017,39.61285030,39.88136830,0,0
35.52000000,39.85217914,39.91617001,39.71275359,39.91358549,0,0
35.53000000,39.91107247,39.96316111,39.70575920,39.93742163,0,0
35.54000000,39.93894443,39.98891291,39.76041726,39.92647673,0,0
35.55000000,40.00882670,39.95595532,39.68730783,39.92755019,0,0
35.56000000,39.90329921,39.91980492,39.70339621,39.93257917,0,0
35.57000000,39.87375184,39.92601450,39.76802540,39.92466477,0,0
35.58000000,39.80271339,39.97081820,39.66258950,39.96573190,0,0
35.59000000,39.92334245,39.95077671,39.72927287,39.94147949,0,0
35.60000000,39.94789452,39.93536387,39.68961446,39.96273331,0,0
35.61000000,39.91798143,39.96587973,39.68697579,39.98216397,0,0
35.62000000,39.87317014,39.92698291,39.68485778,39.94580458,0,0
35.63000000,39.83586307,40.01647553,39.75187525,39.99117367,0,0
35.64000000,39.85295113,40.01387732,39.70418387,39.92189304,0,0
35.65000000,39.85635357,40.00616106,39.64143888,39.92743267,0,0
35.66000000,39.90729880,39.98927442,39.61720664,39.93862959,0,0
35.67000000,39.85619413,39.98619522,39.60413172,39.95714116,0,0
35.68000000,39.89483272,40.00875294,39.61059556,39.97387164,0,0
35.69000000,39.89607638,39.99902838,39.64392214,39.98539267,0,0
35.70000000,39.90868614,40.00105143,39.65260189,39.95715855,0,0
35.71000000,39.88556194,39.99195782,39.65709173,39.97879324,0,0
35.72000000,39.89078176,40.01337648,39.64739118,39.93773997,0,0
35.73000000,39.86919776,40.00750049,39.63830486,39.94824691,0,0
35.74000000,39.87349315,40.02849328,39.61967557,39.98112209,0,0
35.75000000,39.87909838,39.97461166,39.61972627,39.95910063,0,0
35.76000000,39.85226240,39.95014703,39.63488181,39.96837868,0,0
35.77000000,39.81305453,40.00563711,39.70656191,40.01915590,0,0
35.78000000,39.81911158,40.04197729,39.71775371,40.00215562,0,0
35.79000000,39.85419392,39.99407413,39.67087574,40.00495359,0,0
35.80000000,39.84992235,39.97108365,39.67298785,39.99811169,0,0
35.81000000,39.83791235,40.00668651,39.65346379,40.00708320,0,0
35.82000000,39.86423811,40.02398021,39.70219055,40.01121243,0,0
35.83000000,39.81856557,40.07764381,39.71960958,39.99513407,0,0
35.84000000,39.81239298,40.06110037,39.72512100,40.03302465,0,0
35.85000000,39.82451943,40.02727941,39.68968953,40.01505210,0,0
35.86000000,39.88764140,39.99612556,39.67068178,40.02530998,0,0
35.87000000,39.94590010,40.04632211,39.64011649,40.04670330,0,0
35.88000000,39.94433445,40.06395079,39.64440055,40.04655540,0,0
35.89000000,39.91706885,40.07339606,39.63811660,40.04337854,0,0
35.90000000,39.90787436,40.07030333,39.64276695,40.04731031,0,0
35.91000000,39.88792115,40.04251065,39.64742253,40.03418708,0,0
35.92000000,39.88664183,40.05193814,39.66972793,40.03371385,0,0
35.93000000,39.95386548,40.06687235,39.66595147,40.03826287,0,0
35.94000000,39.96708638,40.05237619,39.67468397,40.06076245,0,0
35.95000000,39.98726998,40.09522025,39.70466872,40.05794379,0,0
35.96000000,39.89940829,40.06301718,39.71289733,40.04092117,0,0
35.97000000,39.93254522,40.09186696,39.73527253,40.07512155,0,0
35.98000000,39.94101849,40.12253268,39.75979814,40.10224011,0,0
35.99000000,39.94042284,40.11251634,39.77545272,40.10208224,0,0
36.00000000,39.93391552,40.09749937,39.72873779,40.07526346,0,0
36.01000000,39.92535605,40.09404089,39.75263556,40.08998914,0,0
36.02000000,40.00392176,40.08288640,39.74801139,40.04535097,0,0
36.03000000,40.00347165,40.09484251,39.75107434,40.02205963,0,0
36.04000000,40.00596534,40.09635773,39.75527489,40.06566001,0,0
36.05000000,39.84669295,40.09801925,39.75780240,40.03238104,0,0
36.06000000,39.94886904,40.10293854,39.70045163,40.04338129,0,0
36.07000000,39.97427269,40.09201814,39.64065643,40.02771732,0,0
36.08000000,40.03380098,40.12847713,39.60263539,40.00213060,0,0
36.09000000,39.95897954,40.06288273,39.58526771,40.03743818,0,0
36.10000000,39.94511090,40.13211868,39.62525183,40.04347679,0,0
36.11000000,39.93951698,40.10940061,39.68474697,40.04962330,0,0
36.12000000,39.99592891,40.12624896,39.63830436,40.05999918,0,0
36.13000000,39.96290693,40.12699513,39.63517695,40.08359894,0,0
36.14000000,39.96255123,40.06601596,39.56830194,40.09643583,0,0
36.15000000,39.95531800,40.11769762,39.62156330,40.10774552,0,0
36.16000000,39.96936051,40.07671877,39.73627722,40.15237456,0,0
36.17000000,39.95001140,40.10700080,39.75538003,40.07671830,0,0
36.18000000,39.97061576,40.01694137,39.82190695,40.11207035,0,0
36.19000000,39.97726043,40.07784232,39.69690392,40.10791667,0,0
36.20000000,39.97310212,40.07300752,39.83340299,40.09773551,0,0
36.21000000,40.03190122,40.09051709,39.78309716,40.18905312,0,0
36.22000000,39.95736571,40.13560936,39.80511220,40.09059835,0,0
36.23000000,39.95227843,40.08900368,39.76044264,40.10186713,0,0
36.24000000,39.95802203,40.09659302,39.83532147,40.11715216,0,0
36.25000000,40.10349313,40.10469727,39.81386487,40.11343039,0,0
36.26000000,39.97673020,40.19178391,39.87761143,40.13040704,0,0
36.27000000,40.12136358,40.12572687,39.81947288,40.10859500,0,0
36.28000000,39.94695546,40.20834457,39.78963916,40.15122001,0,0
36.29000000,40.04578696,40.11129937,39.82637303,40.10269366,0,0
36.30000000,40.01867114,40.13894008,39.85603575,40.13219854,0,0
36.31000000,40.11775705,40.12861005,39.84107216,40.16938699,0,0
36.32000000,40.03547375,40.08204172,39.81140717,40.08155824,0,0
36.33000000,40.08750313,40.12332796,39.79232181,40.17170430,0,0
36.34000000,40.06462323,40.12275332,39.84987482,40.08834924,0,0
36.35000000,40.09400737,40.09232584,39.83261242,40.12027808,0,0
36.36000000,40.09585158,40.13685633,39.85346912,40.13159926,0,0
36.37000000,40.07710483,40.17074092,39.83711237,40.12160066,0,0
36.38000000,40.01778328,40.15860102,39.83421736,40.12337597,0,0
36.39000000,40.00826097,40.15126698,39.79918473,40.08524756,0,0
36.40000000,40.09323676,40.08883292,39.76757689,40.08257447,0,0
36.41000000,40.10084271,40.11195230,39.78914748,40.04779068,0,0
36.42000000,40.09098619,40.12627460,39.75673256,40.07899286,0,0
36.43000000,40.04032430,40.18120728,39.80483908,40.07219038,0,0
36.44000000,40.05197379,40.15817066,39.74928319,40.07350732,0,0
36.45000000,40.08076057,40.14154637,39.78900097,40.06622213,0,0
36.46000000,40.07802443,40.15543862,39.68613581,40.05857333,0,0
36.47000000,40.06743015,40.08846293,39.79041314,40.04465812,0,0
36.48000000,40.03268318,40.06704840,39.81174507,40.08786491,0,0
36.49000000,40.09054033,40.09435445,39.83746862,40.13250299,0,0
36.50000000,40.05704397,40.11456100,39.82378752,40.10648514,0,0
36.51000000,40.05869835,40.09086963,39.81338954,40.16776582,0,0
36.52000000,40.03111048,40.09607502,39.79526504,40.15059956,0,0
36.53000000,40.05043648,40.09805457,39.85625546,40.14428991,0,0
36.54000000,40.05346290,40.06842930,39.84762125,40.20173308,0,0
36.55000000,40.04847084,40.08694530,39.85813144,40.12724644,0,0
36.56000000,40.01823785,40.06382572,39.86008096,40.10252795,0,0
36.57000000,40.07111518,40.10977342,39.89928571,40.13546678,0,0
36.58000000,40.10077211,40.12599659,39.91954250,40.07412017,0,0
36.59000000,40.06097164,40.11632817,39.93471323,40.15337269,0,0
36.60000000,40.05494354,40.10598990,39.93361700,40.18634559,0,0
36.61000000,40.06255516,40.12057312,39.91168966,40.12925182,0,0
36.62000000,40.07060381,40.06062997,39.91583583,40.14569950,0,0
36.63000000,40.09307948,40.08333457,39.91122212,40.11418011,0,0
36.64000000,40.12127654,40.11680555,39.92155731,40.11705557,0,0
36.65000000,40.12582177,40.15135725,39.93318587,40.09964364,0,0
36.66000000,40.10708678,40.16178088,39.91125787,40.11189773,0,0
36.67000000,40.13425667,40.09828049,39.90065734,40.11517298,0,0
36.68000000,40.11577251,40.10344232,39.93007952,40.09817659,0,0
36.69000000,40.12012769,40.15082888,39.89844047,40.14197193,0,0
36.70000000,40.13241364,40.15467678,39.89069372,40.11928257,0,0
36.71000000,40.11480915,40.16155429,39.87014526,40.07864570,0,0
36.72000000,40.14431440,40.14431614,39.89876926,40.08430424,0,0
36.73000000,40.14807744,40.15498088,39.88838831,40.13831879,0,0
36.74000000,40.14358608,40.19983787,39.87289582,40.15223579,0,0
36.75000000,40.13882958,40.20517038,39.90013586,40.17546579,0,0
36.76000000,40.16133980,40.20884226,39.91301670,40.19746757,0,0
36.77000000,40.14606727,40.12773195,39.90312735,40.16933843,0,0
36.78000000,40.23453330,40.10289303,39.90815455,40.16938879,0,0
36.79000000,40.18513819,40.09343403,39.90862923,40.18645797,0,0
36.80000000,40.18185858,40.17638808,39.93862611,40.15876125,0,0
36.81000000,40.10016759,40.18176107,39.95830075,40.17390226,0,0
36.82000000,40.11978914,40.21839806,39.91925726,40.13960460,0,0
36.83000000,40.15874978,40.06088333,39.92758374,40.11182795,0,0
36.84000000,40.20119133,40.08933451,39.89128645,40.13025506,0,0
36.85000000,40.17968732,40.09669079,39.86513191,40.07012124,0,0
36.86000000,40.15502318,40.17945106,39.82794848,40.07641905,0,0
36.87000000,40.15362951,40.19011751,39.90422770,40.09029505,0,0
36.88000000,40.15018302,40.16931094,39.93141117,40.05627074,0,0
36.89000000,40.13977825,40.11338486,39.88082605,40.11793847,0,0
36.90000000,40.20656066,40.14482463,39.93866550,40.12959777,0,0
36.91000000,40.15463496,40.16992071,39.90678725,40.09312245,0,0
36.92000000,40.21290151,40.16875670,39.95869082,40.13135105,0,0
36.93000000,40.25426247,40.08583184,39.98249741,40.08321199,0,0
36.94000000,40.24115251,40.11251745,39.99891005,40.06223327,0,0
36.95000000,40.18732085,40.14051132,39.97513632,40.12375966,0,0
36.96000000,40.13309394,40.17843234,40.00599601,40.11603692,0,0
36.97000000,40.15326318,40.16273558,39.92391552,40.15511669,0,0
36.98000000,40.19285703,40.14166023,40.00305999,40.15367017,0,0
36.99000000,40.21468859,40.10857866,39.97556151,40.16008671,0,0
37.00000000,40.22183502,40.09908021,40.03999506,40.14622283,0,0
37.01000000,40.19305085,40.16019939,40.04588741,40.08620652,0,0
37.02000000,40.20951337,40.12140126,40.07383231,40.20237947,0,0
37.03000000,40.19858803,40.17043278,40.07928814,40.19105079,0,0
37.04000000,40.20802683,40.17147843,40.00793754,40.20529534,0,0
37.05000000,40.18411135,40.17538311,40.01644268,40.24844081,0,0
37.06000000,40.21844499,40.18491241,40.04304503,40.16819530,0,0
37.07000000,40.24795623,40.14986916,40.05195833,40.16417216,0,0
37.08000000,40.23266612,40.10495482,40.07515578,40.17538538,0,0
37.09000000,40.21440523,40.15397149,40.01265195,40.12742758,0,0
37.10000000,40.19889474,40.20889873,40.02520842,40.12314672,0,0
37.11000000,40.20303833,40.30468014,39.96303054,40.12594848,0,0
37.12000000,40.23070178,40.15708388,39.92080068,40.09784645,0,0
37.13000000,40.21369291,40.16264546,39.95678106,40.11594631,0,0
37.14000000,40.24134057,40.10282972,39.88560047,40.12038349,0,0
37.15000000,40.21753504,40.24255852,39.97441602,40.10773856,0,0
37.16000000,40.21003367,40.20561387,39.99694249,40.05567047,0,0
37.17000000,40.17764496,40.21459003,40.00612360,40.09837446,0,0
37.18000000,40.19219729,40.18402591,39.94898395,40.13102115,0,0
37.19000000,40.23822746,40.15875905,39.95081239,40.18713257,0,0
37.20000000,40.21932769,40.17307605,39.93478145,40.19336184,0,0
37.21000000,40.22854860,40.18915643,39.96181064,40.24753887,0,0
37.22000000,40.16701747,40.14390007,39.97678298,40.15763936,0,0
37.23000000,40.25078724,40.10051581,40.00615783,40.16440098,0,0
37.24000000,40.33847149,40.10527825,40.02725906,40.16076243,0,0
37.25000000,40.29578896,40.20638993,40.01844335,40.15473479,0,0
37.26000000,40.21674750,40.19790230,40.00047443,40.15201265,0,0
37.27000000,40.13232528,40.15373958,40.03746125,40.17143122,0,0
37.28000000,40.19551708,40.14871073,40.05412990,40.13066506,0,0
37.29000000,40.27029235,40.11793912,40.08176708,40.13085800,0,0
37.30000000,40.28498174,40.14498771,40.08848773,40.10353176,0,0
37.31000000,40.27380685,40.10992847,40.05800749,40.09791176,0,0
37.32000000,40.19495613,40.16508985,40.05962717,40.08693401,0,0
37.33000000,40.19575365,40.15366219,40.04576837,40.13365262,0,0
37.34000000,40.19791999,40.19558791,40.06477539,40.16895841,0,0
37.35000000,40.24937044,40.15272724,40.05147754,40.14121756,0,0
37.36000000,40.25345434,40.14091545,40.05066555,40.13543203,0,0
37.37000000,40.31703348,40.14625648,40.06757174,40.13629382,0,0
37.38000000,40.30538041,40.17988855,40.07407771,40.15916558,0,0
37.39000000,40.32024195,40.14063555,40.08648513,40.14722177,0,0
37.40000000,40.30126640,40.15078386,40.07439533,40.15134876,0,0
37.41000000,40.28015073,40.17097165,40.06214964,40.17762740,0,0
37.42000000,40.27020837,40.19290329,40.02999017,40.20180638,0,0
37.43000000,40.25034185,40.19761315,40.03753483,40.17770266,0,0
37.44000000,40.25642629,40.17275505,39.99745013,40.18522178,0,0
37.45000000,40.28143141,40.16111482,39.98600498,40.13332172,0,0
37.46000000,40.27657143,40.14435988,40.04253590,40.12487032,0,0
37.47000000,40.24744384,40.16315597,40.11588702,40.11272417,0,0
37.48000000,40.20189183,40.19850799,40.07993835,40.17430389,0,0
37.49000000,40.22137705,40.18491291,40.03326603,40.20221097,0,0
37.50000000,40.25520706,40.14207738,39.98830859,40.18113797,0,0
37.51000000,40.38193518,40.14775568,40.01913785,40.18446353,0,0
37.52000000,40.42324845,40.20545324,40.08201959,40.21051706,0,0
37.53000000,40.27530366,40.27997673,40.09483094,40.15878412,0,0
37.54000000,40.25592518,40.19411317,40.11641527,40.15743543,0,0
37.55000000,40.21395716,40.17577602,40.08774656,40.16763848,0,0
37.56000000,40.30707316,40.14638628,40.02838734,40.16790847,0,0
37.57000000,40.30011148,40.17251880,39.98413041,40.14846897,0,0
37.58000000,40.29703100,40.19125006,39.99280161,40.14822876,0,0
37.59000000,40.21936444,40.19167414,39.98032040,40.13272829,0,0
37.60000000,40.25588806,40.21494775,40.04704872,40.09325394,0,0
37.61000000,40.28568987,40.09854362,40.03252602,40.12898839,0,0
37.62000000,40.30376011,40.21252416,40.06777496,40.07493081,0,0
37.63000000,40.28689630,40.16503599,40.09745325,40.11464324,0,0
37.64000000,40.22207394,40.17021991,40.07090357,40.18814644,0,0
37.65000000,40.25182696,40.20050821,40.10605919,40.16258182,0,0
37.66000000,40.27207571,40.18142482,40.11968850,40.21334199,0,0
37.67000000,40.28433343,40.18401037,40.14393600,40.19467120,0,0
37.68000000,40.25176466,40.12090320,40.13059490,40.18252056,0,0
37.69000000,40.25326691,40.15310315,40.11656005,40.23054741,0,0
37.70000000,40.31878620,40.23443378,40.05066044,40.15928774,0,0
37.71000000,40.34425917,40.25584769,39.95333351,40.21630383,0,0
37.72000000,40.36491413,40.19110944,39.99257579,40.05039799,0,0
37.73000000,40.26525637,40.23064405,39.95698825,40.13584461,0,0
37.74000000,40.25186436,40.10883981,40.16658574,40.09867970,0,0
37.75000000,40.19270646,40.18365586,40.15721800,40.17880535,0,0
37.76000000,40.22720838,40.06708246,40.08885294,40.18774284,0,0
37.77000000,40.27878923,40.12023140,40.06881988,40.13083717,0,0
37.78000000,40.30950441,40.25742294,40.10458796,40.16797679,0,0
37.79000000,40.35316353,40.25487146,40.06188949,40.19970055,0,0
37.80000000,40.25831840,40.25686697,40.10334679,40.25079007,0,0
37.81000000,40.32032576,40.15186868,40.08631892,40.22390924,0,0
37.82000000,40.29612416,40.20082926,40.06857927,40.22840876,0,0
37.83000000,40.36377146,40.20366643,40.06336738,40.25022343,0,0
37.84000000,40.26402997,40.24678416,40.08735177,40.15314578,0,0
37.85000000,40.25289094,40.16976918,40.07217296,40.25303095,0,0
37.86000000,40.30266330,40.17838473,40.15605071,40.20903060,0,0
37.87000000,40.41265805,40.21427648,40.08257998,40.19839280,0,0
37.88000000,40.34247515,40.25920346,40.09142149,40.18553511,0,0
37.89000000,40.28861543,40.23908928,40.07143245,40.13166586,0,0
37.90000000,40.28912992,40.21429721,40.09560185,40.13064724,0,0
37.91000000,40.34138568,40.20332411,40.00110458,40.11926426,0,0
37.92000000,40.40381969,40.23085652,40.03885945,40.07335585,0,0
37.93000000,40.28488270,40.31005927,40.04175566,40.21642316,0,0
37.94000000,40.30239996,40.28051152,40.14828525,40.18827013,0,0
37.95000000,40.30560795,40.21074492,40.14194635,40.25532952,0,0
37.96000000,40.35309488,40.20618228,40.16407073,40.29209021,0,0
37.97000000,40.37407492,40.25661691,40.12222523,40.19077406,0,0
37.98000000,40.34625238,40.20110529,40.07916761,40.22973102,0,0
37.99000000,40.30029177,40.23965449,40.07652185,40.19674086,0,0
38.00000000,40.31687998,40.21678755,40.09712612,40.17958942,0,0
38.01000000,40.35588688,40.25878050,40.11059128,40.21536609,0,0
38.02000000,40.36874518,40.23320718,40.10764284,40.17313274,0,0
38.03000000,40.31318671,40.22825921,40.11789919,40.19764259,0,0
38.04000000,40.32732561,40.23184380,40.16616142,40.20982456,0,0
38.05000000,40.30771756,40.26409527,40.12292178,40.22272554,0,0
38.06000000,40.32582676,40.19839259,40.09277392,40.19703552,0,0
38.07000000,40.32820677,40.22469564,40.09738420,40.19042396,0,0
38.08000000,40.33649775,40.27029791,40.08509426,40.15050781,0,0
38.09000000,40.37215762,40.23389138,40.06223627,40.21965408,0,0
38.10000000,40.31889031,40.24553416,40.09256816,40.25279358,0,0
38.11000000,40.31823242,40.22097473,40.05975592,40.21650742,0,0
38.12000000,40.36493634,40.30730031,40.10649382,40.18461391,0,0
38.13000000,40.36205740,40.22037505,40.08822250,40.18402672,0,0
38.14000000,40.34502524,40.22796961,40.09451541,40.17814948,0,0
38.15000000,40.32333524,40.21901971,40.12325542,40.21297263,0,0
38.16000000,40.33387201,40.22464070,40.10746196,40.22851275,0,0
38.17000000,40.35708839,40.24947925,40.13770719,40.26922457,0,0
38.18000000,40.36837529,40.21226835,40.14717569,40.21163661,0,0
38.19000000,40.33968461,40.21743140,40.13847320,40.21970438,0,0
38.20000000,40.30293033,40.24800983,40.15636622,40.23209257,0,0
38.21000000,40.33153508,40.29746250,40.13089857,40.20912237,0,0
38.22000000,40.35667344,40.28334965,40.15286871,40.21343015,0,0
38.23000000,40.31707272,40.19183886,40.15605868,40.19675572,0,0
38.24000000,40.35500817,40.18570299,40.17933613,40.23350894,0,0
38.25000000,40.34534165,40.25263756,40.16875782,40.27692954,0,0
38.26000000,40.36701274,40.30317374,40.12853962,40.24905626,0,0
38.27000000,40.36157723,40.31420900,40.14787124,40.23539546,0,0
38.28000000,40.37417260,40.24682837,40.11455359,40.25458240,0,0
38.29000000,40.35259432,40.23040323,40.13038222,40.22106302,0,0
38.30000000,40.34366516,40.23084953,40.15205349,40.24431241,0,0
38.31000000,40.32779942,40.28345133,40.13151701,40.25013013,0,0
38.32000000,40.32832237,40.22878214,40.14068672,40.21240999,0,0
38.33000000,40.37284240,40.24403238,40.11162767,40.21297253,0,0
38.34000000,40.36651631,40.22427529,40.12266780,40.17596393,0,0
38.35000000,40.38374869,40.20270904,40.14285088,40.28389317,0,0
38.36000000,40.30463194,40.20283947,40.11354484,40.20801419,0,0
38.37000000,40.33191551,40.25300904,40.10847404,40.19517615,0,0
38.38000000,40.28898898,40.26536985,40.10906274,40.22424943,0,0
38.39000000,40.35964486,40.28660458,40.13444055,40.20041548,0,0
38.40000000,40.34412263,40.24997406,40.13313142,40.23821355,0,0
38.41000000,40.40192917,40.24745059,40.12602981,40.21322420,0,0
38.42000000,40.38528859,40.21644386,40.14494421,40.25759627,0,0
38.43000000,40.36990217,40.22469014,40.12330807,40.26075379,0,0
38.44000000,40.37095987,40.20691563,40.17340657,40.24269352,0,0
38.45000000,40.38526334,40.25422014,40.15939838,40.26987688,0,0
38.46000000,40.38706389,40.23741126,40.13755610,40.16564601,0,0
38.47000000,40.35207391,40.25062098,40.11386640,40.20870521,0,0
38.48000000,40.34548071,40.23269404,40.16513827,40.18746509,0,0
38.49000000,40.38937073,40.21886966,40.18797204,40.22079033,0,0
38.50000000,40.45378584,40.28296075,40.24481221,40.17883738,0,0
38.51000000,40.39522915,40.32181222,40.23055273,40.24459868,0,0
38.52000000,40.32173526,40.25693620,40.15173312,40.24097893,0,0
38.53000000,40.35623440,40.33374104,40.18494612,40.24380381,0,0
38.54000000,40.41918259,40.23271818,40.17431312,40.33851721,0,0
38.55000000,40.46242015,40.28002877,40.22343837,40.31048299,0,0
38.56000000,40.41413812,40.30269680,40.17503829,40.31671214,0,0
38.57000000,40.38337941,40.34762786,40.22088547,40.30252934,0,0
38.58000000,40.40393818,40.39049491,40.22485419,40.24419051,0,0
38.59000000,40.46565935,40.31308954,40.23190615,40.26131543,0,0
38.60000000,40.48138470,40.28294959,40.19026840,40.27610197,0,0
38.61000000,40.43071484,40.28085578,40.14527215,40.28823457,0,0
38.62000000,40.43254496,40.32186304,40.16474012,40.32786392,0,0
38.63000000,40.40883923,40.33767976,40.17656560,40.30326055,0,0
38.64000000,40.47563839,40.34954984,40.17634174,40.27591800,0,0
38.65000000,40.44850112,40.31010135,40.18616615,40.29940856,0,0
38.66000000,40.49197653,40.36718776,40.16900717,40.24541451,0,0
38.67000000,40.39074581,40.34061426,40.17699608,40.24210568,0,0
38.68000000,40.43347417,40.41415509,40.16585216,40.25380078,0,0
38.69000000,40.42287242,40.31544765,40.14799442,40.23257147,0,0
38.70000000,40.46833043,40.34787567,40.14871987,40.21594233,0,0
38.71000000,40.48535794,40.33454501,40.12193070,40.27704280,0,0
38.72000000,40.40257908,40.36123621,40.15626004,40.17935381,0,0
38.73000000,40.40236352,40.29314326,40.18556393,40.27586929,0,0
38.74000000,40.36874415,40.28679890,40.16567849,40.27713385,0,0
38.75000000,40.44219346,40.28322893,40.15015035,40.21247215,0,0
38.76000000,40.39557022,40.28145663,40.17055760,40.27609291,0,0
38.77000000,40.37699299,40.27611763,40.17188030,40.20788084,0,0
38.78000000,40.33058137,40.26478425,40.18923491,40.24473393,0,0
38.79000000,40.34561349,40.28783608,40.18857688,40.24065907,0,0
38.80000000,40.34375773,40.25180768,40.19786557,40.26208008,0,0
38.81000000,40.34361701,40.22663392,40.18228171,40.28774715,0,0
38.82000000,40.33626780,40.21246044,40.20533463,40.26610533,0,0
38.83000000,40.35027886,40.22325317,40.18861587,40.28449690,0,0
38.84000000,40.37999317,40.30846251,40.18939456,40.28369587,0,0
38.85000000,40.37022994,40.27944249,40.16576231,40.27204218,0,0
38.86000000,40.36503707,40.30209058,40.16747311,40.25593668,0,0
38.87000000,40.35580292,40.21786666,40.16287229,40.22985851,0,0
38.88000000,40.34897872,40.19768153,40.17773525,40.26036462,0,0
38.89000000,40.37062137,40.20199379,40.20285749,40.26483806,0,0
38.90000000,40.37816791,40.23787591,40.18588426,40.29788319,0,0
38.91000000,40.35264728,40.29598883,40.20397496,40.29037334,0,0
38.92000000,40.32761825,40.27381756,40.19645849,40.31578120,0,0
38.93000000,40.37040084,40.23110241,40.23791986,40.31816670,0,0
38.94000000,40.37717051,40.23060501,40.24733315,40.32039625,0,0
38.95000000,40.43937046,40.21496096,40.26289008,40.32902206,0,0
38.96000000,40.37394374,40.21761403,40.25875643,40.31605676,0,0
38.97000000,40.35226921,40.29524258,40.26047478,40.30244047,0,0
38.98000000,40.37219327,40.28550708,40.28583279,40.30685386,0,0
38.99000000,40.46071323,40.34319746,40.29700349,40.33367319,0,0
39.00000000,40.43558128,40.31873222,40.27324813,40.35551372,0,0
39.01000000,40.40511249,40.26821260,40.25444299,40.37118393,0,0
39.02000000,40.36144449,40.26231562,40.23399729,40.37095137,0,0
39.03000000,40.39329615,40.30425202,40.21410803,40.30997917,0,0
39.04000000,40.46568314,40.32963057,40.20051169,40.28573170,0,0
39.05000000,40.45609371,40.34185796,40.16440701,40.23891678,0,0
39.06000000,40.45483754,40.32286512,40.13477241,40.22135290,0,0
39.07000000,40.41234353,40.26462566,40.14830553,40.26498485,0,0
39.08000000,40.43412144,40.29657366,40.15969025,40.23988222,0,0
39.09000000,40.40757124,40.33056920,40.15914136,40.25492453,0,0
39.10000000,40.41343219,40.31615500,40.13638506,40.20493666,0,0
39.11000000,40.39132876,40.32584994,40.13997488,40.20750976,0,0
39.12000000,40.44149221,40.30146663,40.10729524,40.20573920,0,0
39.13000000,40.45841407,40.29865333,40.15346627,40.23578568,0,0
39.14000000,40.43183536,40.31077113,40.10616429,40.27080976,0,0
39.15000000,40.36251972,40.33423747,40.10358540,40.30681405,0,0
39.16000000,40.37673601,40.33450651,40.11081385,40.25238526,0,0
39.17000000,40.41314516,40.33126826,40.11708124,40.25993306,0,0
39.18000000,40.41936794,40.27067952,40.14066613,40.24704099,0,0
39.19000000,40.42647230,40.18400159,40.14832433,40.21033701,0,0
39.20000000,40.45514433,40.25500016,40.18142947,40.26425403,0,0
39.21000000,40.35917844,40.27301696,40.21812538,40.23201159,0,0
39.22000000,40.40329991,40.30270500,40.27797791,40.25305161,0,0
39.23000000,40.44339833,40.22964482,40.24583576,40.23199790,0,0
39.24000000,40.51802033,40.17728854,40.26945980,40.24159224,0,0
39.25000000,40.46966424,40.30001273,40.19622521,40.24548885,0,0
39.26000000,40.42363538,40.45815281,40.26722559,40.29709953,0,0
39.27000000,40.40067101,40.49029255,40.24012027,40.26176435,0,0
39.28000000,40.41234722,40.39928263,40.30284448,40.24411902,0,0
39.29000000,40.40527734,40.27985402,40.27547221,40.27871720,0,0
39.30000000,40.47946725,40.29644174,40.27773445,40.30976457,0,0
39.31000000,40.53616628,40.38671556,40.22121632,40.35824349,0,0
39.32000000,40.56651643,40.45891569,40.24000380,40.37966528,0,0
39.33000000,40.51351193,40.26196811,40.24416284,40.27733290,0,0
39.34000000,40.46622033,40.28723284,40.30695704,40.30344399,0,0
39.35000000,40.48994521,40.31099864,40.34385729,40.34000422,0,0
39.36000000,40.47899956,40.49087717,40.33216979,40.34857006,0,0
39.37000000,40.50899795,40.44840182,40.25676741,40.36135073,0,0
39.38000000,40.48100761,40.37538398,40.22125541,40.41335981,0,0
39.39000000,40.50922550,40.23958110,40.26946202,40.30000361,0,0
39.40000000,40.44907475,40.27318220,40.27207331,40.42771089,0,0
39.41000000,40.44555633,40.41423412,40.13854017,40.37868955,0,0
39.42000000,40.40675924,40.49109035,40.15412657,40.30795928,0,0
39.43000000,40.45057853,40.46754383,40.14068705,40.36493742,0,0
39.44000000,40.51271367,40.31665894,40.06641868,40.21114545,0,0
39.45000000,40.46261279,40.27318837,40.12204374,40.20842038,0,0
39.46000000,40.43160602,40.34955698,40.19345818,40.16669164,0,0
39.47000000,40.40379846,40.36465829,40.22303246,40.15745445,0,0
39.48000000,40.43421798,40.37809109,40.15727117,40.18756251,0,0
39.49000000,40.43049232,40.23467461,40.17872080,40.27412527,0,0
39.50000000,40.42475148,40.29218042,40.19094545,40.31215941,0,0
39.51000000,40.42982450,40.27536117,40.12974735,40.28349978,0,0
39.52000000,40.43135921,40.29506380,40.04615292,40.37652034,0,0
39.53000000,40.31464927,40.22473681,40.15483999,40.29432629,0,0
39.54000000,40.32496312,40.22819411,40.21826619,40.33386396,0,0
39.55000000,40.30089530,40.22325175,40.27623902,40.26295858,0,0
39.56000000,40.37583635,40.23535629,40.23526879,40.23865348,0,0
39.57000000,40.39247483,40.17780441,40.26193947,40.26385204,0,0
39.58000000,40.39881465,40.25393264,40.26705400,40.30188831,0,0
39.59000000,40.39246912,40.26103635,40.32665017,40.31927930,0,0
39.60000000,40.33598257,40.22459452,40.37758249,40.31003765,0,0
39.61000000,40.36140067,40.38628463,40.34979637,40.33373803,0,0
39.62000000,40.32076198,40.27543494,40.32747367,40.27398850,0,0
39.63000000,40.38402166,40.27820395,40.25716817,40.30141914,0,0
39.64000000,40.41102825,40.23281998,40.28810572,40.34170141,0,0
39.65000000,40.42552119,40.31130036,40.26739094,40.34762965,0,0
39.66000000,40.41938062,40.30201675,40.29048588,40.39788709,0,0
39.67000000,40.43133458,40.29638789,40.24862551,40.35136451,0,0
39.68000000,40.40330739,40.31114965,40.21376648,40.35401280,0,0
39.69000000,40.50445511,40.36229887,40.19547439,40.37677095,0,0
39.70000000,40.50129662,40.38973871,40.23397283,40.37765726,0,0
39.71000000,40.48686600,40.34885969,40.24118955,40.38778720,0,0
39.72000000,40.51949727,40.35519858,40.28267312,40.36424669,0,0
39.73000000,40.50200239,40.33024832,40.28389076,40.38351906,0,0
39.74000000,40.54695140,40.36767215,40.32865172,40.40232066,0,0
39.75000000,40.52477047,40.41750585,40.30031372,40.43134409,0,0
39.76000000,40.49536787,40.45113639,40.21251967,40.43102940,0,0
39.77000000,40.51757805,40.41736394,40.17985834,40.39054692,0,0
39.78000000,40.54848256,40.37283661,40.17794548,40.33245920,0,0
39.79000000,40.55925939,40.35259425,40.22116953,40.31976764,0,0
39.80000000,40.58495166,40.39682227,40.24429738,40.22517660,0,0
39.81000000,40.55884005,40.42776341,40.27243688,40.22852366,0,0
39.82000000,40.49585868,40.46898821,40.25990746,40.25304875,0,0
39.83000000,40.46767647,40.39172699,40.24264728,40.13637618,0,0
39.84000000,40.50395974,40.37800791,40.24351580,40.21846141,0,0
39.85000000,40.57887078,40.33628995,40.18999671,40.24658166,0,0
39.86000000,40.59021937,40.35908220,40.17787238,40.22351522,0,0
39.87000000,40.49775075,40.35295196,40.18967920,40.22777939,0,0
39.88000000,40.45890828,40.39500063,40.16193207,40.22739181,0,0
39.89000000,40.49145595,40.39098316,40.15709018,40.21461374,0,0
39.90000000,40.50972067,40.37956943,40.16810358,40.22753255,0,0
39.91000000,40.51475430,40.36397715,40.10571725,40.26724612,0,0
39.92000000,40.48979555,40.27615774,40.16446707,40.31796581,0,0
39.93000000,40.48931835,40.28424594,40.20267036,40.31736206,0,0
39.94000000,40.51075214,40.31123790,40.23230689,40.30715714,0,0
39.95000000,40.47595766,40.31650394,40.30073557,40.28907570,0,0
39.96000000,40.42996014,40.33934929,40.28555921,40.31420880,0,0
39.97000000,40.44447816,40.33262805,40.29380109,40.32471206,0,0
39.98000000,40.56902111,40.30094897,40.30932600,40.35245479,0,0
39.99000000,40.55025148,40.27057529,40.34458451,40.35376462,0,0
40.00000000,40.54369987,40.26280922,40.37696819,40.34571076,0,0
40.01000000,40.37204989,40.35981554,40.37542560,40.28456850,0,0
40.02000000,40.41005499,40.33117885,40.37860170,40.34047349,0,0
40.03000000,40.40079836,40.37031697,40.39330957,40.30572884,0,0
40.04000000,40.46921356,40.27045182,40.38690469,40.36466809,0,0
40.05000000,40.49802636,40.22983229,40.30297909,40.42077910,0,0
40.06000000,40.43199391,40.31523353,40.31574102,40.38611596,0,0
40.07000000,40.41309877,40.38893384,40.31171648,40.38195166,0,0
40.08000000,40.40289176,40.33948219,40.35940763,40.37029649,0,0
40.09000000,40.44190428,40.23170616,40.35197588,40.29975364,0,0
40.10000000,40.49736860,40.27005659,40.29080808,40.30580393,0,0
40.11000000,40.51193887,40.31679758,40.26105161,40.38357182,0,0
40.12000000,40.41318848,40.41330353,40.24369074,40.34571257,0,0
40.13000000,40.33350166,40.23326439,40.21756926,40.33735779,0,0
40.14000000,40.36486254,40.23049842,40.26573765,40.35201878,0,0
40.15000000,40.46614065,40.29623851,40.24474657,40.29848824,0,0
40.16000000,40.49520643,40.32305969,40.22736541,40.30383076,0,0
40.17000000,40.43545864,40.37954315,40.11751676,40.28106854,0,0
40.18000000,40.35089558,40.29477529,40.18333240,40.23873806,0,0
40.19000000,40.40419121,40.34211640,40.05832454,40.28090980,0,0
40.20000000,40.43023821,40.31362196,40.27557926,40.29799727,0,0
40.21000000,40.48340312,40.28413021,40.25635709,40.36945615,0,0
40.22000000,40.37558805,40.27206138,40.32126519,40.32802501,0,0
40.23000000,40.34918870,40.29407118,40.30612927,40.35721841,0,0
40.24000000,40.42183812,40.33982348,40.32452320,40.38441904,0,0
40.25000000,40.44262838,40.33584321,40.34673602,40.41919615,0,0
40.26000000,40.46589827,40.34310563,40.35636471,40.57607710,0,0
40.27000000,40.44006327,40.22259893,40.35873566,40.72519316,0,0
40.28000000,40.46359119,40.31065759,40.36433802,40.86066903,0,0
40.29000000,40.54257971,40.40776955,40.34665919,40.86585141,0,0
40.30000000,40.52342243,40.42057870,40.34867880,40.90429511,0,0
40.31000000,40.51252346,40.42793215,40.36462542,40.87731265,0,0
40.32000000,40.48336475,40.42778403,40.35813572,40.90233044,0,0
40.33000000,40.50276964,40.46659981,40.39726986,40.94396112,0,0
40.34000000,40.54372551,40.47953032,40.38007643,40.94003610,0,0
40.35000000,40.57380993,40.44124614,40.32013241,41.01224837,0,0
40.36000000,40.58496402,40.43182711,40.25943476,40.95205213,0,0
40.37000000,40.64202502,40.51615136,40.29180026,40.87644314,0,0
40.38000000,40.63205747,40.58430061,40.26972670,40.77019704,0,0
40.39000000,40.56097671,40.61252077,40.29016529,40.75064736,0,0
40.40000000,40.54013148,40.50896890,40.25660469,40.60149353,0,0
40.41000000,40.58776699,40.46637246,40.23972493,40.48691523,0,0
40.42000000,40.58952962,40.47184356,40.23431862,40.48261056,0,0
40.43000000,40.51851419,40.47403433,40.22026960,40.50620691,0,0
40.44000000,40.53705597,40.51210966,40.22723749,40.50196473,0,0
40.45000000,40.47881833,40.55010905,40.15318433,40.52287256,0,0
40.46000000,40.53695680,40.48639530,40.10898043,40.54258384,0,0
40.47000000,40.52590776,40.41235513,40.07914176,40.52741221,0,0
40.48000000,40.44735277,40.39086173,40.08510243,40.51312546,0,0
40.49000000,40.45785220,40.40032062,40.10903979,40.58480164,0,0
40.50000000,40.47656140,40.45012795,40.11629645,40.54480417,0,1
40.51000000,40.49550170,40.45048058,40.11528768,40.56162533,0,1
40.52000000,40.48399285,40.40136981,40.12706087,40.64148762,0,1
40.53000000,40.44401984,40.34657647,40.15726553,40.64616241,0,1
40.54000000,40.45284790,40.37146280,40.15457260,40.63895226,0,1
40.55000000,40.43688353,40.32590257,40.13798657,40.61576140,0,1
40.56000000,40.44208586,40.37994369,40.11293323,40.55168723,0,1
40.57000000,40.39027290,40.35234108,40.10214784,40.54769666,0,1
40.58000000,40.37847845,40.37516211,40.15206659,40.62646684,0,1
40.59000000,40.39084525,40.33487262,40.21008991,40.59507292,0,1
40.60000000,40.45409382,40.26649440,40.22029536,40.52814598,0,1
40.61000000,40.43591457,40.27839773,40.20253673,40.56507010,0,1
40.62000000,40.34478598,40.33652316,40.21665987,40.56243858,0,1
40.63000000,40.32096903,40.35931391,40.21762334,40.52396579,0,1
40.64000000,40.35359415,40.30195796,40.28631661,40.58701112,0,1
40.65000000,40.42270692,40.26756405,40.24082659,40.69567374,0,1
40.66000000,40.45140202,40.26452092,40.22365156,40.76836050,0,1
40.67000000,40.38341649,40.34520459,40.22821757,40.72703044,0,1
40.68000000,40.32160334,40.31668500,40.22577023,40.66056221,0,1
40.69000000,40.35643251,40.27043054,40.26251599,40.69807079,0,1
40.70000000,40.41118015,40.20908225,40.28498494,40.65335552,0,1
40.71000000,40.43579062,40.23132038,40.19415574,40.64183004,0,1
40.72000000,40.36662571,40.26834240,40.22305641,40.70956373,0,1
40.73000000,40.37270909,40.27105087,40.19838722,40.69907460,0,1
40.74000000,40.37366572,40.30761404,40.25813015,40.64301376,0,1
40.75000000,40.43188205,40.24841484,40.26202135,40.54896705,0,1
40.76000000,40.40603108,40.21981714,40.26126044,40.58531638,0,1
40.77000000,40.35657550,40.22373652,40.21263727,40.56446927,0,1
40.78000000,40.31233237,40.24328780,40.21026282,40.51448580,0,1
40.79000000,40.34351645,40.25036614,40.20960783,40.61721402,0,1
40.80000000,40.38261633,40.23432503,40.18042787,40.59783421,0,1
40.81000000,40.33778444,40.21766099,40.20193969,40.60891290,0,1
40.82000000,40.34112083,40.23492635,40.18415111,40.67201728,0,1
40.83000000,40.29033528,40.21101931,40.23905866,40.58722785,0,1
40.84000000,40.31904032,40.23850855,40.22495563,40.60346094,0,1
40.85000000,40.31548880,40.14617977,40.16929127,40.57145556,0,1
40.86000000,40.35397306,40.20123938,40.17728411,40.52804275,0,1
40.87000000,40.29178411,40.23436611,40.17397816,40.60466845,0,1
40.88000000,40.26542476,40.19615735,40.17623551,40.61680704,0,1
40.89000000,40.24188618,40.17448189,40.17412014,40.58518412,0,1
40.90000000,40.27245869,40.21004038,40.15334762,40.56671383,0,1
40.91000000,40.31159185,40.24326171,40.09686244,40.48221694,0,1
40.92000000,40.27205812,40.24494698,40.09748245,40.53027575,0,1
40.93000000,40.29349912,40.19146994,40.10682155,40.54768370,0,1
40.94000000,40.27726584,40.20011107,40.09098655,40.62288232,0,1
40.95000000,40.28273255,40.23131586,40.08408797,40.62995908,0,1
40.96000000,40.28626349,40.25432821,40.14498663,40.63747775,0,1
40.97000000,40.31522796,40.19514115,40.10141562,40.63682396,0,1
40.98000000,40.28631673,40.14429071,40.12263528,40.56613618,0,1
40.99000000,40.28341332,40.12633638,40.14387409,40.59589515,0,1
41.00000000,40.34072731,40.03424030,40.16931953,40.62610319,0,1
41.01000000,40.14201467,40.17573810,40.13801114,40.57677571,0,1
41.02000000,40.25094504,40.19855139,40.17366084,40.58245583,0,1
41.03000000,40.33529185,40.22549396,40.18321995,40.54208015,0,1
41.04000000,40.43378901,40.12833407,40.14930540,40.51679733,0,1
41.05000000,40.30313198,40.00490712,40.17723445,40.43935526,0,1
41.06000000,40.14383594,40.11684882,40.12247561,40.42739695,0,1
41.07000000,40.11813009,40.14719081,40.14622866,40.47761103,0,1
41.08000000,40.19031318,40.29296963,40.13809288,40.37655892,0,1
41.09000000,40.22269542,40.18116092,40.13830639,40.36829191,0,1
41.10000000,40.34188038,40.13954422,40.04974574,40.43511982,0,1
41.11000000,40.26404234,40.09890605,40.06804399,40.41388398,0,1
41.12000000,40.33116425,40.20161644,40.01023309,40.41248493,0,1
41.13000000,40.26316528,40.21712360,40.01140153,40.41165187,0,1
41.14000000,40.23442663,40.16058002,39.97985222,40.38590132,0,1
41.15000000,40.22992798,40.11957604,39.99947984,40.39423706,0,1
41.16000000,40.26115222,40.12507845,39.93516738,40.42209073,0,1
41.17000000,40.25705878,40.16812169,39.97081957,40.41800524,0,1
41.18000000,40.23352285,40.12492995,39.91714283,40.50239389,0,1
41.19000000,40.21332755,40.14053606,39.99224272,40.49751908,0,1
41.20000000,40.25136239,40.14191756,40.06140972,40.43625602,0,1
41.21000000,40.27295276,40.14870600,40.00615103,40.49079454,0,1
41.22000000,40.24257468,40.13439555,39.97053955,40.53044217,0,1
41.23000000,40.24246190,40.13566689,39.94477583,40.51565741,0,1
41.24000000,40.25067848,40.15493038,39.93038884,40.56656058,0,1
41.25000000,40.27687786,40.17464866,40.07323441,40.53507110,0,1
41.26000000,40.26834713,40.18645784,40.19462837,40.53864389,0,1
41.27000000,40.26898067,40.16037658,40.18259873,40.54308387,0,1
41.28000000,40.28616247,40.14817238,40.15761868,40.50567571,0,1
41.29000000,40.33072228,40.14113022,40.05465546,40.53883475,0,1
41.30000000,40.34131823,40.14515621,40.02498311,40.47331009,0,1
41.31000000,40.32975162,40.15489157,40.02670963,40.42407834,0,1
41.32000000,40.25151357,40.18942191,40.01109244,40.41960714,0,1
41.33000000,40.26156518,40.15189729,40.04320483,40.39725334,0,1
41.34000000,40.27397617,40.12622194,40.03819221,40.38358563,0,1
41.35000000,40.31938035,40.13218469,40.03927434,40.36004969,0,1
41.36000000,40.30756753,40.15213428,40.04111392,40.35311599,0,1
41.37000000,40.29154310,40.15266653,40.02722719,40.31412949,0,1
41.38000000,40.27455831,40.14649448,40.05874884,40.31351696,0,1
41.39000000,40.22372543,40.12015407,40.04291123,40.33989893,0,1
41.40000000,40.22062231,40.10054586,40.01511580,40.39500295,0,1
41.41000000,40.22623242,40.10097744,39.99548178,40.44605337,0,1
41.42000000,40.21700316,40.10657118,39.97635930,40.40385847,0,1
41.43000000,40.27402832,40.14864955,39.98276301,40.36615258,0,1
41.44000000,40.27050932,40.11269278,40.00261169,40.39903068,0,1
41.45000000,40.26667404,40.08512896,40.00819462,40.37324555,0,1
41.46000000,40.23068963,40.03359480,40.04283110,40.39740345,0,1
41.47000000,40.21461780,40.05104362,40.00941971,40.44037941,0,1
41.48000000,40.18968363,40.03606222,40.01165635,40.43624086,0,1
41.49000000,40.14752927,39.99051784,40.02090885,40.41507836,0,1
41.50000000,40.13929535,39.98403927,40.01665049,40.39907146,0,1
41.51000000,40.20519382,40.03249215,40.07494753,40.37129675,0,1
41.52000000,40.27321147,40.12003759,40.06322538,40.39348481,0,1
41.53000000,40.17712145,40.08935605,40.06761878,40.39583484,0,1
41.54000000,40.12685725,40.05863765,40.08357248,40.41749611,0,1
41.55000000,40.07855560,39.97807141,40.04131510,40.44198502,0,1
41.56000000,40.16719601,40.00567696,40.05343041,40.47730113,0,1
41.57000000,40.22516704,40.04975781,40.03659139,40.49407584,0,1
41.58000000,40.19592709,40.06198071,40.05146469,40.43547017,0,1
41.59000000,40.08475649,39.98881977,40.04804827,40.43166860,0,1
41.60000000,40.11960979,39.99893067,40.10316655,40.41055913,0,1
41.61000000,40.15012505,40.07898798,40.13175930,40.39469913,0,1
41.62000000,40.24623824,40.02929369,40.04212311,40.40990423,0,1
41.63000000,40.19290601,40.02471689,39.99515958,40.42683714,0,1
41.64000000,40.10531984,39.99461023,39.95806206,40.43935196,0,1
41.65000000,40.13687243,40.04903950,39.95676110,40.40270150,0,1
41.66000000,40.16393805,40.01584032,40.01454266,40.36946928,0,1
41.67000000,40.16742655,40.00683627,39.97262343,40.40909720,0,1
41.68000000,40.12773791,39.98772079,40.01749168,40.37828255,0,1
41.69000000,40.13762930,39.98775013,39.99161600,40.40694648,0,1
41.70000000,40.14364961,40.04940602,40.02576548,40.45545561,0,1
41.71000000,40.20298812,40.03587705,39.98933948,40.42555013,0,1
41.72000000,40.17510506,40.07279647,39.96807574,40.42922066,0,1
41.73000000,40.22112433,40.01202016,39.88696743,40.36719496,0,1
41.74000000,40.18235773,40.04398577,40.06316155,40.36775668,0,1
41.75000000,40.21372732,39.99648393,40.03497098,40.34166872,0,1
41.76000000,40.14274289,40.02121156,40.03377475,40.33537998,0,1
41.77000000,40.20076511,39.99655993,39.95367656,40.26258955,0,1
41.78000000,40.18177953,39.98358753,40.00654710,40.32364734,0,1
41.79000000,40.18269451,40.05697958,39.96814984,40.35800130,0,1
41.80000000,40.09362006,40.12889778,40.02571907,40.25348532,0,1
41.81000000,40.18056877,40.04130823,39.99180396,40.27070461,0,1
41.82000000,40.20389751,39.98321568,39.91009517,40.24555972,0,1
41.83000000,40.23477178,39.93416086,39.92413481,40.17452077,0,1
41.84000000,40.21300890,40.00204393,39.92465530,40.30505373,0,1
41.85000000,40.15286616,40.07130927,40.00190806,40.37145533,0,1
41.86000000,40.17263721,40.09277053,39.95582220,40.36386173,0,1
41.87000000,40.20200378,40.04758812,39.94650017,40.35547771,0,1
41.88000000,40.17713973,39.98272280,39.93933747,40.31549303,0,1
41.89000000,40.20642818,39.93938278,39.97944531,40.33840575,0,1
41.90000000,40.22934028,39.99699599,39.93637097,40.32394564,0,1
41.91000000,40.19836060,40.06777734,39.96270376,40.31951545,0,1
41.92000000,40.18257467,40.01086292,39.88282819,40.29928229,0,1
41.93000000,40.14264633,39.99351431,39.89946635,40.28153928,0,1
41.94000000,40.14311674,39.98992583,39.88467908,40.30083289,0,1
41.95000000,40.18977864,39.98474502,39.92726577,40.25283952,0,1
41.96000000,40.15105027,39.99283180,39.94431618,40.22263887,0,1
41.97000000,40.12757646,39.99100151,39.94034942,40.26154645,0,1
41.98000000,40.08790068,39.99543503,39.94553144,40.17755040,0,1
41.99000000,40.10096702,40.00098425,39.95566272,40.22718166,0,1
42.00000000,40.13831705,39.95987989,39.94167929,40.35739738,0,1
42.01000000,40.13499995,39.97020352,39.93467368,40.37769656,0,1
42.02000000,40.13992438,39.94276642,39.88904593,40.27907811,0,1
42.03000000,40.09090083,40.00205804,39.84967479,40.30407386,0,1
42.04000000,40.10044383,40.00994560,39.89712358,40.25664361,0,1
42.05000000,40.10833476,39.99145703,39.90213273,40.22050390,0,1
42.06000000,40.13804555,39.94400100,39.91561689,40.28619734,0,1
42.07000000,40.14972484,39.94350127,39.90810214,40.32075508,0,1
42.08000000,40.10133688,39.95816945,39.87482927,40.30634293,0,1
42.09000000,40.09050791,39.97924335,39.87924510,40.26488265,0,1
42.10000000,40.11107243,39.95202972,39.90507300,40.19370895,0,1
42.11000000,40.10612917,39.93016957,39.89587896,40.25059175,0,1
42.12000000,40.08531415,39.91362514,39.91637763,40.24106825,0,1
42.13000000,40.08724021,39.94252344,39.95043916,40.22349619,0,1
42.14000000,40.07391957,39.94012038,39.93586867,40.29261982,0,1
42.15000000,40.07785143,39.94198573,39.94213869,40.29094624,0,1
42.16000000,40.08144986,39.92514965,39.96850616,40.27247219,0,1
42.17000000,40.07485026,39.94355818,39.98092368,40.30773556,0,1
42.18000000,40.06606409,39.93809559,39.96033682,40.31911666,0,1
42.19000000,40.05892024,39.93342036,39.94815450,40.33218388,0,1
42.20000000,40.06925473,39.92562124,39.94045703,40.26881242,0,1
42.21000000,40.08925301,39.88406829,39.92559377,40.27681085,0,1
42.22000000,40.09876096,39.89896187,39.93249908,40.23867924,0,1
42.23000000,40.06663977,39.91624339,39.90306297,40.22091479,0,1
42.24000000,40.07466848,39.89633592,39.88621626,40.27534852,0,1
42.25000000,40.06193440,39.89603227,39.87823278,40.18311461,0,1
42.26000000,40.08407241,39.86380032,39.83696109,40.14436421,0,1
42.27000000,40.06083837,39.88088638,39.87006433,40.17363805,0,1
42.28000000,40.02190060,39.89895515,39.84297667,40.09553296,0,1
42.29000000,40.00172591,39.92062979,39.84932788,40.17194952,0,1
42.30000000,40.06564548,39.93054602,39.82934084,40.24093285,0,1
42.31000000,40.06129253,39.89320797,39.84408977,40.23867431,0,1
42.32000000,40.04968808,39.88221394,39.84995656,40.28608056,0,1
42.33000000,40.01956621,39.85702954,39.85616161,40.22120332,0,1
42.34000000,40.00770860,39.87124030,39.84519998,40.23497343,0,1
42.35000000,39.98712043,39.85073598,39.86723195,40.24915929,0,1
42.36000000,40.00498005,39.85569167,39.87614326,40.20952903,0,1
42.37000000,40.00747013,39.86412703,39.90801144,40.24153491,0,1
42.38000000,40.03174822,39.84650331,39.89300579,40.22999086,0,1
42.39000000,40.02380417,39.87716526,39.87018048,40.21899027,0,1
42.40000000,40.04419682,39.83563055,39.86345478,40.18371967,0,1
42.41000000,40.00403074,39.86337883,39.83627470,40.16604352,0,1
42.42000000,40.01792546,39.83119710,39.81590771,40.15489009,0,1
42.43000000,39.98873194,39.87469885,39.82485492,40.17330211,0,1
42.44000000,40.00396792,39.88259763,39.83440599,40.21315425,0,1
42.45000000,40.07005577,39.87607838,39.81598385,40.24675836,0,1
42.46000000,39.99366056,39.81989637,39.82681868,40.23063904,0,1
42.47000000,40.03355990,39.89589016,39.83450460,40.21475778,0,1
42.48000000,39.96879246,39.80750289,39.83128108,40.16811264,0,1
42.49000000,39.97279531,39.86076105,39.77617565,40.16443132,0,1
42.50000000,39.99655707,39.81018634,39.81000879,40.15439488,0,1
42.51000000,40.02878785,39.83070111,39.77887186,40.12792010,0,1
42.52000000,40.03146521,39.84199621,39.82449833,40.17744434,0,1
42.53000000,39.97548133,39.82743793,39.83894428,40.12685933,0,1
42.54000000,39.98943282,39.86515681,39.88266057,40.13471465,0,1
42.55000000,39.98285989,39.77468805,39.83906478,40.11672933,0,1
42.56000000,40.00018937,39.87173428,39.88838295,40.10777262,0,1
42.57000000,39.97186437,39.79479237,39.81427267,40.12342027,0,1
42.58000000,39.95026349,39.83625003,39.81475339,40.08672073,0,1
42.59000000,40.03470706,39.82033240,39.77664857,40.13945372,0,1
42.60000000,39.99276070,39.81344686,39.77609093,40.13290783,0,1
42.61000000,39.95703972,39.81597646,39.77049091,40.11987333,0,1
42.62000000,39.91410560,39.81800368,39.78591231,40.17385648,0,1
42.63000000,39.93627577,39.90027072,39.76927519,40.10748163,0,1
42.64000000,40.03440688,39.84636142,39.73516562,40.16385357,0,1
42.65000000,40.05452015,39.77705437,39.73083285,40.16234565,0,1
42.66000000,39.96848727,39.72387774,39.77006672,40.05478269,0,1
42.67000000,39.93334881,39.80199128,39.82189519,40.19340566,0,1
42.68000000,39.92045167,39.86109351,39.84830913,40.13440038,0,1
42.69000000,39.95116100,39.85684993,39.76818268,40.09411613,0,1
42.70000000,39.97158565,39.77517697,39.79227521,40.16691772,0,1
42.71000000,39.98120721,39.74546592,39.72586942,40.10457420,0,1
42.72000000,39.99192141,39.81818515,39.74454231,40.11619402,0,1
42.73000000,39.91461568,39.80344473,39.76215205,40.07195279,0,1
42.74000000,39.89533603,39.81531404,39.76611082,40.07096435,0,1
42.75000000,39.91711302,39.78161340,39.79198339,40.11600246,0,1
42.76000000,40.00605400,39.79516924,39.75470325,40.11217961,0,1
42.77000000,40.00802270,39.80405032,39.78857637,40.20968751,0,1
42.78000000,39.97743804,39.88215087,39.73276932,40.17605256,0,1
42.79000000,39.90817524,39.88389246,39.75654464,40.15724309,0,1
42.80000000,39.93541826,39.79895553,39.75849331,40.14016904,0,1
42.81000000,39.97338252,39.79090266,39.80232703,40.08336258,0,1
42.82000000,40.00112568,39.78241806,39.82946004,40.10630135,0,1
42.83000000,39.99447164,39.79297266,39.77565723,40.12909493,0,1
42.84000000,39.99997629,39.83382744,39.73819410,40.16631976,0,1
42.85000000,39.95038821,39.83304063,39.72456343,40.11952594,0,1
42.86000000,39.93250635,39.80323740,39.75304063,40.02027538,0,1
42.87000000,39.93856727,39.79271490,39.78672655,40.08541748,0,1
42.88000000,39.95560549,39.79663475,39.79449254,40.04593749,0,1
42.89000000,39.98037018,39.82481203,39.74996009,40.04915890,0,1
42.90000000,40.01239709,39.81877418,39.74016742,40.14072780,0,1
42.91000000,39.97600741,39.81553185,39.74510635,40.12829031,0,1
42.92000000,39.92295143,39.84734777,39.77361645,40.13734938,0,1
42.93000000,39.89844475,39.83072720,39.77769435,40.15736101,0,1
42.94000000,39.94670617,39.81700248,39.76881375,40.12183374,0,1
42.95000000,39.95072703,39.82596126,39.74041524,40.13589429,0,1
42.96000000,39.97090255,39.80697500,39.71024367,40.12285907,0,1
42.97000000,39.92627845,39.79561049,39.72434895,40.09562404,0,1
42.98000000,39.92908467,39.81374895,39.77093332,40.07809123,0,1
42.99000000,39.95561159,39.82509459,39.76655487,40.12904047,0,1
43.00000000,39.94323159,39.80445754,39.74384761,40.10028437,0,1
43.01000000,39.89850803,39.81457652,39.70479962,40.00899287,0,1
43.02000000,39.88391589,39.78127277,39.70276374,40.07250776,0,1
43.03000000,39.90277407,39.81846975,39.69668099,40.06263635,0,1
43.04000000,39.93584122,39.80772133,39.71234659,40.03076452,0,1
43.05000000,39.92329592,39.81166728,39.74139402,40.13168250,0,1
43.06000000,39.89697459,39.80336516,39.72393162,40.17252161,0,1
43.07000000,39.88738574,39.78577551,39.72233571,40.12848544,0,1
43.08000000,39.92129063,39.79643728,39.74269533,40.15266992,0,1
43.09000000,39.93750929,39.80468932,39.65798879,40.12955576,0,1
43.10000000,39.91621073,39.77173329,39.68265891,40.09238923,0,1
43.11000000,39.86448571,39.74746125,39.67680737,40.11955611,0,1
43.12000000,39.84154903,39.77155228,39.75570639,40.12136995,0,1
43.13000000,39.83513637,39.70483551,39.75246367,40.12003122,0,1
43.14000000,39.89666746,39.74201797,39.76923025,40.05712761,0,1
43.15000000,39.88232554,39.74698478,39.72507914,40.04939182,0,1
43.16000000,39.91738036,39.76186212,39.71883058,40.08955771,0,1
43.17000000,39.87165509,39.73715689,39.71912045,40.01899904,0,1
43.18000000,39.80524858,39.76534420,39.72924956,40.03349835,0,1
43.19000000,39.81597856,39.77424336,39.72769657,40.05437375,0,1
43.20000000,39.82672296,39.76996165,39.70577096,40.08182551,0,1
43.21000000,39.90030663,39.75074795,39.70129396,40.09380567,0,1
43.22000000,39.90481375,39.72432891,39.72467305,40.10933489,0,1
43.23000000,39.88136542,39.73313438,39.68966121,40.10016452,0,1
43.24000000,39.85033620,39.75142549,39.66514680,40.08731179,0,1
43.25000000,39.85921810,39.79304399,39.62672087,40.04045620,0,1
43.26000000,39.85527685,39.70635437,39.64678340,40.07576293,0,1
43.27000000,39.87138126,39.73130122,39.67454050,40.06243690,0,1
43.28000000,39.82877216,39.67533289,39.66767651,40.08793367,0,1
43.29000000,39.85206493,39.74852290,39.69826831,40.06365414,0,1
43.30000000,39.84184410,39.72281502,39.67191602,40.11283154,0,1
43.31000000,39.83673177,39.71713998,39.68953535,40.03126797,0,1
43.32000000,39.88699283,39.80645874,39.71657028,40.01421293,0,1
43.33000000,39.83895188,39.68674208,39.71261186,40.07594772,0,1
43.34000000,39.87702462,39.75079035,39.68374120,40.00529055,0,1
43.35000000,39.81969850,39.69472775,39.68403093,40.13467287,0,1
43.36000000,39.85396141,39.76987403,39.61298558,40.11695666,0,1
43.37000000,39.84806216,39.69583118,39.71048316,40.08543308,0,1
43.38000000,39.87947424,39.77456759,39.68982904,40.09985971,0,1
43.39000000,39.85880400,39.74246715,39.71231154,40.06422040,0,1
43.40000000,39.89696873,39.77232304,39.65494763,40.07198609,0,1
43.41000000,39.85541741,39.72943216,39.60797070,40.01890708,0,1
43.42000000,39.86592136,39.72372782,39.61701613,40.04649310,0,1
43.43000000,39.83905069,39.66660987,39.65861855,40.06782370,0,1
43.44000000,39.84865506,39.77358458,39.68132221,40.00504736,0,1
43.45000000,39.82821171,39.72995523,39.66422823,40.07569560,0,1
43.46000000,39.83545540,39.72288678,39.63816136,40.00374945,0,1
43.47000000,39.85688896,39.74541337,39.64600302,39.93355172,0,1
43.48000000,39.86967199,39.71974979,39.66999603,39.98783843,0,1
43.49000000,39.80651792,39.77233507,39.65728408,39.92791582,0,1
43.50000000,39.80633984,39.75444168,39.64451044,39.98442051,0,1
43.51000000,39.85184008,39.74320480,39.58159075,40.00262177,0,1
43.52000000,39.86201109,39.73092578,39.62948416,40.07194573,0,1
43.53000000,39.83324077,39.71248294,39.58846193,40.10133667,0,1
43.54000000,39.73338672,39.71031505,39.64093825,39.98534497,0,1
43.55000000,39.82179970,39.72124679,39.60009068,40.03407590,0,1
43.56000000,39.82346828,39.71336884,39.60218709,40.07102388,0,1
43.57000000,39.88797797,39.76455323,39.60609390,40.03456960,0,1
43.58000000,39.78955113,39.68527452,39.60679316,40.03019928,0,1
43.59000000,39.78140029,39.71962036,39.62044255,40.06600393,0,1
43.60000000,39.76281214,39.69699439,39.61883465,40.05334642,0,1
43.61000000,39.73959075,39.68751690,39.61294763,40.00793765,0,1
43.62000000,39.74676965,39.68385782,39.60985479,39.99244628,0,1
43.63000000,39.73949918,39.67350251,39.63802932,39.94840246,0,1
43.64000000,39.77306815,39.69396065,39.62971533,39.94826582,0,1
43.65000000,39.71751803,39.73063546,39.63967838,40.02493834,0,1
43.66000000,39.73109300,39.72426706,39.60967558,39.99236687,0,1
43.67000000,39.72150341,39.67769076,39.57018082,40.04376662,0,1
43.68000000,39.75997610,39.67495297,39.55217260,40.06545017,0,1
43.69000000,39.77711530,39.67459638,39.56143384,39.98900750,0,1
43.70000000,39.73495175,39.70837354,39.55134212,40.02411976,0,1
43.71000000,39.66926990,39.69749441,39.54588156,40.08938082,0,1
43.72000000,39.69937169,39.71309301,39.55207064,40.00513103,0,1
43.73000000,39.73160999,39.66831766,39.60501779,40.04487397,0,1
43.74000000,39.73863970,39.61788105,39.61254457,40.07250841,0,1
43.75000000,39.66416080,39.59954805,39.59238995,40.04299148,0,1
43.76000000,39.65363912,39.64993429,39.55579594,40.03033840,0,1
43.77000000,39.81403458,39.65692162,39.51360238,40.00705103,0,1
43.78000000,39.81499943,39.72116544,39.56452469,39.96717974,0,1
43.79000000,39.74411937,39.65641108,39.57326027,39.93614848,0,1
43.80000000,39.57880579,39.75624930,39.64023415,40.01885635,0,1
43.81000000,39.62217036,39.78307753,39.61718005,40.06795829,0,1
43.82000000,39.75903482,39.69848953,39.64387499,40.10666769,0,1
43.83000000,39.86488258,39.62194726,39.60180762,40.12141528,0,1
43.84000000,39.82337958,39.58309767,39.58452204,40.05122181,0,1
43.85000000,39.78318500,39.66661467,39.58496894,40.04119148,0,1
43.86000000,39.72641139,39.79058460,39.58474342,40.09713294,0,1
43.87000000,39.75691415,39.83056155,39.58110514,40.03516068,0,1
43.88000000,39.77131058,39.76203003,39.53330398,40.04353828,0,1
43.89000000,39.82337036,39.69721276,39.51799014,40.04031297,0,1
43.90000000,39.78227123,39.70538414,39.56511625,40.04003047,0,1
43.91000000,39.79720581,39.70731766,39.62281850,40.03286248,0,1
43.92000000,39.76166775,39.72176185,39.60735453,40.03041597,0,1
43.93000000,39.84742898,39.75141499,39.63522177,40.05956908,0,1
43.94000000,39.82627385,39.74801905,39.60050838,40.03137401,0,1
43.95000000,39.80899624,39.78083820,39.61164663,39.96890964,0,1
43.96000000,39.75060095,39.77044488,39.56658802,40.12525772,0,1
43.97000000,39.82432989,39.80505576,39.56547753,40.05136020,0,1
43.98000000,39.81756266,39.73434643,39.52509189,40.05651528,0,1
43.99000000,39.89099458,39.76939355,39.56966238,40.09923014,0,1
44.00000000,39.81751194,39.76211427,39.68811673,39.96705188,0,1
44.01000000,39.82751541,39.80532761,39.73088890,40.12320312,0,1
44.02000000,39.79997297,39.82997185,39.58377209,40.09072740,0,1
44.03000000,39.85606121,39.76678642,39.46199488,39.92244588,0,1
44.04000000,39.83961589,39.73309478,39.43995387,40.09694636,0,1
44.05000000,39.82197414,39.73689996,39.55560417,40.10743925,0,1
44.06000000,39.82924552,39.77690167,39.57040836,39.92672223,0,1
44.07000000,39.81860909,39.78532919,39.60979565,39.98944432,0,1
44.08000000,39.76564972,39.76992685,39.52436259,40.01497445,0,1
44.09000000,39.87220120,39.72979532,39.53661863,39.91541863,0,1
44.10000000,39.82560912,39.68971674,39.48236908,39.95276398,0,1
44.11000000,39.82774602,39.82443512,39.58393589,40.02628880,0,1
44.12000000,39.82096308,39.81139927,39.54990415,40.00468283,0,1
44.13000000,39.78504821,39.76265909,39.58538585,40.14393438,0,1
44.14000000,39.82536824,39.70995577,39.56006030,40.07835747,0,1
44.15000000,39.83417279,39.71449274,39.62497484,40.01358796,0,1
44.16000000,39.82730644,39.72105473,39.60465153,40.15141056,0,1
44.17000000,39.75937388,39.75734922,39.61597343,40.03032402,0,1
44.18000000,39.77099495,39.72015809,39.61743908,40.04326291,0,1
44.19000000,39.79767631,39.71246250,39.65072164,40.06367017,0,1
44.20000000,39.83449349,39.69604896,39.67776864,40.07314860,0,1
44.21000000,39.76523974,39.73270490,39.67302925,40.06695589,0,1
44.22000000,39.74082367,39.68247502,39.67279894,40.05876054,0,1
44.23000000,39.76145659,39.71272651,39.64923987,40.02646375,0,1
44.24000000,39.79126494,39.71941525,39.67230458,40.01911049,0,1
44.25000000,39.76807608,39.73801232,39.65590980,40.00481613,0,1
44.26000000,39.73010781,39.73520477,39.64408035,40.03258924,0,1
44.27000000,39.78114464,39.74484337,39.63318955,40.08591571,0,1
44.28000000,39.79370518,39.76772270,39.60171902,40.14418829,0,1
44.29000000,39.80664875,39.72640629,39.58329036,40.11941274,0,1
44.30000000,39.75274557,39.71914039,39.58443830,40.02972897,0,1
44.31000000,39.74615835,39.73871507,39.52351109,40.09885261,0,1
44.32000000,39.76305429,39.74627936,39.57643465,40.09556090,0,1
44.33000000,39.79044724,39.71878977,39.52713929,40.06141546,0,1
44.34000000,39.79066190,39.67710710,39.58777315,40.05508383,0,1
44.35000000,39.82870056,39.68455908,39.59283973,40.11872977,0,1
44.36000000,39.83127893,39.75518470,39.63319126,40.08725321,0,1
44.37000000,39.78541193,39.74862692,39.63122963,40.08823226,0,1
44.38000000,39.77830160,39.72907833,39.64488595,40.11142162,0,1
44.39000000,39.76259471,39.72283248,39.64614758,40.09340463,0,1
44.40000000,39.80977179,39.74501673,39.66686491,40.06260275,0,1
44.41000000,39.80149915,39.73717177,39.69054096,40.09403586,0,1
44.42000000,39.74811428,39.70792538,39.68886910,40.10879029,0,1
44.43000000,39.76091271,39.71872249,39.67157474,40.11513447,0,1
44.44000000,39.76435420,39.74200364,39.66813900,40.13880263,0,1
44.45000000,39.83134375,39.77451854,39.67467093,40.10281930,0,1
44.46000000,39.81114362,39.75320470,39.65438786,40.07247215,0,1
44.47000000,39.81807830,39.76439247,39.63555076,40.04335189,0,1
44.48000000,39.80766431,39.72892864,39.59044189,40.04876666,0,1
44.49000000,39.80898486,39.74370686,39.59581752,40.05447463,0,1
44.50000000,39.83218566,39.74744935,39.62930226,40.05293006,0,1
44.51000000,39.81199815,39.74935870,39.63680588,40.05298769,0,1
44.52000000,39.79610245,39.75205029,39.59701654,40.02931547,0,1
44.53000000,39.80090892,39.74842400,39.57617972,39.98296143,0,1
44.54000000,39.82801316,39.73232680,39.52342127,39.98186534,0,1
44.55000000,39.82185614,39.72141287,39.51187037,39.96221291,0,1
44.56000000,39.79983576,39.68924491,39.53030032,39.98840355,0,1
44.57000000,39.82249224,39.75062520,39.53860245,40.04496401,0,1
44.58000000,39.85091385,39.78169882,39.57572631,40.04325278,0,1
44.59000000,39.82508606,39.76211964,39.61918970,40.04427675,0,1
44.60000000,39.78156290,39.74972282,39.58839237,40.03927040,0,1
44.61000000,39.79606447,39.74876601,39.63432604,40.07029188,0,1
44.62000000,39.82252138,39.75685733,39.59493242,40.05956708,0,1
44.63000000,39.82001829,39.74064017,39.65468033,40.03480894,0,1
44.64000000,39.75383052,39.66352229,39.65333177,40.09725659,0,1
44.65000000,39.78050779,39.69324175,39.62206852,40.07461135,0,1
44.66000000,39.89840135,39.75366668,39.65476083,40.07688609,0,1
44.67000000,39.88870585,39.76736362,39.62513139,40.08683567,0,1
44.68000000,39.81094529,39.71846245,39.63425249,40.03679249,0,1
44.69000000,39.69910907,39.65394741,39.63420634,39.98349338,0,1
44.70000000,39.79010356,39.74230632,39.64150918,39.98597399,0,1
44.71000000,39.79321992,39.73875979,39.65258532,40.03348759,0,1
44.72000000,39.81831153,39.73452835,39.63303505,40.06838570,0,1
44.73000000,39.76088928,39.73205708,39.63628847,40.09427157,0,1
44.74000000,39.80998397,39.70795884,39.60000356,40.13926870,0,1
44.75000000,39.83980283,39.75694732,39.60888385,40.07484363,0,1
44.76000000,39.81937799,39.71756232,39.57903358,40.03681960,0,1
44.77000000,39.78537532,39.69705151,39.56613893,40.04912234,0,1
44.78000000,39.76794875,39.70836395,39.52491511,39.99321504,0,1
44.79000000,39.81760593,39.74557996,39.57190394,40.01130014,0,1
44.80000000,39.85238873,39.72168492,39.59503676,40.02494977,0,1
44.81000000,39.80979716,39.73351135,39.65632613,40.04542218,0,1
44.82000000,39.80682165,39.68675494,39.62188098,39.97262977,0,1
44.83000000,39.81298788,39.70674179,39.61516822,39.99796365,0,1
44.84000000,39.82594389,39.70877754,39.64979814,39.99096643,0,1
44.85000000,39.80279229,39.70123493,39.58999129,39.94139938,0,1
44.86000000,39.79878244,39.72860726,39.61662557,40.02762116,0,1
44.87000000,39.80271445,39.68308916,39.56196895,40.06582800,0,1
44.88000000,39.83290549,39.77810245,39.59744228,40.09207141,0,1
44.89000000,39.84327898,39.68189465,39.74013000,40.11877469,0,1
44.90000000,39.82754053,39.75621007,39.72538037,40.04547687,0,1
44.91000000,39.78496513,39.69905093,39.72884729,40.03849521,0,1
44.92000000,39.78728703,39.73004812,39.65938596,40.06015128,0,1
44.93000000,39.83978775,39.71584089,39.73603876,40.06515929,0,1
44.94000000,39.82167879,39.71469081,39.62962423,40.12746570,0,1
44.95000000,39.81772219,39.68846832,39.67886467,40.05747155,0,1
44.96000000,39.77121608,39.71719438,39.66711481,40.08598351,0,1
44.97000000,39.89486762,39.73728468,39.69109393,40.07025000,0,1
44.98000000,39.86318044,39.74547999,39.67429918,40.00630808,0,1
44.99000000,39.84843478,39.68083990,39.63241088,39.99424868,0,1
45.00000000,39.77425437,39.71436348,39.61938533,39.98560488,0,1
45.01000000,39.80074785,39.71531518,39.60173539,40.00248120,0,1
45.02000000,39.84917691,39.74791675,39.59968128,40.04813057,0,1
45.03000000,39.84121358,39.76579798,39.58121355,40.01987915,0,1
45.04000000,39.81887119,39.69058050,39.55764719,40.08005221,0,1
45.05000000,39.77134285,39.73001653,39.59917036,39.98354973,0,1
45.06000000,39.83962640,39.75595465,39.60692349,40.02608135,0,1
45.07000000,39.82134264,39.72983612,39.57729113,40.04843005,0,1
45.08000000,39.82056099,39.71622625,39.54723381,39.99669967,0,1
45.09000000,39.81125535,39.75141185,39.56560116,40.03869830,0,1
45.10000000,39.82370167,39.71369229,39.57326289,40.01573256,0,1
45.11000000,39.80905786,39.69532542,39.62778933,40.06711164,0,1
45.12000000,39.77189499,39.69847622,39.65179043,40.02710079,0,1
45.13000000,39.77279095,39.66241934,39.64768256,39.98798408,0,1
45.14000000,39.79314378,39.69619599,39.61653543,40.03208016,0,1
45.15000000,39.83286822,39.71357239,39.62002059,39.98008008,0,1
45.16000000,39.81042106,39.70676082,39.61520103,39.97903190,0,1
45.17000000,39.80665444,39.65961297,39.61362360,40.04736820,0,1
45.18000000,39.78421226,39.71428011,39.62769888,40.05063242,0,1
45.19000000,39.77664688,39.73417986,39.63681317,40.08459642,0,1
45.20000000,39.76974610,39.72718441,39.66926928,40.05460677,0,1
45.21000000,39.76460510,39.72222732,39.64627134,40.08006056,0,1
45.22000000,39.85449775,39.71262646,39.63458672,40.03473166,0,1
45.23000000,39.85396764,39.72656856,39.61599767,40.04457602,0,1
45.24000000,39.79779683,39.68620521,39.62362300,40.04684236,0,1
45.25000000,39.77632495,39.70327444,39.61336544,40.00401437,0,1
45.26000000,39.78742382,39.70369232,39.63952409,40.03150543,0,1
45.27000000,39.84043271,39.74161235,39.65776525,40.04338583,0,1
45.28000000,39.86276198,39.71350660,39.62843913,39.99721394,0,1
45.29000000,39.82207019,39.66997271,39.61697884,39.97528446,0,1
45.30000000,39.78509651,39.68363579,39.61961520,40.03102109,0,1
45.31000000,39.79641434,39.69325353,39.61764142,39.94822336,0,1
45.32000000,39.77215218,39.74852898,39.63222596,39.98380998,0,1
45.33000000,39.79177046,39.70623550,39.62368494,40.03775458,0,1
45.34000000,39.78558280,39.71165866,39.61167960,40.04016989,0,1
45.35000000,39.81415551,39.69981672,39.58988571,40.06081179,0,1
45.36000000,39.84790853,39.67738304,39.56422157,40.06841917,0,1
45.37000000,39.82727107,39.78294876,39.56845609,40.05597232,0,1
45.38000000,39.79002683,39.77272081,39.60398464,40.01015045,0,1
45.39000000,39.75777420,39.73374364,39.61726039,40.04289997,0,1
45.40000000,39.79879366,39.69228121,39.62134291,40.01190245,0,1
45.41000000,39.85799370,39.62869339,39.61699893,40.00177638,0,1
45.42000000,39.84388278,39.68188544,39.61505137,40.06684022,0,1
45.43000000,39.79493694,39.69854565,39.60415323,40.03938447,0,1
45.44000000,39.67800761,39.73938306,39.61396046,39.97733982,0,1
45.45000000,39.70805742,39.68144607,39.62426914,39.99100928,0,1
45.46000000,39.77287618,39.70579660,39.61939701,39.98436996,0,1
45.47000000,39.83225015,39.68369377,39.56560812,39.96995101,0,1
45.48000000,39.78889293,39.69893665,39.55752319,40.09934735,0,1
45.49000000,39.77086414,39.68551143,39.60487585,40.04427240,0,1
45.50000000,39.75252688,39.70171782,39.57647021,40.04518401,0,1
45.51000000,39.77903028,39.67963395,39.63616486,40.03964437,0,1
45.52000000,39.76252209,39.67620123,39.60169901,40.02067156,0,1
45.53000000,39.77173366,39.68348332,39.56149420,40.00926268,0,1
45.54000000,39.72934659,39.67205834,39.54928812,40.02723747,0,1
45.55000000,39.73402880,39.69843672,39.53121458,40.03838415,0,1
45.56000000,39.77839093,39.62756343,39.57923898,39.93574360,0,1
45.57000000,39.72597231,39.64587552,39.56041197,39.95357216,0,1
45.58000000,39.78821742,39.63483825,39.60194290,40.02943726,0,1
45.59000000,39.73375159,39.70993826,39.56578403,39.90163727,0,1
45.60000000,39.79398686,39.68126890,39.56242194,39.97388992,0,1
45.61000000,39.70338420,39.65748681,39.56267635,39.92334860,0,1
45.62000000,39.77138619,39.61688572,39.54983057,39.91547819,0,1
45.63000000,39.66710473,39.66529602,39.65329845,39.98351128,0,1
45.64000000,39.75927758,39.64307512,39.66544269,40.04399486,0,1
45.65000000,39.77106726,39.71069381,39.64565992,40.09776059,0,1
45.66000000,39.80708932,39.61947009,39.61565092,39.99860006,0,1
45.67000000,39.69842130,39.65043293,39.58996975,39.97152097,0,1
45.68000000,39.73998510,39.63628547,39.57196295,40.02577105,0,1
45.69000000,39.70838450,39.64228276,39.57795792,39.98198267,0,1
45.70000000,39.79127716,39.65292670,39.56769910,40.05967398,0,1
45.71000000,39.76107000,39.62042498,39.55774192,40.05886177,0,1
45.72000000,39.71771698,39.68733629,39.56165023,40.03242863,0,1
45.73000000,39.73057438,39.63481488,39.62771454,40.00306328,0,1
45.74000000,39.77577104,39.67973876,39.62662831,39.92462046,0,1
45.75000000,39.76574986,39.58710348,39.61450049,39.97550194,0,1
45.76000000,39.75503643,39.65173858,39.58356598,39.96576201,0,1
45.77000000,39.73631302,39.64803172,39.54021393,39.95451000,0,1
45.78000000,39.76308297,39.70544154,39.58064059,39.99941242,0,1
45.79000000,39.77998443,39.71953305,39.50422745,39.98276327,0,1
45.80000000,39.73449136,39.67483697,39.52363170,40.05964204,0,1
45.81000000,39.77618408,39.65150186,39.53105156,40.00304639,0,1
45.82000000,39.75424895,39.69235179,39.52696280,39.95786147,0,1
45.83000000,39.79345653,39.71141296,39.56950691,40.01347596,0,1
45.84000000,39.76521257,39.62518918,39.54466061,39.95378603,0,1
45.85000000,39.77923374,39.66437155,39.51482369,40.00058864,0,1
45.86000000,39.73121045,39.62396559,39.50980437,40.03378035,0,1
45.87000000,39.79454487,39.71844463,39.56455359,40.01681512,0,1
45.88000000,39.78120163,39.72874391,39.60953624,40.02430738,0,1
45.89000000,39.76768955,39.72950857,39.62295223,39.95133612,0,1
45.90000000,39.79681098,39.62011278,39.61307801,39.95793936,0,1
45.91000000,39.78924884,39.64248892,39.60542871,39.95746049,0,1
45.92000000,39.77537288,39.64382552,39.62395246,40.00944105,0,1
45.93000000,39.78587403,39.72891376,39.61475951,40.03630947,0,1
45.94000000,39.80995765,39.74014376,39.61286167,40.03994290,0,1
45.95000000,39.84151338,39.72979102,39.59568384,40.06805576,0,1
45.96000000,39.82074018,39.71697902,39.58444858,39.98473754,0,1
45.97000000,39.78952951,39.68924231,39.58469881,39.98030979,0,1
45.98000000,39.79274108,39.73651790,39.56912516,39.98997257,0,1
45.99000000,39.79997534,39.69854131,39.57172494,39.96886395,0,1
46.00000000,39.83099813,39.68649316,39.57009702,39.99377774,0,1
46.01000000,39.85789997,39.66960738,39.57314389,40.01305754,0,1
46.02000000,39.80763574,39.69465950,39.57850449,39.96987810,0,1
46.03000000,39.80186176,39.66232704,39.57627931,39.98239470,0,1
46.04000000,39.83225767,39.66018455,39.61685617,39.96709261,0,1
46.05000000,39.83921587,39.67014924,39.60199045,39.93985618,0,1
46.06000000,39.79415477,39.66481867,39.63566526,39.91196508,0,1
46.07000000,39.76824825,39.69901375,39.57213063,39.92172824,0,1
46.08000000,39.75333199,39.68587489,39.59680899,39.93949299,0,1
46.09000000,39.74955601,39.67114436,39.56841826,40.01291029,0,1
46.10000000,39.80048601,39.66733534,39.59370518,40.02855469,0,1
46.11000000,39.80287222,39.70067316,39.59684880,39.98921706,0,1
46.12000000,39.71891499,39.68279908,39.57664459,39.96724266,0,1
46.13000000,39.73952382,39.68618746,39.57048868,39.98580648,0,1
46.14000000,39.80947719,39.69240334,39.55104841,39.95407138,0,1
46.15000000,39.87114936,39.69158464,39.53288382,39.96721329,0,1
46.16000000,39.77988546,39.71355827,39.53998454,40.05239754,0,1
46.17000000,39.65837374,39.69168878,39.56909336,39.96669414,0,1
46.18000000,39.68182410,39.63075984,39.57406085,40.00460009,0,1
46.19000000,39.84385971,39.65202616,39.60191786,40.01397877,0,1
46.20000000,39.88708436,39.61969810,39.55819120,39.94863254,0,1
46.21000000,39.79608405,39.60237603,39.55001305,39.98378314,0,1
46.22000000,39.69777097,39.61103869,39.55618217,39.99995705,0,1
46.23000000,39.69612493,39.66142538,39.57723086,39.98770443,0,1
46.24000000,39.75999057,39.67242579,39.56800572,40.05545818,0,1
46.25000000,39.78622370,39.65692497,39.58037386,40.01068583,0,1
46.26000000,39.71781424,39.60969190,39.55861075,40.04198925,0,1
46.27000000,39.67007243,39.60681630,39.62517391,40.04807836,0,1
46.28000000,39.72432020,39.65079060,39.65336792,39.96750954,0,1
46.29000000,39.76797551,39.68873872,39.66473185,40.02107136,0,1
46.30000000,39.73609083,39.66346622,39.60132633,40.00177308,0,1
46.31000000,39.67212251,39.62585778,39.61815927,39.93507518,0,1
46.32000000,39.70728545,39.61458800,39.58073248,39.98908597,0,1
46.33000000,39.73751894,39.59805946,39.57737117,39.97022752,0,1
46.34000000,39.80485949,39.66371541,39.58516447,39.88874078,0,1
46.35000000,39.73796673,39.65751005,39.52911516,39.88830618,0,1
46.36000000,39.68699172,39.64141071,39.53525792,39.96228991,0,1
46.37000000,39.70139736,39.59427941,39.61026885,39.87485100,0,1
46.38000000,39.73796495,39.57597772,39.62531824,39.95508166,0,1
46.39000000,39.72016953,39.64292603,39.48885325,39.99820280,0,1
46.40000000,39.69177328,39.69632330,39.50704141,39.96295526,0,1
46.41000000,39.68445243,39.63348615,39.38791960,40.07800426,0,1
46.42000000,39.86279846,39.67318081,39.58831214,40.01210301,0,1
46.43000000,39.82166018,39.60898279,39.56372712,40.03909239,0,1
46.44000000,39.82787697,39.65527095,39.56090029,40.03217643,0,1
46.45000000,39.63907059,39.67492110,39.52598102,39.93277780,0,1
46.46000000,39.70113691,39.65807796,39.57734353,40.05705752,0,1
46.47000000,39.74737880,39.68752536,39.55336468,39.97199565,0,1
46.48000000,39.88863304,39.64849896,39.59093160,39.99548124,0,1
46.49000000,39.77863377,39.60702608,39.54928921,39.96755781,0,1
46.50000000,39.75920648,39.69676991,39.63390422,39.93492853,0,1
46.51000000,39.73599768,39.63298034,39.57300919,39.97152166,0,1
46.52000000,39.76629808,39.67785693,39.62729731,39.90041281,0,1
46.53000000,39.72405377,39.61137050,39.56367234,39.90800296,0,1
46.54000000,39.70885301,39.64449945,39.52773074,39.98945167,0,1
46.55000000,39.71003555,39.63675858,39.54629158,39.99560020,0,1
46.56000000,39.76909870,39.64476121,39.56246820,40.06735848,0,1
46.57000000,39.76581530,39.68257216,39.57004661,40.00660777,0,1
46.58000000,39.75373932,39.66857659,39.60216563,39.93058909,0,1
46.59000000,39.72593325,39.65091984,39.52228669,39.95902594,0,1
46.60000000,39.74144324,39.62259195,39.56270023,39.93592218,0,1
46.61000000,39.73845685,39.63032371,39.42270368,39.95417336,0,1
46.62000000,39.80022699,39.59960747,39.43164438,39.94226473,0,1
46.63000000,39.70755998,39.65556405,39.39921360,39.97417696,0,1
46.64000000,39.75115437,39.60730999,39.47760141,39.88407296,0,1
46.65000000,39.71576064,39.61861472,39.56783629,39.85901840,0,1
46.66000000,39.71121869,39.59895475,39.58888068,39.90739791,0,1
46.67000000,39.69215076,39.57800827,39.47128750,39.83919628,0,1
46.68000000,39.68576960,39.58627153,39.46897674,39.88907345,0,1
46.69000000,39.74322206,39.60322105,39.44757176,39.89122948,0,1
46.70000000,39.73061626,39.59524005,39.51681516,39.95123020,0,1
46.71000000,39.71469053,39.60256150,39.56089237,40.02979526,0,1
46.72000000,39.68015242,39.55030945,39.56639657,39.93945990,0,1
46.73000000,39.69296452,39.60125591,39.59503000,39.96855288,0,1
46.74000000,39.71708302,39.62446126,39.62616326,39.97561068,0,1
46.75000000,39.71471470,39.59841023,39.61123398,39.90927305,0,1
46.76000000,39.65141149,39.57778639,39.58199871,39.93094830,0,1
46.77000000,39.63328019,39.58443118,39.54140425,39.94434847,0,1
46.78000000,39.67228603,39.59824310,39.53579287,40.00790447,0,1
46.79000000,39.74037353,39.56193357,39.53895735,39.99251369,0,1
46.80000000,39.72172416,39.47919788,39.55012321,39.85827065,0,1
46.81000000,39.75978976,39.59321140,39.54543446,39.88720535,0,1
46.82000000,39.68575223,39.56648651,39.53184638,39.87211278,0,1
46.83000000,39.65968134,39.59284049,39.52439522,39.85692529,0,1
46.84000000,39.64882636,39.48689482,39.52395852,39.95729875,0,1
46.85000000,39.71448229,39.53811440,39.54684643,39.97173722,0,1
46.86000000,39.75155478,39.56128972,39.51279925,39.96603262,0,1
46.87000000,39.71994675,39.59174947,39.54113809,39.93256485,0,1
46.88000000,39.62447914,39.59749874,39.51677435,39.87020305,0,1
46.89000000,39.65905329,39.54131331,39.47450478,39.87137803,0,1
46.90000000,39.71600056,39.58222312,39.49137644,39.91455548,0,1
46.91000000,39.75453942,39.61872603,39.47346249,39.92905223,0,1
46.92000000,39.68555879,39.61236462,39.48047377,39.90742289,0,1
46.93000000,39.64944565,39.56762394,39.48303727,39.86353322,0,1
46.94000000,39.68657021,39.58849953,39.51328723,39.88346841,0,1
46.95000000,39.74485266,39.57333308,39.56606326,39.87043680,0,1
46.96000000,39.75778721,39.54747741,39.60390526,39.85919480,0,1
46.97000000,39.73887788,39.49237129,39.61904467,39.90500551,0,1
46.98000000,39.67895331,39.57877089,39.59176364,39.89295524,0,1
46.99000000,39.74588644,39.59401522,39.54109856,39.90402740,0,1
47.00000000,39.71488057,39.61794481,39.49216332,39.87197460,0,1
47.01000000,39.72185634,39.58213416,39.48983220,39.99420795,0,1
47.02000000,39.65994065,39.60151127,39.51162285,39.99919388,0,1
47.03000000,39.72508649,39.63666448,39.55082311,39.99112562,0,1
47.04000000,39.74659595,39.65926278,39.53301601,39.96614871,0,1
47.05000000,39.69087596,39.62099411,39.51884483,39.88516376,0,1
47.06000000,39.73736707,39.58985364,39.48491837,39.96088193,0,1
47.07000000,39.71190545,39.61016549,39.53421420,40.00161217,0,1
47.08000000,39.72563345,39.60651028,39.52792375,39.90627135,0,1
47.09000000,39.70737522,39.56704836,39.57611316,40.01280782,0,1
47.10000000,39.74627481,39.56476204,39.54752387,39.91486818,0,1
47.11000000,39.73468688,39.60082762,39.53485252,39.76665154,0,1
47.12000000,39.76697881,39.64788385,39.55892381,39.88036399,0,1
47.13000000,39.70603047,39.63138705,39.56028044,39.88828238,0,1
47.14000000,39.71981762,39.63036137,39.49955487,39.89655282,0,1
47.15000000,39.73493006,39.54193827,39.50691141,39.97625148,0,1
47.16000000,39.75469038,39.65198581,39.41810477,39.97042785,0,1
47.17000000,39.78475388,39.68393034,39.42386764,39.93048724,0,1
47.18000000,39.69416651,39.66537854,39.52428010,39.96329158,0,1
47.19000000,39.75395886,39.63795913,39.40509605,39.89103012,0,1
47.20000000,39.75909504,39.62386336,39.63766265,39.91830779,0,1
47.21000000,39.78811481,39.68242996,39.49529073,39.90326976,0,1
47.22000000,39.77551031,39.65788214,39.60854563,39.97180035,0,1
47.23000000,39.75804293,39.66608541,39.47533756,39.90260326,0,1
47.24000000,39.77752558,39.65582570,39.65107300,39.95192721,0,1
47.25000000,39.82137448,39.61905232,39.53905219,39.98319720,0,1
47.26000000,39.75132856,39.64172243,39.65603285,39.90267033,0,1
47.27000000,39.76702033,39.61821371,39.63492523,39.96090364,0,1
47.28000000,39.75276044,39.63480113,39.65322985,39.94350334,0,1
47.29000000,39.83085942,39.61140891,39.60647488,39.96399510,0,1
47.30000000,39.79710598,39.69208303,39.61151290,40.00801435,0,1
47.31000000,39.79422794,39.60927452,39.57839834,40.00841242,0,1
47.32000000,39.78990539,39.69818672,39.58172635,40.03958343,0,1
47.33000000,39.82065099,39.65644956,39.60767505,40.00822912,0,1
47.34000000,39.79616106,39.70478591,39.57431771,39.99281115,0,1
47.35000000,39.77086012,39.69946714,39.63584124,39.95277117,0,1
47.36000000,39.88933811,39.66554098,39.53926102,39.88379266,0,1
47.37000000,39.77418312,39.62811114,39.59252489,39.96153039,0,1
47.38000000,39.83933011,39.65120260,39.56159364,39.91414227,0,1
47.39000000,39.76712208,39.67665311,39.55658499,39.95286750,0,1
47.40000000,39.78116687,39.63324579,39.54746777,39.91517559,0,1
47.41000000,39.74189556,39.64351632,39.57192526,39.84739629,0,1
47.42000000,39.83274935,39.62529349,39.56907981,39.88590877,0,1
47.43000000,39.78463984,39.66978935,39.59098599,39.85401601,0,1
47.44000000,39.77006647,39.66794899,39.53822868,39.88682174,0,1
47.45000000,39.70161608,39.59047547,39.56733117,39.95866672,0,1
47.46000000,39.70951971,39.56096181,39.56946846,39.98309414,0,1
47.47000000,39.76471836,39.63045790,39.57544729,40.01782143,0,1
47.48000000,39.72383083,39.66089793,39.57358607,39.99545104,0,1
47.49000000,39.71251065,39.65609171,39.52343365,39.96805082,0,1
47.50000000,39.68905011,39.61819273,39.54436327,39.97205245,0,1
47.51000000,39.75699503,39.65111893,39.52919397,39.95960501,0,1
47.52000000,39.71553223,39.61848660,39.52531010,39.95212614,0,1
47.53000000,39.71614737,39.58454685,39.50015271,39.93342859,0,1
47.54000000,39.67090019,39.61173947,39.50042204,39.97146866,0,1
47.55000000,39.66167649,39.59031210,39.49291593,39.95524472,0,1
47.56000000,39.67890190,39.56881211,39.52553845,39.93482053,0,1
47.57000000,39.68108856,39.59869323,39.52804117,39.94389186,0,1
47.58000000,39.69029791,39.60177519,39.56357892,39.90712238,0,1
47.59000000,39.66179355,39.55102104,39.60715047,39.95266154,0,1
47.60000000,39.61289537,39.58636243,39.56883754,39.97930991,0,1
47.61000000,39.64202257,39.58264852,39.54948223,39.98901147,0,1
47.62000000,39.71857086,39.59734788,39.55569879,40.06754523,0,1
47.63000000,39.71109178,39.60103695,39.56279837,40.00832478,0,1
47.64000000,39.68754822,39.56427355,39.58449139,40.00020490,0,1
47.65000000,39.64150394,39.59707830,39.60352027,39.99822725,0,1
47.66000000,39.65786295,39.65779831,39.59729884,39.99049677,0,1
47.67000000,39.71070287,39.66414497,39.58464300,39.96796369,0,1
47.68000000,39.70366318,39.60664062,39.56931748,39.98259980,0,1
47.69000000,39.71238560,39.56553049,39.57044668,39.99988938,0,1
47.70000000,39.71713617,39.61133443,39.55799688,39.97597924,0,1
47.71000000,39.74218546,39.64978190,39.55509803,39.95445259,0,1
47.72000000,39.72836521,39.61884205,39.55690654,39.93479416,0,1
47.73000000,39.71746437,39.59085283,39.56260104,39.87128639,0,1
47.74000000,39.70119218,39.59060061,39.57045347,39.89527629,0,1
47.75000000,39.75564523,39.64334918,39.55063685,39.98886285,0,1
47.76000000,39.73819111,39.66485250,39.53539535,39.99943133,0,1
47.77000000,39.71564718,39.64511412,39.51835477,39.97679360,0,1
47.78000000,39.73174678,39.64567071,39.52470522,40.03345179,0,1
47.79000000,39.72929637,39.64832772,39.55878003,39.98743030,0,1
47.80000000,39.72825380,39.66070292,39.53992824,39.96861701,0,1
47.81000000,39.70813813,39.66127195,39.51826552,40.00667665,0,1
47.82000000,39.73591967,39.64119877,39.47669400,39.95745067,0,1
47.83000000,39.78783999,39.62397003,39.46602198,39.94267686,0,1
47.84000000,39.78142415,39.69722422,39.43953783,39.95143835,0,1
47.85000000,39.74019054,39.64798512,39.51885604,39.95617077,0,1
47.86000000,39.67476048,39.68431500,39.52397928,39.89935418,0,1
47.87000000,39.70137277,39.58433028,39.49994164,39.93013851,0,1
47.88000000,39.74101197,39.60004354,39.49084760,39.89122346,0,1
47.89000000,39.72883040,39.64131569,39.47717099,39.87276930,0,1
47.90000000,39.75022174,39.64289359,39.50280617,39.92291443,0,1
47.91000000,39.71885941,39.61588202,39.46691742,39.93944186,0,1
47.92000000,39.77799720,39.60667214,39.49545568,39.96626277,0,1
47.93000000,39.74352488,39.62925568,39.50256124,39.99806744,0,1
47.94000000,39.77874742,39.63004103,39.52133884,39.93137422,0,1
47.95000000,39.77701981,39.67303511,39.50531403,39.91977872,0,1
47.96000000,39.78475135,39.59664544,39.55614069,39.92743249,0,1
47.97000000,39.73842326,39.58486398,39.50895765,39.85918615,0,1
47.98000000,39.74111082,39.70669364,39.58071369,39.96065540,0,1
47.99000000,39.69811980,39.68318910,39.56509345,39.94621166,0,1
48.00000000,39.69632289,39.70906264,39.56174944,39.92924231,0,1
48.01000000,39.67536051,39.55793601,39.59465815,39.94246053,0,1
48.02000000,39.79379429,39.54668875,39.54727764,39.89391572,0,1
48.03000000,39.70748553,39.62214611,39.57521134,39.88932019,0,1
48.04000000,39.79654188,39.70440992,39.56578865,39.91430609,0,1
48.05000000,39.63970893,39.66090461,39.59195602,39.99498220,0,1
48.06000000,39.74892182,39.62633042,39.59023751,39.95061391,0,1
48.07000000,39.88557848,39.51557464,39.58692380,40.00517936,0,1
48.08000000,39.83329647,39.71986308,39.59893514,40.07025196,0,1
48.09000000,39.64305045,39.71728612,39.52239931,40.01948867,0,1
48.10000000,39.60064458,39.74859794,39.46999359,39.99834048,0,1
48.11000000,39.66276597,39.62947088,39.47260029,40.04586658,0,1
48.12000000,39.90605021,39.68633480,39.42153136,39.95040299,0,1
48.13000000,39.77300924,39.78498420,39.43757701,40.01473365,0,1
48.14000000,39.81378017,39.59519877,39.39204748,40.00469433,0,1
48.15000000,39.64573375,39.74448277,39.39688521,39.98712039,0,1
48.16000000,39.75303201,39.58968261,39.43583008,39.99644593,0,1
48.17000000,39.78565077,39.63002358,39.49774419,39.88407062,0,1
48.18000000,39.75439216,39.60417235,39.61294280,39.87260517,0,1
48.19000000,39.68102740,39.68586084,39.64835254,39.94119490,0,1
48.20000000,39.70226082,39.64558643,39.66289176,39.94059127,0,1
48.21000000,39.79197232,39.64453964,39.62708205,39.98951950,0,1
48.22000000,39.74294225,39.60222361,39.62517341,40.01326265,0,1
48.23000000,39.70926691,39.56965732,39.59798530,39.97089148,0,1
48.24000000,39.68158115,39.62732059,39.58922623,39.99909849,0,1
48.25000000,39.69358061,39.65977856,39.59238609,40.04130560,0,1
48.26000000,39.73811591,39.66151673,39.51061869,39.97364301,0,1
48.27000000,39.70487113,39.57806215,39.55980391,39.88383898,0,1
48.28000000,39.66931893,39.60850232,39.56732930,39.86310677,0,1
48.29000000,39.68030401,39.68246754,39.58654848,39.90628308,0,1
48.30000000,39.75797726,39.63727617,39.71546018,39.91361730,0,1
48.31000000,39.70992809,39.59467469,39.58710347,39.88064492,0,1
48.32000000,39.71631456,39.52880669,39.46762510,39.80099443,0,1
48.33000000,39.68526981,39.52154788,39.47531192,39.86920542,0,1
48.34000000,39.64552492,39.55867258,39.46875121,39.87008111,0,1
48.35000000,39.61962853,39.56018445,39.52686929,39.82490054,0,1
48.36000000,39.61222942,39.58631064,39.48057587,39.94867625,0,1
48.37000000,39.66837672,39.57337319,39.41919785,39.98211390,0,1
48.38000000,39.70450893,39.60648071,39.45162799,39.93086234,0,1
48.39000000,39.65503634,39.58420945,39.42793022,39.97787144,0,1
48.40000000,39.60603537,39.54545719,39.46707713,40.03016765,0,1
48.41000000,39.60150788,39.56149615,39.47203541,40.00662795,0,1
48.42000000,39.67182775,39.62728767,39.47997147,40.00567428,0,1
48.43000000,39.68623395,39.61536598,39.51340689,40.03362263,0,1
48.44000000,39.64953539,39.59593588,39.54769832,39.99134325,0,1
48.45000000,39.66941057,39.51327867,39.57003148,40.02177340,0,1
48.46000000,39.72728924,39.48651345,39.56887767,40.07610513,0,1
48.47000000,39.72020273,39.52470905,39.59854186,39.99090858,0,1
48.48000000,39.67956558,39.55342811,39.60104982,39.93228315,0,1
48.49000000,39.64545706,39.62980269,39.60634788,39.98040795,0,1
48.50000000,39.62209822,39.65443571,39.58102389,39.97474113,0,1
48.51000000,39.67359066,39.56142818,39.53153023,39.96789187,0,1
48.52000000,39.66541131,39.54246315,39.55425270,39.97842168,0,1
48.53000000,39.70099799,39.54646970,39.56102550,40.02863330,0,1
48.54000000,39.68848071,39.66714510,39.56701964,40.04238684,0,1
48.55000000,39.70145848,39.71605438,39.54489099,39.89546016,0,1
48.56000000,39.72525614,39.68538851,39.54263492,39.92630853,0,1
48.57000000,39.72527287,39.64349050,39.50641573,39.93790445,0,1
48.58000000,39.70588246,39.63147338,39.47234614,39.90406495,0,1
48.59000000,39.73476493,39.64851978,39.53024857,39.93958475,0,1
48.60000000,39.73265033,39.70336673,39.46621575,39.92279783,0,1
48.61000000,39.74911392,39.69708895,39.50202461,39.86361332,0,1
48.62000000,39.76838534,39.61101930,39.38456435,39.81967656,0,1
48.63000000,39.78497942,39.66026732,39.39937673,39.88257627,0,1
48.64000000,39.82240243,39.65177600,39.39518738,39.95028499,0,1
48.65000000,39.79514762,39.71149113,39.44149693,39.93950737,0,1
48.66000000,39.76797571,39.65539902,39.45031795,39.99040394,0,1
48.67000000,39.70403388,39.64739953,39.50226197,39.94040780,0,1
48.68000000,39.73173818,39.66432061,39.50466490,39.94729780,0,1
48.69000000,39.76063189,39.62760090,39.61236657,40.03009886,0,1
48.70000000,39.81961318,39.66551079,39.60407703,40.05248866,0,1
48.71000000,39.73398769,39.62854518,39.58144803,40.09318928,0,1
48.72000000,39.66491516,39.65798155,39.61227536,39.95395731,0,1
48.73000000,39.62439891,39.71835884,39.57498406,39.90349404,0,1
48.74000000,39.68202994,39.72993581,39.61561808,39.98612494,0,1
48.75000000,39.81543389,39.66362007,39.51015781,39.92782499,0,1
48.76000000,39.80294067,39.61538205,39.49888657,40.04063059,0,1
48.77000000,39.81895428,39.63724683,39.46208468,40.00256426,0,1
48.78000000,39.74331447,39.64443593,39.50779117,39.86373045,0,1
48.79000000,39.75702659,39.70553033,39.53791142,39.87911373,0,1
48.80000000,39.73680021,39.69544110,39.54717177,39.77374602,0,1
48.81000000,39.77344995,39.71993156,39.47883026,39.91615541,0,1
48.82000000,39.71535138,39.62647427,39.42600116,39.95429332,0,1
48.83000000,39.73560423,39.65490713,39.40240424,39.92019325,0,1
48.84000000,39.70477961,39.67879474,39.37592355,39.98921756,0,1
48.85000000,39.71395675,39.68864287,39.39925829,39.93828300,0,1
48.86000000,39.67026195,39.67040331,39.44679582,39.88047826,0,1
48.87000000,39.70736468,39.65340626,39.47537814,39.93763193,0,1
48.88000000,39.66772873,39.71297808,39.49939028,40.02046863,0,1
48.89000000,39.74908792,39.69765171,39.53060737,40.06323069,0,1
48.90000000,39.69024481,39.62496141,39.54525506,39.99230383,0,1
48.91000000,39.76095154,39.60364313,39.62056126,40.08624529,0,1
48.92000000,39.68919229,39.61302272,39.67582475,40.03257155,0,1
48.93000000,39.77989076,39.66212972,39.74737242,40.02246243,0,1
48.94000000,39.72475680,39.63274059,39.68505477,40.08050125,0,1
48.95000000,39.80385288,39.62329492,39.65985922,40.00949270,0,1
48.96000000,39.78562431,39.60662233,39.55966571,40.02293869,0,1
48.97000000,39.77580743,39.64582644,39.58420841,40.09751270,0,1
48.98000000,39.72481627,39.64814379,39.57027205,39.95694432,0,1
48.99000000,39.70077293,39.69103218,39.59402132,40.01895178,0,1
49.00000000,39.71160395,39.67370709,39.57918629,40.00319160,0,1
49.01000000,39.76247868,39.65467788,39.56926413,39.97294290,0,1
49.02000000,39.75301755,39.61727525,39.57575100,39.95724384,0,1
49.03000000,39.72976609,39.65230097,39.62363945,39.89207125,0,1
49.04000000,39.72747048,39.67700803,39.61363642,39.93757660,0,1
49.05000000,39.73939215,39.63366776,39.61258517,39.88914797,0,1
49.06000000,39.74427233,39.60645897,39.59802345,39.93776355,0,1
49.07000000,39.73049177,39.62776083,39.56177878,39.89717712,0,1
49.08000000,39.72798073,39.62134968,39.50682535,39.87524476,0,1
49.09000000,39.70705756,39.66802225,39.52690192,39.94776341,0,1
49.10000000,39.68653692,39.62457717,39.50262011,39.87462832,0,1
49.11000000,39.68345944,39.57628317,39.51580645,39.92683017,0,1
49.12000000,39.67429762,39.53915497,39.49493106,40.01559684,0,1
49.13000000,39.69673253,39.56063766,39.43163163,40.00321326,0,1
49.14000000,39.67257967,39.68767455,39.42881815,40.02878186,0,1
49.15000000,39.62608755,39.67873066,39.41171509,40.06208990,0,1
49.16000000,39.62093396,39.62969380,39.43506184,39.97447509,0,1
49.17000000,39.64353166,39.56554246,39.47334275,39.99405768,0,1
49.18000000,39.66238260,39.51609685,39.51908307,40.00360807,0,1
49.19000000,39.67937518,39.58072826,39.53615530,39.96366799,0,1
49.20000000,39.65909482,39.58117053,39.52499822,40.00907168,0,1
49.21000000,39.62675850,39.58855903,39.51754884,40.00384346,0,1
49.22000000,39.60818017,39.58818873,39.50661716,39.95960455,0,1
49.23000000,39.64870168,39.63179099,39.49228205,39.92134806,0,1
49.24000000,39.65975804,39.56983058,39.47304725,39.93398089,0,1
49.25000000,39.66592887,39.56586507,39.48842154,39.92390947,0,1
49.26000000,39.64909741,39.57200514,39.49800886,39.92274183,0,1
49.27000000,39.62750765,39.54640830,39.52605366,39.97596689,0,1
49.28000000,39.59778582,39.57404051,39.52539829,39.99009258,0,1
49.29000000,39.61320523,39.58137705,39.53053247,39.98683834,0,1
49.30000000,39.59959815,39.57650868,39.53320112,40.00696317,0,1
49.31000000,39.64208783,39.60765500,39.54123898,39.95566067,0,1
49.32000000,39.65199140,39.56974402,39.53778477,39.94656127,0,1
49.33000000,39.63911022,39.58677423,39.54165236,39.89437712,0,1
49.34000000,39.65000212,39.59078747,39.54354556,39.87955529,0,1
49.35000000,39.62014281,39.61401682,39.54633808,39.96862472,0,1
49.36000000,39.63164935,39.62830618,39.54467962,39.98773185,0,1
49.37000000,39.62571167,39.57936038,39.51944800,39.98389027,0,1
49.38000000,39.66894904,39.58484602,39.44623700,39.95505803,0,1
49.39000000,39.69377563,39.58875818,39.44017753,39.91775441,0,1
49.40000000,39.70032306,39.61337854,39.43384941,39.90480684,0,1
49.41000000,39.70562921,39.69119900,39.46514202,39.92283652,0,1
49.42000000,39.67296315,39.61814750,39.46184783,39.95562500,0,1
49.43000000,39.69863373,39.59770051,39.47689193,40.01999281,0,1
49.44000000,39.69333959,39.57331357,39.44591171,40.04635434,0,1
49.45000000,39.70835660,39.63603955,39.40650535,39.92051898,0,1
49.46000000,39.69862656,39.67743394,39.43090250,39.94139094,0,1
49.47000000,39.67395973,39.66175057,39.50092899,39.99042672,0,1
49.48000000,39.64003024,39.62056417,39.48354937,39.90542927,0,1
49.49000000,39.70118798,39.59515401,39.55137247,39.93988482,0,1
49.50000000,39.75756357,39.64208042,39.50879715,40.02788711,0,1
49.51000000,39.70429324,39.66833283,39.47924812,39.93308588,0,1
49.52000000,39.70657398,39.63952378,39.51804422,40.00907084,0,1
49.53000000,39.70020408,39.62763040,39.48533306,39.97025699,0,1
49.54000000,39.74324932,39.67240563,39.52709952,39.89859426,0,1
49.55000000,39.78407546,39.66256646,39.52428478,39.94273531,0,1
49.56000000,39.73722425,39.66038503,39.54757355,39.92563183,0,1
49.57000000,39.70528524,39.66641955,39.55871228,39.95962051,0,1
49.58000000,39.70985780,39.65389850,39.54768098,39.98378099,0,1
49.59000000,39.74407566,39.69598268,39.48836276,40.01533074,0,1
49.60000000,39.78671461,39.66008350,39.46575660,39.98225422,0,1
49.61000000,39.72957379,39.70168888,39.43027553,39.96120912,0,1
49.62000000,39.74913489,39.67115369,39.43823793,39.99416812,0,1
49.63000000,39.74352387,39.68932695,39.46764243,39.92224131,0,1
49.64000000,39.78102939,39.73006811,39.48965018,39.89643843,0,1
49.65000000,39.78250012,39.70717816,39.50645340,39.94397060,0,1
49.66000000,39.77725896,39.67863944,39.53330706,39.95117807,0,1
49.67000000,39.77230542,39.61811743,39.52665736,40.01709988,0,1
49.68000000,39.76994111,39.69647238,39.56439815,39.99826335,0,1
49.69000000,39.73313591,39.70945095,39.53712916,39.92301659,0,1
49.70000000,39.74490462,39.67326538,39.53229404,39.91890439,0,1
49.71000000,39.69414827,39.67852049,39.54966133,39.91046279,0,1
49.72000000,39.73952005,39.61813065,39.57941149,39.93719761,0,1
49.73000000,39.72355836,39.65603217,39.59063981,39.98173725,0,1
49.74000000,39.74284297,39.65182590,39.51052239,40.03279946,0,1
49.75000000,39.73422096,39.66904020,39.52823344,40.04433116,0,1
49.76000000,39.73747580,39.68669373,39.53904490,39.94973677,0,1
49.77000000,39.76448486,39.71004794,39.57616827,39.99887348,0,1
49.78000000,39.70929346,39.66515776,39.58414878,39.99862515,0,1
49.79000000,39.73671044,39.66130330,39.56162555,39.94036081,0,1
49.80000000,39.76064195,39.60233515,39.56355537,40.00345754,0,1
49.81000000,39.77236443,39.66247944,39.53237580,39.96041182,0,1
49.82000000,39.69903851,39.60013111,39.53016960,39.99053052,0,1
49.83000000,39.64872082,39.62413529,39.52773874,39.93156190,0,1
49.84000000,39.63120188,39.63959782,39.47697905,39.88161695,0,1
49.85000000,39.69151327,39.65954605,39.46098841,39.92933464,0,1
49.86000000,39.71271974,39.65205660,39.47786164,39.90299526,0,1
49.87000000,39.67501565,39.63273910,39.49417319,39.90011191,0,1
49.88000000,39.65664201,39.55210040,39.56988704,39.95280150,0,1
49.89000000,39.64174773,39.59643189,39.55156038,39.98162576,0,1
49.90000000,39.67880967,39.62761409,39.57090927,39.98624548,0,1
49.91000000,39.69077814,39.64840463,39.55420357,40.04609886,0,1
49.92000000,39.70061669,39.64064105,39.56115291,40.02557081,0,1
49.93000000,39.66888702,39.60798325,39.56817795,39.96644248,0,1
49.94000000,39.66139093,39.62510531,39.53911895,39.95988776,0,1
49.95000000,39.64368444,39.59948980,39.53206830,39.99197036,0,1
49.96000000,39.67349117,39.64022248,39.51394542,39.96317640,0,1
49.97000000,39.69728554,39.62652943,39.50987270,40.07077950,0,1
49.98000000,39.67127850,39.60826440,39.49060140,40.07830442,0,1
49.99000000,39.65745804,39.60718549,39.49160609,39.98601498,0,1
