time_s,wheel0_corrected_rad_s,wheel1_corrected_rad_s,wheel2_corrected_rad_s,wheel3_corrected_rad_s,FL_blowout_signal,RR_blowout_signal
0.00000000,58.27266541,58.06016821,57.92706604,58.04542036,0,0
0.01000000,58.32360209,58.03637810,57.89063671,58.07004895,0,0
0.02000000,58.24366556,58.00886900,57.89570064,58.06006754,0,0
0.03000000,58.18729622,58.01898966,57.91104119,58.05284864,0,0
0.04000000,58.18452656,58.05959904,57.92225532,58.04168312,0,0
0.05000000,58.22198733,58.07730236,57.91334596,58.02835839,0,0
0.06000000,58.27514587,58.02389745,57.91027956,58.03519293,0,0
0.07000000,58.27737226,58.01892297,57.94339900,58.02136131,0,0
0.08000000,58.30010983,58.02454857,57.93136543,58.02451802,0,0
0.09000000,58.26536536,58.05440621,57.91211965,58.02793563,0,0
0.10000000,58.23864314,58.05165873,57.88315576,58.02748698,0,0
0.11000000,58.23012580,58.01647629,57.90343045,58.05104274,0,0
0.12000000,58.27287435,58.02614228,57.91668559,58.06435566,0,0
0.13000000,58.30888252,58.04892092,57.87744533,58.05480104,0,0
0.14000000,58.28628582,58.05661895,57.85967295,58.01297341,0,0
0.15000000,58.28478359,58.03879229,57.86868027,57.99204598,0,0
0.16000000,58.24085062,58.02081749,57.91438682,58.01748103,0,0
0.17000000,58.24005070,58.01630085,57.94400592,58.03323804,0,0
0.18000000,58.23476498,58.02986485,58.01841661,58.04522197,0,0
0.19000000,58.27892276,58.05830056,57.96586430,58.00906223,0,0
0.20000000,58.28399393,58.04035362,57.88800313,58.00168873,0,0
0.21000000,58.23364603,58.00510958,57.83346463,57.99953592,0,0
0.22000000,58.20714161,58.00615251,57.85725448,58.01550315,0,0
0.23000000,58.22032975,58.00898882,57.85537569,58.02276269,0,0
0.24000000,58.30941792,58.01851707,57.85178061,58.02669226,0,0
0.25000000,58.31246555,58.01695070,57.87726415,58.02272332,0,0
0.26000000,58.26478784,58.01725544,57.87643337,57.99756690,0,0
0.27000000,58.21113797,58.01106582,57.86651748,58.00132249,0,0
0.28000000,58.23763359,57.99965338,57.85544721,58.00605113,0,0
0.29000000,58.28671856,58.00188698,57.87583111,57.98437862,0,0
0.30000000,58.25605579,58.00537930,57.90338733,58.01262889,0,0
0.31000000,58.23330803,58.02707646,57.92371627,58.00582061,0,0
0.32000000,58.22553545,58.03431733,57.94601191,58.00996604,0,0
0.33000000,58.26153210,58.02107255,57.90611611,58.03928638,0,0
0.34000000,58.29314066,58.01758756,57.89403772,58.00946999,0,0
0.35000000,58.32000669,58.02673552,57.88491363,57.99508727,0,0
0.36000000,58.26673602,58.02649146,57.94005358,58.01397036,0,0
0.37000000,58.26136942,58.05440389,57.94625276,58.03211452,0,0
0.38000000,58.26095993,58.04873279,57.88629072,58.00450665,0,0
0.39000000,58.30190694,58.01683787,57.85252823,58.01768460,0,0
0.40000000,58.27799118,58.03901314,57.84654576,58.00742656,0,0
0.41000000,58.23880097,58.06301790,57.88875625,58.00764687,0,0
0.42000000,58.24069240,58.04658357,57.91344210,58.02012902,0,0
0.43000000,58.26642909,58.04795270,57.89328856,58.02117036,0,0
0.44000000,58.30580965,57.99687756,57.88061091,58.02363304,0,0
0.45000000,58.28458233,57.98397569,57.87103786,57.98343965,0,0
0.46000000,58.25580120,58.03432085,57.91453222,57.97890002,0,0
0.47000000,58.27466689,58.08451256,57.89655557,57.96491554,0,0
0.48000000,58.29667753,58.07367040,57.87535309,57.96848155,0,0
0.49000000,58.26361160,58.01196837,57.86332202,57.97819121,0,0
0.50000000,58.19970695,57.98745780,57.84426194,57.96775431,0,0
0.51000000,58.18845670,57.98253009,57.86501568,57.98942666,0,0
0.52000000,58.25399094,58.03285652,57.89982065,58.00493457,0,0
0.53000000,58.27107774,58.03898123,57.90535387,57.98814759,0,0
0.54000000,58.22790171,57.99775059,57.88124497,57.98014894,0,0
0.55000000,58.18861112,58.00197050,57.85623915,57.99153418,0,0
0.56000000,58.20673836,58.02693779,57.87074480,57.98542110,0,0
0.57000000,58.25572632,58.04948559,57.86013146,58.00537753,0,0
0.58000000,58.27748026,58.02547585,57.85452300,58.03124202,0,0
0.59000000,58.23316816,58.01091196,57.85653025,58.01742155,0,0
0.60000000,58.24848212,57.98720628,57.88925612,58.05755938,0,0
0.61000000,58.30614446,58.04325407,57.89196595,58.03376991,0,0
0.62000000,58.28070191,58.05765638,57.89794868,57.99323661,0,0
0.63000000,58.23950331,58.02859125,57.90167976,57.99537499,0,0
0.64000000,58.20877818,57.98743882,57.96445815,58.01277704,0,0
0.65000000,58.22265734,58.00509015,57.98871241,58.06271994,0,0
0.66000000,58.28323596,58.03222830,57.94749307,58.06416171,0,0
0.67000000,58.30045265,58.05086421,57.88138620,58.03388539,0,0
0.68000000,58.25829334,58.05994110,57.87230170,57.99911743,0,0
0.69000000,58.23952172,57.99851177,57.89223515,57.96783380,0,0
0.70000000,58.24316255,57.98035931,57.91564088,57.97404683,0,0
0.71000000,58.24257966,58.01699530,57.89107045,57.99220042,0,0
0.72000000,58.27946119,58.03638056,57.85585671,57.98664055,0,0
0.73000000,58.27650138,58.03161896,57.83348324,57.99463633,0,0
0.74000000,58.29001925,58.04482401,57.86413366,57.98847537,0,0
0.75000000,58.26781177,58.00371228,57.86329150,57.98205029,0,0
0.76000000,58.22022772,57.96831936,57.85272860,58.00881356,0,0
0.77000000,58.18501350,57.96997944,57.87281497,58.00215135,0,0
0.78000000,58.21037047,58.00269631,57.91227838,57.99822699,0,0
0.79000000,58.25190935,58.03035651,57.91060767,58.01150995,0,0
0.80000000,58.26841476,58.02087478,57.90659811,58.01212837,0,0
0.81000000,58.24661819,58.03331225,57.91321970,57.99515572,0,0
0.82000000,58.21443992,58.01095769,57.89173208,58.01392952,0,0
0.83000000,58.24430994,58.00659273,57.90280786,58.01928092,0,0
0.84000000,58.24602244,58.02664429,57.91608571,58.01522762,0,0
0.85000000,58.23418914,57.99891023,57.90496939,58.03118163,0,0
0.86000000,58.23566169,57.99111763,57.88318578,58.02501819,0,0
0.87000000,58.26214455,58.04262881,57.86015433,57.97654697,0,0
0.88000000,58.30088990,58.04277454,57.83551868,57.99999985,0,0
0.89000000,58.28105213,58.02968509,57.85217647,58.01708306,0,0
0.90000000,58.26971315,58.03965582,57.90237997,58.01218962,0,0
0.91000000,58.26821803,58.08519574,57.96894846,58.03596108,0,0
0.92000000,58.26830025,58.08648223,57.97385166,58.02967531,0,0
0.93000000,58.27203478,58.03739246,57.92626278,58.02526572,0,0
0.94000000,58.28320132,58.01358623,57.88107017,58.00872389,0,0
0.95000000,58.27979266,58.05740103,57.88059565,58.00950799,0,0
0.96000000,58.30017037,58.08295361,57.91814718,58.02576538,0,0
0.97000000,58.24697308,58.06533153,57.91568965,58.01883357,0,0
0.98000000,58.24506351,58.05371307,57.88881998,58.02851296,0,0
0.99000000,58.29011941,58.03268203,57.90647975,58.04317270,0,0
1.00000000,58.31198443,58.04598594,57.87977507,58.03232258,0,0
1.01000000,58.32376365,58.05336493,57.88213496,58.01318981,0,0
1.02000000,58.25303367,58.06891373,57.87444835,58.00383393,0,0
1.03000000,58.23363397,58.07886910,57.88132731,57.97518906,0,0
1.04000000,58.26245598,58.08446535,57.86032377,57.96568050,0,0
1.05000000,58.29297547,58.07805807,57.89787626,57.96766903,0,0
1.06000000,58.29031302,58.05923012,57.88545517,57.98208913,0,0
1.07000000,58.25311209,58.02427312,57.90234117,58.00537299,0,0
1.08000000,58.23326567,58.04151441,57.89923243,58.04293848,0,0
1.09000000,58.27008196,58.08320806,57.88036040,58.03751973,0,0
1.10000000,58.30051116,58.08803909,57.86660084,58.03717941,0,0
1.11000000,58.29218565,58.02917077,57.86866995,58.01178858,0,0
1.12000000,58.25702410,57.99319913,57.91683531,58.04013958,0,0
1.13000000,58.21023902,58.03893040,57.93799346,58.08539614,0,0
1.14000000,58.26913484,58.07755653,57.92827013,58.06263663,0,0
1.15000000,58.26165210,58.11163121,57.90999871,58.07031794,0,0
1.16000000,58.28421820,58.10834526,57.93205679,58.06854101,0,0
1.17000000,58.23481142,58.00997249,57.93617072,58.03132586,0,0
1.18000000,58.23737292,57.98224456,57.95872155,58.02192191,0,0
1.19000000,58.26549504,58.03074316,57.91881320,58.02242852,0,0
1.20000000,58.23028245,58.07878336,57.88208209,58.03545465,0,0
1.21000000,58.26215565,58.10088288,57.85637072,58.03497188,0,0
1.22000000,58.26078290,58.06823126,57.87555051,58.03927907,0,0
1.23000000,58.30714836,58.06875672,57.90978703,58.03120596,0,0
1.24000000,58.30270120,58.04460206,57.91575315,58.05360494,0,0
1.25000000,58.26031385,58.09226527,57.90111175,58.07098066,0,0
1.26000000,58.26416615,58.07405902,57.90794629,58.07331872,0,0
1.27000000,58.28116949,58.04646335,57.95263113,58.10876160,0,0
1.28000000,58.30355611,58.03944342,57.94015574,58.07252790,0,0
1.29000000,58.25960384,58.04788881,57.98509777,58.02696630,0,0
1.30000000,58.25588505,58.10387400,57.92825463,58.05094160,0,0
1.31000000,58.25040203,58.10567270,57.97985841,58.05611371,0,0
1.32000000,58.30016456,58.04355514,57.91456305,58.05772794,0,0
1.33000000,58.28955588,58.00354246,57.90951260,58.11226342,0,0
1.34000000,58.30746434,58.08886905,57.90060781,58.06796297,0,0
1.35000000,58.30474932,58.14082412,57.89903023,58.02074958,0,0
1.36000000,58.29799742,58.10656207,57.91672439,58.03163196,0,0
1.37000000,58.28505050,58.06168474,57.85632091,58.01219799,0,0
1.38000000,58.27619461,58.02007468,57.86289721,58.03295623,0,0
1.39000000,58.31441371,58.04783987,57.89507422,58.02718726,0,0
1.40000000,58.27471938,58.06385021,57.90075343,58.05129462,0,0
1.41000000,58.20703717,58.09757454,57.88005790,58.04436990,0,0
1.42000000,58.23159690,58.05350949,57.87919543,58.05764365,0,0
1.43000000,58.28362861,58.04981086,57.89725212,58.06221780,0,0
1.44000000,58.32411236,58.03550554,57.92725019,58.04610002,0,0
1.45000000,58.28514609,58.02747985,57.91792634,58.04877047,0,0
1.46000000,58.18805247,58.04029985,57.91268366,58.06269414,0,0
1.47000000,58.18755632,58.12381429,57.91785630,58.08591101,0,0
1.48000000,58.25156243,58.10976430,57.93298188,58.07728504,0,0
1.49000000,58.30319212,58.09981293,57.88064882,58.05862750,0,0
1.50000000,58.27531103,58.00308066,57.86620711,58.01808716,0,0
1.51000000,58.22536823,58.02965097,57.86951812,58.05535598,0,0
1.52000000,58.22546181,58.07024917,57.90017298,58.12475550,0,0
1.53000000,58.21695307,58.07066684,57.91613088,58.10910319,0,0
1.54000000,58.25240439,58.02709098,57.91792878,58.08747238,0,0
1.55000000,58.30901909,58.02528867,57.90652619,58.07053982,0,0
1.56000000,58.30639155,58.07376531,57.94108084,58.06441088,0,0
1.57000000,58.26567297,58.12257091,57.92663201,58.05602353,0,0
1.58000000,58.22900830,58.08711441,57.91481586,58.06978866,0,0
1.59000000,58.26734834,58.04742954,57.92267932,58.06227564,0,0
1.60000000,58.30835989,58.02543810,57.96623104,58.06512416,0,0
1.61000000,58.33449423,58.10152037,57.97778599,58.04683884,0,0
1.62000000,58.28637395,58.12158707,57.96584024,58.03294371,0,0
1.63000000,58.25510100,58.10980169,57.89622893,58.01110522,0,0
1.64000000,58.27383126,58.06569543,57.88605726,58.05853925,0,0
1.65000000,58.31803692,58.06934679,57.87865150,58.04945309,0,0
1.66000000,58.35984589,58.10584451,57.91076028,58.08254190,0,0
1.67000000,58.32524442,58.10137712,57.95408961,58.08887122,0,0
1.68000000,58.28260500,58.08372636,57.89217385,58.08115560,0,0
1.69000000,58.27442105,58.08929867,57.90573080,58.10594386,0,0
1.70000000,58.34646338,58.09828629,57.88671719,58.05453170,0,0
1.71000000,58.33836551,58.11350284,57.89081762,58.02227360,0,0
1.72000000,58.30916371,58.09363139,57.94605618,58.05153278,0,0
1.73000000,58.27356754,58.09346842,57.93242332,58.08331561,0,0
1.74000000,58.28163805,58.10029482,57.93098262,58.08459506,0,0
1.75000000,58.34547033,58.12551134,57.91705074,58.05084504,0,0
1.76000000,58.31251027,58.08380542,57.89111084,58.04390307,0,0
1.77000000,58.30375043,58.04015762,57.92432876,58.02210967,0,0
1.78000000,58.28115268,58.04798729,57.94803086,58.04533125,0,0
1.79000000,58.28929710,58.09447910,57.93174676,58.06052698,0,0
1.80000000,58.32392789,58.11300709,57.90090475,58.06753370,0,0
1.81000000,58.29265175,58.08838364,57.88936728,58.05637498,0,0
1.82000000,58.29506965,58.04070189,57.89643760,58.05014203,0,0
1.83000000,58.31632818,58.06778485,57.95788646,58.07933852,0,0
1.84000000,58.34047897,58.09364327,57.95001626,58.05504710,0,0
1.85000000,58.29087938,58.11543117,57.91002126,58.04093792,0,0
1.86000000,58.28019224,58.08033053,57.89891661,58.03758623,0,0
1.87000000,58.28419638,58.08527192,57.89959666,58.02397811,0,0
1.88000000,58.32489663,58.06309589,57.90616441,58.03943877,0,0
1.89000000,58.34861174,58.06322489,57.93941725,58.04404337,0,0
1.90000000,58.28668887,58.06163907,57.93960088,58.06824416,0,0
1.91000000,58.28302270,58.08513423,57.93430405,58.10285818,0,0
1.92000000,58.26268232,58.09842314,57.97062355,58.10354477,0,0
1.93000000,58.31685238,58.06403748,57.99504970,58.07314290,0,0
1.94000000,58.32578853,58.06100603,58.00519855,58.09620488,0,0
1.95000000,58.32079284,58.05983011,57.97732506,58.09728828,0,0
1.96000000,58.32438844,58.09428303,57.97874979,58.10185162,0,0
1.97000000,58.37349437,58.08251778,57.96181275,58.09796728,0,0
1.98000000,58.27375150,58.07836587,57.93995890,58.06112112,0,0
1.99000000,58.27381117,58.08836183,57.96620130,58.05106562,0,0
2.00000000,58.23640750,58.07973812,57.96072652,58.05256215,0,0
2.01000000,58.31382361,58.08910509,57.98459457,58.07081306,0,0
2.02000000,58.35324160,58.08149726,57.94638251,58.09525884,0,0
2.03000000,58.38203988,58.06162583,57.91130065,58.06014687,0,0
2.04000000,58.34243236,58.03495459,57.94746429,58.05981755,0,0
2.05000000,58.28436891,58.09124448,57.94784218,58.04848108,0,0
2.06000000,58.26575545,58.08918588,57.98842509,58.03535245,0,0
2.07000000,58.30473075,58.07453620,57.94200970,58.05236503,0,0
2.08000000,58.31988877,58.06906772,57.93617016,58.05720813,0,0
2.09000000,58.36549433,58.04154950,57.89477658,58.05612145,0,0
2.10000000,58.33016790,58.05993594,57.91387088,58.04784579,0,0
2.11000000,58.25378110,58.07382267,57.94882586,58.03210863,0,0
2.12000000,58.27449162,58.07979456,57.97609410,58.06211358,0,0
2.13000000,58.28813034,58.10018726,58.00057215,58.04814016,0,0
2.14000000,58.36289784,58.07768267,58.07279150,58.05764087,0,0
2.15000000,58.35490873,58.05847948,57.97340359,58.06362978,0,0
2.16000000,58.24831396,58.03892827,57.91916368,58.04605236,0,0
2.17000000,58.23946922,58.06058895,57.93041219,58.07767820,0,0
2.18000000,58.26556302,58.10724461,57.93410547,58.05811385,0,0
2.19000000,58.37155263,58.11979551,57.91290516,58.03839025,0,0
2.20000000,58.35810030,58.02621338,57.92970598,58.05372617,0,0
2.21000000,58.32864597,58.03664989,57.95014223,58.06049293,0,0
2.22000000,58.29221248,58.05275934,57.96300561,58.07740668,0,0
2.23000000,58.29679253,58.11799988,57.93772691,58.10672569,0,0
2.24000000,58.31950236,58.10930080,57.95291653,58.07105367,0,0
2.25000000,58.30678263,58.05920547,57.95684464,58.07352819,0,0
2.26000000,58.34458903,58.00817082,58.01843115,58.07740279,0,0
2.27000000,58.32816282,58.07243227,57.96795899,58.04898159,0,0
2.28000000,58.31450574,58.16106720,57.93761856,58.05379864,0,0
2.29000000,58.30901156,58.12793449,57.95515377,58.04447817,0,0
2.30000000,58.29206855,58.05322503,57.94842514,58.05685696,0,0
2.31000000,58.33456669,58.04680721,58.01325800,58.07331055,0,0
2.32000000,58.33670696,58.05541175,58.03453515,58.07657255,0,0
2.33000000,58.31493706,58.09101138,57.93951152,58.05207289,0,0
2.34000000,58.27542677,58.11251568,57.89969313,58.05738592,0,0
2.35000000,58.36891517,58.07583981,57.88613850,58.06821938,0,0
2.36000000,58.36844911,58.11553166,57.93754146,58.07266469,0,0
2.37000000,58.36028426,58.05641888,57.96779667,58.04775368,0,0
2.38000000,58.25148859,58.04541261,57.94001783,58.05016337,0,0
2.39000000,58.25819813,58.05350146,57.93158344,58.05202921,0,0
2.40000000,58.29949618,58.08270914,57.91649774,58.05272756,0,0
2.41000000,58.33853090,58.09152500,57.93255055,58.06133332,0,0
2.42000000,58.35844246,58.06127143,57.93867072,58.05200331,0,0
2.43000000,58.28323526,58.05340950,57.99752539,58.02888698,0,0
2.44000000,58.30104035,58.09049935,57.99463972,58.05731125,0,0
2.45000000,58.27614312,58.09916898,57.99557436,58.09790450,0,0
2.46000000,58.29423791,58.08290084,57.97212986,58.07895590,0,0
2.47000000,58.26571212,58.05121216,57.95085539,58.05980621,0,0
2.48000000,58.34248438,58.04555732,57.96244596,58.06239808,0,0
2.49000000,58.30368582,58.06175779,57.92302433,58.05439167,0,0
2.50000000,58.30412082,58.09982048,57.91717369,58.04085208,0,0
2.51000000,58.30994706,58.08865947,57.87285512,58.06205864,0,0
2.52000000,58.30101197,58.06039528,57.95934483,58.05132811,0,0
2.53000000,58.34393786,58.07665684,57.97752090,58.07467645,0,0
2.54000000,58.33288337,58.07703418,58.00599220,58.07533537,0,0
2.55000000,58.29226892,58.09137237,57.93347540,58.04666208,0,0
2.56000000,58.32804787,58.10235453,57.94123132,58.08020610,0,0
2.57000000,58.29321572,58.08795415,57.95106139,58.04646281,0,0
2.58000000,58.31201218,58.04986815,57.96856991,58.04282605,0,0
2.59000000,58.29784382,58.06670944,57.99461255,58.05349299,0,0
2.60000000,58.29748406,58.09949256,57.98962090,58.06311822,0,0
2.61000000,58.33131817,58.11435340,57.97661668,58.07831004,0,0
2.62000000,58.36856453,58.11094726,57.93600031,58.06661048,0,0
2.63000000,58.38087338,58.07528140,57.93191767,58.08183864,0,0
2.64000000,58.33789961,58.10592249,57.91386145,58.07014236,0,0
2.65000000,58.30381993,58.09465270,57.98963178,58.05891195,0,0
2.66000000,58.30202735,58.12362325,57.97722143,58.08264914,0,0
2.67000000,58.34491421,58.09273640,57.93790411,58.06039532,0,0
2.68000000,58.32424004,58.09741315,57.95763469,58.06517972,0,0
2.69000000,58.33251556,58.08421344,57.91937620,58.05399283,0,0
2.70000000,58.32164421,58.06052208,57.93245655,58.06996494,0,0
2.71000000,58.31508814,58.12227257,57.99702464,58.06404531,0,0
2.72000000,58.33355876,58.09130945,57.96814814,58.08190807,0,0
2.73000000,58.36121514,58.13298125,58.00401322,58.09411152,0,0
2.74000000,58.35277468,58.09297489,57.95088003,58.05950342,0,0
2.75000000,58.36381380,58.14347446,57.95620402,58.07854221,0,0
2.76000000,58.32029523,58.11222077,57.97882228,58.07914824,0,0
2.77000000,58.33880124,58.12791809,57.95506217,58.08033692,0,0
2.78000000,58.36007376,58.12622607,57.96436473,58.09554947,0,0
2.79000000,58.37296044,58.08183608,57.99219722,58.05739749,0,0
2.80000000,58.36709026,58.09520813,57.99441126,58.06330675,0,0
2.81000000,58.27384496,58.09308732,57.99167100,58.07892272,0,0
2.82000000,58.32467134,58.11322321,57.96050495,58.06610964,0,0
2.83000000,58.34552839,58.09378898,57.97152522,58.07714337,0,0
2.84000000,58.38618030,58.08002783,57.95443352,58.07560056,0,0
2.85000000,58.34241090,58.07702708,57.95133381,58.07336824,0,0
2.86000000,58.33120030,58.10428202,57.94018006,58.08130330,0,0
2.87000000,58.32261710,58.13083203,57.98976359,58.05778678,0,0
2.88000000,58.31018836,58.12822034,57.93568713,58.07389435,0,0
2.89000000,58.34547967,58.09720517,57.94780535,58.04175058,0,0
2.90000000,58.37551091,58.08937373,57.95636033,58.04976055,0,0
2.91000000,58.32442046,58.08736035,57.94691781,58.04516915,0,0
2.92000000,58.29549792,57.94883578,57.95355991,58.04661138,0,0
2.93000000,58.28405289,58.01376455,57.93709962,58.07819333,0,0
2.94000000,58.30733653,58.03680143,57.95221404,58.04722269,0,0
2.95000000,58.30037767,58.14277038,57.95835781,58.05719879,0,0
2.96000000,58.35549187,58.12318490,57.98797706,58.05122589,0,0
2.97000000,58.30830662,58.04486047,57.99125004,58.08123097,0,0
2.98000000,58.28903001,58.03569445,57.96167282,58.08347390,0,0
2.99000000,58.33412676,58.03987359,57.99571513,58.11746334,0,0
3.00000000,58.31824372,58.10105702,58.00321212,58.08481411,0,0
3.01000000,58.32726467,58.10093809,58.00775241,58.06569883,0,0
3.02000000,58.26805609,58.08066131,58.01369616,58.05200783,0,0
3.03000000,58.28245887,58.05616461,57.98740283,58.05060118,0,0
3.04000000,58.34774556,58.02103168,58.00571898,58.06500872,0,0
3.05000000,58.33377339,58.05866538,57.94921114,58.12047179,0,0
3.06000000,58.29063170,58.06477446,57.96960989,58.11719599,0,0
3.07000000,58.30100628,58.08516763,58.00959719,58.13170336,0,0
3.08000000,58.35381392,58.09283187,58.03681256,58.18404684,0,0
3.09000000,58.37844233,58.13831376,58.02940265,58.04719353,0,0
3.10000000,58.38938575,58.01927892,57.99385942,58.08823546,0,0
3.11000000,58.27491785,58.02821944,57.96888609,58.04446306,0,0
3.12000000,58.29313033,58.04984908,57.97104974,58.06477216,0,0
3.13000000,58.31659640,58.12347894,58.00120116,58.04146339,0,0
3.14000000,58.37605181,58.11838893,57.96711220,58.01309075,0,0
3.15000000,58.31906716,58.06641127,57.96883733,58.03492965,0,0
3.16000000,58.26713130,58.02524164,57.96914678,58.04099273,0,0
3.17000000,58.31329954,58.06285888,57.98107870,58.05327901,0,0
3.18000000,58.35737657,58.12159252,57.98829474,58.07572265,0,0
3.19000000,58.34468686,58.09966690,57.96498684,58.05176094,0,0
3.20000000,58.33269664,58.03662508,57.95372890,58.05585687,0,0
3.21000000,58.31914748,58.06932806,57.98211953,58.03990110,0,0
3.22000000,58.33972506,58.12505079,57.93509182,58.00570762,0,0
3.23000000,58.33733852,58.14260461,57.88925389,58.03317963,0,0
3.24000000,58.31750574,58.07596679,57.92690348,58.08280423,0,0
3.25000000,58.31993621,58.02995005,57.98142812,58.07560076,0,0
3.26000000,58.35776703,58.05127327,57.99950583,58.15827541,0,0
3.27000000,58.42263541,58.15686685,57.98756079,58.09936712,0,0
3.28000000,58.41127415,58.19634208,57.92860550,58.06587923,0,0
3.29000000,58.40401710,58.17702112,57.94692714,58.06146336,0,0
3.30000000,58.27331507,58.09163707,58.01081852,58.07357132,0,0
3.31000000,58.33574722,58.09656111,58.04002127,58.09313568,0,0
3.32000000,58.39290778,58.10837489,58.01764219,58.08650157,0,0
3.33000000,58.41978407,58.14500384,57.94937885,58.03922779,0,0
3.34000000,58.33944282,58.10323767,57.90071708,58.04955294,0,0
3.35000000,58.27560839,58.05951737,57.94635034,58.02275338,0,0
3.36000000,58.32983350,58.13930219,57.95446749,58.05878764,0,0
3.37000000,58.37888631,58.10688485,57.99839690,58.03396036,0,0
3.38000000,58.42372848,58.10383257,57.92772827,58.05322370,0,0
3.39000000,58.35416969,58.08986749,57.92775103,58.05803893,0,0
3.40000000,58.37089754,58.12173941,57.90540231,58.06530262,0,0
3.41000000,58.33755100,58.13779915,57.96992936,58.04752123,0,0
3.42000000,58.36430053,58.16298474,57.96544214,58.01350822,0,0
3.43000000,58.31260491,58.08423781,57.94256739,58.01161034,0,0
3.44000000,58.33333549,58.09050535,57.98337723,58.04815045,0,0
3.45000000,58.37029231,58.05586529,58.00340234,58.05325891,0,0
3.46000000,58.35357145,58.09330041,58.03478815,58.12902013,0,0
3.47000000,58.32703706,58.12967117,57.96194583,58.08766400,0,0
3.48000000,58.28783852,58.10717469,57.99666466,58.11670364,0,0
3.49000000,58.32664656,58.08341935,58.06343725,58.13393259,0,0
3.50000000,58.34344396,58.03237889,58.05141981,58.10680059,0,0
3.51000000,58.36683718,58.08056796,57.99598193,58.12690123,0,0
3.52000000,58.33636204,58.09860020,57.95928755,58.09146686,0,0
3.53000000,58.32852096,58.12623884,57.99560408,58.10447496,0,0
3.54000000,58.30235248,58.11586968,57.97815758,58.08540499,0,0
3.55000000,58.36181043,58.07918933,57.98957295,58.07569948,0,0
3.56000000,58.38056483,58.06880008,57.99180343,58.07085899,0,0
3.57000000,58.41098832,58.14744737,58.01182435,58.11124723,0,0
3.58000000,58.36702819,58.12788856,57.98657462,58.07346734,0,0
3.59000000,58.32746665,58.14462940,57.98206041,58.10324967,0,0
3.60000000,58.34469045,58.13136799,57.98291244,58.09646516,0,0
3.61000000,58.40602248,58.10254843,57.96933834,58.10176970,0,0
3.62000000,58.44164110,58.13903797,58.03024253,58.08692396,0,0
3.63000000,58.36321800,58.14542252,58.01992230,58.09216428,0,0
3.64000000,58.35582623,58.14295439,58.00890831,58.13247881,0,0
3.65000000,58.35509623,58.12626546,57.99629353,58.10307085,0,0
3.66000000,58.37400498,58.15081498,58.03499431,58.12735363,0,0
3.67000000,58.36553552,58.11188627,58.01213350,58.09934898,0,0
3.68000000,58.37222184,58.15409972,58.03421398,58.10062557,0,0
3.69000000,58.39552769,58.11393834,58.00075722,58.11553630,0,0
3.70000000,58.43417849,58.11124152,58.00141201,58.09814448,0,0
3.71000000,58.38166455,58.02632333,57.95756267,58.07056612,0,0
3.72000000,58.40413777,58.17840045,57.96698303,58.07206734,0,0
3.73000000,58.34593878,58.15805767,58.02769677,58.05824578,0,0
3.74000000,58.37060399,58.19924991,58.02369316,58.06484806,0,0
3.75000000,58.33163683,58.09625268,58.03776476,58.10109214,0,0
3.76000000,58.44116767,58.11752419,57.97637336,58.08507093,0,0
3.77000000,58.41197998,58.11735141,57.96411925,58.11631125,0,0
3.78000000,58.39703686,58.12207967,57.96836333,58.07888660,0,0
3.79000000,58.32669712,58.13850643,58.03207683,58.09870101,0,0
3.80000000,58.36745090,58.17213470,58.06213182,58.08138947,0,0
3.81000000,58.39248490,58.16449443,58.01723745,58.09814040,0,0
3.82000000,58.40681216,58.12804712,57.99807612,58.10407270,0,0
3.83000000,58.36389659,58.08697264,57.98084052,58.12037703,0,0
3.84000000,58.27310038,58.07455029,57.97075048,58.14336435,0,0
3.85000000,58.28410639,58.09688005,58.02250908,58.15426673,0,0
3.86000000,58.30553355,58.12533571,58.06297850,58.12261528,0,0
3.87000000,58.31907768,58.11871392,57.99841679,58.10234736,0,0
3.88000000,58.27812097,58.00395594,57.98448487,58.01878891,0,0
3.89000000,58.30611821,58.10974893,57.96891652,58.08096407,0,0
3.90000000,58.33938267,58.12596947,57.96980009,58.09454992,0,0
3.91000000,58.36046948,58.14033130,57.95177843,58.11764199,0,0
3.92000000,58.32756568,58.07506733,57.92556875,58.09581429,0,0
3.93000000,58.25886572,58.08538488,57.93131784,58.06960908,0,0
3.94000000,58.32476410,58.02496844,57.96247326,58.07982416,0,0
3.95000000,58.32244481,58.06244418,57.99603962,58.05872431,0,0
3.96000000,58.34665764,58.08952777,57.99158151,58.06798058,0,0
3.97000000,58.25820171,58.04600572,58.04494920,58.15045140,0,0
3.98000000,58.19257179,58.07839460,58.07862457,58.16758534,0,0
3.99000000,58.26563086,58.06891542,58.08788990,58.15992625,0,0
4.00000000,58.28510909,58.07769430,58.14528512,58.18752061,0,0
4.01000000,58.42452194,58.04078207,58.07895965,58.15092638,0,0
4.02000000,58.34070955,58.05597248,58.08496464,58.13994080,0,0
4.03000000,58.39118572,58.09193982,58.06736103,58.10458500,0,0
4.04000000,58.39841747,58.15735317,58.04856678,58.12543301,0,0
4.05000000,58.40721320,58.12241746,57.97969510,58.05416837,0,0
4.06000000,58.37410054,58.10803353,57.99506615,58.08224261,0,0
4.07000000,58.34083786,58.10798073,57.99738303,58.08805605,0,0
4.08000000,58.35413218,58.11931029,58.00385329,58.11457826,0,0
4.09000000,58.37993904,58.10479145,57.98052298,58.09076322,0,0
4.10000000,58.38830389,58.10059807,57.93750288,58.09910696,0,0
4.11000000,58.38198935,58.04145295,58.04667783,58.06428128,0,0
4.12000000,58.38725413,58.12534211,58.02516007,58.07513042,0,0
4.13000000,58.35175933,58.12244066,58.11195038,58.06106511,0,0
4.14000000,58.41962786,58.20720959,57.99602660,58.08413309,0,0
4.15000000,58.44924187,58.15976031,57.86407528,58.08210452,0,0
4.16000000,58.38683565,58.07258800,57.90258269,58.06068078,0,0
4.17000000,58.33721046,58.13223028,57.87030611,58.05499252,0,0
4.18000000,58.35215207,58.15210550,57.94135417,58.08233176,0,0
4.19000000,58.40903829,58.12588277,57.92795622,58.04824614,0,0
4.20000000,58.39834661,58.15978005,57.95436324,58.05318577,0,0
4.21000000,58.35911105,58.11317208,57.95432670,58.06429315,0,0
4.22000000,58.30764057,58.14645340,58.00384175,58.07366554,0,0
4.23000000,58.33522269,58.13981242,58.00811717,58.10948275,0,0
4.24000000,58.38292134,58.10199337,58.00424494,58.10923683,0,0
4.25000000,58.39524023,58.15328730,58.01563697,58.12333667,0,0
4.26000000,58.43084905,58.14125735,57.97839700,58.09628995,0,0
4.27000000,58.38052139,58.19039232,58.01045879,58.11803125,0,0
4.28000000,58.32204349,58.12096617,58.01150340,58.05282628,0,0
4.29000000,58.35837541,58.12337995,58.05967812,58.10120799,0,0
4.30000000,58.37324156,58.12941527,58.00323881,58.07303914,0,0
4.31000000,58.43537554,58.14627665,58.08490290,58.09266354,0,0
4.32000000,58.37196260,58.16358584,58.08501564,58.11866128,0,0
4.33000000,58.31308888,58.11688896,58.01378312,58.09176766,0,0
4.34000000,58.32194106,58.10056869,57.99570654,58.05725238,0,0
4.35000000,58.39172340,58.13208644,58.02167854,58.12018150,0,0
4.36000000,58.42189712,58.13172610,58.04832571,58.04701368,0,0
4.37000000,58.37704903,58.05923230,58.01581206,58.09198878,0,0
4.38000000,58.33384945,58.13086339,58.01107163,58.12179504,0,0
4.39000000,58.34603317,58.20470662,58.00661403,58.11963286,0,0
4.40000000,58.40737559,58.26937068,57.95845005,58.10248171,0,0
4.41000000,58.36717312,58.16154163,57.96260478,58.08424955,0,0
4.42000000,58.37794212,57.94096569,57.99830184,58.12550480,0,0
4.43000000,58.39726156,58.01898543,58.02254361,58.13537351,0,0
4.44000000,58.40176674,58.11553179,58.05841419,58.17307726,0,0
4.45000000,58.38737794,58.25622926,58.00335472,58.14158862,0,0
4.46000000,58.31497268,58.18796730,58.02333921,58.11829879,0,0
4.47000000,58.42184033,58.14897099,58.06170982,58.13133776,0,0
4.48000000,58.46545061,58.11983210,58.08371312,58.14477666,0,0
4.49000000,58.43651347,58.13278985,58.10878290,58.18693456,0,0
4.50000000,58.37240153,58.19307140,58.03627645,58.15023173,0,0
4.51000000,58.25202532,58.18464789,58.04954744,58.17490054,0,0
4.52000000,58.32460679,58.14953103,58.07443993,58.06880174,0,0
4.53000000,58.37082197,58.12476915,58.06339856,58.13137725,0,0
4.54000000,58.44992671,58.11449303,58.04943237,58.03794669,0,0
4.55000000,58.41766107,58.13514851,57.97952931,58.11416840,0,0
4.56000000,58.41343599,58.13506110,57.99330295,58.14343833,0,0
4.57000000,58.39250280,58.16591558,57.98914920,58.17348309,0,0
4.58000000,58.40002066,58.18710854,58.02346284,58.21845734,0,0
4.59000000,58.41280872,58.19136635,57.96625104,58.08480972,0,0
4.60000000,58.38231795,58.09830030,58.03618762,58.10338395,0,0
4.61000000,58.38380331,58.10239781,57.99867745,58.11941824,0,0
4.62000000,58.38860866,58.10658439,57.99655099,58.13578797,0,0
4.63000000,58.38978796,58.18912247,58.00285391,58.06551008,0,0
4.64000000,58.35871156,58.16372303,58.05916189,58.08611398,0,0
4.65000000,58.33758963,58.14079220,58.09831033,58.08900719,0,0
4.66000000,58.36922983,58.13213820,58.10117604,58.12445927,0,0
4.67000000,58.41001913,58.14326340,58.10929034,58.18476426,0,0
4.68000000,58.42267193,58.16179355,58.05201406,58.17191556,0,0
4.69000000,58.43157544,58.18270020,58.01645786,58.14811620,0,0
4.70000000,58.35480005,58.16089714,57.99143272,58.15752959,0,0
4.71000000,58.37442054,58.12582970,58.02484349,58.13365574,0,0
4.72000000,58.38582503,58.16688847,58.03819410,58.14406834,0,0
4.73000000,58.38024755,58.17199029,58.04161026,58.16889345,0,0
4.74000000,58.35995840,58.15763574,58.02168964,58.15405561,0,0
4.75000000,58.38905377,58.13902022,58.01930232,58.15334309,0,0
4.76000000,58.36850214,58.11443263,58.02556692,58.21868331,0,0
4.77000000,58.43675784,58.16857694,58.05721412,58.13463937,0,0
4.78000000,58.38623484,58.13780454,58.02023913,58.10654095,0,0
4.79000000,58.36361931,58.17996612,58.04101758,58.11118304,0,0
4.80000000,58.37728692,58.12456726,57.99925615,58.11898815,0,0
4.81000000,58.39293520,58.17710104,58.00873124,58.10975911,0,0
4.82000000,58.38358164,58.18431227,58.01093146,58.07833602,0,0
4.83000000,58.38366496,58.16606148,58.00030833,58.10910351,0,0
4.84000000,58.34531147,58.15173020,57.98246574,58.08956086,0,0
4.85000000,58.39726502,58.09985288,58.01516184,58.10327350,0,0
4.86000000,58.37291422,58.13644383,58.03847833,58.12129388,0,0
4.87000000,58.34148855,58.17020382,58.01289350,58.14265793,0,0
4.88000000,58.39953252,58.16724833,58.03383436,58.12703438,0,0
4.89000000,58.32798053,58.16296767,58.01399736,58.14339970,0,0
4.90000000,58.40424910,58.08049597,57.98267840,58.13846900,0,0
4.91000000,58.39287664,58.14861393,58.00953470,58.14168700,0,0
4.92000000,58.42029898,58.11520247,58.02500769,58.16588749,0,0
4.93000000,58.33259758,58.14682978,58.02364585,58.11785362,0,0
4.94000000,58.35874791,58.17727549,58.07356386,58.15563563,0,0
4.95000000,58.37230667,58.14259794,58.05397719,58.11847109,0,0
4.96000000,58.38853659,58.15723956,58.02303446,58.12443280,0,0
4.97000000,58.42621981,58.11090789,58.02262073,58.09558915,0,0
4.98000000,58.37764346,58.16246915,57.98620116,58.12290883,0,0
4.99000000,58.38636969,58.16273792,58.01502493,58.14281342,0,0
5.00000000,58.35428054,58.18459528,58.01637498,58.14495388,0,0
5.01000000,58.43681618,58.15377828,58.01857451,58.14521447,0,0
5.02000000,58.43192803,58.12554283,58.03241251,58.13164358,0,0
5.03000000,58.41469499,58.11972830,58.01889409,58.11181668,0,0
5.04000000,58.38332195,58.20097560,58.00021825,58.12717554,0,0
5.05000000,58.38640909,58.22129767,58.03590370,58.15356170,0,0
5.06000000,58.35892528,58.17016733,58.00517732,58.15522212,0,0
5.07000000,58.34786262,58.08787623,58.00155428,58.10105546,0,0
5.08000000,58.36091403,58.06211276,58.02758468,58.11952054,0,0
5.09000000,58.39114193,58.15314209,58.00971073,58.11015394,0,0
5.10000000,58.39251713,58.17910278,58.00130521,58.09453476,0,0
5.11000000,58.34256256,58.20376473,57.97240980,58.12913817,0,0
5.12000000,58.40645437,58.14604549,57.98430258,58.07494157,0,0
5.13000000,58.45844038,58.10835215,57.96845477,58.09615654,0,0
5.14000000,58.28738992,58.08843470,58.01812221,58.10146141,0,0
5.15000000,58.26930552,58.13384342,57.98347487,58.07783274,0,0
5.16000000,58.24205608,58.11738487,57.98997756,58.13695324,0,0
5.17000000,58.42578171,58.15321581,57.94310088,58.10787649,0,0
5.18000000,58.38444821,58.10399713,57.97141381,58.06171307,0,0
5.19000000,58.39036899,58.12467484,58.02184201,58.08090068,0,0
5.20000000,58.30890846,58.13558273,58.02615195,58.12454018,0,0
5.21000000,58.34042472,58.15189196,58.06583370,58.15078956,0,0
5.22000000,58.36349890,58.12244938,58.10354551,58.20779214,0,0
5.23000000,58.39944566,58.10673947,58.05521220,58.15646921,0,0
5.24000000,58.44809291,58.10765612,58.02410008,58.12743457,0,0
5.25000000,58.37954964,58.16517652,57.99276568,58.11089809,0,0
5.26000000,58.32479418,58.23360326,58.01930534,58.10268624,0,0
5.27000000,58.34010514,58.18855346,58.04237749,58.13073022,0,0
5.28000000,58.40428280,58.13185269,58.05332134,58.16086509,0,0
5.29000000,58.40833724,58.08460613,58.10375614,58.16577358,0,0
5.30000000,58.39942299,58.15228999,58.13701657,58.19880704,0,0
5.31000000,58.43604764,58.22590329,57.99898896,58.16024583,0,0
5.32000000,58.39545640,58.18015221,57.95863472,58.12774956,0,0
5.33000000,58.37956070,58.13537529,57.94383866,58.09607878,0,0
5.34000000,58.38704002,58.09031478,58.02868049,58.10809507,0,0
5.35000000,58.36714726,58.12376309,57.98648312,58.09208154,0,0
5.36000000,58.43158684,58.22051243,57.98660972,58.14043769,0,0
5.37000000,58.40226886,58.21668297,57.95214032,58.11795740,0,0
5.38000000,58.38405706,58.13448011,57.97744834,58.11112155,0,0
5.39000000,58.37996326,58.09685054,57.96154317,58.08379632,0,0
5.40000000,58.36659482,58.11287054,57.99707655,58.08828382,0,0
5.41000000,58.38183895,58.16361105,58.06165344,58.09299352,0,0
5.42000000,58.39083984,58.19382171,58.04973078,58.07719341,0,0
5.43000000,58.36428791,58.15889870,57.97972715,58.11401638,0,0
5.44000000,58.37563149,58.09333908,58.02315568,58.10056161,0,0
5.45000000,58.44493368,58.13013747,58.01221006,58.12199810,0,0
5.46000000,58.43521766,58.16831941,58.03075723,58.11558210,0,0
5.47000000,58.37158019,58.19092725,58.01374651,58.11566059,0,0
5.48000000,58.34358217,58.15755450,58.12738430,58.17463518,0,0
5.49000000,58.36123121,58.12945323,58.06448781,58.15815252,0,0
5.50000000,58.36501656,58.11492756,58.03512736,58.13241127,0,0
5.51000000,58.38633459,58.12768363,57.99641394,58.12401930,0,0
5.52000000,58.36186910,58.17389463,57.98887122,58.12941267,0,0
5.53000000,58.37142472,58.14709753,58.00320586,58.11463842,0,0
5.54000000,58.39563811,58.13840564,58.02322546,58.11537590,0,0
5.55000000,58.46043971,58.15912466,58.02142197,58.12913171,0,0
5.56000000,58.44766801,58.15118828,57.99585281,58.10252999,0,0
5.57000000,58.43660301,58.15626227,57.98367591,58.12755437,0,0
5.58000000,58.37894715,58.15147785,58.01115178,58.11898975,0,0
5.59000000,58.37796629,58.19635393,58.04746550,58.13468221,0,0
5.60000000,58.33525712,58.18593666,58.01979487,58.12634710,0,0
5.61000000,58.34721787,58.16244392,58.01678706,58.11039154,0,0
5.62000000,58.33046695,58.11583759,58.03726443,58.12392476,0,0
5.63000000,58.37407051,58.11173121,58.07764122,58.14556837,0,0
5.64000000,58.39574240,58.12762204,58.07032100,58.14485648,0,0
5.65000000,58.37799737,58.12840995,58.05909247,58.15911795,0,0
5.66000000,58.40506771,58.13508065,58.05874009,58.12728498,0,0
5.67000000,58.42234170,58.15739277,58.00089539,58.12147887,0,0
5.68000000,58.37818556,58.17995500,58.00779618,58.12920638,0,0
5.69000000,58.34411693,58.19013659,57.96489379,58.14402678,0,0
5.70000000,58.33996863,58.13509143,57.95838075,58.13966441,0,0
5.71000000,58.39599579,58.12834226,57.94551785,58.11567778,0,0
5.72000000,58.36787254,58.11541334,57.99122321,58.11550973,0,0
5.73000000,58.32885755,58.13076408,58.04352675,58.09911140,0,0
5.74000000,58.31614801,58.14035416,58.09914565,58.11586008,0,0
5.75000000,58.35795613,58.14493236,58.09166013,58.11720511,0,0
5.76000000,58.44731806,58.14305543,58.11415426,58.16708710,0,0
5.77000000,58.44986388,58.13135355,58.09420459,58.16474340,0,0
5.78000000,58.39720053,58.12383284,58.04810533,58.19358143,0,0
5.79000000,58.32360707,58.16984523,58.04530857,58.19975995,0,0
5.80000000,58.37640576,58.22443852,58.06856627,58.17888849,0,0
5.81000000,58.44145713,58.20373346,58.03265517,58.18697338,0,0
5.82000000,58.45659455,58.17809089,58.00585491,58.14816703,0,0
5.83000000,58.41107674,58.10861506,58.01812748,58.12129597,0,0
5.84000000,58.38921448,58.13998454,58.01273972,58.11443170,0,0
5.85000000,58.38035114,58.17737169,58.02726074,58.13032037,0,0
5.86000000,58.40271695,58.18145287,58.03726627,58.13126331,0,0
5.87000000,58.42255342,58.21986242,58.02698775,58.12736698,0,0
5.88000000,58.44237795,58.22612185,58.06532357,58.12588492,0,0
5.89000000,58.45119697,58.09427201,58.02705678,58.14523450,0,0
5.90000000,58.41069846,58.13496636,57.97752436,58.13082805,0,0
5.91000000,58.42500492,58.15669909,57.98858084,58.12758738,0,0
5.92000000,58.39061068,58.22687863,58.02170912,58.11814100,0,0
5.93000000,58.39352195,58.21129749,58.05627907,58.08816990,0,0
5.94000000,58.36273096,58.13333447,58.01516921,58.07335439,0,0
5.95000000,58.40886270,58.09684996,58.02314223,58.10107379,0,0
5.96000000,58.43879039,58.12526348,57.98354104,58.09213896,0,0
5.97000000,58.40510116,58.18920749,58.01552963,58.13209797,0,0
5.98000000,58.32387307,58.19572373,58.08573233,58.14342732,0,0
5.99000000,58.35102590,58.18210987,58.07510091,58.14550654,0,0
6.00000000,58.39611095,58.15095942,58.05522109,58.15385124,0,0
6.01000000,58.48233803,58.13450348,58.02261101,58.14468399,0,0
6.02000000,58.42851150,58.15095402,57.99537272,58.16246601,0,0
6.03000000,58.39776338,58.16210659,58.00440180,58.16969976,0,0
6.04000000,58.36409890,58.13661315,58.03599532,58.16947772,0,0
6.05000000,58.38099354,58.18264094,58.03303232,58.21414060,0,0
6.06000000,58.40947626,58.18142949,58.06253278,58.14171555,0,0
6.07000000,58.38491229,58.10853515,58.01070984,58.13732131,0,0
6.08000000,58.41683425,58.11554334,58.06821784,58.16717742,0,0
6.09000000,58.42442555,58.13127792,58.05388757,58.18827846,0,0
6.10000000,58.43602169,58.18210428,58.05632579,58.15816176,0,0
6.11000000,58.33211589,58.16465168,58.04355624,58.15630842,0,0
6.12000000,58.32362716,58.16667687,58.10491394,58.13343153,0,0
6.13000000,58.36168451,58.17423861,58.13108009,58.14404848,0,0
6.14000000,58.42660965,58.11907161,58.12584774,58.15922970,0,0
6.15000000,58.42052587,58.12156513,58.02051130,58.13197083,0,0
6.16000000,58.38960292,58.11145512,58.02685503,58.15846093,0,0
6.17000000,58.38673328,58.17828001,58.01585813,58.16832791,0,0
6.18000000,58.41887932,58.20879617,58.06954938,58.17313276,0,0
6.19000000,58.43461962,58.19994896,58.06124700,58.15406566,0,0
6.20000000,58.43025673,58.12086837,58.06102983,58.15860681,0,0
6.21000000,58.42285576,58.12260624,58.04403718,58.16444498,0,0
6.22000000,58.41677853,58.18777415,58.05605529,58.17337442,0,0
6.23000000,58.41989144,58.21490584,58.07012355,58.19640595,0,0
6.24000000,58.40692650,58.18027457,58.08434634,58.14623377,0,0
6.25000000,58.42669761,58.16293123,58.12131302,58.14413964,0,0
6.26000000,58.46132377,58.16711603,58.13625745,58.14743638,0,0
6.27000000,58.43143210,58.18414433,58.11644938,58.16418678,0,0
6.28000000,58.43651160,58.23431183,58.06178978,58.15597842,0,0
6.29000000,58.42291006,58.20276685,58.03992503,58.17174131,0,0
6.30000000,58.47435646,58.19597904,58.08322870,58.21074848,0,0
6.31000000,58.50762348,58.18714811,58.04964182,58.13775041,0,0
6.32000000,58.50612145,58.23375646,58.01526953,58.15645252,0,0
6.33000000,58.46522520,58.22890624,58.00876113,58.14627417,0,0
6.34000000,58.48394399,58.24990415,58.02898633,58.14592080,0,0
6.35000000,58.45117213,58.24668811,58.07346523,58.17077982,0,0
6.36000000,58.45726040,58.19650038,58.11011059,58.19089445,0,0
6.37000000,58.43252004,58.20661081,58.09046757,58.16021841,0,0
6.38000000,58.45520424,58.20539407,58.07628661,58.16763122,0,0
6.39000000,58.48506761,58.26633307,58.06977310,58.17686725,0,0
6.40000000,58.46332231,58.20276990,58.07991645,58.16079978,0,0
6.41000000,58.42245925,58.19247298,58.11026829,58.18713390,0,0
6.42000000,58.45259517,58.19913782,58.11202857,58.17535435,0,0
6.43000000,58.46702072,58.21415220,58.11380467,58.20208704,0,0
6.44000000,58.47866831,58.24120643,58.05678535,58.17822951,0,0
6.45000000,58.44471000,58.22788217,58.06144530,58.19670039,0,0
6.46000000,58.39823030,58.20934228,58.06086354,58.17644208,0,0
6.47000000,58.43716665,58.20105791,58.07920915,58.17980910,0,0
6.48000000,58.45552278,58.21344352,58.06253712,58.15712263,0,0
6.49000000,58.46754260,58.19299940,58.08166689,58.17030490,0,0
6.50000000,58.35773624,58.16108021,58.06558812,58.18002198,0,0
6.51000000,58.42399378,58.21063683,58.11855907,58.18277355,0,0
6.52000000,58.39932176,58.20324540,58.10398270,58.20106501,0,0
6.53000000,58.46628694,58.19552732,58.08702978,58.16114898,0,0
6.54000000,58.43154251,58.17823819,58.05625387,58.18302813,0,0
6.55000000,58.45019407,58.18497380,58.10227077,58.19717510,0,0
6.56000000,58.38166874,58.22355114,58.12243169,58.22392324,0,0
6.57000000,58.34544065,58.22336539,58.11676351,58.22483507,0,0
6.58000000,58.35739768,58.20178344,58.07050464,58.20337793,0,0
6.59000000,58.41939673,58.15192943,58.06241521,58.19958196,0,0
6.60000000,58.47141989,58.17439080,58.06833545,58.21046760,0,0
6.61000000,58.44808829,58.22552032,58.08330045,58.21208347,0,0
6.62000000,58.41291152,58.18788078,58.05453092,58.21578035,0,0
6.63000000,58.35775109,58.18917072,58.07641931,58.24125913,0,0
6.64000000,58.41745995,58.21017857,58.06315450,58.19694368,0,0
6.65000000,58.43672098,58.20823210,58.09259381,58.21768824,0,0
6.66000000,58.46209358,58.18382901,58.08310896,58.22610438,0,0
6.67000000,58.43105460,58.19644279,58.05691570,58.19138773,0,0
6.68000000,58.36749835,58.19001522,58.10665079,58.20612892,0,0
6.69000000,58.41617303,58.21652133,58.08552186,58.18635862,0,0
6.70000000,58.40998676,58.19182746,58.09282579,58.14136960,0,0
6.71000000,58.44110127,58.18272152,58.15097947,58.16530695,0,0
6.72000000,58.43123851,58.16887436,58.18527050,58.18284152,0,0
6.73000000,58.46104520,58.20831649,58.13614495,58.21441017,0,0
6.74000000,58.48282373,58.19971665,58.08803904,58.19254028,0,0
6.75000000,58.48724483,58.21367163,58.06469334,58.19711633,0,0
6.76000000,58.44518477,58.24712044,58.09458832,58.19034280,0,0
6.77000000,58.47319801,58.22904332,58.09110414,58.16232676,0,0
6.78000000,58.45988289,58.27198234,58.10473363,58.19431915,0,0
6.79000000,58.50284334,58.23414935,58.07882727,58.17221548,0,0
6.80000000,58.49725865,58.19265141,58.02927281,58.17613645,0,0
6.81000000,58.49809218,58.21672472,58.01391439,58.19493921,0,0
6.82000000,58.51003468,58.21991407,58.07578322,58.22000702,0,0
6.83000000,58.47931301,58.28885685,58.12283190,58.19924500,0,0
6.84000000,58.45427104,58.24568659,58.11053228,58.18835442,0,0
6.85000000,58.48648150,58.20472910,58.05819140,58.18943629,0,0
6.86000000,58.52434404,58.21022361,58.07808569,58.21752636,0,0
6.87000000,58.50955289,58.26501539,58.05263527,58.21891177,0,0
6.88000000,58.48602528,58.28001122,58.10149949,58.22808118,0,0
6.89000000,58.46529687,58.26387831,58.12462481,58.21965080,0,0
6.90000000,58.49877180,58.21784636,58.15078716,58.19555297,0,0
6.91000000,58.49206022,58.24374411,58.12766143,58.16578516,0,0
6.92000000,58.49623724,58.24757112,58.10487547,58.15100215,0,0
6.93000000,58.47377685,58.26397654,58.07033204,58.19883048,0,0
6.94000000,58.48102848,58.22162294,58.07252027,58.18406108,0,0
6.95000000,58.50620057,58.21355090,58.09620312,58.20301446,0,0
6.96000000,58.52428554,58.18830242,58.11692538,58.21011598,0,0
6.97000000,58.47993117,58.21492842,58.10924361,58.18856951,0,0
6.98000000,58.45111250,58.21916690,58.10714455,58.20488848,0,0
6.99000000,58.47752014,58.25239872,58.13385960,58.20915921,0,0
7.00000000,58.48728939,58.23225335,58.16297209,58.23981171,0,0
7.01000000,58.48892476,58.23580995,58.12486114,58.23447946,0,0
7.02000000,58.44857667,58.21006150,58.11936367,58.18861103,0,0
7.03000000,58.47066959,58.22311914,58.13279805,58.19697122,0,0
7.04000000,58.48250391,58.21788707,58.14191476,58.19632340,0,0
7.05000000,58.49653386,58.22085960,58.11480496,58.19064939,0,0
7.06000000,58.46306134,58.21001529,58.14714008,58.19374113,0,0
7.07000000,58.48534152,58.22823102,58.12997081,58.20608733,0,0
7.08000000,58.48253035,58.23310099,58.11318541,58.23330007,0,0
7.09000000,58.51037651,58.24105879,58.14402783,58.24164737,0,0
7.10000000,58.49954989,58.24652433,58.16959112,58.24999093,0,0
7.11000000,58.45610330,58.23911328,58.17659950,58.25253112,0,0
7.12000000,58.44566829,58.24806376,58.16627523,58.24531300,0,0
7.13000000,58.47037267,58.25839954,58.14944518,58.21585513,0,0
7.14000000,58.49014194,58.24875341,58.14812187,58.22889153,0,0
7.15000000,58.45817917,58.20622652,58.11991358,58.20051848,0,0
7.16000000,58.49117813,58.21720028,58.14992111,58.19022380,0,0
7.17000000,58.48571474,58.23776308,58.14625102,58.19130882,0,0
7.18000000,58.51564146,58.25880462,58.12332151,58.21165695,0,0
7.19000000,58.47932823,58.23547994,58.10279683,58.22768236,0,0
7.20000000,58.48941397,58.24247356,58.11842092,58.24099630,0,0
7.21000000,58.46768991,58.22881633,58.13756589,58.22340836,0,0
7.22000000,58.45733907,58.23581786,58.13234845,58.21397410,0,0
7.23000000,58.44982222,58.24610030,58.09134317,58.20162028,0,0
7.24000000,58.45912240,58.24669198,58.10428240,58.20011364,0,0
7.25000000,58.50390709,58.23658840,58.12012590,58.20055977,0,0
7.26000000,58.49772234,58.26280035,58.13471265,58.21118518,0,0
7.27000000,58.47950567,58.25568136,58.16658155,58.19842669,0,0
7.28000000,58.47889945,58.22539785,58.14042089,58.22011549,0,0
7.29000000,58.49396031,58.21613718,58.12730925,58.22556429,0,0
7.30000000,58.48214733,58.22752430,58.12943010,58.22028285,0,0
7.31000000,58.48427393,58.28007227,58.09924869,58.23322926,0,0
7.32000000,58.47445055,58.25208027,58.10226926,58.22988413,0,0
7.33000000,58.48518602,58.22325558,58.15666038,58.24421594,0,0
7.34000000,58.51463254,58.23948402,58.12957821,58.23300625,0,0
7.35000000,58.52113448,58.24401903,58.14519290,58.26399175,0,0
7.36000000,58.50400658,58.28457629,58.17296976,58.25103828,0,0
7.37000000,58.44552882,58.26090383,58.18904600,58.25230658,0,0
7.38000000,58.45206347,58.22242760,58.19178844,58.25381326,0,0
7.39000000,58.50930402,58.25282763,58.15798654,58.23966175,0,0
7.40000000,58.51826746,58.28211049,58.14217354,58.21598023,0,0
7.41000000,58.48785321,58.17621905,58.11146269,58.22800422,0,0
7.42000000,58.48248200,58.19999655,58.13465356,58.23490739,0,0
7.43000000,58.50647764,58.22571533,58.15381302,58.24032270,0,0
7.44000000,58.49726668,58.29400365,58.14441620,58.23403579,0,0
7.45000000,58.46124545,58.29706663,58.12258064,58.20077538,0,0
7.46000000,58.44429158,58.26632356,58.11901530,58.19649944,0,0
7.47000000,58.48372216,58.22081511,58.08854660,58.19641787,0,0
7.48000000,58.53611406,58.21569721,58.08538479,58.19924628,0,0
7.49000000,58.53797196,58.23535930,58.10497556,58.19141085,0,0
7.50000000,58.50105600,58.21437928,58.11085673,58.16710622,0,0
7.51000000,58.43796723,58.20280021,58.12488126,58.16777312,0,0
7.52000000,58.47132475,58.23489726,58.13755551,58.20722795,0,0
7.53000000,58.47632398,58.24413983,58.14678476,58.21491392,0,0
7.54000000,58.47140665,58.21151269,58.15316849,58.24380985,0,0
7.55000000,58.45968951,58.20693827,58.13847098,58.26152251,0,0
7.56000000,58.45534068,58.22851090,58.13442415,58.28284483,0,0
7.57000000,58.47246789,58.24425003,58.12024242,58.28859448,0,0
7.58000000,58.49428846,58.25088219,58.11780195,58.19631276,0,0
7.59000000,58.49238279,58.21254914,58.11880583,58.18214570,0,0
7.60000000,58.50045249,58.20134978,58.18023673,58.20406083,0,0
7.61000000,58.54781678,58.22340382,58.15362305,58.19877867,0,0
7.62000000,58.54702984,58.25054288,58.12703659,58.19986294,0,0
7.63000000,58.51696772,58.25794009,58.10483574,58.22985227,0,0
7.64000000,58.48893832,58.23082006,58.13022947,58.23573503,0,0
7.65000000,58.52533970,58.23883149,58.17363594,58.23081448,0,0
7.66000000,58.53808248,58.23641955,58.18237138,58.22420408,0,0
7.67000000,58.53078011,58.22983498,58.17841021,58.19630088,0,0
7.68000000,58.51649470,58.22302684,58.14780464,58.18502359,0,0
7.69000000,58.51740148,58.22926115,58.17411669,58.19345947,0,0
7.70000000,58.55235364,58.23592533,58.18720736,58.18713340,0,0
7.71000000,58.54297280,58.22374057,58.19766579,58.18708645,0,0
7.72000000,58.50442804,58.16624872,58.18821641,58.20042454,0,0
7.73000000,58.50329122,58.17162044,58.14897640,58.19087513,0,0
7.74000000,58.51880952,58.15934945,58.13456122,58.20379838,0,0
7.75000000,58.49771466,58.15198863,58.13261742,58.22861352,0,0
7.76000000,58.46330855,58.10346548,58.10222433,58.17959273,0,0
7.77000000,58.44843144,58.05721052,58.08969869,58.14785733,0,0
7.78000000,58.48475594,58.04531251,58.12432942,58.13862982,0,0
7.79000000,58.49164269,58.05227940,58.11292441,58.12310291,0,0
7.80000000,58.46155688,58.07217083,58.12492104,58.11485436,0,0
7.81000000,58.42708586,58.02641153,58.11765849,58.09225734,0,0
7.82000000,58.43599296,58.00985353,58.11917255,58.06658662,0,0
7.83000000,58.36547343,57.97612086,58.10681195,58.07248277,0,0
7.84000000,58.35020277,57.95454819,58.10318919,58.04971269,0,0
7.85000000,58.32929831,57.94430270,58.10234859,58.03405813,0,0
7.86000000,58.30251154,57.94923745,58.07994497,58.00235037,0,0
7.87000000,58.32552955,57.89032280,58.07006161,57.99250049,0,0
7.88000000,58.26638000,57.79571878,57.99745594,57.99628160,0,0
7.89000000,58.13633552,57.67113296,57.94003799,57.97313871,0,0
7.90000000,57.99368863,57.60160886,57.95845412,57.94692306,0,0
7.91000000,57.97433764,57.60992321,57.95755544,57.87190872,0,0
7.92000000,58.06378852,57.58874762,57.91974343,57.83048637,0,0
7.93000000,58.10734155,57.53274010,57.85175653,57.79413347,0,0
7.94000000,58.07094794,57.50191245,57.77856351,57.76720440,0,0
7.95000000,58.02385460,57.54186838,57.75867433,57.72857214,0,0
7.96000000,57.92850931,57.57150530,57.73669390,57.64901845,0,0
7.97000000,57.88583540,57.50293808,57.70920587,57.57682097,0,0
7.98000000,57.88528591,57.39570730,57.67711771,57.50715273,0,0
7.99000000,57.90801005,57.32924770,57.64669513,57.49738193,0,0
8.00000000,57.90331208,57.30296452,57.49335197,57.48609211,0,0
8.01000000,57.79680133,57.28353912,57.45394742,57.42896186,0,0
8.02000000,57.64719814,57.23220840,57.46095717,57.33592278,0,0
8.03000000,57.63454291,57.19142688,57.45382155,57.27544451,0,0
8.04000000,57.63614001,57.11528535,57.41321701,57.25504199,0,0
8.05000000,57.62202629,57.06328513,57.34852406,57.23346201,0,0
8.06000000,57.53099010,57.02389242,57.23533849,57.18878844,0,0
8.07000000,57.41037248,56.99370071,57.18381119,57.10884648,0,0
8.08000000,57.32293441,56.95350397,57.16709996,57.03395875,0,0
8.09000000,57.36019724,56.86367776,57.13707975,56.97130099,0,0
8.10000000,57.33702480,56.77871431,57.05305491,56.97333288,0,0
8.11000000,57.29055660,56.73064433,56.96523471,56.96604705,0,0
8.12000000,57.18048404,56.71041309,56.95200526,56.88364463,0,0
8.13000000,57.09915714,56.67408078,56.91571596,56.77708580,0,0
8.14000000,57.11306703,56.62985337,56.87701386,56.71231520,0,0
8.15000000,57.05892079,56.53204298,56.82236560,56.70794417,0,0
8.16000000,56.99873488,56.48155767,56.81128163,56.72815377,0,0
8.17000000,56.92072588,56.50124074,56.80223548,56.70388517,0,0
8.18000000,56.85017529,56.52659253,56.73557683,56.58261533,0,0
8.19000000,56.82714871,56.48320705,56.63836235,56.45202970,0,0
8.20000000,56.86272334,56.36427267,56.55156356,56.43304276,0,0
8.21000000,56.86091979,56.28599632,56.48770066,56.46136301,0,0
8.22000000,56.81587905,56.27584837,56.46704880,56.46156651,0,0
8.23000000,56.70788856,56.26249514,56.46466367,56.40666889,0,0
8.24000000,56.64117291,56.21773496,56.45025631,56.29765663,0,0
8.25000000,56.65128684,56.16279863,56.39952648,56.18772095,0,0
8.26000000,56.65759482,56.09131060,56.32931813,56.18210622,0,0
8.27000000,56.57925649,56.03699387,56.25723097,56.20159013,0,0
8.28000000,56.47187593,56.02252530,56.20344779,56.17084404,0,0
8.29000000,56.36998320,56.00854063,56.18679932,56.05601506,0,0
8.30000000,56.31672943,55.98614796,56.12460757,55.93755716,0,0
8.31000000,56.39584420,55.91301490,56.05489241,55.87211886,0,0
8.32000000,56.33671011,55.77746236,55.93624901,55.88603442,0,0
8.33000000,56.27532234,55.73958100,55.86269891,55.88763872,0,0
8.34000000,56.18619959,55.76673801,55.87491243,55.83110392,0,0
8.35000000,56.14031230,55.73978200,55.85639677,55.73179229,0,0
8.36000000,56.17621353,55.70322358,55.78884059,55.62990042,0,0
8.37000000,56.15490057,55.58049284,55.68475796,55.60157623,0,0
8.38000000,56.05771779,55.43296154,55.63717401,55.63230869,0,0
8.39000000,55.94814895,55.41136458,55.65034235,55.63160078,0,0
8.40000000,55.84449477,55.48004091,55.63788241,55.56034317,0,0
8.41000000,55.79537976,55.49083078,55.61613930,55.42290692,0,0
8.42000000,55.82026187,55.37950979,55.54441069,55.32482249,0,0
8.43000000,55.79721092,55.25139312,55.44531044,55.33229786,0,0
8.44000000,55.74367720,55.18851402,55.37923675,55.37957170,0,0
8.45000000,55.64829568,55.22070096,55.36135714,55.36503119,0,0
8.46000000,55.56063655,55.22781515,55.39604959,55.25458473,0,0
8.47000000,55.57598936,55.14935602,55.33933919,55.12637117,0,0
8.48000000,55.65904494,55.05815273,55.28921568,55.10335391,0,0
8.49000000,55.63078508,54.96731785,55.22562094,55.17484964,0,0
8.50000000,55.52139886,54.98660468,55.18622446,55.16486051,0,0
8.51000000,55.38040985,54.98506522,55.15521328,55.08037968,0,0
8.52000000,55.30653034,54.96151296,55.13158474,54.98129474,0,0
8.53000000,55.33295341,54.88145976,55.09210050,54.89164602,0,0
8.54000000,55.36140734,54.77175686,55.01553968,54.89796095,0,0
8.55000000,55.33980327,54.75175909,54.94955949,54.95675871,0,0
8.56000000,55.29343031,54.77172243,54.94602036,54.96383128,0,0
8.57000000,55.21514811,54.80375539,54.98100362,54.86905064,0,0
8.58000000,55.15435950,54.75925209,54.97132554,54.76787583,0,0
8.59000000,55.13180815,54.66910630,54.89725726,54.68636123,0,0
8.60000000,55.08313913,54.56764674,54.80892228,54.68067155,0,0
8.61000000,54.99902199,54.49444959,54.76235454,54.73507484,0,0
8.62000000,54.93795678,54.47034110,54.72264659,54.71347265,0,0
8.63000000,54.88030689,54.40394631,54.71533273,54.64221871,0,0
8.64000000,54.85027357,54.36298969,54.68412187,54.54462456,0,0
8.65000000,54.85200956,54.27117520,54.63424168,54.50155354,0,0
8.66000000,54.75926201,54.21492271,54.58152720,54.52514785,0,0
8.67000000,54.67442480,54.19777117,54.56998225,54.55369319,0,0
8.68000000,54.64969138,54.20511023,54.59284975,54.54830810,0,0
8.69000000,54.62488291,54.21228627,54.56871667,54.45527184,0,0
8.70000000,54.62411602,54.14628802,54.52732428,54.34370095,0,0
8.71000000,54.60999323,54.07817523,54.42473006,54.31830950,0,0
8.72000000,54.52043520,54.01864331,54.35145684,54.31836580,0,0
8.73000000,54.48710870,53.97463525,54.36193374,54.31642242,0,0
8.74000000,54.43225982,53.92761616,54.36307702,54.28655645,0,0
8.75000000,54.35480376,53.86282209,54.34825529,54.21083177,0,0
8.76000000,54.28451097,53.81269807,54.30576417,54.11997542,0,0
8.77000000,54.23494444,53.75529619,54.21574486,54.05441088,0,0
8.78000000,54.19215976,53.73686060,54.09247437,54.02922165,0,0
8.79000000,54.16955870,53.68470317,54.02336496,54.00235252,0,0
8.80000000,54.08923391,53.62462609,53.99736843,53.98291644,0,0
8.81000000,54.01723103,53.61916253,53.99920976,53.92030397,0,0
8.82000000,54.00306411,53.59029173,53.95872490,53.85401880,0,0
8.83000000,53.96345104,53.54659685,53.86576546,53.79140649,0,0
8.84000000,53.92923823,53.45990743,53.78574591,53.70885084,0,0
8.85000000,53.91802890,53.38598290,53.70001743,53.67502537,0,0
8.86000000,53.84716762,53.36094578,53.65846830,53.62737659,0,0
8.87000000,53.79132089,53.37650940,53.66020076,53.58183435,0,0
8.88000000,53.76740650,53.31904948,53.64139144,53.55641003,0,0
8.89000000,53.67592944,53.23065652,53.56544152,53.50857867,0,0
8.90000000,53.60032596,53.15049914,53.51527267,53.47667698,0,0
8.91000000,53.59865809,53.13278489,53.51712178,53.44789089,0,0
8.92000000,53.53785373,53.11587110,53.46387795,53.39318668,0,0
8.93000000,53.44356257,53.07670117,53.39981180,53.28708044,0,0
8.94000000,53.42374039,53.03782132,53.28802734,53.21220856,0,0
8.95000000,53.36942112,52.95176989,53.21175644,53.15063604,0,0
8.96000000,53.37101919,52.90399999,53.19987940,53.09786199,0,0
8.97000000,53.35781873,52.87839070,53.14627942,53.09605402,0,0
8.98000000,53.24426498,52.81820611,53.09325416,53.04964896,0,0
8.99000000,53.14580354,52.74977189,53.06031516,53.00756467,0,0
9.00000000,53.09509561,52.69202045,53.03149942,52.98139792,0,0
9.01000000,53.06523535,52.66164072,52.96584622,52.92317897,0,0
9.02000000,53.06759414,52.58902967,52.89671877,52.88355476,0,0
9.03000000,53.04488523,52.55276064,52.86416298,52.83912279,0,0
9.04000000,52.97933145,52.53849041,52.82565925,52.77218280,0,0
9.05000000,52.89550767,52.49426925,52.80854496,52.74051711,0,0
9.06000000,52.86702496,52.53656579,52.79653312,52.70971446,0,0
9.07000000,52.80241187,52.48046633,52.72278764,52.65314453,0,0
9.08000000,52.79409788,52.36653617,52.64286980,52.60049525,0,0
9.09000000,52.79339088,52.28551431,52.59513055,52.57218091,0,0
9.10000000,52.74327667,52.21584070,52.59352671,52.53396567,0,0
9.11000000,52.66296095,52.20772060,52.50361732,52.45700820,0,0
9.12000000,52.58100406,52.18726532,52.43514856,52.39413217,0,0
9.13000000,52.52064059,52.15159660,52.36601156,52.35371614,0,0
9.14000000,52.48746390,52.07681402,52.33942330,52.28378402,0,0
9.15000000,52.48596264,51.97773382,52.32700136,52.23701674,0,0
9.16000000,52.42058165,51.90571097,52.25598308,52.20015003,0,0
9.17000000,52.33592112,51.89303909,52.22723507,52.15772288,0,0
9.18000000,52.34208180,51.92414079,52.15548584,52.08861043,0,0
9.19000000,52.27711636,51.88965738,52.05869347,52.05515347,0,0
9.20000000,52.22343186,51.82262657,52.01973626,52.00730232,0,0
9.21000000,52.17896576,51.72675182,52.01197564,51.93833282,0,0
9.22000000,52.11255546,51.65364229,52.01353975,51.90376944,0,0
9.23000000,52.06268382,51.61650242,51.95513796,51.85084610,0,0
9.24000000,51.99494725,51.57526036,51.88696601,51.79240819,0,0
9.25000000,51.89078289,51.50989087,51.79424179,51.78216740,0,0
9.26000000,51.87322913,51.45628579,51.75967014,51.75513072,0,0
9.27000000,51.88519247,51.43381896,51.72998282,51.67970420,0,0
9.28000000,51.84756749,51.38972878,51.68716842,51.61822686,0,0
9.29000000,51.76435516,51.33174586,51.64732590,51.56793111,0,0
9.30000000,51.74780626,51.30150109,51.55836580,51.51620797,0,0
9.31000000,51.69243476,51.22526546,51.49421473,51.48697562,0,0
9.32000000,51.65976740,51.19423619,51.49251178,51.46596048,0,0
9.33000000,51.63111885,51.17503065,51.46718457,51.45382109,0,0
9.34000000,51.53496743,51.12756498,51.43288795,51.41098823,0,0
9.35000000,51.43668453,51.06694538,51.37136727,51.31736551,0,0
9.36000000,51.38453099,50.98244853,51.31617406,51.25771647,0,0
9.37000000,51.38964902,50.88995377,51.26480232,51.19886689,0,0
9.38000000,51.32030995,50.84430843,51.23314055,51.13933963,0,0
9.39000000,51.30122975,50.85084142,51.20756626,51.10174157,0,0
9.40000000,51.24450139,50.87497687,51.18560497,51.07617019,0,0
9.41000000,51.15230425,50.84349770,51.12840194,51.03262651,0,0
9.42000000,51.14247283,50.80007211,51.07273179,50.96013187,0,0
9.43000000,51.12400453,50.69726517,50.94817918,50.89629671,0,0
9.44000000,51.05318024,50.63911936,50.85358102,50.84341842,0,0
9.45000000,51.08347853,50.57893942,50.82993256,50.80665154,0,0
9.46000000,51.04748796,50.50840737,50.79164301,50.79687046,0,0
9.47000000,50.93412063,50.50309489,50.77456181,50.73360346,0,0
9.48000000,50.83048284,50.45519655,50.71444892,50.66296135,0,0
9.49000000,50.76736725,50.38078452,50.67272029,50.63055430,0,0
9.50000000,50.70739367,50.34187348,50.63276544,50.55157346,0,0
9.51000000,50.74339725,50.28892173,50.60836851,50.49825648,0,0
9.52000000,50.72808219,50.22399667,50.58257109,50.48640808,0,0
9.53000000,50.62154730,50.18219436,50.50362106,50.45800405,0,0
9.54000000,50.57874667,50.16358074,50.44439656,50.41315519,0,0
9.55000000,50.55951837,50.15509701,50.35585887,50.36619675,0,0
9.56000000,50.49204334,50.09774888,50.32826421,50.28872640,0,0
9.57000000,50.48121604,50.03541979,50.29531754,50.19159152,0,0
9.58000000,50.42650927,49.95679431,50.29022561,50.14784884,0,0
9.59000000,50.34419714,49.88225082,50.26465457,50.12962751,0,0
9.60000000,50.28357633,49.86289831,50.20163266,50.07094292,0,0
9.61000000,50.22853406,49.81537846,50.11414003,50.05411335,0,0
9.62000000,50.17575217,49.73104411,50.03664525,50.02723941,0,0
9.63000000,50.17450048,49.69165043,50.00075836,49.92650570,0,0
9.64000000,50.16628945,49.68506150,50.01510898,49.87635239,0,0
9.65000000,50.07058752,49.66163340,50.00930311,49.87183383,0,0
9.66000000,49.98381999,49.59849648,49.98834932,49.81029973,0,0
9.67000000,49.97753003,49.53409715,49.87465233,49.76260684,0,0
9.68000000,49.98892802,49.47950791,49.78139939,49.72559448,0,0
9.69000000,49.93317184,49.39887192,49.73307825,49.66420303,0,0
9.70000000,49.88767509,49.39699665,49.69157198,49.62529190,0,0
9.71000000,49.80420356,49.36166389,49.67745090,49.59418425,0,0
9.72000000,49.73443684,49.33817691,49.63342521,49.52582251,0,0
9.73000000,49.70947135,49.29469046,49.56141119,49.44834373,0,0
9.74000000,49.65330574,49.20062875,49.52355099,49.39269593,0,0
9.75000000,49.58921703,49.11475123,49.43298119,49.35186359,0,0
9.76000000,49.57020319,49.08217242,49.41825148,49.31721297,0,0
9.77000000,49.55706202,49.01668554,49.42087015,49.28262390,0,0
9.78000000,49.41465938,48.94239640,49.36004978,49.23311273,0,0
9.79000000,49.36656316,48.97907242,49.32066147,49.16810326,0,0
9.80000000,49.33965055,49.05080110,49.20589974,49.12389295,0,0
9.81000000,49.34009345,49.01425391,49.15821269,49.07449526,0,0
9.82000000,49.29406848,48.84112569,49.09478750,49.00666165,0,0
9.83000000,49.27597774,48.67000026,49.10979515,48.98624683,0,0
9.84000000,49.23847032,48.59478017,49.06902147,49.01757843,0,0
9.85000000,49.16598848,48.64577685,49.01681525,48.99502084,0,0
9.86000000,49.08366095,48.60289355,48.94215942,48.91639796,0,0
9.87000000,48.98638173,48.53819137,48.89545829,48.83476850,0,0
9.88000000,48.95765953,48.51458846,48.83255729,48.73467946,0,0
9.89000000,48.99041751,48.50602844,48.78508222,48.66008122,0,0
9.90000000,48.93517346,48.44969039,48.77797954,48.64458945,0,0
9.91000000,48.78329950,48.31183015,48.71819263,48.60354097,0,0
9.92000000,48.76553621,48.20958383,48.67483701,48.53606076,0,0
9.93000000,48.79066868,48.26780473,48.54553943,48.54022184,0,0
9.94000000,48.74006007,48.35279706,48.52065231,48.49522638,0,0
9.95000000,48.65666805,48.35009907,48.52731530,48.42196038,0,0
9.96000000,48.63165008,48.24959064,48.53201288,48.35219071,0,0
9.97000000,48.58199661,48.08161536,48.47092257,48.31089097,0,0
9.98000000,48.52365438,47.99654509,48.41048869,48.22449437,0,0
9.99000000,48.49162792,47.96923694,48.31308212,48.21736024,0,0
10.00000000,48.40776414,47.93064207,48.23051192,48.22704995,0,0
10.01000000,48.34460593,47.91226454,48.17648540,48.18547066,0,0
10.02000000,48.37580996,47.85780154,48.19446484,48.16230849,0,0
10.03000000,48.35327588,47.80768233,48.20816791,48.12614941,0,0
10.04000000,48.22405932,47.77181600,48.14760642,48.06660858,0,0
10.05000000,48.18242435,47.72424999,48.12364766,48.00277714,0,0
10.06000000,48.21987617,47.65465361,48.00251164,47.89920535,0,0
10.07000000,48.15928378,47.60918362,47.94934436,47.78637574,0,0
10.08000000,48.12828426,47.53542016,47.92735316,47.74893723,0,0
10.09000000,48.05853567,47.49210558,47.90676226,47.73260035,0,0
10.10000000,47.94577917,47.45050029,47.86650838,47.67030686,0,0
10.11000000,47.91276173,47.38539916,47.82280405,47.57017132,0,0
10.12000000,47.94514426,47.35073962,47.73969696,47.44543987,0,0
10.13000000,47.83940066,47.27979587,47.63142607,47.37274275,0,0
10.14000000,47.73526335,47.23685549,47.59011413,47.38100101,0,0
10.15000000,47.67496003,47.19037365,47.60093492,47.40367282,0,0
10.16000000,47.65104753,47.13128339,47.62114984,47.39655935,0,0
10.17000000,47.60272415,47.06143145,47.55914503,47.37936407,0,0
10.18000000,47.55501545,47.00552840,47.46356522,47.31424245,0,0
10.19000000,47.59509049,46.95489417,47.34479265,47.23838824,0,0
10.20000000,47.48199369,46.97197980,47.30264464,47.15741631,0,0
10.21000000,47.48287001,46.93900201,47.28154121,47.08759864,0,0
10.22000000,47.45049713,46.86303543,47.23830921,47.05992659,0,0
10.23000000,47.35164260,46.75151162,47.20000899,47.05679527,0,0
10.24000000,47.31008811,46.66287176,47.16473877,47.02772731,0,0
10.25000000,47.26752270,46.66476878,47.11958613,46.96841455,0,0
10.26000000,47.15840237,46.62985388,47.09940704,46.90474995,0,0
10.27000000,47.02309926,46.59188461,47.02758035,46.83187410,0,0
10.28000000,47.04542413,46.50120019,47.00401099,46.78605995,0,0
10.29000000,47.05253651,46.43852934,46.95717614,46.73087229,0,0
10.30000000,47.04748563,46.36105800,46.89851193,46.69081217,0,0
10.31000000,46.94533403,46.34678979,46.83908321,46.61822887,0,0
10.32000000,46.88052982,46.32640332,46.81860543,46.53750235,0,0
10.33000000,46.82677123,46.28420217,46.72737073,46.49595069,0,0
10.34000000,46.80039778,46.19947119,46.71530691,46.44202795,0,0
10.35000000,46.82773236,46.11298008,46.68483873,46.38487565,0,0
10.36000000,46.74944369,46.08025343,46.63481173,46.36845698,0,0
10.37000000,46.65630386,46.04323977,46.58093822,46.33466267,0,0
10.38000000,46.58177681,46.03696647,46.50679085,46.26762137,0,0
10.39000000,46.53588545,45.99927928,46.44736838,46.20211803,0,0
10.40000000,46.47759938,45.86120976,46.36039206,46.13958181,0,0
10.41000000,46.44376225,45.78381157,46.30229238,46.10499529,0,0
10.42000000,46.45374143,45.73532176,46.32165317,46.07513820,0,0
10.43000000,46.39306680,45.72885297,46.27508341,46.02078201,0,0
10.44000000,46.25039316,45.71671858,46.24183302,45.94134352,0,0
10.45000000,46.25839482,45.69929667,46.21876027,45.88544746,0,0
10.46000000,46.23734435,45.63746261,46.10960590,45.83834166,0,0
10.47000000,46.14759688,45.55830613,45.96170221,45.78297655,0,0
10.48000000,46.07245077,45.46432587,45.93030813,45.73761601,0,0
10.49000000,46.03589067,45.40121327,45.92162399,45.67464269,0,0
10.50000000,46.00524463,45.37996802,45.89869575,45.65069035,0,0
10.51000000,45.89024631,45.34454931,45.88414427,45.62089482,0,0
10.52000000,45.82692661,45.28962160,45.75628521,45.53739917,0,0
10.53000000,45.75299882,45.23697857,45.68740880,45.48919414,0,0
10.54000000,45.68193073,45.15750397,45.60230433,45.42969286,0,0
10.55000000,45.70022047,45.07654983,45.60429708,45.36034771,0,0
10.56000000,45.67561300,45.01202678,45.58737726,45.30055225,0,0
10.57000000,45.54164911,44.99033413,45.54092124,45.27204873,0,0
10.58000000,45.42468930,44.95414608,45.46185372,45.20758528,0,0
10.59000000,45.50130278,44.90963407,45.40537343,45.14068284,0,0
10.60000000,45.44697936,44.83437827,45.27633181,45.11850354,0,0
10.61000000,45.38476604,44.75031002,45.23621781,45.01026601,0,0
10.62000000,45.31618972,44.66669929,45.19661947,44.94380157,0,0
10.63000000,45.24803316,44.66633897,45.13501002,44.89459622,0,0
10.64000000,45.15967138,44.62914054,45.15616997,44.84538564,0,0
10.65000000,45.17022426,44.53238039,45.11346554,44.80293078,0,0
10.66000000,45.13914132,44.44718096,45.06061840,44.74961049,0,0
10.67000000,45.04538176,44.37938935,44.95316365,44.71921331,0,0
10.68000000,44.95808689,44.30849197,44.86754584,44.66431412,0,0
10.69000000,44.89707735,44.31186990,44.84062305,44.60941272,0,0
10.70000000,44.90771868,44.26194795,44.82375915,44.53018981,0,0
10.71000000,44.79877048,44.18013150,44.80691208,44.45267290,0,0
10.72000000,44.69341072,44.13074770,44.68687367,44.33589165,0,0
10.73000000,44.71191710,44.04393309,44.61937920,44.29935742,0,0
10.74000000,44.67579267,44.02449214,44.50262563,44.25848760,0,0
10.75000000,44.62941349,43.97376687,44.44132255,44.18882658,0,0
10.76000000,44.54951187,43.89846616,44.40367613,44.13658996,0,0
10.77000000,44.53160775,43.85477996,44.39731986,44.06141306,0,0
10.78000000,44.44398443,43.79076620,44.36951407,44.07368004,0,0
10.79000000,44.41864835,43.75574847,44.29859447,44.05317332,0,0
10.80000000,44.32601722,43.68652817,44.25208433,43.96220228,0,0
10.81000000,44.20777596,43.61512836,44.17852839,43.87610720,0,0
10.82000000,44.18934675,43.54479492,44.09664823,43.79505983,0,0
10.83000000,44.20788794,43.46128792,44.05556278,43.75620894,0,0
10.84000000,44.14607563,43.38528751,44.02185054,43.71035862,0,0
10.85000000,43.97031033,43.32614943,43.95656213,43.66592752,0,0
10.86000000,43.83291631,43.32274872,43.86757285,43.61920026,0,0
10.87000000,43.90353269,43.32068588,43.89069219,43.54600795,0,0
10.88000000,43.93308914,43.15885587,43.74311174,43.44853862,0,0
10.89000000,43.89236743,43.10705191,43.67327891,43.37695996,0,0
10.90000000,43.77899643,43.04693528,43.65497162,43.30912983,0,0
10.91000000,43.72487802,43.02390804,43.59244563,43.26738248,0,0
10.92000000,43.60668910,43.02953014,43.62073822,43.24136123,0,0
10.93000000,43.55544942,42.94695830,43.55423595,43.21052517,0,0
10.94000000,43.58982277,42.83409922,43.45352916,43.16420459,0,0
10.95000000,43.48951745,42.75898330,43.35085485,43.05158605,0,0
10.96000000,43.41543010,42.71497011,43.27159104,42.99091699,0,0
10.97000000,43.36131065,42.66031054,43.22528893,42.89535169,0,0
10.98000000,43.26652869,42.66737578,43.22944198,42.84868368,0,0
10.99000000,43.24520287,42.57452698,43.21760392,42.80080264,0,0
11.00000000,43.15749531,42.48763205,43.11673216,42.74591749,0,0
11.01000000,43.11344152,42.44560580,43.05478966,42.71208663,0,0
11.02000000,43.12134651,42.39340495,43.00138654,42.66961661,0,0
11.03000000,43.02475413,42.35509179,42.89235893,42.57389540,0,0
11.04000000,42.97451856,42.31691642,42.95585642,42.52359180,0,0
11.05000000,42.95057196,42.24849021,42.93001917,42.48680240,0,0
11.06000000,42.89170033,42.19743892,42.85886367,42.39210395,0,0
11.07000000,42.82960677,42.12314197,42.72044952,42.38935027,0,0
11.08000000,42.77250572,42.07790988,42.65589089,42.33436860,0,0
11.09000000,42.70965382,42.01694237,42.61439915,42.29571447,0,0
11.10000000,42.64873933,41.95480135,42.52592834,42.18858047,0,0
11.11000000,42.55269710,41.87296541,42.47672788,42.11241705,0,0
11.12000000,42.50229966,41.76844748,42.42944798,42.06945529,0,0
11.13000000,42.50665404,41.75337966,42.39766847,42.01190230,0,0
11.14000000,42.42047445,41.72586291,42.37038121,41.97727808,0,0
11.15000000,42.29365946,41.68380281,42.26604255,41.92479178,0,0
11.16000000,42.25998822,41.60469366,42.23970535,41.86342072,0,0
11.17000000,42.28688016,41.49903805,42.15880682,41.76602750,0,0
11.18000000,42.24636782,41.43216520,42.03463064,41.71742818,0,0
11.19000000,42.17222779,41.44112524,41.98125239,41.63150082,0,0
11.20000000,42.09958578,41.43240885,41.93052095,41.57465511,0,0
11.21000000,42.01377833,41.31136883,41.94774924,41.55063712,0,0
11.22000000,41.96847450,41.25509165,41.89614170,41.51482640,0,0
11.23000000,41.94833098,41.20278977,41.86189031,41.49714997,0,0
11.24000000,41.86913765,41.11934024,41.72043931,41.41682904,0,0
11.25000000,41.73523325,41.12806750,41.64396659,41.31533119,0,0
11.26000000,41.64952301,41.06138045,41.58389107,41.27752675,0,0
11.27000000,41.64274025,40.92669799,41.55999925,41.19239998,0,0
11.28000000,41.66623321,40.85867971,41.56733249,41.12240778,0,0
11.29000000,41.57051050,40.79322287,41.50404277,41.09979034,0,0
11.30000000,41.40173329,40.76869512,41.41463390,41.03626396,0,0
11.31000000,41.37508467,40.72889871,41.37142125,40.98207037,0,0
11.32000000,41.44401313,40.72865582,41.31536134,40.93327520,0,0
11.33000000,41.37310997,40.60380930,41.21117199,40.82480707,0,0
11.34000000,41.28306173,40.56085582,41.16392050,40.77957808,0,0
11.35000000,41.19487640,40.55428123,41.11423297,40.69431032,0,0
11.36000000,41.14950641,40.53440402,41.09926625,40.65246665,0,0
11.37000000,41.10512566,40.40147857,41.06176664,40.63336898,0,0
11.38000000,41.06979567,40.35171601,40.99172840,40.58893131,0,0
11.39000000,41.05638624,40.17872852,40.87883983,40.56111099,0,0
11.40000000,40.90667635,40.16152418,40.81327765,40.46618832,0,0
11.41000000,40.83689699,40.14729815,40.75445439,40.40198838,0,0
11.42000000,40.72452266,40.09773763,40.71879363,40.28891985,0,0
11.43000000,40.71830205,39.96379942,40.70522101,40.23687263,0,0
11.44000000,40.69884835,39.85620314,40.69017454,40.18357196,0,0
11.45000000,40.64440577,39.81113141,40.59096563,40.12473392,0,0
11.46000000,40.56488163,39.81368480,40.51512795,40.10745522,0,0
11.47000000,40.57145026,39.79230646,40.49664093,40.03918601,0,0
11.48000000,40.42874125,39.71598048,40.36138188,39.94756140,0,0
11.49000000,40.38689501,39.61947809,40.35282462,39.92402313,0,0
11.50000000,40.33941621,39.54603909,40.24486308,39.83309325,0,0
11.51000000,40.42619847,39.54880979,40.23096903,39.77850272,0,0
11.52000000,40.24011373,39.50478468,40.15631400,39.67668485,0,0
11.53000000,40.19649612,39.43769592,40.09758563,39.65748869,0,0
11.54000000,40.13015588,39.36071969,40.05696991,39.58683457,0,0
11.55000000,40.11762815,39.24832618,39.97825860,39.55378718,0,0
11.56000000,40.03302900,39.22796075,39.92930557,39.44168331,0,0
11.57000000,40.00316850,39.24837619,39.82184184,39.43339835,0,0
11.58000000,39.94165643,39.13706933,39.77785744,39.32495274,0,0
11.59000000,39.83581465,39.06836779,39.76421281,39.38049059,0,0
11.60000000,39.82170949,39.00047711,39.78106924,39.26278358,0,0
11.61000000,39.68333750,38.90625681,39.69697542,39.24158598,0,0
11.62000000,39.67806793,38.92038553,39.68133845,39.25591723,0,0
11.63000000,39.74982998,38.89951894,39.65192112,39.14875648,0,0
11.64000000,39.67847379,38.79469527,39.48372932,39.06658100,0,0
11.65000000,39.60576240,38.68350706,39.46500798,39.00286694,0,0
11.66000000,39.49205290,38.69044810,39.36832204,38.89303213,0,0
11.67000000,39.54181141,38.64437145,39.32720389,38.84591993,0,0
11.68000000,39.39600054,38.64429336,39.29807199,38.73096350,0,0
11.69000000,39.35015404,38.51771627,39.24281836,38.70922859,0,0
11.70000000,39.27121512,38.47837060,39.22571160,38.66228112,0,0
11.71000000,39.21935537,38.36159056,39.08632771,38.61971326,0,0
11.72000000,39.13447199,38.33417089,39.03915316,38.52126831,0,0
11.73000000,39.08686998,38.30738713,38.91154678,38.48759886,0,0
11.74000000,39.05655453,38.20660626,38.86578251,38.37133400,0,0
11.75000000,38.99273396,38.06260138,38.88119045,38.30196513,0,0
11.76000000,38.92587191,38.06977808,38.80461565,38.28288553,0,0
11.77000000,38.74541590,38.06518940,38.71076916,38.23047886,0,0
11.78000000,38.77511432,38.02531824,38.64546855,38.16598887,0,0
11.79000000,38.79677502,37.93479464,38.65188357,38.12056283,0,0
11.80000000,38.71410124,37.80564966,38.45961830,38.00885435,0,0
11.81000000,38.62141751,37.72349902,38.51806846,37.97305714,0,0
11.82000000,38.53153978,37.75975285,38.45678397,37.90798945,0,0
11.83000000,38.49403423,37.74988812,38.34991053,37.80691949,0,0
11.84000000,38.38615856,37.60386374,38.32617746,37.78609835,0,0
11.85000000,38.39394455,37.46061357,38.22825785,37.71428172,0,0
11.86000000,38.35438686,37.38882051,38.18540602,37.73486315,0,0
11.87000000,38.26712418,37.39132865,38.10495357,37.70857930,0,0
11.88000000,38.14329317,37.33757170,38.05582829,37.65116077,0,0
11.89000000,38.05651388,37.29451041,38.02440999,37.51767226,0,0
11.90000000,37.98859924,37.20613076,37.94623102,37.47013913,0,0
11.91000000,38.02825774,37.09556617,37.97581632,37.40215996,0,0
11.92000000,37.95267792,36.98122693,37.92140101,37.33723377,0,0
11.93000000,37.80316188,36.98460722,37.87372406,37.31291940,0,0
11.94000000,37.70081061,36.91449058,37.77488732,37.20990974,0,0
11.95000000,37.77743494,36.89817102,37.73175611,37.19967666,0,0
11.96000000,37.76288381,36.80184115,37.65492117,37.12865632,0,0
11.97000000,37.67041976,36.73985696,37.51407323,37.06581429,0,0
11.98000000,37.56205732,36.64466897,37.52034737,36.98598390,0,0
11.99000000,37.51077370,36.58144036,37.40055293,36.90202261,0,0
12.00000000,37.50526963,36.61213554,37.41173151,36.80019245,0,0
12.01000000,37.37767145,36.53380093,37.37134807,36.70503701,0,0
12.02000000,37.33224548,36.50606460,37.27805752,36.70630664,0,0
12.03000000,37.34683098,36.35986563,37.26706257,36.69029281,0,0
12.04000000,37.26410261,36.38333342,37.11812956,36.64524364,0,0
12.05000000,37.27203796,36.26180500,37.09602457,36.54503500,0,0
12.06000000,37.17945255,36.23414081,37.00708748,36.46456524,0,0
12.07000000,37.12656054,36.33595903,36.96175223,36.42564606,0,0
12.08000000,37.12432057,36.24137600,36.95046808,36.34708544,0,0
12.09000000,37.05949920,36.16330806,36.91735956,36.31940064,0,0
12.10000000,36.99742566,36.05598768,36.85259120,36.24674333,0,0
12.11000000,36.91904015,36.01380547,36.83285055,36.22807795,0,0
12.12000000,36.98665395,35.94537421,36.80522342,36.16395954,0,0
12.13000000,36.87537370,35.97938649,36.70800423,36.09060097,0,0
12.14000000,36.78132155,35.97636575,36.60804431,36.06032326,0,0
12.15000000,36.71909326,35.89432733,36.60078055,36.00648195,0,0
12.16000000,36.72850858,35.81666106,36.55248391,35.95532068,0,0
12.17000000,36.72949940,35.75162207,36.57458312,35.91866453,0,0
12.18000000,36.60249818,35.70317082,36.50416978,35.83347346,0,0
12.19000000,36.60740226,35.65277475,36.45353099,35.78939642,0,0
12.20000000,36.50676153,35.60625020,36.38701075,35.79118784,0,0
12.21000000,36.45187843,35.61449230,36.34302015,35.77329102,0,0
12.22000000,36.37965379,35.57277547,36.30100584,35.76815593,0,0
12.23000000,36.39845082,35.48191244,36.27203106,35.67127657,0,0
12.24000000,36.36445247,35.41930336,36.21278356,35.61908321,0,0
12.25000000,36.37792439,35.39367841,36.18094308,35.53903564,0,0
12.26000000,36.26635050,35.33620751,36.15352922,35.47292414,0,0
12.27000000,36.18798140,35.21024895,36.04325782,35.45860787,0,0
12.28000000,36.12014097,35.24331236,36.05140305,35.42859001,0,0
12.29000000,36.15308071,35.17193661,36.00937609,35.27933374,0,0
12.30000000,36.14721641,35.11454845,35.97308184,35.33291555,0,0
12.31000000,36.09365373,35.12539382,35.81873790,35.23310377,0,0
12.32000000,36.05407934,35.05762433,35.87801071,35.11005801,0,0
12.33000000,35.96196331,35.01888713,35.80252642,35.13862356,0,0
12.34000000,35.99134254,34.97651059,35.78201967,35.08321507,0,0
12.35000000,35.87895659,34.95604169,35.78648106,35.07358542,0,0
12.36000000,35.86104319,34.86807365,35.75584610,35.02247966,0,0
12.37000000,35.83254978,34.84791089,35.68113515,34.95341990,0,0
12.38000000,35.77698031,34.73751225,35.64593261,34.99877047,0,0
12.39000000,35.68621567,34.78036199,35.52769594,34.92138439,0,0
12.40000000,35.67789473,34.75151434,35.52699341,34.92942208,0,0
12.41000000,35.57831108,34.70315914,35.45881274,34.83280812,0,0
12.42000000,35.60737768,34.59910724,35.46901114,34.83362621,0,0
12.43000000,35.64545495,34.60634151,35.47835514,34.73633077,0,0
12.44000000,35.57132709,34.53772328,35.43986353,34.71344674,0,0
12.45000000,35.43764360,34.41826992,35.37657131,34.65429144,0,0
12.46000000,35.33441461,34.43703599,35.28427520,34.62290271,0,0
12.47000000,35.43096088,34.37002936,35.28373198,34.55357433,0,0
12.48000000,35.42740083,34.34795584,35.20523156,34.53770991,0,0
12.49000000,35.45010875,34.33695262,35.08469068,34.45255093,0,0
12.50000000,35.32361262,34.31896931,35.14103075,34.42552162,0,0
12.51000000,35.31501451,34.22259076,35.06765590,34.33707707,0,0
12.52000000,35.28481199,34.20793198,35.11476106,34.32478483,0,0
12.53000000,35.24091141,34.17315378,35.09696528,34.28212951,0,0
12.54000000,35.22704648,34.14905859,35.03436066,34.22776274,0,0
12.55000000,35.14908234,34.12170317,34.99153075,34.16026903,0,0
12.56000000,35.11530312,34.08510485,34.92950711,34.20021694,0,0
12.57000000,35.08487529,34.03497898,34.85414760,34.11736249,0,0
12.58000000,35.11559488,33.96198073,34.86034305,34.12558341,0,0
12.59000000,35.03521437,33.94347556,34.81905663,34.00247485,0,0
12.60000000,35.04096819,33.88597365,34.77118363,33.99310010,0,0
12.61000000,35.02932824,33.97619613,34.79613344,33.96082434,0,0
12.62000000,35.01900894,33.99167943,34.79840585,33.90757929,0,0
12.63000000,34.94849692,33.93942722,34.72057836,33.87786045,0,0
12.64000000,34.96248809,33.88273099,34.72878316,33.84276606,0,0
12.65000000,35.10345182,33.86570036,34.68042255,33.81105297,0,0
12.66000000,35.02246777,33.88720568,34.68088658,33.78654958,0,0
12.67000000,35.01559708,33.85967815,34.54628939,33.79902640,0,0
12.68000000,34.85644078,33.78631186,34.63442360,33.79650006,0,0
12.69000000,34.89760829,33.77875416,34.60786643,33.69790988,0,0
12.70000000,34.85270484,33.68264730,34.66306417,33.72723466,0,0
12.71000000,34.80239578,33.60937972,34.64405348,33.73303365,0,0
12.72000000,34.76276746,33.65024290,34.55901591,33.68269264,0,0
12.73000000,34.80129368,33.63454773,34.51774723,33.63022232,0,0
12.74000000,34.76714698,33.66327699,34.47959459,33.61821596,0,0
12.75000000,34.73058511,33.56713735,34.44817227,33.67721449,0,0
12.76000000,34.76010325,33.54823153,34.44917159,33.59513755,0,0
12.77000000,34.62035700,33.48664016,34.46661709,33.63302613,0,0
12.78000000,34.63503095,33.40465278,34.45597913,33.51613361,0,0
12.79000000,34.63094571,33.50122694,34.45305960,33.53852857,0,0
12.80000000,34.62957712,33.49659672,34.45507059,33.46288699,0,0
12.81000000,34.55616550,33.48869494,34.38670358,33.43066994,0,0
12.82000000,34.50716986,33.38384268,34.39002109,33.50674787,0,0
12.83000000,34.60331276,33.37795742,34.37244721,33.44313975,0,0
12.84000000,34.53622847,33.33160870,34.37621453,33.50582796,0,0
12.85000000,34.55495398,33.34175973,34.22292505,33.39352285,0,0
12.86000000,34.43360709,33.29787483,34.26519454,33.38191913,0,0
12.87000000,34.44747207,33.29674662,34.24124786,33.31881905,0,0
12.88000000,34.44547855,33.31175891,34.23413688,33.24075227,0,0
12.89000000,34.36561565,33.26098448,34.27224691,33.27021472,0,0
12.90000000,34.40607605,33.24687138,34.23691097,33.24143999,0,0
12.91000000,34.36521673,33.24821033,34.17991987,33.23141228,0,0
12.92000000,34.35295674,33.15639913,34.16570956,33.22759135,0,0
12.93000000,34.26862060,33.18181315,34.09322100,33.19258280,0,0
12.94000000,34.29872377,33.09314363,34.10553973,33.22756993,0,0
12.95000000,34.24324381,33.14736987,34.08666838,33.22610768,0,0
12.96000000,34.23093360,33.07695593,34.08197075,33.17132140,0,0
12.97000000,34.23408581,33.04477556,34.01681581,33.07342738,0,0
12.98000000,34.20660552,33.04329043,34.02752969,33.11614542,0,0
12.99000000,34.19552496,33.09282618,33.93709529,33.00730117,0,0
13.00000000,34.11304521,33.07407783,33.96550590,33.00982777,0,0
13.01000000,34.12374854,32.90285730,33.95762988,33.07290206,0,0
13.02000000,34.14591124,32.92103496,34.02884946,33.01574611,0,0
13.03000000,34.13484556,32.93358143,33.93845989,33.00626144,0,0
13.04000000,34.13740405,32.92301439,33.80701343,32.98231624,0,0
13.05000000,34.07155262,32.89358775,33.85980405,32.94979381,0,0
13.06000000,34.11233257,32.87635244,33.84453348,32.85992003,0,0
13.07000000,34.03739921,32.86998517,33.88628214,32.86904278,0,0
13.08000000,34.03534254,32.82846982,33.90572919,32.87300012,0,0
13.09000000,34.05016680,32.79692798,33.84727782,32.84306841,0,0
13.10000000,34.04484346,32.79181954,33.83276398,32.83747231,0,0
13.11000000,33.96660326,32.73182313,33.77595921,32.82590710,0,0
13.12000000,33.94811861,32.76951769,33.72948043,32.78110611,0,0
13.13000000,33.90907142,32.76167751,33.75676430,32.84718646,0,0
13.14000000,33.86089304,32.73987585,33.72209678,32.73749781,0,0
13.15000000,33.94898774,32.72715356,33.71873005,32.73545021,0,0
13.16000000,33.92733642,32.60859164,33.67292084,32.65908281,0,0
13.17000000,33.94282547,32.60743773,33.68054366,32.69434198,0,0
13.18000000,33.81141706,32.64096508,33.64095602,32.64040357,0,0
13.19000000,33.83061193,32.64526126,33.66267277,32.64566731,0,0
13.20000000,33.87188326,32.52126780,33.63905927,32.61740745,0,0
13.21000000,33.83473221,32.53337712,33.67991891,32.61239273,0,0
13.22000000,33.81487057,32.52537860,33.50677692,32.58854408,0,0
13.23000000,33.76496291,32.49189043,33.55287086,32.53307770,0,0
13.24000000,33.74203828,32.45126194,33.50784834,32.53645750,0,0
13.25000000,33.77588765,32.47858329,33.49108013,32.43582735,0,0
13.26000000,33.71025690,32.46125924,33.57559326,32.44975171,0,0
13.27000000,33.71438886,32.45889239,33.53098790,32.39170819,0,0
13.28000000,33.65945615,32.38631660,33.50382993,32.39112805,0,0
13.29000000,33.67371265,32.34699260,33.43492992,32.39019856,0,0
13.30000000,33.63139022,32.32785262,33.38302792,32.36705312,0,0
13.31000000,33.61266473,32.36881678,33.36126389,32.31103333,0,0
13.32000000,33.54124835,32.30909702,33.36669591,32.38208673,0,0
13.33000000,33.52179237,32.31664062,33.32671922,32.29933581,0,0
13.34000000,33.56530733,32.27613150,33.34692130,32.30654836,0,0
13.35000000,33.57268836,32.21465695,33.32028981,32.26623278,0,0
13.36000000,33.47594893,32.14939294,33.32996861,32.24283500,0,0
13.37000000,33.37535221,32.18059963,33.29512389,32.20288411,0,0
13.38000000,33.40119577,32.14658830,33.31892381,32.12221119,0,0
13.39000000,33.50109497,32.08806042,33.27568552,32.13704312,0,0
13.40000000,33.43429770,32.00300250,33.29372996,32.10670977,0,0
13.41000000,33.41232536,31.99913298,33.10479382,32.13621776,0,0
13.42000000,33.29626380,32.01562477,33.17186337,32.08654620,0,0
13.43000000,33.35009955,32.00728488,33.09890180,32.07449226,0,0
13.44000000,33.33412951,32.02405644,33.10731761,32.03933326,0,0
13.45000000,33.33555948,31.93936044,33.15131837,32.01509836,0,0
13.46000000,33.25643516,31.93654563,33.12035759,31.96389409,0,0
13.47000000,33.26731575,31.87415196,33.13680029,31.97053532,0,0
13.48000000,33.21126535,31.83211968,33.10764249,31.95864170,0,0
13.49000000,33.20856131,31.91925993,33.02828150,31.93944079,0,0
13.50000000,33.21874127,31.85518211,32.98875508,31.82800689,0,0
13.51000000,33.15790073,31.83957964,32.98863136,31.85734463,0,0
13.52000000,33.12869066,31.71217394,32.97132715,31.85418553,0,0
13.53000000,33.15059783,31.79953751,32.96755592,31.83495500,0,0
13.54000000,33.12443234,31.79632743,32.93414334,31.82161115,0,0
13.55000000,33.07078044,31.76116186,32.95410215,31.74618411,0,0
13.56000000,33.01136057,31.72371781,32.87046253,31.71414602,0,0
13.57000000,33.03438693,31.70236786,32.92324976,31.69329164,0,0
13.58000000,33.12864108,31.68976295,32.88053777,31.65828682,0,0
13.59000000,33.06851757,31.60404679,32.88709119,31.66196336,0,0
13.60000000,33.08044581,31.54527540,32.71385996,31.67721298,0,0
13.61000000,32.93156186,31.54235956,32.81484076,31.65415272,0,0
13.62000000,33.01375501,31.57178779,32.74742387,31.60083590,0,0
13.63000000,33.01197394,31.59602002,32.77855547,31.63695579,0,0
13.64000000,32.96776780,31.57120536,32.79735785,31.57425871,0,0
13.65000000,32.99599207,31.53729214,32.75463467,31.55875344,0,0
13.66000000,32.94523971,31.51931518,32.79508537,31.53088405,0,0
13.67000000,32.96986194,31.49398824,32.73784409,31.50406436,0,0
13.68000000,32.88440735,31.53766166,32.69418789,31.44387718,0,0
13.69000000,32.93628838,31.50647045,32.64563302,31.46957496,0,0
13.70000000,32.84878907,31.49056392,32.68617302,31.36735298,0,0
13.71000000,32.85166087,31.49344781,32.66326805,31.39348332,0,0
13.72000000,32.87118633,31.41032302,32.61344113,31.48244582,0,0
13.73000000,32.88463103,31.44705124,32.62246284,31.44484583,0,0
13.74000000,32.89361767,31.43923793,32.58948937,31.46671852,0,0
13.75000000,32.78945163,31.35715619,32.59423656,31.34531608,0,0
13.76000000,32.76202309,31.37350412,32.56929571,31.37958303,0,0
13.77000000,32.86020527,31.38193126,32.56711873,31.29536958,0,0
13.78000000,32.79435943,31.37742852,32.66093863,31.32063742,0,0
13.79000000,32.81974719,31.27298556,32.53175015,31.29161423,0,0
13.80000000,32.74582959,31.22929982,32.45858831,31.28288468,0,0
13.81000000,32.73698150,31.30039703,32.51847595,31.25272376,0,0
13.82000000,32.74975729,31.25246522,32.43541027,31.19348464,0,0
13.83000000,32.72815118,31.29717634,32.48744921,31.25166524,0,0
13.84000000,32.69313988,31.27664717,32.46298973,31.18192389,0,0
13.85000000,32.75122200,31.24324071,32.47299782,31.23398848,0,0
13.86000000,32.70427524,31.20780816,32.41572183,31.18283878,0,0
13.87000000,32.60879642,31.16427812,32.42082126,31.19528501,0,0
13.88000000,32.59475608,31.17288251,32.33340011,31.12552292,0,0
13.89000000,32.57580116,31.20999625,32.38646159,31.12323283,0,0
13.90000000,32.62084008,31.15072045,32.37423803,31.07327013,0,0
13.91000000,32.66189417,31.16246849,32.40015863,31.09400164,0,0
13.92000000,32.63706583,31.09786525,32.37644504,31.15544523,0,0
13.93000000,32.59284076,31.13910085,32.42035196,31.12874718,0,0
13.94000000,32.48180276,31.10577077,32.38066950,31.11242318,0,0
13.95000000,32.52090699,31.08142740,32.32864664,31.01447346,0,0
13.96000000,32.68672410,31.05582769,32.36931027,31.02365948,0,0
13.97000000,32.59304619,31.04196970,32.32009501,31.01193446,0,0
13.98000000,32.52234321,31.04978761,32.35220380,30.95404845,0,0
13.99000000,32.47361546,30.97903215,32.14251101,30.94021470,0,0
14.00000000,32.48833965,30.94857250,32.30435516,30.95037353,0,0
14.01000000,32.67551909,30.98851552,32.17472965,30.94141515,0,0
14.02000000,32.52757417,30.97786834,32.25188028,30.93338543,0,0
14.03000000,32.49396403,30.92455470,32.25384208,30.89457474,0,0
14.04000000,32.42569579,30.93590469,32.24758572,30.92636376,0,0
14.05000000,32.51972833,30.88095693,32.26566428,30.86984440,0,0
14.06000000,32.47363084,30.90805802,32.25429812,30.82894406,0,0
14.07000000,32.55801404,30.81853929,32.22160718,30.83017190,0,0
14.08000000,32.43046661,30.85435745,32.17540173,30.82503198,0,0
14.09000000,32.41427869,30.89267131,32.22533545,30.80446140,0,0
14.10000000,32.35524823,30.85308929,32.17115920,30.76780206,0,0
14.11000000,32.42955734,30.84162756,32.18235127,30.71219714,0,0
14.12000000,32.40970153,30.70650146,32.17406461,30.79190273,0,0
14.13000000,32.43321424,30.78907995,32.20302051,30.77854788,0,0
14.14000000,32.29417138,30.79560868,32.18361408,30.83096956,0,0
14.15000000,32.37368614,30.81690514,32.15935018,30.79274521,0,0
14.16000000,32.37296458,30.69940930,32.05065995,30.70301752,0,0
14.17000000,32.37617301,30.72489220,32.17065711,30.70542402,0,0
14.18000000,32.36615764,30.71651543,32.05946315,30.61263704,0,0
14.19000000,32.28258457,30.70992509,32.03272092,30.66136923,0,0
14.20000000,32.32891425,30.68273945,32.07863481,30.66820730,0,0
14.21000000,32.30014001,30.64065350,31.98162286,30.65083410,0,0
14.22000000,32.23886479,30.62015337,32.04123809,30.67188947,0,0
14.23000000,32.36484883,30.60439721,32.07050978,30.61495220,0,0
14.24000000,32.37008931,30.62357413,32.10022633,30.65762160,0,0
14.25000000,32.33567725,30.62372103,32.05312619,30.57894076,0,0
14.26000000,32.18464745,30.58457470,31.99577734,30.58124300,0,0
14.27000000,32.20800733,30.59130344,31.92873735,30.49831828,0,0
14.28000000,32.18056577,30.53288591,31.97432923,30.50741208,0,0
14.29000000,32.23285666,30.55846312,32.02043062,30.44912416,0,0
14.30000000,32.21074881,30.50185634,31.98834642,30.48478218,0,0
14.31000000,32.17170626,30.53207103,31.92893564,30.42894360,0,0
14.32000000,32.12462485,30.53960251,31.92579642,30.47951880,0,0
14.33000000,32.13278908,30.51483783,31.92244300,30.50932888,0,0
14.34000000,32.15844233,30.50736688,31.94580308,30.44343547,0,0
14.35000000,32.10331712,30.44648170,31.92538927,30.44608274,0,0
14.36000000,32.07684232,30.39910628,31.92428646,30.40301316,0,0
14.37000000,32.09146806,30.43795767,31.93917382,30.35934861,0,0
14.38000000,32.09435044,30.44791722,31.84203951,30.39668847,0,0
14.39000000,32.04010428,30.37764147,31.83115868,30.33680590,0,0
14.40000000,32.12134439,30.33472252,31.87630711,30.31869297,0,0
14.41000000,32.05012256,30.27066306,31.78943983,30.33696312,0,0
14.42000000,32.03938852,30.34351033,31.89439813,30.34199212,0,0
14.43000000,32.01782970,30.32434586,31.83657445,30.28031164,0,0
14.44000000,31.92726009,30.37337391,31.85490033,30.29149705,0,0
14.45000000,31.91008372,30.33379659,31.78009211,30.30321036,0,0
14.46000000,31.93490334,30.34473325,31.78737337,30.23690455,0,0
14.47000000,32.03720825,30.26277684,31.62474845,30.23034452,0,0
14.48000000,31.96698651,30.23198477,31.66717679,30.23331480,0,0
14.49000000,31.97090463,30.19472889,31.52922732,30.21564397,0,0
14.50000000,31.86896247,30.23577759,31.60916072,30.17227338,0,0
14.51000000,31.87839069,30.27575348,31.56094059,30.21654497,0,0
14.52000000,31.91488562,30.27851324,31.68749125,30.13216910,0,0
14.53000000,31.88255015,30.21269642,31.69758539,30.19741585,0,0
14.54000000,31.79535845,30.09644813,31.64104856,30.20672999,0,0
14.55000000,31.82593964,30.18251095,31.66133877,30.22347496,0,0
14.56000000,31.81710557,30.21730270,31.66977845,30.20676328,0,0
14.57000000,31.83789017,30.26655529,31.73286021,30.16249930,0,0
14.58000000,31.81987043,30.17505341,31.57174500,30.10279102,0,0
14.59000000,31.84608656,30.11842822,31.61277721,30.07477141,0,0
14.60000000,31.75480214,30.11786609,31.52632129,30.05603742,0,0
14.61000000,31.72746474,30.13506467,31.54602812,30.09510622,0,0
14.62000000,31.75713150,30.12730522,31.55410090,30.08930097,0,0
14.63000000,31.76554542,30.11119229,31.63094149,30.11271039,0,0
14.64000000,31.79146034,30.09922948,31.52674881,30.07945196,0,0
14.65000000,31.71034465,30.06468885,31.52489950,30.07839276,0,0
14.66000000,31.70884481,30.16674468,31.47130243,30.14626545,0,0
14.67000000,31.68423948,30.09859332,31.43121291,30.08359836,0,0
14.68000000,31.75575419,30.07212094,31.47913492,30.03240549,0,0
14.69000000,31.72994512,30.00496351,31.51024637,30.02491525,0,0
14.70000000,31.75262273,30.02811757,31.55693024,29.98987632,0,0
14.71000000,31.66846719,30.14983130,31.48144487,29.95673577,0,0
14.72000000,31.65160128,30.11464381,31.56412738,29.96088207,0,0
14.73000000,31.62593026,30.12484295,31.43466310,29.90287367,0,0
14.74000000,31.72062129,30.06151705,31.39226766,29.96007326,0,0
14.75000000,31.79775887,30.02946663,31.39325728,30.01194132,0,0
14.76000000,31.65010666,30.05301612,31.41519933,30.01474552,0,0
14.77000000,31.59252448,30.03748610,31.43343297,30.01134145,0,0
14.78000000,31.54768508,29.99097742,31.32251204,29.92748687,0,0
14.79000000,31.62485087,30.04571717,31.33539454,29.93168025,0,0
14.80000000,31.68352129,30.02206301,31.30648525,29.89978190,0,0
14.81000000,31.57349649,30.03863722,31.31203948,29.88842562,0,0
14.82000000,31.57673435,29.95202286,31.35509865,29.90563644,0,0
14.83000000,31.51151428,29.95625469,31.36034464,29.88634735,0,0
14.84000000,31.54824147,29.94461616,31.28480054,29.89135749,0,0
14.85000000,31.48030600,29.90121151,31.28636246,29.84033182,0,0
14.86000000,31.51365695,29.88591812,31.25645507,29.88848872,0,0
14.87000000,31.50695295,29.88454262,31.21365656,29.89946403,0,0
14.88000000,31.48480289,29.90969581,31.29401388,29.83539513,0,0
14.89000000,31.45598400,29.89871975,31.23193651,29.79801101,0,0
14.90000000,31.42068269,29.89457904,31.26339508,29.78883271,0,0
14.91000000,31.41084108,29.88347534,31.19985048,29.78043629,0,0
14.92000000,31.40884728,29.88393458,31.21849132,29.75128853,0,0
14.93000000,31.39464564,29.89270408,31.18864763,29.77932971,0,0
14.94000000,31.38841743,29.83263591,31.10761828,29.70071079,0,0
14.95000000,31.41333438,29.75179506,31.18468387,29.75692130,0,0
14.96000000,31.32284393,29.73399916,31.11252261,29.82132419,0,0
14.97000000,31.37926604,29.77197196,31.23112153,29.78772532,0,0
14.98000000,31.30071535,29.72473396,31.08540266,29.79634591,0,0
14.99000000,31.29929531,29.67016808,31.04728007,29.71061710,0,0
15.00000000,31.25671371,29.69257418,31.07496616,29.65682169,0,0
15.01000000,31.23423083,29.74517520,31.03844275,29.68313876,0,0
15.02000000,31.23330422,29.68259653,31.06666812,29.62235153,0,0
15.03000000,31.17282088,29.63719945,31.13955462,29.62670383,0,0
15.04000000,31.18415245,29.53681031,31.03553421,29.64647884,0,0
15.05000000,31.14867718,29.58842472,31.03927968,29.63312299,0,0
15.06000000,31.16038481,29.61246451,30.91831733,29.62075733,0,0
15.07000000,31.10305391,29.61347230,30.90337099,29.57874966,0,0
15.08000000,31.03104979,29.54677327,30.90434208,29.60112012,0,0
15.09000000,31.03342891,29.49672249,30.90722372,29.48857152,0,0
15.10000000,31.09876680,29.54520516,30.89896428,29.55627849,0,0
15.11000000,31.12733953,29.50173954,30.84800383,29.47800108,0,0
15.12000000,31.08510663,29.48601527,30.83913628,29.49055078,0,0
15.13000000,30.95371784,29.47413702,30.85656173,29.48111935,0,0
15.14000000,30.94160526,29.43965329,30.79915326,29.47360255,0,0
15.15000000,31.02229382,29.46314801,30.87519622,29.44182601,0,0
15.16000000,31.01584290,29.46705744,30.77920635,29.39156721,0,0
15.17000000,31.00162057,29.35361299,30.84975895,29.44472286,0,0
15.18000000,30.95600775,29.28757348,30.75001620,29.39535059,0,0
15.19000000,30.86856140,29.24665051,30.63630904,29.40552146,0,0
15.20000000,30.69293956,29.32301216,30.72227469,29.39667213,0,0
15.21000000,30.78703493,29.36581317,30.59623508,29.34343306,0,0
15.22000000,30.81788352,29.47776521,30.63586406,29.34784604,0,0
15.23000000,30.92650951,29.36088866,30.63975358,29.29905931,0,0
15.24000000,30.91259087,29.25175677,30.55062934,29.27429286,0,0
15.25000000,30.77701419,29.18011607,30.62002111,29.30830341,0,0
15.26000000,30.71619906,29.20952210,30.57460129,29.32147546,0,0
15.27000000,30.67635185,29.33711915,30.56845818,29.25699202,0,0
15.28000000,30.70488965,29.28642605,30.48955678,29.18906196,0,0
15.29000000,30.67502989,29.23265778,30.51821980,29.20007052,0,0
15.30000000,30.75753221,29.15977915,30.46283518,29.14789440,0,0
15.31000000,30.72845799,29.13167490,30.50168459,29.09826877,0,0
15.32000000,30.75271385,29.19141836,30.46052566,29.13810460,0,0
15.33000000,30.61840198,29.12440301,30.50933881,29.08068869,0,0
15.34000000,30.55794587,29.13125643,30.44729896,29.06383716,0,0
15.35000000,30.57486567,29.09832413,30.44529173,29.06628314,0,0
15.36000000,30.60786320,29.12878994,30.42210091,29.08594972,0,0
15.37000000,30.69120820,29.13889206,30.36094756,29.03316634,0,0
15.38000000,30.58105073,29.06470771,30.38784195,29.05248115,0,0
15.39000000,30.45512698,28.98571284,30.27421055,29.04672475,0,0
15.40000000,30.47161211,29.02738784,30.26325374,29.05630659,0,0
15.41000000,30.50343636,29.02672831,30.33157976,29.06973991,0,0
15.42000000,30.52988193,28.96147925,30.23953240,28.98741721,0,0
15.43000000,30.56716825,28.95357355,30.27657524,28.96106475,0,0
15.44000000,30.43585878,28.94881214,30.29378918,28.93751398,0,0
15.45000000,30.42720632,28.94078220,30.29960776,28.95795909,0,0
15.46000000,30.34760903,28.96624404,30.35900512,29.00430276,0,0
15.47000000,30.27169603,28.91319358,30.35665045,28.98185673,0,0
15.48000000,30.28369364,28.82738465,30.19252947,28.95025444,0,0
15.49000000,30.31015563,28.84046442,30.20562251,28.85266509,0,0
15.50000000,30.39695255,28.81390906,30.00051755,28.76148283,0,0
15.51000000,30.46919542,28.85532246,30.02028101,28.76624955,0,0
15.52000000,30.37904898,28.82197496,30.04709774,28.72567891,0,0
15.53000000,30.31238010,28.78559532,30.06969938,28.68927959,0,0
15.54000000,30.19332879,28.77217348,30.10577946,28.67901085,0,0
15.55000000,30.18921802,28.72471500,30.02189040,28.67438756,0,0
15.56000000,30.22873241,28.71049769,29.92740993,28.65715607,0,0
15.57000000,30.16743393,28.74919813,29.95726983,28.67079771,0,0
15.58000000,30.10018786,28.74415893,29.88256832,28.68898561,0,0
15.59000000,30.19359853,28.79574251,29.95968263,28.62017651,0,0
15.60000000,30.29255464,28.71066371,29.82856411,28.69511090,0,0
15.61000000,30.26583705,28.65535328,29.86651340,28.69610926,0,0
15.62000000,30.15597557,28.60242388,29.92353399,28.66490629,0,0
15.63000000,29.95231393,28.60086971,29.88727522,28.63033607,0,0
15.64000000,30.05527351,28.60748952,29.91509141,28.55553442,0,0
15.65000000,30.09612276,28.59112525,29.91506658,28.54640624,0,0
15.66000000,30.12553234,28.56451308,29.87152854,28.54563556,0,0
15.67000000,30.00771474,28.52459121,29.81442696,28.51770728,0,0
15.68000000,29.96599035,28.53623169,29.82521714,28.56150607,0,0
15.69000000,29.96677528,28.50392096,29.74688256,28.55098735,0,0
15.70000000,29.95166570,28.48907466,29.73947305,28.52052580,0,0
15.71000000,29.95834305,28.44859229,29.77425322,28.45612105,0,0
15.72000000,29.97386459,28.37989343,29.79237391,28.44376395,0,0
15.73000000,29.98069448,28.43818358,29.82172686,28.43485001,0,0
15.74000000,29.95842382,28.44477187,29.78725263,28.40232959,0,0
15.75000000,29.86907564,28.44342932,29.88040677,28.34491193,0,0
15.76000000,29.87129388,28.34444395,29.75715208,28.37208235,0,0
15.77000000,29.95821121,28.30128939,29.75028426,28.36276544,0,0
15.78000000,29.94751322,28.31010850,29.57383449,28.38318105,0,0
15.79000000,29.92686909,28.33842266,29.56844419,28.39518623,0,0
15.80000000,29.83086816,28.31680780,29.59607156,28.36183771,0,0
15.81000000,29.77518996,28.31354231,29.57591463,28.25692146,0,0
15.82000000,29.85435606,28.29144099,29.59321560,28.27859065,0,0
15.83000000,29.85305858,28.26124501,29.67145601,28.27063011,0,0
15.84000000,29.79853556,28.24242373,29.54233903,28.23724680,0,0
15.85000000,29.76658309,28.16727224,29.59757088,28.24521223,0,0
15.86000000,29.77685037,28.16886165,29.49037166,28.14841230,0,0
15.87000000,29.76850492,28.22179900,29.42353243,28.05796304,0,0
15.88000000,29.70799688,28.21807341,29.39244240,28.02082015,0,0
15.89000000,29.66342293,28.15317662,29.31649048,27.96894697,0,0
15.90000000,29.61960700,28.12325957,29.40583781,28.01207546,0,0
15.91000000,29.60305230,28.03441867,29.44407103,28.06894185,0,0
15.92000000,29.56967533,28.06728376,29.45332811,28.12400483,0,0
15.93000000,29.57660381,28.03960372,29.39459166,28.12177048,0,0
15.94000000,29.57546199,28.01981267,29.35880220,28.08254563,0,0
15.95000000,29.54960247,27.99187659,29.37473421,28.07359232,0,0
15.96000000,29.48180784,27.94517917,29.41438643,28.06932410,0,0
15.97000000,29.45631710,27.97815564,29.39922764,28.01777636,0,0
15.98000000,29.50956912,27.99701145,29.34945238,27.97336908,0,0
15.99000000,29.50539657,27.99526862,29.31289204,27.94393980,0,0
16.00000000,29.48854904,27.91999451,29.28887494,27.92487247,0,0
16.01000000,29.41805534,27.89364311,29.28970350,27.89184472,0,0
16.02000000,29.38572232,27.89706920,29.23865548,27.87323609,0,0
16.03000000,29.40855706,27.92860436,29.12204241,27.85426988,0,0
16.04000000,29.40728081,27.92215591,29.22881130,27.83966680,0,0
16.05000000,29.38373827,27.85448275,29.15267295,27.88115615,0,0
16.06000000,29.31211360,27.80822851,29.12922860,27.83536087,0,0
16.07000000,29.33061371,27.81404747,29.18888752,27.86187127,0,0
16.08000000,29.32604445,27.81824709,29.16604686,27.83001758,0,0
16.09000000,29.28061815,27.80890380,29.17430519,27.76925865,0,0
16.10000000,29.29822968,27.78797141,29.12271587,27.73525909,0,0
16.11000000,29.27329069,27.75300481,29.06543097,27.70522796,0,0
16.12000000,29.26155153,27.73560816,28.99524273,27.68393665,0,0
16.13000000,29.21627064,27.72850559,29.00933925,27.69129751,0,0
16.14000000,29.20287622,27.70834214,28.96894464,27.71567796,0,0
16.15000000,29.17118124,27.70373559,28.98038277,27.70884933,0,0
16.16000000,29.20165258,27.65601451,28.95932924,27.65250765,0,0
16.17000000,29.16918889,27.63182170,28.95828556,27.62624930,0,0
16.18000000,29.11770384,27.61412372,29.00731725,27.66511686,0,0
16.19000000,29.13282787,27.64369886,28.94994554,27.58425322,0,0
16.20000000,29.13038049,27.61922302,28.95583847,27.56447166,0,0
16.21000000,29.11751596,27.61220641,28.91966310,27.52996268,0,0
16.22000000,29.08843178,27.55861059,28.88692199,27.50803728,0,0
16.23000000,29.06312855,27.52310184,28.96013960,27.51951435,0,0
16.24000000,29.01631538,27.53951203,28.80946230,27.49416091,0,0
16.25000000,29.04324417,27.54174090,28.74556889,27.49504160,0,0
16.26000000,29.01194927,27.54731850,28.78140980,27.42105453,0,0
16.27000000,29.00440778,27.53592370,28.73816820,27.42162818,0,0
16.28000000,29.00274126,27.46765603,28.77179692,27.47269788,0,0
16.29000000,28.96019853,27.47185728,28.75954213,27.45184900,0,0
16.30000000,28.96276484,27.45519662,28.75931784,27.46761900,0,0
16.31000000,28.88229779,27.42540750,28.70826617,27.43878688,0,0
16.32000000,28.86090422,27.40231362,28.68791684,27.36214946,0,0
16.33000000,28.83459538,27.38395806,28.63225176,27.33971602,0,0
16.34000000,28.89084534,27.36326002,28.61953127,27.29092926,0,0
16.35000000,28.90719916,27.33459111,28.62138827,27.30669641,0,0
16.36000000,28.90130190,27.29271480,28.60341173,27.31051113,0,0
16.37000000,28.77451115,27.27323073,28.59427053,27.30608458,0,0
16.38000000,28.77867059,27.28738528,28.55293215,27.28712996,0,0
16.39000000,28.74365729,27.26785561,28.57104909,27.21355431,0,0
16.40000000,28.80035066,27.23432244,28.59798541,27.21122174,0,0
16.41000000,28.86105289,27.18030038,28.53573970,27.22620117,0,0
16.42000000,28.79164154,27.19744965,28.55192746,27.17338924,0,0
16.43000000,28.74469658,27.21978837,28.52130584,27.12858954,0,0
16.44000000,28.71358384,27.22806791,28.50608694,27.09330536,0,0
16.45000000,28.70233030,27.17008422,28.58923032,27.06813308,0,0
16.46000000,28.69018280,27.10877249,28.44641068,27.10117057,0,0
16.47000000,28.74980048,27.14050614,28.37874386,27.09408027,0,0
16.48000000,28.70671948,27.15308085,28.45143549,27.06346669,0,0
16.49000000,28.71866985,27.15397212,28.41918374,27.00738182,0,0
16.50000000,28.66636986,27.11350287,28.44086705,27.00817610,0,0
16.51000000,28.67833384,27.02711159,28.47342797,27.05131164,0,0
16.52000000,28.63178276,27.09366595,28.41574515,27.04565991,0,0
16.53000000,28.60003127,27.16366725,28.42315498,27.06453397,0,0
16.54000000,28.59678346,27.15459115,28.41412299,27.04162207,0,0
16.55000000,28.63071993,27.08209098,28.37005144,26.95043457,0,0
16.56000000,28.64778903,27.03580282,28.32048964,26.94430855,0,0
16.57000000,28.60948912,27.04468433,28.31089771,26.96921835,0,0
16.58000000,28.60899209,27.05965558,28.33856285,26.90507328,0,0
16.59000000,28.56926351,27.06040822,28.32498827,26.91584932,0,0
16.60000000,28.61277128,27.02775223,28.33846714,26.90594624,0,0
16.61000000,28.57646486,27.00912350,28.31942602,26.90564660,0,0
16.62000000,28.53719916,27.00420566,28.32282288,26.91753799,0,0
16.63000000,28.56617848,27.01623594,28.26185637,26.90912052,0,0
16.64000000,28.59989577,27.01263878,28.28129023,26.94177099,0,0
16.65000000,28.58660281,26.99874705,28.31085960,26.91646870,0,0
16.66000000,28.59280987,26.97860050,28.30745915,26.87162951,0,0
16.67000000,28.52036114,26.95345165,28.36657851,26.86806550,0,0
16.68000000,28.46655405,26.94876055,28.31522071,26.87329654,0,0
16.69000000,28.52910906,26.92711180,28.20679195,26.88755116,0,0
16.70000000,28.51619667,26.97492338,28.27607579,26.86336623,0,0
16.71000000,28.53460894,27.00438156,28.26319797,26.87927806,0,0
16.72000000,28.57248216,26.99204225,28.27512111,26.84901145,0,0
16.73000000,28.55166818,26.97013500,28.32808505,26.82539340,0,0
16.74000000,28.51839440,26.91711557,28.29646766,26.90462054,0,0
16.75000000,28.43649050,26.97355519,28.28920287,26.89559511,0,0
16.76000000,28.44533673,26.98779810,28.26024825,26.89101474,0,0
16.77000000,28.47198270,26.92644726,28.25629383,26.91578458,0,0
16.78000000,28.49353372,26.86770821,28.17454928,26.84721432,0,0
16.79000000,28.46848533,26.85825117,28.18538512,26.84953110,0,0
16.80000000,28.45621853,26.87872618,28.21139544,26.85793007,0,0
16.81000000,28.46276414,26.91846562,28.23034336,26.81438980,0,0
16.82000000,28.47167051,26.95199191,28.21747796,26.78436869,0,0
16.83000000,28.46562933,26.90920074,28.17672697,26.76012324,0,0
16.84000000,28.43713470,26.87712304,28.18839500,26.76558252,0,0
16.85000000,28.51370741,26.87989649,28.19215880,26.77130534,0,0
16.86000000,28.54930184,26.88179067,28.18953307,26.76860283,0,0
16.87000000,28.47181714,26.86897956,28.19972493,26.78032149,0,0
16.88000000,28.42179830,26.83813502,28.19182865,26.79200654,0,0
16.89000000,28.36611770,26.82171085,28.21696354,26.75780438,0,0
16.90000000,28.43465485,26.82448182,28.20122768,26.72199448,0,0
16.91000000,28.45874900,26.81702747,28.10612662,26.70532702,0,0
16.92000000,28.40848690,26.83120887,28.17483534,26.70532299,0,0
16.93000000,28.39278323,26.81226843,28.14186794,26.69898628,0,0
16.94000000,28.40073256,26.79537507,28.09321604,26.69895313,0,0
16.95000000,28.41904461,26.77059186,28.14862408,26.69629734,0,0
16.96000000,28.39259870,26.76980287,28.17796990,26.66874334,0,0
16.97000000,28.33875685,26.77581699,28.19106948,26.70527962,0,0
16.98000000,28.34770645,26.79299900,28.14204265,26.73263836,0,0
16.99000000,28.32484422,26.80561337,28.12148107,26.71594216,0,0
17.00000000,28.30358516,26.68522913,28.07848457,26.75203315,0,0
17.01000000,28.19702534,26.60918007,28.04875847,26.70583295,0,0
17.02000000,28.24405296,26.62800882,28.08558756,26.66850789,0,0
17.03000000,28.28135788,26.69544834,28.11161233,26.63825417,0,0
17.04000000,28.33370693,26.70743507,28.10027825,26.58357350,0,0
17.05000000,28.32024097,26.71264968,28.05801396,26.54386310,0,0
17.06000000,28.22872313,26.68562907,28.06310042,26.57535606,0,0
17.07000000,28.27210951,26.63565585,28.06566861,26.60028714,0,0
17.08000000,28.31537609,26.67408511,28.04722536,26.63514989,0,0
17.09000000,28.33401583,26.67722726,28.07915525,26.58558285,0,0
17.10000000,28.28412455,26.64567945,28.02339136,26.54646633,0,0
17.11000000,28.20538854,26.64919112,28.02062455,26.56353383,0,0
17.12000000,28.21214767,26.64299030,28.08801773,26.55952421,0,0
17.13000000,28.25014066,26.64071829,27.99581716,26.53732105,0,0
17.14000000,28.24323180,26.64446571,27.94810233,26.55534806,0,0
17.15000000,28.18159942,26.64460260,27.97434676,26.50321177,0,0
17.16000000,28.17397421,26.63757985,27.94001016,26.52929717,0,0
17.17000000,28.19676854,26.67282244,27.98390958,26.51436111,0,0
17.18000000,28.20353782,26.64869111,28.02795036,26.53303936,0,0
17.19000000,28.15417126,26.63551657,28.01633190,26.53949485,0,0
17.20000000,28.11021371,26.60517851,27.97035549,26.49183869,0,0
17.21000000,28.11980768,26.58241153,27.95772067,26.51255606,0,0
17.22000000,28.15221991,26.56978868,27.90104841,26.53855263,0,0
17.23000000,28.10916398,26.61876187,27.86921096,26.51629293,0,0
17.24000000,28.10023620,26.58926354,27.86488947,26.58364638,0,0
17.25000000,28.07754323,26.56131575,27.87069171,26.55231290,0,0
17.26000000,28.09029392,26.56709546,27.86496193,26.50628449,0,0
17.27000000,28.10236289,26.57001398,27.81809398,26.50624515,0,0
17.28000000,28.04541921,26.59099229,27.80804960,26.47250151,0,0
17.29000000,28.03272012,26.59200460,27.83498175,26.43869577,0,0
17.30000000,28.04737465,26.52455911,27.85058102,26.45932264,0,0
17.31000000,28.05553562,26.49425848,27.81976334,26.48617873,0,0
17.32000000,28.06226709,26.52265201,27.79573214,26.48499471,0,0
17.33000000,28.03570114,26.53990625,27.79783781,26.45574823,0,0
17.34000000,27.98348380,26.51298673,27.79622361,26.43690450,0,0
17.35000000,27.99522528,26.49880383,27.81088868,26.46705851,0,0
17.36000000,28.03040611,26.51564009,27.72212872,26.44921629,0,0
17.37000000,27.98599808,26.51812144,27.72784151,26.40043117,0,0
17.38000000,27.89928142,26.47504734,27.73112677,26.39108742,0,0
17.39000000,27.91255078,26.44805682,27.69818393,26.36340501,0,0
17.40000000,27.96602297,26.42139899,27.77254535,26.39501224,0,0
17.41000000,28.00388839,26.47699556,27.77884205,26.39129256,0,0
17.42000000,27.92664873,26.50187279,27.73343127,26.39662449,0,0
17.43000000,27.84359264,26.48921311,27.70371525,26.36467529,0,0
17.44000000,27.84418486,26.45341747,27.69144441,26.33362947,0,0
17.45000000,27.92573092,26.40079571,27.69512441,26.37957809,0,0
17.46000000,27.95049768,26.42598721,27.63218742,26.37608427,0,0
17.47000000,27.91255125,26.44879558,27.64107752,26.38859612,0,0
17.48000000,27.85880571,26.41764992,27.61584657,26.35300668,0,0
17.49000000,27.86677757,26.39010315,27.64436033,26.28125621,0,0
17.50000000,27.90007358,26.36442067,27.62756932,26.26664606,0,0
17.51000000,27.86574238,26.37599348,27.59776687,26.28315015,0,0
17.52000000,27.84319615,26.37152463,27.60445180,26.29642979,0,0
17.53000000,27.83487914,26.36754423,27.61313226,26.31614784,0,0
17.54000000,27.84233779,26.32781511,27.65749099,26.32377787,0,0
17.55000000,27.85890894,26.28512956,27.63428620,26.33686083,0,0
17.56000000,27.81562298,26.28259630,27.59112961,26.29719599,0,0
17.57000000,27.77009743,26.29824262,27.63975920,26.27436031,0,0
17.58000000,27.77816860,26.33024226,27.56635843,26.25588306,0,0
17.59000000,27.81697401,26.32086043,27.51841270,26.25816383,0,0
17.60000000,27.78949745,26.28496770,27.57103334,26.22803827,0,0
17.61000000,27.77016792,26.29688103,27.53742805,26.19993614,0,0
17.62000000,27.73598298,26.30274864,27.51099916,26.18900460,0,0
17.63000000,27.71880727,26.28957029,27.54931664,26.20262306,0,0
17.64000000,27.72242873,26.26685380,27.57115128,26.19897288,0,0
17.65000000,27.75993573,26.24757700,27.56246593,26.18919416,0,0
17.66000000,27.77505558,26.23938740,27.52236768,26.18874222,0,0
17.67000000,27.74221990,26.26895125,27.49667518,26.16578448,0,0
17.68000000,27.68600168,26.31496214,27.48796330,26.15741229,0,0
17.69000000,27.67810386,26.27583848,27.46550745,26.17521690,0,0
17.70000000,27.71465450,26.25480907,27.46363365,26.19495616,0,0
17.71000000,27.71947567,26.22725427,27.45960570,26.18701280,0,0
17.72000000,27.71708286,26.18912432,27.45420369,26.18949351,0,0
17.73000000,27.64315627,26.20994867,27.45370595,26.13891442,0,0
17.74000000,27.62666331,26.22361769,27.44152966,26.08671919,0,0
17.75000000,27.65351171,26.20366608,27.43385707,26.09446907,0,0
17.76000000,27.67875225,26.20122555,27.38321907,26.07818683,0,0
17.77000000,27.67744127,26.18017008,27.44623310,26.09338050,0,0
17.78000000,27.65215557,26.18269380,27.41381081,26.10926228,0,0
17.79000000,27.59829116,26.15423668,27.41089539,26.10939000,0,0
17.80000000,27.60551602,26.13987412,27.43153053,26.10650877,0,0
17.81000000,27.65711757,26.13335471,27.37517069,26.06635602,0,0
17.82000000,27.67184739,26.14884388,27.33616306,26.08252350,0,0
17.83000000,27.62892843,26.13188435,27.37764054,26.10311201,0,0
17.84000000,27.57474554,26.12857268,27.36977008,26.10077043,0,0
17.85000000,27.57749488,26.14534928,27.34656710,26.08394429,0,0
17.86000000,27.59739371,26.15163852,27.39654825,26.06485473,0,0
17.87000000,27.59870870,26.12007629,27.43738868,26.05247915,0,0
17.88000000,27.59463680,26.09267793,27.38789981,26.05718260,0,0
17.89000000,27.56804495,26.11142375,27.36397496,26.04610427,0,0
17.90000000,27.55910497,26.14336522,27.34354014,26.06004969,0,0
17.91000000,27.53827019,26.15473630,27.33335556,26.04232744,0,0
17.92000000,27.55109352,26.11208486,27.34484512,26.01680992,0,0
17.93000000,27.61002582,26.06028261,27.36859245,26.05435901,0,0
17.94000000,27.62937654,26.08721833,27.33738102,26.05441385,0,0
17.95000000,27.59420823,26.11256795,27.30011471,26.05359302,0,0
17.96000000,27.49616736,26.11723089,27.26745222,26.05697548,0,0
17.97000000,27.45788719,26.06476874,27.29238082,26.01530620,0,0
17.98000000,27.54544938,26.01723466,27.33694337,25.98096594,0,0
17.99000000,27.61512100,26.06288008,27.31914701,25.99451405,0,0
18.00000000,27.56993121,26.11753637,27.31551387,25.99254902,0,0
18.01000000,27.49646454,26.11303463,27.28096759,25.95910680,0,0
18.02000000,27.45149608,26.02147604,27.28049133,25.97365849,0,0
18.03000000,27.52009440,25.98800080,27.37831793,25.97631566,0,0
18.04000000,27.61109823,26.03297843,27.29852737,25.98045880,0,0
18.05000000,27.60190846,26.04036230,27.23012588,25.94710711,0,0
18.06000000,27.53168090,26.06520216,27.23927064,25.92805020,0,0
18.07000000,27.48284394,26.09276636,27.20647917,25.95495828,0,0
18.08000000,27.50571328,26.08103182,27.24397647,25.94789831,0,0
18.09000000,27.49683150,26.03615160,27.26999829,25.90471073,0,0
18.10000000,27.46146989,26.00511956,27.27719500,25.91410119,0,0
18.11000000,27.46484996,25.99121636,27.26391011,25.91555287,0,0
18.12000000,27.46488070,25.98978336,27.26116399,25.92323392,0,0
18.13000000,27.46125644,26.03321643,27.25218622,25.93799129,0,0
18.14000000,27.44121792,26.01501523,27.23969297,25.95009456,0,0
18.15000000,27.45055736,26.00415389,27.22642341,25.91023033,0,0
18.16000000,27.47351726,25.96670577,27.22145594,25.88760567,0,0
18.17000000,27.49719286,25.93646983,27.21847808,25.92402179,0,0
18.18000000,27.47981971,25.97668586,27.22460218,25.92618410,0,0
18.19000000,27.42625814,25.97238544,27.20090314,25.92289057,0,0
18.20000000,27.43764870,25.93103833,27.20953713,25.92064949,0,0
18.21000000,27.47605503,25.90872106,27.23928413,25.91623931,0,0
18.22000000,27.47114025,25.91950203,27.23082697,25.86118579,0,0
18.23000000,27.45433781,25.94880598,27.20136020,25.85896871,0,0
18.24000000,27.42407839,25.94329746,27.18580684,25.86077636,0,0
18.25000000,27.40563032,25.91454121,27.21706875,25.82592093,0,0
18.26000000,27.42171099,25.86324584,27.25154113,25.83555599,0,0
18.27000000,27.44952324,25.89765806,27.19545560,25.83667237,0,0
18.28000000,27.43133387,25.93064071,27.12408693,25.85128326,0,0
18.29000000,27.45044119,25.91063408,27.14718348,25.84715338,0,0
18.30000000,27.46142068,25.86466713,27.12998706,25.79498940,0,0
18.31000000,27.44515211,25.84532047,27.15133402,25.80547628,0,0
18.32000000,27.39393133,25.87545406,27.19044011,25.84835234,0,0
18.33000000,27.35261162,25.92843983,27.19020165,25.80946014,0,0
18.34000000,27.37912788,25.92614909,27.17579831,25.77505773,0,0
18.35000000,27.40469388,25.87723794,27.16953420,25.76427293,0,0
18.36000000,27.41622583,25.82786454,27.17078257,25.75205776,0,0
18.37000000,27.36822589,25.82517200,27.17449804,25.76482341,0,0
18.38000000,27.37297087,25.84170715,27.16498593,25.74564557,0,0
18.39000000,27.36748086,25.88141904,27.15683018,25.72021954,0,0
18.40000000,27.38212553,25.89740544,27.15635043,25.67674172,0,0
18.41000000,27.36009436,25.86142812,27.13199267,25.68475793,0,0
18.42000000,27.29802792,25.84259711,27.10628073,25.76066778,0,0
18.43000000,27.32105322,25.84670898,27.11523179,25.78211463,0,0
18.44000000,27.39830073,25.82342474,27.14649010,25.78983089,0,0
18.45000000,27.42311335,25.78871442,27.12440125,25.79556436,0,0
18.46000000,27.37504319,25.80574456,27.12053284,25.76277473,0,0
18.47000000,27.31758486,25.83443759,27.12173461,25.70463844,0,0
18.48000000,27.28051315,25.84772592,27.07962896,25.72497796,0,0
18.49000000,27.27428669,25.84001001,27.11392616,25.71726736,0,0
18.50000000,27.32949487,25.79951371,27.13813587,25.69958005,0,0
18.51000000,27.35535187,25.76771463,27.02091297,25.71937976,0,0
18.52000000,27.34219366,25.79437142,27.02986777,25.71588707,0,0
18.53000000,27.30536324,25.79697568,27.05077440,25.72959149,0,0
18.54000000,27.30563391,25.76454850,27.03329722,25.70079467,0,0
18.55000000,27.31181723,25.75454683,27.07763394,25.69199795,0,0
18.56000000,27.31838965,25.75089924,27.09581970,25.72962014,0,0
18.57000000,27.26895423,25.76580921,27.07720222,25.68780790,0,0
18.58000000,27.23724564,25.79791234,27.05985001,25.65694886,0,0
18.59000000,27.23875020,25.78765424,27.04223434,25.64393676,0,0
18.60000000,27.23764756,25.74265881,27.03257115,25.63837146,0,0
18.61000000,27.26628273,25.72263376,27.01215850,25.64397527,0,0
18.62000000,27.26227543,25.73754535,27.02129622,25.63974437,0,0
18.63000000,27.27051362,25.73522671,27.05153896,25.65301149,0,0
18.64000000,27.26214383,25.75975003,27.04928391,25.62389832,0,0
18.65000000,27.22104667,25.77096782,27.00971538,25.60999129,0,0
18.66000000,27.23346039,25.71582483,26.96316798,25.66896977,0,0
18.67000000,27.26455516,25.71076024,27.00667881,25.69035550,0,0
18.68000000,27.23213579,25.73366982,27.01533171,25.67589657,0,0
18.69000000,27.21396941,25.70443374,27.00139565,25.67481539,0,0
18.70000000,27.21239623,25.66768483,27.02299282,25.64435933,0,0
18.71000000,27.21386554,25.68322344,26.97905337,25.58164828,0,0
18.72000000,27.21048952,25.70494356,26.96337012,25.58623384,0,0
18.73000000,27.20621748,25.70366584,26.98998966,25.58344606,0,0
18.74000000,27.20277712,25.68861165,26.90501998,25.57643097,0,0
18.75000000,27.22232105,25.66621979,26.88779488,25.56416684,0,0
18.76000000,27.21618746,25.64131287,26.90805316,25.57529497,0,0
18.77000000,27.17777679,25.63644454,26.91281534,25.60551901,0,0
18.78000000,27.10809252,25.59228300,26.95391205,25.59599999,0,0
18.79000000,27.05694249,25.53693155,26.99550624,25.56309417,0,0
18.80000000,27.08199741,25.51919000,26.96725935,25.54773140,0,0
18.81000000,27.12489641,25.56672810,26.92513277,25.53422794,0,0
18.82000000,27.13100579,25.63388984,26.88283931,25.50332258,0,0
18.83000000,27.10615905,25.63485857,26.84882759,25.47255046,0,0
18.84000000,27.08721126,25.59192864,26.84895361,25.49720504,0,0
18.85000000,27.13873725,25.54661820,26.86375163,25.51224647,0,0
18.86000000,27.15154971,25.57771409,26.86364184,25.46629494,0,0
18.87000000,27.12779456,25.60543956,26.86433028,25.48142100,0,0
18.88000000,27.04378876,25.59138882,26.87476066,25.47141560,0,0
18.89000000,27.00479731,25.57725828,26.83842957,25.43038936,0,0
18.90000000,27.07299216,25.55715962,26.86809916,25.43521683,0,0
18.91000000,27.09919759,25.54951468,26.88899877,25.49144460,0,0
18.92000000,27.07612334,25.54826479,26.83131897,25.49702553,0,0
18.93000000,27.03814031,25.53344368,26.80187945,25.50237121,0,0
18.94000000,27.01390498,25.49029675,26.79575547,25.51493823,0,0
18.95000000,27.00962297,25.50693980,26.75252272,25.46548868,0,0
18.96000000,27.04770776,25.52081412,26.80762242,25.42920899,0,0
18.97000000,27.05027684,25.51165332,26.79537548,25.43539128,0,0
18.98000000,26.98643331,25.49416263,26.74737628,25.39433918,0,0
18.99000000,26.99015139,25.46169025,26.78624545,25.39290338,0,0
19.00000000,27.00404094,25.45451177,26.74265714,25.39460287,0,0
19.01000000,27.00217973,25.45900784,26.71983204,25.38437367,0,0
19.02000000,26.96787416,25.43844162,26.75179751,25.40025868,0,0
19.03000000,26.95398307,25.41888560,26.77480036,25.40251896,0,0
19.04000000,26.98366381,25.46877790,26.76283792,25.36124004,0,0
19.05000000,27.03517084,25.49920297,26.73376281,25.38226338,0,0
19.06000000,26.99502709,25.45257598,26.69336830,25.36975437,0,0
19.07000000,26.94856309,25.38892565,26.67055255,25.34862399,0,0
19.08000000,26.90550386,25.39223430,26.68970761,25.33999068,0,0
19.09000000,26.91458944,25.41794376,26.72812479,25.31608706,0,0
19.10000000,26.97639216,25.45057870,26.72497902,25.32061807,0,0
19.11000000,26.94090645,25.41347298,26.69415039,25.30779080,0,0
19.12000000,26.88305287,25.36490030,26.65239028,25.29671209,0,0
19.13000000,26.89367135,25.39058498,26.63864763,25.28336358,0,0
19.14000000,26.92415460,25.40698230,26.71078129,25.23969548,0,0
19.15000000,26.92507375,25.40404552,26.70234184,25.26419179,0,0
19.16000000,26.91620215,25.39552004,26.66731641,25.31784693,0,0
19.17000000,26.86849629,25.35170747,26.67098189,25.31249354,0,0
19.18000000,26.82933195,25.33065556,26.63495913,25.33386115,0,0
19.19000000,26.85565377,25.36505256,26.64465300,25.31900646,0,0
19.20000000,26.89406922,25.35544875,26.70515120,25.26289465,0,0
19.21000000,26.87484859,25.35009383,26.62198666,25.24064223,0,0
19.22000000,26.85423533,25.33524724,26.57366786,25.25505367,0,0
19.23000000,26.85036007,25.32835606,26.59153010,25.23115250,0,0
19.24000000,26.85262931,25.31485817,26.56914038,25.22702812,0,0
19.25000000,26.82224145,25.30443578,26.56674820,25.20964343,0,0
19.26000000,26.80781022,25.28553963,26.60810162,25.22223563,0,0
19.27000000,26.80286084,25.25061168,26.62421154,25.23481698,0,0
19.28000000,26.81749530,25.26124017,26.62232256,25.21074395,0,0
19.29000000,26.76978486,25.29030345,26.59021316,25.19029886,0,0
19.30000000,26.74324950,25.28795035,26.57280543,25.18794746,0,0
19.31000000,26.76238931,25.27386230,26.53674951,25.18273937,0,0
19.32000000,26.80405165,25.25179757,26.53700789,25.18268779,0,0
19.33000000,26.81687597,25.22181082,26.54822293,25.16778233,0,0
19.34000000,26.78782628,25.21576445,26.51664619,25.14973784,0,0
19.35000000,26.72114270,25.20067220,26.48537017,25.11753807,0,0
19.36000000,26.72079652,25.24742688,26.45024404,25.06315093,0,0
19.37000000,26.78775111,25.23448181,26.49928916,25.06042050,0,0
19.38000000,26.76740691,25.20217060,26.55353450,25.07906778,0,0
19.39000000,26.72910075,25.16380100,26.55495627,25.07270586,0,0
19.40000000,26.70305321,25.17198522,26.54167196,25.09845760,0,0
19.41000000,26.65545136,25.22709748,26.50694062,25.15433946,0,0
19.42000000,26.66299792,25.21181217,26.44829498,25.12224778,0,0
19.43000000,26.69428602,25.19317949,26.51452304,25.11235848,0,0
19.44000000,26.70475288,25.15761107,26.50122030,25.12878384,0,0
19.45000000,26.70907424,25.15346215,26.37817621,25.11101546,0,0
19.46000000,26.69500820,25.14996129,26.40058876,25.08858431,0,0
19.47000000,26.67581841,25.18328231,26.39219476,25.06707139,0,0
19.48000000,26.68159782,25.17151196,26.38549533,25.03154799,0,0
19.49000000,26.64696249,25.14282644,26.42951585,25.02594863,0,0
19.50000000,26.58448470,25.09103262,26.45150691,25.03372859,0,0
19.51000000,26.58501569,25.08203435,26.41480680,25.03102318,0,0
19.52000000,26.60783048,25.09355835,26.40856299,25.03457440,0,0
19.53000000,26.59187815,25.10151557,26.38119174,25.02838405,0,0
19.54000000,26.62742840,25.08817776,26.38012216,24.98792164,0,0
19.55000000,26.62995482,25.09105377,26.34511924,25.04342571,0,0
19.56000000,26.62483328,25.07747141,26.35487965,25.04359253,0,0
19.57000000,26.62822969,25.04431405,26.36629766,25.00971193,0,0
19.58000000,26.54611292,25.04711164,26.39441024,24.97608278,0,0
19.59000000,26.49650030,25.04508333,26.37577646,24.95526518,0,0
19.60000000,26.54007861,25.03791818,26.35271870,24.95204682,0,0
19.61000000,26.59433981,25.04478858,26.35220309,24.96036120,0,0
19.62000000,26.59854949,25.03369825,26.36631823,24.94527495,0,0
19.63000000,26.59517103,25.02203841,26.34614984,24.94548578,0,0
19.64000000,26.51207067,25.03018314,26.32299952,24.91108811,0,0
19.65000000,26.48095258,25.01632046,26.30522614,24.93021892,0,0
19.66000000,26.52800008,25.04294688,26.24330853,24.98672445,0,0
19.67000000,26.53787727,25.05201519,26.32015359,24.96114207,0,0
19.68000000,26.50935676,25.01677952,26.32250849,24.96634473,0,0
19.69000000,26.47340867,24.96111537,26.23083711,24.95084615,0,0
19.70000000,26.46801277,24.98230749,26.24541167,24.92220187,0,0
19.71000000,26.51499928,24.98921114,26.24252909,24.90818995,0,0
19.72000000,26.50130571,24.96434001,26.20988745,24.90912503,0,0
19.73000000,26.45229479,24.95584819,26.23339799,24.86267659,0,0
19.74000000,26.40219007,24.96389315,26.27279527,24.85451471,0,0
19.75000000,26.43349917,24.96796045,26.25983877,24.85706089,0,0
19.76000000,26.47556091,24.93654290,26.22486780,24.88596229,0,0
19.77000000,26.43298655,24.90482131,26.19002041,24.88199952,0,0
19.78000000,26.41549405,24.89119463,26.19293276,24.85603501,0,0
19.79000000,26.41527734,24.94193367,26.20627351,24.81518446,0,0
19.80000000,26.45352121,24.96756663,26.21659533,24.81126948,0,0
19.81000000,26.47270990,24.95099566,26.21928002,24.84952936,0,0
19.82000000,26.44097583,24.87663002,26.20546659,24.80001542,0,0
19.83000000,26.40954555,24.88028709,26.19151513,24.79369948,0,0
19.84000000,26.42630177,24.91845898,26.16251562,24.78555137,0,0
19.85000000,26.46274589,24.93331692,26.16819915,24.76628081,0,0
19.86000000,26.43299104,24.94162012,26.16629766,24.76333689,0,0
19.87000000,26.43968671,24.89946018,26.14067906,24.74827326,0,0
19.88000000,26.38132485,24.87318665,26.11504224,24.77846895,0,0
19.89000000,26.32514382,24.90479359,26.14080020,24.76932437,0,0
19.90000000,26.35704244,24.88979675,26.08466525,24.71738575,0,0
19.91000000,26.40565060,24.84671917,26.19541123,24.75395634,0,0
19.92000000,26.43313862,24.85159945,26.14090343,24.79866098,0,0
19.93000000,26.37533427,24.86900613,26.04190073,24.80055671,0,0
19.94000000,26.31739694,24.85094585,26.06687704,24.82278430,0,0
19.95000000,26.32230583,24.84828554,26.06700226,24.80691623,0,0
19.96000000,26.36686118,24.87022137,26.07118330,24.74553246,0,0
19.97000000,26.36027658,24.84890298,26.11958554,24.74022668,0,0
19.98000000,26.33180415,24.82226079,26.14307811,24.76080902,0,0
19.99000000,26.30284829,24.84081577,26.15903400,24.74982859,0,0
20.00000000,26.32591415,24.83307068,26.14436815,24.74443504,0,0
20.01000000,26.33188992,24.78005525,26.13465165,24.75186102,0,0
20.02000000,26.36618210,24.76334367,26.10697113,24.76045601,0,0
20.03000000,26.38224391,24.82866925,26.07131243,24.74061242,0,0
20.04000000,26.41479844,24.89187687,26.08837479,24.73177572,0,0
20.05000000,26.42505667,24.94843319,26.12477186,24.70409574,0,0
20.06000000,26.34045250,24.88825055,26.11704869,24.73368397,0,0
20.07000000,26.29863243,24.84027627,26.07778122,24.70221934,0,0
20.08000000,26.37508376,24.85286021,26.05690164,24.68502097,0,0
20.09000000,26.42371247,24.83800859,26.06217139,24.67439412,0,0
20.10000000,26.39301637,24.84785655,26.14459227,24.67955761,0,0
20.11000000,26.35104381,24.83040410,26.12517497,24.71153798,0,0
20.12000000,26.35192953,24.83335974,26.11744090,24.68455232,0,0
20.13000000,26.34373036,24.83592768,26.12499157,24.67931473,0,0
20.14000000,26.40349473,24.89064155,26.07830158,24.70694316,0,0
20.15000000,26.38897292,24.89805580,26.12443162,24.67247501,0,0
20.16000000,26.37551323,24.87614176,26.18314797,24.68909945,0,0
20.17000000,26.34934881,24.90357813,26.07058185,24.75480153,0,0
20.18000000,26.36880925,24.92422672,26.07219243,24.77195935,0,0
20.19000000,26.39900822,24.94135186,26.09029735,24.78562823,0,0
20.20000000,26.47480999,24.96300704,26.07304602,24.78549931,0,0
20.21000000,26.51769241,24.99734933,26.11785005,24.74829791,0,0
20.22000000,26.49293119,25.01173973,26.15413875,24.71608827,0,0
20.23000000,26.48345970,25.03352959,26.11639654,24.78270489,0,0
20.24000000,26.48434752,25.05470051,26.16546315,24.77728907,0,0
20.25000000,26.48308674,25.02080735,26.15583810,24.77443734,0,0
20.26000000,26.53099729,25.02892243,26.18137962,24.78288899,0,0
20.27000000,26.52986975,25.04659527,26.18893944,24.80909546,0,0
20.28000000,26.55501032,25.06851234,26.15045573,24.82315545,0,0
20.29000000,26.58511145,25.07882482,26.22239871,24.83275577,0,0
20.30000000,26.54670383,25.11334053,26.25876576,24.81848706,0,0
20.31000000,26.57122706,25.12032678,26.29942241,24.87407179,0,0
20.32000000,26.64695305,25.16000339,26.26493564,24.95384476,0,0
20.33000000,26.67903775,25.18945832,26.24568377,24.90707929,0,0
20.34000000,26.67504208,25.18307142,26.35152120,24.90615468,0,0
20.35000000,26.67447891,25.13001998,26.38623998,24.89405174,0,0
20.36000000,26.65842694,25.14076638,26.41506279,24.93284365,0,0
20.37000000,26.69314918,25.25109864,26.45123759,24.97301801,0,0
20.38000000,26.78044518,25.32184028,26.37687710,24.99521633,0,0
20.39000000,26.79507771,25.33838224,26.41822569,25.03223300,0,0
20.40000000,26.80491784,25.31960599,26.49444104,25.01443695,0,0
20.41000000,26.81772488,25.32167775,26.40853118,25.00985915,0,0
20.42000000,26.84758007,25.38929832,26.44630184,25.11265189,0,0
20.43000000,26.90092056,25.43726194,26.48452357,25.17160417,0,0
20.44000000,26.89619213,25.43671536,26.49269110,25.17121724,0,0
20.45000000,26.90273276,25.39624440,26.56341159,25.23550231,0,0
20.46000000,26.91524787,25.45065601,26.62315873,25.21869613,0,0
20.47000000,26.98473273,25.50451073,26.67920890,25.23393112,0,0
20.48000000,27.05832289,25.57077181,26.72294480,25.27198351,0,0
20.49000000,27.06709504,25.58380088,26.74207521,25.29687431,0,0
20.50000000,27.08519812,25.55025523,26.74848564,25.32282900,0,0
20.51000000,27.07722186,25.58070509,26.77058701,25.33475132,0,0
20.52000000,27.08999233,25.57451500,26.79840691,25.40249880,0,0
20.53000000,27.11012972,25.61400159,26.84376953,25.43151275,0,0
20.54000000,27.12552573,25.62926527,26.88390180,25.41009404,0,0
20.55000000,27.22810397,25.68391951,26.91902093,25.42294224,0,0
20.56000000,27.25428058,25.70163009,26.91460485,25.44854082,0,0
20.57000000,27.30998612,25.72872480,26.97158236,25.51410432,0,0
20.58000000,27.33454969,25.75163549,27.01984385,25.51904488,0,0
20.59000000,27.30834853,25.78580179,27.03091466,25.49695022,0,0
20.60000000,27.31914721,25.80406636,27.01740719,25.53812293,0,0
20.61000000,27.37990325,25.84575809,27.07684330,25.55799912,0,0
20.62000000,27.45435495,25.85931620,27.03134954,25.57965577,0,0
20.63000000,27.45089202,25.89401565,27.18225939,25.61347969,0,0
20.64000000,27.46452212,25.93963586,27.15422969,25.65058640,0,0
20.65000000,27.47777271,25.90192421,27.12408773,25.66414322,0,0
20.66000000,27.55515165,25.96477166,27.20570033,25.71665844,0,0
20.67000000,27.55435318,26.02151887,27.22862267,25.81071835,0,0
20.68000000,27.56669214,26.02085900,27.25357305,25.82488889,0,0
20.69000000,27.59423604,26.04519796,27.30752202,25.85024644,0,0
20.70000000,27.65445978,26.04612373,27.33982489,25.86349215,0,0
20.71000000,27.66992104,26.08434759,27.39178253,25.84542941,0,0
20.72000000,27.65034218,26.14815090,27.38811637,25.83141851,0,0
20.73000000,27.69374120,26.18628995,27.40892651,25.86497675,0,0
20.74000000,27.74755192,26.18592349,27.40088909,25.88638788,0,0
20.75000000,27.79752972,26.14586336,27.41120941,25.91632059,0,0
20.76000000,27.75975098,26.19045720,27.48595768,25.92017018,0,0
20.77000000,27.76056634,26.24881799,27.48809436,25.98329459,0,0
20.78000000,27.87377244,26.28817628,27.53496648,26.03078328,0,0
20.79000000,27.95449357,26.32086664,27.53633548,26.00165154,0,0
20.80000000,27.96115578,26.30589292,27.64568749,26.03070851,0,0
20.81000000,27.95355610,26.26022268,27.70834073,26.08354022,0,0
20.82000000,27.91088882,26.30334089,27.73817223,26.13148408,0,0
20.83000000,27.94045870,26.41260690,27.74299177,26.13443260,0,0
20.84000000,28.02440313,26.43850104,27.76661498,26.14634288,0,0
20.85000000,28.05724780,26.44938819,27.72346600,26.17187684,0,0
20.86000000,28.08100374,26.44008485,27.84361937,26.21456792,0,0
20.87000000,28.13424510,26.51814665,27.79868896,26.23225249,0,0
20.88000000,28.10327733,26.56667578,27.76506801,26.26503179,0,0
20.89000000,28.15586216,26.55876676,27.82218582,26.27927525,0,0
20.90000000,28.17191366,26.59512151,27.82687309,26.27601530,0,0
20.91000000,28.23235149,26.62973630,27.88031842,26.34489888,0,0
20.92000000,28.25194931,26.65817422,27.94610237,26.41488436,0,0
20.93000000,28.28281502,26.65096585,27.97094661,26.42784128,0,0
20.94000000,28.23569826,26.70618299,27.98036480,26.45764140,0,0
20.95000000,28.32229937,26.75997235,27.99837341,26.48574523,0,0
20.96000000,28.37251814,26.74151735,28.01784196,26.44997301,0,0
20.97000000,28.40880139,26.79054167,28.01987123,26.51246624,0,0
20.98000000,28.38127819,26.80725632,28.05613162,26.50337838,0,0
20.99000000,28.34322093,26.83921422,28.10469882,26.54630071,0,0
21.00000000,28.43208440,26.86483632,28.15229186,26.57399408,0,0
21.01000000,28.53265176,26.78519902,28.18204843,26.60124472,0,0
21.02000000,28.53551871,26.83765791,28.15341139,26.62953894,0,0
21.03000000,28.54084837,26.88321275,28.22031819,26.62906907,0,0
21.04000000,28.54545409,26.97815990,28.24209017,26.68087554,0,0
21.05000000,28.56256417,26.97319465,28.30247175,26.76901468,0,0
21.06000000,28.63799238,26.98373235,28.35037089,26.76007372,0,0
21.07000000,28.64291719,26.96997673,28.32495728,26.79091906,0,0
21.08000000,28.68233529,26.99001207,28.37102617,26.78702179,0,0
21.09000000,28.70444226,27.09940210,28.43617719,26.79263934,0,0
21.10000000,28.75222776,27.13334098,28.37321866,26.81588796,0,0
21.11000000,28.79872736,27.11259631,28.49609570,26.81750080,0,0
21.12000000,28.81186420,27.10655559,28.50251816,26.89269804,0,0
21.13000000,28.86304248,27.12392252,28.50187151,26.85918240,0,0
21.14000000,28.86361215,27.26233604,28.55776854,26.87643009,0,0
21.15000000,28.87532874,27.30818404,28.60390057,26.95624891,0,0
21.16000000,28.86267082,27.25106303,28.62593874,26.95218612,0,0
21.17000000,28.94541988,27.20191141,28.65330551,27.01118623,0,0
21.18000000,29.00915448,27.29600360,28.65274622,27.04845551,0,0
21.19000000,29.01777374,27.38039788,28.63795436,27.01715757,0,0
21.20000000,29.00157159,27.37982053,28.63442454,27.02510840,0,0
21.21000000,29.01298350,27.37883040,28.70973101,27.07421402,0,0
21.22000000,29.10050041,27.34770386,28.76194415,27.06098531,0,0
21.23000000,29.18098258,27.36650561,28.77065792,27.12064328,0,0
21.24000000,29.19604455,27.42115789,28.76443705,27.14429811,0,0
21.25000000,29.21485799,27.46554907,28.83673612,27.20046516,0,0
21.26000000,29.20782915,27.49041978,28.90917926,27.20969312,0,0
21.27000000,29.22281337,27.48946166,28.94940371,27.21980831,0,0
21.28000000,29.28468678,27.52959697,29.00118713,27.29383941,0,0
21.29000000,29.31488076,27.56372521,28.95418100,27.32338191,0,0
21.30000000,29.32459263,27.61184162,29.01679893,27.37754463,0,0
21.31000000,29.34506735,27.60084822,29.06031491,27.35043105,0,0
21.32000000,29.41040248,27.62614602,29.01700552,27.36829974,0,0
21.33000000,29.46092313,27.66514191,29.10512720,27.41233700,0,0
21.34000000,29.46750353,27.71944193,29.07829964,27.40633891,0,0
21.35000000,29.47467943,27.76929677,29.12171692,27.41855433,0,0
21.36000000,29.52159924,27.76103988,29.21148059,27.45859641,0,0
21.37000000,29.56099120,27.77289131,29.26260207,27.45488444,0,0
21.38000000,29.56617592,27.79549824,29.25165722,27.54479396,0,0
21.39000000,29.59563256,27.82639443,29.26322381,27.56242556,0,0
21.40000000,29.64998005,27.84245356,29.26899062,27.61182991,0,0
21.41000000,29.70608012,27.91365128,29.26236970,27.65664962,0,0
21.42000000,29.67202266,27.95301730,29.33755419,27.62959137,0,0
21.43000000,29.65466053,27.95159487,29.37812533,27.62064263,0,0
21.44000000,29.71845616,27.96919543,29.42206033,27.66949043,0,0
21.45000000,29.77357175,28.05332207,29.44849139,27.66847435,0,0
21.46000000,29.83628364,28.02557184,29.46658084,27.71031701,0,0
21.47000000,29.86519624,28.01455028,29.54386776,27.76717857,0,0
21.48000000,29.82819062,28.06202118,29.53557898,27.79587235,0,0
21.49000000,29.88139963,28.14170354,29.56428309,27.79862385,0,0
21.50000000,29.91288106,28.17692298,29.60695123,27.79793054,0,0
21.51000000,29.96844785,28.17672508,29.56329508,27.84242004,0,0
21.52000000,30.02287938,28.16993298,29.69612370,27.86329079,0,0
21.53000000,30.05616775,28.17806333,29.60147765,27.84399125,0,0
21.54000000,30.04853292,28.25387482,29.62222021,27.83931386,0,0
21.55000000,30.03498769,28.28745717,29.71249968,27.89958003,0,0
21.56000000,30.07065317,28.27346657,29.72080945,27.92105842,0,0
21.57000000,30.12158236,28.31053685,29.80971241,27.98148694,0,0
21.58000000,30.14893129,28.27832676,29.86692930,28.04474895,0,0
21.59000000,30.10157308,28.39256981,29.87102359,28.00706612,0,0
21.60000000,30.15413591,28.44254015,29.86598845,28.05404638,0,0
21.61000000,30.23442860,28.40296847,29.90855115,28.17487157,0,0
21.62000000,30.36655616,28.44516629,29.90287878,28.17731548,0,0
21.63000000,30.30748443,28.41025122,29.92615186,28.27804530,0,0
21.64000000,30.23019418,28.51642725,29.96577613,28.27563207,0,0
21.65000000,30.28135439,28.53674157,30.00712390,28.24800921,0,0
21.66000000,30.35905309,28.59197570,30.05972508,28.28952181,0,0
21.67000000,30.42105103,28.62876368,30.05053024,28.29816948,0,0
21.68000000,30.45922297,28.60197031,30.13248017,28.29773356,0,0
21.69000000,30.40443138,28.57451208,30.14476204,28.35953117,0,0
21.70000000,30.50428762,28.65979684,30.16176860,28.41657978,0,0
21.71000000,30.52212852,28.75879964,30.24907123,28.41962494,0,0
21.72000000,30.55773702,28.75366759,30.17156865,28.41457751,0,0
21.73000000,30.58947515,28.75562689,30.30870858,28.42165404,0,0
21.74000000,30.64306234,28.75184439,30.26955043,28.49840221,0,0
21.75000000,30.66644717,28.81932724,30.27032774,28.50514810,0,0
21.76000000,30.65824818,28.86955733,30.36361982,28.49442647,0,0
21.77000000,30.66930828,28.88974235,30.32298125,28.54673170,0,0
21.78000000,30.74610143,28.89334364,30.40626710,28.56014030,0,0
21.79000000,30.77743919,28.96782030,30.44345302,28.60449849,0,0
21.80000000,30.79072797,28.94121040,30.47266464,28.69103277,0,0
21.81000000,30.79037255,28.97213083,30.49206422,28.66106068,0,0
21.82000000,30.81950792,29.08967190,30.51239105,28.70790359,0,0
21.83000000,30.84991668,29.12241846,30.51407608,28.75149092,0,0
21.84000000,30.89489645,29.09190702,30.53054482,28.78933859,0,0
21.85000000,30.95453376,29.11603587,30.59071389,28.85882994,0,0
21.86000000,30.99867673,29.15174707,30.63901585,28.87974282,0,0
21.87000000,30.98618005,29.18446970,30.64801827,28.86804944,0,0
21.88000000,30.99280023,29.21478376,30.62938440,28.86788221,0,0
21.89000000,31.00464749,29.23174940,30.70645365,28.88958518,0,0
21.90000000,31.03368150,29.27212290,30.70417753,28.89636708,0,0
21.91000000,31.11655090,29.26865375,30.76575036,28.95499044,0,0
21.92000000,31.10570645,29.33558375,30.86971908,29.08276206,0,0
21.93000000,31.14990301,29.39862301,30.93409472,29.10085094,0,0
21.94000000,31.16905861,29.37723717,30.97606494,29.08880884,0,0
21.95000000,31.26042400,29.40138694,30.81806172,29.14671624,0,0
21.96000000,31.30291809,29.48172615,30.95053996,29.15495543,0,0
21.97000000,31.32813378,29.49783337,30.92613770,29.16106637,0,0
21.98000000,31.36084100,29.50121372,30.98849122,29.19658581,0,0
21.99000000,31.29561776,29.57920345,31.00690822,29.17533646,0,0
22.00000000,31.28611404,29.61165055,31.04538076,29.23151352,0,0
22.01000000,31.36304033,29.63019472,31.09188728,29.24080628,0,0
22.02000000,31.47398041,29.61195455,31.09850889,29.29858153,0,0
22.03000000,31.48769414,29.66030245,31.13752220,29.27051470,0,0
22.04000000,31.41018981,29.72728036,31.07374810,29.30889917,0,0
22.05000000,31.42879265,29.77145963,31.16580633,29.43028975,0,0
22.06000000,31.56351575,29.79059173,31.18035284,29.43005824,0,0
22.07000000,31.56903773,29.80233164,31.22126607,29.50834595,0,0
22.08000000,31.61666294,29.81767317,31.20622673,29.49500634,0,0
22.09000000,31.60766076,29.81031470,31.28146995,29.51568751,0,0
22.10000000,31.59853514,29.89135421,31.28110919,29.59842469,0,0
22.11000000,31.65709330,29.89061644,31.31316367,29.53975690,0,0
22.12000000,31.70090154,29.93402058,31.37966590,29.59276907,0,0
22.13000000,31.73852482,29.88251096,31.31733619,29.68323504,0,0
22.14000000,31.76471697,29.95491297,31.50170700,29.74543808,0,0
22.15000000,31.79151384,30.05853202,31.39898345,29.72344146,0,0
22.16000000,31.77122170,30.03404651,31.43949739,29.77410231,0,0
22.17000000,31.80429628,30.07715669,31.48022473,29.79377182,0,0
22.18000000,31.85187362,30.10231957,31.47703037,29.77787098,0,0
22.19000000,31.87402928,30.09162331,31.56047513,29.81301277,0,0
22.20000000,31.88432832,30.13047073,31.62847820,29.82886989,0,0
22.21000000,31.94175269,30.18942930,31.63038723,29.87130566,0,0
22.22000000,31.94616718,30.30996687,31.61079987,29.88096455,0,0
22.23000000,32.01226509,30.22542478,31.60971865,29.93745315,0,0
22.24000000,31.98945301,30.23840968,31.60768902,30.00440662,0,0
22.25000000,32.01490152,30.32557352,31.74006051,29.99780850,0,0
22.26000000,32.06827359,30.34739880,31.80288093,30.10520739,0,0
22.27000000,32.06423314,30.40943318,31.87046065,30.13535447,0,0
22.28000000,32.09499059,30.48524266,31.83461058,30.18403100,0,0
22.29000000,32.11009814,30.43330224,31.85469239,30.20180877,0,0
22.30000000,32.16854397,30.39674487,31.88604122,30.21422614,0,0
22.31000000,32.23674923,30.46324455,31.88155041,30.25080366,0,0
22.32000000,32.22221361,30.63155531,31.95511150,30.19846715,0,0
22.33000000,32.23734808,30.69977697,31.92019761,30.23068535,0,0
22.34000000,32.26756356,30.65177424,32.04914777,30.25800868,0,0
22.35000000,32.35538345,30.67035784,31.95149942,30.34137777,0,0
22.36000000,32.33991154,30.62761232,31.98138703,30.36737393,0,0
22.37000000,32.34073295,30.65432345,32.00660569,30.43429550,0,0
22.38000000,32.37484105,30.67790745,32.03447490,30.49552647,0,0
22.39000000,32.37224832,30.79710161,32.11206190,30.46026145,0,0
22.40000000,32.43466873,30.82945889,32.17691782,30.46704209,0,0
22.41000000,32.46808392,30.79682543,32.15335820,30.50211105,0,0
22.42000000,32.43842571,30.89864069,32.19003916,30.54150974,0,0
22.43000000,32.46716251,30.90606362,32.22813619,30.58841868,0,0
22.44000000,32.49281906,30.92270108,32.17336850,30.68579458,0,0
22.45000000,32.61280671,30.96376396,32.28673201,30.66451636,0,0
22.46000000,32.57210358,30.99696970,32.26639029,30.70838287,0,0
22.47000000,32.52743427,31.01583301,32.30209745,30.81989811,0,0
22.48000000,32.59666189,31.09685701,32.29143548,30.83186818,0,0
22.49000000,32.56290735,31.18016599,32.37723652,30.89791557,0,0
22.50000000,32.69103223,31.20791987,32.35871546,30.86050270,0,0
22.51000000,32.69815535,31.13288258,32.39517003,30.88397959,0,0
22.52000000,32.71574484,31.16182014,32.43168719,30.91084890,0,0
22.53000000,32.70964329,31.25789205,32.47366594,30.92524057,0,0
22.54000000,32.76763465,31.34206717,32.49587262,31.00390703,0,0
22.55000000,32.73134321,31.33991371,32.34055836,31.06852174,0,0
22.56000000,32.76933237,31.33482412,32.52738111,31.11486376,0,0
22.57000000,32.76888633,31.37401088,32.45683040,31.10958900,0,0
22.58000000,32.82125492,31.42512672,32.57046170,31.14902887,0,0
22.59000000,32.84784445,31.43046074,32.60213417,31.18819309,0,0
22.60000000,32.84931942,31.51316019,32.67981139,31.14991777,0,0
22.61000000,32.90067012,31.54494340,32.65424847,31.19270076,0,0
22.62000000,32.90855083,31.57893874,32.72627516,31.31598097,0,0
22.63000000,32.84334967,31.63109621,32.67108335,31.35977647,0,0
22.64000000,32.89557709,31.59011975,32.70194977,31.46798666,0,0
22.65000000,32.95813044,31.73264859,32.72145938,31.47048726,0,0
22.66000000,32.95982801,31.79435391,32.74870242,31.43102003,0,0
22.67000000,33.04838187,31.78262357,32.76055173,31.53714647,0,0
22.68000000,32.95172013,31.81070649,32.80349661,31.56562083,0,0
22.69000000,33.01005696,31.88354401,32.78712859,31.66392782,0,0
22.70000000,32.99834569,31.94190953,32.77382941,31.67978122,0,0
22.71000000,33.04785253,31.93881354,32.79622749,31.68580078,0,0
22.72000000,33.10536997,31.98682041,32.88724904,31.72306577,0,0
22.73000000,33.05255627,32.01698478,32.96522685,31.68380084,0,0
22.74000000,33.11410165,32.09642860,32.85233098,31.79824101,0,0
22.75000000,33.03766223,32.13710161,32.85196276,31.85941596,0,0
22.76000000,33.13438427,32.16435910,32.84792924,31.92314669,0,0
22.77000000,33.21936069,32.18792491,32.85480847,31.96243215,0,0
22.78000000,33.16264490,32.22628699,32.94273389,32.02199826,0,0
22.79000000,33.13804008,32.24848564,32.97929237,32.08794137,0,0
22.80000000,33.10098685,32.38428736,33.00198098,32.11569193,0,0
22.81000000,33.16422542,32.38681181,32.99072120,32.13622842,0,0
22.82000000,33.19902106,32.44196129,33.01301115,32.20126045,0,0
22.83000000,33.24922038,32.45757463,32.95586066,32.23985667,0,0
22.84000000,33.30368363,32.45821854,33.02291598,32.33312945,0,0
22.85000000,33.25065712,32.58628186,33.04034387,32.30716133,0,0
22.86000000,33.27408912,32.60639844,33.06086072,32.35804605,0,0
22.87000000,33.22302865,32.62503308,33.07161366,32.48033202,0,0
22.88000000,33.35198101,32.66460430,33.13822644,32.47748141,0,0
22.89000000,33.33103505,32.72288942,33.10067768,32.59223632,0,0
22.90000000,33.32245711,32.76457293,33.18048374,32.52379651,0,0
22.91000000,33.40329146,32.74420345,33.16928642,32.59313837,0,0
22.92000000,33.34490058,32.83287253,33.26579726,32.60797716,0,0
22.93000000,33.37096253,32.83247308,33.14736863,32.62490128,0,0
22.94000000,33.35518043,32.93138353,33.18048599,32.72274388,0,0
22.95000000,33.42904920,32.95798695,33.21157219,32.79768745,0,0
22.96000000,33.41673633,32.94228256,33.20537242,32.79039592,0,0
22.97000000,33.45965972,33.01818923,33.27241412,32.84116089,0,0
22.98000000,33.50072976,33.01180547,33.28528526,32.91633292,0,0
22.99000000,33.57931462,33.10827350,33.31091920,32.85732674,0,0
23.00000000,33.56506706,33.13876814,33.30486087,32.94738565,0,0
23.01000000,33.44939309,33.13487908,33.25835551,32.97381394,0,0
23.02000000,33.55182046,33.18919769,33.27904068,33.00769633,0,0
23.03000000,33.63054866,33.21668462,33.37773830,33.04059960,0,0
23.04000000,33.64581583,33.32393329,33.38620605,33.10030752,0,0
23.05000000,33.64113925,33.25025446,33.49941530,33.06828274,0,0
23.06000000,33.64010903,33.29829948,33.50156401,33.21930436,0,0
23.07000000,33.74864371,33.33305325,33.48179736,33.22603341,0,0
23.08000000,33.78917962,33.46567243,33.44798123,33.29878251,0,0
23.09000000,33.69090403,33.52980994,33.53612872,33.28107628,0,0
23.10000000,33.76288496,33.41433351,33.54588626,33.31792142,0,0
23.11000000,33.77872305,33.47965261,33.62773880,33.36235818,0,0
23.12000000,33.84034085,33.48035613,33.49498068,33.39023087,0,0
23.13000000,33.87766098,33.47363210,33.56438125,33.43418104,0,0
23.14000000,33.89362972,33.60614404,33.59814085,33.53143632,0,0
23.15000000,33.86365365,33.63501875,33.59684277,33.53206324,0,0
23.16000000,33.91414028,33.67713453,33.74076759,33.57693647,0,0
23.17000000,34.00832761,33.68018458,33.79328422,33.65002599,0,0
23.18000000,33.99087197,33.69261420,33.81889712,33.63329441,0,0
23.19000000,34.00214885,33.76734016,33.82470473,33.64504382,0,0
23.20000000,33.97965349,33.79746864,33.81292554,33.69478098,0,0
23.21000000,34.13522487,33.86195912,33.79536508,33.67300289,0,0
23.22000000,34.08862608,33.85350692,33.83598832,33.73112128,0,0
23.23000000,34.13612938,33.95704121,33.86395666,33.77049766,0,0
23.24000000,34.08824940,33.91098125,33.85860727,33.73418870,0,0
23.25000000,34.08616271,34.00407130,33.95906286,33.88098948,0,0
23.26000000,34.15229453,34.02396455,33.93958186,33.88712784,0,0
23.27000000,34.16075669,34.09208932,33.94936828,33.94801844,0,0
23.28000000,34.19751392,34.09557418,33.97171154,33.91406310,0,0
23.29000000,34.23489609,34.08878802,34.00338476,33.99736605,0,0
23.30000000,34.30000310,34.23555787,34.03144611,34.01258455,0,0
23.31000000,34.22765642,34.25642043,33.90214319,34.03633216,0,0
23.32000000,34.24345355,34.28340492,34.05068141,34.11041474,0,0
23.33000000,34.30992651,34.27740744,33.99219365,34.10733807,0,0
23.34000000,34.31526840,34.30593419,34.11497103,34.18824552,0,0
23.35000000,34.39874146,34.30195761,34.15996363,34.20357548,0,0
23.36000000,34.40065901,34.34391821,34.18256512,34.26228542,0,0
23.37000000,34.42094424,34.40975065,34.13578012,34.29927577,0,0
23.38000000,34.37848288,34.43010143,34.18913670,34.25455772,0,0
23.39000000,34.51551043,34.48119940,34.16786625,34.32845285,0,0
23.40000000,34.50788688,34.48869545,34.21725330,34.34634812,0,0
23.41000000,34.57938336,34.55231970,34.25590258,34.35448946,0,0
23.42000000,34.49324209,34.54543939,34.26267705,34.36734299,0,0
23.43000000,34.52161590,34.58621360,34.29598980,34.43611269,0,0
23.44000000,34.60389363,34.60266607,34.35325431,34.49106092,0,0
23.45000000,34.59075490,34.66612949,34.33296241,34.56999820,0,0
23.46000000,34.65016107,34.68489871,34.42013413,34.58168827,0,0
23.47000000,34.62456519,34.68425939,34.38871628,34.56892617,0,0
23.48000000,34.70263246,34.76062260,34.56424939,34.62556241,0,0
23.49000000,34.65320814,34.78137786,34.43351176,34.63032587,0,0
23.50000000,34.70576948,34.84287899,34.50772874,34.71581179,0,0
23.51000000,34.79954521,34.81071921,34.48349010,34.74475801,0,0
23.52000000,34.85644466,34.87628511,34.51054168,34.77976464,0,0
23.53000000,34.83804147,34.85243324,34.55449023,34.77695307,0,0
23.54000000,34.83191477,34.84956473,34.61033042,34.78732190,0,0
23.55000000,34.89801421,34.94053300,34.66207947,34.80802937,0,0
23.56000000,34.97075416,34.93346820,34.67274887,34.80642583,0,0
23.57000000,34.92925937,34.97173023,34.67871543,34.89511479,0,0
23.58000000,35.06233637,35.00707989,34.71595347,34.95865576,0,0
23.59000000,35.00258896,35.09095922,34.70437903,35.01022693,0,0
23.60000000,35.08580743,35.10882121,34.77664972,35.00288734,0,0
23.61000000,35.08101236,35.06756379,34.80514479,35.04531801,0,0
23.62000000,35.15012336,35.08915042,34.83546011,35.09010038,0,0
23.63000000,35.15391314,35.13416308,34.83236422,35.13032570,0,0
23.64000000,35.16914532,35.21056173,34.87754931,35.08073227,0,0
23.65000000,35.23779533,35.19083100,34.84433674,35.09644956,0,0
23.66000000,35.25641751,35.20512740,35.04303223,35.14790189,0,0
23.67000000,35.28729130,35.26290224,34.89972508,35.15070575,0,0
23.68000000,35.27711380,35.32375554,34.96781041,35.23156710,0,0
23.69000000,35.29856554,35.35609094,34.98762663,35.22921361,0,0
23.70000000,35.35033954,35.34140859,35.03593518,35.30080500,0,0
23.71000000,35.41002631,35.36490786,35.16091622,35.25884487,0,0
23.72000000,35.44370596,35.35114234,35.21970250,35.33093728,0,0
23.73000000,35.47444706,35.43807194,35.29409473,35.32982619,0,0
23.74000000,35.44395363,35.48708532,35.18418556,35.31339304,0,0
23.75000000,35.51819587,35.49606051,35.20698832,35.36963136,0,0
23.76000000,35.58667627,35.48548405,35.19805087,35.37414087,0,0
23.77000000,35.59583334,35.53903394,35.23854528,35.45787626,0,0
23.78000000,35.62139011,35.53037575,35.26865705,35.43119028,0,0
23.79000000,35.57668690,35.54689384,35.28406062,35.51840371,0,0
23.80000000,35.65488174,35.61427055,35.29214204,35.54463289,0,0
23.81000000,35.64659628,35.69859407,35.35464616,35.55154913,0,0
23.82000000,35.73213406,35.72487836,35.39238462,35.56387275,0,0
23.83000000,35.73751642,35.67347325,35.47466046,35.57970057,0,0
23.84000000,35.72390032,35.68627795,35.53649083,35.61497448,0,0
23.85000000,35.78903081,35.72079803,35.40584206,35.63524022,0,0
23.86000000,35.82560988,35.76565869,35.51895303,35.69966207,0,0
23.87000000,35.82771789,35.79993736,35.53070293,35.71854935,0,0
23.88000000,35.84514251,35.85044693,35.52261289,35.73056202,0,0
23.89000000,35.90600056,35.87327795,35.65991060,35.77428391,0,0
23.90000000,35.96856266,35.86515180,35.67912278,35.76329422,0,0
23.91000000,35.96274702,35.90313128,35.72228370,35.79899755,0,0
23.92000000,35.94743638,35.88730376,35.78279061,35.76993886,0,0
23.93000000,36.03897434,35.93839957,35.72935534,35.84956165,0,0
23.94000000,36.12981673,35.97906973,35.80549109,35.83353698,0,0
23.95000000,36.08322278,36.06012453,35.79623901,35.87289322,0,0
23.96000000,36.14439843,36.01499856,35.85765286,35.88248181,0,0
23.97000000,36.12938089,36.02627091,35.92511862,35.97875355,0,0
23.98000000,36.25066694,36.06235313,35.94795504,36.00793922,0,0
23.99000000,36.19736277,36.17635072,35.95409694,36.05647637,0,0
24.00000000,36.25550293,36.12091290,35.96023094,36.02867996,0,0
24.01000000,36.30077460,36.13560127,36.02862819,36.09248903,0,0
24.02000000,36.30588287,36.16468620,36.06110244,36.04891111,0,0
24.03000000,36.33675918,36.21666726,35.98852400,36.09071071,0,0
24.04000000,36.32754264,36.28409022,36.11988582,36.12177801,0,0
24.05000000,36.39433509,36.33729131,36.07556769,36.13180817,0,0
24.06000000,36.40053961,36.31324358,36.15026403,36.13547144,0,0
24.07000000,36.49677918,36.24904273,36.25761956,36.21657400,0,0
24.08000000,36.46557500,36.34065098,36.23830234,36.20931935,0,0
24.09000000,36.47031795,36.39135474,36.27019719,36.23519726,0,0
24.10000000,36.56114405,36.43641369,36.24672221,36.24705038,0,0
24.11000000,36.67540444,36.43509499,36.26283215,36.24617350,0,0
24.12000000,36.60598531,36.46720669,36.35708287,36.30537533,0,0
24.13000000,36.63158334,36.49732460,36.34334161,36.29533454,0,0
24.14000000,36.60972504,36.47424574,36.39940001,36.35847664,0,0
24.15000000,36.73174690,36.55126905,36.43305590,36.45156153,0,0
24.16000000,36.67440561,36.57890129,36.47900895,36.48746759,0,0
24.17000000,36.75316368,36.58753269,36.41764377,36.46561787,0,0
24.18000000,36.77110138,36.55157996,36.47544997,36.48623173,0,0
24.19000000,36.81245281,36.61047253,36.56857997,36.48854319,0,0
24.20000000,36.80784708,36.65244064,36.49274499,36.50825066,0,0
24.21000000,36.82238030,36.70217968,36.47705398,36.56042984,0,0
24.22000000,36.89430300,36.75345134,36.57063053,36.61515059,0,0
24.23000000,36.92655927,36.79154141,36.55080814,36.64569334,0,0
24.24000000,36.93501361,36.71346066,36.71045473,36.64426618,0,0
24.25000000,36.98192405,36.79178776,36.68540408,36.68968894,0,0
24.26000000,36.95654792,36.79497132,36.75497098,36.64740316,0,0
24.27000000,37.00461822,36.88307622,36.78503842,36.70312787,0,0
24.28000000,37.14096430,36.82969718,36.73806403,36.71931862,0,0
24.29000000,37.02905379,36.86845908,36.78899300,36.74968241,0,0
24.30000000,37.12999226,36.92382674,36.83601024,36.79417240,0,0
24.31000000,37.08388226,36.92679657,36.88814336,36.78357993,0,0
24.32000000,37.16001147,36.94621150,36.89380477,36.89314327,0,0
24.33000000,37.15744431,36.97847302,36.94811296,36.88821917,0,0
24.34000000,37.14974356,36.96862320,36.90440920,36.91908457,0,0
24.35000000,37.22918126,36.97383033,36.96108432,36.91110280,0,0
24.36000000,37.22079563,36.98626430,37.07145537,36.95987831,0,0
24.37000000,37.25377459,36.97890455,37.02264798,36.90856234,0,0
24.38000000,37.20235252,37.03150504,36.99713283,36.98764655,0,0
24.39000000,37.29131854,37.05056203,37.02134364,37.04181878,0,0
24.40000000,37.29107007,37.11950617,37.06131646,37.03886906,0,0
24.41000000,37.31979097,37.07322465,37.14010816,37.04254767,0,0
24.42000000,37.30142604,37.09427015,37.16239631,37.06624934,0,0
24.43000000,37.23193472,37.07756290,37.18523764,37.05976322,0,0
24.44000000,37.22672102,37.03083371,37.17494760,37.05676172,0,0
24.45000000,37.33004544,37.07297365,37.10632271,37.06016110,0,0
24.46000000,37.31300607,37.03215944,37.15090752,37.08700328,0,0
24.47000000,37.33156086,37.10161819,37.14896037,37.05535688,0,0
24.48000000,37.29539868,37.09184964,37.18023518,37.11504141,0,0
24.49000000,37.32639318,37.13364119,37.18372293,37.17205270,0,0
24.50000000,37.29500661,37.15106355,37.21099302,37.20422846,0,0
24.51000000,37.28474582,37.11738480,37.19487085,37.20668247,0,0
24.52000000,37.27488643,37.05478483,37.15149423,37.14013150,0,0
24.53000000,37.31497423,37.04401908,37.28362262,37.17836610,0,0
24.54000000,37.27751394,37.04427638,37.15710983,37.15033323,0,0
24.55000000,37.29101137,37.08279131,37.10961593,37.14535734,0,0
24.56000000,37.29121113,37.12459614,37.15744663,37.20405781,0,0
24.57000000,37.29084373,37.14299563,37.11132020,37.17654087,0,0
24.58000000,37.33446569,37.11712822,37.20826228,37.19132171,0,0
24.59000000,37.35638656,37.09073441,37.13778660,37.19381968,0,0
24.60000000,37.23983141,37.04510865,37.20487320,37.14211127,0,0
24.61000000,37.26306528,37.05566481,37.16356311,37.16561634,0,0
24.62000000,37.33953874,37.09721307,37.11301251,37.11951293,0,0
24.63000000,37.28359685,37.13734101,37.10767907,37.07520654,0,0
24.64000000,37.30694478,37.14223009,37.06871692,37.07752632,0,0
24.65000000,37.24580196,37.06550417,37.10623020,37.06140641,0,0
24.66000000,37.31068420,37.09313260,37.14958622,37.17161248,0,0
24.67000000,37.21712406,37.11924506,37.14990978,37.16127836,0,0
24.68000000,37.25088682,37.11881550,37.08927822,37.17808593,0,0
24.69000000,37.27903566,37.08255880,37.02857139,37.08861039,0,0
24.70000000,37.27471613,37.12754863,37.10396851,37.07901876,0,0
24.71000000,37.23006574,37.10504604,37.02744334,37.03351415,0,0
24.72000000,37.22410463,37.10605655,36.97540570,37.06644843,0,0
24.73000000,37.18412495,37.07284276,37.02720473,37.09387288,0,0
24.74000000,37.25161338,37.02092853,36.98963299,37.08281950,0,0
24.75000000,37.28351881,36.98925729,37.07517767,37.13134060,0,0
24.76000000,37.25264990,36.96779337,37.06605917,37.10723085,0,0
24.77000000,37.14818010,37.03187424,37.03290105,37.09920075,0,0
24.78000000,37.17312315,37.08899497,37.02570319,37.05935227,0,0
24.79000000,37.25040230,37.04126130,36.97078879,37.05162358,0,0
24.80000000,37.26943443,37.01349973,36.97846275,37.03823707,0,0
24.81000000,37.27106814,37.08600119,36.95212052,37.06030799,0,0
24.82000000,37.30804180,37.13616959,36.96624964,37.07822534,0,0
24.83000000,37.36099042,37.24981443,37.00608023,37.12321723,0,0
24.84000000,37.27088715,37.22473658,37.05985232,37.11738075,0,0
24.85000000,37.22277695,37.13965644,37.03360050,37.09630716,0,0
24.86000000,37.19106524,36.99584654,37.04600958,37.05428248,0,0
24.87000000,37.19530001,37.03434127,37.06465643,37.07448431,0,0
24.88000000,37.18524238,37.09057533,36.97615161,37.03909114,0,0
24.89000000,37.17990375,37.07297437,36.94182606,37.05906977,0,0
24.90000000,37.20721188,37.06128204,36.98104403,37.06546226,0,0
24.91000000,37.28351536,37.02859866,36.98117623,37.04065350,0,0
24.92000000,37.31020742,37.02879581,37.02457023,37.06605239,0,0
24.93000000,37.24711968,37.05607048,37.03080128,37.04330251,0,0
24.94000000,37.12669034,37.04275494,36.99513358,37.00932825,0,0
24.95000000,37.17218084,37.03576226,37.03330242,37.05548772,0,0
24.96000000,37.23877380,37.07933254,36.96096641,37.12238387,0,0
24.97000000,37.19268659,37.07118918,36.99854258,37.13889957,0,0
24.98000000,37.23422478,37.07688467,36.95217462,37.15043431,0,0
24.99000000,37.15126447,37.02675804,36.96564210,37.13024269,0,0
25.00000000,37.26310104,37.07985350,37.00430743,37.15343347,0,0
25.01000000,37.21091257,37.07861234,37.00074248,37.17434178,0,0
25.02000000,37.24451393,37.11284608,36.93600810,37.09137567,0,0
25.03000000,37.17111062,37.05715382,36.96449029,37.05363837,0,0
25.04000000,37.18766994,37.10105784,36.98348929,37.09942156,0,0
25.05000000,37.15739197,37.07394639,36.96884817,37.02989273,0,0
25.06000000,37.17727948,37.07990309,36.92480692,37.09928720,0,0
25.07000000,37.18657985,37.00683092,36.95218386,37.13904423,0,0
25.08000000,37.24981608,37.04816546,36.93234661,37.08633939,0,0
25.09000000,37.19113396,37.00197165,36.99065244,37.08905442,0,0
25.10000000,37.16234673,37.05561566,37.00092427,37.06278344,0,0
25.11000000,37.12725800,37.03079666,36.98203704,37.03235508,0,0
25.12000000,37.17310296,37.04606286,36.91877835,37.02362937,0,0
25.13000000,37.24354409,37.01137742,36.84122526,37.04385616,0,0
25.14000000,37.14704837,36.99342005,36.86552238,37.03305231,0,0
25.15000000,37.15237964,37.03259145,36.89372386,37.01709549,0,0
25.16000000,37.14665425,36.99916428,36.95729082,37.01482971,0,0
25.17000000,37.13370811,37.00933779,36.96182853,37.01528496,0,0
25.18000000,37.12076198,37.01951130,36.96636625,37.01574022,0,0
25.19000000,37.10781584,37.02968481,36.97090397,37.01619547,0,0
25.20000000,37.12925852,37.00077488,36.95410105,36.95588625,0,0
25.21000000,37.17519708,37.01251825,36.98930503,37.02067097,0,0
25.22000000,37.16081305,37.00974015,36.89048598,36.99984139,0,0
25.23000000,37.15305216,37.01732865,36.83421563,37.03753493,0,0
25.24000000,37.13667766,37.01387138,36.89450760,37.02102364,0,0
25.25000000,37.15891022,36.99482248,36.88261987,37.02245018,0,0
25.26000000,37.13489016,36.95395362,36.94786709,37.00939291,0,0
25.27000000,37.15669236,36.95741922,36.98272222,36.98407298,0,0
25.28000000,37.12060097,37.02417824,36.94527369,36.97654621,0,0
25.29000000,37.14595577,37.01009284,36.92534454,37.00082440,0,0
25.30000000,37.18185165,36.96442746,36.87740826,36.99035816,0,0
25.31000000,37.14836176,36.94567379,36.91144624,37.03340181,0,0
25.32000000,37.17731795,36.98726307,36.93642703,37.02410219,0,0
25.33000000,37.17556111,37.00765105,36.94636790,37.01379274,0,0
25.34000000,37.19475430,36.95062417,36.96587728,37.07382529,0,0
25.35000000,37.10055767,37.01887263,36.93416032,37.05150935,0,0
25.36000000,37.13349507,36.96808008,36.95318865,37.03155366,0,0
25.37000000,37.17197991,36.98248695,36.97432704,36.99972998,0,0
25.38000000,37.16771657,36.93238666,36.99972833,37.02233224,0,0
25.39000000,37.11488396,36.97682632,36.96494754,36.96514053,0,0
25.40000000,37.14216267,36.98220044,36.85752361,36.95951138,0,0
25.41000000,37.15241854,37.04117085,36.94346141,37.00115747,0,0
25.42000000,37.18555087,36.98361827,36.87950853,36.95991580,0,0
25.43000000,37.13147934,36.96905169,36.91022866,36.97520722,0,0
25.44000000,37.17060220,36.91682809,36.89648317,36.96499984,0,0
25.45000000,37.13778645,36.97601009,36.90515746,36.94268559,0,0
25.46000000,37.11893521,37.00619765,36.88812952,36.93220054,0,0
25.47000000,37.14967481,36.94849212,36.85017905,36.94398739,0,0
25.48000000,37.12270759,36.94825976,36.87857251,36.93874391,0,0
25.49000000,37.18420053,36.94707424,36.88268247,36.95219129,0,0
25.50000000,37.13979024,36.96400086,36.89069317,36.93795214,0,0
25.51000000,37.15795669,36.97124059,36.90003382,36.99155118,0,0
25.52000000,37.04908510,36.98143574,36.88136964,36.99324501,0,0
25.53000000,37.12945074,36.98172648,36.88842186,36.98005040,0,0
25.54000000,37.14501925,36.90689879,36.87731932,36.93522129,0,0
25.55000000,37.13729838,36.92955840,36.88440660,36.95155132,0,0
25.56000000,37.09246264,36.91243888,36.87097801,36.93657921,0,0
25.57000000,37.08027316,36.96990727,36.79982221,36.93203779,0,0
25.58000000,37.12973096,36.95390488,36.89807416,36.98647712,0,0
25.59000000,37.14002791,36.94143853,36.87475340,36.92594153,0,0
25.60000000,37.14852432,36.91483814,36.90944001,36.96599098,0,0
25.61000000,37.09720934,36.87319638,36.94806661,36.94456754,0,0
25.62000000,37.09039263,36.94512447,36.92761930,36.91846388,0,0
25.63000000,37.12434349,36.91920817,36.93896910,36.91369748,0,0
25.64000000,37.17667299,36.87301800,36.87056914,36.88949644,0,0
25.65000000,37.13833668,36.83084142,36.91365692,36.88013353,0,0
25.66000000,37.17601382,36.89312326,36.91352025,36.91888787,0,0
25.67000000,37.11355854,36.88309831,36.93286899,36.88854647,0,0
25.68000000,37.17100754,36.89803262,36.96637782,36.94761601,0,0
25.69000000,37.12375699,36.88014361,36.96462870,36.94935994,0,0
25.70000000,37.21567432,36.87507873,36.99608840,36.91914696,0,0
25.71000000,37.20804743,36.78189297,36.91631247,36.86224548,0,0
25.72000000,37.20984630,36.75715873,36.94768247,36.85138957,0,0
25.73000000,37.12626509,36.81864607,36.96056541,36.81666381,0,0
25.74000000,37.12437996,36.86081767,36.88797237,36.82233441,0,0
25.75000000,37.19562782,36.90323684,36.94143232,36.83235484,0,0
25.76000000,37.26966979,36.86805714,36.89205284,36.81929011,0,0
25.77000000,37.24962898,36.77190470,36.93987104,36.81709330,0,0
25.78000000,37.22399162,36.71968893,36.97904274,36.84334093,0,0
25.79000000,37.19776504,36.78664138,36.99264385,36.80134301,0,0
25.80000000,37.26722946,36.79798159,36.95915385,36.81279662,0,0
25.81000000,37.26019830,36.78535726,36.95698782,36.77442718,0,0
25.82000000,37.18554469,36.78293309,36.92748109,36.75679452,0,0
25.83000000,37.20728744,36.80565764,36.97624126,36.79028181,0,0
25.84000000,37.27450056,36.77841854,36.97286225,36.75372538,0,0
25.85000000,37.28347885,36.78638865,37.01412801,36.83075336,0,0
25.86000000,37.18103626,36.80087157,37.00813939,36.82221844,0,0
25.87000000,37.16791098,36.80870283,36.99497208,36.81710739,0,0
25.88000000,37.26534673,36.80261962,36.99546757,36.80259602,0,0
25.89000000,37.29109316,36.81965524,37.03316730,36.79923242,0,0
25.90000000,37.27523402,36.80205490,37.00423973,36.75203116,0,0
25.91000000,37.19687451,36.81027345,36.91944165,36.77799996,0,0
25.92000000,37.19870392,36.86326831,36.95754999,36.81575998,0,0
25.93000000,37.26837561,36.89357407,36.95566311,36.82664462,0,0
25.94000000,37.30565120,36.85204688,37.01224114,36.84459939,0,0
25.95000000,37.27580798,36.82275022,37.08858909,36.83491078,0,0
25.96000000,37.23484605,36.87396428,37.07569144,36.78842435,0,0
25.97000000,37.29435924,36.91867255,37.04434442,36.77357594,0,0
25.98000000,37.33972344,36.96218055,37.02468452,36.76577781,0,0
25.99000000,37.27970009,36.93283161,36.95815816,36.76894626,0,0
26.00000000,37.28806969,36.98074970,36.99398310,36.79019909,0,0
26.01000000,37.33612727,36.95436343,37.02016956,36.80944532,0,0
26.02000000,37.35890877,36.98568432,37.04775933,36.88997471,0,0
26.03000000,37.34990616,37.00484804,37.07880989,36.93122758,0,0
26.04000000,37.35393483,37.01075404,37.09673856,36.91676540,0,0
26.05000000,37.34986570,37.00481256,37.10331136,36.87343120,0,0
26.06000000,37.38744158,37.00485122,37.15744669,36.89084745,0,0
26.07000000,37.33900817,37.10811172,37.11892969,36.90322521,0,0
26.08000000,37.39307894,37.08497165,37.04543578,36.94449353,0,0
26.09000000,37.39028496,37.13552541,37.14952037,36.98791075,0,0
26.10000000,37.45392748,37.14028332,37.14822547,37.00032716,0,0
26.11000000,37.49269572,37.13678917,37.18254948,37.00786853,0,0
26.12000000,37.43504091,37.13854458,37.19427604,37.05852384,0,0
26.13000000,37.41349183,37.16159972,37.24911614,37.03224534,0,0
26.14000000,37.45056433,37.21676718,37.22760323,37.05501196,0,0
26.15000000,37.48121489,37.26824939,37.20144917,37.07904696,0,0
26.16000000,37.48954702,37.30653641,37.16427489,37.07515016,0,0
26.17000000,37.52597410,37.29452486,37.15355666,37.11453226,0,0
26.18000000,37.46014848,37.26107436,37.21334740,37.10733846,0,0
26.19000000,37.50682812,37.28123796,37.25960258,37.18556893,0,0
26.20000000,37.49384498,37.38330297,37.30297282,37.22512720,0,0
26.21000000,37.57509476,37.47211299,37.31414797,37.25219789,0,0
26.22000000,37.56523599,37.43332657,37.26927882,37.23408727,0,0
26.23000000,37.57783676,37.43184509,37.32347910,37.25964355,0,0
26.24000000,37.57950682,37.46111439,37.30575762,37.27318951,0,0
26.25000000,37.58135204,37.50493750,37.23615524,37.32733816,0,0
26.26000000,37.64115312,37.53734783,37.32043296,37.37716360,0,0
26.27000000,37.69087177,37.58894334,37.30546884,37.41031781,0,0
26.28000000,37.68007882,37.59353341,37.38263765,37.45470797,0,0
26.29000000,37.65101210,37.60663881,37.46081384,37.47302088,0,0
26.30000000,37.64769174,37.64397521,37.45968880,37.50048438,0,0
26.31000000,37.71153078,37.64443312,37.49534145,37.51263612,0,0
26.32000000,37.73901038,37.66443704,37.41930112,37.57282493,0,0
26.33000000,37.73237967,37.70338700,37.43991071,37.59604539,0,0
26.34000000,37.73901838,37.76628685,37.47203067,37.60505963,0,0
26.35000000,37.84100339,37.76885224,37.49346791,37.65131965,0,0
26.36000000,37.84114754,37.78179922,37.57114900,37.71209698,0,0
26.37000000,37.89906837,37.84315434,37.59023302,37.73118999,0,0
26.38000000,37.92316626,37.84528720,37.59343168,37.73556576,0,0
26.39000000,37.84030102,37.86112075,37.60663491,37.73786272,0,0
26.40000000,37.92699026,37.91311411,37.66046686,37.77572162,0,0
26.41000000,37.96928108,37.97615255,37.62976916,37.77779235,0,0
26.42000000,38.06039179,37.99753781,37.58990413,37.80308759,0,0
26.43000000,38.05738584,38.02492845,37.61913501,37.82819136,0,0
26.44000000,38.06781189,38.02463282,37.64316293,37.85113661,0,0
26.45000000,38.01074910,37.98234042,37.74169341,37.88935462,0,0
26.46000000,38.02367240,38.01478817,37.82922460,37.96174329,0,0
26.47000000,38.08223402,38.06196989,37.82964405,37.98745028,0,0
26.48000000,38.18600750,38.10271982,37.81296823,37.98721746,0,0
26.49000000,38.14611842,38.15273126,37.78496905,37.99210323,0,0
26.50000000,38.14755823,38.16243271,37.80962687,38.00058191,0,0
26.51000000,38.24395652,38.17810724,37.86361714,37.99377791,0,0
26.52000000,38.30715799,38.15133263,37.96317778,38.04158276,0,0
26.53000000,38.28658899,38.22337494,38.02048529,38.13492467,0,0
26.54000000,38.29090752,38.31579764,38.02999175,38.16162591,0,0
26.55000000,38.30117882,38.34186730,38.05938607,38.17159153,0,0
26.56000000,38.35138647,38.33276007,38.06780987,38.17200591,0,0
26.57000000,38.41190477,38.38608788,38.09798744,38.19756379,0,0
26.58000000,38.48163302,38.43490907,38.02217574,38.20591982,0,0
26.59000000,38.50029477,38.51046910,37.99351806,38.28490601,0,0
26.60000000,38.53325920,38.50785477,38.10910751,38.32122467,0,0
26.61000000,38.55468260,38.50170807,38.16465578,38.36780045,0,0
26.62000000,38.51711838,38.48310934,38.26914260,38.42786802,0,0
26.63000000,38.55607065,38.57368751,38.26744547,38.40322038,0,0
26.64000000,38.62110524,38.61668045,38.26237163,38.44427898,0,0
26.65000000,38.64732460,38.64796549,38.28255296,38.47137597,0,0
26.66000000,38.66122437,38.65888080,38.29642347,38.50518564,0,0
26.67000000,38.72452588,38.69291186,38.37289654,38.53978831,0,0
26.68000000,38.75181806,38.71159911,38.37273216,38.56397810,0,0
26.69000000,38.72087409,38.76884533,38.43511973,38.63254843,0,0
26.70000000,38.73122033,38.84433515,38.47108796,38.66021908,0,0
26.71000000,38.83834549,38.85555422,38.49462294,38.69239318,0,0
26.72000000,38.94302860,38.88015842,38.48372307,38.68656957,0,0
26.73000000,38.95176244,38.92529834,38.49452831,38.73525835,0,0
26.74000000,38.95066756,39.01990229,38.45757847,38.73816852,0,0
26.75000000,39.00038084,39.09103242,38.49682396,38.78777719,0,0
26.76000000,39.06816267,39.11209129,38.64319451,38.86097526,0,0
26.77000000,39.11991657,39.10299080,38.69898502,38.88688919,0,0
26.78000000,39.15456870,39.05515980,38.81115350,38.93296081,0,0
26.79000000,39.07316661,39.07009875,38.84493528,38.97895386,0,0
26.80000000,39.09628103,39.10104755,38.87537165,38.99023583,0,0
26.81000000,39.12190534,39.17220182,38.85740684,39.03491640,0,0
26.82000000,39.15442758,39.25423637,38.86654942,39.05981199,0,0
26.83000000,39.24568451,39.27357175,38.91143604,39.10474669,0,0
26.84000000,39.31135859,39.28704430,38.92130222,39.10305070,0,0
26.85000000,39.34674968,39.27124888,39.01105804,39.18021292,0,0
26.86000000,39.32308216,39.37927151,39.08001651,39.24681262,0,0
26.87000000,39.41611413,39.43124240,39.12429520,39.27937842,0,0
26.88000000,39.45742500,39.44487058,39.12409417,39.30103607,0,0
26.89000000,39.48353271,39.48982382,39.15815289,39.28735282,0,0
26.90000000,39.51090585,39.55216166,39.21894522,39.31309041,0,0
26.91000000,39.54329424,39.60353026,39.16564068,39.32929632,0,0
26.92000000,39.61893038,39.59555519,39.19624739,39.40513918,0,0
26.93000000,39.65052235,39.60037718,39.18804385,39.42049115,0,0
26.94000000,39.65808634,39.60945706,39.26189879,39.48767077,0,0
26.95000000,39.64775733,39.65184588,39.36003761,39.53016173,0,0
26.96000000,39.70088639,39.71461415,39.43424171,39.53678000,0,0
26.97000000,39.74110343,39.74014693,39.44861348,39.58866811,0,0
26.98000000,39.81655628,39.75974232,39.41666984,39.61900574,0,0
26.99000000,39.89725603,39.83872886,39.42734240,39.64820546,0,0
27.00000000,39.96969808,39.88323972,39.47925629,39.68576845,0,0
27.01000000,39.88872737,39.89575865,39.56802485,39.74202951,0,0
27.02000000,39.85532942,39.94673300,39.72050854,39.80491786,0,0
27.03000000,39.94957965,39.96409990,39.74993861,39.83016119,0,0
27.04000000,40.03418843,40.00255727,39.72032713,39.84036190,0,0
27.05000000,40.06843517,40.05405901,39.69042390,39.90167433,0,0
27.06000000,40.06552927,40.08846785,39.70518824,39.92944305,0,0
27.07000000,40.11412661,40.12376867,39.69431064,39.95839510,0,0
27.08000000,40.19889299,40.17732675,39.76461966,40.02851298,0,0
27.09000000,40.25303395,40.21285206,39.81068179,40.03838352,0,0
27.10000000,40.23451535,40.21530194,39.84992685,40.09171250,0,0
27.11000000,40.21564037,40.24554984,39.93740522,40.10917595,0,0
27.12000000,40.31827838,40.29631337,40.00218910,40.13275434,0,0
27.13000000,40.37632635,40.32656905,40.01160101,40.16912220,0,0
27.14000000,40.38826585,40.38184411,39.99849826,40.19156012,0,0
27.15000000,40.42890602,40.41922927,40.01296249,40.21081799,0,0
27.16000000,40.45572744,40.44429899,40.05466950,40.24487872,0,0
27.17000000,40.49198996,40.48677604,40.12317147,40.29402934,0,0
27.18000000,40.51877087,40.55647865,40.15140076,40.37207518,0,0
27.19000000,40.55047291,40.54247775,40.16826921,40.37089944,0,0
27.20000000,40.56716081,40.57879773,40.14584083,40.37111995,0,0
27.21000000,40.60649955,40.62775581,40.20969290,40.43208995,0,0
27.22000000,40.66177828,40.63601126,40.26221418,40.44426737,0,0
27.23000000,40.70109114,40.67648874,40.30157677,40.51151435,0,0
27.24000000,40.73613226,40.71574708,40.38111174,40.55339553,0,0
27.25000000,40.72693367,40.73610729,40.38899477,40.59336990,0,0
27.26000000,40.76072789,40.75542720,40.43624919,40.63240676,0,0
27.27000000,40.80118960,40.81543924,40.49580105,40.63114881,0,0
27.28000000,40.88445872,40.85101517,40.52342141,40.66423566,0,0
27.29000000,40.88617674,40.86322705,40.53512019,40.68068912,0,0
27.30000000,40.92528895,40.90202259,40.55115417,40.71627649,0,0
27.31000000,40.98164425,40.92560432,40.60390969,40.75481454,0,0
27.32000000,41.00548701,40.94335008,40.65747772,40.82514182,0,0
27.33000000,40.99689571,41.02398301,40.74740873,40.91561249,0,0
27.34000000,41.03329459,41.07434638,40.76278055,40.92070090,0,0
27.35000000,41.08822250,41.08317373,40.76502083,40.93090184,0,0
27.36000000,41.11286587,41.11209302,40.81852269,40.94187299,0,0
27.37000000,41.14786958,41.15332619,40.85568691,40.96447007,0,0
27.38000000,41.20106192,41.18099487,40.87268111,40.99908588,0,0
27.39000000,41.28032352,41.23169140,40.88698246,41.05701900,0,0
27.40000000,41.31055419,41.27147241,40.94185009,41.08527400,0,0
27.41000000,41.27490398,41.27268939,40.98103784,41.14949608,0,0
27.42000000,41.29542269,41.30205931,41.02999386,41.19644340,0,0
27.43000000,41.39716454,41.35260941,41.06013061,41.20106790,0,0
27.44000000,41.46315112,41.41078950,41.09210358,41.24739418,0,0
27.45000000,41.47860130,41.47367889,41.10226374,41.22882356,0,0
27.46000000,41.49670429,41.49653558,41.10403270,41.23562089,0,0
27.47000000,41.54311869,41.50714195,41.15736908,41.32325296,0,0
27.48000000,41.56873395,41.57164207,41.21603764,41.41094802,0,0
27.49000000,41.64697081,41.62330778,41.28783045,41.49302747,0,0
27.50000000,41.69465854,41.64103906,41.28726156,41.51226209,0,0
27.51000000,41.68307206,41.64209007,41.31723805,41.54650823,0,0
27.52000000,41.68501862,41.68288777,41.38607974,41.58403083,0,0
27.53000000,41.76066558,41.75724809,41.42188029,41.57542152,0,0
27.54000000,41.85069921,41.81667044,41.43767410,41.59995837,0,0
27.55000000,41.85713598,41.82614801,41.47408236,41.61266540,0,0
27.56000000,41.85752044,41.83022883,41.51844865,41.64793395,0,0
27.57000000,41.90419233,41.88869986,41.58927850,41.70259331,0,0
27.58000000,42.01167370,41.91330202,41.61030280,41.72228625,0,0
27.59000000,42.05177852,41.96662532,41.61863844,41.72972734,0,0
27.60000000,42.01612137,42.00918406,41.62938066,41.77632807,0,0
27.61000000,42.06102891,42.04137791,41.67338302,41.79288896,0,0
27.62000000,42.12243402,42.07588209,41.74947357,41.80397984,0,0
27.63000000,42.16009115,42.10622615,41.79229640,41.89273607,0,0
27.64000000,42.20883622,42.14889189,41.84748050,41.95150643,0,0
27.65000000,42.22760842,42.17720338,41.84588432,41.94480596,0,0
27.66000000,42.22909468,42.20268396,41.86797783,41.97273376,0,0
27.67000000,42.27104948,42.24065697,41.92681283,41.98069784,0,0
27.68000000,42.33126434,42.27037874,41.92231068,42.00622758,0,0
27.69000000,42.40222488,42.30153347,41.89301003,42.07793168,0,0
27.70000000,42.43111624,42.32734397,41.97316956,42.14382590,0,0
27.71000000,42.39496119,42.32933447,42.04130403,42.20094153,0,0
27.72000000,42.40151560,42.36792200,42.15161536,42.21761947,0,0
27.73000000,42.49829848,42.42987962,42.20533368,42.23282582,0,0
27.74000000,42.58665040,42.46939966,42.21169297,42.27384953,0,0
27.75000000,42.63031638,42.51308381,42.21077867,42.30116576,0,0
27.76000000,42.64204906,42.52362421,42.24723492,42.32877614,0,0
27.77000000,42.63518989,42.54011547,42.29471016,42.39466248,0,0
27.78000000,42.64726155,42.63222432,42.35685942,42.45837189,0,0
27.79000000,42.69656709,42.68789733,42.45329114,42.51076500,0,0
27.80000000,42.75079146,42.68089444,42.48162745,42.52597097,0,0
27.81000000,42.81402555,42.69878205,42.49872884,42.51151417,0,0
27.82000000,42.83602690,42.76597701,42.54856678,42.56843903,0,0
27.83000000,42.86202042,42.81790546,42.50078326,42.57490189,0,0
27.84000000,42.89201397,42.84902905,42.50639783,42.61816442,0,0
27.85000000,42.92651705,42.85898338,42.57786971,42.67364346,0,0
27.86000000,42.95232395,42.89134449,42.63044187,42.71683898,0,0
27.87000000,43.01730361,42.96156651,42.68551101,42.75563758,0,0
27.88000000,43.09396444,43.00422965,42.68966745,42.79032169,0,0
27.89000000,43.09650919,43.02080309,42.71349991,42.81851316,0,0
27.90000000,43.12274815,43.06539529,42.74507285,42.85275133,0,0
27.91000000,43.18240939,43.10280595,42.76653542,42.88391226,0,0
27.92000000,43.20790350,43.12817184,42.79948738,42.93761903,0,0
27.93000000,43.21754860,43.19038375,42.84153453,43.01518582,0,0
27.94000000,43.25760479,43.21920247,42.88862605,43.05229444,0,0
27.95000000,43.27789046,43.22218609,42.90408355,43.05613884,0,0
27.96000000,43.30874740,43.24287757,42.95050017,43.06912492,0,0
27.97000000,43.32922538,43.27939963,43.05023120,43.08867020,0,0
27.98000000,43.36843008,43.34203417,43.04889048,43.12639931,0,0
27.99000000,43.47096041,43.38193977,43.02128827,43.18965381,0,0
28.00000000,43.50456797,43.41055609,43.07833181,43.23431820,0,0
28.01000000,43.46382328,43.42683483,43.15192388,43.26273586,0,0
28.02000000,43.49467413,43.46072787,43.21254030,43.27056324,0,0
28.03000000,43.53298597,43.49747592,43.27663873,43.29977674,0,0
28.04000000,43.56614227,43.53801200,43.29691408,43.33180815,0,0
28.05000000,43.68669046,43.60530178,43.26658347,43.34263224,0,0
28.06000000,43.74360114,43.64504613,43.26691412,43.36896197,0,0
28.07000000,43.71195386,43.68302042,43.33620880,43.43975907,0,0
28.08000000,43.69257516,43.70620184,43.41197216,43.53331032,0,0
28.09000000,43.73150171,43.69618111,43.46054185,43.54669438,0,0
28.10000000,43.78984595,43.71735941,43.45899112,43.55231429,0,0
28.11000000,43.83725468,43.77816510,43.50520424,43.56999364,0,0
28.12000000,43.87974161,43.84687082,43.52511519,43.59551362,0,0
28.13000000,43.93121675,43.87849855,43.51487222,43.65024087,0,0
28.14000000,43.94045452,43.89174005,43.57630369,43.71347426,0,0
28.15000000,43.94816987,43.90920050,43.61851154,43.76257482,0,0
28.16000000,44.02435891,43.97165204,43.67800807,43.80043075,0,0
28.17000000,44.09345692,44.02307381,43.69197763,43.81892223,0,0
28.18000000,44.08916409,44.05685230,43.71940585,43.83137031,0,0
28.19000000,44.08604881,44.08560330,43.74788619,43.86671928,0,0
28.20000000,44.15693409,44.11070829,43.75771054,43.90401126,0,0
28.21000000,44.21288944,44.15336792,43.82619770,43.94382523,0,0
28.22000000,44.22709482,44.21659111,43.91239885,44.04357468,0,0
28.23000000,44.24567714,44.25697313,43.93354985,44.07346925,0,0
28.24000000,44.26600787,44.27307413,43.90109218,44.05139298,0,0
28.25000000,44.28904444,44.31596195,43.91863987,44.08545087,0,0
28.26000000,44.34479610,44.34484685,43.93943564,44.08319459,0,0
28.27000000,44.40107632,44.36553165,43.97312986,44.13036817,0,0
28.28000000,44.43317409,44.38338855,44.04619316,44.22240035,0,0
28.29000000,44.42806145,44.40779763,44.07738357,44.27489065,0,0
28.30000000,44.48526890,44.47022939,44.11751613,44.30952756,0,0
28.31000000,44.57152178,44.50782262,44.16746938,44.32927762,0,0
28.32000000,44.58276138,44.55204824,44.20700096,44.35001352,0,0
28.33000000,44.57985872,44.61867445,44.22266350,44.37668238,0,0
28.34000000,44.64196925,44.64773125,44.23213804,44.40474662,0,0
28.35000000,44.67775020,44.65749175,44.23689287,44.43499887,0,0
28.36000000,44.70702622,44.70895061,44.27005319,44.50271222,0,0
28.37000000,44.75799532,44.74099801,44.35955413,44.56805891,0,0
28.38000000,44.76283330,44.71920567,44.42517846,44.58027135,0,0
28.39000000,44.77400746,44.74083762,44.44064617,44.59550870,0,0
28.40000000,44.81396822,44.80132572,44.49564254,44.61276140,0,0
28.41000000,44.91569585,44.86090852,44.49320327,44.62360481,0,0
28.42000000,44.94656422,44.90742248,44.52651045,44.67305791,0,0
28.43000000,44.91576084,44.90705344,44.59053274,44.71582822,0,0
28.44000000,44.95500797,44.94249025,44.63709634,44.75934960,0,0
28.45000000,45.04316694,44.97922478,44.70995861,44.79602140,0,0
28.46000000,45.09601661,44.99818588,44.73035447,44.82135676,0,0
28.47000000,45.08092736,45.05384122,44.75627093,44.86299223,0,0
28.48000000,45.13693522,45.11216654,44.75839865,44.89384375,0,0
28.49000000,45.16043495,45.16174341,44.78181252,44.91426911,0,0
28.50000000,45.20836232,45.20586771,44.82006785,44.94430305,0,0
28.51000000,45.24069470,45.20276978,44.89586571,44.98634928,0,0
28.52000000,45.26125626,45.19606154,44.95907214,44.99176913,0,0
28.53000000,45.28676405,45.23690725,44.95863972,45.01557701,0,0
28.54000000,45.31948660,45.28957107,44.99696781,45.06910091,0,0
28.55000000,45.37443962,45.33844221,44.99132652,45.11785106,0,0
28.56000000,45.42722872,45.37785073,44.98828263,45.19607604,0,0
28.57000000,45.42016736,45.38713871,45.02951025,45.24009708,0,0
28.58000000,45.44639635,45.39818204,45.10727118,45.30261079,0,0
28.59000000,45.52648851,45.44628827,45.16417713,45.35091981,0,0
28.60000000,45.55947457,45.48371420,45.20371898,45.33172699,0,0
28.61000000,45.56699487,45.51850438,45.20540125,45.34163471,0,0
28.62000000,45.63305929,45.54784119,45.22947196,45.37712635,0,0
28.63000000,45.67253076,45.59913787,45.23690489,45.39710968,0,0
28.64000000,45.70442095,45.67561770,45.27528738,45.43700100,0,0
28.65000000,45.72079773,45.69452845,45.35377812,45.51134565,0,0
28.66000000,45.74119265,45.70951343,45.39594089,45.50021700,0,0
28.67000000,45.77362202,45.72552596,45.42279007,45.49008147,0,0
28.68000000,45.82433252,45.77305084,45.47562485,45.53275281,0,0
28.69000000,45.89929002,45.84501088,45.46099819,45.57210296,0,0
28.70000000,45.91990578,45.86173333,45.49007929,45.63678354,0,0
28.71000000,45.90200094,45.88268769,45.56082502,45.71208643,0,0
28.72000000,45.96966198,45.92285081,45.62812132,45.75304787,0,0
28.73000000,46.05130050,45.97654826,45.69483445,45.75946514,0,0
28.74000000,46.07394037,46.01839145,45.73601128,45.80245909,0,0
28.75000000,46.11718139,46.08192487,45.73525182,45.82338485,0,0
28.76000000,46.15122961,46.09944808,45.73903361,45.84535875,0,0
28.77000000,46.15757625,46.12112537,45.76016351,45.90526889,0,0
28.78000000,46.22281154,46.15907056,45.80383629,45.99197945,0,0
28.79000000,46.26484499,46.16353739,45.85864181,46.02773226,0,0
28.80000000,46.29140331,46.20957648,45.87739743,46.03565387,0,0
28.81000000,46.32611732,46.27795888,45.88814340,46.03955605,0,0
28.82000000,46.39512897,46.34050441,45.91684952,46.03384566,0,0
28.83000000,46.46699834,46.36104029,45.92863493,46.06811827,0,0
28.84000000,46.47168973,46.36567270,45.97793196,46.11038167,0,0
28.85000000,46.43705924,46.38114257,46.04614417,46.17065296,0,0
28.86000000,46.51058820,46.40176645,46.11204793,46.20281319,0,0
28.87000000,46.58954247,46.42393965,46.17409763,46.24267280,0,0
28.88000000,46.62529649,46.49580843,46.21818777,46.27241149,0,0
28.89000000,46.65773187,46.55888517,46.23410216,46.27571260,0,0
28.90000000,46.67608457,46.58086252,46.26784050,46.30693267,0,0
28.91000000,46.71055978,46.62167398,46.28792780,46.35716087,0,0
28.92000000,46.75600241,46.64587140,46.35847149,46.42368775,0,0
28.93000000,46.77540616,46.63719152,46.42103195,46.43954218,0,0
28.94000000,46.77311569,46.64664263,46.43087223,46.43501538,0,0
28.95000000,46.80698824,46.65850339,46.48747279,46.45240295,0,0
28.96000000,46.88529239,46.72363026,46.50120068,46.49690115,0,0
28.97000000,46.90527279,46.76010144,46.46553011,46.52451076,0,0
28.98000000,46.90222879,46.76687106,46.50353435,46.54870614,0,0
28.99000000,46.93528437,46.79345700,46.54774217,46.55498106,0,0
29.00000000,47.01846799,46.83147629,46.60058654,46.57540593,0,0
29.01000000,47.05627405,46.85084245,46.62719353,46.62530023,0,0
29.02000000,47.05032753,46.87115256,46.67849697,46.67247231,0,0
29.03000000,47.07880938,46.88421930,46.73084528,46.74754941,0,0
29.04000000,47.08487484,46.92540191,46.76039575,46.78568311,0,0
29.05000000,47.14318316,47.02231823,46.79027770,46.85346580,0,0
29.06000000,47.18582151,47.01575784,46.83922440,46.91492018,0,0
29.07000000,47.22821963,47.04213602,46.90054623,46.89950524,0,0
29.08000000,47.24980769,47.07148958,46.92369133,46.88326347,0,0
29.09000000,47.28103597,47.11147367,46.98405733,46.89915464,0,0
29.10000000,47.32898939,47.17524632,46.97821283,46.95301586,0,0
29.11000000,47.32314394,47.20458451,47.02699878,47.01735304,0,0
29.12000000,47.33074270,47.23522194,47.07419328,47.11809384,0,0
29.13000000,47.41832548,47.28804701,47.14590598,47.17897868,0,0
29.14000000,47.50714671,47.33318713,47.19458704,47.21172662,0,0
29.15000000,47.50998470,47.36579211,47.21602855,47.24161134,0,0
29.16000000,47.53396158,47.42134650,47.24027181,47.23118148,0,0
29.17000000,47.57228709,47.46335046,47.23091829,47.28288351,0,0
29.18000000,47.62041389,47.55788255,47.23278320,47.35643221,0,0
29.19000000,47.72396510,47.58082122,47.30112264,47.43144337,0,0
29.20000000,47.77266444,47.57216250,47.36866653,47.45975743,0,0
29.21000000,47.74933392,47.60720286,47.38721842,47.46540123,0,0
29.22000000,47.78090473,47.69280470,47.42139588,47.46263838,0,0
29.23000000,47.84103785,47.76972977,47.40564554,47.45213855,0,0
29.24000000,47.90678236,47.80933605,47.38944199,47.45475018,0,0
29.25000000,47.93165059,47.78946395,47.42403566,47.48836534,0,0
29.26000000,48.00781447,47.82423033,47.47043167,47.52312417,0,0
29.27000000,48.02760833,47.86658735,47.53510665,47.52933254,0,0
29.28000000,48.02566856,47.93499621,47.60882859,47.57462916,0,0
29.29000000,48.04121915,47.97942442,47.63647056,47.58391619,0,0
29.30000000,48.08373578,47.96515347,47.62674159,47.59567226,0,0
29.31000000,48.10794072,47.99630920,47.60979183,47.63966836,0,0
29.32000000,48.15848303,48.03630758,47.65678074,47.72555890,0,0
29.33000000,48.18778162,48.02935403,47.74041346,47.79958302,0,0
29.34000000,48.18949756,48.06773987,47.80846685,47.79752304,0,0
29.35000000,48.24996826,48.10406718,47.83910929,47.79001746,0,0
29.36000000,48.31925584,48.14813689,47.79294019,47.82167400,0,0
29.37000000,48.33541643,48.16413804,47.75117367,47.86323437,0,0
29.38000000,48.29287997,48.16749866,47.82269379,47.89194989,0,0
29.39000000,48.30764366,48.20430976,47.92769076,47.96520272,0,0
29.40000000,48.36389288,48.22822088,48.03460866,47.98605115,0,0
29.41000000,48.40754809,48.24498537,48.01641313,47.99272565,0,0
29.42000000,48.46329073,48.28820539,48.03552073,48.05512513,0,0
29.43000000,48.48130394,48.29115843,48.00411775,48.09279844,0,0
29.44000000,48.48364829,48.31647160,48.06756526,48.14782065,0,0
29.45000000,48.51960912,48.36597527,48.16089870,48.24316905,0,0
29.46000000,48.57688052,48.36705677,48.27305292,48.28648701,0,0
29.47000000,48.57668888,48.41537192,48.30788316,48.29626187,0,0
29.48000000,48.57684538,48.46410949,48.32024720,48.32703745,0,0
29.49000000,48.63537477,48.53576194,48.34113599,48.37001092,0,0
29.50000000,48.71828467,48.54619631,48.30973222,48.41230892,0,0
29.51000000,48.73124154,48.53581550,48.35212453,48.43186977,0,0
29.52000000,48.77820727,48.58339747,48.36098313,48.47921462,0,0
29.53000000,48.80551067,48.65193352,48.43375866,48.49881922,0,0
29.54000000,48.80606865,48.69949164,48.47372630,48.52267815,0,0
29.55000000,48.85988559,48.74737441,48.54103178,48.56522346,0,0
29.56000000,48.90461117,48.73146999,48.58654395,48.58891471,0,0
29.57000000,48.95361139,48.76166298,48.59441469,48.61331468,0,0
29.58000000,48.95628128,48.80312982,48.62712630,48.69616508,0,0
29.59000000,48.99821069,48.84841446,48.63989100,48.74355212,0,0
29.60000000,49.00060247,48.87452679,48.66615265,48.74566803,0,0
29.61000000,49.05931027,48.92327750,48.69727242,48.76533926,0,0
29.62000000,49.14246026,48.98311545,48.71740121,48.77748404,0,0
29.63000000,49.19225891,49.00792518,48.70168113,48.78766284,0,0
29.64000000,49.16040393,49.05466980,48.75096381,48.81401439,0,0
29.65000000,49.19163263,49.08515386,48.78490743,48.84311102,0,0
29.66000000,49.20602870,49.10140392,48.86574497,48.85332603,0,0
29.67000000,49.25779617,49.13958102,48.87546424,48.91694071,0,0
29.68000000,49.29183025,49.17596206,48.88817798,48.94669566,0,0
29.69000000,49.32710917,49.19317140,48.87536182,48.96637578,0,0
29.70000000,49.38324511,49.25741976,48.92362174,49.00742537,0,0
29.71000000,49.41678736,49.26504159,48.95548087,49.06158812,0,0
29.72000000,49.40949913,49.28693276,49.03790083,49.10149095,0,0
29.73000000,49.38082265,49.28255309,49.04601261,49.12365366,0,0
29.74000000,49.41280403,49.34328676,49.07093760,49.15650176,0,0
29.75000000,49.48999279,49.39185770,49.08866220,49.18877216,0,0
29.76000000,49.54587535,49.42142408,49.11013588,49.20812473,0,0
29.77000000,49.54736795,49.41325178,49.11485853,49.22248944,0,0
29.78000000,49.61530842,49.45127717,49.11631654,49.25122929,0,0
29.79000000,49.62719812,49.50804430,49.19885192,49.26976400,0,0
29.80000000,49.64111799,49.55210618,49.21684300,49.30294237,0,0
29.81000000,49.68524187,49.58284797,49.28751428,49.33388875,0,0
29.82000000,49.69393636,49.55841637,49.32748521,49.36153350,0,0
29.83000000,49.70486868,49.62317976,49.37794867,49.41512441,0,0
29.84000000,49.73613369,49.66132987,49.40133277,49.49004511,0,0
29.85000000,49.77201105,49.66949283,49.43388468,49.53297823,0,0
29.86000000,49.79732884,49.70389975,49.40971816,49.53120692,0,0
29.87000000,49.86906115,49.73764042,49.46862978,49.58312570,0,0
29.88000000,49.89595473,49.77898576,49.45852157,49.57022365,0,0
29.89000000,49.84886701,49.76850004,49.53261225,49.63751333,0,0
29.90000000,49.88294359,49.74234393,49.59956840,49.67476089,0,0
29.91000000,50.02890295,49.84449489,49.64806433,49.67615479,0,0
29.92000000,50.06792577,49.91672547,49.65508537,49.71657662,0,0
29.93000000,50.04986792,49.97111235,49.67476747,49.73695270,0,0
29.94000000,50.01971860,49.97954544,49.65928858,49.75164329,0,0
29.95000000,50.04483695,49.94753910,49.66378262,49.74980368,0,0
29.96000000,50.13204688,49.98636227,49.66684162,49.80750235,0,0
29.97000000,50.18471480,49.99062987,49.73701824,49.85258737,0,0
29.98000000,50.18038785,50.01279460,49.80309012,49.86902446,0,0
29.99000000,50.16809454,50.07015024,49.82529375,49.89616455,0,0
30.00000000,50.15482189,50.12982684,49.86094992,49.90342933,0,0
30.01000000,50.25320308,50.18662382,49.84302465,49.93211686,0,0
30.02000000,50.25233920,50.14892370,49.86094319,49.95710104,0,0
30.03000000,50.33865070,50.11766746,49.88387704,49.99931610,0,0
30.04000000,50.29977990,50.14883247,49.94003648,50.04522511,0,0
30.05000000,50.36576081,50.23956574,49.98281254,50.07052279,0,0
30.06000000,50.43547897,50.33251915,50.03417028,50.11500179,0,0
30.07000000,50.44177958,50.27889460,50.00187645,50.12584144,0,0
30.08000000,50.42971775,50.29910040,50.01218403,50.13983546,0,0
30.09000000,50.44452781,50.34496883,50.01290103,50.14023369,0,0
30.10000000,50.50377810,50.39917551,50.11667407,50.19188539,0,0
30.11000000,50.50445252,50.39770099,50.20291418,50.23156171,0,0
30.12000000,50.51392689,50.39909340,50.20325432,50.26081821,0,0
30.13000000,50.55326425,50.42846228,50.18432271,50.29202133,0,0
30.14000000,50.61556226,50.46341230,50.16190632,50.33239455,0,0
30.15000000,50.66122571,50.50836201,50.22707428,50.34923949,0,0
30.16000000,50.66398418,50.56964803,50.29714145,50.38450633,0,0
30.17000000,50.66998478,50.57194388,50.35638144,50.37582606,0,0
30.18000000,50.70852089,50.62270479,50.44253609,50.43606912,0,0
30.19000000,50.78922017,50.67474400,50.37337255,50.50400912,0,0
30.20000000,50.83279720,50.70148272,50.39461001,50.53194431,0,0
30.21000000,50.85669161,50.69928440,50.40042937,50.57975878,0,0
30.22000000,50.88930790,50.72957098,50.43073482,50.59614606,0,0
30.23000000,50.88972862,50.75988845,50.44823835,50.58058587,0,0
30.24000000,50.87972885,50.80757800,50.45632613,50.56755318,0,0
30.25000000,50.92958093,50.82232319,50.56029539,50.60520203,0,0
30.26000000,50.93778335,50.84640256,50.53944986,50.58641415,0,0
30.27000000,50.98298698,50.86849712,50.52477770,50.63593302,0,0
30.28000000,51.05743012,50.94398148,50.57123369,50.69568277,0,0
30.29000000,51.08513507,50.95080334,50.64444236,50.73080962,0,0
30.30000000,51.06427996,50.92116843,50.65652524,50.74440338,0,0
30.31000000,51.10293053,50.93061381,50.68544946,50.76663268,0,0
30.32000000,51.08981442,50.90637456,50.69634460,50.77311719,0,0
30.33000000,51.12030936,50.94834634,50.71712195,50.77132949,0,0
30.34000000,51.17623920,51.02360928,50.76259198,50.80634356,0,0
30.35000000,51.19695254,51.05870749,50.76328593,50.83331654,0,0
30.36000000,51.14095979,51.06358929,50.79323334,50.84657941,0,0
30.37000000,51.20100515,51.06905778,50.79508855,50.88847888,0,0
30.38000000,51.25678300,51.09833411,50.82931172,50.89839078,0,0
30.39000000,51.28092291,51.14933425,50.86715323,50.95073990,0,0
30.40000000,51.36842371,51.13557790,50.92691617,50.95209909,0,0
30.41000000,51.37146495,51.19888833,50.96812771,50.99038791,0,0
30.42000000,51.39965103,51.23209868,51.02817638,51.01014925,0,0
30.43000000,51.41202664,51.30826472,51.04464442,51.04358823,0,0
30.44000000,51.42729005,51.30990203,51.06889567,51.07609941,0,0
30.45000000,51.39857112,51.26592158,51.04075758,51.09177463,0,0
30.46000000,51.45797275,51.31300650,51.08891277,51.20775832,0,0
30.47000000,51.51719495,51.30349208,51.13726387,51.33647609,0,0
30.48000000,51.55281043,51.38228906,51.20150953,51.38192072,0,0
30.49000000,51.53669617,51.38450362,51.25604007,51.40764059,0,0
30.50000000,51.59943926,51.41489425,51.24593638,51.36430808,0,0
30.51000000,51.63609179,51.42532117,51.21798767,51.37544538,0,0
30.52000000,51.70999453,51.48386978,51.24279410,51.34311517,0,0
30.53000000,51.73823669,51.52449718,51.28655001,51.36236798,0,0
30.54000000,51.71784853,51.55401621,51.34144502,51.38655039,0,0
30.55000000,51.76411179,51.56589115,51.28773297,51.35040477,0,0
30.56000000,51.82074369,51.60345784,51.29538087,51.33107861,0,0
30.57000000,51.82755151,51.60198926,51.26778265,51.29455092,0,0
30.58000000,51.81472035,51.59370391,51.29541991,51.33416509,0,0
30.59000000,51.78965441,51.58949814,51.37752433,51.36671643,0,0
30.60000000,51.84012380,51.63168345,51.45449840,51.40084252,0,0
30.61000000,51.89366974,51.65268970,51.51492451,51.44268771,0,0
30.62000000,51.99600165,51.65468927,51.55314975,51.46507332,0,0
30.63000000,51.96801585,51.64724730,51.54914341,51.52302913,0,0
30.64000000,51.94251007,51.64705708,51.52165605,51.49320715,0,0
30.65000000,51.97032991,51.69121217,51.59226126,51.57578268,0,0
30.66000000,52.00433453,51.72674433,51.65146627,51.58457711,0,0
30.67000000,52.05399367,51.75908242,51.67844679,51.59598241,0,0
30.68000000,52.08957840,51.75147628,51.69928454,51.62267516,0,0
30.69000000,52.06790478,51.76403788,51.69904142,51.63107291,0,0
30.70000000,52.10853484,51.81205278,51.73587626,51.64513735,0,0
30.71000000,52.09631984,51.78573624,51.75212512,51.72349216,0,0
30.72000000,52.11780352,51.82046920,51.77953871,51.73280844,0,0
30.73000000,52.13797986,51.83191321,51.84190566,51.76128061,0,0
30.74000000,52.19924133,51.87250340,51.87970268,51.78937367,0,0
30.75000000,52.23833497,51.90599159,51.95358981,51.81485772,0,0
30.76000000,52.22915894,51.91852494,51.90758742,51.83546331,0,0
30.77000000,52.24699420,51.92844192,51.88304424,51.84724578,0,0
30.78000000,52.29640835,51.96430519,51.80701579,51.85017723,0,0
30.79000000,52.28913323,52.02602257,51.90230190,51.84818244,0,0
30.80000000,52.33661523,52.06434006,51.95928803,51.90389714,0,0
30.81000000,52.35547532,52.04763982,52.03195255,51.91650887,0,0
30.82000000,52.38444947,52.06366995,52.02641449,51.92003067,0,0
30.83000000,52.42344583,52.05272902,51.98821834,51.94718136,0,0
30.84000000,52.40526382,52.09679336,52.03591519,51.96752668,0,0
30.85000000,52.43611176,52.14893558,52.10189855,51.95955666,0,0
30.86000000,52.45942920,52.17390111,52.13536231,51.99996098,0,0
30.87000000,52.49239018,52.20659645,52.15170607,51.98479820,0,0
30.88000000,52.47216423,52.15877029,52.14502549,52.01820041,0,0
30.89000000,52.53067740,52.16571501,52.13969075,52.04822186,0,0
30.90000000,52.51636565,52.21224952,52.16073187,52.05007640,0,0
30.91000000,52.59497358,52.28405795,52.16444985,52.05854479,0,0
30.92000000,52.59913245,52.31641864,52.22501180,52.08841629,0,0
30.93000000,52.61163443,52.34366352,52.24282192,52.10866463,0,0
30.94000000,52.59316942,52.33772000,52.24968565,52.08984225,0,0
30.95000000,52.66516830,52.34814135,52.24569545,52.14936723,0,0
30.96000000,52.66132137,52.40635684,52.24476504,52.20183445,0,0
30.97000000,52.69232065,52.42039610,52.31487255,52.20494379,0,0
30.98000000,52.70165565,52.42460266,52.28532861,52.23656568,0,0
30.99000000,52.70340334,52.46544099,52.35217215,52.27901393,0,0
31.00000000,52.71857855,52.49880982,52.31561441,52.29185681,0,0
31.01000000,52.77133750,52.53320664,52.33841205,52.30652205,0,0
31.02000000,52.78549567,52.51951845,52.35347460,52.35323091,0,0
31.03000000,52.80793518,52.53620156,52.39404628,52.36366471,0,0
31.04000000,52.82649828,52.57257333,52.48842308,52.44794877,0,0
31.05000000,52.84855304,52.62662516,52.49818742,52.46028361,0,0
31.06000000,52.83232521,52.62624911,52.48425889,52.46948367,0,0
31.07000000,52.90514485,52.65763625,52.47181326,52.51423721,0,0
31.08000000,52.88141142,52.63048483,52.48988819,52.52327908,0,0
31.09000000,52.90577049,52.72095066,52.57319666,52.53377927,0,0
31.10000000,52.96019036,52.73210557,52.61053839,52.57372751,0,0
31.11000000,52.97871123,52.77407109,52.61909652,52.54761710,0,0
31.12000000,52.99168973,52.72705354,52.57287901,52.58753615,0,0
31.13000000,53.04877675,52.76813771,52.58027712,52.59602675,0,0
31.14000000,53.02878600,52.84545518,52.62249403,52.62065522,0,0
31.15000000,53.04509854,52.83877027,52.67684032,52.64743354,0,0
31.16000000,53.12291628,52.88726547,52.71183966,52.67478809,0,0
31.17000000,53.12288517,52.88528951,52.72236687,52.67476158,0,0
31.18000000,53.18697351,52.89692898,52.71030280,52.71347420,0,0
31.19000000,53.12975453,52.92834020,52.72914944,52.76459934,0,0
31.20000000,53.14732699,52.96027666,52.75042601,52.77407499,0,0
31.21000000,53.13652099,52.95219461,52.84269510,52.80296340,0,0
31.22000000,53.20024811,52.95742170,52.81494511,52.81574786,0,0
31.23000000,53.25508433,52.97661113,52.85967833,52.85617502,0,0
31.24000000,53.24239484,52.99496555,52.83306048,52.83596279,0,0
31.25000000,53.29672148,53.02577923,52.86493277,52.86184316,0,0
31.26000000,53.27318114,53.04073859,52.89608087,52.88802508,0,0
31.27000000,53.31477298,53.06825815,52.91327860,52.90585221,0,0
31.28000000,53.36252560,53.07104979,52.97953497,52.98729774,0,0
31.29000000,53.35926884,53.16316309,53.00782422,52.95418406,0,0
31.30000000,53.38854083,53.15572483,53.00031536,52.97444245,0,0
31.31000000,53.36039692,53.16866473,52.97500090,52.97139016,0,0
31.32000000,53.37932599,53.17012624,53.01104277,53.03728800,0,0
31.33000000,53.45086851,53.18674438,53.01467689,53.06564820,0,0
31.34000000,53.45156654,53.18727920,53.07527186,53.03891100,0,0
31.35000000,53.45834522,53.18935428,53.11565646,53.07092204,0,0
31.36000000,53.45332558,53.21158291,53.13145561,53.08493757,0,0
31.37000000,53.53953759,53.26534112,53.16576810,53.11591661,0,0
31.38000000,53.55494246,53.30735121,53.15831095,53.20908220,0,0
31.39000000,53.57870004,53.33245463,53.19925778,53.20492819,0,0
31.40000000,53.60187112,53.29902040,53.19415506,53.21872175,0,0
31.41000000,53.58055119,53.32594977,53.23114513,53.26081168,0,0
31.42000000,53.63510058,53.40316771,53.23161083,53.23399360,0,0
31.43000000,53.62312986,53.44661386,53.23030632,53.26243965,0,0
31.44000000,53.64573419,53.39242521,53.25217664,53.25160228,0,0
31.45000000,53.62958893,53.38066255,53.29509350,53.25696586,0,0
31.46000000,53.70015602,53.40063865,53.33222190,53.25659771,0,0
31.47000000,53.70570856,53.44208987,53.33114542,53.26715747,0,0
31.48000000,53.75398548,53.50540987,53.33666349,53.31089408,0,0
31.49000000,53.71800156,53.49198470,53.34484173,53.29958778,0,0
31.50000000,53.74554067,53.51378702,53.34557117,53.36322272,0,0
31.51000000,53.77850250,53.52101778,53.44148448,53.41978312,0,0
31.52000000,53.81805709,53.50573445,53.42723862,53.45426372,0,0
31.53000000,53.81984624,53.50332427,53.41114630,53.39467636,0,0
31.54000000,53.81473696,53.51260031,53.38482291,53.41900833,0,0
31.55000000,53.80137876,53.58575422,53.40692071,53.43233340,0,0
31.56000000,53.83786538,53.59097909,53.49132417,53.43286744,0,0
31.57000000,53.88928684,53.65904216,53.49737405,53.47538720,0,0
31.58000000,53.89918051,53.61920311,53.53949435,53.44751653,0,0
31.59000000,53.86594949,53.51800532,53.53512667,53.46077431,0,0
31.60000000,53.94739364,53.61585059,53.57105264,53.51474712,0,0
31.61000000,53.91375187,53.68107796,53.59452646,53.54192321,0,0
31.62000000,53.96606763,53.73008832,53.62570737,53.58662130,0,0
31.63000000,53.99783351,53.64874083,53.61116359,53.55544510,0,0
31.64000000,53.99703035,53.69977528,53.66116837,53.56191461,0,0
31.65000000,53.98315479,53.76532983,53.66891933,53.60114768,0,0
31.66000000,54.00819150,53.77700782,53.68458500,53.62669934,0,0
31.67000000,54.04071719,53.76184129,53.70729675,53.70581456,0,0
31.68000000,54.08210432,53.72805218,53.74007385,53.70975974,0,0
31.69000000,54.13486021,53.78125332,53.76022150,53.78105423,0,0
31.70000000,54.14742433,53.79440541,53.77956005,53.73474485,0,0
31.71000000,54.11110134,53.84578746,53.76997880,53.72667278,0,0
31.72000000,54.15312128,53.87790187,53.76844830,53.67182590,0,0
31.73000000,54.18470676,53.89894668,53.75657078,53.72066164,0,0
31.74000000,54.18856770,53.89795159,53.79361069,53.74952910,0,0
31.75000000,54.25177477,53.93894006,53.84275243,53.74410802,0,0
31.76000000,54.24538818,53.94817292,53.87053387,53.83073297,0,0
31.77000000,54.26801695,53.96523763,53.84370466,53.74090775,0,0
31.78000000,54.20335947,53.97905280,53.85021081,53.80024509,0,0
31.79000000,54.22780105,53.95426988,53.86181372,53.83703421,0,0
31.80000000,54.27277091,54.01100085,53.93241622,53.86029210,0,0
31.81000000,54.30132114,54.02305320,53.96488942,53.85457164,0,0
31.82000000,54.32633517,54.02283413,53.97742426,53.85025195,0,0
31.83000000,54.28776049,53.96857254,53.87737865,53.91613492,0,0
31.84000000,54.36136379,54.05534797,53.89041929,53.93386274,0,0
31.85000000,54.34537717,54.10541874,53.93959125,53.96281184,0,0
31.86000000,54.37229282,54.19812507,53.99465431,53.95310418,0,0
31.87000000,54.34483790,54.17450822,53.97526881,53.98412131,0,0
31.88000000,54.34834584,54.17583357,54.04498022,53.97566088,0,0
31.89000000,54.37085989,54.12920909,54.00174773,53.99624843,0,0
31.90000000,54.39279893,54.18346387,54.00162340,54.03959772,0,0
31.91000000,54.42075777,54.23014218,54.03784825,54.09962764,0,0
31.92000000,54.37953604,54.27700096,54.04012259,54.09063003,0,0
31.93000000,54.43873107,54.28591643,54.08071107,54.10947374,0,0
31.94000000,54.39551516,54.26875908,54.13535795,54.16290319,0,0
31.95000000,54.47346265,54.28343598,54.10847442,54.15925015,0,0
31.96000000,54.48833899,54.33852886,54.10989109,54.22845206,0,0
31.97000000,54.50707883,54.37629899,54.09655799,54.27677119,0,0
31.98000000,54.54421199,54.41616308,54.18601336,54.30350343,0,0
31.99000000,54.48201127,54.37205624,54.14656453,54.29518682,0,0
32.00000000,54.56449339,54.45868193,54.20329751,54.32861552,0,0
32.01000000,54.55627092,54.38471083,54.15606859,54.24675780,0,0
32.02000000,54.56564950,54.52404064,54.16672531,54.28163862,0,0
32.03000000,54.55646855,54.53466658,54.20032297,54.29213237,0,0
32.04000000,54.61153740,54.53340566,54.22666797,54.33372888,0,0
32.05000000,54.62633946,54.52036694,54.26808820,54.36982209,0,0
32.06000000,54.66647883,54.48884201,54.24462909,54.42218677,0,0
32.07000000,54.72644867,54.56675878,54.23732258,54.39232498,0,0
32.08000000,54.62290968,54.60876839,54.23258214,54.40875331,0,0
32.09000000,54.66747425,54.64631468,54.31074200,54.45129401,0,0
32.10000000,54.67712420,54.66208119,54.31291264,54.46084264,0,0
32.11000000,54.75020149,54.62940312,54.35523650,54.50499911,0,0
32.12000000,54.73894337,54.65769390,54.32154400,54.51576193,0,0
32.13000000,54.75289177,54.64906026,54.27344558,54.50085020,0,0
32.14000000,54.74097220,54.67869013,54.33085271,54.57368724,0,0
32.15000000,54.78085867,54.71558536,54.37458309,54.54104258,0,0
32.16000000,54.78946863,54.74033402,54.40844325,54.59580068,0,0
32.17000000,54.77658412,54.71979584,54.41097162,54.53679984,0,0
32.18000000,54.81500563,54.71813447,54.39736961,54.60626979,0,0
32.19000000,54.77854623,54.67311925,54.40755190,54.57184513,0,0
32.20000000,54.86751573,54.73728751,54.42291038,54.64720850,0,0
32.21000000,54.88850780,54.75001073,54.41853629,54.71498119,0,0
32.22000000,54.85586102,54.78315357,54.47147660,54.67347051,0,0
32.23000000,54.91106568,54.77877450,54.54308322,54.69894321,0,0
32.24000000,54.92367543,54.76620255,54.56802514,54.70306048,0,0
32.25000000,54.91217835,54.82894346,54.59748207,54.74280877,0,0
32.26000000,54.91963638,54.73054413,54.57054947,54.75317706,0,0
32.27000000,54.96542830,54.82819267,54.60759989,54.75746310,0,0
32.28000000,54.99200525,54.84809058,54.61960936,54.79857233,0,0
32.29000000,54.99823885,54.87015654,54.65360702,54.76771667,0,0
32.30000000,55.00954452,54.85588387,54.63352030,54.77102019,0,0
32.31000000,55.01232228,54.87045126,54.68248158,54.78379812,0,0
32.32000000,55.05148601,54.91066559,54.66863595,54.80711979,0,0
32.33000000,55.08747024,54.91820663,54.71494678,54.85694424,0,0
32.34000000,55.04965803,54.93236241,54.77499045,54.91166167,0,0
32.35000000,55.08663034,54.91067097,54.70012972,54.88763087,0,0
32.36000000,55.11219345,54.91923045,54.73412350,54.95642990,0,0
32.37000000,55.13809860,54.98255352,54.68659732,54.90330083,0,0
32.38000000,55.16123687,54.96405550,54.75094550,54.92036145,0,0
32.39000000,55.13864148,54.98684844,54.74307167,54.95281026,0,0
32.40000000,55.17800915,55.00352972,54.74857079,54.91787340,0,0
32.41000000,55.14292692,55.02824504,54.80653525,54.96701654,0,0
32.42000000,55.17490897,55.03458553,54.80784403,54.94197551,0,0
32.43000000,55.32400038,55.09155438,54.79380408,54.97588646,0,0
32.44000000,55.25899555,55.05738450,54.78022970,54.90857611,0,0
32.45000000,55.22638540,55.08366907,54.87128361,54.95598066,0,0
32.46000000,55.14003078,55.10419774,54.89165494,54.96225012,0,0
32.47000000,55.23665464,55.10505310,54.91957484,54.97553923,0,0
32.48000000,55.28639389,55.13256341,54.88814985,55.00565180,0,0
32.49000000,55.37165383,55.14037355,54.90457057,55.04812450,0,0
32.50000000,55.29815088,55.14707947,54.91045348,55.08846155,0,0
32.51000000,55.30159499,55.11901924,54.94783142,55.07732681,0,0
32.52000000,55.30392477,55.21134346,54.98146971,55.12037276,0,0
32.53000000,55.37159068,55.23165518,54.98029957,55.12262634,0,0
32.54000000,55.37700634,55.23319939,54.97411688,55.11968550,0,0
32.55000000,55.37200896,55.21151964,54.96862919,55.16666041,0,0
32.56000000,55.40526643,55.20372901,55.02016642,55.15344340,0,0
32.57000000,55.44155551,55.30496796,55.00886169,55.13324796,0,0
32.58000000,55.45777549,55.28146426,55.02873814,55.17116869,0,0
32.59000000,55.42591944,55.27719419,54.90939108,55.13204531,0,0
32.60000000,55.37861748,55.25758180,55.09763891,55.18621614,0,0
32.61000000,55.44799145,55.30015508,55.19175573,55.20079112,0,0
32.62000000,55.44761587,55.36346833,55.10838782,55.21226670,0,0
32.63000000,55.49208986,55.30176801,55.10797022,55.22097432,0,0
32.64000000,55.55006340,55.32153341,55.06956655,55.22005514,0,0
32.65000000,55.55052606,55.32241397,55.08036485,55.23444916,0,0
32.66000000,55.53119257,55.40323818,55.13643090,55.26352613,0,0
32.67000000,55.57473257,55.41606111,55.18227367,55.25691904,0,0
32.68000000,55.55266215,55.38697953,55.16231781,55.28737511,0,0
32.69000000,55.56182120,55.39154035,55.17672646,55.23355234,0,0
32.70000000,55.59606085,55.38482903,55.17691011,55.30289338,0,0
32.71000000,55.58249320,55.42651117,55.18611707,55.36459435,0,0
32.72000000,55.61238900,55.43392210,55.18862423,55.33858827,0,0
32.73000000,55.63765416,55.45345263,55.21908570,55.35168252,0,0
32.74000000,55.63627693,55.42980746,55.28297078,55.34167765,0,0
32.75000000,55.67862893,55.47721298,55.29361819,55.36822859,0,0
32.76000000,55.62627666,55.51981566,55.30286307,55.38977041,0,0
32.77000000,55.65735824,55.44361472,55.32153987,55.41558763,0,0
32.78000000,55.70227038,55.48574471,55.28014387,55.39972302,0,0
32.79000000,55.67470229,55.50210569,55.30895876,55.41291475,0,0
32.80000000,55.70902134,55.52189821,55.29720498,55.46639793,0,0
32.81000000,55.71473818,55.55560471,55.34723444,55.41855064,0,0
32.82000000,55.75785558,55.57397279,55.35101750,55.49086524,0,0
32.83000000,55.73901019,55.54753235,55.35523051,55.50310539,0,0
32.84000000,55.74367373,55.53852730,55.34168098,55.49967954,0,0
32.85000000,55.73635867,55.54663072,55.41452280,55.53141468,0,0
32.86000000,55.79031848,55.62251471,55.44618663,55.48076473,0,0
32.87000000,55.82335367,55.59422304,55.35277512,55.50169813,0,0
32.88000000,55.80268389,55.64715889,55.40621701,55.52527054,0,0
32.89000000,55.81698230,55.67935220,55.37231469,55.54291688,0,0
32.90000000,55.84255671,55.68933537,55.45382201,55.54968873,0,0
32.91000000,55.83927098,55.66735406,55.49143208,55.58198288,0,0
32.92000000,55.87860155,55.62443894,55.50503375,55.57028627,0,0
32.93000000,55.81092816,55.66018608,55.48517009,55.60314117,0,0
32.94000000,55.87080789,55.65378457,55.46043481,55.63138837,0,0
32.95000000,55.88490806,55.73318244,55.49795434,55.58676645,0,0
32.96000000,55.92501676,55.68982212,55.49649826,55.62206308,0,0
32.97000000,55.88709525,55.70119909,55.51332237,55.63211839,0,0
32.98000000,55.90406758,55.68636804,55.51542626,55.60834197,0,0
32.99000000,55.87480249,55.76080098,55.56635481,55.66148969,0,0
33.00000000,55.93625036,55.75264088,55.56723924,55.66232446,0,0
33.01000000,55.97058116,55.79132945,55.54300958,55.66938883,0,0
33.02000000,55.99107284,55.75039806,55.58550015,55.66658698,0,0
33.03000000,55.95503671,55.74915757,55.60776080,55.66386083,0,0
33.04000000,55.95090948,55.76059492,55.61168549,55.64770431,0,0
33.05000000,55.94822935,55.81155025,55.59278332,55.68648942,0,0
33.06000000,56.04551541,55.83996485,55.57377443,55.69878095,0,0
33.07000000,55.99526731,55.77360324,55.64063071,55.75400659,0,0
33.08000000,56.01203482,55.77109506,55.62104465,55.75653695,0,0
33.09000000,55.98527033,55.84594331,55.63677663,55.74746981,0,0
33.10000000,56.02822708,55.85009424,55.65239790,55.77405166,0,0
33.11000000,56.06994026,55.84407475,55.65704573,55.78692538,0,0
33.12000000,56.09596593,55.85399339,55.67340675,55.78540874,0,0
33.13000000,56.10323404,55.89317511,55.73129099,55.80062567,0,0
33.14000000,56.05681700,55.88743760,55.78023857,55.80475178,0,0
33.15000000,56.03759898,55.96428127,55.74287622,55.80299971,0,0
33.16000000,56.05916335,55.90059346,55.69557441,55.83516787,0,0
33.17000000,56.16601609,55.94365450,55.71603264,55.88537832,0,0
33.18000000,56.18065719,55.92328197,55.72373836,55.85651622,0,0
33.19000000,56.11886540,55.93584409,55.78696549,55.90590686,0,0
33.20000000,56.14871641,55.92045177,55.74390907,55.86201437,0,0
33.21000000,56.13592020,55.95236746,55.77306229,55.87535632,0,0
33.22000000,56.17048249,55.98664615,55.78427694,55.89408596,0,0
33.23000000,56.21126564,55.97880558,55.79058967,55.90638378,0,0
33.24000000,56.18554753,55.99203173,55.82701460,55.91776469,0,0
33.25000000,56.18105768,56.02033652,55.83300063,55.91200526,0,0
33.26000000,56.19566528,55.98225085,55.80343248,55.90531567,0,0
33.27000000,56.21011842,55.99095195,55.78902864,55.91728568,0,0
33.28000000,56.23832153,56.01821443,55.80203573,55.93729582,0,0
33.29000000,56.19616795,55.99711339,55.84480894,55.87062618,0,0
33.30000000,56.17666721,56.03409646,55.86158030,55.95891566,0,0
33.31000000,56.21026199,56.04313764,55.90301414,55.93072200,0,0
33.32000000,56.26211765,56.05141263,55.82378603,55.95200454,0,0
33.33000000,56.25740665,56.03955489,55.83501510,56.00529079,0,0
33.34000000,56.23719353,56.08961727,55.85526917,56.00230476,0,0
33.35000000,56.23263181,56.08251555,55.92888316,56.05663693,0,0
33.36000000,56.28018340,56.11453471,55.95217779,56.08306240,0,0
33.37000000,56.29618854,56.10464613,55.96411605,56.03879795,0,0
33.38000000,56.33947506,56.09634651,55.94190087,56.07499912,0,0
33.39000000,56.28122567,56.11745338,55.92123169,56.06995402,0,0
33.40000000,56.33940355,56.10549110,55.96280388,56.11885018,0,0
33.41000000,56.33788624,56.16113452,55.99377897,56.09512849,0,0
33.42000000,56.34939572,56.11622857,56.01330254,56.11664177,0,0
33.43000000,56.39552005,56.16871765,55.99497771,56.11683783,0,0
33.44000000,56.35225945,56.18870313,55.99011715,56.05238872,0,0
33.45000000,56.39714326,56.24153740,56.02706105,56.08111056,0,0
33.46000000,56.38456589,56.23743489,56.04060933,56.12329783,0,0
33.47000000,56.42304614,56.18674308,56.01787509,56.09052755,0,0
33.48000000,56.44362734,56.23028269,56.08079345,56.13325952,0,0
33.49000000,56.41470047,56.23642144,56.06658322,56.15062607,0,0
33.50000000,56.45481893,56.30165236,56.04586226,56.15683176,0,0
33.51000000,56.46911501,56.29627749,56.03441311,56.15594415,0,0
33.52000000,56.45531035,56.24566445,56.02368450,56.16085597,0,0
33.53000000,56.48547170,56.22677692,56.06657735,56.19481399,0,0
33.54000000,56.51822737,56.26637023,56.07780899,56.18185478,0,0
33.55000000,56.51762365,56.31649801,56.09732336,56.22929311,0,0
33.56000000,56.50842575,56.36344570,56.08525282,56.23311772,0,0
33.57000000,56.51603200,56.30281306,56.05424827,56.20695146,0,0
33.58000000,56.43109587,56.33501020,56.14704954,56.24482530,0,0
33.59000000,56.61299723,56.32671091,56.15062486,56.24038608,0,0
33.60000000,56.59187628,56.34373780,56.18199409,56.22178733,0,0
33.61000000,56.61360272,56.37886744,56.17846357,56.30219135,0,0
33.62000000,56.51711209,56.34731798,56.16955645,56.28535889,0,0
33.63000000,56.55179122,56.41047023,56.18601571,56.32985289,0,0
33.64000000,56.60198858,56.39488212,56.23205095,56.32952190,0,0
33.65000000,56.67516750,56.42417378,56.25974927,56.32871803,0,0
33.66000000,56.59118047,56.36845904,56.24120808,56.34620287,0,0
33.67000000,56.59968073,56.36142930,56.23560942,56.32941020,0,0
33.68000000,56.65331158,56.45872529,56.27541295,56.40719456,0,0
33.69000000,56.75401643,56.45061367,56.27121119,56.39109096,0,0
33.70000000,56.72461601,56.44101528,56.31047360,56.38367093,0,0
33.71000000,56.66371228,56.38963207,56.31040211,56.38926276,0,0
33.72000000,56.62283023,56.41729454,56.35201069,56.38630596,0,0
33.73000000,56.66326035,56.49563256,56.31482471,56.40916732,0,0
33.74000000,56.72684971,56.47351141,56.33508502,56.40111196,0,0
33.75000000,56.69434554,56.45262462,56.26065160,56.35103384,0,0
33.76000000,56.74524347,56.43023293,56.30721891,56.42061229,0,0
33.77000000,56.70633952,56.47216035,56.40086355,56.36259828,0,0
33.78000000,56.75245380,56.52311759,56.39921539,56.40370679,0,0
33.79000000,56.75945223,56.49677569,56.35950763,56.42156449,0,0
33.80000000,56.77691887,56.46091069,56.37724283,56.39187966,0,0
33.81000000,56.76006836,56.51408534,56.39954047,56.44353649,0,0
33.82000000,56.77722898,56.52420667,56.44455435,56.44115706,0,0
33.83000000,56.79207379,56.55198041,56.35964920,56.46159505,0,0
33.84000000,56.79999747,56.54967319,56.35217255,56.45970899,0,0
33.85000000,56.83288459,56.54126477,56.36896872,56.48876715,0,0
33.86000000,56.77296498,56.56965918,56.43596181,56.52956615,0,0
33.87000000,56.82431554,56.55992389,56.52092171,56.49051127,0,0
33.88000000,56.78774833,56.59963375,56.49520625,56.54301951,0,0
33.89000000,56.84169682,56.57350045,56.49560401,56.51696951,0,0
33.90000000,56.86126544,56.57986821,56.44873239,56.54020361,0,0
33.91000000,56.88088101,56.58968121,56.50131281,56.56570828,0,0
33.92000000,56.88050195,56.63269261,56.49450388,56.56067926,0,0
33.93000000,56.83449756,56.64663034,56.53809363,56.59191651,0,0
33.94000000,56.86955470,56.66733303,56.50681598,56.58599691,0,0
33.95000000,56.85377336,56.64647828,56.51135837,56.57931525,0,0
33.96000000,56.93725612,56.61882371,56.51507715,56.60475977,0,0
33.97000000,56.93134720,56.67276571,56.52856315,56.58273738,0,0
33.98000000,56.99518717,56.68884143,56.56495419,56.60082389,0,0
33.99000000,56.95456828,56.68719018,56.54568987,56.60636043,0,0
34.00000000,56.93270951,56.69517850,56.55113763,56.56294551,0,0
34.01000000,56.93244199,56.72664355,56.56494317,56.61187586,0,0
34.02000000,56.98961941,56.74214900,56.61671236,56.60353412,0,0
34.03000000,57.02043956,56.72614198,56.60761933,56.66182797,0,0
34.04000000,56.98437302,56.73054590,56.61329031,56.68619852,0,0
34.05000000,56.95460995,56.75744071,56.60173669,56.67201048,0,0
34.06000000,56.99841402,56.76884286,56.61773150,56.71559860,0,0
34.07000000,57.04205934,56.81145044,56.64947852,56.69672450,0,0
34.08000000,57.05773547,56.74891357,56.69366742,56.70409456,0,0
34.09000000,57.02797028,56.72005372,56.72669006,56.69715487,0,0
34.10000000,57.03671378,56.75340838,56.68763943,56.73908209,0,0
34.11000000,57.03396733,56.78918342,56.67272332,56.74248782,0,0
34.12000000,57.10739480,56.84251874,56.63346270,56.75983616,0,0
34.13000000,57.10021458,56.87149290,56.64450674,56.72789509,0,0
34.14000000,57.12547507,56.82995653,56.67464347,56.74279613,0,0
34.15000000,57.07904003,56.83441771,56.74834883,56.76645933,0,0
34.16000000,57.10083567,56.83364795,56.73411843,56.75715853,0,0
34.17000000,57.10794470,56.87191147,56.72719077,56.77434840,0,0
34.18000000,57.13737699,56.89889832,56.70846608,56.77311736,0,0
34.19000000,57.10352091,56.88097078,56.73216037,56.79122007,0,0
34.20000000,57.13752679,56.88088623,56.79773861,56.82093646,0,0
34.21000000,57.18236659,56.86768188,56.80427012,56.82802623,0,0
34.22000000,57.12499839,56.90536579,56.74616268,56.83000480,0,0
34.23000000,57.12100307,56.94888556,56.77200907,56.88793329,0,0
34.24000000,57.12113008,56.95899966,56.78401537,56.89815737,0,0
34.25000000,57.20320555,56.95900110,56.83984650,56.92865312,0,0
34.26000000,57.21707997,56.94003421,56.83978980,56.90935838,0,0
34.27000000,57.20670051,56.94436178,56.82227032,56.89141029,0,0
34.28000000,57.18416441,56.98925955,56.77094084,56.91151777,0,0
34.29000000,57.21840542,57.00911904,56.82257183,56.87322076,0,0
34.30000000,57.20513341,57.00191534,56.81800465,56.91298885,0,0
34.31000000,57.21384855,57.00097133,56.87183824,56.89496046,0,0
34.32000000,57.21085739,56.97186182,56.83614412,56.91389859,0,0
34.33000000,57.24711039,57.03193868,56.84196573,56.89599171,0,0
34.34000000,57.23775191,57.03481270,56.84178707,56.93153673,0,0
34.35000000,57.28585256,57.04825866,56.86213879,56.94471619,0,0
34.36000000,57.26991400,57.03946652,56.88141352,56.94850431,0,0
34.37000000,57.29750768,57.03391183,56.93007998,56.97248355,0,0
34.38000000,57.26561091,57.06614307,56.97236321,56.95798448,0,0
34.39000000,57.26809692,57.07118717,56.89397131,56.97853623,0,0
34.40000000,57.30875272,57.10233346,56.86179403,56.98267487,0,0
34.41000000,57.30859228,57.02778709,56.88748825,57.01611150,0,0
34.42000000,57.31900494,57.06671676,56.90964308,57.01209517,0,0
34.43000000,57.33427747,57.09940783,56.95876483,57.00894281,0,0
34.44000000,57.33196816,57.12794065,56.93392631,57.01042634,0,0
34.45000000,57.35462879,57.13998518,56.94520569,57.02161559,0,0
34.46000000,57.36346350,57.10105066,56.98062824,57.04767671,0,0
34.47000000,57.40648187,57.14648642,56.99452863,57.04123581,0,0
34.48000000,57.37363259,57.13544042,57.02455192,57.07517478,0,0
34.49000000,57.31879592,57.21427925,56.99303540,57.07609957,0,0
34.50000000,57.35233915,57.14723749,56.98503506,57.09064734,0,0
34.51000000,57.35047088,57.13674970,56.97681035,57.09963797,0,0
34.52000000,57.49669962,57.16283328,57.02552868,57.10822159,0,0
34.53000000,57.43835615,57.13311034,57.04625373,57.13610315,0,0
34.54000000,57.44718717,57.18264946,57.04935825,57.11017736,0,0
34.55000000,57.37526888,57.16674268,57.05497756,57.12308948,0,0
34.56000000,57.44138216,57.25200230,57.04185271,57.12300082,0,0
34.57000000,57.48344746,57.22857499,57.05577508,57.16378862,0,0
34.58000000,57.45336545,57.21373010,57.05568045,57.15017974,0,0
34.59000000,57.42798360,57.18171745,57.05898020,57.13437988,0,0
34.60000000,57.41092236,57.23125922,57.07444048,57.18007280,0,0
34.61000000,57.47669583,57.26880364,57.07062257,57.16734856,0,0
34.62000000,57.50537620,57.27013635,57.11357057,57.19412396,0,0
34.63000000,57.50365904,57.20957326,57.11016878,57.16537195,0,0
34.64000000,57.44893310,57.16781959,57.17654726,57.21001993,0,0
34.65000000,57.53689577,57.21446204,57.19840760,57.22305331,0,0
34.66000000,57.50644295,57.27728804,57.11210813,57.22494636,0,0
34.67000000,57.54354936,57.33521279,57.11075843,57.23349199,0,0
34.68000000,57.52209154,57.29652255,57.05271671,57.19136798,0,0
34.69000000,57.54193210,57.23762858,57.15262630,57.24486092,0,0
34.70000000,57.56269219,57.27263669,57.18690175,57.25128848,0,0
34.71000000,57.49178897,57.28513282,57.20955390,57.24162162,0,0
34.72000000,57.47621672,57.29368820,57.19554393,57.24648865,0,0
34.73000000,57.51026038,57.29884737,57.21009663,57.25797774,0,0
34.74000000,57.57684131,57.28255276,57.21563872,57.25799407,0,0
34.75000000,57.59238524,57.31200089,57.20311717,57.27187608,0,0
34.76000000,57.57771989,57.31482141,57.20950508,57.28115852,0,0
34.77000000,57.54645882,57.37274249,57.18210289,57.28383049,0,0
34.78000000,57.54886165,57.35429255,57.20694891,57.30818846,0,0
34.79000000,57.62109762,57.32250502,57.20375292,57.33053641,0,0
34.80000000,57.63642024,57.32315049,57.21635057,57.32886410,0,0
34.81000000,57.62943453,57.38282287,57.21297810,57.30379547,0,0
34.82000000,57.59031791,57.41844942,57.22883934,57.27629007,0,0
34.83000000,57.61800596,57.40512429,57.21485123,57.29516796,0,0
34.84000000,57.65343627,57.39048108,57.23442466,57.30145925,0,0
34.85000000,57.66010732,57.35117184,57.27031655,57.35873423,0,0
34.86000000,57.59739236,57.35209429,57.31651972,57.33906542,0,0
34.87000000,57.60728204,57.36591373,57.34233307,57.37248238,0,0
34.88000000,57.64178096,57.46330443,57.31474434,57.39245501,0,0
34.89000000,57.67771327,57.44808170,57.27873247,57.36363187,0,0
34.90000000,57.67967715,57.42786561,57.28950727,57.37351564,0,0
34.91000000,57.65508576,57.41587363,57.30310714,57.37195976,0,0
34.92000000,57.66935145,57.39351876,57.31507919,57.38343951,0,0
34.93000000,57.64846678,57.48365708,57.29802680,57.39748405,0,0
34.94000000,57.65392783,57.46861997,57.26946774,57.40743059,0,0
34.95000000,57.63565010,57.47464408,57.25207999,57.40203739,0,0
34.96000000,57.68548002,57.43561006,57.26133884,57.38332183,0,0
34.97000000,57.71774900,57.44496875,57.28207697,57.38853842,0,0
34.98000000,57.73467660,57.48481141,57.26661331,57.38091355,0,0
34.99000000,57.65820891,57.49058936,57.26371606,57.41070008,0,0
35.00000000,57.65833586,57.48815731,57.29007301,57.40628388,0,0
35.01000000,57.69034372,57.47324392,57.32371090,57.42772209,0,0
35.02000000,57.72452418,57.49531973,57.38260382,57.46051542,0,0
35.03000000,57.72446152,57.49693021,57.34153227,57.46244548,0,0
35.04000000,57.68756831,57.52069848,57.33939395,57.44356225,0,0
35.05000000,57.65331567,57.51672942,57.35681156,57.50486968,0,0
35.06000000,57.74650739,57.56373273,57.35648563,57.50844134,0,0
35.07000000,57.83050235,57.56412358,57.39178079,57.47564793,0,0
35.08000000,57.79611215,57.48671169,57.39831216,57.50308069,0,0
35.09000000,57.79318948,57.52793815,57.42908744,57.47939233,0,0
35.10000000,57.70090200,57.55752449,57.42026386,57.48617184,0,0
35.11000000,57.78591038,57.64196922,57.40869931,57.51644213,0,0
35.12000000,57.79964508,57.59759473,57.37509658,57.51390524,0,0
35.13000000,57.78246453,57.56469564,57.39641748,57.52434365,0,0
35.14000000,57.75917702,57.59110272,57.42186764,57.53746138,0,0
35.15000000,57.78562950,57.59584190,57.44128471,57.56238184,0,0
35.16000000,57.81826806,57.65121083,57.43093979,57.57541939,0,0
35.17000000,57.84071771,57.60451953,57.40812336,57.56126369,0,0
35.18000000,57.80146225,57.54861433,57.42406647,57.52312395,0,0
35.19000000,57.79390672,57.55780788,57.44118214,57.56484618,0,0
35.20000000,57.81322737,57.60272528,57.41688325,57.51796178,0,0
35.21000000,57.81058673,57.62747591,57.37350918,57.52527625,0,0
35.22000000,57.86158211,57.63760088,57.31410980,57.53987971,0,0
35.23000000,57.80944352,57.58877802,57.36083878,57.55240738,0,0
35.24000000,57.82711525,57.65312524,57.48862811,57.62201286,0,0
35.25000000,57.78829027,57.63484889,57.48046302,57.57963356,0,0
35.26000000,57.80954917,57.64459213,57.51403887,57.58776812,0,0
35.27000000,57.80369956,57.62348372,57.47288247,57.59117503,0,0
35.28000000,57.82908206,57.61861594,57.45086485,57.59260271,0,0
35.29000000,57.81341090,57.61157810,57.49936123,57.60700986,0,0
35.30000000,57.86339489,57.62597907,57.47971728,57.60091529,0,0
35.31000000,57.87317757,57.64165764,57.49908579,57.63399206,0,0
35.32000000,57.88953787,57.68351702,57.50060254,57.62557324,0,0
35.33000000,57.84231147,57.67439157,57.48936890,57.62885965,0,0
35.34000000,57.82030437,57.66333290,57.51872169,57.66712776,0,0
35.35000000,57.81275392,57.68757009,57.51901841,57.69034785,0,0
35.36000000,57.79086341,57.66270910,57.51302914,57.66648526,0,0
35.37000000,57.78079525,57.68518530,57.50814856,57.65781394,0,0
35.38000000,57.82345186,57.68892834,57.50398565,57.62797222,0,0
35.39000000,57.86508255,57.71122383,57.51752903,57.65530049,0,0
35.40000000,57.90931875,57.70815276,57.52816867,57.63420715,0,0
35.41000000,57.92863135,57.71453748,57.54470777,57.67771052,0,0
35.42000000,57.94174797,57.73916315,57.52867777,57.68995682,0,0
35.43000000,57.89606229,57.73789548,57.52018148,57.65365953,0,0
35.44000000,57.91485978,57.78888983,57.49469258,57.70041192,0,0
35.45000000,57.91101095,57.80110491,57.48424910,57.70496636,0,0
35.46000000,57.91092216,57.76485611,57.45856668,57.70795170,0,0
35.47000000,57.91691174,57.71473648,57.50768666,57.69625206,0,0
35.48000000,57.93518966,57.74685462,57.58418457,57.68343907,0,0
35.49000000,57.95742428,57.76469015,57.62303758,57.72450094,0,0
35.50000000,57.97329968,57.78484883,57.64548065,57.72296430,0,0
35.51000000,57.95987956,57.79679412,57.68192853,57.73691999,0,0
35.52000000,57.96003327,57.77937430,57.65707933,57.77510539,0,0
35.53000000,57.96688658,57.78762501,57.64384566,57.74098031,0,0
35.54000000,57.97809970,57.81040805,57.59032322,57.73863561,0,0
35.55000000,58.01293725,57.82974139,57.52863275,57.75890309,0,0
35.56000000,57.99871432,57.81291138,57.48695708,57.73588686,0,0
35.57000000,58.01969648,57.82485720,57.52666200,57.75890442,0,0
35.58000000,58.02149631,57.84907617,57.56428182,57.74928787,0,0
35.59000000,58.03160737,57.85132304,57.64541787,57.76767185,0,0
35.60000000,58.03166937,57.81242265,57.63581561,57.77051076,0,0
35.61000000,58.01822925,57.82229941,57.61902789,57.79534979,0,0
35.62000000,58.02969640,57.83475344,57.63151042,57.83735820,0,0
35.63000000,58.07361583,57.86797898,57.63816885,57.83594562,0,0
35.64000000,58.06898917,57.86993127,57.65961334,57.81930468,0,0
35.65000000,58.06230061,57.87402023,57.67848640,57.81040707,0,0
35.66000000,58.06100895,57.90508802,57.69342560,57.82106715,0,0
35.67000000,58.07399628,58.01588054,57.69025407,57.82658996,0,0
35.68000000,58.07154450,58.00538312,57.69986824,57.86416612,0,0
35.69000000,58.08263313,57.81930781,57.71273731,57.85970894,0,0
35.70000000,58.11886183,57.73490120,57.72212101,57.85305840,0,0
35.71000000,58.16717853,57.75511640,57.69332027,57.84399216,0,0
35.72000000,58.13534984,57.88996904,57.68663597,57.84361087,0,0
35.73000000,58.08363305,57.95786652,57.68419189,57.83840082,0,0
35.74000000,58.05165491,57.95518140,57.69433402,57.80968476,0,0
35.75000000,58.09104690,57.89144375,57.74888335,57.81299613,0,0
35.76000000,58.16508327,57.86285700,57.76613755,57.83733961,0,0
35.77000000,58.19232069,57.84486690,57.73570678,57.82493642,0,0
35.78000000,58.12253903,57.86299432,57.73445037,57.83689907,0,0
35.79000000,58.09422938,57.87977641,57.73920087,57.83700298,0,0
35.80000000,58.09192057,57.90816683,57.80590754,57.79459202,0,0
35.81000000,58.13674045,57.90743171,57.80077845,57.75355424,0,0
35.82000000,58.18051483,57.90106586,57.79067126,57.80116906,0,0
35.83000000,58.15618063,57.89101644,57.77010566,57.86353249,0,0
35.84000000,58.15294376,57.85204641,57.76600122,57.97554419,0,0
35.85000000,58.15850357,57.89367847,57.77091286,58.06494220,0,0
35.86000000,58.16762747,57.91569869,57.80923066,57.97106089,0,0
35.87000000,58.18794255,57.94951096,57.83793897,57.89767748,0,0
35.88000000,58.20855371,57.96503569,57.86329154,57.85915747,0,0
35.89000000,58.21961770,57.94568570,57.83802785,57.86412503,0,0
35.90000000,58.22798470,57.92637046,57.83449888,57.90292930,0,0
35.91000000,58.22014382,57.92321956,57.84115898,57.91728825,0,0
35.92000000,58.20037685,57.95446112,57.84658149,57.93188249,0,0
35.93000000,58.22124343,57.97707752,57.87334227,57.91385945,0,0
35.94000000,58.22734036,57.96060711,57.87825640,57.91238342,0,0
35.95000000,58.24724623,57.92447622,57.88927852,57.92368475,0,0
35.96000000,58.24805438,57.92769558,57.87031772,57.93425251,0,0
35.97000000,58.25241817,57.97083940,57.88250997,57.93761641,0,0
35.98000000,58.24691871,58.03510485,57.86716123,57.92046110,0,0
35.99000000,58.26126206,58.02890748,57.88866113,57.89205880,0,0
36.00000000,58.28708803,57.97653569,57.87879556,57.92043203,0,0
36.01000000,58.27494644,57.96955524,57.88459755,57.92996298,0,0
36.02000000,58.27877386,57.98951239,57.87432066,57.93883044,0,0
36.03000000,58.25699736,58.04660203,57.88625050,57.94763525,0,0
36.04000000,58.27743607,58.05900303,57.87232912,57.94725831,0,0
36.05000000,58.27012176,58.01607786,57.88850975,57.96267326,0,0
36.06000000,58.32152323,57.96550210,57.89779057,57.96371373,0,0
36.07000000,58.30906721,57.96952142,57.92242478,57.96467997,0,0
36.08000000,58.28688953,58.01465048,57.92109566,57.98334186,0,0
36.09000000,58.26621908,58.07361688,57.92695770,57.98637008,0,0
36.10000000,58.25186143,58.05950439,57.94462487,57.99306240,0,0
36.11000000,58.29450795,58.03826302,57.95012996,58.00180618,0,0
36.12000000,58.33308964,58.00997626,57.94729632,57.98391833,0,0
36.13000000,58.35148812,58.03870900,57.93970730,58.00041876,0,0
36.14000000,58.33304448,58.07561178,57.94274211,58.02311528,0,0
36.15000000,58.29337223,58.07999459,57.94564148,58.02435445,0,0
36.16000000,58.29626712,58.09235270,57.96614635,58.02966195,0,0
36.17000000,58.36954235,58.06942689,58.00400786,58.02283192,0,0
36.18000000,58.36902000,58.06566426,57.97547627,58.00764454,0,0
36.19000000,58.35453736,58.08793783,57.96597187,58.00680834,0,0
36.20000000,58.34537382,58.11865072,57.94740992,58.04235637,0,0
36.21000000,58.33348941,58.09725496,57.97810584,58.06196634,0,0
36.22000000,58.36270902,58.11987922,57.98948792,58.06842169,0,0
36.23000000,58.38379322,58.11368636,58.03847664,58.08973211,0,0
36.24000000,58.38782395,58.11899896,58.04945723,58.07393641,0,0
36.25000000,58.38845093,58.11108042,58.02546345,58.04686241,0,0
36.26000000,58.43255027,58.12495455,58.00646401,58.06908483,0,0
36.27000000,58.44943797,58.13070202,57.99991100,58.07125996,0,0
36.28000000,58.46203461,58.11510901,58.01305958,58.09410926,0,0
36.29000000,58.41884030,58.15514503,58.03972746,58.10212147,0,0
36.30000000,58.42535849,58.20088359,58.06633909,58.08366082,0,0
36.31000000,58.42350474,58.18589326,58.06256489,58.09500953,0,0
36.32000000,58.47416544,58.17135194,58.01891298,58.07754717,0,0
36.33000000,58.45891149,58.13977355,58.01464924,58.09203343,0,0
36.34000000,58.44099457,58.13519029,58.05840327,58.10450424,0,0
36.35000000,58.42081136,58.20851876,58.08277164,58.09699208,0,0
36.36000000,58.44730070,58.20727908,58.07040729,58.09783570,0,0
36.37000000,58.45215929,58.17674311,58.05505120,58.11000337,0,0
36.38000000,58.47417719,58.12798423,58.04964609,58.10629051,0,0
36.39000000,58.43101823,58.13714945,58.04306029,58.14497974,0,0
36.40000000,58.41789297,58.19634636,58.04602965,58.14428065,0,0
36.41000000,58.44065193,58.27002022,58.04923459,58.15267077,0,0
36.42000000,58.47638506,58.26027887,58.02565686,58.13715812,0,0
36.43000000,58.46606898,58.15048445,58.06837889,58.13953643,0,0
36.44000000,58.47086015,58.13040082,58.10676572,58.15618416,0,0
36.45000000,58.43991913,58.18766779,58.14062084,58.17151412,0,0
36.46000000,58.47839035,58.27202966,58.12787805,58.17850849,0,0
36.47000000,58.49431591,58.26140919,58.13631862,58.22369092,0,0
36.48000000,58.50046978,58.22275974,58.10410934,58.19433335,0,0
36.49000000,58.49629423,58.20788872,58.12292821,58.20149579,0,0
36.50000000,58.53477076,58.26532672,58.15892968,58.24986116,0,0
36.51000000,58.49918307,58.25887436,58.15045262,58.22541122,0,0
36.52000000,58.47226484,58.23157919,58.17612393,58.24286387,0,0
36.53000000,58.45705937,58.18751356,58.19386965,58.23206949,0,0
36.54000000,58.47466976,58.20883107,58.20734424,58.21712610,0,0
36.55000000,58.50666935,58.23946576,58.20052005,58.19812130,0,0
36.56000000,58.52661290,58.27278581,58.16486894,58.17502824,0,0
36.57000000,58.50787639,58.30342007,58.14679591,58.18148275,0,0
36.58000000,58.49529736,58.28358740,58.16014198,58.22139641,0,0
36.59000000,58.49799698,58.25040105,58.15497281,58.24765445,0,0
36.60000000,58.50763256,58.22136001,58.11952063,58.23390263,0,0
36.61000000,58.52332830,58.21374248,58.12686643,58.22766652,0,0
36.62000000,58.54376813,58.25882430,58.10847708,58.18909767,0,0
36.63000000,58.50971638,58.28592897,58.12253866,58.17977356,0,0
36.64000000,58.50882056,58.26336163,58.15137102,58.19494329,0,0
36.65000000,58.49158873,58.24881707,58.16948036,58.23096741,0,0
36.66000000,58.48806096,58.25299757,58.19447799,58.27912470,0,0
36.67000000,58.55678511,58.27555459,58.24189174,58.33169189,0,0
36.68000000,58.56746253,58.28367462,58.25577349,58.33013806,0,0
36.69000000,58.54341803,58.24983125,58.25114522,58.31530428,0,0
36.70000000,58.52793874,58.29198366,58.22851791,58.29386294,0,0
36.71000000,58.54320224,58.30193777,58.20973692,58.29413404,0,0
36.72000000,58.56012285,58.32503825,58.21742199,58.27080114,0,0
36.73000000,58.56197774,58.32095424,58.22229038,58.24955503,0,0
36.74000000,58.58369600,58.33243697,58.23584035,58.27717111,0,0
36.75000000,58.56942390,58.32529958,58.19954356,58.30850239,0,0
36.76000000,58.59495749,58.33283362,58.17056387,58.31817784,0,0
36.77000000,58.57987415,58.33657495,58.17322213,58.32351513,0,0
36.78000000,58.56823519,58.33251459,58.19570219,58.32503570,0,0
36.79000000,58.59533605,58.36551992,58.24323098,58.32615516,0,0
36.80000000,58.62724370,58.35673911,58.23418884,58.31671155,0,0
36.81000000,58.62880525,58.37201452,58.21275173,58.29093284,0,0
36.82000000,58.61348826,58.35178209,58.19037329,58.32793064,0,0
36.83000000,58.59231671,58.35593076,58.19346100,58.34699052,0,0
36.84000000,58.59289305,58.39728339,58.26390710,58.32872654,0,0
36.85000000,58.66102803,58.42125553,58.26776748,58.31668724,0,0
36.86000000,58.68726964,58.45132325,58.25012121,58.28737406,0,0
36.87000000,58.67064276,58.41831025,58.21333069,58.29230836,0,0
36.88000000,58.60793522,58.40517649,58.22969064,58.30811612,0,0
36.89000000,58.62031092,58.43999954,58.25945212,58.32742501,0,0
36.90000000,58.66812514,58.47575107,58.26718044,58.32628853,0,0
36.91000000,58.70678020,58.48670105,58.27441144,58.36135404,0,0
36.92000000,58.70727377,58.42932589,58.26467970,58.39041232,0,0
36.93000000,58.70435625,58.43163623,58.24835262,58.37823459,0,0
36.94000000,58.69864872,58.42819680,58.25148882,58.38937772,0,0
36.95000000,58.72156509,58.47572384,58.26143284,58.38738468,0,0
36.96000000,58.71723728,58.47120934,58.29013181,58.38103190,0,0
36.97000000,58.71724508,58.46950016,58.33036742,58.39480204,0,0
36.98000000,58.70755555,58.50968896,58.33722311,58.42315807,0,0
36.99000000,58.73280975,58.51110180,58.30524814,58.40953066,0,0
37.00000000,58.72110270,58.51973232,58.29428145,58.40193490,0,0
37.01000000,58.71126230,58.48971564,58.32016238,58.40652931,0,0
37.02000000,58.69485782,58.46293666,58.36009716,58.38447708,0,0
37.03000000,58.73520473,58.47313034,58.39790234,58.44674566,0,0
37.04000000,58.75987039,58.48908002,58.36406655,58.46821450,0,0
37.05000000,58.73733637,58.50062094,58.30394553,58.42946963,0,0
37.06000000,58.76119699,58.50650446,58.29725674,58.42616152,0,0
37.07000000,58.75990055,58.51223641,58.29606691,58.43344732,0,0
37.08000000,58.75145230,58.51089540,58.32543136,58.44853074,0,0
37.09000000,58.73730627,58.50247827,58.33589740,58.47002195,0,0
37.10000000,58.73434269,58.47590856,58.33096951,58.49034356,0,0
37.11000000,58.74840855,58.49171936,58.33642515,58.46159603,0,0
37.12000000,58.75206849,58.50723315,58.37126959,58.45612811,0,0
37.13000000,58.76113300,58.49290127,58.37555544,58.45674705,0,0
37.14000000,58.74687203,58.45709000,58.39805711,58.44889762,0,0
37.15000000,58.75457436,58.46437656,58.42772579,58.48109894,0,0
37.16000000,58.76385638,58.52627987,58.45444654,58.47379148,0,0
37.17000000,58.76059344,58.53929931,58.43785783,58.47545817,0,0
37.18000000,58.76351522,58.51226421,58.43473887,58.49359593,0,0
37.19000000,58.74482560,58.48748370,58.40461508,58.50001641,0,0
37.20000000,58.74200812,58.47698542,58.42110743,58.52642421,0,0
37.21000000,58.76645994,58.48587062,58.43594763,58.51541808,0,0
37.22000000,58.79099963,58.51626615,58.42639335,58.49340945,0,0
37.23000000,58.80605081,58.52727409,58.45820679,58.49608338,0,0
37.24000000,58.81848768,58.53578861,58.47799542,58.51333306,0,0
37.25000000,58.80843063,58.50588282,58.46382391,58.54607401,0,0
37.26000000,58.78753650,58.52255663,58.47820395,58.56564446,0,0
37.27000000,58.79993102,58.57157794,58.48939924,58.56746210,0,0
37.28000000,58.81046380,58.57686952,58.47260938,58.56703702,0,0
37.29000000,58.81764201,58.57014192,58.44798492,58.55086548,0,0
37.30000000,58.83036875,58.54693823,58.45449500,58.54793820,0,0
37.31000000,58.83830202,58.55835394,58.46505343,58.54247140,0,0
37.32000000,58.85194578,58.59898858,58.48472111,58.53920050,0,0
37.33000000,58.84237948,58.62565499,58.51279888,58.55931511,0,0
37.34000000,58.83071295,58.63414032,58.51925342,58.57670235,0,0
37.35000000,58.85670260,58.61307784,58.51056366,58.56778406,0,0
37.36000000,58.88681398,58.60156212,58.47405599,58.58111747,0,0
37.37000000,58.88425021,58.62017383,58.43520501,58.57217155,0,0
37.38000000,58.87506695,58.63642117,58.43947485,58.54981621,0,0
37.39000000,58.84873596,58.65591506,58.46607036,58.54208316,0,0
37.40000000,58.84608648,58.62724172,58.48937568,58.54003034,0,0
37.41000000,58.88036530,58.60702299,58.48656047,58.57155094,0,0
37.42000000,58.89413706,58.61148860,58.48676505,58.55875116,0,0
37.43000000,58.85140428,58.63605748,58.48832599,58.56566832,0,0
37.44000000,58.81917997,58.68294934,58.49097783,58.58731491,0,0
37.45000000,58.86681485,58.70328321,58.49412790,58.58927224,0,0
37.46000000,58.93690181,58.67568519,58.51458279,58.59507108,0,0
37.47000000,58.95726852,58.61569249,58.52580922,58.61734097,0,0
37.48000000,58.92932058,58.63471148,58.51752039,58.61609870,0,0
37.49000000,58.88642729,58.68093412,58.51949468,58.61315515,0,0
37.50000000,58.88477444,58.70769878,58.52800088,58.63375379,0,0
37.51000000,58.92362030,58.70528592,58.53162206,58.64042000,0,0
37.52000000,58.94240295,58.68230218,58.55285784,58.64725029,0,0
37.53000000,58.94458048,58.69550130,58.55312239,58.66138164,0,0
37.54000000,58.91999617,58.74379628,58.55336214,58.66777597,0,0
37.55000000,58.90785393,58.74735300,58.56184178,58.66700016,0,0
37.56000000,58.90500327,58.71779506,58.55388479,58.68216716,0,0
37.57000000,58.94916395,58.67744094,58.57128040,58.66282416,0,0
37.58000000,58.99623523,58.69684451,58.60353441,58.64444816,0,0
37.59000000,58.98849178,58.70618063,58.57229118,58.63049464,0,0
37.60000000,58.94369621,58.70899337,58.50941391,58.61473629,0,0
37.61000000,58.88747667,58.69802529,58.47492362,58.64360756,0,0
37.62000000,58.91319914,58.68815880,58.53318153,58.68241267,0,0
37.63000000,58.97586845,58.69835213,58.58106563,58.70074893,0,0
37.64000000,58.98800014,58.70961728,58.59433982,58.68373814,0,0
37.65000000,58.93621906,58.72685246,58.59299809,58.68501848,0,0
37.66000000,58.91762037,58.72275768,58.57333983,58.67476665,0,0
37.67000000,58.94885278,58.73027331,58.59902219,58.64772087,0,0
37.68000000,59.00762042,58.73680697,58.63903761,58.67940368,0,0
37.69000000,58.98945239,58.71549356,58.66750364,58.71033632,0,0
37.70000000,58.97360725,58.71386122,58.67016004,58.71770261,0,0
37.71000000,58.98440182,58.74634291,58.66283040,58.73585199,0,0
37.72000000,59.00650877,58.80396259,58.62902617,58.74799518,0,0
37.73000000,59.01602933,58.78197461,58.60872250,58.76130627,0,0
37.74000000,59.01749608,58.76815208,58.62172947,58.77412498,0,0
37.75000000,59.02128511,58.76816052,58.68765550,58.78744149,0,0
37.76000000,59.04795558,58.82328462,58.70690124,58.77884280,0,0
37.77000000,59.06539450,58.84218972,58.68152256,58.77225626,0,0
37.78000000,59.07375790,58.81682422,58.66194527,58.76717332,0,0
37.79000000,59.04890151,58.80189368,58.67124185,58.77743926,0,0
37.80000000,59.05192272,58.84475650,58.72371754,58.79468083,0,0
37.81000000,59.08624579,58.89421094,58.70865769,58.77852165,0,0
37.82000000,59.10649674,58.86668052,58.68461747,58.78361364,0,0
37.83000000,59.09650947,58.81684801,58.66174592,58.77845326,0,0
37.84000000,59.07544626,58.81109536,58.66430113,58.78731866,0,0
37.85000000,59.09448594,58.87603218,58.67395156,58.81848262,0,0
37.86000000,59.10280656,58.93083836,58.66487152,58.82529549,0,0
37.87000000,59.12142714,58.90613066,58.68430379,58.78248446,0,0
37.88000000,59.11121322,58.83162273,58.68953172,58.77614176,0,0
37.89000000,59.10266954,58.78579237,58.65981690,58.78132010,0,0
37.90000000,59.09821841,58.80885209,58.66796240,58.78376189,0,0
37.91000000,59.08064786,58.87655236,58.67092023,58.78199742,0,0
37.92000000,59.08957045,58.87467308,58.69359294,58.76897331,0,0
37.93000000,59.09618598,58.81056974,58.70131777,58.74815362,0,0
37.94000000,59.09606917,58.79981519,58.71177937,58.75592474,0,0
37.95000000,59.08388154,58.83312238,58.69849772,58.78360442,0,0
37.96000000,59.07337819,58.86999103,58.67931338,58.80516875,0,0
37.97000000,59.07370356,58.87070072,58.69587622,58.84244475,0,0
37.98000000,59.07899604,58.83211759,58.73012685,58.84097868,0,0
37.99000000,59.07099963,58.78385560,58.74144801,58.81018006,0,0
38.00000000,59.08190313,58.76418339,58.72825689,58.81399882,0,0
38.01000000,59.05817844,58.79244840,58.71413057,58.82131510,0,0
38.02000000,59.06156750,58.82460036,58.71558941,58.84646373,0,0
38.03000000,59.07052312,58.83151072,58.75089582,58.85824383,0,0
38.04000000,59.07281407,58.80935438,58.77504883,58.83004766,0,0
38.05000000,59.07047666,58.81488891,58.76132677,58.85322157,0,0
38.06000000,59.09401847,58.82347874,58.73864317,58.85996456,0,0
38.07000000,59.07920200,58.85542293,58.72763472,58.84243045,0,0
38.08000000,59.06290148,58.85927583,58.75048056,58.87432207,0,0
38.09000000,59.05330601,58.83306371,58.76559340,58.84770516,0,0
38.10000000,59.07577858,58.79835245,58.78144057,58.82005706,0,0
38.11000000,59.10670836,58.79889021,58.76010272,58.82673325,0,0
38.12000000,59.11692851,58.82505641,58.73130856,58.84085328,0,0
38.13000000,59.08474359,58.82275062,58.74821008,58.84761838,0,0
38.14000000,59.03613383,58.83251813,58.76506850,58.84439775,0,0
38.15000000,59.04385885,58.82386559,58.76090870,58.85123836,0,0
38.16000000,59.07896027,58.80560802,58.73317046,58.84799204,0,0
38.17000000,59.10687966,58.83735980,58.72209871,58.84566077,0,0
38.18000000,59.07181557,58.84878471,58.71589166,58.81924385,0,0
38.19000000,59.06201476,58.85411435,58.72291850,58.80408396,0,0
38.20000000,59.05399282,58.82860600,58.73746472,58.80499768,0,0
38.21000000,59.07746772,58.79314930,58.71767684,58.79940852,0,0
38.22000000,59.08150550,58.76794185,58.70885735,58.81730449,0,0
38.23000000,59.11501115,58.80067148,58.72302593,58.82956075,0,0
38.24000000,59.09993338,58.85614804,58.71919009,58.82973431,0,0
38.25000000,59.11423989,58.89192959,58.71854922,58.83082924,0,0
38.26000000,59.08894121,58.84983886,58.70881271,58.83756595,0,0
38.27000000,59.07998732,58.81791979,58.72647571,58.84180964,0,0
38.28000000,59.08665550,58.80902975,58.76061523,58.86726264,0,0
38.29000000,59.09181632,58.82236739,58.76700277,58.87111840,0,0
38.30000000,59.11747371,58.86499860,58.75694925,58.83157528,0,0
38.31000000,59.12329412,58.86355861,58.74082446,58.81569554,0,0
38.32000000,59.12743190,58.85855756,58.74559331,58.81311499,0,0
38.33000000,59.10513369,58.84798152,58.76600476,58.83863981,0,0
38.34000000,59.12113353,58.85225679,58.76981126,58.84960086,0,0
38.35000000,59.13852478,58.87775615,58.77463205,58.84588775,0,0
38.36000000,59.13276660,58.89238312,58.76308966,58.86101931,0,0
38.37000000,59.10658253,58.88956705,58.71432591,58.84382558,0,0
38.38000000,59.12610379,58.90838425,58.68792139,58.84445139,0,0
38.39000000,59.17596771,58.91727014,58.69835924,58.83983562,0,0
38.40000000,59.16119934,58.89691542,58.73262143,58.83022778,0,0
38.41000000,59.11741523,58.88596620,58.71697828,58.82643613,0,0
38.42000000,59.07829459,58.86441900,58.73562025,58.83835934,0,0
38.43000000,59.10878353,58.85987129,58.71863962,58.83734385,0,0
38.44000000,59.16034532,58.88472532,58.69094438,58.83069356,0,0
38.45000000,59.15848121,58.85343249,58.67690736,58.80373509,0,0
38.46000000,59.10002560,58.83560085,58.71039858,58.78790795,0,0
38.47000000,59.07030196,58.83788198,58.74709137,58.82351302,0,0
38.48000000,59.11116615,58.88276686,58.74319014,58.84185782,0,0
38.49000000,59.15058975,58.92408056,58.73649591,58.85044685,0,0
38.50000000,59.16504841,58.90121230,58.72538014,58.82850003,0,0
38.51000000,59.11207382,58.84290806,58.73780576,58.77719880,0,0
38.52000000,59.06953243,58.83311236,58.75825144,58.78038504,0,0
38.53000000,59.09939232,58.84834325,58.73959944,58.81332508,0,0
38.54000000,59.11854068,58.85972700,58.71315516,58.83373448,0,0
38.55000000,59.10872890,58.84206460,58.72813395,58.83906705,0,0
38.56000000,59.07770125,58.83674535,58.75729151,58.83673208,0,0
38.57000000,59.08413356,58.82724250,58.76199208,58.82913519,0,0
38.58000000,59.09985752,58.85941518,58.75201276,58.88060370,0,0
38.59000000,59.11460623,58.87098210,58.70954174,58.90509290,0,0
38.60000000,59.13276996,58.85479545,58.74649964,58.91732568,0,0
38.61000000,59.09275940,58.86650500,58.79348765,58.92579691,0,0
38.62000000,59.11422341,58.86681206,58.78912040,58.87769132,0,0
38.63000000,59.11624558,58.87227339,58.75734751,58.84774656,0,0
38.64000000,59.11092213,58.84635601,58.72447798,58.85314994,0,0
38.65000000,59.09775944,58.82759938,58.75152011,58.85862240,0,0
38.66000000,59.13070146,58.88744498,58.77359294,58.87775657,0,0
38.67000000,59.15071278,58.89319899,58.80012829,58.88718557,0,0
38.68000000,59.14792326,58.86509802,58.77891642,58.84611513,0,0
38.69000000,59.11686422,58.85320027,58.75710698,58.84830384,0,0
38.70000000,59.10879156,58.83653784,58.74434629,58.87394168,0,0
38.71000000,59.13390554,58.88088464,58.75751616,58.84786927,0,0
38.72000000,59.12875272,58.89523019,58.75428054,58.83857469,0,0
38.73000000,59.12199671,58.87017158,58.73816025,58.82660068,0,0
38.74000000,59.10224345,58.84524073,58.73121150,58.81377514,0,0
38.75000000,59.09846246,58.80699291,58.73862901,58.84923242,0,0
38.76000000,59.12864267,58.83544095,58.76160653,58.87612472,0,0
38.77000000,59.12182981,58.87732441,58.77095605,58.85398776,0,0
38.78000000,59.13088844,58.89887263,58.77336747,58.85246981,0,0
38.79000000,59.12227332,58.87707053,58.77306944,58.84578105,0,0
38.80000000,59.15224381,58.87525053,58.75265287,58.85423190,0,0
38.81000000,59.15659150,58.85622555,58.73483884,58.87246614,0,0
38.82000000,59.13628217,58.86767544,58.72486567,58.87103377,0,0
38.83000000,59.12791267,58.84289368,58.77373088,58.86476132,0,0
38.84000000,59.12048907,58.85848744,58.79089766,58.87076781,0,0
38.85000000,59.16487677,58.85784384,58.78670866,58.86023600,0,0
38.86000000,59.15013306,58.87262267,58.77350446,58.88959429,0,0
38.87000000,59.14611464,58.86691077,58.76928001,58.89178677,0,0
38.88000000,59.13647036,58.89353634,58.80068539,58.89260165,0,0
38.89000000,59.14428693,58.87789541,58.80604089,58.88511586,0,0
38.90000000,59.14237483,58.86537734,58.82535066,58.88424746,0,0
38.91000000,59.12231990,58.89976862,58.76659714,58.88852889,0,0
38.92000000,59.14288171,58.89787425,58.76059222,58.86115451,0,0
38.93000000,59.18124044,58.95124269,58.77003761,58.84589352,0,0
38.94000000,59.19361586,58.92796963,58.76517696,58.84802457,0,0
38.95000000,59.18566274,58.87070347,58.76401345,58.84866132,0,0
38.96000000,59.13883469,58.85736212,58.73976862,58.86987609,0,0
38.97000000,59.13426158,58.88392108,58.76652234,58.89612588,0,0
38.98000000,59.14889220,58.91162236,58.75379282,58.87509474,0,0
38.99000000,59.14119751,58.89113717,58.77265818,58.84862465,0,0
39.00000000,59.13546614,58.85703131,58.79476724,58.84951053,0,0
39.01000000,59.14965544,58.85324743,58.77997388,58.85120473,0,0
39.02000000,59.18549585,58.90770643,58.78385668,58.85398115,0,0
39.03000000,59.17619653,58.94808744,58.77580631,58.89546236,0,0
39.04000000,59.14971272,58.92212627,58.79151286,58.85924347,0,0
39.05000000,59.11677192,58.87538900,58.81094251,58.86577344,0,0
39.06000000,59.14082619,58.88104871,58.80313150,58.85237908,0,0
39.07000000,59.17218163,58.89911027,58.76909949,58.85961777,0,0
39.08000000,59.15889136,58.92837721,58.72624588,58.88985274,0,0
39.09000000,59.13832152,58.92004342,58.76398184,58.86599279,0,0
39.10000000,59.12598667,58.90296367,58.81663549,58.89896067,0,0
39.11000000,59.19196297,58.89160916,58.84815261,58.90940928,0,0
39.12000000,59.21796787,58.92382493,58.83581271,58.92213655,0,0
39.13000000,59.19258087,58.95755658,58.79175499,58.94246282,0,0
39.14000000,59.15739453,58.95818178,58.79523461,58.93033756,0,0
39.15000000,59.13871727,58.96928232,58.80826338,58.91385901,0,0
39.16000000,59.20847444,58.90986097,58.81491317,58.90373400,0,0
39.17000000,59.22641201,58.89053230,58.79597321,58.89500223,0,0
39.18000000,59.21955267,58.89490242,58.81843264,58.92310668,0,0
39.19000000,59.20800372,58.95800194,58.84587175,58.94361501,0,0
39.20000000,59.17229709,58.99513449,58.85756621,58.93917921,0,0
39.21000000,59.18322732,58.96252459,58.87845497,58.91951530,0,0
39.22000000,59.21245629,58.93740206,58.85562314,58.90495342,0,0
39.23000000,59.22163142,58.91868628,58.82103978,58.91308606,0,0
39.24000000,59.19751641,58.96103513,58.79203854,58.92885648,0,0
39.25000000,59.18661972,58.96556660,58.77084945,58.93258245,0,0
39.26000000,59.20324568,58.97248045,58.77896950,58.88826069,0,0
39.27000000,59.23545906,58.93321037,58.76958252,58.86419524,0,0
39.28000000,59.23672670,58.91346423,58.80189050,58.86229464,0,0
39.29000000,59.19427359,58.91080504,58.79892792,58.90039128,0,0
39.30000000,59.19301498,58.93601992,58.79994624,58.93620166,0,0
39.31000000,59.19144098,58.96614060,58.78725946,58.91724339,0,0
39.32000000,59.15998814,58.89936017,58.79712502,58.90530039,0,0
39.33000000,59.16593241,58.91604616,58.81742777,58.87205834,0,0
39.34000000,59.17559875,58.88960695,58.80693623,58.88578757,0,0
39.35000000,59.22042393,58.91532983,58.82538457,58.91046857,0,0
39.36000000,59.18226615,58.89805737,58.83563875,58.94165022,0,0
39.37000000,59.17415453,58.92321270,58.84544408,58.90662507,0,0
39.38000000,59.14955602,58.92820934,58.84686080,58.89170803,0,0
39.39000000,59.17519419,58.91909337,58.82748513,58.91082416,0,0
39.40000000,59.19605521,58.91101943,58.81126109,58.91847495,0,0
39.41000000,59.18569715,58.90952587,58.78677540,58.91426429,0,0
39.42000000,59.14584855,58.87996378,58.80028547,58.89864537,0,0
39.43000000,59.14406656,58.85812670,58.82110196,58.91372457,0,0
39.44000000,59.13892635,58.87186573,58.82327826,58.90429369,0,0
39.45000000,59.18650828,58.94195529,58.82728975,58.94564003,0,0
39.46000000,59.18255101,58.96906343,58.85175605,58.94404410,0,0
39.47000000,59.16977664,58.95517762,58.85699828,58.95510505,0,0
39.48000000,59.14429393,58.93788060,58.84768641,58.96147284,0,0
39.49000000,59.18036532,58.92463446,58.82365352,58.94663584,0,0
39.50000000,59.19034421,58.89793100,58.79079536,58.98041208,0,0
39.51000000,59.19181592,58.91982759,58.77765257,58.95856259,0,0
39.52000000,59.16636757,58.91184737,58.79293813,58.90198615,0,0
39.53000000,59.18798753,58.91680348,58.79473803,58.87988042,0,0
39.54000000,59.20205397,58.90041010,58.77682062,58.86162700,0,0
39.55000000,59.19753527,58.91896982,58.77438527,58.88465839,0,0
39.56000000,59.19107912,58.94381487,58.79124696,58.93176968,0,0
39.57000000,59.16699891,58.96615078,58.83978764,58.91986196,0,0
39.58000000,59.18652554,58.92002465,58.84837909,58.93036737,0,0
39.59000000,59.22045567,58.95397932,58.82017907,58.90034124,0,0
39.60000000,59.24857523,58.92593239,58.80194687,58.85087497,0,0
39.61000000,59.20954750,58.90971904,58.80243119,58.84908787,0,0
39.62000000,59.14202969,58.91293123,58.81878269,58.84739581,0,0
39.63000000,59.13102097,58.91243938,58.85611732,58.87421785,0,0
39.64000000,59.21719625,58.94914654,58.85294794,58.89532459,0,0
39.65000000,59.26950854,58.94001654,58.79909528,58.90762452,0,0
39.66000000,59.23542540,58.95695708,58.78219346,58.94279486,0,0
39.67000000,59.19412385,58.92310584,58.78737585,58.93002723,0,0
39.68000000,59.17334217,58.96692081,58.79764608,58.94272389,0,0
39.69000000,59.20064990,58.98909132,58.83885424,58.92776003,0,0
39.70000000,59.20708160,58.96419458,58.83103428,58.91690580,0,0
39.71000000,59.21819825,58.94384742,58.81375053,58.94300226,0,0
39.72000000,59.19207132,58.92352748,58.79059709,58.95034106,0,0
39.73000000,59.18273640,58.92464511,58.77715726,58.94114877,0,0
39.74000000,59.17821605,58.97459283,58.79519722,58.93609624,0,0
39.75000000,59.14857937,58.98816666,58.81602372,58.90045303,0,0
39.76000000,59.16203458,58.98186910,58.84855948,58.95358003,0,0
39.77000000,59.18889517,58.97818132,58.84088027,58.97849520,0,0
39.78000000,59.20149698,58.97267265,58.78407051,58.95834145,0,0
39.79000000,59.20826476,58.94902947,58.77310953,58.92861062,0,0
39.80000000,59.19700276,58.96366991,58.77044449,58.91235822,0,0
39.81000000,59.16548905,58.96468769,58.82332176,58.92553500,0,0
39.82000000,59.16867456,58.94980440,58.84621903,58.92681329,0,0
39.83000000,59.17014502,58.92091797,58.85145298,58.94967991,0,0
39.84000000,59.15778244,58.94625056,58.84458606,58.93441196,0,0
39.85000000,59.12820279,58.95016615,58.87008792,58.96076250,0,0
39.86000000,59.13514581,58.94949392,58.88055293,59.10998106,0,0
39.87000000,59.19801222,58.94221022,58.88524615,59.28041121,0,0
39.88000000,59.24580145,58.94148987,58.87781004,59.44776325,0,0
39.89000000,59.22871924,58.98440898,58.89037117,59.59881381,0,0
39.90000000,59.19443853,58.96051107,58.90182846,59.59725544,0,0
39.91000000,59.19215576,59.02814967,58.92938538,59.60692970,0,0
39.92000000,59.24578676,59.04016116,58.87936058,59.69465037,0,0
39.93000000,59.27297463,59.06765606,58.85948387,59.72807686,0,0
39.94000000,59.28492485,59.05522204,58.84006334,59.78953052,0,0
39.95000000,59.22286677,59.04312017,58.84949836,59.79219062,0,0
39.96000000,59.20089738,59.08020761,58.89744620,59.74861196,0,0
39.97000000,59.18561618,59.11250423,58.88993959,59.71184032,0,0
39.98000000,59.23731478,59.13456377,58.87145542,59.58020601,0,0
39.99000000,59.27314951,59.11787006,58.83741851,59.49423417,0,0
40.00000000,59.28484428,59.09652090,58.82498290,59.34511606,0,0
40.01000000,59.24488432,59.07191455,58.77393657,59.25461846,0,0
40.02000000,59.21740671,59.08336577,58.72814087,59.31024769,0,0
40.03000000,59.16889299,59.05065694,58.68339155,59.31507553,0,0
40.04000000,59.15064471,59.07307870,58.72515025,59.32371758,0,0
40.05000000,59.13409334,59.03033704,58.72747156,59.36730491,0,0
40.06000000,59.12172847,59.06092444,58.71377241,59.39214884,0,0
40.07000000,59.13774364,58.99608864,58.68510807,59.32763265,0,0
40.08000000,59.15834403,58.99101136,58.72328921,59.34238959,0,0
40.09000000,59.20129330,59.00703692,58.75191375,59.35521667,0,0
40.10000000,59.14691231,59.01681515,58.81149207,59.30372863,0,1
40.11000000,59.06888251,58.99457313,58.80375566,59.30577303,0,1
40.12000000,58.99641546,58.93821084,58.77424238,59.33514384,0,1
40.13000000,59.04515638,58.89646790,58.72443764,59.40947246,0,1
40.14000000,59.11040824,58.91041515,58.68275775,59.42765751,0,1
40.15000000,59.11658230,58.89769354,58.67075162,59.44953083,0,1
40.16000000,59.07448432,58.91143597,58.72480797,59.46467052,0,1
40.17000000,59.02887983,58.92345214,58.74697706,59.41960129,0,1
40.18000000,59.04575518,58.90681904,58.77608153,59.35210872,0,1
40.19000000,59.08179103,58.87679972,58.77706191,59.40077513,0,1
40.20000000,59.08343953,58.89801126,58.76313731,59.46168640,0,1
40.21000000,59.06672958,58.89271836,58.73148379,59.41437213,0,1
40.22000000,59.05161485,58.88716457,58.74361433,59.38295257,0,1
40.23000000,59.09602187,58.88249051,58.73557845,59.40606441,0,1
40.24000000,59.06601947,58.84970891,58.73469128,59.40987772,0,1
40.25000000,59.07352203,58.81904329,58.77760354,59.40331555,0,1
40.26000000,59.04515724,58.82598987,58.83165479,59.45925215,0,1
40.27000000,59.05224270,58.84959172,58.85743119,59.48614957,0,1
40.28000000,59.02850917,58.86797365,58.79940403,59.45112040,0,1
40.29000000,59.03421771,58.83881780,58.77063033,59.42609130,0,1
40.30000000,59.05470662,58.85821615,58.73238996,59.43906035,0,1
40.31000000,59.11150672,58.87216624,58.75728252,59.40501853,0,1
40.32000000,59.08620184,58.89526196,58.75004523,59.37703947,0,1
40.33000000,59.04629236,58.87180689,58.77221643,59.35687959,0,1
40.34000000,59.02603369,58.87207592,58.75670526,59.37047477,0,1
40.35000000,59.05034003,58.87105318,58.74560055,59.39084945,0,1
40.36000000,59.10388705,58.83250894,58.70214873,59.39007063,0,1
40.37000000,59.07376886,58.84715530,58.68742899,59.41991152,0,1
40.38000000,59.07816048,58.87149609,58.72400672,59.42340948,0,1
40.39000000,59.05130129,58.89240788,58.73799380,59.41524300,0,1
40.40000000,59.04934382,58.85991797,58.76853670,59.39351416,0,1
40.41000000,59.03208998,58.84863263,58.75503890,59.41769148,0,1
40.42000000,59.06352241,58.85613223,58.75313038,59.39701782,0,1
40.43000000,59.06822543,58.86925267,58.76965089,59.36759368,0,1
40.44000000,59.08275120,58.88922391,58.78096996,59.36766666,0,1
40.45000000,59.07287643,58.86096166,58.70866588,59.36340382,0,1
40.46000000,59.03801822,58.83527333,58.72692578,59.37814013,0,1
40.47000000,59.04216759,58.84179199,58.72467373,59.39357251,0,1
40.48000000,59.01654915,58.83998744,58.76330583,59.39994276,0,1
40.49000000,59.01423412,58.84138419,58.74107069,59.42691191,0,1
40.50000000,58.99258288,58.83125908,58.72551165,59.34063484,0,1
40.51000000,59.03806020,58.84473287,58.68824383,59.32549578,0,1
40.52000000,59.07257161,58.84868160,58.69788816,59.40030434,0,1
40.53000000,59.05591343,58.87378904,58.67990724,59.32770911,0,1
40.54000000,59.03024861,58.81891284,58.71156203,59.32840760,0,1
40.55000000,59.00193212,58.81363776,58.74147057,59.37787567,0,1
40.56000000,59.04682113,58.76567407,58.73889344,59.32250202,0,1
40.57000000,59.03959979,58.81718111,58.68653676,59.35767860,0,1
40.58000000,59.03598041,58.84102185,58.66453929,59.37390255,0,1
40.59000000,58.96403590,58.82706230,58.67768229,59.33398627,0,1
40.60000000,58.97375646,58.78850862,58.68162511,59.35593754,0,1
40.61000000,58.98506061,58.81133452,58.71032199,59.34351205,0,1
40.62000000,59.02059913,58.80463981,58.69784350,59.30530770,0,1
40.63000000,59.03950701,58.82615583,58.69006770,59.36149754,0,1
40.64000000,59.01081061,58.84929918,58.69646369,59.26172966,0,1
40.65000000,58.97625108,58.80352238,58.67574542,59.28923063,0,1
40.66000000,58.97961494,58.81844340,58.68584050,59.31904105,0,1
40.67000000,59.00349218,58.75711776,58.62445772,59.27419885,0,1
40.68000000,59.01439910,58.75983900,58.64280609,59.37088367,0,1
40.69000000,58.99733714,58.77592516,58.62949714,59.33774692,0,1
40.70000000,58.97092610,58.83317551,58.65532846,59.28900365,0,1
40.71000000,58.94171359,58.83192964,58.66960706,59.29014431,0,1
40.72000000,58.98157113,58.77095412,58.65301924,59.30004558,0,1
40.73000000,59.02031051,58.75867328,58.67823170,59.33030641,0,1
40.74000000,59.00472077,58.77883735,58.65135272,59.27760741,0,1
40.75000000,58.98954341,58.78336995,58.66460994,59.26914573,0,1
40.76000000,58.93605601,58.80943375,58.66220069,59.30898853,0,1
40.77000000,58.93399617,58.82099217,58.64780304,59.21262624,0,1
40.78000000,58.93170557,58.76281902,58.63858160,59.27672638,0,1
40.79000000,58.99177529,58.77322455,58.65145562,59.36952186,0,1
40.80000000,59.00427425,58.75038798,58.67783421,59.28381206,0,1
40.81000000,58.99335887,58.80721380,58.66038122,59.31324377,0,1
40.82000000,58.98047371,58.78355223,58.62960567,59.28944454,0,1
40.83000000,58.97573400,58.83791370,58.60943944,59.18694031,0,1
40.84000000,58.98995332,58.77681633,58.61452429,59.29588448,0,1
40.85000000,59.00560131,58.76975898,58.64263192,59.28888481,0,1
40.86000000,58.97531667,58.77629478,58.62265259,59.22071875,0,1
40.87000000,58.96819606,58.75566919,58.61795574,59.28528130,0,1
40.88000000,58.94582762,58.78940940,58.60440562,59.28025241,0,1
40.89000000,58.96783071,58.73944276,58.65723397,59.23970646,0,1
40.90000000,59.01343497,58.75939018,58.66060172,59.28685700,0,1
40.91000000,59.05716152,58.76300343,58.65528688,59.28534751,0,1
40.92000000,58.99457176,58.76080763,58.69017135,59.27143063,0,1
40.93000000,58.93393564,58.79544807,58.68487905,59.25016480,0,1
40.94000000,58.93046124,58.78847511,58.63753168,59.20874237,0,1
40.95000000,58.94399724,58.76813965,58.59605712,59.22852802,0,1
40.96000000,58.94376880,58.76192004,58.59534561,59.19599265,0,1
40.97000000,58.91799403,58.75793905,58.58067378,59.19015098,0,1
40.98000000,58.93915990,58.73607583,58.63543875,59.25464342,0,1
40.99000000,58.99313682,58.72183897,58.57234275,59.21172405,0,1
41.00000000,58.97323627,58.75356389,58.62503970,59.27547187,0,1
41.01000000,58.94660128,58.72620958,58.59728016,59.28722103,0,1
41.02000000,58.86951395,58.73625898,58.63613115,59.27197970,0,1
41.03000000,58.86423444,58.74327226,58.59782826,59.32816445,0,1
41.04000000,58.92117207,58.74175849,58.57632988,59.29075996,0,1
41.05000000,58.97977864,58.74992424,58.55917770,59.30505218,0,1
41.06000000,58.97261558,58.77060756,58.52793438,59.24624864,0,1
41.07000000,58.96001750,58.72286018,58.62193946,59.22456002,0,1
41.08000000,58.91446660,58.71099217,58.68738982,59.26008474,0,1
41.09000000,58.93807571,58.74418956,58.70138375,59.20445582,0,1
41.10000000,58.90938252,58.66709708,58.66876179,59.21153311,0,1
41.11000000,58.89261843,58.72414478,58.67566189,59.27942722,0,1
41.12000000,58.90177389,58.70248797,58.59810996,59.26888186,0,1
41.13000000,58.90637151,58.72493550,58.62651153,59.22606344,0,1
41.14000000,58.95368939,58.66142900,58.59740516,59.29224240,0,1
41.15000000,58.88985820,58.69506149,58.64202754,59.23241638,0,1
41.16000000,58.94058067,58.68187673,58.65457535,59.19232362,0,1
41.17000000,58.96661376,58.67823217,58.67517655,59.22400727,0,1
41.18000000,58.98475687,58.74500132,58.65724830,59.18794704,0,1
41.19000000,58.96250964,58.75349295,58.63580315,59.20569952,0,1
41.20000000,58.92278341,58.77451066,58.59435649,59.23638003,0,1
41.21000000,58.96986653,58.69456946,58.58236566,59.25420578,0,1
41.22000000,58.97708987,58.67514880,58.59474377,59.21004249,0,1
41.23000000,58.94722497,58.63928409,58.57544254,59.23626531,0,1
41.24000000,58.95228741,58.67271617,58.63147832,59.21231243,0,1
41.25000000,58.87518106,58.70793150,58.60237278,59.16654790,0,1
41.26000000,58.92655921,58.77994375,58.65097373,59.25253096,0,1
41.27000000,58.95570142,58.76849210,58.58492031,59.20780533,0,1
41.28000000,59.02482371,58.72029374,58.58992424,59.14798449,0,1
41.29000000,58.96187352,58.63371013,58.62538374,59.26264477,0,1
41.30000000,58.92541499,58.70320453,58.57925936,59.21155060,0,1
41.31000000,58.91323505,58.71982885,58.58723402,59.15090918,0,1
41.32000000,58.93797906,58.79041356,58.47482691,59.23029917,0,1
41.33000000,58.97159061,58.71899224,58.53992776,59.21079951,0,1
41.34000000,58.93870989,58.70745935,58.56472056,59.16661113,0,1
41.35000000,58.94168058,58.65219811,58.55875822,59.21876175,0,1
41.36000000,58.88795786,58.65897120,58.59899467,59.19247469,0,1
41.37000000,58.97084335,58.67572153,58.56691210,59.22182569,0,1
41.38000000,58.92151442,58.67828163,58.62336444,59.12456966,0,1
41.39000000,58.94270745,58.70526598,58.57588630,59.13271389,0,1
41.40000000,58.87753026,58.71013864,58.59120723,59.21131972,0,1
41.41000000,58.88729024,58.67879222,58.59308768,59.15654365,0,1
41.42000000,58.88294445,58.69217658,58.53329931,59.19647226,0,1
41.43000000,58.94513128,58.62922054,58.54089943,59.19623240,0,1
41.44000000,58.87597444,58.64006468,58.55277989,59.10314627,0,1
41.45000000,58.89866817,58.64933412,58.58921116,59.13910824,0,1
41.46000000,58.85462755,58.62593777,58.55209058,59.11392824,0,1
41.47000000,58.85341432,58.63681772,58.54864395,59.14008390,0,1
41.48000000,58.88174941,58.62738648,58.55218801,59.18211427,0,1
41.49000000,58.88085966,58.61053711,58.52877121,59.11677279,0,1
41.50000000,58.88925805,58.62464889,58.59213962,59.16583820,0,1
41.51000000,58.90368273,58.65308942,58.58574324,59.16071164,0,1
41.52000000,58.86441329,58.68428839,58.58789251,59.11085288,0,1
41.53000000,58.88732891,58.64989753,58.58415626,59.22412865,0,1
41.54000000,58.88964026,58.67098943,58.60441407,59.20116332,0,1
41.55000000,58.88087262,58.63254130,58.60904338,59.17532741,0,1
41.56000000,58.80364041,58.65231119,58.63060464,59.15530241,0,1
41.57000000,58.82884670,58.64634101,58.56212194,59.16264309,0,1
41.58000000,58.83389662,58.64578869,58.52072794,59.11462127,0,1
41.59000000,58.92383124,58.68088903,58.54119429,59.13818842,0,1
41.60000000,58.91747330,58.61027356,58.54655954,59.18410211,0,1
41.61000000,58.90978511,58.63628365,58.53550523,59.16513863,0,1
41.62000000,58.85829093,58.67276835,58.61094566,59.19285192,0,1
41.63000000,58.84466789,58.66947270,58.53977811,59.18426302,0,1
41.64000000,58.89906766,58.67632916,58.49653261,59.17286374,0,1
41.65000000,58.90620778,58.61065765,58.47417045,59.17421561,0,1
41.66000000,58.89233119,58.62324266,58.49936622,59.14713023,0,1
41.67000000,58.88703482,58.61003905,58.54456210,59.14769893,0,1
41.68000000,58.80820097,58.65823354,58.53678023,59.08052178,0,1
41.69000000,58.83027383,58.68251139,58.57145685,59.08609571,0,1
41.70000000,58.81505466,58.62877409,58.53991798,59.06884287,0,1
41.71000000,58.89764111,58.65829507,58.56214386,59.05542019,0,1
41.72000000,58.90140659,58.60266913,58.58672538,59.11079160,0,1
41.73000000,58.88269827,58.66679083,58.50306241,59.14603410,0,1
41.74000000,58.84933084,58.61464888,58.53056720,59.15511963,0,1
41.75000000,58.81960822,58.65908638,58.48188324,59.12099214,0,1
41.76000000,58.85712857,58.61484412,58.53442918,59.18318465,0,1
41.77000000,58.88807611,58.68637032,58.52219956,59.16136635,0,1
41.78000000,58.89540761,58.62025189,58.53648235,59.09389423,0,1
41.79000000,58.84298857,58.64677452,58.48152296,59.18861383,0,1
41.80000000,58.84700373,58.63799699,58.48842277,59.16360126,0,1
41.81000000,58.87055787,58.66978044,58.53638017,59.10731436,0,1
41.82000000,58.83433603,58.62421286,58.54659115,59.12383382,0,1
41.83000000,58.82879890,58.58052817,58.58585527,59.16099405,0,1
41.84000000,58.81351749,58.59320026,58.60621381,59.11332581,0,1
41.85000000,58.84716782,58.60657692,58.50807918,59.18705321,0,1
41.86000000,58.88226336,58.64685507,58.46698941,59.18381718,0,1
41.87000000,58.86703453,58.58576589,58.45508563,59.11964406,0,1
41.88000000,58.84206882,58.62229608,58.49267312,59.13625975,0,1
41.89000000,58.79058835,58.59437124,58.52686634,59.11562765,0,1
41.90000000,58.83723239,58.60506110,58.53084129,59.10560759,0,1
41.91000000,58.89671491,58.65514718,58.45013069,59.09986202,0,1
41.92000000,58.86185885,58.63050638,58.43834176,59.03562060,0,1
41.93000000,58.82336364,58.58651330,58.46217036,59.02561010,0,1
41.94000000,58.78461080,58.53557982,58.51476983,59.08770380,0,1
41.95000000,58.75010488,58.54976730,58.52391943,59.03984461,0,1
41.96000000,58.80981200,58.57426174,58.51553717,59.11651735,0,1
41.97000000,58.81482131,58.55119860,58.49314018,59.12507990,0,1
41.98000000,58.81522731,58.56172907,58.50967557,59.06535543,0,1
41.99000000,58.79813773,58.56348405,58.50654283,59.10738523,0,1
42.00000000,58.75997516,58.56477834,58.50505684,59.09793917,0,1
42.01000000,58.78855862,58.61789960,58.47170249,59.07733176,0,1
42.02000000,58.79313013,58.58962722,58.47118992,59.06021072,0,1
42.03000000,58.82907872,58.56969689,58.47216531,59.10202749,0,1
42.04000000,58.77966904,58.55722934,58.47262754,59.06541621,0,1
42.05000000,58.76856784,58.59438267,58.47509952,59.04387318,0,1
42.06000000,58.75613172,58.52475623,58.44423089,59.12768588,0,1
42.07000000,58.79413819,58.59151993,58.45197433,59.10831580,0,1
42.08000000,58.78696217,58.49968729,58.50471998,59.08771346,0,1
42.09000000,58.75649923,58.57442512,58.50692053,59.11393679,0,1
42.10000000,58.75514336,58.53529934,58.51680558,59.13324856,0,1
42.11000000,58.75946109,58.59146112,58.52610143,59.08800953,0,1
42.12000000,58.79734985,58.54682985,58.43238500,59.11071016,0,1
42.13000000,58.79226806,58.53523898,58.46673335,59.07493624,0,1
42.14000000,58.81116102,58.56045541,58.48580120,59.01457562,0,1
42.15000000,58.78624897,58.55118388,58.50102770,59.07930391,0,1
42.16000000,58.76235198,58.59069783,58.50464408,59.06151441,0,1
42.17000000,58.78435635,58.56566082,58.44803324,59.06086676,0,1
42.18000000,58.81862314,58.60578482,58.46602656,59.10187108,0,1
42.19000000,58.80733041,58.57635839,58.45741510,59.10217645,0,1
42.20000000,58.83265917,58.59977580,58.47875507,59.08010289,0,1
42.21000000,58.75325143,58.56563018,58.45750044,59.04742989,0,1
42.22000000,58.77795399,58.54311595,58.44725206,59.08728617,0,1
42.23000000,58.78584357,58.56264632,58.43067646,59.01012016,0,1
42.24000000,58.84567263,58.55749601,58.44281257,59.00537123,0,1
42.25000000,58.78142777,58.60690440,58.40890685,59.08909802,0,1
42.26000000,58.75419873,58.56168995,58.43710540,59.05172084,0,1
42.27000000,58.76905069,58.54337747,58.43117345,59.01242804,0,1
42.28000000,58.82205132,58.52484155,58.42287526,59.14452848,0,1
42.29000000,58.81592526,58.58184640,58.41724104,59.03480494,0,1
42.30000000,58.77249826,58.60397999,58.43440145,59.03122266,0,1
42.31000000,58.73574696,58.61271919,58.41867657,59.06826792,0,1
42.32000000,58.74010422,58.56662464,58.45127632,58.99006374,0,1
42.33000000,58.78486851,58.52049644,58.38906750,59.03228378,0,1
42.34000000,58.85435420,58.57428034,58.40190343,59.01133878,0,1
42.35000000,58.82404903,58.58497663,58.42455041,58.96222628,0,1
42.36000000,58.75773690,58.60707229,58.42649541,59.06706382,0,1
42.37000000,58.71027346,58.55644277,58.46933093,59.05706060,0,1
42.38000000,58.78681002,58.54470937,58.47727094,58.99262346,0,1
42.39000000,58.78609947,58.56048439,58.44446856,59.12571279,0,1
42.40000000,58.85055446,58.62269410,58.41550285,59.11841176,0,1
42.41000000,58.71205202,58.54907682,58.43616141,59.00344889,0,1
42.42000000,58.74140127,58.55823353,58.43547746,59.06765999,0,1
42.43000000,58.71609280,58.53441004,58.44102810,59.04014491,0,1
42.44000000,58.78602806,58.55629744,58.44295812,59.02079872,0,1
42.45000000,58.84053510,58.58010524,58.45960044,59.03328265,0,1
42.46000000,58.78090080,58.54752455,58.42117216,59.04465145,0,1
42.47000000,58.77083470,58.52333392,58.47009446,59.05535159,0,1
42.48000000,58.72891512,58.55086742,58.43139400,59.05249652,0,1
42.49000000,58.78998715,58.56375998,58.45120848,59.05930362,0,1
42.50000000,58.74011254,58.52938499,58.42824242,59.08197787,0,1
42.51000000,58.73937642,58.50064713,58.41579746,59.05090158,0,1
42.52000000,58.73537237,58.45448463,58.44220693,59.05604192,0,1
42.53000000,58.72440698,58.51172534,58.42008837,59.05165727,0,1
42.54000000,58.71972260,58.56132528,58.40031845,58.98777373,0,1
42.55000000,58.73688310,58.53089347,58.43957940,59.03300286,0,1
42.56000000,58.77746289,58.56223362,58.39830361,58.96467563,0,1
42.57000000,58.74943303,58.49640700,58.44279385,59.00584046,0,1
42.58000000,58.74544852,58.50797926,58.43097181,59.05076405,0,1
42.59000000,58.70839182,58.49619929,58.38193830,58.97831471,0,1
42.60000000,58.67817805,58.53351459,58.37450662,59.09090247,0,1
42.61000000,58.72827565,58.52759829,58.37143995,58.99655010,0,1
42.62000000,58.77024321,58.47785625,58.44739129,59.03088432,0,1
42.63000000,58.75690395,58.53321826,58.43391909,59.06652836,0,1
42.64000000,58.71115769,58.51465862,58.43277881,59.00144769,0,1
42.65000000,58.68494188,58.49692372,58.42026388,59.04330449,0,1
42.66000000,58.74313783,58.57888707,58.43405306,59.04890867,0,1
42.67000000,58.74838774,58.49847301,58.43387479,58.97276887,0,1
42.68000000,58.77024196,58.56368979,58.42597066,59.05656314,0,1
42.69000000,58.70404882,58.47612318,58.43744965,59.05282750,0,1
42.70000000,58.73873598,58.55929244,58.36569781,59.00239878,0,1
42.71000000,58.74682826,58.56580408,58.40862822,59.14622584,0,1
42.72000000,58.76525545,58.52420215,58.36891392,59.01601609,0,1
42.73000000,58.71171188,58.53966914,58.42739416,58.95807373,0,1
42.74000000,58.72615888,58.56072444,58.41154347,59.07364486,0,1
42.75000000,58.71137413,58.48553302,58.40967666,59.05140900,0,1
42.76000000,58.77985517,58.56072693,58.37228025,58.98796755,0,1
42.77000000,58.72540091,58.49360351,58.31837398,58.95226694,0,1
42.78000000,58.71738224,58.53572542,58.34343781,59.03457262,0,1
42.79000000,58.68709254,58.48178799,58.39276697,58.91469246,0,1
42.80000000,58.72899677,58.51192889,58.38619266,58.93386604,0,1
42.81000000,58.69810146,58.46384131,58.40302818,59.04847343,0,1
42.82000000,58.68450810,58.49425527,58.33571328,58.92847965,0,1
42.83000000,58.65697316,58.49287945,58.34948713,59.01883947,0,1
42.84000000,58.65167228,58.51397977,58.36475723,58.95182722,0,1
42.85000000,58.71624774,58.48498367,58.38769484,58.93580998,0,1
42.86000000,58.65097877,58.40218441,58.31942666,58.99979922,0,1
42.87000000,58.67830988,58.48333057,58.36247774,58.88503515,0,1
42.88000000,58.65647975,58.48290965,58.36036483,58.95989734,0,1
42.89000000,58.71661876,58.54405580,58.35263873,59.01994680,0,1
42.90000000,58.66915166,58.45411879,58.34801493,58.90321452,0,1
42.91000000,58.67770169,58.46649093,58.38899098,59.04056661,0,1
42.92000000,58.65080503,58.48570693,58.38878044,59.04111534,0,1
42.93000000,58.67535082,58.52358132,58.38030027,58.99513384,0,1
42.94000000,58.67117606,58.48961102,58.35560594,59.03788288,0,1
42.95000000,58.69005134,58.43277456,58.38266537,59.01813898,0,1
42.96000000,58.68114556,58.45709468,58.36520481,58.98620640,0,1
42.97000000,58.69957285,58.43146167,58.39658757,59.03968173,0,1
42.98000000,58.64689885,58.52208750,58.37643480,58.95092136,0,1
42.99000000,58.67691883,58.48131359,58.32002547,58.95457341,0,1
43.00000000,58.69080203,58.41890798,58.32129184,58.93460727,0,1
43.01000000,58.66372681,58.41833167,58.34153269,58.94603951,0,1
43.02000000,58.71926096,58.43285957,58.36354331,58.95839731,0,1
43.03000000,58.70404473,58.43788812,58.32315399,58.96117644,0,1
43.04000000,58.69908507,58.43070328,58.32818191,58.96580013,0,1
43.05000000,58.61562463,58.45447508,58.32730219,58.87998070,0,1
43.06000000,58.54322533,58.43772005,58.35190268,58.91110295,0,1
43.07000000,58.57868810,58.45732316,58.36660434,58.95290374,0,1
43.08000000,58.64525591,58.45333709,58.32881620,58.90269196,0,1
43.09000000,58.70095473,58.39240546,58.30035629,58.87858507,0,1
43.10000000,58.68666481,58.38870452,58.30869636,58.94121890,0,1
43.11000000,58.66509560,58.44676503,58.29426993,58.91424440,0,1
43.12000000,58.61095891,58.42767884,58.33467135,58.89077888,0,1
43.13000000,58.59546422,58.43811691,58.31819972,59.01598998,0,1
43.14000000,58.54589482,58.41439645,58.32505997,58.96920940,0,1
43.15000000,58.60590881,58.39075690,58.23785211,58.92777066,0,1
43.16000000,58.61701269,58.40496457,58.27776161,59.00136691,0,1
43.17000000,58.63617729,58.41831275,58.30058840,58.98643982,0,1
43.18000000,58.60076866,58.41398847,58.30145160,58.93049162,0,1
43.19000000,58.62655506,58.40857099,58.36625508,58.94368751,0,1
43.20000000,58.64958101,58.41550587,58.43275506,58.94075674,0,1
43.21000000,58.62521504,58.40521889,58.40465952,58.91796966,0,1
43.22000000,58.59680630,58.45960234,58.37396155,58.93978243,0,1
43.23000000,58.64194433,58.44519994,58.30159185,58.96242139,0,1
43.24000000,58.64414912,58.47108154,58.31225926,58.96605831,0,1
43.25000000,58.63665633,58.39807424,58.28852297,58.96585411,0,1
43.26000000,58.65024861,58.42020146,58.28314833,58.95519868,0,1
43.27000000,58.62817407,58.39526371,58.29009904,58.89072536,0,1
43.28000000,58.66128708,58.44288805,58.32774338,58.92929222,0,1
43.29000000,58.62115597,58.43664161,58.32034656,58.95260142,0,1
43.30000000,58.64283774,58.40635205,58.29548600,58.82176802,0,1
43.31000000,58.63373016,58.41774869,58.23049461,58.86607921,0,1
43.32000000,58.69144344,58.41938835,58.23595082,58.92040504,0,1
43.33000000,58.64011090,58.47840178,58.25391770,58.87133450,0,1
43.34000000,58.61934975,58.42148024,58.24205140,58.91337418,0,1
43.35000000,58.57949573,58.37684808,58.28495340,58.92839058,0,1
43.36000000,58.62013878,58.40489929,58.29189661,58.85833504,0,1
43.37000000,58.66616821,58.39487429,58.29278386,58.91799577,0,1
43.38000000,58.68365011,58.45390678,58.26836316,58.86223220,0,1
43.39000000,58.60209789,58.38085940,58.24128720,58.86449048,0,1
43.40000000,58.55486430,58.36125990,58.28929090,58.89015622,0,1
43.41000000,58.58768258,58.39544898,58.28599077,58.82716575,0,1
43.42000000,58.63756920,58.42043852,58.27584406,58.83976835,0,1
43.43000000,58.64867669,58.40247028,58.26229522,58.89709440,0,1
43.44000000,58.60920508,58.41375988,58.27330086,58.89546520,0,1
43.45000000,58.61149308,58.37686451,58.28970019,58.86707309,0,1
43.46000000,58.62437291,58.38535072,58.29243137,58.93377710,0,1
43.47000000,58.59581977,58.43244176,58.26698364,58.90177280,0,1
43.48000000,58.62133665,58.37414912,58.29509522,58.89491177,0,1
43.49000000,58.56959639,58.37545926,58.34763168,58.88931180,0,1
43.50000000,58.65480813,58.39336615,58.33406637,58.89027493,0,1
43.51000000,58.58624345,58.33093631,58.28690019,58.87677961,0,1
43.52000000,58.61871620,58.40018111,58.25352162,58.77934985,0,1
43.53000000,58.59284079,58.45500525,58.23260277,58.89282343,0,1
43.54000000,58.59672564,58.38500995,58.28611887,58.90927355,0,1
43.55000000,58.58934287,58.38004571,58.31971803,58.84492493,0,1
43.56000000,58.58369740,58.31204246,58.28833242,58.92438729,0,1
43.57000000,58.60506033,58.36624558,58.24789459,58.89012253,0,1
43.58000000,58.61808590,58.37640409,58.22453505,58.80913328,0,1
43.59000000,58.62153906,58.39259692,58.19908159,58.87248036,0,1
43.60000000,58.53685813,58.36392412,58.26747380,58.83016499,0,1
43.61000000,58.50610427,58.30126390,58.24973452,58.81903903,0,1
43.62000000,58.50608498,58.31504925,58.26540685,58.85449539,0,1
43.63000000,58.59131958,58.34831082,58.22792080,58.75290008,0,1
43.64000000,58.61513646,58.33215656,58.21144899,58.87366083,0,1
43.65000000,58.59420324,58.35959094,58.22343077,58.84306307,0,1
43.66000000,58.56761125,58.36665431,58.29571079,58.76045635,0,1
43.67000000,58.51885730,58.34247938,58.30267543,58.94451144,0,1
43.68000000,58.50778776,58.33422239,58.30190011,58.88673001,0,1
43.69000000,58.58957877,58.30902589,58.26808950,58.76414899,0,1
43.70000000,58.55892078,58.32594733,58.25330727,58.87846772,0,1
43.71000000,58.54139557,58.29115582,58.26256356,58.86106009,0,1
43.72000000,58.46457247,58.29961917,58.25031910,58.79599486,0,1
43.73000000,58.52132251,58.32889280,58.24472008,58.84372817,0,1
43.74000000,58.55916324,58.33078445,58.23162834,58.86417699,0,1
43.75000000,58.62350465,58.36355978,58.25458564,58.86273177,0,1
43.76000000,58.55992785,58.31866125,58.30468667,58.83695727,0,1
43.77000000,58.53399916,58.30733201,58.28162747,58.86368361,0,1
43.78000000,58.54810476,58.31639385,58.26182930,58.92456787,0,1
43.79000000,58.56628289,58.37483128,58.21348089,58.85767824,0,1
43.80000000,58.55958630,58.30270346,58.16947807,58.86342344,0,1
43.81000000,58.53304453,58.30474633,58.22052704,58.88214509,0,1
43.82000000,58.54957830,58.32868665,58.23360153,58.81787524,0,1
43.83000000,58.55549576,58.29708681,58.24448351,58.80513737,0,1
43.84000000,58.54317190,58.34348659,58.19640904,58.77029482,0,1
43.85000000,58.54233220,58.27338649,58.17755520,58.80579319,0,1
43.86000000,58.56879679,58.29845609,58.21435530,58.75743651,0,1
43.87000000,58.55234391,58.27894151,58.21638454,58.82166690,0,1
43.88000000,58.50560588,58.31247224,58.20755669,58.83634189,0,1
43.89000000,58.45534736,58.30764805,58.14322518,58.77544559,0,1
43.90000000,58.48377679,58.31215918,58.15593192,58.79626444,0,1
43.91000000,58.58455672,58.31868794,58.14265385,58.75873660,0,1
43.92000000,58.58913764,58.31326624,58.20524620,58.78775005,0,1
43.93000000,58.56180652,58.29470132,58.19978476,58.80744763,0,1
43.94000000,58.45342126,58.24691930,58.18687794,58.77052420,0,1
43.95000000,58.50028752,58.30618843,58.18853579,58.70405842,0,1
43.96000000,58.50196422,58.26503198,58.18818451,58.79912582,0,1
43.97000000,58.53168598,58.27810156,58.18705079,58.79793643,0,1
43.98000000,58.50689367,58.26713827,58.18948880,58.75953094,0,1
43.99000000,58.51437611,58.31827851,58.22147769,58.87666413,0,1
44.00000000,58.50514221,58.28368794,58.22361541,58.80464126,0,1
44.01000000,58.55096588,58.29568864,58.20198778,58.79884887,0,1
44.02000000,58.52773192,58.26410268,58.19558032,58.78811117,0,1
44.03000000,58.50316954,58.25251735,58.27480989,58.79841724,0,1
44.04000000,58.49196136,58.25389538,58.21042622,58.80208899,0,1
44.05000000,58.48888777,58.29777458,58.18236539,58.73887771,0,1
44.06000000,58.51458862,58.26789068,58.09168179,58.72030877,0,1
44.07000000,58.53485610,58.26668637,58.08681390,58.75466583,0,1
44.08000000,58.54752981,58.28195096,58.13748153,58.74336451,0,1
44.09000000,58.50763993,58.28885069,58.19201267,58.75654719,0,1
44.10000000,58.43494796,58.27534612,58.22605686,58.83841204,0,1
44.11000000,58.49117222,58.22026701,58.20915969,58.76510770,0,1
44.12000000,58.50121763,58.24769349,58.15482825,58.73666479,0,1
44.13000000,58.55007411,58.26799501,58.14865060,58.79497602,0,1
44.14000000,58.47010786,58.25419732,58.14590662,58.73594883,0,1
44.15000000,58.37539007,58.23395069,58.16583235,58.70929962,0,1
44.16000000,58.43263694,58.25092281,58.16191613,58.73033731,0,1
44.17000000,58.49601807,58.27044427,58.15567308,58.72969565,0,1
44.18000000,58.54583666,58.24174514,58.14210233,58.73166418,0,1
44.19000000,58.45837969,58.23301731,58.15009419,58.76369316,0,1
44.20000000,58.44611812,58.23514007,58.15832112,58.76757616,0,1
44.21000000,58.43970350,58.26290262,58.18679228,58.75489397,0,1
44.22000000,58.51275948,58.28717375,58.17125471,58.74858879,0,1
44.23000000,58.51945136,58.24910835,58.14530799,58.79039829,0,1
44.24000000,58.48874320,58.18793609,58.16994162,58.76688970,0,1
44.25000000,58.44051878,58.24321958,58.20163187,58.75393637,0,1
44.26000000,58.45286402,58.25446725,58.22714633,58.78063333,0,1
44.27000000,58.45927880,58.27303509,58.13820514,58.74189937,0,1
44.28000000,58.49820954,58.25890196,58.17540379,58.71023954,0,1
44.29000000,58.46440962,58.21593747,58.16499562,58.76714296,0,1
44.30000000,58.49986023,58.25222450,58.21925340,58.79917680,0,1
44.31000000,58.49993052,58.26721605,58.19729778,58.81081538,0,1
44.32000000,58.46671731,58.31348457,58.17146207,58.78699373,0,1
44.33000000,58.42925248,58.21780920,58.13058599,58.76556807,0,1
44.34000000,58.47657388,58.24386691,58.15632453,58.76369145,0,1
44.35000000,58.52820649,58.26979647,58.15774491,58.77322672,0,1
44.36000000,58.52235859,58.28391464,58.13870563,58.79116149,0,1
44.37000000,58.46343005,58.21660280,58.11255758,58.76707439,0,1
44.38000000,58.40195993,58.18879610,58.08797744,58.66423277,0,1
44.39000000,58.44395528,58.20689230,58.10136294,58.69370995,0,1
44.40000000,58.49383116,58.24873700,58.13980221,58.77019395,0,1
44.41000000,58.45821468,58.24115382,58.13597118,58.67312882,0,1
44.42000000,58.39554674,58.19232390,58.10408327,58.74710074,0,1
44.43000000,58.35125022,58.12563972,58.14184582,58.75389742,0,1
44.44000000,58.39544457,58.17730119,58.11423118,58.68618449,0,1
44.45000000,58.46843987,58.12706529,58.13207890,58.69880495,0,1
44.46000000,58.40948316,58.12374786,58.11123358,58.71116867,0,1
44.47000000,58.34169811,58.07974376,58.13730563,58.68850061,0,1
44.48000000,58.30778368,58.06273134,58.12378461,58.64334327,0,1
44.49000000,58.34144924,58.10267458,58.09654345,58.61938743,0,1
44.50000000,58.34952020,58.07519759,58.03869175,58.70860888,0,1
44.51000000,58.33943975,58.08020041,58.05864411,58.65930505,0,1
44.52000000,58.31752257,58.04953171,58.06741628,58.65059281,0,1
44.53000000,58.33655214,58.09428986,58.09376692,58.74485687,0,1
44.54000000,58.34732618,58.10735493,58.08203631,58.66464989,0,1
44.55000000,58.37325376,58.08511451,58.02590642,58.61680914,0,1
44.56000000,58.31835652,58.03243105,58.02861922,58.65526374,0,1
44.57000000,58.23882075,58.00268575,58.04317347,58.63850763,0,1
44.58000000,58.24608736,57.99220603,57.99709532,58.59478958,0,1
44.59000000,58.22437365,57.94913649,57.96525939,58.55492993,0,1
44.60000000,58.21545510,57.93209270,57.91173967,58.50794083,0,1
44.61000000,58.12317297,57.87784870,57.91478136,58.51895285,0,1
44.62000000,58.12114215,57.87430980,57.96195488,58.50348751,0,1
44.63000000,58.16928515,57.88763858,57.94355143,58.53840192,0,1
44.64000000,58.16095280,57.86007087,57.93363519,58.56849211,0,1
44.65000000,58.12354637,57.86599019,57.89638972,58.47610559,0,1
44.66000000,58.07028350,57.88531543,57.85278232,58.44947019,0,1
44.67000000,58.06832917,57.83475754,57.81549821,58.36327847,0,1
44.68000000,58.04494696,57.80834291,57.78244158,58.36585417,0,1
44.69000000,58.07182170,57.75059278,57.74725505,58.38405235,0,1
44.70000000,58.04332392,57.67865037,57.73119122,58.28025822,0,1
44.71000000,58.00564608,57.65515822,57.73009252,58.31043279,0,1
44.72000000,57.94677605,57.69799153,57.73181950,58.31486390,0,1
44.73000000,57.92409711,57.68764163,57.71070349,58.19862818,0,1
44.74000000,57.94462780,57.64760036,57.68768781,58.25660601,0,1
44.75000000,57.91662295,57.56401146,57.66371073,58.33691561,0,1
44.76000000,57.82756147,57.57657181,57.63896009,58.27005303,0,1
44.77000000,57.82963433,57.59291181,57.59600064,58.19895840,0,1
44.78000000,57.76295981,57.60982493,57.58969024,58.17304896,0,1
44.79000000,57.78246396,57.51328751,57.59615148,58.09559977,0,1
44.80000000,57.74285401,57.44558425,57.58773772,58.11958174,0,1
44.81000000,57.74333394,57.38725385,57.55197917,58.15492400,0,1
44.82000000,57.73431249,57.42921015,57.49840885,58.10097941,0,1
44.83000000,57.66771461,57.42047903,57.45980168,58.08295067,0,1
44.84000000,57.64935162,57.41677071,57.40444712,58.05571129,0,1
44.85000000,57.58649778,57.33355993,57.34898334,58.02004466,0,1
44.86000000,57.54833409,57.30095948,57.34351393,58.02807713,0,1
44.87000000,57.53445068,57.29845928,57.33728071,58.07012861,0,1
44.88000000,57.54591673,57.27243679,57.27989212,57.94268254,0,1
44.89000000,57.41530970,57.21919724,57.25704242,57.84325087,0,1
44.90000000,57.41702708,57.19699086,57.24986631,57.81675230,0,1
44.91000000,57.39186455,57.16059052,57.22341934,57.78899521,0,1
44.92000000,57.39236893,57.11431028,57.18004917,57.74071849,0,1
44.93000000,57.34183975,57.08958097,57.12615654,57.77043269,0,1
44.94000000,57.30540371,57.06343667,57.12222778,57.71355573,0,1
44.95000000,57.30555710,57.03820510,57.09065637,57.65756166,0,1
44.96000000,57.31661307,57.02214414,57.07692688,57.69826011,0,1
44.97000000,57.26172643,56.97908378,57.02217325,57.66851588,0,1
44.98000000,57.18709203,56.93976662,56.95838081,57.63364720,0,1
44.99000000,57.15576285,56.92358178,56.94098117,57.55492764,0,1
45.00000000,57.11291725,56.94825236,56.95974483,57.48350273,0,1
45.01000000,57.13366391,56.87516423,56.96053621,57.46890798,0,1
45.02000000,57.09872545,56.80320871,56.87761944,57.45788099,0,1
45.03000000,57.08533563,56.68822448,56.80158674,57.38628087,0,1
45.04000000,57.03216825,56.74824081,56.76840802,57.38439342,0,1
45.05000000,56.98238056,56.79249114,56.82972142,57.38359013,0,1
45.06000000,56.97066165,56.77313319,56.75719300,57.29446541,0,1
45.07000000,56.99080776,56.68962098,56.71194009,57.31849775,0,1
45.08000000,56.97374470,56.57288202,56.67621400,57.36826299,0,1
45.09000000,56.91426203,56.60409843,56.63930696,57.30201231,0,1
45.10000000,56.85010337,56.65105356,56.57710151,57.19694932,0,1
45.11000000,56.75736188,56.63127765,56.59142598,57.18202776,0,1
45.12000000,56.78142870,56.50075629,56.60166720,57.13596513,0,1
45.13000000,56.79912187,56.45915928,56.57814298,57.09836945,0,1
45.14000000,56.78966935,56.44774225,56.49622247,57.10202991,0,1
45.15000000,56.72163612,56.45489115,56.44753052,57.10236537,0,1
45.16000000,56.65672205,56.46800069,56.45027765,57.02385931,0,1
45.17000000,56.64139307,56.44878193,56.44595665,56.97754201,0,1
45.18000000,56.67721870,56.35758866,56.42879408,57.01536092,0,1
45.19000000,56.67345057,56.35369573,56.36060559,57.03369393,0,1
45.20000000,56.62310110,56.33111737,56.29696025,57.01355452,0,1
45.21000000,56.55736022,56.35903027,56.24622258,56.93210182,0,1
45.22000000,56.48994134,56.31308769,56.27007468,56.86864837,0,1
45.23000000,56.51731851,56.23974030,56.27844485,56.82127750,0,1
45.24000000,56.50095615,56.25257633,56.24351063,56.79761161,0,1
45.25000000,56.51187694,56.24461841,56.21981084,56.80954381,0,1
45.26000000,56.50714495,56.21220222,56.16794978,56.84632948,0,1
45.27000000,56.40580998,56.19576002,56.17516637,56.76542533,0,1
45.28000000,56.36788784,56.16387755,56.16951206,56.71603570,0,1
45.29000000,56.33801727,56.15718561,56.17439606,56.77876545,0,1
45.30000000,56.36575019,56.08863843,56.13624411,56.72230397,0,1
45.31000000,56.27845587,56.07130309,56.10120388,56.69812796,0,1
45.32000000,56.23236293,55.98472821,56.05932113,56.72099209,0,1
45.33000000,56.15423355,55.93184290,56.05442541,56.61795509,0,1
45.34000000,56.11317254,55.86612761,56.06700849,56.59093688,0,1
45.35000000,56.09727816,55.90569568,56.03630933,56.57821451,0,1
45.36000000,56.03654715,55.87420149,55.98514132,56.50177813,0,1
45.37000000,56.05654597,55.89524281,55.92224093,56.53849941,0,1
45.38000000,56.09631293,55.91713522,55.89921755,56.51620666,0,1
45.39000000,56.09875303,55.90169247,55.83738209,56.45901749,0,1
45.40000000,56.10696776,55.87008376,55.80147488,56.49498978,0,1
45.41000000,56.07175073,55.81355137,55.77412151,56.45466720,0,1
45.42000000,56.02043011,55.82531117,55.75911452,56.42227093,0,1
45.43000000,56.01025142,55.84528704,55.79366081,56.40639785,0,1
45.44000000,56.04211814,55.83313663,55.74856535,56.38834498,0,1
45.45000000,56.01526428,55.79973220,55.74092150,56.34079659,0,1
45.46000000,55.96595715,55.78504367,55.69446381,56.33511390,0,1
45.47000000,55.87665492,55.69940105,55.71304083,56.31019915,0,1
45.48000000,55.82495718,55.68778667,55.66906022,56.28617259,0,1
45.49000000,55.87234363,55.68274162,55.63099582,56.27020497,0,1
45.50000000,55.86102279,55.66312140,55.62100739,56.24540410,0,1
45.51000000,55.83181472,55.61466049,55.62099502,56.23104062,0,1
45.52000000,55.79464616,55.55451240,55.61310926,56.23856416,0,1
45.53000000,55.79435505,55.54582880,55.59792128,56.20364167,0,1
45.54000000,55.80814363,55.53170852,55.53296234,56.15179759,0,1
45.55000000,55.75706478,55.54623708,55.50006046,56.12246482,0,1
45.56000000,55.66319307,55.54659276,55.49402736,56.07272875,0,1
45.57000000,55.63269371,55.54071382,55.48304037,56.04292554,0,1
45.58000000,55.64187209,55.50893559,55.44548919,55.98971444,0,1
45.59000000,55.67906024,55.45920248,55.38535227,56.00817721,0,1
45.60000000,55.68370048,55.42534921,55.30255222,56.01420888,0,1
45.61000000,55.63596749,55.41279277,55.32954111,56.04091528,0,1
45.62000000,55.55023402,55.41375596,55.40406863,56.01701717,0,1
45.63000000,55.55609330,55.38168783,55.39956440,55.97918772,0,1
45.64000000,55.55885584,55.31538315,55.39501233,55.99146933,0,1
45.65000000,55.57804692,55.29196078,55.30082245,55.97889321,0,1
45.66000000,55.53178582,55.33222347,55.27471596,55.93002330,0,1
45.67000000,55.48979531,55.33188299,55.27191235,55.94990355,0,1
45.68000000,55.46446583,55.32815425,55.26611553,55.93109829,0,1
45.69000000,55.45518610,55.27103600,55.24030664,55.82128137,0,1
45.70000000,55.39824944,55.24001252,55.23454304,55.77692252,0,1
45.71000000,55.40934935,55.20319757,55.19682872,55.84232452,0,1
45.72000000,55.37994694,55.21643005,55.17927817,55.81107950,0,1
45.73000000,55.34994528,55.17382533,55.14326570,55.77177186,0,1
45.74000000,55.36942767,55.15352570,55.12149646,55.78402996,0,1
45.75000000,55.35701425,55.10863137,55.10696324,55.74359154,0,1
45.76000000,55.33625245,55.12069010,55.08457613,55.67169540,0,1
45.77000000,55.30339714,55.12160681,55.06114945,55.65900362,0,1
45.78000000,55.26733882,55.10339178,55.04726539,55.71194568,0,1
45.79000000,55.26239607,55.06090782,55.03354617,55.66861214,0,1
45.80000000,55.24810727,55.03371197,55.01805665,55.54506662,0,1
45.81000000,55.21315081,55.03895180,54.99281329,55.55314660,0,1
45.82000000,55.17518376,55.04434501,54.94753424,55.60438445,0,1
45.83000000,55.13352277,55.00200556,54.90790104,55.53315730,0,1
45.84000000,55.13914329,54.92716158,54.89525973,55.55885013,0,1
45.85000000,55.17711435,54.88275319,54.91206261,55.59954785,0,1
45.86000000,55.18602997,54.90254041,54.93565493,55.52921413,0,1
45.87000000,55.12598085,54.92851988,54.89532489,55.47518236,0,1
45.88000000,55.07864018,54.93456826,54.85385378,55.48039438,0,1
45.89000000,55.07454069,54.89658892,54.82432474,55.45377730,0,1
45.90000000,55.06000270,54.87849395,54.81839983,55.44345022,0,1
45.91000000,55.04756140,54.82751354,54.82975679,55.42831545,0,1
45.92000000,54.99001376,54.82727482,54.82671867,55.38017320,0,1
45.93000000,54.96815512,54.79086095,54.78476744,55.38666547,0,1
45.94000000,54.97868229,54.79258623,54.72792424,55.36820279,0,1
45.95000000,55.00054543,54.77753622,54.69658798,55.33647358,0,1
45.96000000,54.98820742,54.72006151,54.68893055,55.33111668,0,1
45.97000000,54.97919563,54.70441631,54.70053857,55.33638399,0,1
45.98000000,54.92621021,54.69047111,54.71750145,55.32393940,0,1
45.99000000,54.92101385,54.72270879,54.68414130,55.27970741,0,1
46.00000000,54.91363144,54.73349535,54.61037077,55.23729841,0,1
46.01000000,54.87221806,54.69415731,54.55838497,55.21181945,0,1
46.02000000,54.86685475,54.63017861,54.57434055,55.18347888,0,1
46.03000000,54.82947558,54.59843869,54.61507552,55.12554641,0,1
46.04000000,54.81191711,54.60571203,54.60916935,55.11106498,0,1
46.05000000,54.79830501,54.58802731,54.55721419,55.14640559,0,1
46.06000000,54.79125941,54.53932794,54.53156179,55.12507335,0,1
46.07000000,54.78332088,54.50243070,54.52905638,55.09772747,0,1
46.08000000,54.74806117,54.48094855,54.53248293,55.10250762,0,1
46.09000000,54.73784019,54.45709329,54.51562171,55.09205404,0,1
46.10000000,54.69885848,54.47751623,54.48311029,55.07636057,0,1
46.11000000,54.71820692,54.47579972,54.41138938,55.00945644,0,1
46.12000000,54.69228355,54.42689693,54.38959892,54.97858090,0,1
46.13000000,54.64858653,54.39389332,54.39402371,54.96670154,0,1
46.14000000,54.59563432,54.36560485,54.41211702,54.89869684,0,1
46.15000000,54.56709386,54.37501359,54.39236664,54.85769848,0,1
46.16000000,54.54848650,54.32552047,54.36236290,54.88801645,0,1
46.17000000,54.55845201,54.29716899,54.29681737,54.85922928,0,1
46.18000000,54.50952467,54.23235660,54.28390632,54.86015666,0,1
46.19000000,54.51631326,54.23571065,54.29335413,54.87840499,0,1
46.20000000,54.51332861,54.26736987,54.29066961,54.87508028,0,1
46.21000000,54.51337269,54.25666664,54.24768827,54.85060165,0,1
46.22000000,54.45775626,54.23404963,54.21700210,54.81892570,0,1
46.23000000,54.45319215,54.20539125,54.19834635,54.78376285,0,1
46.24000000,54.41515022,54.19980054,54.19876423,54.77112679,0,1
46.25000000,54.40174508,54.16417875,54.18978739,54.72494798,0,1
46.26000000,54.35570748,54.13676422,54.16731430,54.68224806,0,1
46.27000000,54.34946177,54.11894476,54.13407869,54.66514396,0,1
46.28000000,54.34810702,54.07956118,54.11699642,54.65795592,0,1
46.29000000,54.32559310,54.05993383,54.08960495,54.64712344,0,1
46.30000000,54.23735418,54.02979115,54.07669154,54.65332331,0,1
46.31000000,54.22883673,54.01536890,54.07965882,54.64654161,0,1
46.32000000,54.26197087,54.02943707,54.07038770,54.62085934,0,1
46.33000000,54.26444433,54.02575651,54.04067116,54.60765686,0,1
46.34000000,54.24253900,54.00019569,54.01534106,54.57508886,0,1
46.35000000,54.19799200,53.97414070,53.97230879,54.54324256,0,1
46.36000000,54.16135442,53.93399791,53.94066429,54.51041302,0,1
46.37000000,54.13773185,53.88636803,53.96083243,54.45040634,0,1
46.38000000,54.09520629,53.86777492,53.95958018,54.39507978,0,1
46.39000000,54.04882287,53.85785379,53.94028853,54.41070844,0,1
46.40000000,54.03980518,53.83992414,53.86728527,54.42260643,0,1
46.41000000,54.04229272,53.86442624,53.82577452,54.41503703,0,1
46.42000000,54.01307935,53.80525429,53.82223938,54.41825179,0,1
46.43000000,54.04008914,53.75569205,53.79957506,54.44331806,0,1
46.44000000,54.01744392,53.71848758,53.78814648,54.38449358,0,1
46.45000000,53.95382360,53.73024085,53.79915875,54.35264583,0,1
46.46000000,53.96209689,53.73976030,53.79744247,54.35559324,0,1
46.47000000,53.96494380,53.76382550,53.74909925,54.30993451,0,1
46.48000000,53.94866333,53.73778165,53.71588825,54.26697581,0,1
46.49000000,53.89668025,53.69857296,53.71008907,54.25962770,0,1
46.50000000,53.85466410,53.67803818,53.70468431,54.22827076,0,1
46.51000000,53.82679679,53.65260205,53.67707574,54.24240720,0,1
46.52000000,53.83911683,53.66082078,53.62795290,54.26050423,0,1
46.53000000,53.83251724,53.62294585,53.60440389,54.20428604,0,1
46.54000000,53.80031668,53.57411013,53.60710049,54.21964834,0,1
46.55000000,53.81101049,53.54402711,53.61364904,54.21506092,0,1
46.56000000,53.80186177,53.53942121,53.58879811,54.15735171,0,1
46.57000000,53.80801572,53.55055309,53.55296746,54.15324288,0,1
46.58000000,53.76983638,53.52605490,53.48102921,54.09372872,0,1
46.59000000,53.69522967,53.48718725,53.44235958,54.04400747,0,1
46.60000000,53.67013586,53.45855806,53.46436863,54.02918464,0,1
46.61000000,53.66871985,53.48898383,53.46916741,53.93091704,0,1
46.62000000,53.64553126,53.47575613,53.45079188,53.92103369,0,1
46.63000000,53.63343541,53.44089032,53.38110579,53.94891027,0,1
46.64000000,53.63057051,53.41757649,53.33433081,53.92745744,0,1
46.65000000,53.58536858,53.36874548,53.35703399,53.93072382,0,1
46.66000000,53.57737446,53.35420391,53.39384482,53.93067756,0,1
46.67000000,53.59042872,53.30048697,53.37591546,53.90057380,0,1
46.68000000,53.57031621,53.27446836,53.36766736,53.89227819,0,1
46.69000000,53.55604652,53.27920626,53.33333948,53.86618351,0,1
46.70000000,53.50306016,53.30460700,53.27034775,53.84131750,0,1
46.71000000,53.47148227,53.29526666,53.25958008,53.83423700,0,1
46.72000000,53.43990047,53.24213096,53.26171143,53.80086908,0,1
46.73000000,53.39323812,53.19011778,53.23046736,53.73727457,0,1
46.74000000,53.38158637,53.16467620,53.23101723,53.75473549,0,1
46.75000000,53.40340128,53.17786666,53.19730644,53.76639198,0,1
46.76000000,53.40334035,53.20504346,53.14996154,53.72030671,0,1
46.77000000,53.35383379,53.16457226,53.12995115,53.72820977,0,1
46.78000000,53.35469391,53.11945443,53.12940865,53.70859456,0,1
46.79000000,53.37248280,53.08697335,53.14189389,53.69116267,0,1
46.80000000,53.35966053,53.08405625,53.11483050,53.70515292,0,1
46.81000000,53.31658063,53.08193445,53.07301683,53.63461507,0,1
46.82000000,53.26505476,53.08880956,53.04893636,53.63678574,0,1
46.83000000,53.25959096,53.12631763,53.04282412,53.63039159,0,1
46.84000000,53.25586567,53.06907003,53.05168251,53.54041035,0,1
46.85000000,53.20681930,53.00756328,53.05981158,53.52204826,0,1
46.86000000,53.19226949,52.95586751,53.05012587,53.58401282,0,1
46.87000000,53.21174476,52.96133995,52.99995255,53.57932437,0,1
46.88000000,53.18008636,52.98527195,52.94065606,53.52111970,0,1
46.89000000,53.14231511,52.92625753,52.94709119,53.50634390,0,1
46.90000000,53.14609069,52.88790065,52.93262118,53.50517466,0,1
46.91000000,53.15672399,52.83587081,52.90149755,53.44482794,0,1
46.92000000,53.12494135,52.86738705,52.88560522,53.42755940,0,1
46.93000000,53.08872007,52.87722238,52.83353758,53.42632434,0,1
46.94000000,53.02188967,52.84399536,52.78425784,53.38397146,0,1
46.95000000,53.02975332,52.80793799,52.75695866,53.32378364,0,1
46.96000000,53.05303181,52.77846811,52.78580686,53.28915800,0,1
46.97000000,52.96766717,52.76450217,52.77448584,53.25887461,0,1
46.98000000,52.91597640,52.75462140,52.75888777,53.26956537,0,1
46.99000000,52.88222170,52.76275865,52.72166561,53.31390404,0,1
47.00000000,52.90960439,52.75105976,52.67857737,53.26739319,0,1
47.01000000,52.91943136,52.71021954,52.67829716,53.21899982,0,1
47.02000000,52.92476477,52.68548204,52.68337044,53.26796585,0,1
47.03000000,52.89620189,52.65850802,52.65695774,53.21933789,0,1
47.04000000,52.85582502,52.62966685,52.62274728,53.17911518,0,1
47.05000000,52.86454705,52.61971298,52.61037784,53.19796142,0,1
47.06000000,52.77361171,52.62535401,52.56506087,53.18479729,0,1
47.07000000,52.74412718,52.63589637,52.54810997,53.12762465,0,1
47.08000000,52.74776213,52.59430874,52.56780479,53.05653623,0,1
47.09000000,52.74637488,52.55506373,52.59250535,53.09817573,0,1
47.10000000,52.73703834,52.51779980,52.54178129,53.11610930,0,1
47.11000000,52.72349179,52.50988281,52.47342778,53.06816132,0,1
47.12000000,52.68224603,52.50485115,52.45078321,53.08035883,0,1
47.13000000,52.65120311,52.47538644,52.46971787,53.05608992,0,1
47.14000000,52.67965749,52.43982052,52.50939447,53.00251352,0,1
47.15000000,52.64596921,52.41140192,52.48894748,53.01536751,0,1
47.16000000,52.62686589,52.41808095,52.44310677,53.00187413,0,1
47.17000000,52.60332075,52.43619101,52.38935381,52.96185238,0,1
47.18000000,52.58604635,52.43903180,52.32132710,52.94735716,0,1
47.19000000,52.56786800,52.39621630,52.30982574,52.89960656,0,1
47.20000000,52.53738742,52.33929793,52.33780792,52.82801095,0,1
47.21000000,52.50522388,52.32665305,52.34865822,52.83647574,0,1
47.22000000,52.46585366,52.32767673,52.35340047,52.86755889,0,1
47.23000000,52.49209666,52.33828036,52.27781208,52.87400976,0,1
47.24000000,52.48047215,52.29920480,52.19595047,52.84778788,0,1
47.25000000,52.44627889,52.21919536,52.17835326,52.83484343,0,1
47.26000000,52.44238954,52.19023056,52.19413240,52.82447354,0,1
47.27000000,52.39742853,52.19519924,52.20075239,52.76363175,0,1
47.28000000,52.38211794,52.18824470,52.16838197,52.73293038,0,1
47.29000000,52.37101290,52.19054827,52.11997481,52.77229175,0,1
47.30000000,52.34269463,52.15983378,52.10046598,52.73198613,0,1
47.31000000,52.33001282,52.13961642,52.11017460,52.64015252,0,1
47.32000000,52.28535454,52.12463407,52.13089753,52.61981904,0,1
47.33000000,52.27460787,52.13287862,52.14412503,52.62520820,0,1
47.34000000,52.26261447,52.09587708,52.10338739,52.61497186,0,1
47.35000000,52.27335248,52.04796936,52.03593848,52.63669705,0,1
47.36000000,52.24964148,52.06863791,51.98994925,52.62523592,0,1
47.37000000,52.19227545,52.03198207,52.00326513,52.60436319,0,1
47.38000000,52.18858607,52.01174927,52.01182877,52.57169351,0,1
47.39000000,52.17357714,51.98310130,51.99631810,52.53357709,0,1
47.40000000,52.17994848,51.94097463,51.96873189,52.53909132,0,1
47.41000000,52.19232095,51.93185164,51.90314690,52.52956395,0,1
47.42000000,52.14950419,51.93190689,51.87038286,52.49304480,0,1
47.43000000,52.09333690,51.94309372,51.89054109,52.45098378,0,1
47.44000000,52.07368142,51.92374178,51.92370122,52.41564012,0,1
47.45000000,52.04744309,51.90369507,51.92822163,52.40487027,0,1
47.46000000,52.05711644,51.87443264,51.90604956,52.42603505,0,1
47.47000000,52.06541491,51.85218356,51.83693480,52.44358411,0,1
47.48000000,52.07448459,51.86402022,51.77284838,52.43235551,0,1
47.49000000,52.04547187,51.86925032,51.79288139,52.42473390,0,1
47.50000000,52.04092214,51.83988313,51.79992726,52.39078367,0,1
47.51000000,52.03038758,51.77574766,51.76989508,52.33016891,0,1
47.52000000,52.01178557,51.76004350,51.77210785,52.34157904,0,1
47.53000000,52.02653023,51.77889567,51.75125587,52.34859220,0,1
47.54000000,51.98178467,51.77590526,51.71155733,52.27234179,0,1
47.55000000,51.93868146,51.78511190,51.69344496,52.23685050,0,1
47.56000000,51.90582137,51.75668807,51.70067253,52.20705601,0,1
47.57000000,51.87428738,51.72837439,51.68550620,52.17366371,0,1
47.58000000,51.86008649,51.70995362,51.67057466,52.20187814,0,1
47.59000000,51.87504197,51.67555740,51.63950251,52.21901926,0,1
47.60000000,51.87348569,51.66854273,51.59965868,52.21757172,0,1
47.61000000,51.84231386,51.65375742,51.60208229,52.20319815,0,1
47.62000000,51.85048874,51.63411101,51.62115731,52.17465829,0,1
47.63000000,51.84308837,51.61030687,51.63066465,52.15488795,0,1
47.64000000,51.82136574,51.60707209,51.60833484,52.13498911,0,1
47.65000000,51.80762961,51.62716295,51.55785963,52.14119377,0,1
47.66000000,51.78556057,51.59395685,51.51150363,52.14653461,0,1
47.67000000,51.76677756,51.56786498,51.51992706,52.09353730,0,1
47.68000000,51.75290756,51.56090880,51.53656275,52.04770143,0,1
47.69000000,51.73397823,51.55010091,51.52354784,52.06859070,0,1
47.70000000,51.70334221,51.53778052,51.51047519,52.05446145,0,1
47.71000000,51.69355598,51.52835568,51.46180920,52.02246920,0,1
47.72000000,51.74133497,51.54253408,51.43525594,52.08696127,0,1
47.73000000,51.73490476,51.50823605,51.44644986,52.08879759,0,1
47.74000000,51.68596019,51.47259965,51.44896635,52.01385184,0,1
47.75000000,51.63385172,51.44240609,51.44580741,52.00049372,0,1
47.76000000,51.60453175,51.43782064,51.41897476,51.99236119,0,1
47.77000000,51.67947518,51.43239715,51.38501188,51.94158324,0,1
47.78000000,51.67419449,51.38882945,51.35698261,51.91768171,0,1
47.79000000,51.60568255,51.36941713,51.32811133,51.88426511,0,1
47.80000000,51.55882413,51.37645332,51.35471578,51.82999369,0,1
47.81000000,51.55096757,51.40120112,51.37549541,51.83862042,0,1
47.82000000,51.50861435,51.39270143,51.36252949,51.85372422,0,1
47.83000000,51.48812787,51.34391105,51.32465580,51.82182277,0,1
47.84000000,51.48418257,51.31698137,51.24786201,51.85506067,0,1
47.85000000,51.49502149,51.33319574,51.23395614,51.88703638,0,1
47.86000000,51.50576490,51.32646669,51.23376525,51.81480028,0,1
47.87000000,51.47581029,51.29127012,51.22765961,51.77816317,0,1
47.88000000,51.43344231,51.23921395,51.20485559,51.79464149,0,1
47.89000000,51.45079987,51.24791381,51.18372853,51.76599271,0,1
47.90000000,51.45846202,51.24456868,51.15704701,51.75117507,0,1
47.91000000,51.38923817,51.20558043,51.17210160,51.73866027,0,1
47.92000000,51.30381486,51.19231944,51.18499112,51.68303168,0,1
47.93000000,51.36921051,51.16893602,51.15835552,51.67765107,0,1
47.94000000,51.41878753,51.16907828,51.13233706,51.69991109,0,1
47.95000000,51.35319701,51.12797956,51.12760251,51.68253402,0,1
47.96000000,51.28013385,51.10632425,51.09578960,51.67793904,0,1
47.97000000,51.20994209,51.10130688,51.09383623,51.68569412,0,1
47.98000000,51.23442134,51.10606648,51.10417239,51.64763496,0,1
47.99000000,51.29757083,51.10478680,51.11907550,51.61492011,0,1
48.00000000,51.30202616,51.03483191,51.11482816,51.59594598,0,1
48.01000000,51.30680544,50.98412924,51.06478729,51.58026143,0,1
48.02000000,51.28884664,51.00230420,51.02656906,51.56545764,0,1
48.03000000,51.21288676,51.03510788,50.98981211,51.55115166,0,1
48.04000000,51.13764422,51.02646620,50.97180421,51.49939094,0,1
48.05000000,51.16304106,50.99811103,50.98058471,51.47746654,0,1
48.06000000,51.20051411,50.99568138,50.96835216,51.49014541,0,1
48.07000000,51.23340180,51.00688915,50.96112401,51.47442642,0,1
48.08000000,51.22766000,50.97698479,50.91092378,51.47415432,0,1
48.09000000,51.18460719,50.98123961,50.85646170,51.49521964,0,1
48.10000000,51.14825922,50.96591254,50.84401631,51.47459027,0,1
48.11000000,51.18657013,50.96337138,50.82996193,51.45414733,0,1
48.12000000,51.18358884,50.96880223,50.92167657,51.46404137,0,1
48.13000000,51.14248803,50.95215438,50.95999507,51.45524736,0,1
48.14000000,51.14308545,50.96024776,50.90850376,51.39277125,0,1
48.15000000,51.14292649,50.90875599,50.84470686,51.39603553,0,1
48.16000000,51.14619561,50.87827374,50.80310043,51.40724246,0,1
48.17000000,51.11363182,50.90689159,50.80903284,51.35588844,0,1
48.18000000,51.08626909,50.91223119,50.84758571,51.38721366,0,1
48.19000000,51.04461211,50.92830086,50.87634383,51.40562153,0,1
48.20000000,51.06098494,50.89272618,50.88279751,51.35148976,0,1
48.21000000,51.08786714,50.86463042,50.84045351,51.36122682,0,1
48.22000000,51.09391780,50.83919480,50.78360927,51.40089768,0,1
48.23000000,51.08636657,50.86045650,50.74154156,51.36744360,0,1
48.24000000,51.04360806,50.86507957,50.75766891,51.33901531,0,1
48.25000000,51.00448637,50.84688950,50.77525449,51.34465531,0,1
48.26000000,51.05447723,50.83596332,50.78486415,51.30834614,0,1
48.27000000,51.07038001,50.83022060,50.74780817,51.26165718,0,1
48.28000000,51.02498648,50.79201154,50.71382799,51.23280065,0,1
48.29000000,50.98714049,50.80488175,50.70966376,51.23065565,0,1
48.30000000,50.95574130,50.78823398,50.74904048,51.25927819,0,1
48.31000000,50.94395325,50.80277667,50.71539427,51.26007523,0,1
48.32000000,50.95956344,50.78779347,50.70421697,51.24078085,0,1
48.33000000,50.99532095,50.76065941,50.68778224,51.24850648,0,1
48.34000000,50.94834923,50.76559531,50.68864374,51.30496460,0,1
48.35000000,50.93456628,50.77222926,50.71272795,51.27656512,0,1
48.36000000,50.98606836,50.82089501,50.70983987,51.25588907,0,1
48.37000000,51.05164380,50.85980566,50.69329409,51.24996427,0,1
48.38000000,51.09348887,50.86790791,50.68066682,51.19891396,0,1
48.39000000,51.03613777,50.85390861,50.66951127,51.17805283,0,1
48.40000000,50.95442128,50.82720012,50.65145454,51.18616303,0,1
48.41000000,50.92661053,50.80342831,50.67148797,51.16746736,0,1
48.42000000,50.94402032,50.75859659,50.68502516,51.21475391,0,1
48.43000000,50.95555322,50.73050764,50.67999474,51.22901577,0,1
48.44000000,50.92685942,50.74498839,50.67698361,51.21754641,0,1
48.45000000,50.91541243,50.76921880,50.66170578,51.20325668,0,1
48.46000000,50.90007401,50.78535267,50.62828794,51.25450362,0,1
48.47000000,50.91560691,50.75064869,50.63860559,51.24298617,0,1
48.48000000,50.96412908,50.70567274,50.62467071,51.24465095,0,1
48.49000000,50.94606548,50.72219927,50.62267978,51.22958564,0,1
48.50000000,50.89389532,50.72201092,50.64997718,51.19586601,0,1
48.51000000,50.88623251,50.74607459,50.64448165,51.18687170,0,1
48.52000000,50.91603583,50.75191267,50.63249844,51.16256471,0,1
48.53000000,50.94755067,50.74921460,50.59548507,51.11715606,0,1
48.54000000,50.94223777,50.72879226,50.57834110,51.10538953,0,1
48.55000000,50.90047930,50.74264192,50.61672937,51.13565599,0,1
48.56000000,50.86442806,50.79184752,50.64934184,51.15921669,0,1
48.57000000,50.93962497,50.83229909,50.66726285,51.16381973,0,1
48.58000000,50.96812053,50.82471316,50.59923318,51.17337430,0,1
48.59000000,50.94036926,50.78116571,50.57551419,51.19973546,0,1
48.60000000,50.95829744,50.73903718,50.61134719,51.21729176,0,1
48.61000000,50.96552565,50.79072767,50.66638796,51.20065411,0,1
48.62000000,50.94329459,50.78704535,50.68729052,51.23967112,0,1
48.63000000,50.91864586,50.79181794,50.65775033,51.23437442,0,1
48.64000000,50.91204158,50.76080068,50.63729523,51.19252564,0,1
48.65000000,50.92442538,50.75233057,50.61038003,51.17250948,0,1
48.66000000,50.98442335,50.75620478,50.64773222,51.16696222,0,1
48.67000000,50.99678802,50.79366290,50.67076724,51.18970693,0,1
48.68000000,50.96612809,50.81458598,50.67304811,51.20564296,0,1
48.69000000,50.96850686,50.84606413,50.65918658,51.21955843,0,1
48.70000000,50.99552652,50.82111883,50.65244403,51.22208278,0,1
48.71000000,50.99970593,50.83512720,50.67024063,51.23202467,0,1
48.72000000,51.02114679,50.85022315,50.68738513,51.21951172,0,1
48.73000000,51.06069286,50.89229476,50.68002923,51.23367956,0,1
48.74000000,51.02843439,50.89081772,50.71827685,51.24938468,0,1
48.75000000,51.03562968,50.88945105,50.70810938,51.23984621,0,1
48.76000000,51.04751738,50.89273714,50.73329129,51.23969961,0,1
48.77000000,51.04459053,50.86304171,50.71836227,51.22858587,0,1
48.78000000,51.05814434,50.87773880,50.69128771,51.22268609,0,1
48.79000000,51.07169773,50.88777829,50.74556733,51.26293301,0,1
48.80000000,51.05531102,50.88809546,50.78685352,51.30696022,0,1
48.81000000,51.04213295,50.90947711,50.78997977,51.31777951,0,1
48.82000000,51.05260225,50.86391901,50.75381745,51.28892182,0,1
48.83000000,51.07310971,50.88048553,50.70218497,51.30475760,0,1
48.84000000,51.08391043,50.89680084,50.68662311,51.33995456,0,1
48.85000000,51.09080351,50.91221534,50.71671632,51.33164389,0,1
48.86000000,51.07499111,50.93675257,50.79335377,51.31084080,0,1
48.87000000,51.07783194,50.95133769,50.81528883,51.34911355,0,1
48.88000000,51.12575274,50.94180110,50.82765912,51.30708363,0,1
48.89000000,51.12956085,50.92523897,50.82051488,51.28988060,0,1
48.90000000,51.10220230,50.93188533,50.80449907,51.31484311,0,1
48.91000000,51.10215640,50.94027363,50.82708453,51.32598333,0,1
48.92000000,51.11884653,50.95734992,50.87037266,51.34957745,0,1
48.93000000,51.14340310,50.99379777,50.86232004,51.39376465,0,1
48.94000000,51.15758217,50.96371304,50.86363301,51.34225310,0,1
48.95000000,51.18458554,50.98328478,50.81950092,51.37407654,0,1
48.96000000,51.16182021,50.97977496,50.81456048,51.45292302,0,1
48.97000000,51.17980904,51.01100056,50.83204424,51.44230593,0,1
48.98000000,51.19182582,51.06372160,50.89899296,51.45820956,0,1
48.99000000,51.19715123,51.07660246,50.93309191,51.46464686,0,1
49.00000000,51.23808463,51.07026259,50.92423599,51.41565311,0,1
49.01000000,51.22930868,51.03283365,50.88943003,51.44052833,0,1
49.02000000,51.21797897,51.03884998,50.88490699,51.42382611,0,1
49.03000000,51.22014409,51.04880147,50.90014077,51.44287664,0,1
49.04000000,51.24081903,51.05444038,50.92096889,51.50079977,0,1
49.05000000,51.23302392,51.05938114,50.96298716,51.45349047,0,1
49.06000000,51.24236446,51.06069892,50.98131529,51.45685544,0,1
49.07000000,51.29974781,51.08974526,50.97950634,51.49029450,0,1
49.08000000,51.28755338,51.09534704,50.92088411,51.47409791,0,1
49.09000000,51.30332757,51.11564344,50.92297614,51.52723738,0,1
49.10000000,51.32484433,51.12207631,50.95293724,51.54407096,0,1
49.11000000,51.31702792,51.14459470,51.00312739,51.47257874,0,1
49.12000000,51.31631463,51.14783562,51.02041924,51.50722363,0,1
49.13000000,51.29347983,51.15488154,51.00943141,51.47483561,0,1
49.14000000,51.26745718,51.14728665,50.99158299,51.40306886,0,1
49.15000000,51.30328621,51.13550864,50.96664841,51.48571778,0,1
49.16000000,51.34871422,51.16306817,50.99050294,51.53667122,0,1
49.17000000,51.34573303,51.13690451,51.03600635,51.50018419,0,1
49.18000000,51.34543135,51.16875446,51.06127888,51.54612940,0,1
49.19000000,51.36510721,51.15671043,51.09278368,51.60068948,0,1
49.20000000,51.39009279,51.20557907,51.04342742,51.57591881,0,1
49.21000000,51.35198873,51.21232765,51.02603226,51.59965158,0,1
49.22000000,51.38208820,51.21807314,51.06743877,51.66775767,0,1
49.23000000,51.34883217,51.21538002,51.09262408,51.63845866,0,1
49.24000000,51.38451925,51.21983286,51.11492983,51.63882769,0,1
49.25000000,51.43488229,51.22720062,51.09650514,51.64152484,0,1
49.26000000,51.39978202,51.21205234,51.08362116,51.61756927,0,1
49.27000000,51.36117648,51.21407782,51.06044724,51.56397738,0,1
49.28000000,51.37716658,51.19698831,51.09502961,51.62926905,0,1
49.29000000,51.42064701,51.22034224,51.17781166,51.65139623,0,1
49.30000000,51.43623618,51.23300903,51.20118353,51.63153387,0,1
49.31000000,51.44538403,51.24368296,51.21682834,51.66789926,0,1
49.32000000,51.42643644,51.24131920,51.14742468,51.68918047,0,1
49.33000000,51.41817126,51.27945221,51.09197314,51.68729947,0,1
49.34000000,51.49391951,51.29546101,51.14235303,51.72963863,0,1
49.35000000,51.49711947,51.33454558,51.16294471,51.72357540,0,1
49.36000000,51.48621366,51.33522155,51.18190235,51.70336565,0,1
49.37000000,51.48190753,51.33071357,51.21525090,51.72185477,0,1
49.38000000,51.47901581,51.32698128,51.20203705,51.72069250,0,1
49.39000000,51.49992090,51.32535116,51.17506478,51.68029207,0,1
49.40000000,51.51794457,51.32861833,51.16446152,51.68761247,0,1
49.41000000,51.51935871,51.30308877,51.19040671,51.72505668,0,1
49.42000000,51.52912762,51.34704678,51.22004131,51.75577629,0,1
49.43000000,51.51740763,51.33695302,51.25340882,51.74713700,0,1
49.44000000,51.55787278,51.34837764,51.25958821,51.78157886,0,1
49.45000000,51.54972578,51.36532262,51.20212716,51.78182083,0,1
49.46000000,51.56519076,51.40430790,51.20430755,51.80550192,0,1
49.47000000,51.57039172,51.40854899,51.22421457,51.80874666,0,1
49.48000000,51.55394471,51.40982004,51.29990133,51.80410356,0,1
49.49000000,51.58730786,51.43401468,51.30362992,51.78619881,0,1
49.50000000,51.58383037,51.40269398,51.30406634,51.81134907,0,1
49.51000000,51.59828685,51.44819650,51.26740748,51.73457154,0,1
49.52000000,51.59660554,51.43166590,51.24292118,51.75099448,0,1
49.53000000,51.62915579,51.42608966,51.29331929,51.86000057,0,1
49.54000000,51.64915324,51.42313652,51.32770076,51.84719168,0,1
49.55000000,51.62931894,51.46056877,51.33773345,51.83807342,0,1
49.56000000,51.64856315,51.44332684,51.34846305,51.89369654,0,1
49.57000000,51.62515615,51.48651803,51.30742946,51.89689874,0,1
49.58000000,51.66252812,51.50746583,51.30678502,51.91641933,0,1
49.59000000,51.71161942,51.52996805,51.36291495,51.94119415,0,1
49.60000000,51.71019058,51.54458585,51.38376210,51.93097479,0,1
49.61000000,51.70249071,51.49423447,51.43021815,51.91372777,0,1
49.62000000,51.70336051,51.53250201,51.40646862,51.92004402,0,1
49.63000000,51.67633451,51.53371535,51.39997655,51.88889163,0,1
49.64000000,51.69790358,51.52319673,51.38429839,51.88992775,0,1
49.65000000,51.71438196,51.53485915,51.41571417,51.92559160,0,1
49.66000000,51.73637994,51.54125479,51.44020886,51.94232479,0,1
49.67000000,51.75168064,51.55431258,51.44268464,51.96107040,0,1
49.68000000,51.79919917,51.59357318,51.48051914,51.98252960,0,1
49.69000000,51.76753820,51.59323538,51.41202705,52.00646413,0,1
49.70000000,51.75602406,51.61201039,51.41102204,52.01708846,0,1
49.71000000,51.78739664,51.62832026,51.42679620,51.98957563,0,1
49.72000000,51.79757231,51.66319290,51.47403683,51.99273458,0,1
49.73000000,51.82093945,51.68539656,51.50421839,51.97940998,0,1
49.74000000,51.89052851,51.66549985,51.50767739,51.98760547,0,1
49.75000000,51.84699318,51.67028074,51.48340862,51.97542895,0,1
49.76000000,51.84615418,51.64457832,51.46921259,51.98431210,0,1
49.77000000,51.84288468,51.66419846,51.50370357,52.02592419,0,1
49.78000000,51.83829749,51.69713287,51.57723587,52.06061030,0,1
49.79000000,51.86675395,51.69590623,51.62052387,52.10649873,0,1
49.80000000,51.88540935,51.71741081,51.63033408,52.11414096,0,1
49.81000000,51.94957203,51.73574283,51.60377189,52.15092064,0,1
49.82000000,51.93248783,51.75693789,51.56850086,52.20584031,0,1
49.83000000,51.95497905,51.76105881,51.58247156,52.18620465,0,1
49.84000000,51.94266172,51.80722841,51.62554145,52.14953892,0,1
49.85000000,51.92678466,51.80310919,51.64230130,52.18699453,0,1
49.86000000,51.96598434,51.82541691,51.66647226,52.18042996,0,1
49.87000000,51.96224935,51.82549701,51.66820805,52.11515537,0,1
49.88000000,51.97203120,51.78585154,51.61483278,52.09885051,0,1
49.89000000,51.97895743,51.79876780,51.61308951,52.16389165,0,1
49.90000000,52.00278242,51.80278224,51.63662656,52.23649275,0,1
49.91000000,52.02931183,51.81293493,51.70360435,52.22558454,0,1
49.92000000,52.06330667,51.87170443,51.73639904,52.23329990,0,1
49.93000000,52.05616704,51.88701786,51.79556741,52.29101288,0,1
49.94000000,52.01060865,51.90430433,51.72387242,52.28909982,0,1
49.95000000,52.04555283,51.87929138,51.74506090,52.29281243,0,1
49.96000000,52.07519546,51.91446887,51.75375547,52.32117481,0,1
49.97000000,52.11202944,51.90971897,51.77981349,52.35703513,0,1
49.98000000,52.12197029,51.95418767,51.79383835,52.33853215,0,1
49.99000000,52.07126079,51.93135045,51.79298966,52.26279083,0,1
