time_s,wheel0_corrected_rad_s,wheel1_corrected_rad_s,wheel2_corrected_rad_s,wheel3_corrected_rad_s,FL_blowout_signal,RR_blowout_signal
0.00000000,59.16535617,58.91583868,58.86973239,58.96655048,0,0
0.01000000,59.16883398,58.93802374,58.85179457,58.96308596,0,0
0.02000000,59.21726574,58.97191902,58.82482587,58.95344955,0,0
0.03000000,59.20422852,58.98298097,58.79389769,58.91280237,0,0
0.04000000,59.20633922,58.93392729,58.79207424,58.88981598,0,0
0.05000000,59.19765331,58.94012800,58.76923449,58.86667161,0,0
0.06000000,59.15954297,58.94353239,58.77289365,58.85620646,0,0
0.07000000,59.18054512,58.97275973,58.76223248,58.91074452,0,0
0.08000000,59.20777145,58.96816766,58.76550100,58.94979460,0,0
0.09000000,59.19540678,58.92101224,58.78963410,58.94456291,0,0
0.10000000,59.17865166,58.89500211,58.82746646,58.96122155,0,0
0.11000000,59.15438826,58.93704042,58.77107466,58.90860004,0,0
0.12000000,59.17938431,58.99341429,58.75973897,58.86849902,0,0
0.13000000,59.19460000,58.92755946,58.77168270,58.86837985,0,0
0.14000000,59.15594886,58.86274787,58.82449260,58.88965838,0,0
0.15000000,59.16271612,58.87261464,58.86348647,58.90215773,0,0
0.16000000,59.13635322,58.97569255,58.81335312,58.92996811,0,0
0.17000000,59.21708739,59.02892665,58.78227376,58.93400075,0,0
0.18000000,59.15724179,58.95226621,58.73607707,58.92896477,0,0
0.19000000,59.17598180,58.86665715,58.78071431,58.93263721,0,0
0.20000000,59.12551754,58.89028981,58.83761936,58.93840960,0,0
0.21000000,59.23619963,58.99246473,58.84823119,58.94081940,0,0
0.22000000,59.19611151,58.93620919,58.80863090,58.95606399,0,0
0.23000000,59.17378243,58.91945550,58.74350942,58.92101764,0,0
0.24000000,59.12562961,58.87606465,58.79971524,58.91802096,0,0
0.25000000,59.19204404,58.95213122,58.85572330,58.95595151,0,0
0.26000000,59.18987014,59.00959647,58.84950256,58.94521989,0,0
0.27000000,59.16055398,58.99857696,58.80509832,58.92564256,0,0
0.28000000,59.16949079,58.92791823,58.78622293,58.95439924,0,0
0.29000000,59.20986965,58.92345020,58.80847760,58.95384387,0,0
0.30000000,59.23266354,58.93294793,58.83370574,58.88807580,0,0
0.31000000,59.23877200,58.97123421,58.79752096,58.87323474,0,0
0.32000000,59.16962098,58.97148385,58.77063877,58.88053736,0,0
0.33000000,59.16664619,58.97870968,58.77968615,58.92127855,0,0
0.34000000,59.18196914,58.93375084,58.80912743,58.90137493,0,0
0.35000000,59.18782060,58.91868021,58.79781820,58.92612814,0,0
0.36000000,59.14290565,58.91690646,58.78231161,58.90833144,0,0
0.37000000,59.13925436,58.93901709,58.77682544,58.93523293,0,0
0.38000000,59.16968872,58.94508241,58.78950373,58.91865460,0,0
0.39000000,59.20720582,58.93021610,58.79460732,58.89327544,0,0
0.40000000,59.15889815,58.91211289,58.74725589,58.85704526,0,0
0.41000000,59.14040501,58.91992965,58.76924641,58.84482736,0,0
0.42000000,59.14068419,58.96541663,58.78365406,58.88693388,0,0
0.43000000,59.21192694,58.98392665,58.78578735,58.93031940,0,0
0.44000000,59.17702840,58.94179804,58.76979047,58.93433795,0,0
0.45000000,59.15547813,58.86166987,58.79661833,58.93400478,0,0
0.46000000,59.12824624,58.88431979,58.78414606,58.91204309,0,0
0.47000000,59.15370131,58.93606352,58.83049421,58.90703371,0,0
0.48000000,59.16056912,58.96617284,58.83525621,58.91596833,0,0
0.49000000,59.20702589,58.93051456,58.82116104,58.96194685,0,0
0.50000000,59.14374238,58.86796903,58.80476998,58.96532982,0,0
0.51000000,59.07018131,58.89992241,58.82875811,58.95777968,0,0
0.52000000,59.08727592,58.97698594,58.80661856,58.94275150,0,0
0.53000000,59.11373311,58.97025543,58.80984056,58.93262169,0,0
0.54000000,59.17103263,58.91721028,58.78393235,58.92681590,0,0
0.55000000,59.15553114,58.88894413,58.81731365,58.90401449,0,0
0.56000000,59.20405301,58.89779041,58.81399291,58.93519821,0,0
0.57000000,59.15074460,58.94519045,58.79090991,58.91828747,0,0
0.58000000,59.13858007,58.96531840,58.75863664,58.90648436,0,0
0.59000000,59.11256502,58.91538620,58.78769148,58.93139492,0,0
0.60000000,59.18768133,58.90933682,58.78064248,58.95398406,0,0
0.61000000,59.20240024,58.91966806,58.74608914,58.93924602,0,0
0.62000000,59.17107954,58.93181350,58.73449386,58.89582467,0,0
0.63000000,59.17475251,58.94307185,58.75065415,58.87299003,0,0
0.64000000,59.12322417,58.90145224,58.82343477,58.88962304,0,0
0.65000000,59.13862776,58.91071183,58.83763754,58.90892165,0,0
0.66000000,59.12040421,58.89487161,58.94935471,58.90816772,0,0
0.67000000,59.14890230,58.94183053,58.79626801,58.88771785,0,0
0.68000000,59.14892377,58.90142142,58.77019268,58.87687504,0,0
0.69000000,59.07213436,58.88276574,58.70331465,58.89817582,0,0
0.70000000,59.11413375,58.91148950,58.76316411,58.89779939,0,0
0.71000000,59.12441531,58.87428853,58.71673746,58.91655319,0,0
0.72000000,59.23544641,58.90140454,58.73011456,58.90973328,0,0
0.73000000,59.17020817,58.91559608,58.75871805,58.91647160,0,0
0.74000000,59.12674722,58.91322937,58.76758780,58.87513590,0,0
0.75000000,59.11465082,58.89747916,58.73144810,58.92790195,0,0
0.76000000,59.15175454,58.88053236,58.74732951,58.88205412,0,0
0.77000000,59.21617054,58.88691424,58.78350298,58.88341213,0,0
0.78000000,59.11615534,58.90334453,58.79492498,58.92674740,0,0
0.79000000,59.12976585,58.95627690,58.80376861,58.89613519,0,0
0.80000000,59.12446305,58.92255447,58.86574253,58.91967030,0,0
0.81000000,59.18742652,58.91138296,58.78153250,58.93695790,0,0
0.82000000,59.20125025,58.91078814,58.84149511,58.87053810,0,0
0.83000000,59.20664232,58.89712743,58.77398358,58.90103128,0,0
0.84000000,59.10665742,58.93893933,58.86470310,58.92241410,0,0
0.85000000,59.17831587,58.95995373,58.79974375,58.91365917,0,0
0.86000000,59.15826220,58.92138231,58.72322773,58.86967200,0,0
0.87000000,59.21954260,58.88899235,58.74211153,58.89891230,0,0
0.88000000,59.13013433,58.93526416,58.71385550,58.86918141,0,0
0.89000000,59.13862346,58.95105862,58.79372897,58.89296346,0,0
0.90000000,59.10843514,58.93511260,58.76264401,58.90294705,0,0
0.91000000,59.19409780,58.94014399,58.73255269,58.88154647,0,0
0.92000000,59.22511276,58.87065047,58.73802627,58.87663311,0,0
0.93000000,59.17402053,58.91398478,58.74965621,58.83596538,0,0
0.94000000,59.19170751,58.92903212,58.77707172,58.86208397,0,0
0.95000000,59.22521986,58.97404524,58.77464693,58.83897864,0,0
0.96000000,59.19854658,58.89940285,58.74639552,58.86149310,0,0
0.97000000,59.02208336,58.88259033,58.76287464,58.85321013,0,0
0.98000000,59.01219431,58.87491598,58.75824294,58.88534478,0,0
0.99000000,59.09010463,58.90599881,58.81685195,58.89644115,0,0
1.00000000,59.16311367,58.92982562,58.81793545,58.88504367,0,0
1.01000000,59.13368314,58.88907327,58.78002688,58.88063615,0,0
1.02000000,59.09384117,58.86727742,58.80362861,58.90106299,0,0
1.03000000,59.04384785,58.89249268,58.75832561,58.89043896,0,0
1.04000000,59.13001365,58.94441174,58.77445634,58.90681174,0,0
1.05000000,59.15851780,58.94038836,58.72069367,58.93293813,0,0
1.06000000,59.17051384,58.90512621,58.70902293,58.90238460,0,0
1.07000000,59.13927302,58.83987465,58.66736407,58.92385445,0,0
1.08000000,59.20597352,58.91903258,58.71909985,58.91846964,0,0
1.09000000,59.17483069,58.94118619,58.71710062,58.89220368,0,0
1.10000000,59.12710056,58.94001064,58.75394408,58.89610512,0,0
1.11000000,59.11476079,58.87334115,58.88431381,58.89853911,0,0
1.12000000,59.09467801,58.89638483,58.99172435,58.96017291,0,0
1.13000000,59.15907347,58.91086769,58.90423238,58.94536531,0,0
1.14000000,59.18752667,58.95764382,58.75805352,58.91739279,0,0
1.15000000,59.15688680,58.97034205,58.78334746,58.90984490,0,0
1.16000000,59.12718347,58.88015376,58.81951070,58.85781661,0,0
1.17000000,59.12407742,58.85033963,58.83236351,58.87902402,0,0
1.18000000,59.14519003,58.90478911,58.79856017,58.87842442,0,0
1.19000000,59.18750700,58.91944988,58.72164572,58.86759234,0,0
1.20000000,59.18680736,58.95324152,58.68253482,58.86013027,0,0
1.21000000,59.17816587,58.93780202,58.70565773,58.85408161,0,0
1.22000000,59.16131901,58.85905925,58.71561359,58.86863461,0,0
1.23000000,59.08679596,58.83407421,58.73211868,58.89423093,0,0
1.24000000,59.10944565,58.86346019,58.73417088,58.86046100,0,0
1.25000000,59.13962165,58.91271755,58.79062087,58.87998793,0,0
1.26000000,59.16188394,58.91065897,58.75995801,58.89926355,0,0
1.27000000,59.14951349,58.91429032,58.79886627,58.88226947,0,0
1.28000000,59.10830978,58.91750984,58.83590285,58.86945944,0,0
1.29000000,59.12446793,58.89662128,58.78538107,58.89375984,0,0
1.30000000,59.12610278,58.89694481,58.79239502,58.90803103,0,0
1.31000000,59.13346842,58.90824781,58.81199955,58.92194224,0,0
1.32000000,59.11415402,58.87848445,58.79397008,58.93752318,0,0
1.33000000,59.15381940,58.89958613,58.77256789,58.89949645,0,0
1.34000000,59.16879679,58.95812637,58.74009057,58.85979912,0,0
1.35000000,59.19668438,58.91406097,58.70878607,58.90530208,0,0
1.36000000,59.16227146,58.92063243,58.76688352,58.92097649,0,0
1.37000000,59.16285457,58.94171036,58.82924403,58.93525793,0,0
1.38000000,59.17002207,58.98903751,58.85206213,58.93617959,0,0
1.39000000,59.15623343,58.95122162,58.83887746,58.91429395,0,0
1.40000000,59.15441569,58.89423001,58.75218246,58.88256171,0,0
1.41000000,59.15348904,58.90833857,58.77718655,58.89040750,0,0
1.42000000,59.18999181,58.98925492,58.79368034,58.89468700,0,0
1.43000000,59.18839296,58.96271683,58.83784344,58.90271594,0,0
1.44000000,59.13580627,58.93420137,58.78956081,58.92568020,0,0
1.45000000,59.16171294,58.90904474,58.78388070,58.91361998,0,0
1.46000000,59.19797135,58.93925120,58.77850491,58.91064268,0,0
1.47000000,59.22705649,58.96523497,58.76483300,58.90613045,0,0
1.48000000,59.14897684,58.96417154,58.76344842,58.89166480,0,0
1.49000000,59.09719540,58.95423453,58.76575274,58.87146482,0,0
1.50000000,59.13291660,58.92906432,58.74898874,58.87316981,0,0
1.51000000,59.19191136,58.97181185,58.75763757,58.86281056,0,0
1.52000000,59.16207391,58.93484287,58.77743890,58.86854028,0,0
1.53000000,59.14618218,58.95463027,58.77446923,58.88051062,0,0
1.54000000,59.09492903,58.92009993,58.79531638,58.92125325,0,0
1.55000000,59.15305313,58.96935770,58.78089365,58.92684341,0,0
1.56000000,59.18690450,58.95056298,58.73626424,58.93644738,0,0
1.57000000,59.20681213,58.92226669,58.74236349,58.90396843,0,0
1.58000000,59.16832776,58.90221648,58.77360317,58.94423425,0,0
1.59000000,59.13190147,58.93391266,58.82678705,58.97501118,0,0
1.60000000,59.14166878,58.97505913,58.82856827,58.93826812,0,0
1.61000000,59.18921851,59.00374406,58.79130425,58.93285393,0,0
1.62000000,59.16619239,58.99528010,58.83038682,58.95672721,0,0
1.63000000,59.14362979,58.90290893,58.84083563,58.94261468,0,0
1.64000000,59.12155115,58.88047700,58.87462893,58.91256556,0,0
1.65000000,59.14746143,58.94599472,58.83772574,58.94045146,0,0
1.66000000,59.11923001,58.99675378,58.79209136,58.93085499,0,0
1.67000000,59.13895925,58.99196787,58.74863761,58.92665182,0,0
1.68000000,59.14752155,58.87979113,58.76659811,58.93135177,0,0
1.69000000,59.19756951,58.93393105,58.79050580,58.91646291,0,0
1.70000000,59.20029844,58.90774503,58.78220604,58.95461673,0,0
1.71000000,59.17374996,59.04481210,58.74697826,58.95046475,0,0
1.72000000,59.16842642,58.97767511,58.73515091,58.92511679,0,0
1.73000000,59.18633582,58.92179120,58.80132180,58.97896853,0,0
1.74000000,59.15852841,58.91160918,58.76182534,58.91264252,0,0
1.75000000,59.12705393,58.93034516,58.87436914,58.88884560,0,0
1.76000000,59.14743805,59.00897207,58.79604657,58.92594866,0,0
1.77000000,59.13748756,58.96781518,58.87604741,58.93176385,0,0
1.78000000,59.19486436,58.91262054,58.79883995,58.93585767,0,0
1.79000000,59.17071636,58.86957749,58.82347837,59.01622950,0,0
1.80000000,59.20510519,59.00819568,58.83406177,58.94808034,0,0
1.81000000,59.17959980,59.03537793,58.85079004,58.93857914,0,0
1.82000000,59.19237589,58.97529935,58.84426216,58.95164710,0,0
1.83000000,59.17841640,58.92097550,58.76001628,58.97096492,0,0
1.84000000,59.18975934,58.90770033,58.77368074,58.96479778,0,0
1.85000000,59.20740968,58.96818822,58.77197414,58.90224494,0,0
1.86000000,59.13330725,58.98045171,58.75975256,58.93879913,0,0
1.87000000,59.09831140,58.97352692,58.74910569,58.90986740,0,0
1.88000000,59.15370106,58.92509440,58.75495471,58.94512199,0,0
1.89000000,59.21912181,58.93774696,58.77817314,58.93866074,0,0
1.90000000,59.20258652,58.92452700,58.81736660,58.93513485,0,0
1.91000000,59.12273167,58.93302516,58.77027833,58.93640334,0,0
1.92000000,59.03663165,58.96661798,58.79498450,58.96229424,0,0
1.93000000,59.15581917,59.03417871,58.79558727,58.96694535,0,0
1.94000000,59.16847785,58.98878321,58.78531705,58.95601649,0,0
1.95000000,59.21260763,58.95609292,58.73721258,58.92256572,0,0
1.96000000,59.09793829,58.86023216,58.74583939,58.90609507,0,0
1.97000000,59.10944046,58.95561326,58.76815470,58.96648053,0,0
1.98000000,59.10410733,58.95150464,58.80035882,58.99960438,0,0
1.99000000,59.16426766,58.93295238,58.79954614,58.96783276,0,0
2.00000000,59.17080387,58.88448917,58.79255079,58.96729516,0,0
2.01000000,59.20578421,58.96413543,58.81569281,58.95695562,0,0
2.02000000,59.12249945,58.98450428,58.84145380,58.95449195,0,0
2.03000000,59.13818060,58.99933733,58.84154643,58.97057321,0,0
2.04000000,59.13444958,58.92036598,58.81401480,58.95554828,0,0
2.05000000,59.20412294,58.92011120,58.85806856,58.95552031,0,0
2.06000000,59.20364592,58.97506686,58.86033485,58.94094175,0,0
2.07000000,59.18264922,59.03491737,58.85378361,58.90484842,0,0
2.08000000,59.14443219,58.99710755,58.77661591,58.88744510,0,0
2.09000000,59.16067676,58.96646710,58.75808626,58.94322081,0,0
2.10000000,59.22274690,58.96416081,58.77342404,58.95573518,0,0
2.11000000,59.26347362,58.99288133,58.78900455,58.99691060,0,0
2.12000000,59.24930278,58.97347326,58.80345865,58.98568798,0,0
2.13000000,59.16249428,58.97421115,58.78058484,58.96884353,0,0
2.14000000,59.17069867,58.95753350,58.77419520,58.98571978,0,0
2.15000000,59.21198588,58.99707880,58.78877595,58.94113387,0,0
2.16000000,59.22362128,58.99604536,58.78768137,58.91129592,0,0
2.17000000,59.18266271,58.99658051,58.86064975,58.92578291,0,0
2.18000000,59.17516399,58.97846043,58.83058839,58.96943281,0,0
2.19000000,59.17375021,58.98177543,58.82039197,58.97920410,0,0
2.20000000,59.24306268,59.02533951,58.81916548,58.94792711,0,0
2.21000000,59.21449154,58.96827929,58.79161907,58.93662732,0,0
2.22000000,59.21328040,58.93290250,58.81771315,58.90566816,0,0
2.23000000,59.16466480,58.92975342,58.82194322,58.94017652,0,0
2.24000000,59.19748078,58.99897873,58.79151733,58.93649094,0,0
2.25000000,59.21808945,59.00657578,58.75526545,58.93303961,0,0
2.26000000,59.17810853,58.96281481,58.75208918,58.95962330,0,0
2.27000000,59.18576519,58.90651564,58.75924231,58.94521637,0,0
2.28000000,59.20513032,58.96484349,58.87083747,58.96935948,0,0
2.29000000,59.23047788,58.99203487,58.83479753,58.92408485,0,0
2.30000000,59.16324349,59.01342366,58.80640645,58.91182243,0,0
2.31000000,59.15935879,58.95696565,58.77517199,58.92187833,0,0
2.32000000,59.18909710,58.97899657,58.81203116,58.90768383,0,0
2.33000000,59.23837897,58.94321471,58.81496275,58.94292320,0,0
2.34000000,59.26739879,58.95702841,58.83697550,58.93419133,0,0
2.35000000,59.13785959,58.93224982,58.80771017,58.97235356,0,0
2.36000000,59.17539648,58.98562451,58.81138900,58.99865861,0,0
2.37000000,59.15586196,58.97401943,58.85648890,58.99947720,0,0
2.38000000,59.23295470,58.98553861,58.88293339,58.94525008,0,0
2.39000000,59.23690743,58.95405834,58.88625066,58.98753502,0,0
2.40000000,59.20085464,58.94835267,58.86539310,58.99834241,0,0
2.41000000,59.23802291,58.96905526,58.87698959,59.00626051,0,0
2.42000000,59.22460573,58.97336376,58.84570264,58.99898045,0,0
2.43000000,59.16059003,58.99784749,58.82916511,58.93767921,0,0
2.44000000,59.14920154,58.96997199,58.86471638,58.93080141,0,0
2.45000000,59.17443771,58.97529326,58.84436543,58.91519319,0,0
2.46000000,59.23183515,58.96283838,58.85156838,58.96371123,0,0
2.47000000,59.25596073,58.95705487,58.79326086,58.97152495,0,0
2.48000000,59.25465522,58.93760732,58.80501789,58.94773282,0,0
2.49000000,59.18640902,58.93438431,58.83998075,58.93923131,0,0
2.50000000,59.14293347,58.98683222,58.86977131,58.92071293,0,0
2.51000000,59.18553432,58.97496250,58.86813732,58.92422974,0,0
2.52000000,59.20620621,58.95637008,58.80853105,58.94617497,0,0
2.53000000,59.23960872,58.93181866,58.80368076,58.95534282,0,0
2.54000000,59.24723613,58.95039670,58.78450978,58.95451504,0,0
2.55000000,59.16754387,58.94468919,58.85118214,58.93443202,0,0
2.56000000,59.14419386,58.95975683,58.86345162,58.92978762,0,0
2.57000000,59.14606543,58.98247226,58.87944344,58.94500487,0,0
2.58000000,59.22161406,58.99410018,58.92703614,58.92895693,0,0
2.59000000,59.26890779,58.94684593,58.88065763,58.95283226,0,0
2.60000000,59.18556911,58.93213326,58.81947154,58.95155979,0,0
2.61000000,59.12706823,58.90871946,58.82316724,58.95449038,0,0
2.62000000,59.13949034,58.97762201,58.82701944,58.96902099,0,0
2.63000000,59.26083594,59.02011188,58.81117966,58.94596946,0,0
2.64000000,59.27875788,58.96234026,58.80646353,58.95491597,0,0
2.65000000,59.23343304,58.91507393,58.85071443,58.95055073,0,0
2.66000000,59.19555979,58.93205032,58.84585883,58.94769378,0,0
2.67000000,59.19519181,58.98873155,58.83768084,58.97605583,0,0
2.68000000,59.20779774,59.03112102,58.83329169,58.97484596,0,0
2.69000000,59.19306470,58.96351416,58.82702349,58.95909987,0,0
2.70000000,59.23050467,58.91351609,58.90036212,58.95530859,0,0
2.71000000,59.21169647,58.94454610,58.88120429,58.92811685,0,0
2.72000000,59.20650529,59.05229237,58.82645786,58.93227100,0,0
2.73000000,59.19866676,59.01850285,58.84155184,58.93368339,0,0
2.74000000,59.19517841,58.94291645,58.80759854,58.98392218,0,0
2.75000000,59.24618891,58.93670728,58.91047039,58.98056510,0,0
2.76000000,59.21892679,58.95003649,58.91041373,58.97853290,0,0
2.77000000,59.21909093,58.98953640,58.80531451,58.92772729,0,0
2.78000000,59.14382912,58.99928365,58.74804876,58.93214502,0,0
2.79000000,59.28227230,58.97473468,58.74610111,58.93989596,0,0
2.80000000,59.24539803,58.99315004,58.82559016,58.95316115,0,0
2.81000000,59.26019002,58.90498942,58.85928060,58.91864029,0,0
2.82000000,59.11511794,58.92004543,58.83666529,58.92239090,0,0
2.83000000,59.15628284,58.97175998,58.82451609,58.91920566,0,0
2.84000000,59.21485074,58.99358913,58.82093545,58.96543650,0,0
2.85000000,59.22924029,58.97999696,58.83449344,58.95948968,0,0
2.86000000,59.23471546,58.93308867,58.85961643,58.94914704,0,0
2.87000000,59.17766447,58.92449069,58.91998880,58.92262147,0,0
2.88000000,59.20514892,58.98810531,58.88857834,58.95972456,0,0
2.89000000,59.18647974,59.01554013,58.87090052,59.00923196,0,0
2.90000000,59.15129032,58.97289805,58.84261715,58.96635187,0,0
2.91000000,59.14694108,58.91262452,58.85408727,58.95133982,0,0
2.92000000,59.23203832,58.92786092,58.83093372,58.93111737,0,0
2.93000000,59.21320372,58.94279301,58.81653181,58.93795900,0,0
2.94000000,59.23182822,58.99565042,58.77389771,58.92733763,0,0
2.95000000,59.19475349,58.97358592,58.76084967,58.97157997,0,0
2.96000000,59.19000533,58.97343724,58.86193869,58.96025316,0,0
2.97000000,59.22143333,58.96499918,58.88751532,58.96749201,0,0
2.98000000,59.21078744,58.93770930,58.87619046,58.93144064,0,0
2.99000000,59.19561668,58.99097430,58.81371246,58.93147382,0,0
3.00000000,59.19704286,58.98863992,58.81916066,58.95659893,0,0
3.01000000,59.19582495,58.96592868,58.83562657,58.91560734,0,0
3.02000000,59.19588981,58.94558555,58.84475428,58.92067665,0,0
3.03000000,59.19467727,58.95414250,58.89050231,58.94107391,0,0
3.04000000,59.19547272,58.98181587,58.87126887,58.96005021,0,0
3.05000000,59.26830499,59.01639933,58.85143329,58.96275642,0,0
3.06000000,59.28377985,58.99104513,58.83572827,59.00156822,0,0
3.07000000,59.27934523,59.01134876,58.78650102,58.95434247,0,0
3.08000000,59.17817746,58.96549440,58.84347143,58.95099849,0,0
3.09000000,59.20231558,59.01288022,58.87635591,58.95726021,0,0
3.10000000,59.19439800,58.98480224,58.85149662,58.95657031,0,0
3.11000000,59.24287541,59.00395328,58.85801344,58.95824669,0,0
3.12000000,59.21625904,58.97198101,58.82822040,58.95235069,0,0
3.13000000,59.22161843,58.96453570,58.83360098,58.95451168,0,0
3.14000000,59.21249030,58.97565814,58.86055690,58.95611696,0,0
3.15000000,59.22743877,58.98919388,58.86060804,58.95114327,0,0
3.16000000,59.26347391,59.01366326,58.86468351,58.99636389,0,0
3.17000000,59.22922119,58.99430533,58.85512652,58.98812547,0,0
3.18000000,59.24026768,59.01919403,58.84783420,58.97045805,0,0
3.19000000,59.21695574,59.01554767,58.85523833,58.95549635,0,0
3.20000000,59.25547747,59.01741126,58.80740158,58.94728401,0,0
3.21000000,59.27712290,59.01656069,58.83164193,58.97368819,0,0
3.22000000,59.23936779,58.97279471,58.85802952,58.93567649,0,0
3.23000000,59.22944334,58.99301162,58.89657743,58.94960613,0,0
3.24000000,59.15841653,58.98735054,58.89760672,58.96609365,0,0
3.25000000,59.22700528,59.00131062,58.85205271,58.94929448,0,0
3.26000000,59.25855676,58.95866901,58.85756814,58.97512716,0,0
3.27000000,59.27286226,58.96702408,58.82704774,58.96860146,0,0
3.28000000,59.22930290,58.97450433,58.84835344,58.97554008,0,0
3.29000000,59.22771739,59.00672139,58.86018944,58.97650763,0,0
3.30000000,59.21723098,59.01087846,58.88953968,58.94202022,0,0
3.31000000,59.20224503,58.98634908,58.82015612,58.96389729,0,0
3.32000000,59.22020337,58.98716744,58.85689523,58.92852778,0,0
3.33000000,59.27857703,58.98280044,58.83812182,58.94939460,0,0
3.34000000,59.19929785,58.98009441,58.82019176,58.91632231,0,0
3.35000000,59.19373509,58.80983100,58.83491726,58.91010812,0,0
3.36000000,59.18908018,58.90373176,58.80266359,58.94635519,0,0
3.37000000,59.18794932,58.94467724,58.84907612,58.94350498,0,0
3.38000000,59.20054496,59.05705062,58.83018475,58.95667987,0,0
3.39000000,59.23224721,59.01223544,58.87075706,58.94368325,0,0
3.40000000,59.21565054,58.91241825,58.89388728,58.98959868,0,0
3.41000000,59.19147076,58.89587960,58.85539174,58.97990771,0,0
3.42000000,59.25090542,58.95077805,58.88232389,59.01785827,0,0
3.43000000,59.19741146,59.01972270,58.89024944,58.97906723,0,0
3.44000000,59.19711323,58.99720822,58.89339091,58.94690120,0,0
3.45000000,59.14816949,58.95674464,58.92790326,58.94307975,0,0
3.46000000,59.22017257,58.92636373,58.87696395,58.94526521,0,0
3.47000000,59.27577843,58.91528141,58.88291729,58.97603936,0,0
3.48000000,59.21473222,58.96438300,58.83824317,59.02003431,0,0
3.49000000,59.16038779,58.97414503,58.86651912,59.01119266,0,0
3.50000000,59.20199665,58.98730541,58.92047487,59.01692931,0,0
3.51000000,59.26779136,58.99392677,58.91140734,59.01300996,0,0
3.52000000,59.28530356,58.98845090,58.89795328,58.93149646,0,0
3.53000000,59.22133365,58.88351343,58.83709584,58.96376978,0,0
3.54000000,59.15184716,58.93619830,58.83713977,58.94394369,0,0
3.55000000,59.19778434,58.96783541,58.87460942,58.95278486,0,0
3.56000000,59.22709938,58.99310813,58.88417140,58.91006123,0,0
3.57000000,59.23732147,58.97059994,58.84901528,58.90658313,0,0
3.58000000,59.18308588,58.92107684,58.85217250,58.91475111,0,0
3.59000000,59.18527062,58.93578704,58.86041536,58.94157652,0,0
3.60000000,59.21800456,58.98950770,58.87010195,58.95252870,0,0
3.61000000,59.24439038,58.98849120,58.86205068,58.93177011,0,0
3.62000000,59.20953199,58.92738214,58.82196783,58.93258974,0,0
3.63000000,59.20797802,58.94239111,58.86651390,58.91980357,0,0
3.64000000,59.20817042,58.99084678,58.83638086,58.91085900,0,0
3.65000000,59.22941182,59.02125108,58.78787490,58.90076552,0,0
3.66000000,59.21286835,58.98041833,58.80503172,58.95669152,0,0
3.67000000,59.22655270,58.92137741,58.85892404,58.96993851,0,0
3.68000000,59.22613969,58.94039875,58.87023243,59.02304278,0,0
3.69000000,59.30502137,59.01121620,58.88682112,59.03043613,0,0
3.70000000,59.31160000,59.10077688,58.84252774,58.96571419,0,0
3.71000000,59.29973868,59.07876487,58.83776422,58.96778079,0,0
3.72000000,59.20340706,58.99784941,58.88495611,58.95705058,0,0
3.73000000,59.20425080,58.98994299,58.93348630,58.98798383,0,0
3.74000000,59.30427961,58.99809282,58.90186283,58.98328448,0,0
3.75000000,59.31486059,59.04552136,58.86493554,58.93891183,0,0
3.76000000,59.23820209,58.99734320,58.80142717,58.93206724,0,0
3.77000000,59.16681571,58.94642177,58.84803145,58.91655248,0,0
3.78000000,59.23266491,59.02220650,58.84137749,58.94250413,0,0
3.79000000,59.28964084,59.01814292,58.86788980,58.91596157,0,0
3.80000000,59.32904715,58.99746480,58.78916925,58.94499546,0,0
3.81000000,59.24946731,58.98620934,58.80307121,58.92390295,0,0
3.82000000,59.24160690,58.99667447,58.78184912,58.95317132,0,0
3.83000000,59.23082355,59.02977566,58.86249918,58.91174432,0,0
3.84000000,59.24714816,59.03399174,58.82844693,58.90019520,0,0
3.85000000,59.21151233,58.97622335,58.80496018,58.88517214,0,0
3.86000000,59.21965735,58.95328027,58.89436048,58.91741257,0,0
3.87000000,59.24268899,58.93670570,58.88593896,58.92980101,0,0
3.88000000,59.24307057,58.98082785,58.93200667,59.01585839,0,0
3.89000000,59.19644068,59.01031846,58.83255201,58.98122969,0,0
3.90000000,59.20104907,58.98228016,58.87632246,59.01197131,0,0
3.91000000,59.21146129,58.96115053,58.97484442,59.04328980,0,0
3.92000000,59.25204240,58.93212489,58.92619438,59.00428277,0,0
3.93000000,59.24973704,59.00885641,58.87270622,59.02723973,0,0
3.94000000,59.21965321,58.98221073,58.86750266,58.98031239,0,0
3.95000000,59.22101667,58.99945799,58.87348946,59.00394484,0,0
3.96000000,59.20274094,58.98404268,58.87975821,58.97949953,0,0
3.97000000,59.27220588,58.97850757,58.90764648,58.96806307,0,0
3.98000000,59.26705363,58.99473906,58.88385467,58.96396078,0,0
3.99000000,59.31190834,59.03306914,58.88773608,58.98354819,0,0
4.00000000,59.24858469,59.02668292,58.86972166,58.96529387,0,0
4.01000000,59.25018995,59.01663879,58.87059137,58.99332219,0,0
4.02000000,59.22489141,59.01168332,58.87319487,58.99651030,0,0
4.03000000,59.30272638,59.02585196,58.87570385,58.97653739,0,0
4.04000000,59.28761788,59.02259057,58.90796571,58.97636468,0,0
4.05000000,59.25882415,59.03077163,58.88546481,58.98837482,0,0
4.06000000,59.26025199,59.01824336,58.88668668,59.00696857,0,0
4.07000000,59.26737452,59.02175714,58.90008012,58.99334529,0,0
4.08000000,59.25022002,59.01158902,58.91146991,58.98788537,0,0
4.09000000,59.24689397,59.02087829,58.89427107,58.99127935,0,0
4.10000000,59.26950607,59.02303230,58.88292379,59.01743594,0,0
4.11000000,59.32345753,59.01932268,58.88322617,58.98047756,0,0
4.12000000,59.28394664,58.93869879,58.86051002,58.96850207,0,0
4.13000000,59.28721108,58.99119120,58.83616194,58.95468545,0,0
4.14000000,59.24396590,59.02811710,58.87675456,58.95431747,0,0
4.15000000,59.25948252,59.08870291,58.92024710,58.95281773,0,0
4.16000000,59.23881720,59.04361354,58.92912179,58.97484607,0,0
4.17000000,59.28881347,59.02340608,58.90084002,58.99015088,0,0
4.18000000,59.28731287,58.98386441,58.85890196,58.96809995,0,0
4.19000000,59.30747137,59.00362778,58.85767912,58.96700835,0,0
4.20000000,59.25611324,59.02829084,58.88517965,58.98266594,0,0
4.21000000,59.27697142,59.06251639,58.93805091,58.99579397,0,0
4.22000000,59.28689283,59.05901750,58.90621433,58.99236332,0,0
4.23000000,59.30511270,59.01803739,58.93246418,59.00745928,0,0
4.24000000,59.26482736,58.99732347,58.89128287,59.00054539,0,0
4.25000000,59.17928221,58.95424964,58.88798143,59.03692648,0,0
4.26000000,59.18646724,58.99569864,58.89426499,59.03719924,0,0
4.27000000,59.19249505,59.01167851,58.94902258,59.04031703,0,0
4.28000000,59.23666560,59.00771004,58.89340049,59.00542996,0,0
4.29000000,59.17271915,58.91103234,58.88203203,58.91171833,0,0
4.30000000,59.18110058,58.97943993,58.86139881,58.94170847,0,0
4.31000000,59.21929287,59.03024686,58.85384718,58.97239594,0,0
4.32000000,59.26585983,59.01703404,58.82718548,58.99587917,0,0
4.33000000,59.24297033,58.98345208,58.80068373,58.99658215,0,0
4.34000000,59.13808885,58.95595783,58.78991389,58.95139367,0,0
4.35000000,59.19631064,58.91328653,58.82454209,58.95501526,0,0
4.36000000,59.18348008,58.93811798,58.86038093,58.95608305,0,0
4.37000000,59.25687765,58.95756205,58.86559750,58.95888365,0,0
4.38000000,59.12962771,58.94334444,58.91423842,59.02988887,0,0
4.39000000,59.09632039,58.95459092,58.96707703,59.03780205,0,0
4.40000000,59.12984783,58.97027570,58.99087971,59.02735884,0,0
4.41000000,59.20779318,58.95207324,59.01150882,59.07287401,0,0
4.42000000,59.32368043,58.93342424,58.98606968,59.02970778,0,0
4.43000000,59.22675505,58.92821645,58.97802817,59.04376561,0,0
4.44000000,59.27042240,58.99117060,58.98931895,58.99478681,0,0
4.45000000,59.28976199,59.04522087,58.96867459,59.01722740,0,0
4.46000000,59.30936659,59.01083928,58.85695472,58.92701070,0,0
4.47000000,59.26922316,58.98068554,58.88079088,58.98368995,0,0
4.48000000,59.21733569,58.99797799,58.88863880,59.00431667,0,0
4.49000000,59.24682596,59.01601121,58.91309932,59.00884456,0,0
4.50000000,59.29092793,59.00658930,58.88433097,59.00297980,0,0
4.51000000,59.30705941,58.99371958,58.85900095,58.97900987,0,0
4.52000000,59.28329539,58.94536585,58.90627995,58.97652792,0,0
4.53000000,59.24937826,59.00486922,58.92879545,58.95653107,0,0
4.54000000,59.27467542,59.04431217,58.95816079,58.97747438,0,0
4.55000000,59.32802152,59.08452565,58.85136115,58.96935575,0,0
4.56000000,59.33928051,59.04094563,58.76130879,58.96573240,0,0
4.57000000,59.23992811,58.97166057,58.77063125,58.93683975,0,0
4.58000000,59.23366739,59.03983351,58.76839069,58.93641756,0,0
4.59000000,59.26603522,59.02400248,58.81329103,58.94938640,0,0
4.60000000,59.31973243,59.02406779,58.80992456,58.92277394,0,0
4.61000000,59.24567713,59.02004798,58.85253792,58.92660134,0,0
4.62000000,59.22587582,59.01322353,58.86765229,58.94755638,0,0
4.63000000,59.20521080,59.03734537,58.89057548,58.96533647,0,0
4.64000000,59.29270971,59.02833191,58.86925632,59.00129608,0,0
4.65000000,59.27909652,59.01733942,58.86644526,59.00048818,0,0
4.66000000,59.29232993,59.02010508,58.89743900,58.99376975,0,0
4.67000000,59.27392202,59.03357997,58.89283514,58.99621621,0,0
4.68000000,59.23712769,59.04834235,58.92116189,58.98373143,0,0
4.69000000,59.24508680,59.02285667,58.91881947,58.97175646,0,0
4.70000000,59.25867932,59.00651864,58.92775295,58.98189054,0,0
4.71000000,59.28426925,59.01960189,58.95631683,58.95506330,0,0
4.72000000,59.28282136,59.03094054,58.99609544,59.02099723,0,0
4.73000000,59.24160059,59.04314945,58.90852045,59.00623910,0,0
4.74000000,59.25403437,59.00141295,58.88169267,58.96119915,0,0
4.75000000,59.27642336,59.02267473,58.90042490,59.00840379,0,0
4.76000000,59.29502052,59.00509352,58.93513791,58.93714248,0,0
4.77000000,59.26692537,58.97020252,58.91473039,58.96334784,0,0
4.78000000,59.23464807,59.01596768,58.88561884,58.99498334,0,0
4.79000000,59.24481904,59.08074797,58.88682989,59.00558026,0,0
4.80000000,59.27840985,59.13410546,58.84436521,58.97973052,0,0
4.81000000,59.28501680,59.08765201,58.88103097,58.97778409,0,0
4.82000000,59.25030317,58.84869876,58.88767523,59.01024779,0,0
4.83000000,59.28630085,58.91995361,58.92154223,59.02584619,0,0
4.84000000,59.29089749,58.97210119,58.93384801,59.05631084,0,0
4.85000000,59.27399564,59.15360788,58.88129334,59.04722497,0,0
4.86000000,59.21433340,59.07294230,58.90386545,59.00967772,0,0
4.87000000,59.32418242,59.04418917,58.93288592,59.01959795,0,0
4.88000000,59.36627019,58.99494255,58.95252278,59.02649928,0,0
4.89000000,59.31473189,59.00524139,58.96785723,59.07752535,0,0
4.90000000,59.26234687,59.08831722,58.91978179,59.02832256,0,0
4.91000000,59.12320723,59.10142774,58.94186240,59.05471097,0,0
4.92000000,59.21897300,59.03689936,58.95734111,58.95704449,0,0
4.93000000,59.25170282,58.98921952,58.94138313,59.00730819,0,0
4.94000000,59.34091197,58.98164112,58.91679328,58.92361462,0,0
4.95000000,59.31699228,59.04565970,58.87999487,59.02018394,0,0
4.96000000,59.29153288,59.03589196,58.87830799,59.03059352,0,0
4.97000000,59.28365542,59.05118901,58.91467528,59.07891626,0,0
4.98000000,59.29221050,59.05496341,58.92936600,59.10609720,0,0
4.99000000,59.31372975,59.05156582,58.87322083,58.98297164,0,0
5.00000000,59.27420429,58.99794916,58.92744995,59.00355764,0,0
5.01000000,59.28839799,59.00170975,58.87694163,59.02648959,0,0
5.02000000,59.26872925,59.02835453,58.88949513,59.02417528,0,0
5.03000000,59.28128066,59.07702522,58.90757711,58.96151651,0,0
5.04000000,59.25289529,59.04155875,58.97978276,58.97665600,0,0
5.05000000,59.25940402,59.03369284,58.96734314,58.98353372,0,0
5.06000000,59.28924979,59.02713316,58.99729440,59.01776877,0,0
5.07000000,59.30610064,59.04051061,58.98010977,59.06738270,0,0
5.08000000,59.32560114,59.06234266,58.94126848,59.04388104,0,0
5.09000000,59.27719053,59.07309525,58.88739940,59.03862989,0,0
5.10000000,59.25172527,59.04228949,58.86471724,59.02152134,0,0
5.11000000,59.28096574,59.02972567,58.89421111,59.04235485,0,0
5.12000000,59.28725088,59.04480532,58.90409135,59.04283743,0,0
5.13000000,59.25805585,59.04269595,58.92266310,59.04092363,0,0
5.14000000,59.27872824,59.04360710,58.91935441,59.04266305,0,0
5.15000000,59.28224244,59.05123997,58.92604404,59.06675957,0,0
5.16000000,59.30789755,59.03559360,58.91508812,59.06832651,0,0
5.17000000,59.30450235,59.03886989,58.92118873,59.00441813,0,0
5.18000000,59.25482339,59.04453185,58.93620256,58.97628848,0,0
5.19000000,59.26030919,59.07841082,58.89786304,59.01759346,0,0
5.20000000,59.27890294,59.07710048,58.89731799,59.00360648,0,0
5.21000000,59.26981121,59.04684071,58.86445347,58.96742188,0,0
5.22000000,59.26643543,59.01497985,58.90615823,58.98740540,0,0
5.23000000,59.23924879,59.00090242,58.88892200,58.98440246,0,0
5.24000000,59.28091850,59.01438142,58.91116525,58.99422003,0,0
5.25000000,59.26027558,59.04674089,58.94450190,59.03536089,0,0
5.26000000,59.23146968,59.06206818,58.89575515,59.03906920,0,0
5.27000000,59.28558842,59.05364931,58.92061676,59.04225511,0,0
5.28000000,59.24129273,59.03665889,58.90695955,59.03027131,0,0
5.29000000,59.30110660,58.96763740,58.88125584,59.02659841,0,0
5.30000000,59.25455922,59.03772892,58.87958369,59.00829372,0,0
5.31000000,59.32808375,59.01667746,58.92526091,59.05109148,0,0
5.32000000,59.24612878,59.05112281,58.90159757,59.00026832,0,0
5.33000000,59.29024011,59.08756921,58.96253060,59.03327139,0,0
5.34000000,59.25996192,59.04303102,58.95597636,59.00290178,0,0
5.35000000,59.27245524,59.06010435,58.90257014,59.03095497,0,0
5.36000000,59.31422691,58.98773158,58.90945138,59.04441958,0,0
5.37000000,59.29099988,59.05113175,58.88955542,59.05600976,0,0
5.38000000,59.30385395,59.05552972,58.91461717,59.03971401,0,0
5.39000000,59.25630057,59.07521166,58.91423976,59.01651607,0,0
5.40000000,59.30745180,59.04289559,58.90137729,59.00552371,0,0
5.41000000,59.32272449,59.02413743,58.91737147,58.99343789,0,0
5.42000000,59.31010547,59.02401404,58.90043792,59.00931719,0,0
5.43000000,59.28316913,59.08275476,58.89355278,59.00693990,0,0
5.44000000,59.25907512,59.10329524,58.93029646,59.03923954,0,0
5.45000000,59.26855337,59.05944618,58.90037565,59.05262830,0,0
5.46000000,59.21992009,58.99174805,58.88132792,58.97616251,0,0
5.47000000,59.25024482,58.95359374,58.87296125,59.02338853,0,0
5.48000000,59.30291712,59.05205565,58.90073647,59.00676274,0,0
5.49000000,59.27353850,59.04307577,58.89045407,58.98943679,0,0
5.50000000,59.24449730,59.07168189,58.87572216,59.02039223,0,0
5.51000000,59.30264047,59.02864469,58.85828145,58.97305957,0,0
5.52000000,59.35423253,59.01811332,58.84976983,59.00200640,0,0
5.53000000,59.19762256,58.99339421,58.88529337,58.98772408,0,0
5.54000000,59.13234679,59.01020918,58.88492388,58.96079446,0,0
5.55000000,59.16577879,58.99665276,58.88697103,59.00511416,0,0
5.56000000,59.31979101,59.05769078,58.86175033,58.98683939,0,0
5.57000000,59.31736966,59.01275451,58.88224698,58.95553338,0,0
5.58000000,59.27620514,59.01427245,58.89797472,58.99274098,0,0
5.59000000,59.20471026,59.02646410,58.95543839,59.01886517,0,0
5.60000000,59.21642837,59.03267626,58.99471279,59.04688648,0,0
5.61000000,59.28336643,59.01682416,59.00957594,59.08792371,0,0
5.62000000,59.32233560,59.01755044,58.92728412,59.04589086,0,0
5.63000000,59.29096494,58.99819835,58.87190407,59.02712414,0,0
5.64000000,59.24060651,59.06154289,58.87251379,59.01559254,0,0
5.65000000,59.21859675,59.11133110,58.92287515,59.00230750,0,0
5.66000000,59.25851775,59.07509382,58.91965212,59.01997792,0,0
5.67000000,59.29377665,58.99537518,58.94275659,59.02772117,0,0
5.68000000,59.30021854,58.98640332,58.98525993,59.07266708,0,0
5.69000000,59.29347227,59.06140934,58.94872965,59.07181353,0,0
5.70000000,59.31779468,59.09100455,58.85011509,59.04662363,0,0
5.71000000,59.27701074,59.06355861,58.84123446,58.99087326,0,0
5.72000000,59.28004907,59.01682562,58.86706010,58.99610452,0,0
5.73000000,59.27041471,58.99728938,58.88944838,58.98074854,0,0
5.74000000,59.32360668,59.04487030,58.87268706,59.00937529,0,0
5.75000000,59.27301347,59.09455399,58.87369213,59.01682264,0,0
5.76000000,59.27556652,59.06309793,58.87403676,59.01578937,0,0
5.77000000,59.26366663,59.00000776,58.88998160,58.98309084,0,0
5.78000000,59.30041842,59.02908241,58.90163322,58.97818781,0,0
5.79000000,59.26727445,59.02236360,58.93511910,58.98106502,0,0
5.80000000,59.30617986,59.07440316,58.95182700,58.96449341,0,0
5.81000000,59.24810153,59.04441211,58.90499034,58.99947973,0,0
5.82000000,59.22921506,59.02330718,58.92300549,59.00177329,0,0
5.83000000,59.31414520,59.00315171,58.89477810,59.02066288,0,0
5.84000000,59.36361892,59.04998371,58.90487337,59.00963025,0,0
5.85000000,59.30822748,59.05257251,58.86101071,58.99537466,0,0
5.86000000,59.24892798,59.08834253,58.96977596,59.04059929,0,0
5.87000000,59.23640480,59.02575053,58.95327196,59.04365920,0,0
5.88000000,59.27398156,59.01231662,58.93805467,59.02853141,0,0
5.89000000,59.29968406,59.00217373,58.87767129,59.02801123,0,0
5.90000000,59.25497585,59.05225448,58.89527185,59.03330455,0,0
5.91000000,59.23965904,59.05275145,58.86303953,58.99463596,0,0
5.92000000,59.27775604,59.03985796,58.90910301,58.99719452,0,0
5.93000000,59.34862038,59.03560244,58.89674740,59.01223277,0,0
5.94000000,59.33785875,59.01266951,58.89682860,58.97590036,0,0
5.95000000,59.32256835,59.02395932,58.87242581,59.00056425,0,0
5.96000000,59.21983051,59.04243670,58.90560753,59.00257180,0,0
5.97000000,59.25423380,59.10150613,58.94904853,59.00916768,0,0
5.98000000,59.21633069,59.09311326,58.89680782,59.02410660,0,0
5.99000000,59.29068859,59.04423671,58.87307982,58.98318108,0,0
6.00000000,59.23481713,58.99184843,58.92282268,59.02139810,0,0
6.01000000,59.26571667,58.98795589,58.94331054,59.03400964,0,0
6.02000000,59.25783107,59.02777665,58.95287800,59.02913697,0,0
6.03000000,59.25438638,59.02247970,58.93486930,59.06658722,0,0
6.04000000,59.32615825,59.02634662,58.92965549,59.00765924,0,0
6.05000000,59.31536745,59.02513438,58.89332252,59.01553634,0,0
6.06000000,59.29318053,59.05656114,58.90009404,59.03303231,0,0
6.07000000,59.20531356,59.06563714,58.84802058,59.03725029,0,0
6.08000000,59.23794083,59.04986472,58.88198860,59.04333226,0,0
6.09000000,59.28272860,59.03128687,58.89237700,59.02961836,0,0
6.10000000,59.30299206,59.03889249,58.92220568,59.00550918,0,0
6.11000000,59.23144496,59.03515419,58.97166574,58.99423727,0,0
6.12000000,59.23110083,59.03084544,58.99134032,59.00984670,0,0
6.13000000,59.24940632,59.02767213,58.98164333,59.00709883,0,0
6.14000000,59.33267250,59.02624682,58.97572211,59.05130567,0,0
6.15000000,59.35859075,59.02290286,58.95818679,59.05409315,0,0
6.16000000,59.28154868,59.01985851,58.91316625,59.08354997,0,0
6.17000000,59.23171615,59.10057284,58.91207842,59.06501926,0,0
6.18000000,59.27853094,59.10691015,58.92593967,59.06992388,0,0
6.19000000,59.34263334,59.10476418,58.87377721,59.05251831,0,0
6.20000000,59.33400581,59.02916249,58.88925259,59.03602847,0,0
6.21000000,59.31678512,59.00425390,58.89299144,59.00335046,0,0
6.22000000,59.25951081,59.04317417,58.91371142,59.00661977,0,0
6.23000000,59.27806089,59.06384934,58.91305243,59.00028224,0,0
6.24000000,59.29180075,59.09336597,58.92407466,59.00522802,0,0
6.25000000,59.32660764,59.13019075,58.92428522,59.00914648,0,0
6.26000000,59.35823688,59.01282219,58.95044468,59.02981352,0,0
6.27000000,59.31112647,58.97412218,58.89896571,59.03170878,0,0
6.28000000,59.29613372,59.02089816,58.87624852,59.02708322,0,0
6.29000000,59.29467529,59.10427057,58.92030525,59.03111333,0,0
6.30000000,59.27754660,59.12075814,58.93452447,58.98479250,0,0
6.31000000,59.26258807,59.05792748,58.91780689,58.96365708,0,0
6.32000000,59.26698990,58.99779514,58.93864807,59.00216642,0,0
6.33000000,59.34523405,58.99467935,58.90489904,58.98372701,0,0
6.34000000,59.32502935,59.04426016,58.89478072,59.02430203,0,0
6.35000000,59.24671261,59.08858611,58.96409142,59.03631498,0,0
6.36000000,59.22236923,59.08658247,58.94282073,59.03306315,0,0
6.37000000,59.25467946,59.06520245,58.93615564,59.05635824,0,0
6.38000000,59.38274365,59.02087952,58.90955969,59.02031359,0,0
6.39000000,59.33236263,59.01721247,58.88914235,59.03868001,0,0
6.40000000,59.30435850,59.06624742,58.88034411,59.05498090,0,0
6.41000000,59.23277284,59.03440934,58.92256706,59.05592644,0,0
6.42000000,59.26489489,59.08617573,58.90340994,59.12546908,0,0
6.43000000,59.31300873,59.08816852,58.99163907,59.04847046,0,0
6.44000000,59.30399879,58.98321894,58.88763794,59.02276258,0,0
6.45000000,59.30630401,59.00408737,58.96623694,59.03868931,0,0
6.46000000,59.29176012,59.01621761,58.93521201,59.09134990,0,0
6.47000000,59.33292653,59.08301260,58.93778896,59.04008672,0,0
6.48000000,59.25303296,59.07268281,58.90408447,59.04872183,0,0
6.49000000,59.24035863,59.03496262,58.96008486,59.01407805,0,0
6.50000000,59.27641951,59.06657550,59.04773631,59.03241597,0,0
6.51000000,59.29383923,58.99818194,59.02263305,59.04321780,0,0
6.52000000,59.27713698,59.02154919,58.92206632,59.02219180,0,0
6.53000000,59.24371231,58.99372400,58.90400685,59.05435227,0,0
6.54000000,59.25754243,59.05656575,58.94277058,59.05779059,0,0
6.55000000,59.34001130,59.07963941,58.97570926,59.05854962,0,0
6.56000000,59.35734976,59.07144940,58.95974793,59.03844565,0,0
6.57000000,59.43115405,59.06649269,58.91589395,59.06434933,0,0
6.58000000,59.31585985,59.01147933,58.91458439,59.05200730,0,0
6.59000000,59.30383089,59.07705802,58.93615697,59.05557091,0,0
6.60000000,59.23842084,59.07713779,58.97619432,59.07127754,0,0
6.61000000,59.28436508,59.06210076,58.98816759,59.03490449,0,0
6.62000000,59.36853158,59.09068423,59.00593817,59.04048346,0,0
6.63000000,59.37860003,59.06608446,58.97804191,59.03610590,0,0
6.64000000,59.35395828,59.05684377,59.00195949,59.05006908,0,0
6.65000000,59.29269472,59.11166077,58.98111528,59.04784910,0,0
6.66000000,59.30775200,59.09945484,59.00888312,59.07348845,0,0
6.67000000,59.36176292,59.10986092,59.01164964,59.09716640,0,0
6.68000000,59.44029584,59.10898273,58.91667429,59.03387038,0,0
6.69000000,59.42076058,59.11176937,58.87057027,59.05043653,0,0
6.70000000,59.41769141,59.12379599,58.80926940,59.00655890,0,0
6.71000000,59.29314362,59.15556149,58.87088463,59.04543963,0,0
6.72000000,59.26647380,59.10938981,58.92983429,59.05133056,0,0
6.73000000,59.31128845,59.09337335,59.02395582,59.06669951,0,0
6.74000000,59.38350818,59.10969738,59.01555438,59.07585041,0,0
6.75000000,59.45391377,59.05260779,58.96112424,59.05640853,0,0
6.76000000,59.35986997,59.11502847,58.95854435,59.04257831,0,0
6.77000000,59.28230154,59.08164620,58.94739467,59.07849066,0,0
6.78000000,59.27159016,59.13067161,59.00641746,59.07127847,0,0
6.79000000,59.33995526,59.09907142,59.03346681,59.08327204,0,0
6.80000000,59.36715447,59.09768760,58.98687692,59.06077641,0,0
6.81000000,59.36312479,59.08826231,58.94856321,59.06736401,0,0
6.82000000,59.29171372,59.10448754,58.91990936,59.06958309,0,0
6.83000000,59.32713803,59.12471064,58.93542187,59.07254353,0,0
6.84000000,59.34557024,59.11897093,58.96844472,59.04273001,0,0
6.85000000,59.39019464,59.07730745,59.03051690,59.05977041,0,0
6.86000000,59.27363616,59.04270318,59.05223867,59.08108788,0,0
6.87000000,59.32543072,59.09272030,59.06998273,59.07295586,0,0
6.88000000,59.30907610,59.13274980,58.91696758,59.15391966,0,0
6.89000000,59.36636130,59.10100257,58.92339740,59.06019185,0,0
6.90000000,59.31803660,59.05745448,58.92441633,59.10258451,0,0
6.91000000,59.35859621,59.06329408,59.02588322,59.09787557,0,0
6.92000000,59.26507358,59.10715956,59.04867292,59.07241450,0,0
6.93000000,59.25685162,59.09738153,59.03836327,59.11056605,0,0
6.94000000,59.24405938,59.10001931,58.94407740,59.09212180,0,0
6.95000000,59.30869156,59.05009622,58.93348498,59.09876006,0,0
6.96000000,59.36988959,59.06029233,58.92407102,59.08608988,0,0
6.97000000,59.33681093,59.13723242,59.00508557,59.10052411,0,0
6.98000000,59.32604093,59.09499314,58.90190942,59.06827277,0,0
6.99000000,59.25154906,59.08048105,58.92517394,59.12821092,0,0
7.00000000,59.30289819,59.10878707,58.87690990,59.06975193,0,0
7.01000000,59.31027153,59.10644478,58.94016958,59.07477611,0,0
7.02000000,59.36847134,59.06183434,58.96715680,59.10813279,0,0
7.03000000,59.35223037,59.09110588,58.95252237,59.09101806,0,0
7.04000000,59.27440250,59.05612749,58.99028972,59.07633012,0,0
7.05000000,59.35277226,59.12138850,59.02404046,59.10965626,0,0
7.06000000,59.25295292,59.06934793,58.98972625,59.07086248,0,0
7.07000000,59.31433023,59.07030464,59.06591933,59.05506559,0,0
7.08000000,59.29257344,59.06200832,59.08657784,59.09502950,0,0
7.09000000,59.35101164,59.09813810,59.04652293,59.11257703,0,0
7.10000000,59.37934660,59.08678168,58.97619376,59.07722439,0,0
7.11000000,59.36431362,59.08719193,58.96744804,59.08932130,0,0
7.12000000,59.30954927,59.12112103,58.97378141,59.06892585,0,0
7.13000000,59.36362705,59.13991567,58.98453194,59.03656392,0,0
7.14000000,59.40371636,59.16601415,59.00001332,59.07371788,0,0
7.15000000,59.40047631,59.12662162,58.95327355,59.06313130,0,0
7.16000000,59.39871794,59.05746907,58.89512029,59.06218768,0,0
7.17000000,59.35647875,59.07897565,58.87919935,59.10256211,0,0
7.18000000,59.39603184,59.13700137,58.94011444,59.09763186,0,0
7.19000000,59.35239067,59.18607750,59.00984451,59.08581386,0,0
7.20000000,59.36893210,59.12780308,58.97507931,59.07954813,0,0
7.21000000,59.37152819,59.07048519,58.98036791,59.08433480,0,0
7.22000000,59.40649709,59.10982725,58.98407337,59.11562523,0,0
7.23000000,59.40975437,59.16884794,58.97821738,59.11593550,0,0
7.24000000,59.37605403,59.20112981,59.02649789,59.11229007,0,0
7.25000000,59.36786328,59.12350819,59.03122017,59.11775656,0,0
7.26000000,59.39557824,59.11988341,59.04141590,59.08388293,0,0
7.27000000,59.42067080,59.14061845,58.98827786,59.04574880,0,0
7.28000000,59.40965180,59.15966283,58.97433525,59.07013858,0,0
7.29000000,59.38873936,59.15381844,58.91582696,59.07111099,0,0
7.30000000,59.37830859,59.13030418,58.97713957,59.08799893,0,0
7.31000000,59.41452965,59.07886993,59.00610937,59.11706522,0,0
7.32000000,59.40059083,59.09655834,59.01371015,59.08556037,0,0
7.33000000,59.33914259,59.08651714,58.98993731,59.07894213,0,0
7.34000000,59.36735912,59.14111145,59.00930273,59.08211804,0,0
7.35000000,59.35502251,59.13833476,59.04818813,59.10314459,0,0
7.36000000,59.42525043,59.15684933,59.03773556,59.13237590,0,0
7.37000000,59.34498474,59.09260107,59.01404318,59.09236332,0,0
7.38000000,59.35803130,59.09662971,59.01588696,59.08405767,0,0
7.39000000,59.32702345,59.10480228,59.03186137,59.09829479,0,0
7.40000000,59.42498878,59.14447061,58.99875459,59.08609993,0,0
7.41000000,59.37376528,59.13038787,59.00647984,59.08898359,0,0
7.42000000,59.40307669,59.06217957,58.99598979,59.08096477,0,0
7.43000000,59.34905467,59.07969740,58.97388013,59.09955494,0,0
7.44000000,59.39230337,59.10518334,59.02132562,59.14144002,0,0
7.45000000,59.40214326,59.15744791,59.06453389,59.13474602,0,0
7.46000000,59.38511102,59.18837167,59.10230869,59.14926879,0,0
7.47000000,59.36214659,59.13922778,59.06205394,59.16099682,0,0
7.48000000,59.33806539,59.15130463,59.06366585,59.09393481,0,0
7.49000000,59.36958331,59.11834927,59.06001416,59.12774165,0,0
7.50000000,59.31521563,59.10039130,59.02877307,59.10651241,0,0
7.51000000,59.38320353,59.09528599,59.04186771,59.08749680,0,0
7.52000000,59.38423503,59.14483697,59.04840090,59.08846607,0,0
7.53000000,59.42122027,59.14053504,59.00679296,59.09212202,0,0
7.54000000,59.37084521,59.11160594,58.98075760,59.07754825,0,0
7.55000000,59.38462300,59.14559419,58.97299343,59.13486988,0,0
7.56000000,59.38796141,59.12134634,59.00983084,59.12192071,0,0
7.57000000,59.37860392,59.12132969,59.02123816,59.13089983,0,0
7.58000000,59.36613834,59.14177454,58.99019824,59.12387396,0,0
7.59000000,59.35842652,59.16877868,58.98491712,59.07717563,0,0
7.60000000,59.38531099,59.10072112,59.00319237,59.07391716,0,0
7.61000000,59.39423680,59.14491461,59.01377500,59.07700144,0,0
7.62000000,59.35216973,59.14197576,59.05033088,59.07503891,0,0
7.63000000,59.37501943,59.13395739,59.05207936,59.10750883,0,0
7.64000000,59.37814971,59.10769312,59.04489191,59.10636952,0,0
7.65000000,59.36575811,59.10911049,59.03305535,59.11374096,0,0
7.66000000,59.37080140,59.16092033,59.01417579,59.12968966,0,0
7.67000000,59.38922845,59.12427820,58.99613426,59.12387310,0,0
7.68000000,59.39857728,59.11639996,59.04432574,59.13792644,0,0
7.69000000,59.40672466,59.14266808,59.01779208,59.14093258,0,0
7.70000000,59.40470778,59.17053256,59.02150796,59.14631295,0,0
7.71000000,59.38283523,59.20368447,59.05964034,59.14521428,0,0
7.72000000,59.34000945,59.13383413,59.06375767,59.13337757,0,0
7.73000000,59.32901843,59.05462920,59.05427219,59.15282815,0,0
7.74000000,59.41388733,59.15456418,59.02827594,59.11969913,0,0
7.75000000,59.36384691,59.13054234,59.01787016,59.12142318,0,0
7.76000000,59.37071763,59.10626884,59.02883145,59.13460472,0,0
7.77000000,59.35709326,59.07463450,59.04001418,59.10465098,0,0
7.78000000,59.44544300,59.13013969,59.05480389,59.12638630,0,0
7.79000000,59.40859863,59.17080645,59.01711535,59.12740785,0,0
7.80000000,59.37567922,59.20603789,59.00990376,59.10757136,0,0
7.81000000,59.30838818,59.14953190,58.98855721,59.09405128,0,0
7.82000000,59.39751398,59.11364649,58.97132990,59.08422059,0,0
7.83000000,59.43347079,59.12596521,58.98590708,59.06480736,0,0
7.84000000,59.42938463,59.11343760,58.99987714,59.08032838,0,0
7.85000000,59.35096177,59.09261813,58.98950449,59.02424644,0,0
7.86000000,59.31210011,59.10624566,59.02191161,59.09236811,0,0
7.87000000,59.35142354,59.13927515,59.05551429,59.10535366,0,0
7.88000000,59.37228638,59.13405104,59.07570254,59.14112544,0,0
7.89000000,59.41990232,59.09889134,59.04078113,59.15796992,0,0
7.90000000,59.37948737,59.08985874,59.03233499,59.13572625,0,0
7.91000000,59.34783580,59.11683039,58.98530791,59.22486232,0,0
7.92000000,59.36526413,59.15594720,59.01489969,59.10492892,0,0
7.93000000,59.36996231,59.13442258,58.96599625,59.07333328,0,0
7.94000000,59.37776121,59.10246666,59.04056129,59.07724066,0,0
7.95000000,59.39417548,59.11447512,59.03283933,59.09283929,0,0
7.96000000,59.46167186,59.09160171,58.99791584,59.07466199,0,0
7.97000000,59.41805826,59.15653745,59.00690235,59.11538394,0,0
7.98000000,59.42128691,59.10816889,59.00311297,59.12131156,0,0
7.99000000,59.41206071,59.12565610,59.09339975,59.10469727,0,0
8.00000000,59.45249273,59.14768481,59.08544331,59.12719231,0,0
8.01000000,59.41389473,59.14763116,59.09812760,59.09827398,0,0
8.02000000,59.41724676,59.13410908,59.02761045,59.08379393,0,0
8.03000000,59.39764415,59.10024446,59.03539737,59.09180445,0,0
8.04000000,59.47658055,59.11407196,59.05112771,59.09383900,0,0
8.05000000,59.44548078,59.12505084,59.05386257,59.07746551,0,0
8.06000000,59.41510841,59.03474522,59.11589212,59.07809059,0,0
8.07000000,59.34866826,59.08592400,59.03570974,59.07884201,0,0
8.08000000,59.40312176,59.04764659,59.05557832,59.05786954,0,0
8.09000000,59.37563428,59.03905582,59.03322453,59.12622858,0,0
8.10000000,59.39275750,58.99745248,59.03441442,59.08434576,0,0
8.11000000,59.34661820,58.92932711,58.98876602,59.05911808,0,0
8.12000000,59.42888249,58.95232767,58.99906043,59.04554328,0,0
8.13000000,59.39141200,58.93949578,58.99140147,59.01506802,0,0
8.14000000,59.33910008,58.99116616,58.99432433,58.98925296,0,0
8.15000000,59.28759910,58.91366370,58.99032075,58.97093055,0,0
8.16000000,59.34890022,58.90151324,58.98258838,58.93208453,0,0
8.17000000,59.30686708,58.86984527,58.98339589,58.95506758,0,0
8.18000000,59.23908930,58.84310293,58.98020239,58.93821745,0,0
8.19000000,59.22383562,58.84576697,58.97430354,58.92578976,0,0
8.20000000,59.16979122,58.85119604,58.97747015,58.89796960,0,0
8.21000000,59.22243462,58.79362359,58.99746721,58.90281443,0,0
8.22000000,59.16184337,58.68668687,58.91199990,58.90310851,0,0
8.23000000,59.03757501,58.53418477,58.84260464,58.86577823,0,0
8.24000000,58.87197340,58.47410645,58.85055172,58.84910102,0,0
8.25000000,58.87048382,58.49520494,58.82682929,58.76545023,0,0
8.26000000,58.95162542,58.44673720,58.75723813,58.72340631,0,0
8.27000000,58.98905376,58.42164081,58.73384637,58.66701850,0,0
8.28000000,58.93443349,58.36087360,58.65679290,58.62291718,0,0
8.29000000,58.91122650,58.45211272,58.68749001,58.58613064,0,0
8.30000000,58.82855840,58.46333657,58.60363062,58.49431803,0,0
8.31000000,58.79362490,58.35274912,58.55232643,58.42374785,0,0
8.32000000,58.79745421,58.27314086,58.56014860,58.38303778,0,0
8.33000000,58.79079381,58.20882295,58.48350678,58.36276843,0,0
8.34000000,58.75449234,58.19696081,58.37894294,58.36021021,0,0
8.35000000,58.58335732,58.13652394,58.35070444,58.27809286,0,0
8.36000000,58.48481196,58.06746583,58.35936406,58.19829678,0,0
8.37000000,58.50775645,58.02072328,58.31049331,58.15644215,0,0
8.38000000,58.54343317,57.92525851,58.28225776,58.14527280,0,0
8.39000000,58.45874687,57.91775384,58.18687388,58.13282874,0,0
8.40000000,58.37540643,57.89524960,58.09727083,58.04488591,0,0
8.41000000,58.22195895,57.87588282,58.07440625,57.97506365,0,0
8.42000000,58.26584557,57.81644899,58.04939390,57.89398392,0,0
8.43000000,58.24561991,57.69144054,57.97018529,57.82145334,0,0
8.44000000,58.21701119,57.60697731,57.84502030,57.85973837,0,0
8.45000000,58.11259996,57.58239506,57.82244735,57.79912270,0,0
8.46000000,57.97674856,57.54888754,57.79517336,57.67300245,0,0
8.47000000,58.01050980,57.52724834,57.78264446,57.58893902,0,0
8.48000000,57.94914253,57.45832999,57.70866962,57.52759001,0,0
8.49000000,57.88799751,57.32025729,57.70859879,57.58384503,0,0
8.50000000,57.76668545,57.35480337,57.70050018,57.62427945,0,0
8.51000000,57.73267805,57.35992648,57.69094432,57.56270629,0,0
8.52000000,57.65169719,57.40043381,57.55076100,57.38842789,0,0
8.53000000,57.77083547,57.26241418,57.43783444,57.29347845,0,0
8.54000000,57.75446584,57.15648340,57.34728683,57.34693099,0,0
8.55000000,57.72627579,57.14089989,57.30665641,57.30294472,0,0
8.56000000,57.61503012,57.13645112,57.28781930,57.27957318,0,0
8.57000000,57.51361519,57.13919827,57.31607721,57.18717867,0,0
8.58000000,57.49261517,57.00940702,57.26436736,57.06261367,0,0
8.59000000,57.52987807,56.96767472,57.20663759,57.01288986,0,0
8.60000000,57.50183387,56.90025981,57.13242708,57.07554523,0,0
8.61000000,57.32481497,56.89387313,57.08297972,57.03240731,0,0
8.62000000,57.27498712,56.88921333,57.07241206,56.93882893,0,0
8.63000000,57.12351287,56.84032184,57.02690655,56.80026543,0,0
8.64000000,57.27779711,56.76836837,56.97474740,56.73999074,0,0
8.65000000,57.23552823,56.66374854,56.86519799,56.76603831,0,0
8.66000000,57.17707952,56.59252475,56.72845996,56.76902735,0,0
8.67000000,57.08350208,56.65072727,56.72920540,56.73020153,0,0
8.68000000,56.99154659,56.62571170,56.69759255,56.60747551,0,0
8.69000000,57.05303245,56.61574032,56.62783852,56.49418528,0,0
8.70000000,57.04647363,56.44454779,56.52901524,56.45074530,0,0
8.71000000,56.95609324,56.30530945,56.46706755,56.45698125,0,0
8.72000000,56.81127170,56.26108838,56.50164976,56.48301197,0,0
8.73000000,56.72436657,56.31242704,56.49161925,56.39505410,0,0
8.74000000,56.66826856,56.37676872,56.48080048,56.27175071,0,0
8.75000000,56.68910290,56.26202423,56.39695984,56.16485934,0,0
8.76000000,56.66732877,56.12005270,56.29573880,56.16712863,0,0
8.77000000,56.58489856,56.01900423,56.24002496,56.25071894,0,0
8.78000000,56.50575787,56.06354543,56.22040041,56.21597412,0,0
8.79000000,56.39479824,56.05840688,56.22073889,56.10432927,0,0
8.80000000,56.42456826,55.99262719,56.14882054,55.96154649,0,0
8.81000000,56.48699960,55.87238486,56.09451851,55.93322697,0,0
8.82000000,56.47619474,55.82295651,56.03195866,55.97997004,0,0
8.83000000,56.35329024,55.82592189,55.99712375,55.96742589,0,0
8.84000000,56.25618785,55.83682309,55.97848437,55.88633371,0,0
8.85000000,56.12282669,55.78328686,55.95332056,55.78447581,0,0
8.86000000,56.19386011,55.68547617,55.91188692,55.74372255,0,0
8.87000000,56.18376196,55.60849892,55.84684519,55.75668247,0,0
8.88000000,56.17857943,55.57770621,55.79086151,55.81335640,0,0
8.89000000,56.11671395,55.62293473,55.81647841,55.79867845,0,0
8.90000000,56.01859772,55.64060827,55.84425115,55.67043525,0,0
8.91000000,55.96700415,55.53992723,55.84199477,55.61909172,0,0
8.92000000,55.93385335,55.45797714,55.71517416,55.52967868,0,0
8.93000000,55.87884127,55.31777733,55.65163582,55.56170913,0,0
8.94000000,55.81810436,55.33382193,55.64503995,55.61231359,0,0
8.95000000,55.80314476,55.25832919,55.59111569,55.53959815,0,0
8.96000000,55.69297558,55.24404917,55.58918833,55.45713202,0,0
8.97000000,55.71515064,55.17610484,55.49267203,55.34550877,0,0
8.98000000,55.60561058,55.05651943,55.44765754,55.36892481,0,0
8.99000000,55.54788494,55.03390422,55.39044107,55.38771778,0,0
9.00000000,55.43643339,54.97143406,55.42446202,55.41186641,0,0
9.01000000,55.51667464,55.03799194,55.43297371,55.36572335,0,0
9.02000000,55.44420246,55.00184319,55.36949591,55.20660621,0,0
9.03000000,55.54893077,54.95699758,55.30753675,55.11083165,0,0
9.04000000,55.37884033,54.89222958,55.16746718,55.13964448,0,0
9.05000000,55.33008488,54.84950408,55.20551967,55.12448600,0,0
9.06000000,55.28157279,54.82866902,55.21076409,55.16197754,0,0
9.07000000,55.21949249,54.67600026,55.20823518,55.10630787,0,0
9.08000000,55.12113207,54.62833152,55.12938444,54.98313319,0,0
9.09000000,55.08583384,54.57855045,55.05440738,54.90192989,0,0
9.10000000,55.04720347,54.56239605,54.92134734,54.84610996,0,0
9.11000000,55.01702555,54.59418218,54.88457825,54.82653973,0,0
9.12000000,54.99448951,54.47669278,54.85675111,54.80186629,0,0
9.13000000,54.81908490,54.44340409,54.86836324,54.77673493,0,0
9.14000000,54.83288457,54.39518385,54.83581793,54.69680793,0,0
9.15000000,54.84482807,54.38784762,54.71015717,54.66558032,0,0
9.16000000,54.79133246,54.31817383,54.61948348,54.56854048,0,0
9.17000000,54.76538817,54.23053560,54.49925225,54.49030311,0,0
9.18000000,54.67372071,54.16265667,54.45648932,54.45290342,0,0
9.19000000,54.59870998,54.19845371,54.48212295,54.38360518,0,0
9.20000000,54.57271368,54.15141515,54.48091108,54.34831297,0,0
9.21000000,54.54769616,54.05221505,54.44420306,54.31753945,0,0
9.22000000,54.41785374,53.96474883,54.34537219,54.29766605,0,0
9.23000000,54.41882347,53.93727950,54.32006249,54.32311786,0,0
9.24000000,54.38097164,53.95315796,54.25932964,54.21033457,0,0
9.25000000,54.27423180,53.91990547,54.15933928,54.09858894,0,0
9.26000000,54.25567124,53.88338619,54.10023099,53.98361269,0,0
9.27000000,54.20165772,53.75780431,54.01843089,53.94086873,0,0
9.28000000,54.21951611,53.71245627,54.02675233,53.91175730,0,0
9.29000000,54.19957325,53.71323086,53.95556928,53.90123558,0,0
9.30000000,54.11078934,53.66610135,53.87476459,53.87754349,0,0
9.31000000,53.89366161,53.52539493,53.86530508,53.82239240,0,0
9.32000000,53.84673853,53.46768823,53.89186000,53.79965816,0,0
9.33000000,53.82914891,53.42692150,53.84126621,53.76292995,0,0
9.34000000,53.89947573,53.39319363,53.77073136,53.72540958,0,0
9.35000000,53.88151083,53.36625870,53.68010806,53.66307798,0,0
9.36000000,53.77418641,53.34287191,53.61085867,53.58823803,0,0
9.37000000,53.67380367,53.28643271,53.60303049,53.54540387,0,0
9.38000000,53.68437591,53.36506560,53.58995169,53.50605984,0,0
9.39000000,53.62584264,53.26589431,53.50805529,53.43713109,0,0
9.40000000,53.61685071,53.15840889,53.39564110,53.39123684,0,0
9.41000000,53.58948787,53.04917073,53.36166244,53.36857129,0,0
9.42000000,53.52327622,52.99957453,53.34514359,53.29610827,0,0
9.43000000,53.44960112,53.01909192,53.27565402,53.21840502,0,0
9.44000000,53.38715966,52.97003644,53.23301988,53.16366531,0,0
9.45000000,53.32131172,52.93947248,53.17615127,53.11715432,0,0
9.46000000,53.25699212,52.83826978,53.18677317,53.07977083,0,0
9.47000000,53.28629688,52.75207042,53.19600135,53.06713157,0,0
9.48000000,53.18006834,52.67355155,53.05179698,53.02069252,0,0
9.49000000,53.11710613,52.69110710,53.04093260,52.94739093,0,0
9.50000000,53.13272956,52.72164510,52.91678133,52.88934139,0,0
9.51000000,53.05305257,52.66474537,52.83151992,52.84635567,0,0
9.52000000,53.03711092,52.60167794,52.80413504,52.78252380,0,0
9.53000000,52.97195078,52.46831236,52.80208686,52.71521991,0,0
9.54000000,52.87680355,52.43039868,52.77148842,52.68733114,0,0
9.55000000,52.85959878,52.39330556,52.69742990,52.61593758,0,0
9.56000000,52.74882748,52.35269877,52.64637829,52.55947787,0,0
9.57000000,52.65914635,52.27093432,52.51200561,52.57336989,0,0
9.58000000,52.66210680,52.23051805,52.53874909,52.49587617,0,0
9.59000000,52.64915674,52.20840530,52.50175099,52.41644468,0,0
9.60000000,52.60434057,52.13264540,52.43558557,52.35825864,0,0
9.61000000,52.52126213,52.11840119,52.42263432,52.30639354,0,0
9.62000000,52.54639503,52.03731631,52.30676552,52.28797899,0,0
9.63000000,52.41241309,51.93113873,52.29823692,52.27881904,0,0
9.64000000,52.44067828,51.98960927,52.29768419,52.26440268,0,0
9.65000000,52.34642678,51.93740353,52.23318270,52.22953425,0,0
9.66000000,52.25752049,51.88922596,52.16149138,52.14952827,0,0
9.67000000,52.21418762,51.78214255,52.10299576,52.05122410,0,0
9.68000000,52.17553307,51.69271264,52.05068116,52.01097152,0,0
9.69000000,52.16250065,51.63715756,52.02947860,51.93292372,0,0
9.70000000,52.04299590,51.62268666,51.98231521,51.89421879,0,0
9.71000000,52.07175292,51.64912584,51.94944646,51.84777256,0,0
9.72000000,51.94754579,51.61890209,51.92993417,51.81279033,0,0
9.73000000,51.93069978,51.58448747,51.87753516,51.75888077,0,0
9.74000000,51.89734924,51.50512056,51.78798828,51.68617417,0,0
9.75000000,51.84212431,51.43193513,51.67157282,51.63812895,0,0
9.76000000,51.79859599,51.35650737,51.62340441,51.60272149,0,0
9.77000000,51.84860181,51.24154206,51.60122711,51.58653969,0,0
9.78000000,51.73298865,51.24752284,51.54948061,51.54009951,0,0
9.79000000,51.65274493,51.23465539,51.51074954,51.44945353,0,0
9.80000000,51.56365593,51.19565479,51.44280564,51.39428790,0,0
9.81000000,51.46674167,51.11365115,51.39884826,51.33449654,0,0
9.82000000,51.52192808,51.08074333,51.34953698,51.25800159,0,0
9.83000000,51.51754068,51.01380877,51.34855571,51.25094492,0,0
9.84000000,51.41828757,50.96703155,51.27179201,51.23723441,0,0
9.85000000,51.31886980,50.92226947,51.21754883,51.17651849,0,0
9.86000000,51.34215559,50.91183453,51.12436943,51.12999659,0,0
9.87000000,51.25855788,50.86220707,51.09395355,51.06373018,0,0
9.88000000,51.26665688,50.80095129,51.08028280,50.96433419,0,0
9.89000000,51.17737197,50.69572456,51.05883289,50.92584308,0,0
9.90000000,51.09949943,50.64432699,51.05318460,50.90859903,0,0
9.91000000,51.05446532,50.61944708,50.99937409,50.83427931,0,0
9.92000000,51.02267731,50.58123901,50.88200634,50.84654673,0,0
9.93000000,50.95231562,50.50989101,50.78669409,50.79460920,0,0
9.94000000,50.96754901,50.46400704,50.74243098,50.65921424,0,0
9.95000000,50.91067082,50.44786336,50.75857903,50.63514418,0,0
9.96000000,50.81662244,50.40359462,50.74982048,50.59339229,0,0
9.97000000,50.73329706,50.33910933,50.74888442,50.52525373,0,0
9.98000000,50.75649220,50.29248215,50.57830638,50.47758624,0,0
9.99000000,50.74350168,50.21874444,50.53565381,50.46247086,0,0
10.00000000,50.65710167,50.13014940,50.46158168,50.39402107,0,0
10.01000000,50.65096036,50.15630651,50.42618927,50.39671913,0,0
10.02000000,50.53620333,50.10573702,50.44119572,50.34643058,0,0
10.03000000,50.49487140,50.09864001,50.39321828,50.28132721,0,0
10.04000000,50.47190184,50.03859351,50.32871605,50.19626768,0,0
10.05000000,50.40522497,49.91609247,50.27189085,50.15460047,0,0
10.06000000,50.33549378,49.83791578,50.14974825,50.09601834,0,0
10.07000000,50.35009102,49.83276463,50.17913935,50.06284221,0,0
10.08000000,50.26054681,49.72912922,50.14957708,49.99555002,0,0
10.09000000,50.08697613,49.67785027,50.09284975,49.94681660,0,0
10.10000000,50.12836392,49.76185503,50.06044673,49.89827479,0,0
10.11000000,50.08115154,49.80986436,49.89001098,49.86033517,0,0
10.12000000,50.06692063,49.68130576,49.88490887,49.80689998,0,0
10.13000000,50.02517340,49.49147642,49.83084593,49.72605436,0,0
10.14000000,50.04698435,49.36644309,49.88737246,49.75197316,0,0
10.15000000,49.97955333,49.36361329,49.80077569,49.79317444,0,0
10.16000000,49.88370818,49.39381549,49.74643031,49.70620698,0,0
10.17000000,49.76875032,49.28217367,49.64904654,49.63023911,0,0
10.18000000,49.69471094,49.24398808,49.62559542,49.53319429,0,0
10.19000000,49.71848870,49.23780687,49.54744014,49.42906764,0,0
10.20000000,49.75180800,49.25903147,49.52668719,49.38327110,0,0
10.21000000,49.59605136,49.08931684,49.49052897,49.37166849,0,0
10.22000000,49.44046195,48.91761444,49.44268832,49.29113821,0,0
10.23000000,49.47101529,48.94452899,49.35751727,49.26328848,0,0
10.24000000,49.49166408,49.08204944,49.23357415,49.25582201,0,0
10.25000000,49.43410843,49.13360378,49.26649152,49.16263833,0,0
10.26000000,49.41749554,49.01474431,49.24663902,49.10685656,0,0
10.27000000,49.34591780,48.86002303,49.23207402,49.04739389,0,0
10.28000000,49.23442862,48.76040011,49.16175873,48.99305174,0,0
10.29000000,49.23271787,48.71108477,49.07891907,48.95211383,0,0
10.30000000,49.18573349,48.67618154,48.99497299,48.97758904,0,0
10.31000000,49.11783914,48.62443394,48.91962546,48.93816636,0,0
10.32000000,49.12061840,48.60514824,48.91644949,48.92798099,0,0
10.33000000,49.12261997,48.53700922,48.92217737,48.88226164,0,0
10.34000000,48.97904624,48.53151588,48.88031525,48.81339316,0,0
10.35000000,48.89324171,48.48160814,48.85129267,48.74128659,0,0
10.36000000,48.90942145,48.34019675,48.79821764,48.62398978,0,0
10.37000000,48.88679188,48.32395468,48.72426457,48.53521430,0,0
10.38000000,48.89599391,48.27359226,48.73305701,48.51162998,0,0
10.39000000,48.80196903,48.29272260,48.66109065,48.43407875,0,0
10.40000000,48.69666451,48.16755578,48.56107780,48.38325562,0,0
10.41000000,48.60897256,48.06698475,48.53239412,48.29162467,0,0
10.42000000,48.68341376,48.02326398,48.43572513,48.15275699,0,0
10.43000000,48.61697551,47.97396406,48.35280836,48.08563238,0,0
10.44000000,48.48696522,47.98200995,48.27904315,48.06526840,0,0
10.45000000,48.40166935,47.93084173,48.26217568,48.10712144,0,0
10.46000000,48.35752171,47.85265677,48.29418523,48.09541193,0,0
10.47000000,48.31314566,47.77340703,48.28157277,48.08233371,0,0
10.48000000,48.30134995,47.69178658,48.19661248,48.02044248,0,0
10.49000000,48.32997610,47.67428159,48.09248402,47.97894123,0,0
10.50000000,48.15921110,47.70188949,48.07834565,47.89712063,0,0
10.51000000,48.22247226,47.64397281,48.04101413,47.81233900,0,0
10.52000000,48.16480389,47.56791579,48.00680468,47.81291948,0,0
10.53000000,48.06571720,47.44188227,47.90231773,47.74727352,0,0
10.54000000,48.02279837,47.34554439,47.88024560,47.72410393,0,0
10.55000000,47.97086187,47.39648710,47.84279429,47.67968667,0,0
10.56000000,47.83745643,47.32214701,47.80264993,47.65237325,0,0
10.57000000,47.72973393,47.30340609,47.69640070,47.55877613,0,0
10.58000000,47.81492712,47.17298026,47.66126263,47.50154312,0,0
10.59000000,47.76013280,47.14778797,47.60772043,47.40744577,0,0
10.60000000,47.73778294,47.03058260,47.60147508,47.35887368,0,0
10.61000000,47.59959548,47.08042439,47.53755545,47.26061585,0,0
10.62000000,47.60444524,47.07443711,47.53543119,47.21477421,0,0
10.63000000,47.53076102,46.97012553,47.39456256,47.19129048,0,0
10.64000000,47.51554342,46.84553662,47.42554685,47.13752741,0,0
10.65000000,47.51877207,46.78175606,47.37073602,47.08128135,0,0
10.66000000,47.39916674,46.79801984,47.31997324,47.06747781,0,0
10.67000000,47.34170547,46.77488195,47.27975570,47.01086399,0,0
10.68000000,47.25042687,46.76091388,47.17049895,46.93176537,0,0
10.69000000,47.21138334,46.63081801,47.12003828,46.86062291,0,0
10.70000000,47.19296387,46.47228216,47.01344584,46.81812437,0,0
10.71000000,47.15728484,46.47279802,47.00833667,46.82378453,0,0
10.72000000,47.12407393,46.42627986,47.01956008,46.76821124,0,0
10.73000000,47.01907610,46.42066567,46.97716417,46.68086910,0,0
10.74000000,46.92665185,46.38501217,46.95972870,46.60495698,0,0
10.75000000,47.01716744,46.36496445,46.91679202,46.55472760,0,0
10.76000000,46.88221522,46.28129323,46.71675266,46.52753990,0,0
10.77000000,46.79524556,46.21618363,46.60554446,46.44979973,0,0
10.78000000,46.74114608,46.12328207,46.62937296,46.40250466,0,0
10.79000000,46.73418877,46.07995082,46.63505476,46.37259140,0,0
10.80000000,46.64725466,46.05870273,46.59779474,46.32510565,0,0
10.81000000,46.51750568,45.96746979,46.51519970,46.24510152,0,0
10.82000000,46.47061679,45.94413222,46.38660250,46.17761787,0,0
10.83000000,46.37480448,45.85644442,46.32409113,46.13575883,0,0
10.84000000,46.40234869,45.80278392,46.28525583,46.07148468,0,0
10.85000000,46.35764334,45.69096880,46.27663492,45.99257726,0,0
10.86000000,46.26303130,45.65944064,46.20330740,45.97177020,0,0
10.87000000,46.12216145,45.63966438,46.14076006,45.93400681,0,0
10.88000000,46.18540045,45.58208092,46.09275845,45.87174615,0,0
10.89000000,46.15672158,45.54529460,45.96829587,45.82449641,0,0
10.90000000,46.07073527,45.45308831,45.93546608,45.71298163,0,0
10.91000000,46.02616077,45.34825402,45.90969003,45.61769103,0,0
10.92000000,45.94097230,45.34701608,45.84425535,45.57772033,0,0
10.93000000,45.86823734,45.30285330,45.84365884,45.55274930,0,0
10.94000000,45.84176183,45.20867936,45.80180540,45.50231859,0,0
10.95000000,45.84179269,45.10452712,45.78895461,45.44026643,0,0
10.96000000,45.72825039,45.05897047,45.69474863,45.39947084,0,0
10.97000000,45.64693890,44.99941303,45.58368278,45.34310019,0,0
10.98000000,45.56120154,45.01656852,45.51767068,45.26980867,0,0
10.99000000,45.58647148,44.92651812,45.48969331,45.21024169,0,0
11.00000000,45.45952810,44.83959009,45.46902501,45.12513497,0,0
11.01000000,45.39990679,44.79248295,45.36406217,45.00990371,0,0
11.02000000,45.43331000,44.69490246,45.29953914,44.98106110,0,0
11.03000000,45.34286068,44.73093594,45.17111499,44.91136872,0,0
11.04000000,45.29452833,44.64731190,45.11823255,44.86832219,0,0
11.05000000,45.23175853,44.59069308,45.07992582,44.81606267,0,0
11.06000000,45.22351090,44.51064843,45.07937152,44.72534480,0,0
11.07000000,45.11152703,44.43297225,45.02407193,44.78586211,0,0
11.08000000,45.09763455,44.41746843,44.97020147,44.71803202,0,0
11.09000000,44.97562934,44.34547337,44.89094739,44.61868353,0,0
11.10000000,44.87633456,44.26258892,44.81526860,44.50375538,0,0
11.11000000,44.86654890,44.19729040,44.72800603,44.42564319,0,0
11.12000000,44.87520134,44.09060547,44.73472278,44.36898583,0,0
11.13000000,44.79255223,44.02785383,44.68403141,44.32569776,0,0
11.14000000,44.59849673,43.99238976,44.60318734,44.29431098,0,0
11.15000000,44.45195818,43.96743141,44.50122038,44.28086901,0,0
11.16000000,44.62264428,43.95811612,44.56188903,44.17951341,0,0
11.17000000,44.57102936,43.72984948,44.33738376,44.06866163,0,0
11.18000000,44.54317421,43.79071696,44.36682460,44.03725322,0,0
11.19000000,44.40136193,43.69143441,44.30666280,43.93360183,0,0
11.20000000,44.36148654,43.67436630,44.22823661,43.92731796,0,0
11.21000000,44.25092743,43.66628452,44.25883640,43.88799230,0,0
11.22000000,44.25320509,43.55422432,44.18984676,43.86989251,0,0
11.23000000,44.23894859,43.45267326,44.06473791,43.80484360,0,0
11.24000000,44.10827681,43.39998276,43.97225288,43.66723802,0,0
11.25000000,44.05204027,43.36266925,43.92182362,43.63321943,0,0
11.26000000,43.97928708,43.30325639,43.89605480,43.52019885,0,0
11.27000000,43.89274404,43.27847367,43.90538025,43.46393119,0,0
11.28000000,43.85750051,43.16504581,43.83104024,43.42178603,0,0
11.29000000,43.76047560,43.09180612,43.72339426,43.37558132,0,0
11.30000000,43.78709702,43.08234088,43.68741125,43.34635916,0,0
11.31000000,43.77004111,43.00906821,43.60847316,43.28039502,0,0
11.32000000,43.62594510,42.97612312,43.56696751,43.15509571,0,0
11.33000000,43.62342891,42.91292333,43.62128276,43.14232632,0,0
11.34000000,43.55181229,42.88740642,43.50974009,43.05196631,0,0
11.35000000,43.51779912,42.82848216,43.41008409,43.02400128,0,0
11.36000000,43.44120488,42.71272425,43.29669568,43.00698863,0,0
11.37000000,43.38505442,42.65871799,43.25199130,42.94795788,0,0
11.38000000,43.34217554,42.58803401,43.20897945,42.87022612,0,0
11.39000000,43.18029981,42.51637251,43.15494602,42.77095306,0,0
11.40000000,43.13225231,42.43769628,43.10463455,42.72283540,0,0
11.41000000,43.12068052,42.38780937,43.05360621,42.66873843,0,0
11.42000000,43.11969125,42.36919270,43.03615702,42.62444805,0,0
11.43000000,42.97383748,42.33301159,42.93705467,42.58425154,0,0
11.44000000,42.91821738,42.24755228,42.86782473,42.50766289,0,0
11.45000000,42.91153705,42.16259975,42.80422485,42.42304908,0,0
11.46000000,42.89868216,42.04918905,42.68201315,42.35680868,0,0
11.47000000,42.82742443,42.04752338,42.64108664,42.27709321,0,0
11.48000000,42.75848784,42.08400410,42.58940874,42.22148729,0,0
11.49000000,42.64608548,41.96072312,42.58647813,42.18188095,0,0
11.50000000,42.59873725,41.89239026,42.55127171,42.14997900,0,0
11.51000000,42.60446656,41.82575996,42.48288831,42.14587089,0,0
11.52000000,42.52632472,41.73743896,42.36183789,42.06733960,0,0
11.53000000,42.35748688,41.75952885,42.29075109,41.96311668,0,0
11.54000000,42.27433095,41.69218327,42.24558301,41.90797885,0,0
11.55000000,42.27451450,41.56773762,42.24400928,41.80880507,0,0
11.56000000,42.36217101,41.52349936,42.18844159,41.73980574,0,0
11.57000000,42.18620158,41.38726404,42.12852728,41.71128261,0,0
11.58000000,42.01258576,41.37159104,42.01742806,41.66712997,0,0
11.59000000,41.97603803,41.33845078,42.01291133,41.60639847,0,0
11.60000000,42.08979184,41.36458951,41.93131862,41.57006404,0,0
11.61000000,42.00481687,41.20506459,41.83432574,41.43709869,0,0
11.62000000,41.90733569,41.17287216,41.75582587,41.39382208,0,0
11.63000000,41.78351915,41.13959811,41.72305936,41.28084812,0,0
11.64000000,41.76242582,41.14473020,41.70381297,41.26016350,0,0
11.65000000,41.72890085,41.01258875,41.64270870,41.24304466,0,0
11.66000000,41.69507214,40.95606264,41.58932013,41.20120272,0,0
11.67000000,41.67178409,40.74429830,41.45693761,41.16595443,0,0
11.68000000,41.47292681,40.76142864,41.44176001,41.04048903,0,0
11.69000000,41.44688291,40.76144480,41.36723245,40.98073681,0,0
11.70000000,41.30719567,40.66462848,41.32174562,40.87739549,0,0
11.71000000,41.34008738,40.51021873,41.32706345,40.83425492,0,0
11.72000000,41.29257163,40.42943352,41.30557138,40.78147819,0,0
11.73000000,41.23803833,40.39344218,41.21714375,40.74713260,0,0
11.74000000,41.19271960,40.44701465,41.12763283,40.71304894,0,0
11.75000000,41.15012669,40.39710035,41.06839164,40.60251124,0,0
11.76000000,41.00063058,40.28187410,40.92755129,40.53326751,0,0
11.77000000,40.98593802,40.17375214,40.93795667,40.49310483,0,0
11.78000000,40.97968245,40.14006811,40.84072056,40.39890724,0,0
11.79000000,41.00871305,40.13951514,40.82768899,40.35126385,0,0
11.80000000,40.80461894,40.10146409,40.73749738,40.25477086,0,0
11.81000000,40.77591221,40.01773040,40.69062385,40.23735096,0,0
11.82000000,40.71475781,39.88199962,40.63484051,40.16037636,0,0
11.83000000,40.71066875,39.81209959,40.56879641,40.10859383,0,0
11.84000000,40.59697548,39.81286420,40.48514150,40.04206216,0,0
11.85000000,40.57805543,39.81658249,40.37353296,40.00095904,0,0
11.86000000,40.49709713,39.67957004,40.38481079,39.94524141,0,0
11.87000000,40.44995883,39.66184787,40.36323258,39.91988566,0,0
11.88000000,40.35307926,39.52806617,40.34699351,39.81850954,0,0
11.89000000,40.28197624,39.52193566,40.26475438,39.84025435,0,0
11.90000000,40.33041266,39.49390018,40.24527132,39.78867918,0,0
11.91000000,40.32601040,39.45731868,40.15099502,39.67901535,0,0
11.92000000,40.23293506,39.30068035,40.04976673,39.61432584,0,0
11.93000000,40.10392348,39.27068918,40.02046625,39.51521503,0,0
11.94000000,40.09520168,39.22546546,39.94617605,39.42070158,0,0
11.95000000,40.02733825,39.20889832,39.90031821,39.34057126,0,0
11.96000000,39.97306719,39.12751602,39.84190946,39.30169446,0,0
11.97000000,39.91102612,39.02949752,39.81950427,39.26365557,0,0
11.98000000,39.83630608,38.97899654,39.70250238,39.23644522,0,0
11.99000000,39.74494660,38.95176801,39.65280066,39.13644380,0,0
12.00000000,39.69822548,38.93303701,39.54395569,39.08734291,0,0
12.01000000,39.65796053,38.78634490,39.46360432,38.96749740,0,0
12.02000000,39.62159807,38.65381542,39.45717734,38.90609262,0,0
12.03000000,39.54948068,38.65177180,39.41370152,38.85301823,0,0
12.04000000,39.33052324,38.67033812,39.29700259,38.81749615,0,0
12.05000000,39.33552925,38.60358135,39.25226409,38.74273683,0,0
12.06000000,39.35935087,38.50334213,39.21801247,38.69923291,0,0
12.07000000,39.32580605,38.38415752,39.08095708,38.59872441,0,0
12.08000000,39.24537702,38.27507210,39.14105023,38.57472832,0,0
12.09000000,39.13391366,38.35249229,39.06925401,38.48581067,0,0
12.10000000,39.07372504,38.31114385,38.92222820,38.40368357,0,0
12.11000000,38.93430871,38.17190176,38.89565110,38.37401658,0,0
12.12000000,38.96058332,38.03593777,38.78968571,38.29077791,0,0
12.13000000,38.92364732,37.97640153,38.77369742,38.33813863,0,0
12.14000000,38.83546450,37.95176062,38.66474361,38.25622115,0,0
12.15000000,38.72385301,37.88426673,38.63665988,38.18117296,0,0
12.16000000,38.63612422,37.83193768,38.56232541,38.04159579,0,0
12.17000000,38.55684444,37.76946804,38.48737275,38.01353460,0,0
12.18000000,38.59975920,37.65993840,38.54276291,37.93323027,0,0
12.19000000,38.48272238,37.51835441,38.49418090,37.89242212,0,0
12.20000000,38.33729306,37.54879126,38.46973730,37.88344854,0,0
12.21000000,38.31012966,37.44857958,38.33647764,37.76888034,0,0
12.22000000,38.38450222,37.45137190,38.26372420,37.77804945,0,0
12.23000000,38.31389336,37.34957448,38.18435784,37.70257926,0,0
12.24000000,38.17844511,37.26360149,38.06998741,37.64364684,0,0
12.25000000,38.09028089,37.16073326,38.12603593,37.53112073,0,0
12.26000000,38.08791475,37.13634832,38.01094522,37.44339208,0,0
12.27000000,38.05842003,37.15399180,38.02019390,37.31106278,0,0
12.28000000,37.91762992,37.08874875,37.91820756,37.25470047,0,0
12.29000000,37.89075901,37.03083616,37.81877573,37.26523817,0,0
12.30000000,37.89657583,36.90346337,37.76800616,37.23371929,0,0
12.31000000,37.82899045,36.90351428,37.64335753,37.16203454,0,0
12.32000000,37.83483608,36.78862054,37.62656051,37.05646584,0,0
12.33000000,37.71291455,36.81663009,37.52755297,36.98010054,0,0
12.34000000,37.67554193,36.87620824,37.49984775,36.94387848,0,0
12.35000000,37.67459766,36.74252704,37.47906501,36.88121505,0,0
12.36000000,37.59958127,36.66450634,37.42850538,36.83127185,0,0
12.37000000,37.49666421,36.54515324,37.39169872,36.77214892,0,0
12.38000000,37.48578487,36.51719789,37.39538027,36.75076228,0,0
12.39000000,37.49421175,36.51504468,37.30845376,36.69230790,0,0
12.40000000,37.39563962,36.55621725,37.21156646,36.62820815,0,0
12.41000000,37.32629282,36.47909097,37.15881280,36.56257906,0,0
12.42000000,37.28977619,36.39266311,37.12846514,36.50877535,0,0
12.43000000,37.29135911,36.31185927,37.12690959,36.45942261,0,0
12.44000000,37.21037220,36.27614946,37.10522136,36.41382959,0,0
12.45000000,37.17144573,36.22627064,37.04221889,36.36229177,0,0
12.46000000,37.12214121,36.14672185,36.94748420,36.35252771,0,0
12.47000000,37.00855246,36.15333371,36.92618536,36.33477502,0,0
12.48000000,36.95057575,36.12839328,36.85498861,36.30168348,0,0
12.49000000,36.91722044,36.04838479,36.84896398,36.23671421,0,0
12.50000000,36.94078643,35.97802833,36.75382637,36.17067259,0,0
12.51000000,36.93745362,35.91283403,36.74398425,36.10847931,0,0
12.52000000,36.85958813,35.89492401,36.70605294,36.03250740,0,0
12.53000000,36.73861033,35.78436996,36.64427611,36.00848944,0,0
12.54000000,36.69048144,35.80967049,36.57723646,35.95688550,0,0
12.55000000,36.68417547,35.72906949,36.55068383,35.83454323,0,0
12.56000000,36.72486348,35.68676081,36.50737157,35.87554832,0,0
12.57000000,36.64266747,35.60172523,36.37234583,35.79239113,0,0
12.58000000,36.60650505,35.58673758,36.42287559,35.66291465,0,0
12.59000000,36.49235965,35.55175138,36.36387265,35.68747381,0,0
12.60000000,36.54759904,35.53261644,36.32953346,35.61338809,0,0
12.61000000,36.42715610,35.50193693,36.32051017,35.59349928,0,0
12.62000000,36.40374603,35.37221618,36.30025429,35.53975871,0,0
12.63000000,36.37376289,35.39146354,36.22439893,35.46876291,0,0
12.64000000,36.31980352,35.24985613,36.19530942,35.53798851,0,0
12.65000000,36.22650577,35.31648056,36.05536624,35.45413400,0,0
12.66000000,36.23161325,35.27025600,36.07149545,35.46664567,0,0
12.67000000,36.10728111,35.23377731,36.02252831,35.36314259,0,0
12.68000000,36.16076159,35.10759728,36.03096291,35.35999004,0,0
12.69000000,36.16657753,35.15894226,36.03414643,35.23645084,0,0
12.70000000,36.09885919,35.04911651,35.96448546,35.22582958,0,0
12.71000000,35.97258984,34.93701838,35.87841193,35.17874857,0,0
12.72000000,35.88771885,34.96043404,35.79968149,35.15324421,0,0
12.73000000,35.98819405,34.85390513,35.83008464,35.09953920,0,0
12.74000000,35.95846923,34.90988344,35.72842554,35.05089269,0,0
12.75000000,35.98064347,34.85272595,35.62330019,34.94839832,0,0
12.76000000,35.84976505,34.82697421,35.65998738,34.92915621,0,0
12.77000000,35.85690265,34.70873577,35.59947321,34.85445195,0,0
12.78000000,35.80966454,34.73994417,35.63929590,34.84931654,0,0
12.79000000,35.77573234,34.70309893,35.60982560,34.79729726,0,0
12.80000000,35.76251956,34.66377445,35.57410633,34.73640936,0,0
12.81000000,35.65646679,34.61584529,35.49874031,34.68136021,0,0
12.82000000,35.64055357,34.61026431,35.44049019,34.71599430,0,0
12.83000000,35.60897679,34.52092392,35.39704355,34.63846254,0,0
12.84000000,35.60816085,34.45881758,35.38597298,34.61463804,0,0
12.85000000,35.55252632,34.40652948,35.33653783,34.50546661,0,0
12.86000000,35.61245328,34.44246224,35.28439157,34.48818539,0,0
12.87000000,35.57933727,34.51617520,35.33115769,34.44522893,0,0
12.88000000,35.52322105,34.50028343,35.29606518,34.41104095,0,0
12.89000000,35.47475770,34.42278174,35.25089365,34.40220643,0,0
12.90000000,35.54573425,34.36857500,35.25299956,34.34277268,0,0
12.91000000,35.62400415,34.40087848,35.21780032,34.33385905,0,0
12.92000000,35.54725746,34.39777324,35.14004415,34.28923662,0,0
12.93000000,35.43833121,34.36489147,35.09171443,34.30339129,0,0
12.94000000,35.38203020,34.29666393,35.15044375,34.24974148,0,0
12.95000000,35.39936789,34.22466224,35.15787623,34.21014360,0,0
12.96000000,35.39261224,34.13246326,35.19566583,34.25867236,0,0
12.97000000,35.33910108,34.13901545,35.13030945,34.22218953,0,0
12.98000000,35.32388166,34.16156483,35.07276606,34.16230458,0,0
12.99000000,35.28982392,34.17987093,35.04517009,34.18151714,0,0
13.00000000,35.25285723,34.12241893,34.99364232,34.19273085,0,0
13.01000000,35.27583068,34.05921359,34.97300243,34.15105429,0,0
13.02000000,35.19658540,33.99933801,34.98510148,34.11599538,0,0
13.03000000,35.15866622,33.90891381,34.98950563,34.06858860,0,0
13.04000000,35.16091197,34.00236068,34.95600064,34.03480675,0,0
13.05000000,35.15270765,34.04037676,34.95778592,33.96164762,0,0
13.06000000,35.09801848,34.00879195,34.89950518,33.93578992,0,0
13.07000000,35.05915852,33.89760665,34.91305344,33.96649022,0,0
13.08000000,35.12014219,33.86670539,34.91112379,33.94585168,0,0
13.09000000,35.06998473,33.85205121,34.89783575,34.02233887,0,0
13.10000000,35.05314604,33.88194900,34.73675321,33.91834669,0,0
13.11000000,34.97207392,33.81720445,34.76273530,33.90351104,0,0
13.12000000,34.95853499,33.80016943,34.74231558,33.83673458,0,0
13.13000000,34.95542475,33.77336598,34.78089503,33.75172298,0,0
13.14000000,34.91595499,33.74912657,34.81120359,33.77679986,0,0
13.15000000,34.95442150,33.75153173,34.77329828,33.76255284,0,0
13.16000000,34.90709493,33.76071482,34.70926144,33.72865500,0,0
13.17000000,34.84157707,33.66397939,34.69467580,33.72335216,0,0
13.18000000,34.75132143,33.71070903,34.62761032,33.70495386,0,0
13.19000000,34.82512530,33.58600752,34.63886981,33.73516034,0,0
13.20000000,34.78855507,33.64518740,34.60903657,33.73791304,0,0
13.21000000,34.77748610,33.55796735,34.58326379,33.66557682,0,0
13.22000000,34.73278916,33.56015815,34.50999009,33.57096931,0,0
13.23000000,34.72130810,33.55384877,34.54137348,33.60629501,0,0
13.24000000,34.70101840,33.63157104,34.47321818,33.48337357,0,0
13.25000000,34.61996408,33.55487546,34.50434769,33.50466853,0,0
13.26000000,34.66717535,33.37221891,34.47481811,33.58173802,0,0
13.27000000,34.68260291,33.41516410,34.51848914,33.53164910,0,0
13.28000000,34.65333803,33.43777069,34.40524648,33.51014450,0,0
13.29000000,34.64864224,33.45025531,34.30546134,33.49081563,0,0
13.30000000,34.58286601,33.38797514,34.34261455,33.42534059,0,0
13.31000000,34.62235303,33.39597060,34.41585629,33.35115463,0,0
13.32000000,34.54367772,33.33469879,34.42610147,33.37598304,0,0
13.33000000,34.59505740,33.33193420,34.43452497,33.38175485,0,0
13.34000000,34.58572048,33.29119436,34.33393375,33.35423432,0,0
13.35000000,34.53094849,33.26191490,34.32639654,33.35076088,0,0
13.36000000,34.45010567,33.22389524,34.28562704,33.30507809,0,0
13.37000000,34.44855543,33.27699108,34.27375860,33.29354607,0,0
13.38000000,34.40675001,33.26084579,34.26237662,33.29229058,0,0
13.39000000,34.43134557,33.24840906,34.22492263,33.23939426,0,0
13.40000000,34.47649587,33.18055434,34.21204554,33.19949535,0,0
13.41000000,34.44373284,33.07981653,34.17966345,33.18138542,0,0
13.42000000,34.39492151,33.12639791,34.16713356,33.17929104,0,0
13.43000000,34.33374987,33.13923913,34.16982265,33.13891593,0,0
13.44000000,34.42978176,33.07897187,34.16709659,33.12777397,0,0
13.45000000,34.38009588,32.99553009,34.17833381,33.09028037,0,0
13.46000000,34.25368760,33.01021360,34.08954672,33.08016355,0,0
13.47000000,34.24889148,33.00692328,34.02791367,33.03381792,0,0
13.48000000,34.26137775,32.99188340,34.02219459,33.02423001,0,0
13.49000000,34.35070641,32.96802409,33.98934025,32.96347466,0,0
13.50000000,34.27692261,32.94353982,34.07022946,32.92590067,0,0
13.51000000,34.21571592,32.91622671,34.08399184,32.89644586,0,0
13.52000000,34.14172571,32.88520061,34.04570313,32.89731355,0,0
13.53000000,34.17999915,32.88361873,33.96895581,32.88716100,0,0
13.54000000,34.17444618,32.84374109,33.90607144,32.86605933,0,0
13.55000000,34.14863086,32.83662653,33.88122432,32.82394616,0,0
13.56000000,34.06796369,32.78862312,33.87007728,32.85103857,0,0
13.57000000,34.02817195,32.81201687,33.83760873,32.82101849,0,0
13.58000000,34.06560634,32.80865471,33.80683819,32.80993851,0,0
13.59000000,34.07023577,32.72930816,33.83866892,32.76407102,0,0
13.60000000,34.01456931,32.65005402,33.84097522,32.74092105,0,0
13.61000000,33.88950855,32.65316759,33.91208511,32.69387513,0,0
13.62000000,33.93799107,32.67364404,33.85101093,32.63498604,0,0
13.63000000,34.00713580,32.60485277,33.74155310,32.63080043,0,0
13.64000000,33.93079990,32.51008972,33.76521958,32.63057985,0,0
13.65000000,33.92028802,32.45914233,33.64436994,32.64847104,0,0
13.66000000,33.82723713,32.51160474,33.70351875,32.59937715,0,0
13.67000000,33.87531486,32.49288451,33.61542182,32.56941847,0,0
13.68000000,33.83763313,32.53678026,33.59400218,32.54490383,0,0
13.69000000,33.84021922,32.41811703,33.61746648,32.48310302,0,0
13.70000000,33.76860280,32.41984972,33.60823755,32.44557941,0,0
13.71000000,33.79976858,32.38201579,33.64457322,32.44244945,0,0
13.72000000,33.73916222,32.35209242,33.63154978,32.42003557,0,0
13.73000000,33.69326456,32.40367978,33.53515821,32.40099361,0,0
13.74000000,33.69518953,32.31329142,33.48304508,32.30955724,0,0
13.75000000,33.66583300,32.33553687,33.48890126,32.34901829,0,0
13.76000000,33.65175409,32.19165574,33.46803422,32.34041055,0,0
13.77000000,33.66263296,32.29174431,33.48920001,32.31045997,0,0
13.78000000,33.59220611,32.26675448,33.44184557,32.28920458,0,0
13.79000000,33.55396579,32.22750455,33.47597417,32.24084571,0,0
13.80000000,33.50722229,32.20036543,33.35874292,32.21983795,0,0
13.81000000,33.58327563,32.17344068,33.38908756,32.18373437,0,0
13.82000000,33.60480051,32.15943020,33.36035993,32.13570913,0,0
13.83000000,33.58328750,32.08838446,33.36225514,32.15186765,0,0
13.84000000,33.51890462,32.03304518,33.23520060,32.13507289,0,0
13.85000000,33.47885867,32.04004066,33.30398446,32.10956634,0,0
13.86000000,33.50683524,32.04236981,33.25075166,32.10253812,0,0
13.87000000,33.52040011,32.06517453,33.28540345,32.09187685,0,0
13.88000000,33.46570238,32.03443819,33.29140752,32.07331327,0,0
13.89000000,33.48403800,32.01337733,33.30341169,32.04967083,0,0
13.90000000,33.46930493,32.00265529,33.26507336,32.00516763,0,0
13.91000000,33.44652498,31.98358588,33.22201195,31.95921587,0,0
13.92000000,33.42333816,32.00207412,33.16818216,31.92525299,0,0
13.93000000,33.39142914,31.98713213,33.16793407,31.90436978,0,0
13.94000000,33.35097282,31.98792631,33.18492232,31.87829492,0,0
13.95000000,33.35707478,31.94012669,33.13132019,31.92798537,0,0
13.96000000,33.38888823,31.91891629,33.11773319,31.95766170,0,0
13.97000000,33.39301511,31.92952172,33.10527178,31.93607533,0,0
13.98000000,33.34291066,31.88922304,33.09542486,31.87382732,0,0
13.99000000,33.25618633,31.84733473,33.09470153,31.84674437,0,0
14.00000000,33.30325214,31.82841425,33.05798179,31.81324022,0,0
14.01000000,33.34709054,31.84307571,33.11370946,31.80859791,0,0
14.02000000,33.33059012,31.79399387,33.08378048,31.78673956,0,0
14.03000000,33.28927682,31.73965838,32.96115418,31.74543238,0,0
14.04000000,33.22624979,31.78235018,32.98436563,31.73133932,0,0
14.05000000,33.24499657,31.75057105,32.93207455,31.67768610,0,0
14.06000000,33.22738206,31.75992388,32.96093575,31.70511942,0,0
14.07000000,33.21935386,31.75770166,32.97949880,31.69644315,0,0
14.08000000,33.23750456,31.71708378,32.98423689,31.69703677,0,0
14.09000000,33.21555660,31.67794551,32.93800024,31.65692903,0,0
14.10000000,33.13166810,31.64934524,32.92757045,31.65077225,0,0
14.11000000,33.08193982,31.65143875,32.84189317,31.61412894,0,0
14.12000000,33.09159855,31.67874097,32.87395491,31.58768641,0,0
14.13000000,33.11002041,31.64477071,32.88714892,31.56660638,0,0
14.14000000,33.17163536,31.64840415,32.89802823,31.57264406,0,0
14.15000000,33.14444459,31.58821986,32.87551365,31.63826810,0,0
14.16000000,33.10612194,31.59779557,32.88765760,31.62369847,0,0
14.17000000,32.98152455,31.58193277,32.87877019,31.59153204,0,0
14.18000000,33.01479317,31.56101737,32.82001482,31.50897127,0,0
14.19000000,33.17137126,31.55136697,32.88658908,31.49222436,0,0
14.20000000,33.11131086,31.51137660,32.82838064,31.47964649,0,0
14.21000000,33.00025449,31.51405504,32.85978922,31.44561383,0,0
14.22000000,32.97767470,31.44758050,32.63211342,31.41513860,0,0
14.23000000,32.97641812,31.41531784,32.78809256,31.44844633,0,0
14.24000000,33.20212712,31.47093580,32.68391589,31.42208820,0,0
14.25000000,33.04032803,31.47149210,32.75351844,31.40337805,0,0
14.26000000,32.98360846,31.41293806,32.76855580,31.33693002,0,0
14.27000000,32.90501244,31.40230130,32.73523783,31.38463010,0,0
14.28000000,32.99928735,31.35031735,32.74876932,31.34076419,0,0
14.29000000,32.98976812,31.36041285,32.73503602,31.31798422,0,0
14.30000000,33.06366520,31.29223591,32.71195457,31.29642338,0,0
14.31000000,32.92891892,31.33218448,32.66938085,31.28253309,0,0
14.32000000,32.87452926,31.35050496,32.70906691,31.27033517,0,0
14.33000000,32.85909784,31.33603082,32.63235485,31.22195632,0,0
14.34000000,32.92533261,31.28832416,32.65957762,31.18568105,0,0
14.35000000,32.92384930,31.16948563,32.66117884,31.26903394,0,0
14.36000000,32.89874553,31.25136118,32.68612559,31.24515893,0,0
14.37000000,32.78225666,31.27515887,32.67242705,31.28376269,0,0
14.38000000,32.86829815,31.28596565,32.62996569,31.24801310,0,0
14.39000000,32.88444006,31.20688559,32.57647656,31.17698162,0,0
14.40000000,32.88078685,31.17733087,32.64786067,31.16304694,0,0
14.41000000,32.80595687,31.16164513,32.58919438,31.09995207,0,0
14.42000000,32.78642967,31.16411705,32.57389201,31.15375965,0,0
14.43000000,32.80286536,31.13708591,32.54897878,31.15376063,0,0
14.44000000,32.77245649,31.11639058,32.46676742,31.13700770,0,0
14.45000000,32.77980655,31.09983370,32.53727538,31.12366789,0,0
14.46000000,32.88726488,31.10438202,32.56194173,31.08493901,0,0
14.47000000,32.88200823,31.08809928,32.58291897,31.09334800,0,0
14.48000000,32.77311324,31.06902152,32.51503855,31.04884557,0,0
14.49000000,32.67866159,31.07233346,32.45216738,31.02990985,0,0
14.50000000,32.65968952,31.02523306,32.42733400,30.98919679,0,0
14.51000000,32.73371379,31.01933284,32.49225009,30.94542020,0,0
14.52000000,32.70577609,30.98073543,32.49521634,30.90849041,0,0
14.53000000,32.67501059,30.98050982,32.41696471,30.90932178,0,0
14.54000000,32.61079117,31.00812686,32.38538954,30.90197471,0,0
14.55000000,32.60815711,31.01353299,32.41512919,30.96307873,0,0
14.56000000,32.65919454,30.98416341,32.44829214,30.93230633,0,0
14.57000000,32.64376434,30.93472137,32.42774166,30.90456060,0,0
14.58000000,32.60373308,30.86887274,32.41286906,30.88390198,0,0
14.59000000,32.55950818,30.87547951,32.42589479,30.83753080,0,0
14.60000000,32.56352358,30.91746918,32.33997332,30.84469586,0,0
14.61000000,32.53644839,30.87978180,32.30792351,30.82584532,0,0
14.62000000,32.58427387,30.80319597,32.36069781,30.79379072,0,0
14.63000000,32.53810770,30.72870522,32.28536912,30.79067224,0,0
14.64000000,32.52225640,30.77714672,32.34433658,30.81805863,0,0
14.65000000,32.52730666,30.77526235,32.32893087,30.77052563,0,0
14.66000000,32.44811649,30.83674651,32.33855038,30.75955934,0,0
14.67000000,32.41239377,30.81771574,32.30951526,30.76324824,0,0
14.68000000,32.40911196,30.82111932,32.33220393,30.69576018,0,0
14.69000000,32.50375623,30.76040149,32.12785181,30.68060684,0,0
14.70000000,32.43593356,30.66339520,32.15333034,30.69918125,0,0
14.71000000,32.46030670,30.63726580,31.97986764,30.71131641,0,0
14.72000000,32.40026185,30.67406555,32.09986516,30.63818052,0,0
14.73000000,32.37556727,30.76335105,32.05447763,30.69119129,0,0
14.74000000,32.40846585,30.78827937,32.18763115,30.59739008,0,0
14.75000000,32.36856508,30.69018039,32.17752220,30.65810186,0,0
14.76000000,32.28235273,30.54136974,32.11013462,30.66104329,0,0
14.77000000,32.33778345,30.61955310,32.13641317,30.68020187,0,0
14.78000000,32.30035075,30.69952076,32.17089744,30.66995138,0,0
14.79000000,32.33219983,30.74326979,32.21939813,30.61030743,0,0
14.80000000,32.29892424,30.66135177,32.05072012,30.56094074,0,0
14.81000000,32.34034811,30.58159940,32.07907296,30.54207721,0,0
14.82000000,32.24815927,30.57581257,32.00201461,30.49759120,0,0
14.83000000,32.21081375,30.57940155,32.04008319,30.56766571,0,0
14.84000000,32.21621086,30.56886191,32.05769106,30.54987336,0,0
14.85000000,32.23691621,30.56295809,32.09598688,30.60040264,0,0
14.86000000,32.27718714,30.56337238,31.99490575,30.54553425,0,0
14.87000000,32.18925109,30.55613296,31.94676428,30.51629254,0,0
14.88000000,32.18807548,30.58669290,31.93289524,30.57433460,0,0
14.89000000,32.19964832,30.54368341,31.94215203,30.51602815,0,0
14.90000000,32.24176738,30.50757195,31.98794041,30.49770761,0,0
14.91000000,32.23470017,30.48330676,32.03338054,30.49186024,0,0
14.92000000,32.20215294,30.53728836,32.01932874,30.45908472,0,0
14.93000000,32.13828026,30.59483471,31.97706649,30.40532481,0,0
14.94000000,32.12437385,30.58173633,32.01088444,30.39936741,0,0
14.95000000,32.14358130,30.56465014,31.91202939,30.37693564,0,0
14.96000000,32.23192700,30.52077153,31.87064483,30.43262352,0,0
14.97000000,32.22743577,30.50029373,31.87489081,30.47709209,0,0
14.98000000,32.10387306,30.50284559,31.89312158,30.47409733,0,0
14.99000000,32.06717796,30.46035075,31.88188737,30.45500207,0,0
15.00000000,32.06007641,30.46561976,31.83251600,30.40086888,0,0
15.01000000,32.14329377,30.50342674,31.82503267,30.40404420,0,0
15.02000000,32.12479982,30.51864010,31.78277214,30.37524063,0,0
15.03000000,32.06598371,30.44925650,31.79975386,30.39672883,0,0
15.04000000,32.04651710,30.41041511,31.82712106,30.34415409,0,0
15.05000000,32.01048968,30.40551352,31.80555785,30.32981042,0,0
15.06000000,31.97947779,30.36963764,31.77240873,30.30438456,0,0
15.07000000,31.97336484,30.35134317,31.75168946,30.29122158,0,0
15.08000000,31.98106029,30.35774592,31.68991363,30.33146627,0,0
15.09000000,32.01259904,30.37322707,31.73349282,30.27842756,0,0
15.10000000,31.95196596,30.36731898,31.73443188,30.25716782,0,0
15.11000000,31.92325750,30.34347405,31.73394446,30.23974842,0,0
15.12000000,31.88715274,30.33768372,31.70353778,30.25491658,0,0
15.13000000,31.90053406,30.32064617,31.70609386,30.23426878,0,0
15.14000000,31.88297156,30.33110059,31.68322723,30.24483626,0,0
15.15000000,31.82857015,30.30046033,31.59512605,30.17053713,0,0
15.16000000,31.88159784,30.24834571,31.66355669,30.20541988,0,0
15.17000000,31.82847574,30.18397709,31.58618574,30.27120046,0,0
15.18000000,31.87563328,30.23395311,31.70776258,30.24626513,0,0
15.19000000,31.80351984,30.18824883,31.58741257,30.26459271,0,0
15.20000000,31.79518489,30.16399607,31.54910131,30.17537494,0,0
15.21000000,31.72693484,30.15339170,31.56395264,30.11183725,0,0
15.22000000,31.70461402,30.22432493,31.50370660,30.14804590,0,0
15.23000000,31.72636324,30.13235862,31.51080975,30.06677999,0,0
15.24000000,31.65958643,30.08026785,31.58656187,30.06546326,0,0
15.25000000,31.66484597,29.95443569,31.49456845,30.10822237,0,0
15.26000000,31.62248732,30.04512214,31.53407372,30.11817600,0,0
15.27000000,31.63403136,30.09096212,31.38911126,30.09824363,0,0
15.28000000,31.59958239,30.10327114,31.38329025,30.04496801,0,0
15.29000000,31.49101364,29.99702135,31.38803792,30.06979204,0,0
15.30000000,31.49919755,29.93577924,31.40624896,29.93446540,0,0
15.31000000,31.54943577,29.99166653,31.38598910,30.01097979,0,0
15.32000000,31.60133879,29.95965468,31.32191750,29.94003178,0,0
15.33000000,31.57277004,29.95880268,31.30754426,29.94094601,0,0
15.34000000,31.48644895,29.94824830,31.33447887,29.90528831,0,0
15.35000000,31.42965667,29.87943425,31.26726674,29.90052134,0,0
15.36000000,31.48501180,29.88033070,31.33993132,29.88006069,0,0
15.37000000,31.45656586,29.89173383,31.24615474,29.85488143,0,0
15.38000000,31.47595421,29.79386775,31.30727106,29.90195827,0,0
15.39000000,31.42652673,29.76503425,31.19428412,29.84567132,0,0
15.40000000,31.35661996,29.71494487,31.10940038,29.83784941,0,0
15.41000000,31.16608851,29.77237792,31.17136069,29.81334200,0,0
15.42000000,31.25186412,29.82328179,31.09666217,29.78378937,0,0
15.43000000,31.30317255,29.91664743,31.13606933,29.81371419,0,0
15.44000000,31.39506024,29.79781518,31.12106141,29.76293399,0,0
15.45000000,31.34548077,29.67179601,31.05590505,29.72903089,0,0
15.46000000,31.23239862,29.61179387,31.06336736,29.74408408,0,0
15.47000000,31.16679840,29.68027244,31.00982906,29.74733056,0,0
15.48000000,31.17101928,29.75810405,30.95187490,29.66510886,0,0
15.49000000,31.16913697,29.73173607,30.92332787,29.64116950,0,0
15.50000000,31.15677443,29.65810434,30.97262227,29.64372946,0,0
15.51000000,31.22293797,29.59537790,30.96942180,29.58327029,0,0
15.52000000,31.22300399,29.62825066,30.98387984,29.57695185,0,0
15.53000000,31.19684375,29.61767697,30.97712975,29.58226763,0,0
15.54000000,31.06107940,29.57880100,30.94606932,29.52402416,0,0
15.55000000,31.02858558,29.53813647,30.90826177,29.52257576,0,0
15.56000000,31.03025077,29.55804546,30.92031974,29.51840386,0,0
15.57000000,31.10455886,29.59308196,30.87997800,29.49553442,0,0
15.58000000,31.12489190,29.55113691,30.84547300,29.48249764,0,0
15.59000000,31.00877270,29.46770341,30.78763128,29.47353845,0,0
15.60000000,30.93838419,29.45825169,30.69691867,29.49413428,0,0
15.61000000,30.94397640,29.47744548,30.76101320,29.52649466,0,0
15.62000000,30.95595306,29.41763192,30.74478070,29.46912362,0,0
15.63000000,31.03190820,29.39056127,30.73848360,29.43576363,0,0
15.64000000,30.97521008,29.40221195,30.73989153,29.38944156,0,0
15.65000000,30.90575415,29.37867135,30.75391205,29.37111920,0,0
15.66000000,30.82857735,29.39427924,30.77216124,29.41810174,0,0
15.67000000,30.73142661,29.38996314,30.84049298,29.41704849,0,0
15.68000000,30.74965181,29.30157543,30.68329805,29.40820932,0,0
15.69000000,30.75994058,29.27106188,30.69914665,29.33660996,0,0
15.70000000,30.81821771,29.24110090,30.52511777,29.21394069,0,0
15.71000000,30.93821764,29.29227281,30.46622860,29.21001337,0,0
15.72000000,30.86106377,29.29469704,30.49414541,29.17782658,0,0
15.73000000,30.82618032,29.24060288,30.51963634,29.14932451,0,0
15.74000000,30.66620680,29.21486928,30.57961949,29.14454723,0,0
15.75000000,30.66300817,29.17518978,30.54582850,29.13160298,0,0
15.76000000,30.69297135,29.13078665,30.41325830,29.12353392,0,0
15.77000000,30.59632836,29.19831041,30.44951179,29.12055147,0,0
15.78000000,30.53946115,29.17086588,30.31019145,29.15944956,0,0
15.79000000,30.61785835,29.24405827,30.43873880,29.03289725,0,0
15.80000000,30.80149124,29.15510447,30.27614441,29.11453993,0,0
15.81000000,30.75678864,29.12100133,30.29359835,29.11888928,0,0
15.82000000,30.66743354,29.06711618,30.38581671,29.08952424,0,0
15.83000000,30.38020089,29.03342611,30.33780566,29.08287725,0,0
15.84000000,30.52063382,29.07831636,30.37570453,29.01159774,0,0
15.85000000,30.56156136,29.04843125,30.36349388,28.99380274,0,0
15.86000000,30.59928823,28.98803581,30.29630581,28.97664184,0,0
15.87000000,30.43663636,28.93769740,30.25895574,28.94322859,0,0
15.88000000,30.43171805,28.95639257,30.26699007,29.00388804,0,0
15.89000000,30.43044170,28.91893831,30.21813528,28.97985536,0,0
15.90000000,30.41418714,28.94550175,30.20981491,28.94434056,0,0
15.91000000,30.40600420,28.88223868,30.24358194,28.88281031,0,0
15.92000000,30.44835213,28.83981944,30.30716583,28.89043274,0,0
15.93000000,30.47596698,28.87774073,30.22129976,28.86871318,0,0
15.94000000,30.41099063,28.87278821,30.26952634,28.84094493,0,0
15.95000000,30.31746060,28.88156275,30.30719083,28.78527099,0,0
15.96000000,30.32419821,28.77171016,30.20834186,28.76896409,0,0
15.97000000,30.41005034,28.72348409,30.17569132,28.77308381,0,0
15.98000000,30.39817368,28.73096797,30.02873966,28.81879581,0,0
15.99000000,30.38146225,28.74300530,30.01291600,28.81518693,0,0
16.00000000,30.25293929,28.76098428,30.05464672,28.77461017,0,0
16.01000000,30.28212480,28.76038148,30.00319585,28.71025277,0,0
16.02000000,30.32243807,28.72088491,30.08001721,28.73306095,0,0
16.03000000,30.30767959,28.68066356,30.10366289,28.70444041,0,0
16.04000000,30.22496624,28.66433802,30.05564850,28.70125903,0,0
16.05000000,30.22142411,28.59611274,30.02115090,28.66068480,0,0
16.06000000,30.24110129,28.61103417,29.89760696,28.55297363,0,0
16.07000000,30.20134603,28.62390456,29.86042444,28.47268040,0,0
16.08000000,30.13292918,28.62450910,29.81215689,28.40819839,0,0
16.09000000,30.08647789,28.57540607,29.83432251,28.41975997,0,0
16.10000000,30.07918167,28.52458241,29.87005944,28.43896556,0,0
16.11000000,30.03765318,28.50004595,29.89880245,28.51248883,0,0
16.12000000,30.04542559,28.49056036,29.88041789,28.57223944,0,0
16.13000000,30.01481053,28.46120735,29.82647737,28.52952731,0,0
16.14000000,30.03571587,28.44561459,29.81157857,28.51759401,0,0
16.15000000,29.98260750,28.40077942,29.84704000,28.52813560,0,0
16.16000000,29.92185710,28.36939032,29.83876459,28.47593691,0,0
16.17000000,29.92878753,28.41802447,29.82465018,28.40584939,0,0
16.18000000,29.94603224,28.43330169,29.78668764,28.39459884,0,0
16.19000000,29.93649911,28.38031378,29.75116412,28.36062390,0,0
16.20000000,29.90326677,28.32844084,29.72578699,28.34672184,0,0
16.21000000,29.85215157,28.31328906,29.73821165,28.29552144,0,0
16.22000000,29.87887827,28.34327404,29.56646116,28.29488879,0,0
16.23000000,29.87164115,28.37683350,29.70499261,28.23411160,0,0
16.24000000,29.85290300,28.31718502,29.64003111,28.31156447,0,0
16.25000000,29.78033661,28.25339148,29.56396438,28.28506433,0,0
16.26000000,29.76668457,28.23829200,29.64436674,28.28169992,0,0
16.27000000,29.78561832,28.25493890,29.59055995,28.26806794,0,0
16.28000000,29.71338264,28.24429370,29.62670079,28.20997256,0,0
16.29000000,29.76756817,28.21359402,29.56826666,28.16333422,0,0
16.30000000,29.74048843,28.16940027,29.53179731,28.12801188,0,0
16.31000000,29.72745147,28.15484323,29.43031770,28.11122487,0,0
16.32000000,29.65924937,28.17602246,29.47492184,28.09706422,0,0
16.33000000,29.62053290,28.14567520,29.42504724,28.15503298,0,0
16.34000000,29.61754109,28.14089885,29.44006496,28.15284078,0,0
16.35000000,29.64070766,28.09815887,29.39424751,28.11325035,0,0
16.36000000,29.64193968,28.06061015,29.35975216,28.04402440,0,0
16.37000000,29.53931259,28.02683512,29.44575925,28.11667832,0,0
16.38000000,29.57537757,28.06729081,29.38603345,28.00008025,0,0
16.39000000,29.58597298,28.03758802,29.41888266,27.96976789,0,0
16.40000000,29.59865201,28.01440375,29.37727786,27.94154755,0,0
16.41000000,29.53869059,27.99534147,29.31116361,27.89851694,0,0
16.42000000,29.52824948,27.98044369,29.38460793,27.94433617,0,0
16.43000000,29.43000758,27.97675499,29.24693392,27.92302247,0,0
16.44000000,29.48082633,27.95209009,29.17899101,27.92259160,0,0
16.45000000,29.44470134,27.94261531,29.27288457,27.86137526,0,0
16.46000000,29.44965892,27.93649958,29.19514138,27.85692067,0,0
16.47000000,29.43494617,27.88601846,29.23773901,27.89473183,0,0
16.48000000,29.37358517,27.88083415,29.21269453,27.88230468,0,0
16.49000000,29.39257485,27.87769561,29.20603892,27.89582896,0,0
16.50000000,29.35179507,27.84227629,29.16500705,27.84964949,0,0
16.51000000,29.32432079,27.82848578,29.13569235,27.77030983,0,0
16.52000000,29.30369672,27.81584156,29.01906708,27.75039058,0,0
16.53000000,29.33339501,27.79963846,29.03643348,27.71244722,0,0
16.54000000,29.36643651,27.75091582,29.02871467,27.72655457,0,0
16.55000000,29.30497258,27.68740003,29.04913492,27.72872062,0,0
16.56000000,29.21383789,27.68506322,29.02873921,27.71480282,0,0
16.57000000,29.20187369,27.69760024,28.99648105,27.67873670,0,0
16.58000000,29.20554750,27.68574258,29.01879417,27.63638020,0,0
16.59000000,29.25491276,27.63607607,29.02555131,27.64784676,0,0
16.60000000,29.27166076,27.58895449,28.98440833,27.64646709,0,0
16.61000000,29.20815707,27.62851486,29.02100134,27.58409109,0,0
16.62000000,29.19540621,27.65388627,28.93037930,27.53817649,0,0
16.63000000,29.17017204,27.64793267,28.99759602,27.50639227,0,0
16.64000000,29.12090250,27.53750542,28.96159699,27.47956809,0,0
16.65000000,29.16139108,27.54651533,28.81852675,27.49692031,0,0
16.66000000,29.13934035,27.54441906,28.85267762,27.50212421,0,0
16.67000000,29.16748445,27.55529135,28.86028657,27.43560899,0,0
16.68000000,29.11998089,27.56264345,28.83516905,27.40478322,0,0
16.69000000,29.11258853,27.45517592,28.92287188,27.46686923,0,0
16.70000000,29.09852992,27.47469951,28.86792133,27.45956669,0,0
16.71000000,29.04863694,27.56507449,28.84607977,27.44915111,0,0
16.72000000,29.06470291,27.58667647,28.86219491,27.46736604,0,0
16.73000000,29.05132640,27.52796858,28.83446641,27.39415217,0,0
16.74000000,29.09333722,27.47827044,28.81275084,27.34762592,0,0
16.75000000,29.03340064,27.46523523,28.73618177,27.39808043,0,0
16.76000000,29.06822244,27.48363632,28.76839261,27.33291375,0,0
16.77000000,29.00602744,27.46043574,28.73694763,27.33622695,0,0
16.78000000,29.03578633,27.40997175,28.78331467,27.32907095,0,0
16.79000000,29.02003159,27.40728950,28.75544101,27.33842731,0,0
16.80000000,29.00008384,27.43603160,28.79499211,27.35022797,0,0
16.81000000,28.99829355,27.45419868,28.68158022,27.31506224,0,0
16.82000000,29.08876442,27.44944241,28.67716252,27.33677673,0,0
16.83000000,28.99231638,27.40693339,28.73514624,27.31305668,0,0
16.84000000,29.05635737,27.40276564,28.72473611,27.27960839,0,0
16.85000000,28.99676807,27.39274220,28.79462168,27.28560416,0,0
16.86000000,28.86318352,27.38074665,28.79253703,27.28033273,0,0
16.87000000,28.94415738,27.31816476,28.58716184,27.29660947,0,0
16.88000000,28.93715529,27.33965000,28.73455501,27.25920721,0,0
16.89000000,28.95685315,27.41910742,28.70283704,27.27145177,0,0
16.90000000,29.01486383,27.39785872,28.69268813,27.29059685,0,0
16.91000000,28.98984551,27.42268357,28.78953725,27.23683212,0,0
16.92000000,28.97902732,27.32497452,28.72852679,27.32444227,0,0
16.93000000,28.89000065,27.39720366,28.73385479,27.33176200,0,0
16.94000000,28.87831492,27.39331329,28.67747836,27.28064145,0,0
16.95000000,28.89239937,27.34394648,28.67860056,27.32054458,0,0
16.96000000,28.91922077,27.28355481,28.60723543,27.26014539,0,0
16.97000000,28.91907865,27.26914760,28.60914709,27.25499350,0,0
16.98000000,28.87914514,27.26189845,28.64714963,27.23540587,0,0
16.99000000,28.87777069,27.31310985,28.66370632,27.22669878,0,0
17.00000000,28.88926222,27.35266586,28.67819864,27.19780934,0,0
17.01000000,28.89618807,27.32458563,28.62169883,27.18450174,0,0
17.02000000,28.87831719,27.28659140,28.63456974,27.19129158,0,0
17.03000000,28.96273080,27.28927111,28.61512061,27.20028360,0,0
17.04000000,28.97024620,27.30276124,28.64862157,27.18106997,0,0
17.05000000,28.91780083,27.29169621,28.62613884,27.19695102,0,0
17.06000000,28.84926626,27.25637071,28.61903505,27.20678699,0,0
17.07000000,28.80739121,27.20473510,28.63194581,27.16340375,0,0
17.08000000,28.88330890,27.21911308,28.59236390,27.11731757,0,0
17.09000000,28.89773311,27.24542163,28.55609099,27.11446530,0,0
17.10000000,28.83657865,27.24275572,28.61250582,27.11077474,0,0
17.11000000,28.82247210,27.23652058,28.53646351,27.10001549,0,0
17.12000000,28.82478828,27.18518869,28.53298424,27.09428953,0,0
17.13000000,28.85434087,27.15764721,28.57369258,27.09836462,0,0
17.14000000,28.80391026,27.17824058,28.63987364,27.07390392,0,0
17.15000000,28.77396250,27.20286603,28.60923827,27.13136402,0,0
17.16000000,28.73627954,27.24790428,28.57250981,27.13432062,0,0
17.17000000,28.79672670,27.14709623,28.52175845,27.12816887,0,0
17.18000000,28.69283603,27.05767976,28.47281418,27.12901487,0,0
17.19000000,28.66830451,26.98836650,28.48491079,27.10073172,0,0
17.20000000,28.69536168,27.07308110,28.52534422,27.06878811,0,0
17.21000000,28.70389029,27.11213647,28.54553802,27.04646777,0,0
17.22000000,28.79663709,27.15498585,28.49731476,26.95059200,0,0
17.23000000,28.68981174,27.12675275,28.47144266,26.95025747,0,0
17.24000000,28.67689201,27.02922708,28.52120982,26.97568171,0,0
17.25000000,28.71848657,27.03367970,28.49448394,27.05306763,0,0
17.26000000,28.75873535,27.10081780,28.54036671,27.04648604,0,0
17.27000000,28.75986870,27.08619094,28.50315900,26.98211383,0,0
17.28000000,28.64666916,27.08416837,28.41015695,26.94977056,0,0
17.29000000,28.63881735,27.05763080,28.51736177,26.98827525,0,0
17.30000000,28.66237685,27.01492177,28.47444176,26.91808052,0,0
17.31000000,28.71193816,27.04528812,28.33839622,26.99637467,0,0
17.32000000,28.63626097,27.05957674,28.38212530,26.90698899,0,0
17.33000000,28.61868236,27.06575849,28.32782068,26.92295220,0,0
17.34000000,28.62723124,27.09468286,28.37762494,26.89477165,0,0
17.35000000,28.64326711,27.06689749,28.45546279,26.90695105,0,0
17.36000000,28.59365602,27.04661039,28.49297717,26.97945527,0,0
17.37000000,28.54471345,27.00993778,28.40091264,26.91207551,0,0
17.38000000,28.52025140,27.00946542,28.40630616,26.91603764,0,0
17.39000000,28.60969829,26.95826570,28.35100714,26.99727819,0,0
17.40000000,28.55560726,27.05015691,28.30606605,26.87391328,0,0
17.41000000,28.54027540,26.97592665,28.29880705,26.96982714,0,0
17.42000000,28.49491536,26.97733269,28.29888910,26.96398861,0,0
17.43000000,28.51735120,26.96284521,28.31185495,26.92445047,0,0
17.44000000,28.53387739,27.00795986,28.24962568,26.92886702,0,0
17.45000000,28.45662283,26.97791848,28.24446379,26.90772283,0,0
17.46000000,28.46063303,27.00484994,28.23382352,26.81790606,0,0
17.47000000,28.47876835,26.90930880,28.27005953,26.85491780,0,0
17.48000000,28.51123611,26.86982640,28.23612949,26.86553358,0,0
17.49000000,28.46784227,26.93943645,28.22544837,26.89034572,0,0
17.50000000,28.47812482,26.94520729,28.25400314,26.87054967,0,0
17.51000000,28.38005181,26.92211086,28.20486881,26.83560061,0,0
17.52000000,28.43194402,26.90376823,28.22461550,26.85505841,0,0
17.53000000,28.48555821,26.91946245,28.12151564,26.85219656,0,0
17.54000000,28.43272664,26.95820831,28.14105379,26.80736538,0,0
17.55000000,28.33562970,26.88045960,28.17585362,26.80881060,0,0
17.56000000,28.33388035,26.86824382,28.15772461,26.81185003,0,0
17.57000000,28.39902323,26.80262593,28.22828657,26.79698530,0,0
17.58000000,28.39833868,26.87722134,28.20376701,26.79567755,0,0
17.59000000,28.33101231,26.87992975,28.17198239,26.79600603,0,0
17.60000000,28.26220140,26.90098493,28.10980169,26.78224111,0,0
17.61000000,28.29514580,26.85904855,28.11421975,26.77446296,0,0
17.62000000,28.36606794,26.81402454,28.09962060,26.77370186,0,0
17.63000000,28.39560838,26.83333120,28.04643255,26.78475528,0,0
17.64000000,28.32178037,26.88068253,28.06833203,26.77027245,0,0
17.65000000,28.28643216,26.82277149,28.04687958,26.72975486,0,0
17.66000000,28.29984188,26.79705342,28.06573712,26.68179987,0,0
17.67000000,28.31584504,26.74395314,27.99888933,26.65968795,0,0
17.68000000,28.27766487,26.76329841,27.99565931,26.66980685,0,0
17.69000000,28.26510396,26.77513795,28.02311751,26.69818797,0,0
17.70000000,28.25476350,26.75594903,28.05277831,26.70705477,0,0
17.71000000,28.26442967,26.70799571,28.11379241,26.74646909,0,0
17.72000000,28.27970581,26.70675372,28.02895840,26.72770953,0,0
17.73000000,28.25193030,26.66905168,28.03952611,26.69637952,0,0
17.74000000,28.18127588,26.70954615,28.04963414,26.66613676,0,0
17.75000000,28.23776932,26.73709042,27.95179129,26.65728478,0,0
17.76000000,28.22187392,26.70881714,27.99144482,26.65433945,0,0
17.77000000,28.22363293,26.69447629,27.99149300,26.60409488,0,0
17.78000000,28.17236480,26.68012285,27.91866720,26.57011993,0,0
17.79000000,28.13522332,26.71459050,27.94724839,26.58010242,0,0
17.80000000,28.11292490,26.68337328,27.97523464,26.62514630,0,0
17.81000000,28.16756072,26.67144751,28.01027258,26.60108897,0,0
17.82000000,28.21798854,26.67984050,27.95670239,26.61368117,0,0
17.83000000,28.20395903,26.63100880,27.92070447,26.58191534,0,0
17.84000000,28.14770614,26.73370828,27.91538582,26.56744699,0,0
17.85000000,28.12076879,26.69025759,27.90854270,26.57297069,0,0
17.86000000,28.17338549,26.68169847,27.87628772,26.63215807,0,0
17.87000000,28.14859893,26.65283359,27.90655498,26.58709282,0,0
17.88000000,28.16860307,26.62160270,27.83937474,26.62822421,0,0
17.89000000,28.02418085,26.59745091,27.93881704,26.57090137,0,0
17.90000000,28.03710030,26.66563013,27.82255767,26.46747889,0,0
17.91000000,28.06999545,26.56682543,27.92664391,26.49507105,0,0
17.92000000,28.13412776,26.62154182,27.75376949,26.45297381,0,0
17.93000000,28.13454251,26.53348784,27.89603569,26.45718588,0,0
17.94000000,28.08745618,26.59525576,27.84342475,26.46723703,0,0
17.95000000,27.96705322,26.56501320,27.85041847,26.48843801,0,0
17.96000000,27.97633218,26.55899223,27.82284618,26.53418962,0,0
17.97000000,28.04227759,26.51964391,27.81075192,26.47667967,0,0
17.98000000,28.12618528,26.50482493,27.68595719,26.50135169,0,0
17.99000000,28.06126981,26.47551593,27.75548034,26.52390380,0,0
18.00000000,27.99863078,26.52107454,27.79946794,26.53221052,0,0
18.01000000,27.96583766,26.54011723,27.81599727,26.48953499,0,0
18.02000000,28.01747226,26.61006276,27.82356827,26.47269475,0,0
18.03000000,28.04092032,26.53550355,27.91340722,26.44482210,0,0
18.04000000,28.03621131,26.51079681,27.81384834,26.47283523,0,0
18.05000000,28.00474850,26.51045980,27.77420433,26.45413370,0,0
18.06000000,27.98179831,26.55613950,27.74804550,26.51217128,0,0
18.07000000,27.96145184,26.55282891,27.77983659,26.45627754,0,0
18.08000000,28.00101341,26.50590844,27.76487926,26.40221401,0,0
18.09000000,28.05062041,26.46147285,27.83027574,26.42911620,0,0
18.10000000,28.10760468,26.48717964,27.75317533,26.39668128,0,0
18.11000000,27.99543883,26.52122255,27.67171803,26.43372192,0,0
18.12000000,27.83566672,26.51879271,27.65717331,26.45989534,0,0
18.13000000,27.84079274,26.47460986,27.68807069,26.41704448,0,0
18.14000000,27.97907051,26.42696149,27.75749402,26.36708219,0,0
18.15000000,28.13602853,26.46705246,27.74771555,26.38326856,0,0
18.16000000,28.00129503,26.51874190,27.71220069,26.36535124,0,0
18.17000000,27.89546473,26.49785486,27.65972120,26.33345966,0,0
18.18000000,27.80870484,26.38666537,27.70613348,26.35388947,0,0
18.19000000,27.95524488,26.40980900,27.79069136,26.36971879,0,0
18.20000000,28.04061528,26.43624331,27.69185832,26.37959221,0,0
18.21000000,28.01853039,26.40185788,27.65632721,26.35433834,0,0
18.22000000,27.94919181,26.46279106,27.58468288,26.32752971,0,0
18.23000000,27.89978541,26.48145178,27.61621195,26.36987369,0,0
18.24000000,27.93835698,26.48496348,27.67643491,26.33504848,0,0
18.25000000,27.88207290,26.41819981,27.77067479,26.31353565,0,0
18.26000000,27.86679740,26.40544963,27.79506795,26.34400240,0,0
18.27000000,27.89068363,26.35667248,27.72331221,26.33710315,0,0
18.28000000,27.88943625,26.43716541,27.59523631,26.32602472,0,0
18.29000000,27.87922003,26.43113965,27.61422599,26.33695379,0,0
18.30000000,27.85402107,26.39455955,27.63011963,26.35041683,0,0
18.31000000,27.86985462,26.38027049,27.69550852,26.24688174,0,0
18.32000000,27.90218826,26.35067942,27.64877364,26.29743295,0,0
18.33000000,27.94165203,26.34402809,27.63891075,26.32037784,0,0
18.34000000,27.88482418,26.41655302,27.59156863,26.32646382,0,0
18.35000000,27.84824029,26.32984298,27.59117713,26.31091648,0,0
18.36000000,27.88554568,26.33297116,27.66403612,26.34207922,0,0
18.37000000,27.86653148,26.28751637,27.66699858,26.30419675,0,0
18.38000000,27.88502127,26.34270748,27.67121968,26.23200410,0,0
18.39000000,27.84817012,26.31970580,27.56547196,26.28949144,0,0
18.40000000,27.86491094,26.33204124,27.61978520,26.18904483,0,0
18.41000000,27.80189541,26.24580866,27.64582422,26.22433898,0,0
18.42000000,27.89578612,26.28859603,27.69724444,26.20384230,0,0
18.43000000,27.86181149,26.34686623,27.53273807,26.23585647,0,0
18.44000000,27.83519134,26.36133604,27.56774704,26.26104794,0,0
18.45000000,27.91234117,26.26969742,27.57418400,26.23371843,0,0
18.46000000,27.86932722,26.21621400,27.54898015,26.17604193,0,0
18.47000000,27.87788902,26.25653687,27.58964122,26.26383598,0,0
18.48000000,27.74461102,26.30522781,27.58244190,26.21249028,0,0
18.49000000,27.76311404,26.33916381,27.56134766,26.16543261,0,0
18.50000000,27.79533541,26.28773705,27.59681736,26.15569804,0,0
18.51000000,27.85912068,26.24002194,27.61125838,26.15747716,0,0
18.52000000,27.78653030,26.20759777,27.56986988,26.14884963,0,0
18.53000000,27.77468265,26.24248633,27.54974259,26.15737374,0,0
18.54000000,27.80011461,26.25958823,27.53166140,26.11881062,0,0
18.55000000,27.79805820,26.29619238,27.57691943,26.07650973,0,0
18.56000000,27.83776737,26.29736464,27.57090994,26.05104707,0,0
18.57000000,27.72041079,26.25042127,27.53259393,26.14006929,0,0
18.58000000,27.70388360,26.24434665,27.52854951,26.17754800,0,0
18.59000000,27.78469760,26.21303928,27.56206609,26.18891861,0,0
18.60000000,27.82801586,26.16183277,27.53862284,26.20537133,0,0
18.61000000,27.80478111,26.17578530,27.56343689,26.17112081,0,0
18.62000000,27.75110435,26.24252098,27.56291704,26.09004492,0,0
18.63000000,27.71963582,26.26079010,27.51344506,26.12036410,0,0
18.64000000,27.71960563,26.25216644,27.53160000,26.09854230,0,0
18.65000000,27.77945395,26.17416573,27.55298238,26.08429988,0,0
18.66000000,27.75643729,26.13430404,27.46940134,26.11695224,0,0
18.67000000,27.74525271,26.18341301,27.46232557,26.11833583,0,0
18.68000000,27.69236707,26.22256792,27.43209088,26.13257078,0,0
18.69000000,27.72115402,26.19413141,27.41005784,26.09039862,0,0
18.70000000,27.72549403,26.14619042,27.46476462,26.08373578,0,0
18.71000000,27.74454417,26.11510043,27.51632641,26.10504659,0,0
18.72000000,27.67205747,26.12258331,27.52086131,26.06265936,0,0
18.73000000,27.69059555,26.21040407,27.49283695,26.06894342,0,0
18.74000000,27.64775523,26.22177171,27.44956785,26.03614533,0,0
18.75000000,27.65976345,26.14591329,27.44743837,26.04705016,0,0
18.76000000,27.67606837,26.11416811,27.40619688,26.03275134,0,0
18.77000000,27.68576196,26.12453879,27.43901145,26.04940493,0,0
18.78000000,27.72540924,26.12772917,27.45669857,26.07625078,0,0
18.79000000,27.67030919,26.18095940,27.45496220,26.01385242,0,0
18.80000000,27.62740562,26.13654709,27.41720532,26.02259654,0,0
18.81000000,27.62268510,26.06142212,27.40611316,26.07203525,0,0
18.82000000,27.69468283,26.13724945,27.48560342,26.05616917,0,0
18.83000000,27.63646072,26.08862977,27.40809004,26.04564822,0,0
18.84000000,27.61551875,26.08897863,27.41254241,26.08180994,0,0
18.85000000,27.64075517,26.04006773,27.41498576,26.02395454,0,0
18.86000000,27.61721867,26.12863435,27.36778108,25.96307487,0,0
18.87000000,27.65931154,26.14568232,27.38688107,26.00472254,0,0
18.88000000,27.61741254,26.13952395,27.40168458,25.94233370,0,0
18.89000000,27.60693598,26.07517230,27.22316408,25.96645202,0,0
18.90000000,27.62333666,26.00832309,27.34346880,25.94028596,0,0
18.91000000,27.64069108,26.03460766,27.27175495,25.98918328,0,0
18.92000000,27.59225191,26.03217379,27.34117580,25.97474075,0,0
18.93000000,27.54444276,25.95142843,27.36651346,25.96505232,0,0
18.94000000,27.41833184,25.91884232,27.44468094,25.93876813,0,0
18.95000000,27.51785716,25.88720441,27.34958675,25.95940326,0,0
18.96000000,27.50772010,26.00150337,27.36515199,25.95119659,0,0
18.97000000,27.53171307,25.99099614,27.28292548,25.91093620,0,0
18.98000000,27.45815448,25.96941986,27.27082874,25.87302459,0,0
18.99000000,27.54159235,25.92120277,27.26354341,25.87930198,0,0
19.00000000,27.57760701,25.93811665,27.25942026,25.84727028,0,0
19.01000000,27.55689103,26.00959187,27.29012270,25.81352174,0,0
19.02000000,27.48004330,26.02457376,27.29471751,25.86432759,0,0
19.03000000,27.42068806,25.99549960,27.28830421,25.82340419,0,0
19.04000000,27.47336704,25.94609255,27.23127890,25.82479313,0,0
19.05000000,27.57164533,25.94595580,27.30001482,25.87603887,0,0
19.06000000,27.51756043,25.96158458,27.23371355,25.92915723,0,0
19.07000000,27.48553957,25.95142232,27.22457153,25.89454699,0,0
19.08000000,27.40703422,25.89795380,27.21690570,25.92145092,0,0
19.09000000,27.40684500,25.87966587,27.19411685,25.86114595,0,0
19.10000000,27.45517759,25.92363011,27.17447937,25.81035948,0,0
19.11000000,27.48809861,25.89979768,27.21710108,25.82723472,0,0
19.12000000,27.40651501,25.89361989,27.12858467,25.80053905,0,0
19.13000000,27.39771755,25.85777846,27.17524621,25.73991308,0,0
19.14000000,27.39938484,25.83237632,27.15625319,25.77933011,0,0
19.15000000,27.45424451,25.83757627,27.12172876,25.75238064,0,0
19.16000000,27.35778010,25.82519208,27.16766313,25.78105061,0,0
19.17000000,27.33769105,25.77925875,27.18092397,25.80560502,0,0
19.18000000,27.35030391,25.84454605,27.14615754,25.75402411,0,0
19.19000000,27.42853648,25.88106136,27.12895546,25.77805034,0,0
19.20000000,27.44183949,25.83105662,27.10833169,25.74973029,0,0
19.21000000,27.37547477,25.78837895,27.08716456,25.72681477,0,0
19.22000000,27.30089405,25.80741371,27.12294497,25.72272382,0,0
19.23000000,27.33372172,25.83750099,27.17428215,25.70978038,0,0
19.24000000,27.39316443,25.87245087,27.13974841,25.71484138,0,0
19.25000000,27.36287718,25.74616487,27.08899216,25.69375596,0,0
19.26000000,27.29265372,25.70770796,27.08116984,25.70524242,0,0
19.27000000,27.30824214,25.77051874,27.05293105,25.70572922,0,0
19.28000000,27.34862686,25.82766137,27.12071298,25.62114030,0,0
19.29000000,27.33250941,25.85022023,27.08341841,25.67120995,0,0
19.30000000,27.31253767,25.78605906,27.07870039,25.69665068,0,0
19.31000000,27.23808999,25.68675572,27.10938466,25.68765196,0,0
19.32000000,27.22456612,25.71479937,27.05640344,25.74162944,0,0
19.33000000,27.33361984,25.78423560,27.06161736,25.69181311,0,0
19.34000000,27.32235964,25.76227775,27.11139561,25.62964247,0,0
19.35000000,27.29953370,25.72841204,26.92672935,25.60681917,0,0
19.36000000,27.23504971,25.69643574,26.99292377,25.61079742,0,0
19.37000000,27.25729117,25.72431110,27.00743324,25.59230463,0,0
19.38000000,27.26375900,25.70526237,26.97304095,25.65489705,0,0
19.39000000,27.21650287,25.69508866,26.96754716,25.58773431,0,0
19.40000000,27.20449084,25.62484364,27.02992930,25.67407321,0,0
19.41000000,27.19355103,25.64084270,26.99516627,25.59599882,0,0
19.42000000,27.24999511,25.65621707,27.03442989,25.54748053,0,0
19.43000000,27.13938985,25.67833523,26.97042367,25.53334740,0,0
19.44000000,27.14556204,25.63441402,26.99873547,25.56026936,0,0
19.45000000,27.18138579,25.65415194,26.92369622,25.56694732,0,0
19.46000000,27.26264054,25.65038704,26.96390090,25.57209146,0,0
19.47000000,27.23106661,25.61852032,26.93854805,25.53247168,0,0
19.48000000,27.15141129,25.60924020,26.89179303,25.54104062,0,0
19.49000000,27.06888934,25.55092918,26.87682391,25.47601815,0,0
19.50000000,27.15489830,25.64735139,26.85488175,25.43814840,0,0
19.51000000,27.23753069,25.58029821,26.97267113,25.46569980,0,0
19.52000000,27.15157951,25.56822971,26.96312373,25.46600953,0,0
19.53000000,27.10453959,25.52100197,26.95029133,25.43664431,0,0
19.54000000,27.08229515,25.60530491,26.93315615,25.52265063,0,0
19.55000000,27.06468587,25.65455409,26.89855101,25.57755401,0,0
19.56000000,27.12004525,25.59047094,26.86678247,25.48318728,0,0
19.57000000,27.10813503,25.58074810,26.95229809,25.55954097,0,0
19.58000000,27.09984401,25.49156515,26.82149834,25.54439802,0,0
19.59000000,27.11210748,25.52644498,26.75072765,25.44689937,0,0
19.60000000,27.11604453,25.54628020,26.80813218,25.43198286,0,0
19.61000000,27.08692651,25.58221361,26.75990742,25.38673089,0,0
19.62000000,27.03440696,25.54031073,26.83860339,25.40451648,0,0
19.63000000,27.00178254,25.49793990,26.87876837,25.41801711,0,0
19.64000000,27.00109979,25.45272195,26.83437166,25.41778242,0,0
19.65000000,27.03989068,25.47166154,26.79180689,25.42548638,0,0
19.66000000,27.02286694,25.49212215,26.78739480,25.42959703,0,0
19.67000000,27.02348475,25.49320723,26.79780561,25.37066323,0,0
19.68000000,27.03418896,25.46824950,26.77694767,25.39721219,0,0
19.69000000,26.99786782,25.45602687,26.72647345,25.40282028,0,0
19.70000000,27.02495904,25.41841316,26.76018302,25.36670679,0,0
19.71000000,26.96361415,25.43099672,26.77145971,25.35167683,0,0
19.72000000,26.91592811,25.44243888,26.76418507,25.33145388,0,0
19.73000000,26.93490230,25.40837241,26.75895431,25.33663901,0,0
19.74000000,26.99900018,25.40720455,26.74863519,25.33347990,0,0
19.75000000,27.00239178,25.40392509,26.78603657,25.32640887,0,0
19.76000000,27.03158134,25.43584042,26.76398528,25.32337414,0,0
19.77000000,26.95539756,25.43259633,26.73521332,25.31449843,0,0
19.78000000,26.92058012,25.39045507,26.71474622,25.35208266,0,0
19.79000000,26.84354749,25.40235116,26.65172174,25.38651356,0,0
19.80000000,26.91641166,25.43143556,26.73149028,25.34020447,0,0
19.81000000,26.87319216,25.40798608,26.71796133,25.36815239,0,0
19.82000000,26.91237774,25.35264018,26.62647995,25.32846153,0,0
19.83000000,26.87072431,25.35769466,26.68215446,25.28570856,0,0
19.84000000,26.96334861,25.36357213,26.64314934,25.27255924,0,0
19.85000000,26.89219488,25.34034338,26.57209973,25.28007767,0,0
19.86000000,26.85272128,25.36981667,26.61314394,25.23744401,0,0
19.87000000,26.78087002,25.34038701,26.68747269,25.25395509,0,0
19.88000000,26.85433958,25.34127948,26.66155724,25.25863611,0,0
19.89000000,26.90065049,25.29868063,26.60124617,25.28731693,0,0
19.90000000,26.83918140,25.28601351,26.55299345,25.24174761,0,0
19.91000000,26.83282542,25.28284531,26.58152744,25.21790423,0,0
19.92000000,26.77982996,25.33215535,26.62210385,25.16965044,0,0
19.93000000,26.85724123,25.33739130,26.67790663,25.19443281,0,0
19.94000000,26.85671361,25.32045932,26.70148115,25.23383970,0,0
19.95000000,26.87771386,25.26010593,26.58635283,25.12606623,0,0
19.96000000,26.77879439,25.30221570,26.54907886,25.19293381,0,0
19.97000000,26.83706852,25.28778967,26.51210571,25.13947193,0,0
19.98000000,26.85318836,25.30280211,26.58270822,25.16011962,0,0
19.99000000,26.85223483,25.32763304,26.56829666,25.14380511,0,0
20.00000000,26.87132541,25.26143598,26.53790776,25.13816592,0,0
20.01000000,26.73228895,25.25721937,26.49015485,25.17206062,0,0
20.02000000,26.70917947,25.28048662,26.50391514,25.13330997,0,0
20.03000000,26.77670334,25.21609627,26.46876815,25.08701078,0,0
20.04000000,26.86588446,25.22064586,26.64026599,25.15555518,0,0
20.05000000,26.81071330,25.24217599,26.46604094,25.18343281,0,0
20.06000000,26.72804702,25.26005667,26.43422514,25.19633359,0,0
20.07000000,26.69944336,25.22837715,26.49544500,25.21837892,0,0
20.08000000,26.75408944,25.24207194,26.47746992,25.15311305,0,0
20.09000000,26.79808947,25.23659316,26.52195908,25.09919571,0,0
20.10000000,26.74211921,25.19415602,26.53852965,25.11815883,0,0
20.11000000,26.68898705,25.20688297,26.58448860,25.14607226,0,0
20.12000000,26.70353326,25.20990562,26.53346347,25.11959287,0,0
20.13000000,26.74605780,25.18443591,26.52197492,25.11495286,0,0
20.14000000,26.75745738,25.11732508,26.50071633,25.12915742,0,0
20.15000000,26.77714288,25.20596688,26.47496810,25.11557432,0,0
20.16000000,26.79745543,25.28443337,26.47877681,25.12031497,0,0
20.17000000,26.86407009,25.34497249,26.50202918,25.10939467,0,0
20.18000000,26.79270285,25.28411121,26.52613707,25.10396267,0,0
20.19000000,26.70638197,25.20026370,26.49277104,25.09645855,0,0
20.20000000,26.73522637,25.19911049,26.46530391,25.06333532,0,0
20.21000000,26.84112058,25.25605622,26.46054251,25.03588482,0,0
20.22000000,26.83427483,25.26155651,26.51368876,25.04647153,0,0
20.23000000,26.74756914,25.20058464,26.53879991,25.07819797,0,0
20.24000000,26.70574623,25.18150152,26.50696327,25.05223025,0,0
20.25000000,26.72852228,25.19091886,26.53226886,25.07692489,0,0
20.26000000,26.83023441,25.28530865,26.48086281,25.08118966,0,0
20.27000000,26.82246842,25.30351515,26.50889761,25.05645072,0,0
20.28000000,26.76560850,25.25052990,26.58243667,25.05677580,0,0
20.29000000,26.72978913,25.29150547,26.48598776,25.13323189,0,0
20.30000000,26.74878322,25.30368915,26.46331081,25.12853261,0,0
20.31000000,26.81480959,25.33973144,26.46177418,25.16543903,0,0
20.32000000,26.87180169,25.34364806,26.44370330,25.18060502,0,0
20.33000000,26.93244935,25.36750402,26.50710680,25.12203324,0,0
20.34000000,26.91777390,25.37179254,26.57070326,25.08858397,0,0
20.35000000,26.91377261,25.44828192,26.51835313,25.17065259,0,0
20.36000000,26.87778990,25.45123524,26.56637736,25.14284603,0,0
20.37000000,26.87532253,25.40564559,26.57008058,25.16602647,0,0
20.38000000,26.92365366,25.38125777,26.63859768,25.19780370,0,0
20.39000000,26.95315914,25.43003437,26.62965501,25.21578500,0,0
20.40000000,26.99736139,25.47307732,26.55242933,25.22645466,0,0
20.41000000,26.98236925,25.47873560,26.63839078,25.21983694,0,0
20.42000000,26.91659291,25.49838158,26.65083574,25.17838454,0,0
20.43000000,26.97558014,25.48720147,26.72194820,25.26198869,0,0
20.44000000,27.09218252,25.54157438,26.63664785,25.31232521,0,0
20.45000000,27.11122789,25.57663501,26.66233761,25.26123016,0,0
20.46000000,27.11364225,25.60960894,26.75466062,25.28892749,0,0
20.47000000,27.08316978,25.51421006,26.75881664,25.25849557,0,0
20.48000000,27.08759381,25.55097683,26.79714768,25.34328579,0,0
20.49000000,27.08865474,25.64041638,26.85230487,25.36454274,0,0
20.50000000,27.19431352,25.68208190,26.77578730,25.38698148,0,0
20.51000000,27.18735378,25.73445056,26.89284753,25.43366378,0,0
20.52000000,27.21638959,25.71231204,26.88894240,25.38451890,0,0
20.53000000,27.23518332,25.73377808,26.77813725,25.42282513,0,0
20.54000000,27.27128735,25.79924992,26.90843412,25.53526184,0,0
20.55000000,27.32214109,25.81132325,26.91906852,25.56976245,0,0
20.56000000,27.28678439,25.80655105,26.94230838,25.56527012,0,0
20.57000000,27.31280015,25.80088819,27.00736898,25.65689902,0,0
20.58000000,27.37024072,25.87672570,27.05056209,25.61308745,0,0
20.59000000,27.44673793,25.92395610,27.08523341,25.63224001,0,0
20.60000000,27.52373630,25.98051173,27.12551899,25.66860649,0,0
20.61000000,27.45463155,25.94821451,27.13149372,25.68504029,0,0
20.62000000,27.49730341,25.96932894,27.16560488,25.72080807,0,0
20.63000000,27.47084742,25.99596720,27.21433124,25.77066414,0,0
20.64000000,27.54004435,25.98153721,27.26061185,25.81312248,0,0
20.65000000,27.54100520,26.00140803,27.29807192,25.80768857,0,0
20.66000000,27.60831651,26.02770617,27.31244258,25.78917885,0,0
20.67000000,27.66546073,26.13255232,27.32503562,25.82402610,0,0
20.68000000,27.71924453,26.13322224,27.36860193,25.88294428,0,0
20.69000000,27.74033402,26.14850852,27.41177157,25.92654562,0,0
20.70000000,27.74058742,26.13142535,27.46809520,25.91295283,0,0
20.71000000,27.72173471,26.16755864,27.44204524,25.92645309,0,0
20.72000000,27.79126143,26.22513157,27.46123409,25.95028642,0,0
20.73000000,27.86181481,26.27504005,27.42824478,25.95584239,0,0
20.74000000,27.84920279,26.29107260,27.53847380,25.97988574,0,0
20.75000000,27.86496329,26.34026185,27.58528731,26.00915694,0,0
20.76000000,27.90304118,26.30416858,27.55906286,26.02805233,0,0
20.77000000,27.99972916,26.36302918,27.58867712,26.07721755,0,0
20.78000000,27.99134886,26.42480063,27.63537225,26.19039285,0,0
20.79000000,27.98348416,26.43038297,27.65384889,26.23526816,0,0
20.80000000,28.02475072,26.44121290,27.71812448,26.25907277,0,0
20.81000000,28.08681814,26.45218116,27.76327830,26.27431564,0,0
20.82000000,28.09900739,26.44685711,27.81046664,26.23067003,0,0
20.83000000,28.06895761,26.52477671,27.80548862,26.25254111,0,0
20.84000000,28.08164112,26.57640363,27.84134807,26.28425650,0,0
20.85000000,28.19072115,26.57654725,27.82413883,26.28444617,0,0
20.86000000,28.19713692,26.58318900,27.84164382,26.31772537,0,0
20.87000000,28.18706361,26.61833375,27.92619390,26.31714732,0,0
20.88000000,28.14398011,26.62376922,27.91401400,26.36213639,0,0
20.89000000,28.32816056,26.66908076,27.99130142,26.42787360,0,0
20.90000000,28.40485155,26.71371754,27.94422627,26.38112019,0,0
20.91000000,28.36892203,26.72224032,28.07920256,26.43473987,0,0
20.92000000,28.36926649,26.67287269,28.10171511,26.48787378,0,0
20.93000000,28.31598466,26.72194441,28.15036124,26.52549987,0,0
20.94000000,28.40860594,26.83764955,28.15565023,26.52998283,0,0
20.95000000,28.48557632,26.82356609,28.17746453,26.56493627,0,0
20.96000000,28.49619485,26.87291203,28.14361958,26.58177454,0,0
20.97000000,28.51920624,26.83073004,28.32576496,26.64196616,0,0
20.98000000,28.58026597,26.95655597,28.20219166,26.65493824,0,0
20.99000000,28.51584837,26.97940468,28.22405548,26.64821855,0,0
21.00000000,28.60969735,26.97547925,28.26618781,26.68309500,0,0
21.01000000,28.60031753,27.01444607,28.28564770,26.68502843,0,0
21.02000000,28.68535934,27.03187415,28.34886005,26.77702011,0,0
21.03000000,28.65410782,27.04830676,28.39747109,26.86904520,0,0
21.04000000,28.72632959,27.08627524,28.40141779,26.85461451,0,0
21.05000000,28.70047289,27.18421364,28.39142880,26.85343393,0,0
21.06000000,28.81796549,27.17896296,28.44675938,26.88928208,0,0
21.07000000,28.81814279,27.13860622,28.41445790,26.82675319,0,0
21.08000000,28.83843547,27.17723053,28.43321509,26.92138724,0,0
21.09000000,28.80565049,27.24310156,28.49262076,26.89190169,0,0
21.10000000,28.80205488,27.27475441,28.54316412,26.97528739,0,0
21.11000000,28.90609189,27.25714803,28.56616078,26.98344145,0,0
21.12000000,28.97137193,27.17966808,28.61682709,27.02190409,0,0
21.13000000,28.97257981,27.27106248,28.60819544,27.05351525,0,0
21.14000000,29.00759738,27.31723384,28.69820063,27.05186846,0,0
21.15000000,28.97240800,27.39011476,28.70447492,27.12630746,0,0
21.16000000,28.98265754,27.38991169,28.78620977,27.19408978,0,0
21.17000000,29.05911262,27.42919739,28.78760372,27.18531367,0,0
21.18000000,29.12540974,27.41161873,28.79330138,27.20287269,0,0
21.19000000,29.17020872,27.46287975,28.82021581,27.18509628,0,0
21.20000000,29.18295600,27.52781600,28.81731694,27.20354893,0,0
21.21000000,29.20587272,27.54585729,28.85702613,27.27541244,0,0
21.22000000,29.24204719,27.52551246,28.96369579,27.30112692,0,0
21.23000000,29.25361882,27.50897791,28.95405590,27.31881423,0,0
21.24000000,29.33988392,27.61478296,28.98833180,27.27619299,0,0
21.25000000,29.31565924,27.72132410,29.02320155,27.34101309,0,0
21.26000000,29.32201594,27.70867686,29.05992515,27.37285479,0,0
21.27000000,29.35236074,27.62485650,29.08990786,27.40494889,0,0
21.28000000,29.41621851,27.66602858,29.10514072,27.44428040,0,0
21.29000000,29.47370486,27.76050808,29.10395949,27.43709222,0,0
21.30000000,29.46487613,27.81651853,29.09614170,27.42296794,0,0
21.31000000,29.46609728,27.82003519,29.13261382,27.45376699,0,0
21.32000000,29.50450841,27.78265613,29.14578062,27.45194441,0,0
21.33000000,29.59295074,27.75848943,29.19486662,27.52170059,0,0
21.34000000,29.62885856,27.82249325,29.19143288,27.54989224,0,0
21.35000000,29.69251537,27.88992819,29.28096040,27.61790831,0,0
21.36000000,29.66384887,27.90884902,29.35463932,27.63955442,0,0
21.37000000,29.65918388,27.91599362,29.36916069,27.64524191,0,0
21.38000000,29.70259919,27.93504420,29.44553549,27.72870166,0,0
21.39000000,29.78720300,27.99239022,29.38634614,27.72863888,0,0
21.40000000,29.79233748,28.05517423,29.46030508,27.78148001,0,0
21.41000000,29.82923460,28.03921726,29.51483854,27.77939828,0,0
21.42000000,29.85214666,28.05765458,29.44226147,27.80336809,0,0
21.43000000,29.91600662,28.09314730,29.57224527,27.85225799,0,0
21.44000000,29.93189148,28.13972888,29.52890432,27.83241818,0,0
21.45000000,29.91842893,28.20102160,29.58778359,27.82955505,0,0
21.46000000,29.96604812,28.16215861,29.67823617,27.87957564,0,0
21.47000000,30.00581211,28.20741361,29.72979236,27.86815784,0,0
21.48000000,30.02438811,28.24158764,29.68908251,27.98360167,0,0
21.49000000,30.06430700,28.26757673,29.70536846,27.98224900,0,0
21.50000000,30.11941628,28.25401196,29.69651359,28.03033005,0,0
21.51000000,30.16775916,28.34679406,29.70515806,28.09565366,0,0
21.52000000,30.13192160,28.39036239,29.82216819,28.04323570,0,0
21.53000000,30.13114907,28.38739803,29.82583378,28.03829807,0,0
21.54000000,30.18468773,28.41890530,29.86732179,28.09254873,0,0
21.55000000,30.20630227,28.48380535,29.89365057,28.06896203,0,0
21.56000000,30.28980479,28.43874424,29.91359434,28.13747898,0,0
21.57000000,30.33353123,28.44399391,30.00113081,28.20619037,0,0
21.58000000,30.30543549,28.50486421,29.99793313,28.22880739,0,0
21.59000000,30.33873958,28.57564939,30.03599493,28.24071586,0,0
21.60000000,30.36332372,28.61775827,30.07294047,28.23545944,0,0
21.61000000,30.42823718,28.61968980,30.04793314,28.28146583,0,0
21.62000000,30.53399122,28.61256794,30.16119562,28.29623150,0,0
21.63000000,30.53689504,28.63244415,30.04601486,28.27544996,0,0
21.64000000,30.53265780,28.69267731,30.13373163,28.31025530,0,0
21.65000000,30.52849405,28.72475330,30.19172041,28.35713137,0,0
21.66000000,30.49731879,28.73337822,30.20669797,28.37503761,0,0
21.67000000,30.56811844,28.75457993,30.29692769,28.44449056,0,0
21.68000000,30.56259118,28.74288645,30.32357510,28.46141096,0,0
21.69000000,30.60814872,28.83767736,30.33513778,28.44206597,0,0
21.70000000,30.67455686,28.85046730,30.34735960,28.54451040,0,0
21.71000000,30.79569942,28.85424813,30.33758694,28.60065125,0,0
21.72000000,30.80487781,28.88395107,30.35455509,28.65151852,0,0
21.73000000,30.73335341,28.92302299,30.40757050,28.72631923,0,0
21.74000000,30.70102904,28.97169232,30.47063349,28.69119279,0,0
21.75000000,30.80842642,28.99642981,30.49302786,28.69585996,0,0
21.76000000,30.86269444,29.03571059,30.50756893,28.74353626,0,0
21.77000000,30.93929106,29.04341764,30.52506438,28.72716894,0,0
21.78000000,30.86500794,29.01494334,30.59262660,28.76500016,0,0
21.79000000,30.92529538,29.07008652,30.63851010,28.82600024,0,0
21.80000000,30.96217239,29.17344317,30.70048532,28.85063079,0,0
21.81000000,31.01796959,29.21745312,30.72906652,28.84063625,0,0
21.82000000,31.09225481,29.21319137,30.74875988,28.86135996,0,0
21.83000000,31.09830772,29.19280779,30.71985014,28.92302897,0,0
21.84000000,31.10781750,29.22570875,30.71223861,28.94994620,0,0
21.85000000,31.09694581,29.30566723,30.80305418,28.93274039,0,0
21.86000000,31.13938674,29.35868109,30.79422113,28.96766868,0,0
21.87000000,31.22383388,29.33295298,30.85136081,28.98506028,0,0
21.88000000,31.26138223,29.39159295,30.88991157,29.02994489,0,0
21.89000000,31.25270119,29.34207116,30.91176711,29.12112621,0,0
21.90000000,31.25996185,29.42044743,30.94695023,29.11675685,0,0
21.91000000,31.28423914,29.53750353,30.98486762,29.15782606,0,0
21.92000000,31.32319898,29.58711133,30.99411837,29.19149252,0,0
21.93000000,31.35359221,29.51375827,31.01948035,29.23461178,0,0
21.94000000,31.46351567,29.55160145,31.05916630,29.30730077,0,0
21.95000000,31.46322805,29.61793036,31.09055368,29.31322895,0,0
21.96000000,31.47616131,29.66022750,31.12747395,29.29645137,0,0
21.97000000,31.42961582,29.65572066,31.10548484,29.30444523,0,0
21.98000000,31.46427232,29.66150560,31.21181524,29.33613879,0,0
21.99000000,31.51241815,29.71810597,31.20817834,29.35064880,0,0
22.00000000,31.61985139,29.70848379,31.23847045,29.40704599,0,0
22.01000000,31.56686531,29.80155296,31.32332126,29.55045926,0,0
22.02000000,31.66276620,29.85486730,31.38997931,29.53960133,0,0
22.03000000,31.66663577,29.84992399,31.45122354,29.53481275,0,0
22.04000000,31.79451842,29.87557610,31.26697487,29.60780518,0,0
22.05000000,31.77659697,29.93226338,31.42337880,29.58978448,0,0
22.06000000,31.77855183,29.93247186,31.39358500,29.60213981,0,0
22.07000000,31.82949983,29.94576288,31.46049547,29.65023137,0,0
22.08000000,31.74861634,30.05779859,31.48923599,29.60432283,0,0
22.09000000,31.78630776,30.06755628,31.51671774,29.68822701,0,0
22.10000000,31.85317363,30.06552826,31.59281181,29.67689114,0,0
22.11000000,31.95473184,30.06385140,31.59374668,29.74678090,0,0
22.12000000,31.93963574,30.12309611,31.61602275,29.73694708,0,0
22.13000000,31.88542984,30.21370005,31.59686937,29.79190927,0,0
22.14000000,31.93493592,30.23673346,31.65990117,29.90021729,0,0
22.15000000,32.10005253,30.25734769,31.65752490,29.90783191,0,0
22.16000000,32.07902813,30.26396030,31.68236073,29.97386307,0,0
22.17000000,32.12039276,30.27417068,31.68312316,29.94921996,0,0
22.18000000,32.07066689,30.30002453,31.74595180,30.00672871,0,0
22.19000000,32.07435832,30.35043242,31.79138070,30.02817553,0,0
22.20000000,32.16041321,30.36700253,31.84210886,30.02866580,0,0
22.21000000,32.22426380,30.36665787,31.85008063,30.09268438,0,0
22.22000000,32.24189843,30.36410817,31.86958050,30.15837223,0,0
22.23000000,32.26806888,30.46351055,31.94757836,30.19438862,0,0
22.24000000,32.24940540,30.52121979,31.88479813,30.18403673,0,0
22.25000000,32.26781982,30.51289783,31.95593037,30.23837193,0,0
22.26000000,32.32343425,30.54419030,31.96995290,30.24285331,0,0
22.27000000,32.37051422,30.57283923,32.02529296,30.24978372,0,0
22.28000000,32.38821214,30.57382554,32.08484747,30.29303493,0,0
22.29000000,32.41480403,30.63488895,32.09766129,30.30654727,0,0
22.30000000,32.42406118,30.72783656,32.07561348,30.34128472,0,0
22.31000000,32.46330210,30.70951705,32.09327715,30.37036976,0,0
22.32000000,32.48970944,30.69857930,32.10468107,30.43941176,0,0
22.33000000,32.50023213,30.76160432,32.18114030,30.46064567,0,0
22.34000000,32.53309824,30.82397839,32.27904935,30.51966173,0,0
22.35000000,32.54270416,30.86578460,32.31776463,30.58584331,0,0
22.36000000,32.58457219,30.91301685,32.31972069,30.64624777,0,0
22.37000000,32.61870454,30.92781377,32.33172206,30.65637475,0,0
22.38000000,32.66082308,30.86247896,32.37073823,30.68159363,0,0
22.39000000,32.70182653,30.90511429,32.38289330,30.71693249,0,0
22.40000000,32.71510229,31.08109984,32.42632645,30.67146334,0,0
22.41000000,32.72255784,31.14355412,32.41292486,30.69074318,0,0
22.42000000,32.75574173,31.12724777,32.50618954,30.70314110,0,0
22.43000000,32.81981491,31.12934962,32.44739957,30.78658135,0,0
22.44000000,32.84095969,31.09284125,32.47015941,30.83420075,0,0
22.45000000,32.83848962,31.11764883,32.50357971,30.88313206,0,0
22.46000000,32.88797769,31.16797835,32.54895878,30.95078232,0,0
22.47000000,32.85648540,31.27052777,32.60311059,30.92830798,0,0
22.48000000,32.92614750,31.31868574,32.67969269,30.93134389,0,0
22.49000000,32.98200308,31.26168383,32.66103516,30.98227429,0,0
22.50000000,32.94687726,31.37017564,32.68051696,31.02876411,0,0
22.51000000,32.96080062,31.37567420,32.70653635,31.06685351,0,0
22.52000000,32.97443029,31.38576473,32.65717680,31.16481526,0,0
22.53000000,33.12604639,31.45265211,32.78951883,31.12492398,0,0
22.54000000,33.06794485,31.48210252,32.75573862,31.17522170,0,0
22.55000000,33.04417675,31.50871166,32.78872850,31.28851043,0,0
22.56000000,33.10797221,31.58057378,32.79141355,31.29749347,0,0
22.57000000,33.06320380,31.68580095,32.87635265,31.37238625,0,0
22.58000000,33.20140045,31.62064065,32.84901037,31.32250808,0,0
22.59000000,33.19544293,31.57866711,32.88001215,31.35771730,0,0
22.60000000,33.21157685,31.62375568,32.93373153,31.39553936,0,0
22.61000000,33.20995997,31.78992349,32.97798263,31.40376951,0,0
22.62000000,33.26974416,31.86744872,32.97361700,31.48814871,0,0
22.63000000,33.22277567,31.81558340,32.85920290,31.55783508,0,0
22.64000000,33.27345290,31.80358972,33.00965413,31.58473098,0,0
22.65000000,33.28703239,31.82713461,32.98308610,31.60715217,0,0
22.66000000,33.33338216,31.90499626,33.09921312,31.63351175,0,0
22.67000000,33.34831800,31.97317346,33.14704721,31.65369746,0,0
22.68000000,33.35723657,32.04121687,33.17823072,31.62687182,0,0
22.69000000,33.40649438,32.05099832,33.16583265,31.70016935,0,0
22.70000000,33.41150346,32.04977473,33.20661704,31.80054391,0,0
22.71000000,33.35365468,32.07619412,33.16479650,31.90234973,0,0
22.72000000,33.39226124,32.13445400,33.21364117,31.99196085,0,0
22.73000000,33.45747543,32.26195465,33.24041477,31.98288973,0,0
22.74000000,33.51330572,32.30173019,33.27349756,32.01386234,0,0
22.75000000,33.54466400,32.29413435,33.27979196,32.03101380,0,0
22.76000000,33.48612499,32.28340571,33.30632459,32.06791595,0,0
22.77000000,33.47765744,32.37464664,33.27415183,32.13158167,0,0
22.78000000,33.51604922,32.42180647,33.28011513,32.15965003,0,0
22.79000000,33.59499220,32.48648548,33.33584432,32.17716933,0,0
22.80000000,33.61544744,32.50541056,33.43334488,32.17421745,0,0
22.81000000,33.58579084,32.53391358,33.41311945,32.21114328,0,0
22.82000000,33.54695278,32.58284353,33.34773270,32.29579183,0,0
22.83000000,33.56951341,32.65194130,33.34799376,32.37784710,0,0
22.84000000,33.68399099,32.68292390,33.35850875,32.44528689,0,0
22.85000000,33.69641626,32.71388791,33.40314461,32.48437583,0,0
22.86000000,33.66512432,32.72192036,33.48011686,32.55794317,0,0
22.87000000,33.62414806,32.80428664,33.51375547,32.58870289,0,0
22.88000000,33.64355106,32.89703705,33.49322470,32.60179898,0,0
22.89000000,33.70476811,32.96534127,33.47507236,32.67847409,0,0
22.90000000,33.74821047,32.94397101,33.47742233,32.74443701,0,0
22.91000000,33.79158320,32.92130002,33.51639643,32.82790174,0,0
22.92000000,33.78908578,33.03111620,33.58344771,32.86415649,0,0
22.93000000,33.80350334,33.11086385,33.57118225,32.85637311,0,0
22.94000000,33.76230105,33.16152288,33.55034835,32.94586415,0,0
22.95000000,33.85220212,33.19876182,33.62279671,32.96843815,0,0
22.96000000,33.78795475,33.18755931,33.64052261,33.08027601,0,0
22.97000000,33.83771468,33.27338735,33.71916629,33.03379428,0,0
22.98000000,33.92160737,33.23512165,33.70343099,33.07603072,0,0
22.99000000,33.90906131,33.33966871,33.74493861,33.09337349,0,0
23.00000000,33.85713813,33.33581898,33.61944779,33.10475925,0,0
23.01000000,33.84227772,33.41492088,33.66564914,33.19753749,0,0
23.02000000,33.93817661,33.47991515,33.71424488,33.29369563,0,0
23.03000000,33.94393131,33.44122260,33.71907284,33.29870010,0,0
23.04000000,33.97582757,33.50120849,33.75497720,33.33312817,0,0
23.05000000,34.00159616,33.51359613,33.76488126,33.43094835,0,0
23.06000000,34.10021129,33.62398785,33.80029492,33.35715431,0,0
23.07000000,34.07263406,33.66498673,33.80717628,33.43474028,0,0
23.08000000,33.97404936,33.65663879,33.73537072,33.44424600,0,0
23.09000000,34.04551050,33.67064822,33.79059197,33.47974294,0,0
23.10000000,34.14157433,33.73806525,33.91406974,33.53557574,0,0
23.11000000,34.17356487,33.83176403,33.92624983,33.59768380,0,0
23.12000000,34.16602653,33.77966755,34.05314250,33.61964421,0,0
23.13000000,34.16347199,33.81128885,33.99815339,33.73975032,0,0
23.14000000,34.24000644,33.85079367,34.00498792,33.76901556,0,0
23.15000000,34.28262231,33.99079799,34.00418653,33.85228850,0,0
23.16000000,34.21188254,33.97746980,34.08380258,33.82053741,0,0
23.17000000,34.29663013,33.92702220,34.07591736,33.86023611,0,0
23.18000000,34.29765970,33.98409453,34.10358008,33.89081028,0,0
23.19000000,34.36909210,34.01906539,34.02154323,33.90902423,0,0
23.20000000,34.40293399,34.03177833,34.08915951,33.96785215,0,0
23.21000000,34.39888857,34.14078056,34.10592719,34.01896346,0,0
23.22000000,34.41356427,34.14536153,34.15122311,34.05490303,0,0
23.23000000,34.48435380,34.19915387,34.28785411,34.12054973,0,0
23.24000000,34.53515105,34.19288038,34.32039824,34.15620861,0,0
23.25000000,34.49885137,34.25484881,34.32365351,34.14932079,0,0
23.26000000,34.49919225,34.29392479,34.31832959,34.16554470,0,0
23.27000000,34.55360513,34.33027422,34.30784795,34.19453369,0,0
23.28000000,34.65024843,34.36243701,34.34318975,34.20024361,0,0
23.29000000,34.63008355,34.41323222,34.37264371,34.27640905,0,0
23.30000000,34.62443881,34.45792499,34.39111870,34.29154848,0,0
23.31000000,34.61090655,34.48488582,34.41350820,34.31793508,0,0
23.32000000,34.61861154,34.54966153,34.47289395,34.43141394,0,0
23.33000000,34.71000929,34.59485802,34.44940514,34.42813657,0,0
23.34000000,34.71818213,34.62091038,34.48943763,34.44884961,0,0
23.35000000,34.76834190,34.59457531,34.50914054,34.47852037,0,0
23.36000000,34.80417103,34.66635798,34.53294627,34.51268004,0,0
23.37000000,34.76553636,34.76518561,34.45801538,34.53130638,0,0
23.38000000,34.76762952,34.83649374,34.51328043,34.58647132,0,0
23.39000000,34.80359115,34.82619795,34.53405775,34.61779185,0,0
23.40000000,34.83167900,34.83026213,34.59629568,34.67589320,0,0
23.41000000,34.88328481,34.78411570,34.67717803,34.71558378,0,0
23.42000000,34.95747345,34.84917777,34.69407228,34.77141894,0,0
23.43000000,34.95541083,34.92601457,34.67912624,34.81100876,0,0
23.44000000,34.94395440,34.96819104,34.67778327,34.78795315,0,0
23.45000000,35.00201011,35.00982877,34.71081730,34.83294513,0,0
23.46000000,35.03318810,35.02709106,34.75331917,34.87477071,0,0
23.47000000,35.08625818,35.07922394,34.77436417,34.88176029,0,0
23.48000000,35.03748744,35.05027758,34.79582787,34.90926626,0,0
23.49000000,35.03772856,35.07617335,34.79581219,34.96846901,0,0
23.50000000,35.10517627,35.10575860,34.86620162,35.02806784,0,0
23.51000000,35.11154072,35.20115081,34.86414982,35.09908617,0,0
23.52000000,35.16114207,35.23257557,34.95904117,35.09612890,0,0
23.53000000,35.13909190,35.23057574,34.92991770,35.07339314,0,0
23.54000000,35.21519636,35.30185015,35.07357992,35.11423363,0,0
23.55000000,35.21541448,35.30778579,34.95722034,35.16187528,0,0
23.56000000,35.26625296,35.36518843,35.01850722,35.24724675,0,0
23.57000000,35.33748562,35.34697101,34.99812537,35.28819325,0,0
23.58000000,35.35819239,35.41709398,34.99490709,35.29842398,0,0
23.59000000,35.33859134,35.39115777,35.06023944,35.30882056,0,0
23.60000000,35.37559423,35.37256302,35.13284178,35.31380566,0,0
23.61000000,35.43452411,35.44635402,35.18947840,35.34788933,0,0
23.62000000,35.54596630,35.45579649,35.21108010,35.34666776,0,0
23.63000000,35.41567347,35.49925305,35.22436607,35.45573468,0,0
23.64000000,35.51962782,35.56045230,35.26147284,35.52157381,0,0
23.65000000,35.50361061,35.63976473,35.26949060,35.55976033,0,0
23.66000000,35.62568181,35.62126832,35.33783826,35.55436279,0,0
23.67000000,35.70076907,35.59282903,35.34596555,35.58480508,0,0
23.68000000,35.70342655,35.61769791,35.37952478,35.63443229,0,0
23.69000000,35.71127486,35.68328618,35.38206506,35.64687362,0,0
23.70000000,35.69810489,35.77492033,35.40062558,35.61358449,0,0
23.71000000,35.78196935,35.75320048,35.43257287,35.63761540,0,0
23.72000000,35.78965320,35.74206040,35.54402602,35.68662433,0,0
23.73000000,35.82546848,35.79909967,35.43362895,35.70041301,0,0
23.74000000,35.83205552,35.86986365,35.50362787,35.76370261,0,0
23.75000000,35.86107648,35.90316480,35.52699695,35.79509450,0,0
23.76000000,35.94143956,35.91329190,35.59331199,35.82330424,0,0
23.77000000,35.96216531,35.87360147,35.73352392,35.82556747,0,0
23.78000000,35.99564726,35.90176844,35.80208739,35.86464701,0,0
23.79000000,36.02175772,35.99432642,35.86435888,35.86497438,0,0
23.80000000,36.02216986,36.06532882,35.74893941,35.88765735,0,0
23.81000000,36.10977600,36.03495027,35.68920355,35.91196160,0,0
23.82000000,36.09459723,36.05339421,35.69942728,35.95596997,0,0
23.83000000,36.12987981,36.05499599,35.74026129,35.97947346,0,0
23.84000000,36.13557191,36.10453529,35.79715788,35.99356157,0,0
23.85000000,36.19318904,36.12811537,35.82136909,36.05697496,0,0
23.86000000,36.20419911,36.20941878,35.86955313,36.06125844,0,0
23.87000000,36.24315277,36.26514531,35.92692799,36.08484390,0,0
23.88000000,36.26112798,36.24230039,35.97282629,36.11552549,0,0
23.89000000,36.26497931,36.23976113,36.04019077,36.15400606,0,0
23.90000000,36.31363161,36.25574516,35.98436589,36.19319599,0,0
23.91000000,36.35391290,36.29074278,36.01889260,36.24426831,0,0
23.92000000,36.39212901,36.33826063,36.07961713,36.27883225,0,0
23.93000000,36.39869813,36.38539583,36.07717694,36.29611125,0,0
23.94000000,36.42702549,36.40121137,36.17554017,36.32014401,0,0
23.95000000,36.47851041,36.40374760,36.22960931,36.30164273,0,0
23.96000000,36.49199571,36.43612998,36.28332612,36.33694073,0,0
23.97000000,36.50706926,36.44603256,36.33189940,36.30773501,0,0
23.98000000,36.58228743,36.49555559,36.31420540,36.35819281,0,0
23.99000000,36.65325497,36.51145902,36.32140579,36.38800227,0,0
24.00000000,36.64647026,36.57827056,36.30689201,36.39308185,0,0
24.01000000,36.69039456,36.54396902,36.37580901,36.43319449,0,0
24.02000000,36.69048638,36.57634024,36.47201160,36.50900116,0,0
24.03000000,36.77034089,36.59768843,36.51984737,36.53993884,0,0
24.04000000,36.73587761,36.70105672,36.51322920,36.60317699,0,0
24.05000000,36.77514872,36.70066456,36.49245722,36.58107084,0,0
24.06000000,36.88281601,36.71641847,36.54948898,36.62838207,0,0
24.07000000,36.86585496,36.76754528,36.59373075,36.59694100,0,0
24.08000000,36.87319891,36.70738465,36.51684432,36.61642763,0,0
24.09000000,36.87605335,36.78580878,36.66210824,36.66996386,0,0
24.10000000,36.97524359,36.87135779,36.63446533,36.69816649,0,0
24.11000000,36.97638505,36.89846487,36.69553010,36.70179954,0,0
24.12000000,37.04535222,36.83014866,36.81206768,36.77686653,0,0
24.13000000,37.00566238,36.92267642,36.78419287,36.78502041,0,0
24.14000000,37.03266319,36.93496615,36.83158405,36.78746427,0,0
24.15000000,37.14705612,36.96976484,36.83012783,36.82284320,0,0
24.16000000,37.25954624,36.99818369,36.81302316,36.81437503,0,0
24.17000000,37.17601699,37.03308450,36.92265064,36.86489066,0,0
24.18000000,37.17448737,37.06864275,36.92260270,36.84655991,0,0
24.19000000,37.16696098,37.05258407,36.99593013,36.90272727,0,0
24.20000000,37.28183501,37.13545286,36.99827524,36.98844443,0,0
24.21000000,37.25706943,37.15178661,37.02412419,36.99050089,0,0
24.22000000,37.33807271,37.13277672,36.97047345,37.03588153,0,0
24.23000000,37.35365769,37.10626603,37.04516000,37.05902088,0,0
24.24000000,37.36098995,37.16214159,37.10326037,37.09581694,0,0
24.25000000,37.35542443,37.20760346,37.01805553,37.11613145,0,0
24.26000000,37.40139362,37.29284945,37.03343153,37.11187347,0,0
24.27000000,37.43753236,37.28477066,37.12694982,37.16637324,0,0
24.28000000,37.48935324,37.31157477,37.14397053,37.19503156,0,0
24.29000000,37.50543925,37.27401170,37.26343670,37.21097333,0,0
24.30000000,37.53673214,37.36994358,37.26143507,37.22516309,0,0
24.31000000,37.52422163,37.42039026,37.33689365,37.23339057,0,0
24.32000000,37.62017862,37.41767687,37.32015028,37.25681149,0,0
24.33000000,37.67703548,37.42539708,37.32974766,37.28302911,0,0
24.34000000,37.64946446,37.45778296,37.40544367,37.32668164,0,0
24.35000000,37.69718025,37.51157935,37.43695890,37.33791752,0,0
24.36000000,37.66854674,37.51676515,37.45451867,37.39769175,0,0
24.37000000,37.73312441,37.53055518,37.47282109,37.47071784,0,0
24.38000000,37.68341468,37.52201647,37.47743214,37.48162111,0,0
24.39000000,37.78535378,37.50406489,37.49848281,37.48410076,0,0
24.40000000,37.78338512,37.53048054,37.59967590,37.52083506,0,0
24.41000000,37.82335147,37.57156181,37.62652255,37.51047007,0,0
24.42000000,37.76981738,37.59370804,37.55865728,37.50730491,0,0
24.43000000,37.81724369,37.58205171,37.59096177,37.61256243,0,0
24.44000000,37.87582397,37.66591871,37.61920302,37.63021543,0,0
24.45000000,37.89619679,37.63966757,37.70173636,37.61044131,0,0
24.46000000,37.89438636,37.65693530,37.72970491,37.63330876,0,0
24.47000000,37.80936814,37.67504245,37.72506440,37.61784057,0,0
24.48000000,37.77085115,37.61265855,37.72510845,37.60624933,0,0
24.49000000,37.87275550,37.62728594,37.66093413,37.59566804,0,0
24.50000000,37.89525997,37.59213258,37.69708655,37.62799948,0,0
24.51000000,37.91168631,37.65441580,37.70743000,37.62041991,0,0
24.52000000,37.85791890,37.66124481,37.74891245,37.64798847,0,0
24.53000000,37.90552218,37.69434743,37.73675275,37.72236038,0,0
24.54000000,37.85351895,37.72840397,37.77855383,37.76834313,0,0
24.55000000,37.86652727,37.69420835,37.75835307,37.78583349,0,0
24.56000000,37.86397383,37.62229349,37.71739078,37.72554295,0,0
24.57000000,37.88293183,37.61913481,37.87397100,37.74548818,0,0
24.58000000,37.82734303,37.59123654,37.74530191,37.71583081,0,0
24.59000000,37.85669728,37.64654131,37.67257265,37.72540207,0,0
24.60000000,37.86688722,37.67329590,37.73582821,37.77083754,0,0
24.61000000,37.85126859,37.70713941,37.68563836,37.74663490,0,0
24.62000000,37.91348120,37.69215371,37.80681642,37.76903438,0,0
24.63000000,37.92721642,37.66401760,37.69770268,37.76948492,0,0
24.64000000,37.81049905,37.62787975,37.76684721,37.69663203,0,0
24.65000000,37.83594449,37.61317457,37.71255525,37.71979711,0,0
24.66000000,37.91517830,37.67913777,37.67555338,37.67682173,0,0
24.67000000,37.85624449,37.70065155,37.67451072,37.65004831,0,0
24.68000000,37.87191858,37.72201659,37.63741280,37.65096828,0,0
24.69000000,37.81127307,37.63372269,37.66918876,37.63177978,0,0
24.70000000,37.90344586,37.64421609,37.71622876,37.74267116,0,0
24.71000000,37.80429649,37.68852119,37.70986684,37.72846884,0,0
24.72000000,37.82881574,37.69796226,37.65023049,37.75440120,0,0
24.73000000,37.86136444,37.67177288,37.60949490,37.66269567,0,0
24.74000000,37.82889613,37.67496566,37.67588439,37.64092457,0,0
24.75000000,37.79522252,37.66848005,37.59368919,37.59052126,0,0
24.76000000,37.77669424,37.63805169,37.54493004,37.63759397,0,0
24.77000000,37.75952945,37.62590378,37.59360305,37.66892432,0,0
24.78000000,37.84081651,37.61019434,37.58517872,37.65945867,0,0
24.79000000,37.84636190,37.58029975,37.64659429,37.70267220,0,0
24.80000000,37.82292024,37.57766678,37.63014981,37.66917318,0,0
24.81000000,37.75664390,37.55454422,37.58353311,37.65360323,0,0
24.82000000,37.76784039,37.62371648,37.56426172,37.61492749,0,0
24.83000000,37.74604488,37.55753397,37.53804686,37.60962972,0,0
24.84000000,37.78871478,37.62942503,37.53811487,37.60892412,0,0
24.85000000,37.84910574,37.68407127,37.51974055,37.63541204,0,0
24.86000000,37.94214242,37.77848376,37.52246454,37.64174557,0,0
24.87000000,37.92660122,37.79721414,37.56792160,37.67449563,0,0
24.88000000,37.80619473,37.74801341,37.58995013,37.68249059,0,0
24.89000000,37.75711605,37.63765895,37.61901568,37.64737801,0,0
24.90000000,37.75124748,37.59576562,37.66436426,37.66471590,0,0
24.91000000,37.75596327,37.62707354,37.63280636,37.64552622,0,0
24.92000000,37.76475207,37.62464965,37.52361647,37.61425173,0,0
24.93000000,37.78840600,37.63791342,37.52631824,37.64670939,0,0
24.94000000,37.82749848,37.61133670,37.51640158,37.59039886,0,0
24.95000000,37.84034094,37.61957982,37.55920882,37.61693281,0,0
24.96000000,37.83741141,37.61630345,37.59484059,37.62035149,0,0
24.97000000,37.72641335,37.62645148,37.59011427,37.60377011,0,0
24.98000000,37.71383984,37.59870334,37.63453243,37.61206152,0,0
24.99000000,37.80949742,37.64173434,37.59922359,37.66578448,0,0
25.00000000,37.82274902,37.65154940,37.56653722,37.68846850,0,0
25.01000000,37.80385279,37.63772258,37.49873133,37.71909628,0,0
25.02000000,37.71337241,37.60339308,37.51386957,37.70257959,0,0
25.03000000,37.78953209,37.62806916,37.55512990,37.70156728,0,0
25.04000000,37.75712175,37.64860562,37.58004945,37.76690153,0,0
25.05000000,37.84062777,37.67521713,37.49429440,37.68922193,0,0
25.06000000,37.77304718,37.61269464,37.48332300,37.63006520,0,0
25.07000000,37.78743092,37.65448439,37.52024243,37.65749206,0,0
25.08000000,37.71128025,37.63841991,37.51462870,37.59040215,0,0
25.09000000,37.73287511,37.67619654,37.49381672,37.61661566,0,0
25.10000000,37.71859309,37.57234469,37.53445615,37.69354316,0,0
25.11000000,37.83442736,37.63557325,37.50107911,37.63988675,0,0
25.12000000,37.78666713,37.55311961,37.55716424,37.64170156,0,0
25.13000000,37.74250679,37.62743026,37.54546626,37.63123456,0,0
25.14000000,37.66662857,37.57990198,37.55160341,37.60717015,0,0
25.15000000,37.71967307,37.61944727,37.48329798,37.59000384,0,0
25.16000000,37.83068880,37.57945261,37.40852544,37.63822591,0,0
25.17000000,37.72234758,37.53870659,37.42938107,37.60646602,0,0
25.18000000,37.72086271,37.59176911,37.52022183,37.59609239,0,0
25.19000000,37.67183353,37.54096052,37.52557873,37.58775172,0,0
25.20000000,37.73122178,37.60677376,37.59140983,37.63192244,0,0
25.21000000,37.65438065,37.62834336,37.52087195,37.58518216,0,0
25.22000000,37.68621121,37.61564803,37.52733182,37.59977801,0,0
25.23000000,37.69320633,37.54142923,37.51751853,37.52777330,0,0
25.24000000,37.75013388,37.57584088,37.57425859,37.59664791,0,0
25.25000000,37.74100942,37.60032034,37.46973732,37.56852085,0,0
25.26000000,37.76997120,37.59652921,37.39363491,37.59731863,0,0
25.27000000,37.71993216,37.56651666,37.42392643,37.59198703,0,0
25.28000000,37.70768089,37.55573848,37.43559597,37.58423606,0,0
25.29000000,37.70914755,37.51269447,37.52081037,37.57168418,0,0
25.30000000,37.72955275,37.56257524,37.57595766,37.54966345,0,0
25.31000000,37.68772345,37.60158801,37.49224833,37.53116535,0,0
25.32000000,37.71311870,37.57377208,37.48177587,37.54851389,0,0
25.33000000,37.71770471,37.50388480,37.43985623,37.56662439,0,0
25.34000000,37.72855252,37.51683027,37.49705628,37.59495331,0,0
25.35000000,37.73076205,37.56887470,37.51245289,37.58787469,0,0
25.36000000,37.75757752,37.54967413,37.55464529,37.60036788,0,0
25.37000000,37.72897772,37.52100692,37.50743487,37.63641911,0,0
25.38000000,37.70217004,37.56362995,37.50161987,37.62279582,0,0
25.39000000,37.71534825,37.54863412,37.50852890,37.59915746,0,0
25.40000000,37.75382647,37.54046992,37.51976155,37.57371964,0,0
25.41000000,37.67993113,37.51350746,37.53813292,37.54513194,0,0
25.42000000,37.68784902,37.51412063,37.44442293,37.50335581,0,0
25.43000000,37.70354845,37.57886970,37.44219673,37.52668932,0,0
25.44000000,37.72296373,37.57484006,37.47649458,37.53692605,0,0
25.45000000,37.70755927,37.55323109,37.46857909,37.52987746,0,0
25.46000000,37.71830410,37.49608177,37.48385953,37.55446761,0,0
25.47000000,37.74987412,37.51462553,37.50829714,37.53991912,0,0
25.48000000,37.70363020,37.55916415,37.49748399,37.51649792,0,0
25.49000000,37.72635016,37.51958277,37.44327675,37.52907227,0,0
25.50000000,37.64818998,37.52108501,37.44900299,37.52169278,0,0
25.51000000,37.72493845,37.51226197,37.45522097,37.53083265,0,0
25.52000000,37.73868188,37.54332099,37.45438170,37.50446247,0,0
25.53000000,37.77164445,37.52616430,37.45322247,37.53471445,0,0
25.54000000,37.64387730,37.53815138,37.43559029,37.53953720,0,0
25.55000000,37.64996223,37.56393322,37.43009716,37.54089933,0,0
25.56000000,37.69732734,37.48363740,37.42857924,37.50222642,0,0
25.57000000,37.70984110,37.50791248,37.45943441,37.50674336,0,0
25.58000000,37.68125156,37.44646287,37.46682369,37.52413798,0,0
25.59000000,37.65495157,37.58033980,37.34824906,37.47691655,0,0
25.60000000,37.69763069,37.51798938,37.46065218,37.56418121,0,0
25.61000000,37.69585615,37.48406321,37.40692289,37.49394384,0,0
25.62000000,37.71978684,37.45925018,37.43881531,37.52909599,0,0
25.63000000,37.68752098,37.40638371,37.50539216,37.52747040,0,0
25.64000000,37.66366661,37.54491758,37.50231076,37.47337924,0,0
25.65000000,37.67307271,37.52850613,37.53820228,37.45595079,0,0
25.66000000,37.74926617,37.46187546,37.43389580,37.45113107,0,0
25.67000000,37.68101494,37.34279191,37.44781751,37.40771045,0,0
25.68000000,37.78701806,37.46077812,37.45903489,37.49200403,0,0
25.69000000,37.66750873,37.44820096,37.47430078,37.42988437,0,0
25.70000000,37.74381607,37.47104078,37.56129926,37.51983904,0,0
25.71000000,37.63014600,37.45300379,37.54240821,37.50414652,0,0
25.72000000,37.78268586,37.44375307,37.57300280,37.50121203,0,0
25.73000000,37.78661397,37.34555533,37.47669665,37.43778455,0,0
25.74000000,37.80377112,37.28368230,37.50242004,37.41774883,0,0
25.75000000,37.69591773,37.38129631,37.52033800,37.39772351,0,0
25.76000000,37.66718530,37.42574952,37.45311048,37.36967279,0,0
25.77000000,37.77510815,37.48571565,37.51389091,37.44481823,0,0
25.78000000,37.84291416,37.45267581,37.45260200,37.40125843,0,0
25.79000000,37.83604256,37.33510241,37.48425619,37.37811344,0,0
25.80000000,37.78491198,37.24752106,37.54574280,37.40497090,0,0
25.81000000,37.77774600,37.33697459,37.55439816,37.36688224,0,0
25.82000000,37.85070470,37.37777373,37.55774291,37.37772189,0,0
25.83000000,37.82341163,37.36092332,37.50967977,37.31173220,0,0
25.84000000,37.72179442,37.34498414,37.50146030,37.33391744,0,0
25.85000000,37.74284990,37.34985139,37.51639554,37.32400742,0,0
25.86000000,37.85266202,37.34540462,37.57257702,37.33085448,0,0
25.87000000,37.84664946,37.33692497,37.59994448,37.37875798,0,0
25.88000000,37.72867282,37.36628653,37.57972477,37.36355865,0,0
25.89000000,37.77343405,37.34760079,37.53716335,37.36420856,0,0
25.90000000,37.82491010,37.38285507,37.53587775,37.37400264,0,0
25.91000000,37.89375391,37.40170533,37.59258107,37.34407351,0,0
25.92000000,37.81505766,37.37303759,37.52991431,37.31006641,0,0
25.93000000,37.76577688,37.37805038,37.50708680,37.35129486,0,0
25.94000000,37.77670996,37.40814015,37.51479886,37.38635331,0,0
25.95000000,37.87546137,37.45475226,37.52662598,37.40970758,0,0
25.96000000,37.85757795,37.39751851,37.60414809,37.43212726,0,0
25.97000000,37.84299247,37.41379331,37.65554611,37.39150945,0,0
25.98000000,37.79297768,37.45047475,37.65087825,37.33816896,0,0
25.99000000,37.89843308,37.49512717,37.65926494,37.32860336,0,0
26.00000000,37.88616104,37.52226209,37.59672082,37.31845608,0,0
26.01000000,37.84384452,37.52896917,37.54395570,37.35562751,0,0
26.02000000,37.88214129,37.54312512,37.56709110,37.35784192,0,0
26.03000000,37.90741720,37.52232048,37.57678204,37.40936688,0,0
26.04000000,37.93391229,37.55572880,37.63402730,37.49670375,0,0
26.05000000,37.93197910,37.56471877,37.65709603,37.47087420,0,0
26.06000000,37.91973517,37.59714523,37.62529287,37.43021559,0,0
26.07000000,37.96166940,37.53334168,37.67834747,37.44797337,0,0
26.08000000,37.92237292,37.65553979,37.69155894,37.45518927,0,0
26.09000000,37.97971747,37.65160762,37.58089225,37.47853451,0,0
26.10000000,37.93408217,37.68309332,37.69311382,37.53651247,0,0
26.11000000,37.99407658,37.69908434,37.71015732,37.55957754,0,0
26.12000000,38.05614161,37.71273911,37.74003675,37.52575860,0,0
26.13000000,38.04875159,37.72759860,37.75601478,37.63855690,0,0
26.14000000,37.97571627,37.73023667,37.83354393,37.60672677,0,0
26.15000000,38.02847016,37.76025106,37.83596175,37.60895842,0,0
26.16000000,38.02832339,37.80727144,37.80349329,37.67545221,0,0
26.17000000,38.03579801,37.88156125,37.75890712,37.61386165,0,0
26.18000000,38.13600699,37.87336267,37.70064182,37.71738864,0,0
26.19000000,38.01542245,37.80911222,37.76397657,37.65983514,0,0
26.20000000,38.09245644,37.81609201,37.81163445,37.75327939,0,0
26.21000000,38.02399369,37.92017622,37.86328491,37.78882345,0,0
26.22000000,38.14696850,38.05156259,37.89762712,37.81464309,0,0
26.23000000,38.14485078,38.02717309,37.81525681,37.76849416,0,0
26.24000000,38.19089489,38.01920927,37.86289972,37.82412387,0,0
26.25000000,38.11215808,38.00487880,37.88660607,37.82822965,0,0
26.26000000,38.15829078,38.06660527,37.80460617,37.88562430,0,0
26.27000000,38.19372399,38.10487099,37.90875787,37.95602789,0,0
26.28000000,38.29491294,38.17447752,37.90015790,37.96556147,0,0
26.29000000,38.25034271,38.15922002,37.92234281,38.01329142,0,0
26.30000000,38.25173291,38.16897450,38.01707235,38.03561404,0,0
26.31000000,38.19968327,38.21301918,38.03439591,38.07650210,0,0
26.32000000,38.29877117,38.23230889,38.08205371,38.09712871,0,0
26.33000000,38.26166692,38.22488890,38.00800432,38.14497338,0,0
26.34000000,38.27736910,38.29924090,38.02265895,38.16395871,0,0
26.35000000,38.31344186,38.31896047,38.03796692,38.18707972,0,0
26.36000000,38.45729555,38.34440695,38.05242270,38.24654876,0,0
26.37000000,38.43243986,38.38321920,38.14749070,38.30127880,0,0
26.38000000,38.49310253,38.42414700,38.15108183,38.30463326,0,0
26.39000000,38.44911999,38.42386092,38.14626514,38.32290769,0,0
26.40000000,38.42299523,38.43891833,38.19060179,38.32014614,0,0
26.41000000,38.49165372,38.50954555,38.21380631,38.35072767,0,0
26.42000000,38.58155740,38.55592578,38.19746526,38.37799488,0,0
26.43000000,38.66687515,38.55469264,38.13192520,38.39127030,0,0
26.44000000,38.63082413,38.58928212,38.18455649,38.40764183,0,0
26.45000000,38.59048795,38.57595611,38.23962454,38.42808224,0,0
26.46000000,38.58655904,38.57827674,38.36711706,38.47582945,0,0
26.47000000,38.57870950,38.59788918,38.40057176,38.51888293,0,0
26.48000000,38.69594123,38.62904095,38.44030975,38.55587959,0,0
26.49000000,38.74343777,38.67881686,38.40494209,38.55352935,0,0
26.50000000,38.74056314,38.74946327,38.38679416,38.59456018,0,0
26.51000000,38.77496536,38.78200914,38.40533138,38.56667055,0,0
26.52000000,38.94370184,38.75770707,38.45183465,38.56939342,0,0
26.53000000,38.88536595,38.78042862,38.57348173,38.66676281,0,0
26.54000000,38.86810372,38.84812752,38.60867343,38.72704239,0,0
26.55000000,38.86110674,38.92523647,38.63165978,38.75754504,0,0
26.56000000,38.92290242,38.94196058,38.64297627,38.73575032,0,0
26.57000000,38.96268220,38.92379760,38.66387532,38.77123461,0,0
26.58000000,39.05724239,38.99623858,38.62515399,38.75432192,0,0
26.59000000,39.05711710,39.07916312,38.51143900,38.84572586,0,0
26.60000000,39.11209985,39.09523719,38.63416931,38.90783130,0,0
26.61000000,39.14685017,39.12400473,38.72519633,38.90210674,0,0
26.62000000,39.09238103,39.03519315,38.82028815,39.02118609,0,0
26.63000000,39.09601664,39.09451305,38.85064640,38.97602844,0,0
26.64000000,39.20206792,39.17557367,38.82173893,39.01790410,0,0
26.65000000,39.24183748,39.24410323,38.85592700,39.06292371,0,0
26.66000000,39.21911370,39.22903207,38.84205230,39.09083939,0,0
26.67000000,39.28758645,39.28366227,38.97895694,39.14226747,0,0
26.68000000,39.35097161,39.28245061,38.96761760,39.12511031,0,0
26.69000000,39.34767186,39.34651272,39.03614333,39.21045439,0,0
26.70000000,39.29207779,39.44903416,39.06262213,39.19844241,0,0
26.71000000,39.38870663,39.45885320,39.06448829,39.29952988,0,0
26.72000000,39.52841153,39.47706953,39.05597392,39.25178411,0,0
26.73000000,39.56661622,39.48855616,39.08638430,39.31874757,0,0
26.74000000,39.54365617,39.57120649,39.07210267,39.34545551,0,0
26.75000000,39.57845090,39.67035441,39.03332607,39.33899965,0,0
26.76000000,39.64978855,39.69944273,39.20955291,39.43716032,0,0
26.77000000,39.67321596,39.70633456,39.25444493,39.48051377,0,0
26.78000000,39.77392924,39.65087213,39.39915575,39.50718018,0,0
26.79000000,39.66980585,39.66207961,39.44399669,39.60122995,0,0
26.80000000,39.67970239,39.70058955,39.48209217,39.58033072,0,0
26.81000000,39.71090725,39.75662776,39.45456177,39.61605973,0,0
26.82000000,39.72674652,39.86821667,39.44867298,39.64020893,0,0
26.83000000,39.84559589,39.84784218,39.50498306,39.69916234,0,0
26.84000000,39.92221526,39.88898914,39.49574394,39.68652096,0,0
26.85000000,39.95925160,39.85555689,39.60751597,39.78181772,0,0
26.86000000,39.90709092,39.97269742,39.68340996,39.83413569,0,0
26.87000000,40.00885825,40.02369636,39.71034859,39.88226914,0,0
26.88000000,40.08102487,40.05371792,39.71138123,39.91771488,0,0
26.89000000,40.10151514,40.08616645,39.74658624,39.90488442,0,0
26.90000000,40.11953523,40.13896191,39.82413780,39.91323787,0,0
26.91000000,40.12576063,40.23134888,39.78836655,39.95235245,0,0
26.92000000,40.21989486,40.20279319,39.81429387,40.00479420,0,0
26.93000000,40.26163268,40.24353577,39.80220087,40.01303231,0,0
26.94000000,40.26653078,40.23553255,39.86789798,40.09928780,0,0
26.95000000,40.25680290,40.25047432,39.95757447,40.12065110,0,0
26.96000000,40.32414867,40.32439558,40.06263159,40.14694457,0,0
26.97000000,40.36828195,40.35645689,40.07170459,40.19754133,0,0
26.98000000,40.46547269,40.41163491,40.02593264,40.24295027,0,0
26.99000000,40.52192338,40.45237369,40.01381255,40.26899567,0,0
27.00000000,40.56023714,40.47108925,40.06491824,40.32519755,0,0
27.01000000,40.48531292,40.51203033,40.21993689,40.37387555,0,0
27.02000000,40.48828860,40.55164284,40.34676361,40.42467791,0,0
27.03000000,40.58173873,40.59423778,40.34447561,40.43453596,0,0
27.04000000,40.65125335,40.63618709,40.30118908,40.44895254,0,0
27.05000000,40.65899159,40.68677099,40.29862341,40.51848872,0,0
27.06000000,40.70896590,40.71787267,40.30584088,40.52365050,0,0
27.07000000,40.76157891,40.76442697,40.34043973,40.61309678,0,0
27.08000000,40.81915382,40.80005766,40.41148611,40.61942944,0,0
27.09000000,40.85699552,40.82417449,40.42718386,40.68175354,0,0
27.10000000,40.82902151,40.83380634,40.48854714,40.69924923,0,0
27.11000000,40.87277275,40.88330836,40.57572900,40.73254918,0,0
27.12000000,40.96100266,40.89303041,40.61815320,40.77438154,0,0
27.13000000,40.98076530,40.97566266,40.57452977,40.79347645,0,0
27.14000000,41.02782298,40.99172749,40.61694348,40.81214269,0,0
27.15000000,41.08067089,41.08100614,40.62887783,40.82289400,0,0
27.16000000,41.10530751,41.05759322,40.71367204,40.87667924,0,0
27.17000000,41.10662736,41.20792757,40.73072328,40.97169075,0,0
27.18000000,41.16299912,41.16676029,40.81042378,41.03314314,0,0
27.19000000,41.18559016,41.16211257,40.79253580,40.96960477,0,0
27.20000000,41.18491825,41.22502010,40.77980195,41.06874161,0,0
27.21000000,41.28231244,41.26045589,40.90088769,41.02722666,0,0
27.22000000,41.28186490,41.29758906,40.86322008,41.10373079,0,0
27.23000000,41.36468926,41.27081813,40.99579200,41.17625380,0,0
27.24000000,41.32162488,41.34871941,40.99887091,41.18331793,0,0
27.25000000,41.41473923,41.31734040,41.03408502,41.27976470,0,0
27.26000000,41.38271834,41.46163861,41.11280664,41.25007085,0,0
27.27000000,41.52368869,41.50458562,41.14735771,41.26345748,0,0
27.28000000,41.46892595,41.51093417,41.15684124,41.28793521,0,0
27.29000000,41.53125697,41.51052721,41.11932448,41.31200609,0,0
27.30000000,41.62062009,41.54239575,41.19102702,41.35430117,0,0
27.31000000,41.66960867,41.54781598,41.23895697,41.42459575,0,0
27.32000000,41.61899998,41.64232754,41.36070172,41.51345244,0,0
27.33000000,41.63029594,41.69614185,41.39361762,41.51862586,0,0
27.34000000,41.69699731,41.70052077,41.37157051,41.54268392,0,0
27.35000000,41.73239687,41.73467436,41.43344006,41.57667443,0,0
27.36000000,41.77665879,41.75558187,41.49053332,41.59339313,0,0
27.37000000,41.79480481,41.80031430,41.50885180,41.63622201,0,0
27.38000000,41.91512711,41.84595950,41.52122676,41.68531811,0,0
27.39000000,41.92813140,41.91800938,41.58108032,41.72694544,0,0
27.40000000,41.91686149,41.90403747,41.59051467,41.82024403,0,0
27.41000000,41.90744281,41.95034657,41.63635621,41.81519084,0,0
27.42000000,42.03404857,41.97380649,41.67279657,41.82033113,0,0
27.43000000,42.07663614,42.02322623,41.73868594,41.88006354,0,0
27.44000000,42.10945981,42.11437596,41.73578382,41.84164495,0,0
27.45000000,42.17089757,42.13730947,41.71268279,41.84643408,0,0
27.46000000,42.17934297,42.15472472,41.77433832,41.96394933,0,0
27.47000000,42.20594287,42.20439208,41.82630288,42.04935600,0,0
27.48000000,42.26421197,42.24797023,41.92025491,42.13872580,0,0
27.49000000,42.34989801,42.28345498,41.94048970,42.15313054,0,0
27.50000000,42.32104759,42.28602185,41.97727747,42.19019268,0,0
27.51000000,42.35098396,42.35692638,42.03904838,42.21012326,0,0
27.52000000,42.39331505,42.40396527,42.04173758,42.20463134,0,0
27.53000000,42.49778322,42.45926421,42.07851701,42.24722487,0,0
27.54000000,42.52078229,42.45944245,42.12250876,42.24837702,0,0
27.55000000,42.50492505,42.51234065,42.17684572,42.30528470,0,0
27.56000000,42.57143675,42.52052921,42.27866276,42.33599245,0,0
27.57000000,42.66230120,42.54127626,42.23668267,42.35851611,0,0
27.58000000,42.65574994,42.63375742,42.25994097,42.37255944,0,0
27.59000000,42.67263280,42.66010614,42.23980714,42.45917136,0,0
27.60000000,42.72886370,42.70793451,42.34670713,42.43234761,0,0
27.61000000,42.75606819,42.70991030,42.35212251,42.44911898,0,0
27.62000000,42.83128303,42.76851255,42.47096329,42.57268343,0,0
27.63000000,42.87101511,42.80938334,42.47366741,42.57572453,0,0
27.64000000,42.88167988,42.83442483,42.47138117,42.59419426,0,0
27.65000000,42.87151616,42.86856259,42.49571161,42.62037163,0,0
27.66000000,42.93888255,42.88700110,42.61151565,42.60481539,0,0
27.67000000,43.04562812,42.94467387,42.51673050,42.67551243,0,0
27.68000000,43.06872090,42.94306913,42.58439224,42.74357482,0,0
27.69000000,43.02951353,42.96207575,42.61693436,42.81588975,0,0
27.70000000,43.00409296,42.96295458,42.74308323,42.88429844,0,0
27.71000000,43.11008459,43.06829281,42.84909287,42.86702866,0,0
27.72000000,43.20652365,43.12049481,42.88511809,42.90837561,0,0
27.73000000,43.28644179,43.13391317,42.89263447,42.93497748,0,0
27.74000000,43.25699628,43.17988212,42.85426507,42.95850317,0,0
27.75000000,43.30001585,43.14577361,42.92710088,42.97580929,0,0
27.76000000,43.28186512,43.26208692,42.93576851,43.13024072,0,0
27.77000000,43.32800877,43.35534694,43.06983642,43.12428071,0,0
27.78000000,43.38140120,43.31872525,43.14882903,43.22569856,0,0
27.79000000,43.47166623,43.32737521,43.13343503,43.13224178,0,0
27.80000000,43.50604359,43.39693155,43.17172523,43.19460771,0,0
27.81000000,43.48146503,43.43991299,43.17467608,43.22465835,0,0
27.82000000,43.54187908,43.51401865,43.11105311,43.26913208,0,0
27.83000000,43.57609246,43.50468978,43.23977084,43.32230200,0,0
27.84000000,43.62517701,43.57023016,43.26368259,43.36261179,0,0
27.85000000,43.65856650,43.61990950,43.40631132,43.40709334,0,0
27.86000000,43.76575680,43.68668442,43.33224828,43.41411304,0,0
27.87000000,43.76728955,43.65995426,43.33447621,43.45653634,0,0
27.88000000,43.75084558,43.69056486,43.38232717,43.49788952,0,0
27.89000000,43.82802518,43.73557734,43.43487045,43.54024632,0,0
27.90000000,43.86068646,43.80224579,43.46063107,43.59055702,0,0
27.91000000,43.91105264,43.85106264,43.50701072,43.65626112,0,0
27.92000000,43.90752748,43.89517974,43.52592683,43.71171361,0,0
27.93000000,43.95328441,43.87353875,43.53912901,43.72484350,0,0
27.94000000,43.96654716,43.88358231,43.58964245,43.74842991,0,0
27.95000000,43.98497122,43.92773972,43.69895489,43.75248100,0,0
27.96000000,44.04438192,44.02115115,43.72650525,43.77323741,0,0
27.97000000,44.13232697,44.05971758,43.67824238,43.80907223,0,0
27.98000000,44.16514891,44.08106414,43.72616845,43.87274764,0,0
27.99000000,44.14297261,44.07672647,43.79500839,43.91338411,0,0
28.00000000,44.14644210,44.13151138,43.87089767,43.93144657,0,0
28.01000000,44.21247449,44.13397340,43.94379955,43.95868793,0,0
28.02000000,44.23095023,44.20238223,43.96077631,43.99410457,0,0
28.03000000,44.34277881,44.26214844,43.92394808,44.00115280,0,0
28.04000000,44.37452373,44.31261211,43.95937792,44.05510234,0,0
28.05000000,44.36067668,44.35042949,44.01109363,44.13238175,0,0
28.06000000,44.38193927,44.36174134,44.07157890,44.20473729,0,0
28.07000000,44.40121193,44.37449538,44.11250141,44.19585910,0,0
28.08000000,44.47320636,44.39349846,44.11990443,44.22713970,0,0
28.09000000,44.51216871,44.43613434,44.15706167,44.27213459,0,0
28.10000000,44.55113106,44.47877022,44.19421891,44.31712947,0,0
28.11000000,44.59009341,44.52140610,44.23137614,44.36212435,0,0
28.12000000,44.62905575,44.56404198,44.26853338,44.40711924,0,0
28.13000000,44.60482170,44.57572745,44.31716333,44.47313052,0,0
28.14000000,44.74330039,44.68180973,44.40590633,44.50616874,0,0
28.15000000,44.75544329,44.72264042,44.37221275,44.49340063,0,0
28.16000000,44.78466266,44.74653350,44.42283820,44.54013928,0,0
28.17000000,44.76106501,44.75909331,44.41238955,44.56596340,0,0
28.18000000,44.88485462,44.79525925,44.45499549,44.58009506,0,0
28.19000000,44.88809589,44.88594512,44.54621364,44.63688269,0,0
28.20000000,44.93989976,44.95690557,44.62974176,44.73666834,0,0
28.21000000,44.92493503,44.93097663,44.57358854,44.69067660,0,0
28.22000000,44.95720169,44.95514950,44.52135847,44.70634654,0,0
28.23000000,44.99838923,45.01987162,44.57164576,44.77511739,0,0
28.24000000,45.06995415,45.06167801,44.60377147,44.71842304,0,0
28.25000000,45.14943997,45.09798874,44.67449936,44.88912044,0,0
28.26000000,45.14119567,45.08618242,44.72326165,44.91749680,0,0
28.27000000,45.07875137,45.07384616,44.72849625,44.99123368,0,0
28.28000000,45.22854583,45.17753466,44.83496694,45.00949363,0,0
28.29000000,45.26486518,45.21026638,44.87270911,45.02190840,0,0
28.30000000,45.22868133,45.28668129,44.93912801,45.04659992,0,0
28.31000000,45.27693190,45.32529823,44.90135335,45.07163754,0,0
28.32000000,45.34735975,45.28071929,44.94413984,45.07769280,0,0
28.33000000,45.33085947,45.32669057,44.91527501,45.15556681,0,0
28.34000000,45.40880168,45.41373583,44.99066540,45.23067504,0,0
28.35000000,45.46578120,45.43743500,45.09246539,45.26518149,0,0
28.36000000,45.44650584,45.41544663,45.11588357,45.26982494,0,0
28.37000000,45.50491460,45.47443017,45.17467629,45.29855705,0,0
28.38000000,45.59543151,45.51992037,45.19583447,45.31504779,0,0
28.39000000,45.65477588,45.59592530,45.15592799,45.32107819,0,0
28.40000000,45.61155688,45.58366942,45.24728292,45.40447965,0,0
28.41000000,45.60933306,45.61653837,45.29910184,45.42800701,0,0
28.42000000,45.69551836,45.65714196,45.38953116,45.49186411,0,0
28.43000000,45.82340341,45.71672635,45.48003190,45.49802467,0,0
28.44000000,45.80745546,45.74049926,45.45284921,45.54575537,0,0
28.45000000,45.83515681,45.79292316,45.45183727,45.56619789,0,0
28.46000000,45.84437681,45.85630586,45.43387562,45.59363310,0,0
28.47000000,45.90920007,45.89505007,45.51452133,45.63951156,0,0
28.48000000,45.91089451,45.88938099,45.57410638,45.67623343,0,0
28.49000000,45.93632424,45.88170173,45.65889213,45.67270474,0,0
28.50000000,45.94768332,45.91759557,45.63054252,45.68684196,0,0
28.51000000,45.99947153,45.98209070,45.66886187,45.74022435,0,0
28.52000000,46.08360067,46.01834836,45.64995032,45.80940609,0,0
28.53000000,46.12033403,46.05200010,45.65761147,45.87489770,0,0
28.54000000,46.11087545,46.06692834,45.73107654,45.93135218,0,0
28.55000000,46.11741459,46.09176677,45.78560571,46.02372496,0,0
28.56000000,46.23922497,46.17813152,45.88639039,46.03696083,0,0
28.57000000,46.28754213,46.18740935,45.88080640,46.04911362,0,0
28.58000000,46.30281476,46.22843143,45.88071847,46.04560808,0,0
28.59000000,46.36350634,46.24992507,45.92313021,46.08775486,0,0
28.60000000,46.36599911,46.32790260,45.94558632,46.10794422,0,0
28.61000000,46.40911220,46.41915620,45.98618921,46.14116950,0,0
28.62000000,46.40379681,46.39029720,46.09201719,46.21467428,0,0
28.63000000,46.46142767,46.40059690,46.11161121,46.18351517,0,0
28.64000000,46.46349353,46.38517772,46.15772489,46.21614647,0,0
28.65000000,46.53331609,46.48643378,46.24008335,46.25239471,0,0
28.66000000,46.61040135,46.58012555,46.16778532,46.27778841,0,0
28.67000000,46.63460673,46.57915140,46.20651468,46.34358260,0,0
28.68000000,46.57270345,46.58610465,46.25962829,46.41441771,0,0
28.69000000,46.70955112,46.62498612,46.32136858,46.46736539,0,0
28.70000000,46.78218423,46.73635172,46.40341974,46.48138956,0,0
28.71000000,46.77920669,46.75316442,46.41809152,46.52379469,0,0
28.72000000,46.87297374,46.82488433,46.43863228,46.52508395,0,0
28.73000000,46.84353908,46.78303359,46.40901850,46.54440329,0,0
28.74000000,46.85937373,46.81116929,46.42635961,46.63170253,0,0
28.75000000,46.98502171,46.84672949,46.51425427,46.74021832,0,0
28.76000000,46.96714689,46.88952063,46.60632837,46.72947734,0,0
28.77000000,47.01805975,46.95257736,46.60379046,46.75837915,0,0
28.78000000,47.05569420,47.04955048,46.61944831,46.73661372,0,0
28.79000000,47.12795293,47.08908056,46.64072826,46.75268175,0,0
28.80000000,47.22443478,47.06736748,46.62452360,46.80573722,0,0
28.81000000,47.15254001,47.09487131,46.74093893,46.85914333,0,0
28.82000000,47.13782041,47.09477634,46.77322036,46.91784383,0,0
28.83000000,47.28210028,47.12284671,46.87567349,46.91120007,0,0
28.84000000,47.33094108,47.16244199,46.88100945,46.97904203,0,0
28.85000000,47.36089418,47.24446669,46.95136918,46.95420507,0,0
28.86000000,47.39427027,47.27481827,46.92790034,46.97849042,0,0
28.87000000,47.38495026,47.30971325,46.97080291,47.03187799,0,0
28.88000000,47.44275733,47.33675661,47.00974660,47.09099993,0,0
28.89000000,47.50425685,47.34528703,47.13947475,47.17914519,0,0
28.90000000,47.48597254,47.36921787,47.16020176,47.13964946,0,0
28.91000000,47.49292590,47.36673262,47.17613157,47.15367785,0,0
28.92000000,47.57905837,47.40009901,47.19992098,47.20275953,0,0
28.93000000,47.64679928,47.47408690,47.17416527,47.21125690,0,0
28.94000000,47.60605213,47.47455401,47.19810437,47.25550918,0,0
28.95000000,47.63242867,47.46754809,47.26380866,47.28696758,0,0
28.96000000,47.70038129,47.61001649,47.33335565,47.27209965,0,0
28.97000000,47.77367767,47.54903246,47.33987263,47.33415931,0,0
28.98000000,47.77597054,47.58521321,47.36384180,47.39826667,0,0
28.99000000,47.81096490,47.55561750,47.45076035,47.45488053,0,0
29.00000000,47.80581735,47.62435009,47.45731961,47.52111350,0,0
29.01000000,47.86305207,47.74477174,47.51773622,47.56393668,0,0
29.02000000,47.90524476,47.78038283,47.56687280,47.61990443,0,0
29.03000000,47.94317334,47.78191778,47.60605785,47.60400682,0,0
29.04000000,47.98158873,47.78225337,47.62940119,47.57943033,0,0
29.05000000,48.02296835,47.80688852,47.66465296,47.61021328,0,0
29.06000000,48.04747463,47.87791664,47.71484532,47.67697614,0,0
29.07000000,48.06474839,47.93596792,47.75019694,47.74489124,0,0
29.08000000,48.05193187,47.98072728,47.79336452,47.83792592,0,0
29.09000000,48.12753272,48.02030655,47.82703628,47.89181769,0,0
29.10000000,48.24263794,48.04123747,47.91616178,47.94043837,0,0
29.11000000,48.21808946,48.07679421,47.94006112,47.93636484,0,0
29.12000000,48.26108478,48.13584327,47.98493979,47.95873028,0,0
29.13000000,48.31190437,48.19981659,47.97312069,47.98076971,0,0
29.14000000,48.31341355,48.32250117,47.94880940,48.09440736,0,0
29.15000000,48.47616388,48.30063914,48.04764289,48.17805571,0,0
29.16000000,48.47583934,48.31454032,48.06418813,48.18185405,0,0
29.17000000,48.52276373,48.33514398,48.11902246,48.19968092,0,0
29.18000000,48.51396472,48.43642339,48.16265068,48.17764879,0,0
29.19000000,48.61194863,48.51337688,48.12304566,48.17760390,0,0
29.20000000,48.63490869,48.53803480,48.10149820,48.17440436,0,0
29.21000000,48.68347447,48.51086798,48.13222767,48.24095619,0,0
29.22000000,48.76166268,48.56112965,48.17779836,48.28801021,0,0
29.23000000,48.74136713,48.61299918,48.29003566,48.27788203,0,0
29.24000000,48.75414345,48.68941521,48.36993701,48.32580999,0,0
29.25000000,48.79710082,48.71629933,48.39176206,48.29645135,0,0
29.26000000,48.82740675,48.65448017,48.38315412,48.31746728,0,0
29.27000000,48.86543309,48.75245798,48.33881844,48.37340236,0,0
29.28000000,48.91393593,48.78989764,48.42817707,48.49687451,0,0
29.29000000,48.94894774,48.78445860,48.52852090,48.55408441,0,0
29.30000000,48.90412875,48.84439733,48.57437765,48.52366731,0,0
29.31000000,49.01260818,48.86242464,48.60562393,48.51353270,0,0
29.32000000,49.06158383,48.89549238,48.47362333,48.57063862,0,0
29.33000000,49.04444182,48.89853214,48.45123440,48.59312299,0,0
29.34000000,49.07029163,48.88138314,48.57563157,48.64588398,0,0
29.35000000,49.07000967,48.95431366,48.67946093,48.74451586,0,0
29.36000000,49.14645945,48.95933531,48.80365444,48.70742913,0,0
29.37000000,49.16457098,49.00963005,48.71377818,48.76006363,0,0
29.38000000,49.20677004,49.07217348,48.79530267,48.81321047,0,0
29.39000000,49.19827941,49.03973050,48.74149188,48.81658572,0,0
29.40000000,49.25064426,49.09965665,48.87364314,48.92660045,0,0
29.41000000,49.31106012,49.09529699,48.94569298,49.02548206,0,0
29.42000000,49.34637740,49.12824241,49.06393192,49.06928086,0,0
29.43000000,49.32534551,49.18956039,49.04606231,49.07819043,0,0
29.44000000,49.33192183,49.26784244,49.09800910,49.11517336,0,0
29.45000000,49.43227568,49.31275309,49.04108360,49.12214760,0,0
29.46000000,49.49507963,49.26111780,49.08460794,49.15755966,0,0
29.47000000,49.46996278,49.26638900,49.10647060,49.20715828,0,0
29.48000000,49.55541451,49.36542149,49.17037345,49.23940928,0,0
29.49000000,49.58086027,49.44290103,49.20924100,49.26848233,0,0
29.50000000,49.58715320,49.49657827,49.24497136,49.27984911,0,0
29.51000000,49.62653707,49.49524417,49.29425992,49.31448285,0,0
29.52000000,49.69718083,49.50897947,49.30466295,49.32480939,0,0
29.53000000,49.68910872,49.54577245,49.38036647,49.40960792,0,0
29.54000000,49.74212683,49.59069583,49.40681978,49.48568147,0,0
29.55000000,49.75669346,49.60947376,49.41857993,49.49712750,0,0
29.56000000,49.77296515,49.63419552,49.44003473,49.51679368,0,0
29.57000000,49.88902164,49.67227349,49.43835457,49.52548431,0,0
29.58000000,49.97736086,49.75207272,49.44123606,49.55346474,0,0
29.59000000,49.90198965,49.79254939,49.48861750,49.58092207,0,0
29.60000000,49.93238895,49.85583737,49.54838665,49.57944239,0,0
29.61000000,49.96427858,49.87009281,49.62088707,49.59498361,0,0
29.62000000,50.03997178,49.93086979,49.63690107,49.64644005,0,0
29.63000000,50.06726288,49.93246265,49.63764096,49.68358368,0,0
29.64000000,50.08800364,49.96054354,49.61755647,49.71854526,0,0
29.65000000,50.15266900,50.02053913,49.65941441,49.76023836,0,0
29.66000000,50.17834823,50.02980959,49.72712878,49.80475080,0,0
29.67000000,50.20317116,50.10869520,49.79060174,49.84514202,0,0
29.68000000,50.09725702,50.07818265,49.82399855,49.87429498,0,0
29.69000000,50.19049448,50.12963279,49.79232769,49.90398018,0,0
29.70000000,50.26171437,50.09982643,49.84320537,49.94247490,0,0
29.71000000,50.32476939,50.14095616,49.89013635,49.99953767,0,0
29.72000000,50.29513526,50.13198895,49.87511161,50.02632315,0,0
29.73000000,50.38808286,50.18604533,49.88940801,50.04172933,0,0
29.74000000,50.36015854,50.24645910,49.97389292,50.05249269,0,0
29.75000000,50.40796814,50.36569145,49.96920411,50.05941347,0,0
29.76000000,50.45701929,50.37438617,50.04804904,50.05927331,0,0
29.77000000,50.44775841,50.30952170,50.07873754,50.10831634,0,0
29.78000000,50.49350976,50.38841144,50.15619614,50.17949862,0,0
29.79000000,50.53708848,50.38730816,50.15527149,50.28008347,0,0
29.80000000,50.53241507,50.47038709,50.22508856,50.30441541,0,0
29.81000000,50.56282625,50.54877860,50.14041521,50.28313667,0,0
29.82000000,50.65795118,50.56827183,50.24576866,50.34813594,0,0
29.83000000,50.66730376,50.55459575,50.20312360,50.31830648,0,0
29.84000000,50.60495505,50.50177574,50.35257329,50.43167010,0,0
29.85000000,50.73160328,50.49794985,50.39604711,50.44510478,0,0
29.86000000,50.82577730,50.63295640,50.44108069,50.49631354,0,0
29.87000000,50.81915280,50.71205052,50.41006754,50.53936959,0,0
29.88000000,50.78319831,50.78921618,50.44022782,50.53972198,0,0
29.89000000,50.77201071,50.74117900,50.42455085,50.58065875,0,0
29.90000000,50.84748256,50.72215013,50.46418283,50.55568109,0,0
29.91000000,51.00180336,50.76661986,50.47537951,50.63032094,0,0
29.92000000,50.95858892,50.73953868,50.55584338,50.62200299,0,0
29.93000000,50.94277269,50.83311634,50.56672352,50.60127259,0,0
29.94000000,50.93343094,50.86807083,50.57461515,50.65931067,0,0
29.95000000,50.96144277,50.95295959,50.63191112,50.68918122,0,0
29.96000000,51.07170304,50.94282142,50.60676184,50.69526272,0,0
29.97000000,51.09314554,50.88502419,50.65878310,50.69921630,0,0
29.98000000,51.11634538,50.91420715,50.67515342,50.73266395,0,0
29.99000000,51.08072839,50.99134687,50.74821442,50.77934417,0,0
30.00000000,51.18609080,51.09974645,50.77693873,50.84571341,0,0
30.01000000,51.18708774,51.10746056,50.77820031,50.90144198,0,0
30.02000000,51.18105532,51.04589947,50.77773756,50.93240445,0,0
30.03000000,51.20167242,51.11163331,50.80059700,50.94639011,0,0
30.04000000,51.25567257,51.14257955,50.85904175,50.98822763,0,0
30.05000000,51.23805492,51.13543145,50.94802847,50.99940769,0,0
30.06000000,51.28649182,51.15112001,50.94523930,51.00309907,0,0
30.07000000,51.32819514,51.16709205,50.92606509,51.09877646,0,0
30.08000000,51.36579105,51.18245326,50.90654525,51.11004376,0,0
30.09000000,51.46721377,51.25562851,50.96901776,51.14891237,0,0
30.10000000,51.42641890,51.32928652,51.10234427,51.18124338,0,0
30.11000000,51.44903113,51.37608798,51.13079402,51.14430762,0,0
30.12000000,51.49647488,51.39599734,51.20857475,51.19604355,0,0
30.13000000,51.55657606,51.46647637,51.14373686,51.26151623,0,0
30.14000000,51.61062065,51.47777974,51.17309572,51.31110862,0,0
30.15000000,51.63507731,51.51618166,51.19176372,51.35325279,0,0
30.16000000,51.68115200,51.50932189,51.21585346,51.33911862,0,0
30.17000000,51.67649860,51.54920489,51.23849951,51.31911116,0,0
30.18000000,51.63687237,51.57398121,51.21600389,51.30834808,0,0
30.19000000,51.72520739,51.59768503,51.34961847,51.35548066,0,0
30.20000000,51.70564426,51.61956852,51.30274977,51.37174328,0,0
30.21000000,51.78931679,51.65006958,51.31754991,51.44246374,0,0
30.22000000,51.86835978,51.69339091,51.34944138,51.49449932,0,0
30.23000000,51.85921896,51.70536129,51.42437210,51.53013013,0,0
30.24000000,51.85634886,51.67817408,51.42292880,51.52075684,0,0
30.25000000,51.89577517,51.71854077,51.45180393,51.55353385,0,0
30.26000000,51.86485556,51.74114571,51.48541348,51.56329340,0,0
30.27000000,51.87779278,51.77313449,51.49564217,51.54078354,0,0
30.28000000,51.99685449,51.86160935,51.54708291,51.58368471,0,0
30.29000000,51.96622433,51.83687050,51.53991163,51.62147936,0,0
30.30000000,51.89178942,51.83298543,51.54671995,51.62788434,0,0
30.31000000,52.02259391,51.78706649,51.56866216,51.64926656,0,0
30.32000000,52.04777060,51.86735209,51.61984678,51.67493082,0,0
30.33000000,52.08401879,51.94530717,51.65372126,51.75019163,0,0
30.34000000,52.19514461,51.93718722,51.70329085,51.74174230,0,0
30.35000000,52.14057217,52.00941904,51.76866326,51.78006393,0,0
30.36000000,52.17444861,52.00578665,51.85977151,51.78146953,0,0
30.37000000,52.22634100,52.11476710,51.83100341,51.81818319,0,0
30.38000000,52.23319116,52.06115608,51.83998446,51.87399672,0,0
30.39000000,52.17721973,52.05857810,51.80074289,51.89134706,0,0
30.40000000,52.24770833,52.13725374,51.91750369,52.08483783,0,0
30.41000000,52.32884203,52.13113344,51.94873267,52.18393600,0,0
30.42000000,52.31891644,52.19679957,52.03855327,52.17438338,0,0
30.43000000,52.31658685,52.15693720,52.02749233,52.18031048,0,0
30.44000000,52.45485836,52.20071599,52.02006515,52.09707741,0,0
30.45000000,52.42028582,52.21242954,51.99368737,52.15023076,0,0
30.46000000,52.54204065,52.30697164,52.04875240,52.12210689,0,0
30.47000000,52.53903397,52.32007213,52.11863013,52.18831091,0,0
30.48000000,52.50644705,52.32487284,52.12353029,52.18059059,0,0
30.49000000,52.57788505,52.37753018,52.05046293,52.13645900,0,0
30.50000000,52.64566521,52.37359424,52.06704444,52.11882631,0,0
30.51000000,52.62390464,52.40753245,52.03772186,52.06669060,0,0
30.52000000,52.58028947,52.37078111,52.13679929,52.14372757,0,0
30.53000000,52.59623172,52.41641490,52.22955004,52.16235641,0,0
30.54000000,52.67156000,52.48625706,52.27675262,52.22943010,0,0
30.55000000,52.73909026,52.45672850,52.36085755,52.26279531,0,0
30.56000000,52.79972972,52.46959292,52.31460345,52.28427514,0,0
30.57000000,52.77777768,52.41206027,52.31789444,52.28021505,0,0
30.58000000,52.74617524,52.42488307,52.32728583,52.30573554,0,0
30.59000000,52.79668581,52.51364034,52.44510397,52.37000125,0,0
30.60000000,52.84731480,52.55812235,52.46830298,52.36677948,0,0
30.61000000,52.87993859,52.56711665,52.51102738,52.40478029,0,0
30.62000000,52.88780138,52.55319525,52.46278309,52.40186271,0,0
30.63000000,52.90505356,52.56769962,52.50862920,52.42724308,0,0
30.64000000,52.88264237,52.57737981,52.52550660,52.50902006,0,0
30.65000000,52.87179148,52.60612684,52.57583747,52.53287255,0,0
30.66000000,52.91683463,52.65386849,52.65872887,52.57294726,0,0
30.67000000,53.03299364,52.66188744,52.66790337,52.59739029,0,0
30.68000000,53.01671901,52.68151071,52.75779911,52.60006362,0,0
30.69000000,53.02334824,52.67921783,52.66370591,52.64445204,0,0
30.70000000,53.05222682,52.72058838,52.67333949,52.61239391,0,0
30.71000000,53.06491422,52.75826589,52.60943782,52.64645506,0,0
30.72000000,53.10509165,52.82863949,52.71703492,52.64899924,0,0
30.73000000,53.14512537,52.84788584,52.75564994,52.68809268,0,0
30.74000000,53.15053015,52.83009237,52.83453198,52.72319407,0,0
30.75000000,53.18355937,52.86005459,52.79129935,52.71798674,0,0
30.76000000,53.25389724,52.87260938,52.76801415,52.73338720,0,0
30.77000000,53.18654489,52.89987453,52.80508007,52.75495224,0,0
30.78000000,53.23674292,52.96761046,52.90972083,52.73160626,0,0
30.79000000,53.25623762,52.96049546,52.96723592,52.80210073,0,0
30.80000000,53.30797002,53.05365509,52.94641343,52.77860274,0,0
30.81000000,53.24908568,52.95260281,52.97728178,52.82895522,0,0
30.82000000,53.31499312,52.95383241,52.92295187,52.85414346,0,0
30.83000000,53.34405954,53.00093508,52.95792405,52.84239398,0,0
30.84000000,53.42026399,53.10161303,52.94754540,52.86132046,0,0
30.85000000,53.40065948,53.08189561,53.04391072,52.92576281,0,0
30.86000000,53.42339364,53.18746829,53.04355950,52.92897247,0,0
30.87000000,53.42135401,53.12172996,53.08433797,52.88364627,0,0
30.88000000,53.47861354,53.14922004,53.04798847,52.96132912,0,0
30.89000000,53.48580427,53.21021740,53.03402066,52.98620817,0,0
30.90000000,53.48038866,53.23494393,53.11410580,53.00025164,0,0
30.91000000,53.51678463,53.25695741,53.07960620,53.04108459,0,0
30.92000000,53.49449405,53.30761599,53.19424748,53.10088035,0,0
30.93000000,53.54263202,53.30559102,53.10006872,53.09009335,0,0
30.94000000,53.58507211,53.34290678,53.16348294,53.12679453,0,0
30.95000000,53.57481713,53.33069220,53.15178685,53.15001289,0,0
30.96000000,53.64723364,53.38380658,53.21585998,53.17659929,0,0
30.97000000,53.64590172,53.38999825,53.29970079,53.25036588,0,0
30.98000000,53.64285684,53.42815691,53.27500516,53.29206565,0,0
30.99000000,53.67695533,53.42981839,53.30321777,53.31686133,0,0
31.00000000,53.76151734,53.44553109,53.27646478,53.34526112,0,0
31.01000000,53.69634482,53.45821441,53.34382883,53.33496357,0,0
31.02000000,53.73917347,53.52486325,53.38396304,53.35512880,0,0
31.03000000,53.77342128,53.56469069,53.43165733,53.35055721,0,0
31.04000000,53.76852760,53.58352370,53.37129272,53.36471776,0,0
31.05000000,53.82187581,53.57997037,53.40179101,53.40717331,0,0
31.06000000,53.85696677,53.63757365,53.40593804,53.40959169,0,0
31.07000000,53.87159648,53.61546767,53.46434183,53.44916521,0,0
31.08000000,53.87720383,53.66613505,53.52912723,53.47325959,0,0
31.09000000,53.96403056,53.74814185,53.50198067,53.46436460,0,0
31.10000000,53.98573854,53.74100519,53.51401670,53.49481105,0,0
31.11000000,53.99075084,53.74715023,53.53269550,53.56306453,0,0
31.12000000,53.94635037,53.69524514,53.58046169,53.58925662,0,0
31.13000000,54.01695112,53.70651295,53.63496096,53.62353238,0,0
31.14000000,53.97624755,53.76909886,53.63845485,53.62524616,0,0
31.15000000,54.06196656,53.81005110,53.66280404,53.65521124,0,0
31.16000000,54.00420159,53.82080195,53.63261965,53.62437068,0,0
31.17000000,54.06018007,53.83272183,53.64621066,53.65376252,0,0
31.18000000,54.08459336,53.81531318,53.68033512,53.69006650,0,0
31.19000000,54.11885300,53.87999261,53.74360173,53.73820356,0,0
31.20000000,54.20386880,53.89873161,53.77722415,53.80315973,0,0
31.21000000,54.14208271,54.01450894,53.83536218,53.77384118,0,0
31.22000000,54.14713667,53.94616191,53.82140747,53.78133445,0,0
31.23000000,54.20611005,53.96489195,53.75598148,53.75791858,0,0
31.24000000,54.20660443,53.96049018,53.80158992,53.83387062,0,0
31.25000000,54.28478903,53.97950265,53.80976229,53.87221466,0,0
31.26000000,54.27069001,53.98971896,53.88375163,53.85285117,0,0
31.27000000,54.27927432,53.99614380,53.90600398,53.90153882,0,0
31.28000000,54.26815291,54.01670427,53.93103054,53.88258257,0,0
31.29000000,54.36594014,54.07729880,53.95024454,53.91868534,0,0
31.30000000,54.38246362,54.10898032,53.96305047,54.03827362,0,0
31.31000000,54.37344022,54.14690919,53.98937167,54.03314674,0,0
31.32000000,54.40590548,54.12186512,54.03545135,54.03328945,0,0
31.33000000,54.40309674,54.18240655,54.10505186,54.08780625,0,0
31.34000000,54.51008276,54.25199880,54.09478169,54.03557577,0,0
31.35000000,54.39940539,54.26560343,54.07418571,54.06790454,0,0
31.36000000,54.44476044,54.20842044,54.12160484,54.07000338,0,0
31.37000000,54.46583756,54.21541445,54.09231379,54.06525749,0,0
31.38000000,54.57005221,54.24907304,54.16524602,54.06027721,0,0
31.39000000,54.51831966,54.24097147,54.12489858,54.06807273,0,0
31.40000000,54.58746860,54.28721473,54.17989323,54.15589799,0,0
31.41000000,54.57773178,54.27351524,54.15967561,54.11757417,0,0
31.42000000,54.56189917,54.32857547,54.19949240,54.22125639,0,0
31.43000000,54.64720330,54.33838724,54.23013848,54.26136614,0,0
31.44000000,54.63017162,54.34910729,54.23600322,54.24413659,0,0
31.45000000,54.65034304,54.33754218,54.18201793,54.20084659,0,0
31.46000000,54.62426506,54.35441745,54.21769938,54.23711194,0,0
31.47000000,54.60966146,54.45208996,54.25739311,54.24235920,0,0
31.48000000,54.69872853,54.43488975,54.31976591,54.27922779,0,0
31.49000000,54.75194121,54.48742597,54.32264147,54.30825337,0,0
31.50000000,54.71026557,54.40998964,54.36406064,54.25848569,0,0
31.51000000,54.73442257,54.35882634,54.29923896,54.28458534,0,0
31.52000000,54.74536347,54.49535754,54.40755966,54.31518444,0,0
31.53000000,54.72884962,54.53640305,54.41838374,54.35155689,0,0
31.54000000,54.82355513,54.51462544,54.44860614,54.40754169,0,0
31.55000000,54.86741732,54.44296417,54.47192756,54.38328824,0,0
31.56000000,54.79459933,54.53957516,54.47438049,54.41305680,0,0
31.57000000,54.82118947,54.60332562,54.49286404,54.46356142,0,0
31.58000000,54.83556375,54.59469667,54.50972187,54.47519881,0,0
31.59000000,54.87876940,54.57479083,54.52344480,54.55600870,0,0
31.60000000,54.95750950,54.53976462,54.60904864,54.59274346,0,0
31.61000000,54.95080661,54.61892125,54.62180535,54.60701180,0,0
31.62000000,55.00227541,54.66114022,54.63666455,54.56397738,0,0
31.63000000,54.93709507,54.70161466,54.57505013,54.52484161,0,0
31.64000000,54.96570313,54.72542751,54.61319487,54.47615263,0,0
31.65000000,54.97605637,54.73930165,54.56421114,54.54253478,0,0
31.66000000,55.09174759,54.77598830,54.65013589,54.55019728,0,0
31.67000000,55.08247955,54.77867313,54.66959386,54.62030645,0,0
31.68000000,55.07221830,54.75748843,54.68760105,54.59193240,0,0
31.69000000,55.07928574,54.74982576,54.64372438,54.62699052,0,0
31.70000000,55.01794477,54.77129346,54.71245209,54.67706605,0,0
31.71000000,55.13909809,54.84233274,54.73657395,54.68101745,0,0
31.72000000,55.15883101,54.82950523,54.81157266,54.67415609,0,0
31.73000000,55.15651343,54.84206053,54.78378756,54.64923349,0,0
31.74000000,55.10589379,54.76559776,54.68216030,54.71087596,0,0
31.75000000,55.14999507,54.85919410,54.71749197,54.75497248,0,0
31.76000000,55.17004691,54.97500779,54.78449381,54.79618764,0,0
31.77000000,55.20956778,55.06782749,54.81553190,54.78295825,0,0
31.78000000,55.16241958,55.02588528,54.80925571,54.80697979,0,0
31.79000000,55.17585133,55.01604362,54.90338533,54.80456532,0,0
31.80000000,55.21885038,54.96830630,54.76028777,54.82841429,0,0
31.81000000,55.20119627,55.02696773,54.85097192,54.87850323,0,0
31.82000000,55.23719815,55.07356385,54.83184023,54.93680781,0,0
31.83000000,55.20624164,55.09192476,54.91107511,54.92380850,0,0
31.84000000,55.34174529,55.09174690,54.92928866,54.95223297,0,0
31.85000000,55.22812733,55.08061805,54.98822058,55.00396602,0,0
31.86000000,55.30676762,55.10638990,54.90515347,54.96997846,0,0
31.87000000,55.33939456,55.16431299,54.95848366,55.06705255,0,0
31.88000000,55.29306467,55.20708133,54.89237667,55.09981525,0,0
31.89000000,55.40662292,55.24209636,55.03008272,55.14649045,0,0
31.90000000,55.29154653,55.16785756,54.93841743,55.13823546,0,0
31.91000000,55.44704664,55.31256018,55.06949267,55.16886236,0,0
31.92000000,55.37520021,55.22937823,54.91965491,55.07210387,0,0
31.93000000,55.36353533,55.40459353,55.01722948,55.11806513,0,0
31.94000000,55.36505614,55.37817989,55.00707314,55.12580065,0,0
31.95000000,55.50354687,55.37943658,55.04778832,55.15864295,0,0
31.96000000,55.47814811,55.32619149,55.08874595,55.18597626,0,0
31.97000000,55.48612286,55.32085916,55.06626766,55.22183357,0,0
31.98000000,55.54665036,55.40727753,55.06763757,55.18766861,0,0
31.99000000,55.48339908,55.44346757,55.11470449,55.25141383,0,0
32.00000000,55.51084711,55.48987201,55.18654306,55.29706384,0,0
32.01000000,55.55761009,55.47948340,55.16835382,55.30155900,0,0
32.02000000,55.60569244,55.44921624,55.20025687,55.34935196,0,0
32.03000000,55.54224789,55.47068362,55.11039259,55.33761402,0,0
32.04000000,55.58260884,55.49256859,55.12165625,55.35232312,0,0
32.05000000,55.55597312,55.53174326,55.19510349,55.40795461,0,0
32.06000000,55.62664662,55.54647919,55.22793018,55.38606637,0,0
32.07000000,55.64047510,55.61438831,55.24694062,55.42995238,0,0
32.08000000,55.61228917,55.57178786,55.25279917,55.38787051,0,0
32.09000000,55.59846719,55.52752661,55.24033775,55.44134830,0,0
32.10000000,55.69212238,55.52171888,55.21658229,55.43979971,0,0
32.11000000,55.72711441,55.55024217,55.23746836,55.53541944,0,0
32.12000000,55.72440521,55.62387070,55.28336497,55.54105570,0,0
32.13000000,55.73748641,55.64360615,55.34083120,55.50260927,0,0
32.14000000,55.75195473,55.62395221,55.41526395,55.53829988,0,0
32.15000000,55.70083849,55.60029004,55.40985024,55.56838926,0,0
32.16000000,55.76381805,55.60369505,55.40783970,55.60570286,0,0
32.17000000,55.85031811,55.60612466,55.42030544,55.59412774,0,0
32.18000000,55.85355986,55.67114610,55.41881409,55.63244450,0,0
32.19000000,55.77515513,55.72908833,55.44528611,55.59617176,0,0
32.20000000,55.78178416,55.69658147,55.48078849,55.60038005,0,0
32.21000000,55.87466003,55.72010990,55.51207706,55.60917341,0,0
32.22000000,55.92441455,55.74179708,55.52463856,55.62843647,0,0
32.23000000,55.94451099,55.78072191,55.52483280,55.68351601,0,0
32.24000000,55.84448405,55.80512114,55.60722846,55.73563096,0,0
32.25000000,55.92578032,55.76220738,55.53687190,55.73875931,0,0
32.26000000,55.95421238,55.74966636,55.59324706,55.79435732,0,0
32.27000000,55.99697841,55.74552846,55.51021556,55.74422215,0,0
32.28000000,56.03876200,55.82853144,55.60143097,55.76292420,0,0
32.29000000,55.99501131,55.85235025,55.57047641,55.78073787,0,0
32.30000000,55.96120161,55.87508621,55.61321036,55.79492306,0,0
32.31000000,55.96927766,55.83165210,55.66483733,55.84494999,0,0
32.32000000,56.03118055,55.83828435,55.62371876,55.79688900,0,0
32.33000000,56.20120087,55.91252819,55.63358303,55.80913375,0,0
32.34000000,56.12971705,55.89978284,55.60599058,55.75057858,0,0
32.35000000,56.03451170,55.94930489,55.72756747,55.77236388,0,0
32.36000000,55.92349214,55.98015736,55.74798836,55.80064311,0,0
32.37000000,56.11363982,55.95649103,55.74047685,55.81777830,0,0
32.38000000,56.17155347,55.97676687,55.67850212,55.83385728,0,0
32.39000000,56.20983532,55.97078686,55.75570901,55.88020794,0,0
32.40000000,56.12960577,56.00870965,55.73443103,55.92380624,0,0
32.41000000,56.12749298,55.97892709,55.77695527,55.88802778,0,0
32.42000000,56.19557334,56.06699048,55.81033755,55.94562940,0,0
32.43000000,56.19881173,56.06754222,55.78517627,55.95079825,0,0
32.44000000,56.21111711,56.03984882,55.82076777,55.91515194,0,0
32.45000000,56.17215889,56.02352941,55.79572352,55.98573934,0,0
32.46000000,56.16039578,56.04296017,55.90553483,56.03054159,0,0
32.47000000,56.26554283,56.11940245,55.85642959,56.01566302,0,0
32.48000000,56.31213260,56.04602257,55.85188847,56.05106506,0,0
32.49000000,56.22327215,56.02013822,55.76682186,55.98149924,0,0
32.50000000,56.19352660,56.03426327,55.93731647,56.05933905,0,0
32.51000000,56.26114451,56.13296696,56.03112551,56.02357263,0,0
32.52000000,56.31254547,56.20863032,55.97396392,56.03675257,0,0
32.53000000,56.35870543,56.16031091,55.88108621,56.06190415,0,0
32.54000000,56.42096345,56.19383909,55.86674128,56.03897861,0,0
32.55000000,56.37971360,56.21373285,55.93365655,56.09452207,0,0
32.56000000,56.42171561,56.27847239,55.93757594,56.07406510,0,0
32.57000000,56.42037867,56.28207138,56.00112880,56.07518866,0,0
32.58000000,56.37582253,56.25252070,55.99056411,56.08183143,0,0
32.59000000,56.46883540,56.27725074,55.98364808,56.06919770,0,0
32.60000000,56.53403039,56.26546524,56.02064390,56.14208159,0,0
32.61000000,56.52638446,56.31265583,56.02832822,56.18017791,0,0
32.62000000,56.46721383,56.31375993,56.07214315,56.18147901,0,0
32.63000000,56.45966091,56.29434674,56.07597946,56.19196504,0,0
32.64000000,56.47970817,56.27928377,56.14337780,56.20630508,0,0
32.65000000,56.49059474,56.32690403,56.14379067,56.22201234,0,0
32.66000000,56.44740340,56.29455032,56.18864710,56.25978719,0,0
32.67000000,56.50434194,56.28182013,56.18245598,56.24971135,0,0
32.68000000,56.52360396,56.33212808,56.17047262,56.24801825,0,0
32.69000000,56.52709805,56.37578343,56.13528935,56.29015972,0,0
32.70000000,56.53552848,56.38547031,56.13732367,56.29225446,0,0
32.71000000,56.57235515,56.42588574,56.24461447,56.31140424,0,0
32.72000000,56.61590643,56.39766269,56.17850964,56.39157231,0,0
32.73000000,56.64905201,56.41130519,56.19611779,56.36548563,0,0
32.74000000,56.57870943,56.39576551,56.23109505,56.37435777,0,0
32.75000000,56.64169031,56.43108859,56.27443695,56.35983153,0,0
32.76000000,56.67500600,56.45062224,56.25493595,56.32390510,0,0
32.77000000,56.68411332,56.50758310,56.23264874,56.36931030,0,0
32.78000000,56.68502849,56.55067053,56.25893932,56.37473303,0,0
32.79000000,56.71728275,56.55911233,56.25439324,56.41486963,0,0
32.80000000,56.71313896,56.51698724,56.32380171,56.43502955,0,0
32.81000000,56.71041302,56.44199888,56.29149168,56.44241290,0,0
32.82000000,56.67097087,56.47135313,56.30150043,56.43279719,0,0
32.83000000,56.69534231,56.50300249,56.33407139,56.49427089,0,0
32.84000000,56.73521410,56.59110610,56.38643942,56.44120516,0,0
32.85000000,56.76621126,56.56495753,56.33769349,56.45584280,0,0
32.86000000,56.74033976,56.54185277,56.36080452,56.47826373,0,0
32.87000000,56.71508737,56.50359233,56.39090982,56.45560255,0,0
32.88000000,56.74475603,56.59708505,56.41437516,56.50852882,0,0
32.89000000,56.81192043,56.61323085,56.40659464,56.53529511,0,0
32.90000000,56.81681433,56.66247706,56.41053327,56.51461472,0,0
32.91000000,56.83684083,56.59339230,56.40302635,56.49942035,0,0
32.92000000,56.81671310,56.58781593,56.46465281,56.49965260,0,0
32.93000000,56.82231595,56.58640636,56.45952112,56.45770573,0,0
32.94000000,56.80884951,56.64199016,56.42948199,56.51012749,0,0
32.95000000,56.92117236,56.69167368,56.45032170,56.52267168,0,0
32.96000000,56.87048474,56.62366422,56.46288426,56.61857948,0,0
32.97000000,56.85367718,56.59100853,56.48226812,56.61510177,0,0
32.98000000,56.80483425,56.67797649,56.45360236,56.62029005,0,0
32.99000000,56.87091851,56.70008851,56.52949604,56.59685581,0,0
33.00000000,56.92461118,56.69377317,56.54036091,56.63684488,0,0
33.01000000,56.95453338,56.72034353,56.54855481,56.61375927,0,0
33.02000000,56.93844377,56.73432788,56.59376533,56.62697080,0,0
33.03000000,56.86604929,56.74787129,56.65070329,56.68318741,0,0
33.04000000,56.89866833,56.78770667,56.59323252,56.66730256,0,0
33.05000000,56.94754726,56.76396484,56.51755419,56.72365758,0,0
33.06000000,57.02932939,56.79815114,56.57897767,56.75450668,0,0
33.07000000,57.01951888,56.79290642,56.56469708,56.71116146,0,0
33.08000000,56.99587584,56.78696788,56.64133457,56.73012575,0,0
33.09000000,57.04597019,56.80207073,56.61893269,56.72093839,0,0
33.10000000,56.99533181,56.80742833,56.63450363,56.71427716,0,0
33.11000000,57.05796108,56.82624376,56.65892563,56.74885440,0,0
33.12000000,57.06368902,56.85047088,56.61787014,56.75070261,0,0
33.13000000,57.03568611,56.85414912,56.69073941,56.78427787,0,0
33.14000000,57.02811035,56.83882815,56.63767910,56.78005887,0,0
33.15000000,57.05611828,56.81266687,56.63964656,56.77190636,0,0
33.16000000,57.07017486,56.85999394,56.63658391,56.76959331,0,0
33.17000000,57.08866674,56.88108670,56.67772432,56.77012844,0,0
33.18000000,57.03670911,56.88208130,56.69724459,56.75592757,0,0
33.19000000,57.00825598,56.89722283,56.72386582,56.77881398,0,0
33.20000000,57.07830143,56.90751632,56.75475310,56.78649176,0,0
33.21000000,57.16539326,56.88769363,56.64350622,56.81468516,0,0
33.22000000,57.09989495,56.92857820,56.68162954,56.82748059,0,0
33.23000000,57.11854670,56.95697995,56.71960653,56.88047527,0,0
33.24000000,57.09564978,57.00166480,56.80956495,56.90536243,0,0
33.25000000,57.17822202,56.97620689,56.84027616,56.89017134,0,0
33.26000000,57.16841865,56.98292776,56.82146002,56.92373804,0,0
33.27000000,57.14328566,56.94697406,56.79080098,56.90750461,0,0
33.28000000,57.17066121,56.94088583,56.78384172,56.96911856,0,0
33.29000000,57.21777182,57.00438520,56.82829019,56.95695393,0,0
33.30000000,57.19991666,57.01522097,56.84948065,56.99791336,0,0
33.31000000,57.23755010,57.02562969,56.83749456,57.00682612,0,0
33.32000000,57.19786170,57.00920580,56.83847575,56.96128888,0,0
33.33000000,57.24066285,57.06118716,56.88035165,56.94401327,0,0
33.34000000,57.23591444,57.06718855,56.89684209,56.99475959,0,0
33.35000000,57.26295855,57.06443935,56.86548159,56.95316243,0,0
33.36000000,57.28493774,57.10279069,56.94448170,56.96720945,0,0
33.37000000,57.29523870,57.09723948,56.92579671,57.00861004,0,0
33.38000000,57.30862806,57.13618078,56.85954659,57.02032743,0,0
33.39000000,57.32442449,57.15861618,56.90371132,57.00121818,0,0
33.40000000,57.30515516,57.12993178,56.86949023,57.02942394,0,0
33.41000000,57.35742154,57.14809443,56.93299591,57.04517694,0,0
33.42000000,57.38980668,57.14560017,56.94499342,57.04148784,0,0
33.43000000,57.38343619,57.17389306,56.96309426,57.11030668,0,0
33.44000000,57.39386537,57.20036901,56.95876898,57.11261553,0,0
33.45000000,57.41269514,57.14647622,56.88240260,57.08379481,0,0
33.46000000,57.31216041,57.23086975,57.00503713,57.08494595,0,0
33.47000000,57.44015770,57.23464235,56.98859998,57.09331215,0,0
33.48000000,57.43851683,57.18519356,57.05787222,57.08443693,0,0
33.49000000,57.46500285,57.18973172,57.06288733,57.17998955,0,0
33.50000000,57.42752168,57.19697887,57.07118514,57.16306354,0,0
33.51000000,57.43142392,57.26454223,57.02810999,57.19989993,0,0
33.52000000,57.44808307,57.26901178,57.06925392,57.17886553,0,0
33.53000000,57.51323133,57.28313881,57.13374202,57.16023555,0,0
33.54000000,57.49981586,57.25827946,57.09466441,57.19987218,0,0
33.55000000,57.45993729,57.25351047,57.11437685,57.21528156,0,0
33.56000000,57.54645121,57.31589303,57.13338848,57.26933441,0,0
33.57000000,57.61171865,57.29004238,57.11423023,57.27613998,0,0
33.58000000,57.59568681,57.29804978,57.18524773,57.24255716,0,0
33.59000000,57.52836317,57.25460911,57.18599047,57.23828706,0,0
33.60000000,57.49980719,57.29682525,57.21842634,57.24253175,0,0
33.61000000,57.55907833,57.35534985,57.21654458,57.26803113,0,0
33.62000000,57.59050641,57.34102135,57.15902619,57.23734354,0,0
33.63000000,57.55060360,57.33002471,57.11742764,57.21627680,0,0
33.64000000,57.60575929,57.31440041,57.16014115,57.23681332,0,0
33.65000000,57.60545505,57.34671338,57.25940021,57.25495804,0,0
33.66000000,57.63038577,57.35987944,57.25386154,57.30173442,0,0
33.67000000,57.63384358,57.34357309,57.23166542,57.27889823,0,0
33.68000000,57.62512729,57.34309501,57.22763865,57.26317960,0,0
33.69000000,57.58437702,57.38424470,57.28228759,57.30172751,0,0
33.70000000,57.64515549,57.38424675,57.29234232,57.27495594,0,0
33.71000000,57.67521466,57.37124797,57.17352220,57.32824797,0,0
33.72000000,57.68604329,57.38967381,57.23260121,57.34594344,0,0
33.73000000,57.65796980,57.41050614,57.22177159,57.39913747,0,0
33.74000000,57.65970070,57.46704958,57.34697794,57.38307910,0,0
33.75000000,57.66969671,57.47609623,57.39999201,57.39385947,0,0
33.76000000,57.67037521,57.45355028,57.38334768,57.38408050,0,0
33.77000000,57.74156309,57.40661816,57.36586944,57.36701497,0,0
33.78000000,57.75802062,57.44641107,57.32310101,57.41212661,0,0
33.79000000,57.73526972,57.48553027,57.37342598,57.41709264,0,0
33.80000000,57.69005332,57.50512054,57.38289376,57.45123171,0,0
33.81000000,57.71775814,57.53940192,57.37789616,57.46557931,0,0
33.82000000,57.71506130,57.51548002,57.39808814,57.49102376,0,0
33.83000000,57.80465812,57.45572115,57.38110856,57.50832963,0,0
33.84000000,57.81281120,57.49685981,57.39134503,57.49526355,0,0
33.85000000,57.84302361,57.54432880,57.41567295,57.44405950,0,0
33.86000000,57.81707704,57.57200371,57.41823848,57.45759290,0,0
33.87000000,57.82505429,57.58271518,57.39884045,57.38926101,0,0
33.88000000,57.81645403,57.57532804,57.36545867,57.43923424,0,0
33.89000000,57.84358877,57.62080110,57.47812950,57.46876916,0,0
33.90000000,57.88560910,57.59715299,57.48241324,57.50620893,0,0
33.91000000,57.87714600,57.59783420,57.50414234,57.52844019,0,0
33.92000000,57.80918388,57.62504285,57.49557457,57.55905182,0,0
33.93000000,57.87081290,57.66799513,57.49743083,57.59132345,0,0
33.94000000,57.94364959,57.69249486,57.52744192,57.59115604,0,0
33.95000000,57.95649362,57.63905156,57.52272040,57.59973272,0,0
33.96000000,57.89179316,57.56570804,57.61169815,57.56812693,0,0
33.97000000,57.88633204,57.57668448,57.52838535,57.57979241,0,0
33.98000000,57.90736245,57.65943032,57.52373829,57.57223241,0,0
33.99000000,57.98725517,57.72511241,57.49530986,57.60228462,0,0
34.00000000,57.95972816,57.75597646,57.52683144,57.59803927,0,0
34.01000000,57.99005015,57.67113342,57.51899609,57.60832054,0,0
34.02000000,57.92887702,57.71118280,57.61583575,57.63154907,0,0
34.03000000,58.03155931,57.73920442,57.63150074,57.61983338,0,0
34.04000000,58.04093948,57.79447752,57.57417310,57.63718810,0,0
34.05000000,58.00966040,57.78560667,57.53480408,57.64386749,0,0
34.06000000,57.95030198,57.74689753,57.60699855,57.66580079,0,0
34.07000000,57.98738500,57.72866982,57.64029838,57.71541223,0,0
34.08000000,58.07822089,57.72220731,57.69557071,57.71678503,0,0
34.09000000,57.98566340,57.80390100,57.61791427,57.70823493,0,0
34.10000000,57.96743580,57.86664112,57.66180650,57.75796282,0,0
34.11000000,57.99188313,57.82961550,57.67099122,57.76568328,0,0
34.12000000,58.09603382,57.78388127,57.69662664,57.79576307,0,0
34.13000000,58.08823843,57.77971269,57.70743824,57.79262868,0,0
34.14000000,58.08925683,57.81591947,57.66421453,57.76012533,0,0
34.15000000,58.06159851,57.87859894,57.63890854,57.76035085,0,0
34.16000000,58.08098280,57.88589012,57.70339590,57.72472463,0,0
34.17000000,58.09560591,57.88710259,57.69663992,57.76868431,0,0
34.18000000,58.09854072,57.85726947,57.74011985,57.78104446,0,0
34.19000000,58.07748318,57.80436626,57.67133782,57.79912730,0,0
34.20000000,58.14238026,57.83274681,57.76419500,57.78265984,0,0
34.21000000,58.06595403,57.85687718,57.69532230,57.81493101,0,0
34.22000000,58.09394058,57.95403356,57.77757678,57.79747624,0,0
34.23000000,58.13043331,57.97284540,57.77177246,57.80659250,0,0
34.24000000,58.20714896,57.98470769,57.83314489,57.83519735,0,0
34.25000000,58.17576187,57.89719451,57.78505327,57.85798514,0,0
34.26000000,58.15591806,57.93218025,57.75417382,57.87096242,0,0
34.27000000,58.21787040,57.94289590,57.72804050,57.91003936,0,0
34.28000000,58.20182964,57.97802963,57.79165670,57.89715309,0,0
34.29000000,58.22881383,57.97890348,57.78697757,57.87377977,0,0
34.30000000,58.19830916,57.95870377,57.82720237,57.86832759,0,0
34.31000000,58.21966927,57.97491335,57.79400276,57.87459983,0,0
34.32000000,58.20671876,57.97980820,57.84045812,57.89385408,0,0
34.33000000,58.30394833,58.02930173,57.89181740,57.88233208,0,0
34.34000000,58.28873506,58.01783640,57.88858054,57.89742631,0,0
34.35000000,58.22731204,58.05031283,57.84317733,57.95695345,0,0
34.36000000,58.19658310,57.99833076,57.83855929,57.98427774,0,0
34.37000000,58.24616382,58.00336416,57.90396707,58.02036008,0,0
34.38000000,58.31005712,58.08100951,57.84828957,57.98756920,0,0
34.39000000,58.29018690,58.00586950,57.93802236,58.02353266,0,0
34.40000000,58.33293587,58.00702669,57.91422469,57.97647030,0,0
34.41000000,58.30575219,57.99742525,57.94192713,57.99156879,0,0
34.42000000,58.31837210,58.12018768,57.97832732,58.03817113,0,0
34.43000000,58.35669609,58.15265412,58.00721373,58.07597552,0,0
34.44000000,58.34523967,58.12450134,57.98818287,58.04398055,0,0
34.45000000,58.29236645,58.04530725,57.93875275,57.99756155,0,0
34.46000000,58.27415088,58.11613711,57.87366428,58.00973373,0,0
34.47000000,58.35483891,58.12938733,57.86256256,57.94964205,0,0
34.48000000,58.35358801,58.18522990,57.92865480,58.04046387,0,0
34.49000000,58.37676478,58.09262483,57.93284779,57.98563214,0,0
34.50000000,58.30402158,57.97667633,58.04393732,58.04480171,0,0
34.51000000,58.38167762,58.10746986,58.03718218,58.06613168,0,0
34.52000000,58.45052735,58.19449889,57.93910462,58.06540946,0,0
34.53000000,58.49612031,58.23155716,58.00665916,58.13687035,0,0
34.54000000,58.46794452,58.14659856,57.95584135,58.09811531,0,0
34.55000000,58.40091944,58.05335297,57.97590052,58.14083208,0,0
34.56000000,58.38290118,58.10439531,58.08512593,58.14859259,0,0
34.57000000,58.30767729,58.17672504,58.09006515,58.14371721,0,0
34.58000000,58.33690263,58.19007329,58.11189453,58.12448491,0,0
34.59000000,58.38002199,58.18189239,58.11413049,58.13350230,0,0
34.60000000,58.48315751,58.14164790,58.12427917,58.13988082,0,0
34.61000000,58.49275963,58.16361922,58.07894430,58.16740460,0,0
34.62000000,58.48372611,58.21657217,58.08460427,58.15913668,0,0
34.63000000,58.36755608,58.26164876,58.04813759,58.19093766,0,0
34.64000000,58.40755971,58.27293728,58.07453088,58.20217178,0,0
34.65000000,58.48318306,58.18563174,58.06214130,58.21304088,0,0
34.66000000,58.55973466,58.22176898,58.10710413,58.21201873,0,0
34.67000000,58.52007383,58.29327020,58.14515660,58.16237799,0,0
34.68000000,58.50181795,58.29380479,58.14688420,58.13911691,0,0
34.69000000,58.46915699,58.29246957,58.15134248,58.12086509,0,0
34.70000000,58.54265835,58.27302550,58.15032655,58.19766419,0,0
34.71000000,58.55454926,58.23043711,58.20580307,58.26479940,0,0
34.72000000,58.49812340,58.21329336,58.16123244,58.27457151,0,0
34.73000000,58.50422408,58.28166489,58.20124818,58.29362241,0,0
34.74000000,58.51154005,58.31515083,58.06180866,58.23103992,0,0
34.75000000,58.58519216,58.33890206,58.07842619,58.21277949,0,0
34.76000000,58.53802409,58.32024074,58.05712077,58.20901472,0,0
34.77000000,58.56984783,58.29122659,58.14809296,58.20890019,0,0
34.78000000,58.52315555,58.28107860,58.29607810,58.28705680,0,0
34.79000000,58.50390941,58.30944544,58.20144542,58.30736083,0,0
34.80000000,58.47814766,58.37204371,58.18534420,58.30347786,0,0
34.81000000,58.58469082,58.36335889,58.08743237,58.30179524,0,0
34.82000000,58.59821838,58.35612207,58.13977168,58.27930362,0,0
34.83000000,58.65061352,58.30204369,58.15998993,58.21888641,0,0
34.84000000,58.54940188,58.34068878,58.18517302,58.28625380,0,0
34.85000000,58.52267306,58.36399094,58.18074010,58.26988737,0,0
34.86000000,58.51967559,58.38492858,58.17934210,58.28799813,0,0
34.87000000,58.65533909,58.40561575,58.25806740,58.28661475,0,0
34.88000000,58.62214932,58.33696537,58.23942151,58.33578879,0,0
34.89000000,58.58906653,58.35211015,58.17072233,58.33097953,0,0
34.90000000,58.51137928,58.36680052,58.23591078,58.39501397,0,0
34.91000000,58.57689413,58.47196580,58.20957293,58.41723582,0,0
34.92000000,58.70861406,58.45365919,58.26946935,58.36113153,0,0
34.93000000,58.66195038,58.36687898,58.26042150,58.38991337,0,0
34.94000000,58.70787204,58.37293600,58.34064542,58.35015137,0,0
34.95000000,58.60005456,58.39084637,58.31194637,58.36555014,0,0
34.96000000,58.68835052,58.55315536,58.31170478,58.41055246,0,0
34.97000000,58.65964530,58.50375040,58.25247579,58.38733966,0,0
34.98000000,58.68562477,58.45349640,58.27361382,58.39333913,0,0
34.99000000,58.62371298,58.47121221,58.27944480,58.39922195,0,0
35.00000000,58.65510586,58.44463767,58.35762988,58.41895792,0,0
35.01000000,58.70284024,58.56360149,58.33346974,58.44402861,0,0
35.02000000,58.75943317,58.54740753,58.28408864,58.45987974,0,0
35.03000000,58.66956597,58.41358252,58.24250009,58.38229691,0,0
35.04000000,58.72318234,58.38393121,58.32910464,58.45320078,0,0
35.05000000,58.68170161,58.44665724,58.29461264,58.38290944,0,0
35.06000000,58.67754711,58.51854166,58.22727992,58.42343632,0,0
35.07000000,58.71329269,58.55081854,58.23177372,58.45817942,0,0
35.08000000,58.69233225,58.44765693,58.19737636,58.42735798,0,0
35.09000000,58.71609066,58.53161936,58.35740341,58.49615293,0,0
35.10000000,58.66953881,58.49475518,58.36996731,58.45729857,0,0
35.11000000,58.70124959,58.51663948,58.40187352,58.44791103,0,0
35.12000000,58.69460942,58.50648286,58.40348153,58.46095166,0,0
35.13000000,58.71585005,58.50300639,58.29005956,58.46609717,0,0
35.14000000,58.67726594,58.51543124,58.38334585,58.47492643,0,0
35.15000000,58.73978343,58.51421252,58.31740098,58.50106420,0,0
35.16000000,58.73953173,58.53086295,58.41072566,58.51283645,0,0
35.17000000,58.80527709,58.57281995,58.36577765,58.52557395,0,0
35.18000000,58.70116988,58.56661165,58.40071245,58.52451981,0,0
35.19000000,58.70050835,58.56028415,58.36242787,58.53160593,0,0
35.20000000,58.67200079,58.57588369,58.40708265,58.58856220,0,0
35.21000000,58.71879724,58.54778969,58.41933885,58.52773165,0,0
35.22000000,58.65327229,58.54001191,58.43311810,58.53738286,0,0
35.23000000,58.72421973,58.58798283,58.32729131,58.50150715,0,0
35.24000000,58.75014450,58.60196411,58.39051253,58.52770523,0,0
35.25000000,58.80400560,58.57318688,58.35955636,58.53429120,0,0
35.26000000,58.82765206,58.58757507,58.40234103,58.59920236,0,0
35.27000000,58.78279713,58.62427810,58.43040443,58.56980837,0,0
35.28000000,58.80949660,58.62498753,58.38692919,58.54790227,0,0
35.29000000,58.80040988,58.70065053,58.40365778,58.60508721,0,0
35.30000000,58.81668331,58.68294378,58.32614876,58.58285798,0,0
35.31000000,58.76270029,58.62563595,58.36421479,58.56807702,0,0
35.32000000,58.81500710,58.60882013,58.42511434,58.57957912,0,0
35.33000000,58.82515496,58.64571596,58.49139545,58.58641839,0,0
35.34000000,58.89720637,58.67693244,58.51052771,58.59433709,0,0
35.35000000,58.86086844,58.67783281,58.54684272,58.61577410,0,0
35.36000000,58.84141071,58.65299385,58.58715652,58.63507800,0,0
35.37000000,58.82981249,58.65000920,58.51905226,58.62430179,0,0
35.38000000,58.88375197,58.72422530,58.51881284,58.60016775,0,0
35.39000000,58.87706617,58.69475367,58.46470934,58.62838361,0,0
35.40000000,58.91490335,58.69586940,58.33947625,58.61787788,0,0
35.41000000,58.88536556,58.69954729,58.40594185,58.63140278,0,0
35.42000000,58.91150553,58.72789021,58.38186113,58.63397424,0,0
35.43000000,58.89763853,58.73156410,58.52827495,58.68297430,0,0
35.44000000,58.88180376,58.66388842,58.52586515,58.67270161,0,0
35.45000000,58.93821492,58.72104956,58.53169883,58.68588751,0,0
35.46000000,58.91402978,58.70484226,58.52083114,58.71927513,0,0
35.47000000,58.96156350,58.76081032,58.49717666,58.73346125,0,0
35.48000000,58.97213793,58.73972422,58.50985732,58.69019516,0,0
35.49000000,58.96103155,58.80351809,58.56627106,58.66374853,0,0
35.50000000,58.94651144,58.76326480,58.53942814,58.70076522,0,0
35.51000000,58.97949798,58.89664742,58.59209500,58.68782206,0,0
35.52000000,58.93670351,58.92928841,58.56249485,58.73752438,0,0
35.53000000,58.94450306,58.71718545,58.60837641,58.77213739,0,0
35.54000000,58.93708713,58.63929955,58.59676349,58.72993232,0,0
35.55000000,59.11420415,58.56177295,58.55449365,58.71304375,0,0
35.56000000,59.04715082,58.77801793,58.60043828,58.70047068,0,0
35.57000000,58.95319735,58.83977265,58.52505910,58.72800048,0,0
35.58000000,58.94360270,58.83377278,58.57780345,58.69903960,0,0
35.59000000,58.95952932,58.78837290,58.62636083,58.69569487,0,0
35.60000000,59.02881454,58.75343132,58.64675157,58.71553857,0,0
35.61000000,59.07710486,58.74409343,58.64296333,58.71840138,0,0
35.62000000,59.06314590,58.70147734,58.62632068,58.73472161,0,0
35.63000000,59.01102943,58.77131289,58.63705371,58.74119132,0,0
35.64000000,58.98822485,58.77891952,58.71745890,58.65847969,0,0
35.65000000,59.00585464,58.78222830,58.63834786,58.65599188,0,0
35.66000000,59.04061219,58.78394328,58.69211494,58.69081442,0,0
35.67000000,59.02483117,58.77444922,58.63716650,58.74226685,0,0
35.68000000,59.06093158,58.76697054,58.63209132,58.87832426,0,0
35.69000000,59.06122239,58.76416545,58.66153790,58.97244569,0,0
35.70000000,59.05027249,58.81894916,58.71552232,58.84025282,0,0
35.71000000,59.06783555,58.85426635,58.71686329,58.78220914,0,0
35.72000000,59.11083069,58.86530875,58.72899752,58.73046774,0,0
35.73000000,59.13427904,58.80929682,58.74800540,58.74639611,0,0
35.74000000,59.11296034,58.81016320,58.75221389,58.77366832,0,0
35.75000000,59.11915292,58.83766944,58.69377487,58.80829998,0,0
35.76000000,59.10451106,58.83199835,58.77137196,58.79798598,0,0
35.77000000,59.12059080,58.85369731,58.74711478,58.80662755,0,0
35.78000000,59.10630638,58.84943961,58.78764614,58.78792614,0,0
35.79000000,59.14874654,58.81308012,58.78468777,58.83232385,0,0
35.80000000,59.15362211,58.79433940,58.75904539,58.82046242,0,0
35.81000000,59.14136263,58.86252637,58.78730712,58.83378363,0,0
35.82000000,59.11543964,58.90082717,58.71630177,58.77970421,0,0
35.83000000,59.18598039,58.88675183,58.75662074,58.80920935,0,0
35.84000000,59.18133715,58.86669892,58.75731065,58.80858297,0,0
35.85000000,59.17070855,58.84447505,58.74206406,58.78708900,0,0
35.86000000,59.12868260,58.90155339,58.75531146,58.81973298,0,0
35.87000000,59.17563219,58.93147788,58.77697726,58.81266583,0,0
35.88000000,59.11940498,58.94285427,58.74851084,58.83996796,0,0
35.89000000,59.24938377,58.87729468,58.79634707,58.85772532,0,0
35.90000000,59.21937796,58.86551218,58.81094764,58.86035160,0,0
35.91000000,59.18721073,58.87278379,58.88543940,58.85508483,0,0
35.92000000,59.19796121,58.92839664,58.75467110,58.85084765,0,0
35.93000000,59.11784226,58.96706956,58.85563816,58.83437072,0,0
35.94000000,59.17938923,58.92690143,58.80039390,58.86963452,0,0
35.95000000,59.16995187,58.91963469,58.86437461,58.85712987,0,0
35.96000000,59.26986330,58.91078463,58.82966866,58.85611728,0,0
35.97000000,59.26294282,58.96523870,58.84767930,58.90801419,0,0
35.98000000,59.20880809,58.91690243,58.81117316,58.92728567,0,0
35.99000000,59.11166163,58.96370878,58.81034571,58.95352929,0,0
36.00000000,59.22847664,58.96912792,58.88437768,58.94161329,0,0
36.01000000,59.27244113,58.94677887,58.86811304,58.89869675,0,0
36.02000000,59.26827238,58.97498150,58.86735541,58.90010363,0,0
36.03000000,59.29198969,59.01830655,58.82618977,58.90285095,0,0
36.04000000,59.22075948,58.96929561,58.87348984,58.92759898,0,0
36.05000000,59.20188759,58.98594438,58.86071176,58.96124579,0,0
36.06000000,59.25825396,58.99461972,58.90727717,58.97522048,0,0
36.07000000,59.29642236,59.01520924,58.92691920,58.96339653,0,0
36.08000000,59.25185931,59.00539143,58.97673206,58.93291919,0,0
36.09000000,59.33623385,59.01614111,58.86676660,58.95416727,0,0
36.10000000,59.30339648,59.02678355,58.88602268,58.94603164,0,0
36.11000000,59.39394460,59.02938925,58.86659008,58.98231700,0,0
36.12000000,59.28446792,59.01891832,58.88557974,58.99025696,0,0
36.13000000,59.32605526,59.10259507,58.96094107,58.94282839,0,0
36.14000000,59.35780974,59.06353865,58.95589595,58.98476618,0,0
36.15000000,59.37085171,59.07113611,58.92988429,58.94479438,0,0
36.16000000,59.32013800,59.01509683,58.91375389,59.00091425,0,0
36.17000000,59.27927617,58.98495357,58.92265375,59.01514517,0,0
36.18000000,59.29268040,59.12589653,59.01538601,59.00349456,0,0
36.19000000,59.34916816,59.11381063,58.95685599,58.98220106,0,0
36.20000000,59.37639606,59.05875690,58.94446146,58.99707446,0,0
36.21000000,59.34381523,59.01823122,58.94339619,59.00126910,0,0
36.22000000,59.28003922,59.04835151,58.94515050,59.03731380,0,0
36.23000000,59.26538829,59.11154779,58.93173474,59.03217059,0,0
36.24000000,59.36956209,59.18061948,58.91636308,59.05542888,0,0
36.25000000,59.38477721,59.14232027,58.89262588,59.02953506,0,0
36.26000000,59.37750860,59.03152590,58.92358942,59.04075461,0,0
36.27000000,59.34623654,59.04279050,58.94319847,59.08180190,0,0
36.28000000,59.36159952,59.08988515,59.03674544,59.06288548,0,0
36.29000000,59.38851253,59.17085089,59.02674208,59.08763671,0,0
36.30000000,59.38360855,59.16873172,59.03662391,59.09555856,0,0
36.31000000,59.37851260,59.10053472,59.00875171,59.07059206,0,0
36.32000000,59.41476846,59.14111211,59.03343959,59.11651049,0,0
36.33000000,59.43873856,59.15826739,59.07217610,59.10517231,0,0
36.34000000,59.36253159,59.14831384,59.04940415,59.13950231,0,0
36.35000000,59.36831238,59.08728762,59.06506840,59.14617339,0,0
36.36000000,59.30952289,59.08862426,59.05041566,59.14382238,0,0
36.37000000,59.38851682,59.13289624,59.02977694,59.12383719,0,0
36.38000000,59.41776175,59.14546467,59.04626489,59.07894460,0,0
36.39000000,59.42591692,59.17494189,59.03176981,59.07445972,0,0
36.40000000,59.35770251,59.16728548,59.10200718,59.05845050,0,0
36.41000000,59.36621742,59.18786735,59.05258419,59.13105257,0,0
36.42000000,59.43046676,59.11870954,59.00855305,59.14069470,0,0
36.43000000,59.39488274,59.12065620,59.04587957,59.15002516,0,0
36.44000000,59.45328386,59.11225658,59.00178238,59.09771817,0,0
36.45000000,59.38671053,59.17097178,59.00295059,59.09660747,0,0
36.46000000,59.42708948,59.16408204,59.02947021,59.06897540,0,0
36.47000000,59.41745771,59.16901856,59.04470920,59.07807712,0,0
36.48000000,59.38326255,59.16286058,59.05628160,59.13351621,0,0
36.49000000,59.42554053,59.13872981,59.10749996,59.18848017,0,0
36.50000000,59.46562969,59.16085072,59.15562120,59.22039847,0,0
36.51000000,59.45291980,59.16052027,59.14366197,59.20812459,0,0
36.52000000,59.39453885,59.20338034,59.09423986,59.18826808,0,0
36.53000000,59.41902509,59.16374687,59.09680285,59.21686531,0,0
36.54000000,59.46196520,59.17672360,59.10798220,59.18679488,0,0
36.55000000,59.46346438,59.18211984,59.09057571,59.15130376,0,0
36.56000000,59.51340192,59.22115036,59.14207698,59.14616307,0,0
36.57000000,59.42873155,59.21590973,59.12251918,59.20576307,0,0
36.58000000,59.43513803,59.22105674,59.05249064,59.21578717,0,0
36.59000000,59.49167355,59.26017220,59.08722542,59.20090502,0,0
36.60000000,59.47831995,59.18484849,59.07550457,59.22622232,0,0
36.61000000,59.51037332,59.24896048,59.17638209,59.21393386,0,0
36.62000000,59.51562710,59.22403247,59.09413273,59.21713085,0,0
36.63000000,59.54517655,59.26525660,59.11272193,59.19693446,0,0
36.64000000,59.49806040,59.29434914,59.08292560,59.21588861,0,0
36.65000000,59.48942156,59.24040902,59.07756136,59.24398670,0,0
36.66000000,59.48881167,59.28401020,59.17923780,59.20637947,0,0
36.67000000,59.58218403,59.30913161,59.18071737,59.21072857,0,0
36.68000000,59.59431082,59.31715812,59.15550607,59.16201833,0,0
36.69000000,59.52568687,59.34547247,59.08996625,59.18321110,0,0
36.70000000,59.49402175,59.32613801,59.09310139,59.17409042,0,0
36.71000000,59.52239454,59.34502477,59.12849645,59.22328072,0,0
36.72000000,59.59070640,59.33456140,59.15279229,59.22401564,0,0
36.73000000,59.63095574,59.37195715,59.15639263,59.26925609,0,0
36.74000000,59.61083521,59.29196703,59.16397794,59.28383244,0,0
36.75000000,59.57446863,59.31375632,59.14335815,59.25945148,0,0
36.76000000,59.57554850,59.33452192,59.12606572,59.29708395,0,0
36.77000000,59.62674914,59.35716667,59.16186068,59.25913265,0,0
36.78000000,59.58715191,59.35147975,59.19424672,59.27076423,0,0
36.79000000,59.62365441,59.33507156,59.24516006,59.30926373,0,0
36.80000000,59.58638405,59.41703464,59.16652806,59.32192087,0,0
36.81000000,59.65348825,59.42439758,59.21523655,59.28962501,0,0
36.82000000,59.58731354,59.41821108,59.15205587,59.31846242,0,0
36.83000000,59.58580563,59.38058382,59.25395782,59.28306538,0,0
36.84000000,59.63486975,59.33793050,59.27507807,59.25948798,0,0
36.85000000,59.66539998,59.36543953,59.29786954,59.33995935,0,0
36.86000000,59.65427731,59.36527890,59.25135724,59.34318845,0,0
36.87000000,59.61047289,59.39972341,59.16759809,59.31537365,0,0
36.88000000,59.63239431,59.41118445,59.16940257,59.30340371,0,0
36.89000000,59.63893539,59.42197097,59.19727571,59.30938149,0,0
36.90000000,59.64666837,59.37581154,59.22419375,59.35054598,0,0
36.91000000,59.66261749,59.34796085,59.23023420,59.37651405,0,0
36.92000000,59.64984311,59.37293928,59.20076615,59.39566375,0,0
36.93000000,59.60979879,59.40526498,59.27222350,59.32440676,0,0
36.94000000,59.65713595,59.41359194,59.23612835,59.34784862,0,0
36.95000000,59.65955178,59.38071410,59.27703188,59.30810089,0,0
36.96000000,59.64111846,59.35371948,59.31022843,59.32248431,0,0
36.97000000,59.67888420,59.39458280,59.34678421,59.36249006,0,0
36.98000000,59.66362922,59.43973700,59.28481659,59.37114006,0,0
36.99000000,59.69167219,59.43495467,59.32794967,59.39115917,0,0
37.00000000,59.63300595,59.36894152,59.29379689,59.38522318,0,0
37.01000000,59.64692887,59.39735117,59.32440572,59.43977834,0,0
37.02000000,59.64675198,59.33647394,59.35502808,59.41806145,0,0
37.03000000,59.66960696,59.40010352,59.32847468,59.38836320,0,0
37.04000000,59.69727315,59.40136535,59.33264689,59.38664240,0,0
37.05000000,59.71803577,59.42692099,59.36339271,59.38104844,0,0
37.06000000,59.73260092,59.41325876,59.35744964,59.40922081,0,0
37.07000000,59.69876633,59.41030283,59.34648804,59.45399276,0,0
37.08000000,59.68629367,59.47801431,59.37863824,59.46500207,0,0
37.09000000,59.71043249,59.45389259,59.34150518,59.49378856,0,0
37.10000000,59.69096999,59.45537701,59.37648569,59.49120243,0,0
37.11000000,59.71582224,59.44201932,59.36078774,59.45268693,0,0
37.12000000,59.76300283,59.44337254,59.36975517,59.41690319,0,0
37.13000000,59.74910966,59.50118601,59.37106664,59.44537680,0,0
37.14000000,59.75161694,59.54079098,59.44180491,59.42952498,0,0
37.15000000,59.71651332,59.52041950,59.36076859,59.46207825,0,0
37.16000000,59.74363168,59.50283350,59.42398918,59.46663442,0,0
37.17000000,59.78030744,59.45725313,59.37155845,59.47909817,0,0
37.18000000,59.78559028,59.52808565,59.33034679,59.47093235,0,0
37.19000000,59.82548403,59.54478972,59.34503069,59.45435143,0,0
37.20000000,59.76879573,59.56704094,59.36401847,59.43394826,0,0
37.21000000,59.70751055,59.49051567,59.39232216,59.43452743,0,0
37.22000000,59.74626538,59.52429356,59.38725403,59.46477523,0,0
37.23000000,59.79690168,59.52951269,59.37933998,59.45928293,0,0
37.24000000,59.75727964,59.51645351,59.38266544,59.44682577,0,0
37.25000000,59.74802369,59.57430466,59.38885798,59.46450203,0,0
37.26000000,59.75574622,59.62385924,59.35671232,59.43807259,0,0
37.27000000,59.83510698,59.59083569,59.42810429,59.50118010,0,0
37.28000000,59.81505976,59.51602168,59.40833285,59.53815338,0,0
37.29000000,59.83461702,59.54207652,59.40992563,59.54246708,0,0
37.30000000,59.77549914,59.55336500,59.40699197,59.53364624,0,0
37.31000000,59.78848221,59.60103234,59.43467930,59.51706723,0,0
37.32000000,59.82223679,59.61703720,59.45150725,59.54055385,0,0
37.33000000,59.83088470,59.58759753,59.38516438,59.52673003,0,0
37.34000000,59.86082132,59.58297318,59.45894551,59.54740934,0,0
37.35000000,59.81218028,59.60698986,59.40570039,59.57595533,0,0
37.36000000,59.83050579,59.64622611,59.47446909,59.55583147,0,0
37.37000000,59.82430208,59.59179986,59.46547641,59.56447977,0,0
37.38000000,59.84314285,59.60685867,59.47305890,59.56394509,0,0
37.39000000,59.88252873,59.54395619,59.51847221,59.53109679,0,0
37.40000000,59.92737804,59.59216079,59.45276173,59.53596857,0,0
37.41000000,59.82138721,59.64868237,59.39317422,59.52663956,0,0
37.42000000,59.78216867,59.59150217,59.35921150,59.55990574,0,0
37.43000000,59.82342064,59.61379448,59.47633780,59.58839614,0,0
37.44000000,59.89511605,59.61875190,59.47470229,59.59061272,0,0
37.45000000,59.88735073,59.61330362,59.53358547,59.54655603,0,0
37.46000000,59.83209388,59.59808060,59.46900203,59.61734334,0,0
37.47000000,59.82669777,59.59304066,59.45005537,59.56636113,0,0
37.48000000,59.83726966,59.63852708,59.47529308,59.56804391,0,0
37.49000000,59.90675547,59.64197744,59.60898951,59.59966309,0,0
37.50000000,59.85291307,59.61710925,59.54160815,59.59978809,0,0
37.51000000,59.91357868,59.59699628,59.55068329,59.58598060,0,0
37.52000000,59.89191945,59.68304118,59.54469673,59.61484910,0,0
37.53000000,59.93670120,59.69365012,59.51797273,59.63592359,0,0
37.54000000,59.90535161,59.68053511,59.55048196,59.65874104,0,0
37.55000000,59.92279693,59.65521530,59.54202851,59.69363595,0,0
37.56000000,59.90852934,59.66382279,59.64603696,59.68718556,0,0
37.57000000,59.96129256,59.78424024,59.55880721,59.69650827,0,0
37.58000000,59.98124680,59.69953810,59.53609730,59.68459772,0,0
37.59000000,59.97613496,59.72145449,59.53944676,59.65082132,0,0
37.60000000,59.93443943,59.70703250,59.59742770,59.71122948,0,0
37.61000000,60.01627159,59.78127119,59.65071148,59.68689761,0,0
37.62000000,59.98470775,59.79773298,59.56604093,59.68023851,0,0
37.63000000,60.02372890,59.76832567,59.59883455,59.67906799,0,0
37.64000000,59.96431192,59.70013515,59.50989352,59.67122250,0,0
37.65000000,59.99014331,59.73398993,59.57495816,59.71672936,0,0
37.66000000,60.04292183,59.82027100,59.57784287,59.76240252,0,0
37.67000000,60.00225803,59.81971499,59.57157655,59.70884087,0,0
37.68000000,60.02943612,59.75344025,59.55799357,59.63800970,0,0
37.69000000,59.98324378,59.68787315,59.54920358,59.67404317,0,0
37.70000000,59.99730733,59.71099636,59.55311420,59.64854577,0,0
37.71000000,60.00432095,59.74883741,59.59204529,59.66043833,0,0
37.72000000,60.00947941,59.75139838,59.61097898,59.68894306,0,0
37.73000000,60.01425145,59.70984918,59.60884198,59.66442216,0,0
37.74000000,59.96337605,59.69745584,59.60206677,59.65087408,0,0
37.75000000,60.01206316,59.75702864,59.61290426,59.68221115,0,0
37.76000000,59.94925872,59.76466355,59.54648095,59.68848886,0,0
37.77000000,59.98133474,59.76260368,59.62135958,59.72227027,0,0
37.78000000,59.94364751,59.78306219,59.61053644,59.75400804,0,0
37.79000000,59.99390347,59.68745729,59.66488447,59.71444589,0,0
37.80000000,59.92649409,59.66249921,59.62588828,59.70432449,0,0
37.81000000,60.01727309,59.67448998,59.61988788,59.72619685,0,0
37.82000000,59.98743949,59.72199377,59.59527216,59.70780601,0,0
37.83000000,59.96966169,59.72706481,59.63773446,59.79674150,0,0
37.84000000,59.95242316,59.72489163,59.68081872,59.73827958,0,0
37.85000000,59.93761843,59.69848923,59.65696026,59.78632336,0,0
37.86000000,60.02536524,59.68830092,59.59359344,59.76150361,0,0
37.87000000,59.98151523,59.74812269,59.65750804,59.74418216,0,0
37.88000000,59.98319026,59.78505287,59.59942993,59.77167974,0,0
37.89000000,59.96841581,59.75302049,59.68836609,59.72488309,0,0
37.90000000,59.99292037,59.68409985,59.68805135,59.70405232,0,0
37.91000000,59.97195087,59.68846425,59.65030004,59.73544007,0,0
37.92000000,60.02855790,59.70696437,59.64725585,59.74303558,0,0
37.93000000,59.97990577,59.71891952,59.62504747,59.74576638,0,0
37.94000000,59.94747300,59.74975234,59.68243233,59.74725202,0,0
37.95000000,59.97276318,59.72760919,59.64406457,59.74044867,0,0
37.96000000,59.97381396,59.73570511,59.61247544,59.74720048,0,0
37.97000000,60.01701587,59.76615779,59.62880766,59.74920146,0,0
37.98000000,59.94821496,59.72645511,59.60535517,59.72382542,0,0
37.99000000,60.02722798,59.76081684,59.65269741,59.69820780,0,0
38.00000000,59.93641531,59.73053042,59.66371514,59.69399886,0,0
38.01000000,59.98888122,59.70093774,59.63808148,59.68292671,0,0
38.02000000,59.96031349,59.63019234,59.63843008,59.75905222,0,0
38.03000000,60.06073749,59.74622320,59.58830492,59.75260950,0,0
38.04000000,59.97926371,59.74685752,59.56376744,59.76801949,0,0
38.05000000,60.01077836,59.80674929,59.63135966,59.69190148,0,0
38.06000000,59.97738252,59.71614768,59.59791504,59.75701785,0,0
38.07000000,60.01638529,59.71512560,59.69223748,59.70895178,0,0
38.08000000,59.98792884,59.66637161,59.68872869,59.75886325,0,0
38.09000000,59.98728343,59.71949711,59.66366114,59.77027008,0,0
38.10000000,60.02916622,59.80350874,59.63144266,59.72999722,0,0
38.11000000,60.03467498,59.78068514,59.58279834,59.70728018,0,0
38.12000000,60.07097418,59.79777698,59.67405210,59.72876451,0,0
38.13000000,59.99147828,59.71236032,59.65558698,59.73787075,0,0
38.14000000,60.04316935,59.74902910,59.68209297,59.75599808,0,0
38.15000000,59.95466357,59.80772453,59.67462081,59.73503889,0,0
38.16000000,60.04182614,59.80166321,59.64222988,59.78449083,0,0
38.17000000,60.01075417,59.83272428,59.55533662,59.72603033,0,0
38.18000000,60.09855985,59.79553909,59.58851500,59.75231485,0,0
38.19000000,60.09772222,59.81182213,59.64974426,59.70278285,0,0
38.20000000,60.03264566,59.75374762,59.61079829,59.75718494,0,0
38.21000000,59.99980718,59.79012625,59.58601166,59.72088716,0,0
38.22000000,59.93432228,59.75388137,59.61718969,59.75011819,0,0
38.23000000,60.08481574,59.78387435,59.58547751,59.72490941,0,0
38.24000000,60.07977267,59.75349108,59.60821725,59.71943228,0,0
38.25000000,60.05954274,59.72533151,59.62839954,59.67701282,0,0
38.26000000,59.95408550,59.73667355,59.63046110,59.69062308,0,0
38.27000000,59.97841094,59.74894847,59.64041440,59.74085426,0,0
38.28000000,60.04664236,59.80172174,59.61796165,59.73933348,0,0
38.29000000,60.09063557,59.80028718,59.61746255,59.75144488,0,0
38.30000000,60.06165452,59.78021382,59.63116878,59.69641127,0,0
38.31000000,59.93523119,59.74037234,59.62509218,59.70729790,0,0
38.32000000,59.93926686,59.74167675,59.66368186,59.71982495,0,0
38.33000000,60.01631620,59.77372878,59.61365032,59.72986418,0,0
38.34000000,60.07965333,59.72250757,59.63441252,59.73980761,0,0
38.35000000,59.98751984,59.71656180,59.66222815,59.71443086,0,0
38.36000000,59.96951670,59.74177899,59.71080214,59.70766047,0,0
38.37000000,59.94745189,59.80552000,59.72551951,59.74832540,0,0
38.38000000,60.04716583,59.78627010,59.58908314,59.78439637,0,0
38.39000000,60.02684317,59.72772694,59.64911319,59.82930629,0,0
38.40000000,60.01732542,59.75283879,59.64231748,59.84670050,0,0
38.41000000,60.03731486,59.73603815,59.65875768,59.79262224,0,0
38.42000000,60.02211959,59.77899054,59.67682603,59.73912513,0,0
38.43000000,60.00797233,59.77921402,59.66175713,59.76665872,0,0
38.44000000,59.98374604,59.72485781,59.67704332,59.74039166,0,0
38.45000000,60.03304889,59.76628073,59.66924044,59.75983496,0,0
38.46000000,60.03525070,59.79009210,59.63827621,59.80254956,0,0
38.47000000,60.08590761,59.77818430,59.62711954,59.74494489,0,0
38.48000000,60.02561876,59.76007645,59.60028181,59.75455688,0,0
38.49000000,60.01209407,59.74388960,59.63618056,59.78518204,0,0
38.50000000,60.03988483,59.77374708,59.66195270,59.76237738,0,0
38.51000000,60.05469179,59.78898964,59.67015381,59.74998753,0,0
38.52000000,60.04759738,59.78661113,59.62648131,59.72930309,0,0
38.53000000,59.98623311,59.72904885,59.62686152,59.72263045,0,0
38.54000000,60.00203945,59.70234863,59.67782349,59.74284434,0,0
38.55000000,60.04121288,59.74115847,59.70274849,59.75387103,0,0
38.56000000,60.02724645,59.77671198,59.66907579,59.69187073,0,0
38.57000000,60.04917467,59.78442303,59.65795295,59.77089176,0,0
38.58000000,60.01998114,59.78850951,59.65735025,59.74608439,0,0
38.59000000,60.09744192,59.76985028,59.70575230,59.78046879,0,0
38.60000000,60.01053188,59.71699665,59.65420695,59.78867522,0,0
38.61000000,60.04047970,59.78103438,59.63605022,59.75865217,0,0
38.62000000,60.03608097,59.73136401,59.68023354,59.77072101,0,0
38.63000000,59.99027707,59.81589031,59.62836512,59.76498082,0,0
38.64000000,60.09773549,59.71966470,59.69731597,59.74419644,0,0
38.65000000,60.03900568,59.78649450,59.67235289,59.83218600,0,0
38.66000000,60.09936682,59.73742257,59.67793481,59.77921365,0,0
38.67000000,59.99387125,59.83804465,59.72065625,59.77327702,0,0
38.68000000,60.09163495,59.78813980,59.69752652,59.78130314,0,0
38.69000000,60.00484540,59.76732655,59.72357645,59.76720476,0,0
38.70000000,60.05481841,59.83159976,59.63491762,59.76903266,0,0
38.71000000,60.05984489,59.76993290,59.68021301,59.73632957,0,0
38.72000000,60.10269932,59.86850207,59.67483974,59.73574804,0,0
38.73000000,60.09170016,59.81081680,59.58233042,59.74037314,0,0
38.74000000,60.08503434,59.76208015,59.65473652,59.75086131,0,0
38.75000000,60.00216256,59.74732542,59.61387346,59.79019412,0,0
38.76000000,60.03181475,59.79321332,59.69718229,59.82571717,0,0
38.77000000,60.02791944,59.80655586,59.64498793,59.79225022,0,0
38.78000000,60.00953191,59.77709933,59.72431596,59.77833180,0,0
38.79000000,60.05419027,59.77019596,59.67312675,59.75363556,0,0
38.80000000,60.10110330,59.76858301,59.68616373,59.76888356,0,0
38.81000000,60.08850788,59.84629396,59.66679150,59.75782565,0,0
38.82000000,60.02723016,59.84189285,59.68579167,59.77835696,0,0
38.83000000,60.05193400,59.79420273,59.70513642,59.76995473,0,0
38.84000000,60.02669177,59.77273130,59.69675925,59.76986238,0,0
38.85000000,60.08526994,59.78328225,59.69555215,59.75249321,0,0
38.86000000,60.10200126,59.80854480,59.66219185,59.80914663,0,0
38.87000000,60.03476542,59.82660892,59.64584509,59.76483653,0,0
38.88000000,60.03477936,59.83448243,59.68648567,59.79085797,0,0
38.89000000,60.08893996,59.80547191,59.77024125,59.79064114,0,0
38.90000000,60.14029291,59.80338901,59.69698031,59.79767513,0,0
38.91000000,60.07471052,59.85578658,59.70519717,59.82650908,0,0
38.92000000,60.05256953,59.87560819,59.70525350,59.81949225,0,0
38.93000000,60.07180492,59.86360288,59.68909777,59.80422078,0,0
38.94000000,60.08339092,59.79983892,59.72465743,59.83195838,0,0
38.95000000,60.11538981,59.78200845,59.70089812,59.81571226,0,0
38.96000000,60.09073799,59.78986863,59.71083356,59.83271096,0,0
38.97000000,60.13986300,59.88417006,59.74826074,59.83676425,0,0
38.98000000,60.07927791,59.89385602,59.71550598,59.84019381,0,0
38.99000000,60.09198635,59.86652291,59.79702447,59.79937437,0,0
39.00000000,60.08058543,59.81267884,59.74171327,59.78144639,0,0
39.01000000,60.14436324,59.81683051,59.74273638,59.82531184,0,0
39.02000000,60.12605252,59.87136136,59.67759041,59.82898047,0,0
39.03000000,60.16274812,59.85368834,59.71846837,59.81972241,0,0
39.04000000,60.07776288,59.85778648,59.65860198,59.77957275,0,0
39.05000000,60.10544368,59.81034023,59.67036906,59.77209501,0,0
39.06000000,60.13823481,59.86444541,59.72334507,59.76942897,0,0
39.07000000,60.14263695,59.81214208,59.67476936,59.80468087,0,0
39.08000000,60.14421287,59.83164957,59.66875254,59.84915968,0,0
39.09000000,60.02932685,59.86420693,59.67907408,59.81435769,0,0
39.10000000,60.03090233,59.77717571,59.70266232,59.81612434,0,0
39.11000000,60.06605458,59.84961138,59.73239698,59.73773482,0,0
39.12000000,60.07363870,59.76545376,59.70965977,59.81705426,0,0
39.13000000,60.13648499,59.84801904,59.75727925,59.81003894,0,0
39.14000000,60.10519411,59.74526530,59.73223777,59.87132054,0,0
39.15000000,60.07547249,59.86679703,59.72721675,59.77721190,0,0
39.16000000,60.03845254,59.83261650,59.73983361,59.80254287,0,0
39.17000000,60.06951926,59.81565238,59.72981545,59.80476819,0,0
39.18000000,60.12190429,59.79075775,59.67957161,59.79092466,0,0
39.19000000,60.04571010,59.79206367,59.69043934,59.79930064,0,0
39.20000000,60.07976142,59.77983532,59.67621783,59.80794867,0,0
39.21000000,60.02691416,59.76349641,59.73714808,59.82071536,0,0
39.22000000,60.03000316,59.80133026,59.70910589,59.81523852,0,0
39.23000000,60.11937671,59.87192143,59.75081784,59.88943981,0,0
39.24000000,60.08297259,59.87246293,59.77508253,59.83816517,0,0
39.25000000,60.06544163,59.81503237,59.66596849,59.87717549,0,0
39.26000000,60.03030966,59.82257986,59.72327267,59.87380078,0,0
39.27000000,60.12824762,59.81519419,59.71082072,59.85375040,0,0
39.28000000,60.12611554,59.82212171,59.71259713,59.88823700,0,0
39.29000000,60.08379288,59.82193639,59.70407808,59.78781629,0,0
39.30000000,60.04479917,59.79502108,59.72171595,59.78155929,0,0
39.31000000,60.08662447,59.82885074,59.70724585,59.79156791,0,0
39.32000000,60.12682114,59.81297940,59.69443532,59.79715827,0,0
39.33000000,60.10272985,59.84195538,59.71366214,59.83018732,0,0
39.34000000,60.10611632,59.86809884,59.70905597,59.82074857,0,0
39.35000000,60.08155618,59.85113096,59.71811809,59.82249490,0,0
39.36000000,60.08956147,59.83501893,59.70088047,59.78686872,0,0
39.37000000,60.16359806,59.85550780,59.69725404,59.73774028,0,0
39.38000000,60.12361895,59.78209056,59.70026256,59.74554473,0,0
39.39000000,60.06029236,59.80487928,59.71540531,59.75776458,0,0
39.40000000,60.03043347,59.82842417,59.72788726,59.75270656,0,0
39.41000000,60.12197234,59.82599466,59.77646051,59.79681652,0,0
39.42000000,60.16276533,59.84572355,59.69584903,59.78519019,0,0
39.43000000,60.12505171,59.84649440,59.70619640,59.81263584,0,0
39.44000000,60.13481872,59.82720118,59.71386760,59.83261567,0,0
39.45000000,60.11444053,59.84552855,59.71690799,59.84567954,0,0
39.46000000,60.09622115,59.92116999,59.71622429,59.83729146,0,0
39.47000000,60.11628686,59.85791215,59.72209265,59.80613065,0,0
39.48000000,60.13213309,59.81642467,59.70787202,59.84874925,0,0
39.49000000,60.10757396,59.82511187,59.67848854,59.85008887,0,0
39.50000000,60.09297406,59.81588035,59.64122024,59.86369985,0,0
39.51000000,60.08098626,59.88281029,59.68813837,59.83626479,0,0
39.52000000,60.03517277,59.88917793,59.68616469,59.79008528,0,0
39.53000000,60.05636888,59.89935447,59.75503956,59.86717773,0,0
39.54000000,60.14244384,59.86452025,59.77786715,59.85776538,0,0
39.55000000,60.10237660,59.81967850,59.68436995,59.85349044,0,0
39.56000000,60.11152643,59.81484633,59.68992671,59.84176530,0,0
39.57000000,60.08377190,59.87352897,59.66553422,59.80984126,0,0
39.58000000,60.09560706,59.88473420,59.79415804,59.81310574,0,0
39.59000000,60.06351570,59.83494011,59.73630050,59.82228405,0,0
39.60000000,60.05278720,59.82716921,59.75255343,59.84247371,0,0
39.61000000,60.07301691,59.84766937,59.75452746,59.79968120,0,0
39.62000000,60.06377429,59.83593734,59.78535228,59.87481510,0,0
39.63000000,60.04928641,59.87444727,59.80568813,60.02806849,0,0
39.64000000,60.10201100,59.87114143,59.79563075,60.22111736,0,0
39.65000000,60.14268171,59.84802055,59.80959343,60.37749261,0,0
39.66000000,60.12018024,59.89372331,59.78566851,60.55180153,0,0
39.67000000,60.12993893,59.85547782,59.78029379,60.50656231,0,0
39.68000000,60.10195060,59.94128953,59.83087345,60.55615540,0,0
39.69000000,60.15183908,59.92803237,59.71923806,60.64688011,0,0
39.70000000,60.13860122,59.97312182,59.76788767,60.62657246,0,0
39.71000000,60.22021953,59.98529332,59.70940725,60.71630106,0,0
39.72000000,60.08530891,59.94290793,59.77732273,60.66619717,0,0
39.73000000,60.12531057,59.97962037,59.79532166,60.62241796,0,0
39.74000000,60.07975726,60.01025821,59.77024081,60.59701861,0,0
39.75000000,60.17273683,60.03813349,59.77798507,60.43629245,0,0
39.76000000,60.22694587,60.02551714,59.71052033,60.39743581,0,0
39.77000000,60.16926126,60.00865851,59.67779652,60.23053105,0,0
39.78000000,60.10221523,59.96589141,59.65622923,60.18137774,0,0
39.79000000,60.08437174,59.98391401,59.60371295,60.24136854,0,0
39.80000000,60.04935186,59.94042759,59.62160122,60.22075953,0,0
39.81000000,60.05808611,60.01369752,59.65570218,60.23478291,0,0
39.82000000,60.03143352,59.95011653,59.62521771,60.29626938,0,0
39.83000000,60.05072120,59.93635090,59.60599336,60.25482389,0,0
39.84000000,60.04384976,59.86898207,59.57865828,60.23237577,0,0
39.85000000,60.07207662,59.92500686,59.62604853,60.27476326,0,0
39.86000000,60.07542612,59.91245611,59.67831722,60.25803656,0,0
39.87000000,59.94288949,59.89752440,59.70126542,60.20190014,0,1
39.88000000,59.98329129,59.84542523,59.68438421,60.22745284,0,1
39.89000000,59.92971395,59.81549412,59.64870630,60.28960624,0,1
39.90000000,60.02697956,59.77728948,59.61151080,60.32641092,0,1
39.91000000,60.01680505,59.78918235,59.55808114,60.35263623,0,1
39.92000000,60.00251748,59.80211410,59.62545269,60.37452125,0,1
39.93000000,59.91694019,59.83839793,59.64534449,60.35070530,0,1
39.94000000,59.92193156,59.82267182,59.63154970,60.26056701,0,1
39.95000000,59.99604632,59.77567530,59.66776996,60.29550493,0,1
39.96000000,59.98698347,59.78782821,59.63495415,60.36514633,0,1
39.97000000,59.96747145,59.77009427,59.65326460,60.33097706,0,1
39.98000000,59.95393247,59.81058737,59.62450300,60.29738816,0,1
39.99000000,60.00190032,59.80727222,59.67196358,60.29099206,0,1
40.00000000,59.97752000,59.76780359,59.63854755,60.29975025,0,1
40.01000000,59.96343282,59.68385814,59.68806576,60.26903743,0,1
40.02000000,59.94907682,59.73560220,59.73237592,60.36461890,0,1
40.03000000,59.96457334,59.75948193,59.72707991,60.40740624,0,1
40.04000000,59.91323850,59.78468108,59.68575857,60.35618645,0,1
40.05000000,59.95676446,59.73850993,59.66393317,60.32434352,0,1
40.06000000,59.91986812,59.73773572,59.66632016,60.36960754,0,1
40.07000000,60.00897345,59.75234495,59.65322617,60.30821111,0,1
40.08000000,59.98976822,59.77889813,59.65746129,60.29056963,0,1
40.09000000,59.99412818,59.78116478,59.69621604,60.28879204,0,1
40.10000000,59.92865541,59.76491476,59.61141226,60.28451593,0,1
40.11000000,59.92555862,59.76051812,59.60087923,60.30468156,0,1
40.12000000,59.98902961,59.73188224,59.59381409,60.32819139,0,1
40.13000000,60.00933516,59.76116877,59.56994797,60.35072526,0,1
40.14000000,59.97786217,59.75914365,59.67006817,60.32129469,0,1
40.15000000,59.95594093,59.78675117,59.67044225,60.32501580,0,1
40.16000000,59.96624541,59.75382751,59.70576457,60.28201394,0,1
40.17000000,59.93385395,59.79236435,59.67192065,60.34560278,0,1
40.18000000,59.98816659,59.77529520,59.64851102,60.27224799,0,1
40.19000000,59.96922940,59.78192965,59.66489691,60.26985197,0,1
40.20000000,59.95736618,59.77416802,59.68098234,60.28745224,0,1
40.21000000,59.94863165,59.74079776,59.57352532,60.27740235,0,1
40.22000000,59.97708349,59.73432517,59.60385627,60.29640585,0,1
40.23000000,59.94468262,59.75867493,59.59588135,60.29222360,0,1
40.24000000,59.90325159,59.74036140,59.64641534,60.29941736,0,1
40.25000000,59.87824205,59.73436057,59.64105030,60.28023227,0,1
40.26000000,59.90632402,59.73072748,59.64324091,60.21335894,0,1
40.27000000,59.96022619,59.74096305,59.55089155,60.22436620,0,1
40.28000000,59.98048089,59.75583371,59.57542323,60.31291229,0,1
40.29000000,59.96038370,59.76287350,59.58070431,60.25180817,0,1
40.30000000,59.89793044,59.70896853,59.61815273,60.26659059,0,1
40.31000000,59.87192709,59.69418744,59.66001732,60.28691130,0,1
40.32000000,59.96784692,59.67717206,59.63615481,60.22635403,0,1
40.33000000,59.94005902,59.75680126,59.55887271,60.28255686,0,1
40.34000000,59.93622253,59.74800459,59.56111686,60.27419840,0,1
40.35000000,59.86338061,59.68488841,59.53966032,60.23639956,0,1
40.36000000,59.88330324,59.68133527,59.59199156,60.26308656,0,1
40.37000000,59.87465194,59.72744069,59.58866556,60.26589325,0,1
40.38000000,59.90572340,59.70597137,59.58628102,60.25634985,0,1
40.39000000,59.93523879,59.73058219,59.59101201,60.24476627,0,1
40.40000000,59.88152895,59.73501792,59.60680194,60.16989600,0,1
40.41000000,59.87375065,59.70114634,59.57951449,60.23251573,0,1
40.42000000,59.86780585,59.68468963,59.55577168,60.17309321,0,1
40.43000000,59.93430741,59.65619328,59.56397635,60.22187745,0,1
40.44000000,59.88522635,59.67726383,59.52647279,60.26385868,0,1
40.45000000,59.91369449,59.73135735,59.48757769,60.19448028,0,1
40.46000000,59.85244455,59.71040063,59.56398371,60.19022649,0,1
40.47000000,59.88089499,59.67504341,59.53372767,60.19940473,0,1
40.48000000,59.91149391,59.64528013,59.59711111,60.22641082,0,1
40.49000000,59.90268235,59.68906892,59.58085937,60.19451096,0,1
40.50000000,59.89562967,59.71689714,59.56343895,60.18637318,0,1
40.51000000,59.85812098,59.72909065,59.56616646,60.20720628,0,1
40.52000000,59.85539429,59.72180414,59.53939918,60.14506651,0,1
40.53000000,59.82783297,59.66298265,59.54962551,60.15563568,0,1
40.54000000,59.86420635,59.65358074,59.54662123,60.29904177,0,1
40.55000000,59.91510081,59.64092351,59.55854876,60.23142334,0,1
40.56000000,59.94186770,59.68943817,59.54181108,60.21585557,0,1
40.57000000,59.89076544,59.71044436,59.54707824,60.19133693,0,1
40.58000000,59.89149197,59.72586370,59.48610055,60.10610770,0,1
40.59000000,59.87592528,59.63109692,59.51025393,60.16777347,0,1
40.60000000,59.91543055,59.67414319,59.57819908,60.19678805,0,1
40.61000000,59.87128652,59.67509124,59.50278723,60.12651354,0,1
40.62000000,59.87903107,59.67496404,59.49639194,60.19221458,0,1
40.63000000,59.83796665,59.66927258,59.50992880,60.20245314,0,1
40.64000000,59.85718316,59.62700724,59.55167395,60.13189917,0,1
40.65000000,59.90112771,59.66136333,59.60713689,60.20127949,0,1
40.66000000,59.98100565,59.67630131,59.56186778,60.18499285,0,1
40.67000000,59.87909421,59.69193444,59.58281388,60.16570210,0,1
40.68000000,59.84819657,59.71115289,59.56027346,60.15236804,0,1
40.69000000,59.84046451,59.67235090,59.49258104,60.09115710,0,1
40.70000000,59.85502881,59.66834706,59.48015389,60.13642507,0,1
40.71000000,59.82532416,59.65302738,59.47138820,60.10818124,0,1
40.72000000,59.84130061,59.65633470,59.47476139,60.09509194,0,1
40.73000000,59.85334467,59.61724874,59.55687929,60.16736074,0,1
40.74000000,59.88207685,59.63222793,59.46922229,60.09150317,0,1
40.75000000,59.86811880,59.64142044,59.53086180,60.20343967,0,1
40.76000000,59.82148881,59.58629333,59.51756457,60.18687375,0,1
40.77000000,59.74738991,59.61005710,59.56271741,60.19993973,0,1
40.78000000,59.75467470,59.66185033,59.44576172,60.26317984,0,1
40.79000000,59.85913558,59.67857708,59.46616228,60.19204914,0,1
40.80000000,59.89868916,59.66483487,59.40975773,60.22363352,0,1
40.81000000,59.83606490,59.65415456,59.43636730,60.13838918,0,1
40.82000000,59.84890456,59.55579989,59.56962946,60.12861252,0,1
40.83000000,59.82507163,59.61541870,59.61687502,60.16958123,0,1
40.84000000,59.84676057,59.64231870,59.60863679,60.07979794,0,1
40.85000000,59.80966809,59.61878646,59.55638253,60.13041496,0,1
40.86000000,59.78067338,59.60478224,59.55595344,60.16099838,0,1
40.87000000,59.77960183,59.61404415,59.49007930,60.13220249,0,1
40.88000000,59.81585462,59.57520883,59.50851912,60.16607811,0,1
40.89000000,59.87276314,59.59065320,59.51642371,60.18847850,0,1
40.90000000,59.79648669,59.58584603,59.54545115,60.12447707,0,1
40.91000000,59.85702831,59.58413253,59.56425367,60.11735605,0,1
40.92000000,59.85572660,59.57490990,59.54114812,60.10407936,0,1
40.93000000,59.91743506,59.65935515,59.54972734,60.08683298,0,1
40.94000000,59.81850301,59.64788821,59.49584214,60.12734623,0,1
40.95000000,59.84857857,59.66199726,59.44568443,60.16459015,0,1
40.96000000,59.85938909,59.56183082,59.48811636,60.14861529,0,1
40.97000000,59.84488638,59.56162325,59.48825410,60.16195690,0,1
40.98000000,59.83475988,59.54907945,59.54304934,60.13947070,0,1
40.99000000,59.83392947,59.58319872,59.52650668,60.08159052,0,1
41.00000000,59.80735528,59.68477208,59.54033040,60.11836040,0,1
41.01000000,59.86659503,59.69689672,59.49981244,60.11417794,0,1
41.02000000,59.87959720,59.64551118,59.45045816,60.04088309,0,1
41.03000000,59.87368887,59.55097131,59.49653883,60.12290353,0,1
41.04000000,59.80731714,59.57898523,59.47035551,60.17465935,0,1
41.05000000,59.85078790,59.61313182,59.47267933,60.09210049,0,1
41.06000000,59.82938728,59.66617624,59.40144736,60.14174334,0,1
41.07000000,59.84269236,59.63387153,59.43407536,60.10741411,0,1
41.08000000,59.84817010,59.60287223,59.45864283,60.08474748,0,1
41.09000000,59.86538520,59.54753886,59.45052043,60.09895953,0,1
41.10000000,59.81763223,59.55392920,59.50722163,60.08627996,0,1
41.11000000,59.84712159,59.56437950,59.42932691,60.12695899,0,1
41.12000000,59.82747901,59.58772084,59.48317588,60.03812326,0,1
41.13000000,59.83949595,59.59848094,59.45955530,60.05697755,0,1
41.14000000,59.78885123,59.63123822,59.47697107,60.11133488,0,1
41.15000000,59.77564166,59.55025674,59.51918405,60.06177218,0,1
41.16000000,59.78531298,59.60353187,59.44197117,60.09212755,0,1
41.17000000,59.84231613,59.54299445,59.46532422,60.07846242,0,1
41.18000000,59.78853499,59.55904127,59.44488295,60.01307181,0,1
41.19000000,59.79637062,59.52857410,59.46817890,60.01791363,0,1
41.20000000,59.71873236,59.52255358,59.42934408,60.02737337,0,1
41.21000000,59.77455773,59.53425718,59.42662874,60.05402628,0,1
41.22000000,59.82019500,59.51967498,59.43709386,60.11598566,0,1
41.23000000,59.77271317,59.48709419,59.42664439,60.01393648,0,1
41.24000000,59.76407336,59.49862557,59.52159520,60.09007891,0,1
41.25000000,59.79137566,59.54469480,59.47206124,60.06332892,0,1
41.26000000,59.77493815,59.55942697,59.52082334,59.99505956,0,1
41.27000000,59.78706677,59.56202097,59.47936486,60.15951352,0,1
41.28000000,59.80714618,59.57634029,59.48713702,60.10484091,0,1
41.29000000,59.76969812,59.52457166,59.51111431,60.08382482,0,1
41.30000000,59.70633627,59.56453111,59.50719871,60.07434389,0,1
41.31000000,59.71007412,59.53117333,59.45781502,60.06119735,0,1
41.32000000,59.75554681,59.52184100,59.42320293,59.99588777,0,1
41.33000000,59.83188300,59.58646264,59.44269871,60.04815416,0,1
41.34000000,59.82918379,59.53116151,59.43468974,60.06197497,0,1
41.35000000,59.79905328,59.56720985,59.42099482,60.05585197,0,1
41.36000000,59.71843297,59.57289803,59.48566275,60.06659457,0,1
41.37000000,59.75281754,59.58205314,59.40877766,60.10887618,0,1
41.38000000,59.84051270,59.55533615,59.39194071,60.09900594,0,1
41.39000000,59.78447783,59.47644171,59.40843896,60.08514994,0,1
41.40000000,59.78278858,59.52085291,59.42956630,60.04842618,0,1
41.41000000,59.75469327,59.52362219,59.43947548,60.03523686,0,1
41.42000000,59.74489687,59.56288141,59.43962643,59.96408569,0,1
41.43000000,59.70343648,59.56663110,59.47849688,60.00352517,0,1
41.44000000,59.75893129,59.54449308,59.39061901,59.97543798,0,1
41.45000000,59.80931056,59.51390693,59.46916464,60.01226548,0,1
41.46000000,59.80829060,59.54333887,59.43237567,60.05777335,0,1
41.47000000,59.76034297,59.50855964,59.42171454,60.07179311,0,1
41.48000000,59.73446018,59.52222249,59.41836975,60.01861190,0,1
41.49000000,59.73306371,59.53712518,59.41214081,60.05198644,0,1
41.50000000,59.79882702,59.59479028,59.44555928,60.06150423,0,1
41.51000000,59.78385134,59.52790174,59.40169241,60.00969169,0,1
41.52000000,59.74376672,59.56127341,59.40850787,60.03876857,0,1
41.53000000,59.71923428,59.51253685,59.36491944,60.10955906,0,1
41.54000000,59.79569029,59.54540283,59.41033663,60.05566766,0,1
41.55000000,59.72667238,59.52616909,59.44648806,60.00979216,0,1
41.56000000,59.73799418,59.52152688,59.46682138,60.01877755,0,1
41.57000000,59.69366029,59.49480397,59.48695583,60.00866009,0,1
41.58000000,59.76812339,59.49327611,59.42968495,60.01686476,0,1
41.59000000,59.73795748,59.51485025,59.39717326,60.09152826,0,1
41.60000000,59.79633497,59.47568354,59.31113732,60.03598678,0,1
41.61000000,59.73950474,59.50845619,59.38083533,60.05423720,0,1
41.62000000,59.69319401,59.49274033,59.39128628,60.05873041,0,1
41.63000000,59.70497081,59.49049153,59.43149651,60.01908984,0,1
41.64000000,59.78953267,59.51929380,59.38862891,60.00398643,0,1
41.65000000,59.78966749,59.54734650,59.34738004,59.95445986,0,1
41.66000000,59.74269237,59.52797075,59.36101345,59.93380024,0,1
41.67000000,59.68722200,59.41373153,59.36272221,59.98764749,0,1
41.68000000,59.61339897,59.45547382,59.40098099,59.95655476,0,1
41.69000000,59.70003453,59.44582308,59.40116108,60.05147877,0,1
41.70000000,59.75023944,59.44433899,59.39503477,60.05679485,0,1
41.71000000,59.71660174,59.43883240,59.43112394,59.96337998,0,1
41.72000000,59.67438714,59.48524422,59.40959163,59.99639947,0,1
41.73000000,59.64549449,59.45275314,59.38795360,59.95608301,0,1
41.74000000,59.72748329,59.51836834,59.36926372,59.95172781,0,1
41.75000000,59.68036685,59.48593261,59.38462006,59.92609773,0,1
41.76000000,59.74510438,59.45244603,59.32198501,59.96810094,0,1
41.77000000,59.65910255,59.44130779,59.37246735,59.95472365,0,1
41.78000000,59.67710515,59.49316312,59.35043091,59.93679926,0,1
41.79000000,59.63982036,59.39788423,59.34299055,60.02828946,0,1
41.80000000,59.69404991,59.51808541,59.38750452,60.02447308,0,1
41.81000000,59.65978196,59.40754680,59.41627646,60.01879248,0,1
41.82000000,59.66398764,59.51208689,59.43350544,60.03977258,0,1
41.83000000,59.65951855,59.42068863,59.38388274,60.05627085,0,1
41.84000000,59.66900907,59.48473610,59.40387443,59.98536685,0,1
41.85000000,59.71652118,59.42300594,59.29655091,60.06883059,0,1
41.86000000,59.71023632,59.42578020,59.35023104,59.96102886,0,1
41.87000000,59.67999190,59.46374902,59.40308784,59.91670244,0,1
41.88000000,59.66596594,59.46902451,59.40863594,59.96348574,0,1
41.89000000,59.67461459,59.46512782,59.39869549,59.95064408,0,1
41.90000000,59.71410080,59.46865181,59.35065193,59.99270042,0,1
41.91000000,59.70877416,59.49436045,59.38001781,60.02667675,0,1
41.92000000,59.72721309,59.49865213,59.31278457,60.00678313,0,1
41.93000000,59.71005407,59.47329021,59.37067208,59.98999004,0,1
41.94000000,59.65827024,59.46605760,59.31987490,59.96390642,0,1
41.95000000,59.65805342,59.42470153,59.32447758,59.94387590,0,1
41.96000000,59.71277520,59.45062769,59.31169041,59.92082839,0,1
41.97000000,59.72422911,59.51509220,59.30659766,59.94459164,0,1
41.98000000,59.67440320,59.48751069,59.29803606,59.96418497,0,1
41.99000000,59.64338548,59.44001332,59.32219308,59.91872935,0,1
42.00000000,59.65435635,59.41133494,59.32711213,59.95985402,0,1
42.01000000,59.73461367,59.43744802,59.32114448,60.00049366,0,1
42.02000000,59.68548370,59.47387871,59.35582927,59.94806705,0,1
42.03000000,59.62998292,59.50999163,59.34825688,59.91477590,0,1
42.04000000,59.62105653,59.46388374,59.35057425,59.94383495,0,1
42.05000000,59.68136910,59.41483089,59.29473540,59.89455599,0,1
42.06000000,59.73009503,59.45032750,59.30152333,59.92078530,0,1
42.07000000,59.71890907,59.45516956,59.30226790,59.88728326,0,1
42.08000000,59.66425891,59.47654268,59.27965694,59.92204297,0,1
42.09000000,59.59939755,59.45222491,59.33838127,59.98295046,0,1
42.10000000,59.64465618,59.45798460,59.33606156,59.88624947,0,1
42.11000000,59.69149847,59.43712499,59.35240254,59.97998632,0,1
42.12000000,59.73837668,59.51017054,59.32403177,60.01565687,0,1
42.13000000,59.66532377,59.47424272,59.34536454,59.91476637,0,1
42.14000000,59.63557570,59.45393292,59.31729099,59.96596495,0,1
42.15000000,59.60947031,59.43051164,59.32989169,59.92784925,0,1
42.16000000,59.65099487,59.43823921,59.33851764,59.96374900,0,1
42.17000000,59.75192387,59.45274734,59.35410561,59.95572870,0,1
42.18000000,59.67872403,59.44416861,59.35578972,59.98320985,0,1
42.19000000,59.66997033,59.43580644,59.38023204,59.95309326,0,1
42.20000000,59.63669045,59.43822351,59.33914213,59.96774485,0,1
42.21000000,59.70174398,59.45253048,59.32956848,59.94312471,0,1
42.22000000,59.63446687,59.43675721,59.35261079,59.97465599,0,1
42.23000000,59.66149953,59.40924351,59.26614438,59.96001724,0,1
42.24000000,59.65015296,59.35424316,59.31707289,59.94327687,0,1
42.25000000,59.62637917,59.42695156,59.28393895,59.95722738,0,1
42.26000000,59.60027493,59.44492881,59.27734381,59.88790043,0,1
42.27000000,59.62533434,59.42884195,59.33515011,59.92942379,0,1
42.28000000,59.69947666,59.48179760,59.28485183,59.85344560,0,1
42.29000000,59.65111005,59.38869218,59.35330028,59.89784517,0,1
42.30000000,59.62319554,59.39115744,59.30359987,59.91148161,0,1
42.31000000,59.57459816,59.39908294,59.26603931,59.86503262,0,1
42.32000000,59.61135347,59.42574912,59.23247644,60.00473887,0,1
42.33000000,59.64209074,59.42020892,59.26822457,59.90381070,0,1
42.34000000,59.64271850,59.38345029,59.34317649,59.93476421,0,1
42.35000000,59.62881162,59.42789060,59.33388333,59.97727353,0,1
42.36000000,59.64181962,59.41860941,59.32118173,59.89550278,0,1
42.37000000,59.58449699,59.40487453,59.33328945,59.96465799,0,1
42.38000000,59.65901760,59.43799334,59.32190717,59.94448749,0,1
42.39000000,59.65574927,59.38638610,59.29933687,59.89510566,0,1
42.40000000,59.64971085,59.45369022,59.32865925,59.97145448,0,1
42.41000000,59.59747803,59.41355097,59.31460571,59.93871368,0,1
42.42000000,59.62606283,59.46394475,59.29656155,59.93018209,0,1
42.43000000,59.64213170,59.45050024,59.30304417,60.02611925,0,1
42.44000000,59.66478339,59.42049494,59.29125446,59.88603681,0,1
42.45000000,59.61489189,59.41727065,59.30301835,59.90663855,0,1
42.46000000,59.57402850,59.44782309,59.30092370,59.97591201,0,1
42.47000000,59.64653230,59.40158792,59.27572095,59.94261142,0,1
42.48000000,59.66634034,59.41396402,59.24497337,59.89605751,0,1
42.49000000,59.62155442,59.38662314,59.24046227,59.88748123,0,1
42.50000000,59.59896026,59.41033766,59.27732286,59.88980356,0,1
42.51000000,59.61358930,59.37318878,59.29011954,59.80847592,0,1
42.52000000,59.59353641,59.39269143,59.30621199,59.87914578,0,1
42.53000000,59.60870546,59.38717764,59.27177341,59.88738654,0,1
42.54000000,59.58314879,59.38693886,59.20355020,59.86803235,0,1
42.55000000,59.55077181,59.38993740,59.24426109,59.88045182,0,1
42.56000000,59.57072521,59.39068248,59.25896658,59.83945507,0,1
42.57000000,59.56739063,59.34136508,59.25582095,59.86712085,0,1
42.58000000,59.57557471,59.38910973,59.24688890,59.84133562,0,1
42.59000000,59.59412153,59.38038523,59.26687061,59.83964948,0,1
42.60000000,59.57342213,59.41543186,59.23861707,59.87894179,0,1
42.61000000,59.54349059,59.37597323,59.23891739,59.84563016,0,1
42.62000000,59.58733433,59.33309201,59.26348854,59.93268955,0,1
42.63000000,59.54928903,59.34497934,59.26902548,59.95431996,0,1
42.64000000,59.58692983,59.40401156,59.28953525,59.92815267,0,1
42.65000000,59.57244856,59.39777798,59.24417910,59.93894640,0,1
42.66000000,59.60296915,59.34595218,59.25241175,59.91422386,0,1
42.67000000,59.55488383,59.34811212,59.27331427,59.89423944,0,1
42.68000000,59.60668667,59.32942019,59.29104739,59.93398346,0,1
42.69000000,59.56312320,59.38457880,59.23836200,59.87799100,0,1
42.70000000,59.57518541,59.38376564,59.22488222,59.86660676,0,1
42.71000000,59.56263171,59.32798275,59.22507315,59.82126099,0,1
42.72000000,59.53502111,59.32756270,59.25903617,59.82346328,0,1
42.73000000,59.63390835,59.36632077,59.27317878,59.85795995,0,1
42.74000000,59.60419149,59.32398812,59.23581506,59.85439382,0,1
42.75000000,59.59622760,59.31650232,59.20539436,59.85546729,0,1
42.76000000,59.49851930,59.35311322,59.20703095,59.80045856,0,1
42.77000000,59.47234185,59.33323493,59.20436239,59.79179455,0,1
42.78000000,59.44488329,59.34471586,59.23941437,59.86241390,0,1
42.79000000,59.54542216,59.34552106,59.21276278,59.77300734,0,1
42.80000000,59.61228782,59.26984274,59.19792306,59.77993413,0,1
42.81000000,59.63366559,59.28448540,59.19787686,59.84694342,0,1
42.82000000,59.54222659,59.34845874,59.22748242,59.82584401,0,1
42.83000000,59.49450968,59.31758708,59.22905980,59.80808187,0,1
42.84000000,59.47376183,59.32856401,59.22114843,59.95417185,0,1
42.85000000,59.44433655,59.30707191,59.20804907,59.88576885,0,1
42.86000000,59.50102558,59.25178893,59.13013644,59.83799883,0,1
42.87000000,59.49968649,59.28967217,59.18470162,59.91815247,0,1
42.88000000,59.53922263,59.35738139,59.18682780,59.86388541,0,1
42.89000000,59.50392687,59.29249791,59.21223879,59.82627950,0,1
42.90000000,59.49989920,59.30231207,59.27023834,59.81300716,0,1
42.91000000,59.54437218,59.27368695,59.31970518,59.83228678,0,1
42.92000000,59.53698098,59.33018784,59.27734743,59.83880555,0,1
42.93000000,59.48537623,59.34222822,59.25288719,59.84745425,0,1
42.94000000,59.52770522,59.38312575,59.18636959,59.84924404,0,1
42.95000000,59.54785319,59.33628490,59.21245281,59.84897578,0,1
42.96000000,59.55500549,59.27853973,59.15617838,59.84952354,0,1
42.97000000,59.55231018,59.30997775,59.20617194,59.83573253,0,1
42.98000000,59.54462380,59.31176351,59.14342989,59.81290311,0,1
42.99000000,59.51905810,59.35329021,59.20441756,59.85813071,0,1
43.00000000,59.52113515,59.30553125,59.16475677,59.80729271,0,1
43.01000000,59.54240117,59.28843155,59.16491978,59.73058768,0,1
43.02000000,59.57587176,59.32781419,59.16094027,59.79602685,0,1
43.03000000,59.53749008,59.34494181,59.14485759,59.79117714,0,1
43.04000000,59.50118206,59.34378991,59.14625599,59.80313418,0,1
43.05000000,59.49342474,59.31212141,59.13594629,59.81114614,0,1
43.06000000,59.54223983,59.27173202,59.17332387,59.82499793,0,1
43.07000000,59.54660696,59.29063340,59.17723246,59.81976162,0,1
43.08000000,59.53963724,59.29357265,59.19158083,59.80425160,0,1
43.09000000,59.54980472,59.34201650,59.16369540,59.74849192,0,1
43.10000000,59.47502200,59.26834627,59.15220873,59.78698119,0,1
43.11000000,59.45959542,59.29198872,59.20101715,59.71551072,0,1
43.12000000,59.51368385,59.28099207,59.16286263,59.72138545,0,1
43.13000000,59.52052686,59.29768735,59.13806416,59.75574851,0,1
43.14000000,59.52318995,59.29853640,59.15288257,59.81857498,0,1
43.15000000,59.47958545,59.26564780,59.14909167,59.77129356,0,1
43.16000000,59.51421231,59.27855504,59.18908150,59.80533302,0,1
43.17000000,59.50875211,59.35119221,59.15990321,59.81401919,0,1
43.18000000,59.54701612,59.28875091,59.19823157,59.79470447,0,1
43.19000000,59.44116929,59.27192726,59.20904809,59.77244343,0,1
43.20000000,59.56346265,59.27906173,59.21831224,59.81902529,0,1
43.21000000,59.49729153,59.22286947,59.16341222,59.82310511,0,1
43.22000000,59.50094343,59.27752474,59.15671978,59.71137733,0,1
43.23000000,59.48448974,59.33663092,59.15063335,59.76606886,0,1
43.24000000,59.50060921,59.28824471,59.16677385,59.82281857,0,1
43.25000000,59.48372812,59.29241459,59.19087475,59.72337367,0,1
43.26000000,59.47104021,59.19907962,59.20992543,59.81060421,0,1
43.27000000,59.49786658,59.25191392,59.13364264,59.81078602,0,1
43.28000000,59.48352637,59.26259523,59.13212431,59.71573079,0,1
43.29000000,59.52452841,59.26527617,59.07610839,59.78133852,0,1
43.30000000,59.42347559,59.28162666,59.16877751,59.72334011,0,1
43.31000000,59.43485660,59.22560339,59.16611496,59.72587115,0,1
43.32000000,59.40453061,59.20304080,59.15518977,59.76297351,0,1
43.33000000,59.43874792,59.22869856,59.13010585,59.63384701,0,1
43.34000000,59.52223381,59.20866878,59.07812031,59.76739332,0,1
43.35000000,59.45447700,59.22894031,59.09224346,59.77051552,0,1
43.36000000,59.49233429,59.27135810,59.16538759,59.65486081,0,1
43.37000000,59.44505228,59.22634463,59.18863383,59.83467993,0,1
43.38000000,59.44020821,59.23206791,59.18832347,59.76740312,0,1
43.39000000,59.45227273,59.17252491,59.14891691,59.65663811,0,1
43.40000000,59.41892580,59.22556444,59.17709508,59.76937708,0,1
43.41000000,59.44123766,59.20008555,59.12555998,59.75805992,0,1
43.42000000,59.38741470,59.21004450,59.12960558,59.71052189,0,1
43.43000000,59.44308114,59.18235191,59.11310771,59.74070886,0,1
43.44000000,59.45108155,59.20260822,59.14926106,59.75748969,0,1
43.45000000,59.52271041,59.26284238,59.16860264,59.75355869,0,1
43.46000000,59.45465768,59.22401047,59.23099290,59.74658447,0,1
43.47000000,59.43027180,59.20600188,59.18763540,59.77534968,0,1
43.48000000,59.44005730,59.20217067,59.14709836,59.78495752,0,1
43.49000000,59.49879505,59.24480251,59.08630395,59.78697324,0,1
43.50000000,59.42996566,59.18072109,59.07747996,59.78036029,0,1
43.51000000,59.43882386,59.23223039,59.14742195,59.75008977,0,1
43.52000000,59.46671647,59.18713660,59.13904634,59.71259249,0,1
43.53000000,59.45695391,59.19777653,59.13699441,59.65945415,0,1
43.54000000,59.48433126,59.18738238,59.06240750,59.65980124,0,1
43.55000000,59.44753502,59.17621874,59.04929605,59.67520784,0,1
43.56000000,59.44221597,59.17807096,59.06574190,59.66594300,0,1
43.57000000,59.39803364,59.18841611,59.10724420,59.73196696,0,1
43.58000000,59.33092808,59.19107009,59.11629503,59.69100043,0,1
43.59000000,59.41594473,59.23900182,59.05405573,59.67080491,0,1
43.60000000,59.50178216,59.18096014,59.03277878,59.65039401,0,1
43.61000000,59.48425022,59.19335247,59.03178413,59.65722204,0,1
43.62000000,59.47994654,59.16353661,59.09278328,59.70862110,0,1
43.63000000,59.32383158,59.14006266,59.08470940,59.72506260,0,1
43.64000000,59.36772177,59.17799925,59.10759040,59.63753998,0,1
43.65000000,59.42640063,59.16424269,59.09132619,59.65436978,0,1
43.66000000,59.43097427,59.16188821,59.07868257,59.70420616,0,1
43.67000000,59.41227603,59.15868889,59.07466374,59.64011978,0,1
43.68000000,59.39246679,59.21100114,59.14005341,59.75307431,0,1
43.69000000,59.39336330,59.20092815,59.07766570,59.72144344,0,1
43.70000000,59.40523562,59.18392303,59.14097862,59.74335236,0,1
43.71000000,59.43780345,59.14252788,59.05792331,59.68770092,0,1
43.72000000,59.43886774,59.16368176,59.17406372,59.70920874,0,1
43.73000000,59.38526388,59.19600719,59.12737685,59.71752212,0,1
43.74000000,59.33458995,59.20322808,59.12730490,59.63276245,0,1
43.75000000,59.33710621,59.17479034,59.03189946,59.57359928,0,1
43.76000000,59.45344179,59.13437834,58.96582069,59.64566179,0,1
43.77000000,59.45656012,59.16432980,58.94911887,59.64311259,0,1
43.78000000,59.42618607,59.19801334,59.00882118,59.66007682,0,1
43.79000000,59.33789134,59.18245191,59.02204740,59.73340935,0,1
43.80000000,59.36889422,59.13679062,59.07988261,59.68380052,0,1
43.81000000,59.40961089,59.16139776,59.11639464,59.61355155,0,1
43.82000000,59.44734505,59.14931599,59.02772257,59.70691823,0,1
43.83000000,59.37950952,59.11332530,59.02630186,59.66074752,0,1
43.84000000,59.22586047,59.10389263,59.00722620,59.62600388,0,1
43.85000000,59.31803705,59.12814001,59.06083205,59.63989937,0,1
43.86000000,59.39145552,59.21026176,59.07469466,59.61764234,0,1
43.87000000,59.44083128,59.14859366,59.04404238,59.59095061,0,1
43.88000000,59.31059054,59.12168346,59.06349700,59.66704162,0,1
43.89000000,59.35724291,59.10822888,59.02064973,59.65438285,0,1
43.90000000,59.34525928,59.12842136,59.07818751,59.69356330,0,1
43.91000000,59.39317536,59.15935311,59.03914095,59.66614596,0,1
43.92000000,59.41270828,59.12877097,59.10851477,59.66829864,0,1
43.93000000,59.38444845,59.06172316,59.11062223,59.65917868,0,1
43.94000000,59.33692797,59.15083056,59.10133557,59.62906607,0,1
43.95000000,59.34613145,59.19804755,59.11253195,59.66235731,0,1
43.96000000,59.33985020,59.17747967,58.97518140,59.62609307,0,1
43.97000000,59.38036324,59.09327532,59.05334559,59.60366130,0,1
43.98000000,59.37049177,59.06022654,59.02791065,59.66536651,0,1
43.99000000,59.41830032,59.12404127,59.10759717,59.70992383,0,1
44.00000000,59.40726725,59.20691596,59.08019918,59.72797418,0,1
44.01000000,59.32261992,59.18449793,59.08725565,59.69476976,0,1
44.02000000,59.32035655,59.12462282,59.02659462,59.69601187,0,1
44.03000000,59.37234458,59.12866294,59.05466424,59.67995019,0,1
44.04000000,59.44209215,59.17691370,59.00648182,59.70673215,0,1
44.05000000,59.42513204,59.15867947,59.01531711,59.69376938,0,1
44.06000000,59.37217671,59.09279825,58.98686857,59.63213483,0,1
44.07000000,59.29324291,59.08101883,58.97369944,59.55672689,0,1
44.08000000,59.39119541,59.12847055,59.00994100,59.61483901,0,1
44.09000000,59.35257879,59.13431519,59.00060585,59.62557042,0,1
44.10000000,59.33009350,59.12918030,58.99557431,59.59754910,0,1
44.11000000,59.24989226,59.04108466,59.00773971,59.64755314,0,1
44.12000000,59.25392441,59.05209191,59.03852106,59.58823677,0,1
44.13000000,59.35602885,59.06169758,59.04457283,59.58016161,0,1
44.14000000,59.32742020,59.01039354,59.03439495,59.58986407,0,1
44.15000000,59.25924631,58.99471250,59.02391428,59.61146395,0,1
44.16000000,59.21255261,58.95252264,59.00322432,59.62477043,0,1
44.17000000,59.22946279,58.97213110,58.99022733,59.54059388,0,1
44.18000000,59.23066753,58.97745710,58.95782924,59.58322761,0,1
44.19000000,59.25461425,58.95687570,58.96256304,59.56563482,0,1
44.20000000,59.22876935,58.96183930,58.96114987,59.50280668,0,1
44.21000000,59.23705446,58.96496702,58.98665038,59.58752856,0,1
44.22000000,59.21972913,58.99174675,58.96508409,59.56882921,0,1
44.23000000,59.26018015,58.97845374,58.87368603,59.50369699,0,1
44.24000000,59.22488656,58.94085197,58.89210365,59.54235528,0,1
44.25000000,59.14689278,58.88722942,58.91728309,59.54047644,0,1
44.26000000,59.14648240,58.91196197,58.92358035,59.49831555,0,1
44.27000000,59.09675179,58.83674078,58.87039042,59.45457580,0,1
44.28000000,59.11686703,58.86007357,58.83209261,59.40757810,0,1
44.29000000,59.03010021,58.80314111,58.78826931,59.43358721,0,1
44.30000000,58.99038350,58.71323621,58.82067343,59.41389312,0,1
44.31000000,59.05385412,58.75751761,58.82673483,59.45780189,0,1
44.32000000,59.07582895,58.73419395,58.83856128,59.49112480,0,1
44.33000000,59.02072273,58.75377470,58.80004927,59.36974326,0,1
44.34000000,58.97014753,58.77378875,58.77157647,59.35181406,0,1
44.35000000,58.93457759,58.71031052,58.71103707,59.25575036,0,1
44.36000000,58.91605467,58.73009419,58.64850158,59.25763809,0,1
44.37000000,58.94123314,58.65037153,58.63187462,59.31831625,0,1
44.38000000,58.95084411,58.58612046,58.61107516,59.16465959,0,1
44.39000000,58.92345874,58.55179834,58.62381818,59.20993738,0,1
44.40000000,58.85220646,58.57941702,58.64518184,59.23517914,0,1
44.41000000,58.80447230,58.58942417,58.59345155,59.09001617,0,1
44.42000000,58.82536653,58.54453787,58.55266529,59.14709558,0,1
44.43000000,58.78567313,58.44558122,58.53525826,59.24076641,0,1
44.44000000,58.73376540,58.45057545,58.50742475,59.16069132,0,1
44.45000000,58.75552858,58.43820730,58.49772211,59.04480394,0,1
44.46000000,58.63102207,58.48846965,58.45637950,59.04901627,0,1
44.47000000,58.66853198,58.37408565,58.46583901,58.96032075,0,1
44.48000000,58.59022206,58.34860407,58.45443616,59.01822297,0,1
44.49000000,58.64055015,58.27375268,58.40608507,59.10592678,0,1
44.50000000,58.58730301,58.30737144,58.37727388,58.98222057,0,1
44.51000000,58.54164389,58.26861369,58.34101984,58.99050915,0,1
44.52000000,58.53179723,58.25778410,58.29956266,58.96127332,0,1
44.53000000,58.45693353,58.26427840,58.24990989,58.88501775,0,1
44.54000000,58.42928803,58.19301533,58.25974485,58.89892398,0,1
44.55000000,58.40480233,58.17627228,58.18530570,58.92825582,0,1
44.56000000,58.39559566,58.08956462,58.11785858,58.83272227,0,1
44.57000000,58.30870372,58.07499046,58.12086929,58.71925306,0,1
44.58000000,58.33552086,58.07041626,58.13649609,58.71075866,0,1
44.59000000,58.27676281,58.03125116,58.09545808,58.64537744,0,1
44.60000000,58.23812789,57.96409826,58.05985538,58.62333722,0,1
44.61000000,58.19823166,57.94185819,57.98152569,58.65096856,0,1
44.62000000,58.17333581,57.93902248,57.96366269,58.59833599,0,1
44.63000000,58.19353809,57.89866222,57.95767313,58.58222006,0,1
44.64000000,58.19080587,57.88685664,57.95939267,58.54760152,0,1
44.65000000,58.10351040,57.85189873,57.89155308,58.52835909,0,1
44.66000000,58.04628114,57.79441548,57.85025310,58.46208770,0,1
44.67000000,58.02493925,57.83682684,57.81045283,58.37880713,0,1
44.68000000,58.00028297,57.77940612,57.83166065,58.39426321,0,1
44.69000000,57.99289817,57.73732075,57.77760742,58.35054198,0,1
44.70000000,57.99145037,57.59391251,57.71682199,58.30962024,0,1
44.71000000,57.95093930,57.59987322,57.65396324,58.22845495,0,1
44.72000000,57.89054162,57.64233183,57.69630683,58.23520427,0,1
44.73000000,57.83887294,57.63672221,57.69290757,58.23604544,0,1
44.74000000,57.83230673,57.60706608,57.55537896,58.18789223,0,1
44.75000000,57.85245705,57.47985002,57.53726519,58.25773864,0,1
44.76000000,57.80025733,57.47980638,57.50046444,58.22267338,0,1
44.77000000,57.79105637,57.51513386,57.46338386,58.10813028,0,1
44.78000000,57.63482682,57.52420834,57.47766262,58.06653389,0,1
44.79000000,57.64789438,57.39580516,57.46042190,58.00812576,0,1
44.80000000,57.63035065,57.33814250,57.44787061,57.96546148,0,1
44.81000000,57.66521599,57.31416647,57.36834058,57.96971253,0,1
44.82000000,57.62176892,57.29120484,57.28456193,58.01106552,0,1
44.83000000,57.56289584,57.31435735,57.32610478,57.90575138,0,1
44.84000000,57.47602862,57.32202565,57.32603119,57.84622711,0,1
44.85000000,57.50326592,57.23586463,57.32717148,57.86372274,0,1
44.86000000,57.56818678,57.22784797,57.27080717,57.89521409,0,1
44.87000000,57.50678608,57.19044139,57.15872598,57.91525155,0,1
44.88000000,57.45713188,57.21738776,57.08778950,57.82960293,0,1
44.89000000,57.36971204,57.19933870,57.11366468,57.74789435,0,1
44.90000000,57.36291768,57.12083005,57.18104935,57.71907418,0,1
44.91000000,57.36740395,57.13217340,57.13948533,57.67195312,0,1
44.92000000,57.37034133,57.12768593,57.11078726,57.63043327,0,1
44.93000000,57.36295936,57.05582407,57.02098888,57.75079221,0,1
44.94000000,57.29821805,57.06393207,57.01371258,57.65198643,0,1
44.95000000,57.24783271,56.98160097,57.01726707,57.57833880,0,1
44.96000000,57.21815485,57.02237895,57.06484062,57.65932850,0,1
44.97000000,57.22091744,56.94904921,57.01128651,57.59418093,0,1
44.98000000,57.13177575,56.93664587,56.99107957,57.55561737,0,1
44.99000000,57.07500463,56.84110236,56.88232476,57.60333363,0,1
45.00000000,57.02923908,56.78774903,56.89724219,57.51021028,0,1
45.01000000,56.97835041,56.74000616,56.91474779,57.43877199,0,1
45.02000000,56.95503804,56.75439090,56.89766149,57.43650667,0,1
45.03000000,56.89205232,56.74094382,56.84027817,57.35469023,0,1
45.04000000,56.91547892,56.76617115,56.73780497,57.37956977,0,1
45.05000000,56.96958946,56.79081670,56.74295545,57.37093915,0,1
45.06000000,56.94362030,56.74699132,56.64709034,57.33328931,0,1
45.07000000,56.97797200,56.70066700,56.64783332,57.35422668,0,1
45.08000000,56.90237970,56.65854761,56.65145791,57.28368278,0,1
45.09000000,56.87126582,56.67807903,56.64293832,57.26748382,0,1
45.10000000,56.86945094,56.67992889,56.66889365,57.26714062,0,1
45.11000000,56.88033191,56.67389254,56.57816478,57.24404510,0,1
45.12000000,56.84157028,56.64630961,56.56585506,57.23542042,0,1
45.13000000,56.78442513,56.62991063,56.56255196,57.21414155,0,1
45.14000000,56.71589684,56.59127728,56.58712625,57.18723696,0,1
45.15000000,56.67543427,56.52819715,56.53543795,57.16395771,0,1
45.16000000,56.74836668,56.52173649,56.47947731,57.13981487,0,1
45.17000000,56.69836505,56.46676319,56.46920994,57.11263403,0,1
45.18000000,56.64784876,56.46010772,56.41751402,57.10604206,0,1
45.19000000,56.66874003,56.40820330,56.45374556,57.08537938,0,1
45.20000000,56.67756701,56.41487693,56.40326125,57.02754931,0,1
45.21000000,56.69627487,56.39896335,56.34955534,56.97737229,0,1
45.22000000,56.55787029,56.39375658,56.36118186,56.94921224,0,1
45.23000000,56.49389271,56.39949722,56.33188516,56.92593764,0,1
45.24000000,56.46094311,56.37647943,56.30996991,56.90001639,0,1
45.25000000,56.51756778,56.33871843,56.26318050,56.86177875,0,1
45.26000000,56.58145466,56.27233003,56.18908760,56.87723417,0,1
45.27000000,56.53189719,56.28163944,56.14659895,56.87966517,0,1
45.28000000,56.44538950,56.27897213,56.27309078,56.89429444,0,1
45.29000000,56.37973295,56.29134114,56.27002552,56.81045826,0,1
45.30000000,56.38755588,56.16322041,56.29822770,56.83789762,0,1
45.31000000,56.45737354,56.10411086,56.16398776,56.86532995,0,1
45.32000000,56.42474989,56.14785367,56.12879039,56.80782395,0,1
45.33000000,56.36259995,56.19020694,56.17201940,56.80120119,0,1
45.34000000,56.28332510,56.18734465,56.12643692,56.80246451,0,1
45.35000000,56.32542262,56.13614185,56.09610437,56.68084833,0,1
45.36000000,56.25634948,56.10172009,56.03461635,56.57336402,0,1
45.37000000,56.33108988,56.05438795,55.99367477,56.69707301,0,1
45.38000000,56.24624888,56.07872596,56.03453939,56.67710567,0,1
45.39000000,56.15600726,55.99376720,56.00644385,56.62226982,0,1
45.40000000,56.19557544,55.99635447,55.98418147,56.63112837,0,1
45.41000000,56.17529191,55.94706691,55.93793738,56.61999295,0,1
45.42000000,56.21202824,55.95490068,55.90317221,56.54667853,0,1
45.43000000,56.21057070,55.97645956,55.86382906,56.46977093,0,1
45.44000000,56.11761082,55.93643483,55.90660200,56.54093581,0,1
45.45000000,56.06668484,55.90993320,55.90300108,56.53598462,0,1
45.46000000,56.03266101,55.85628731,55.91975024,56.40418174,0,1
45.47000000,56.03531068,55.88134607,55.84671754,56.41102309,0,1
45.48000000,56.03479519,55.88575517,55.79660334,56.49645073,0,1
45.49000000,56.00645795,55.87048422,55.76278354,56.40144859,0,1
45.50000000,55.96359447,55.76654034,55.76011115,56.40717944,0,1
45.51000000,55.99642411,55.71576819,55.75667783,56.46552802,0,1
45.52000000,56.02850275,55.73414583,55.75244397,56.40341446,0,1
45.53000000,55.97921239,55.77025667,55.71570438,56.33305759,0,1
45.54000000,55.92607527,55.78600401,55.67037348,56.36903553,0,1
45.55000000,55.93585767,55.73471134,55.68488597,56.33876835,0,1
45.56000000,55.88831200,55.72497768,55.69355719,56.30579850,0,1
45.57000000,55.87888900,55.66577621,55.66699597,56.28324498,0,1
45.58000000,55.84629983,55.67146381,55.66705062,56.20250655,0,1
45.59000000,55.82670770,55.63198817,55.56877016,56.23476819,0,1
45.60000000,55.86353185,55.64356047,55.55285773,56.20566211,0,1
45.61000000,55.85535160,55.64678493,55.57542060,56.17679557,0,1
45.62000000,55.83263927,55.58485560,55.57278446,56.15881716,0,1
45.63000000,55.78743314,55.54362998,55.56054476,56.17171991,0,1
45.64000000,55.76601917,55.52352308,55.54171732,56.12042502,0,1
45.65000000,55.77222501,55.55839353,55.48233826,56.11156466,0,1
45.66000000,55.76478793,55.56838457,55.42546786,56.08125475,0,1
45.67000000,55.71288768,55.52804024,55.38863067,56.05778208,0,1
45.68000000,55.72417795,55.47742569,55.40822350,56.00728235,0,1
45.69000000,55.65724249,55.43020782,55.43232902,55.94136579,0,1
45.70000000,55.64872230,55.43593998,55.41248983,55.93730109,0,1
45.71000000,55.61801641,55.39560938,55.36186982,55.98550856,0,1
45.72000000,55.63002673,55.36066694,55.36071729,55.95766216,0,1
45.73000000,55.59330128,55.34737682,55.36168091,55.94328613,0,1
45.74000000,55.59094399,55.30344216,55.34202332,55.95443147,0,1
45.75000000,55.54690130,55.27886548,55.32335586,55.92136835,0,1
45.76000000,55.54605807,55.30113944,55.28377919,55.86899738,0,1
45.77000000,55.55350460,55.26751657,55.25272332,55.84326365,0,1
45.78000000,55.51178418,55.25308469,55.26385194,55.83304655,0,1
45.79000000,55.43851707,55.19613928,55.25559833,55.80402604,0,1
45.80000000,55.41323152,55.22440766,55.26349476,55.72153546,0,1
45.81000000,55.36206063,55.17664721,55.22906050,55.73642862,0,1
45.82000000,55.40643809,55.13079867,55.15916262,55.70034483,0,1
45.83000000,55.35758181,55.07431893,55.09554280,55.68291074,0,1
45.84000000,55.37559547,55.06124729,55.10260395,55.71269761,0,1
45.85000000,55.31810517,55.09245186,55.10704279,55.71589873,0,1
45.86000000,55.37979846,55.08666471,55.10675307,55.71467114,0,1
45.87000000,55.26090051,55.05903629,55.06808197,55.67465801,0,1
45.88000000,55.30688796,55.01504804,55.05866660,55.65286627,0,1
45.89000000,55.24919448,55.02333027,55.02195606,55.63342041,0,1
45.90000000,55.28731340,55.02237258,55.02212311,55.60458684,0,1
45.91000000,55.18326348,54.96076695,55.01545740,55.53361158,0,1
45.92000000,55.19232968,54.97685354,54.96567793,55.50231430,0,1
45.93000000,55.17478075,54.91816936,54.96710864,55.48064230,0,1
45.94000000,55.19892267,54.91710809,54.94538568,55.47002944,0,1
45.95000000,55.08265666,54.86774177,54.91689479,55.47183716,0,1
45.96000000,55.05758913,54.84485862,54.90168864,55.47388722,0,1
45.97000000,55.07409656,54.85023246,54.88855899,55.45693816,0,1
45.98000000,55.11690419,54.86738018,54.88117587,55.44663336,0,1
45.99000000,55.06056909,54.83073112,54.83893377,55.41166230,0,1
46.00000000,55.07581201,54.79642337,54.82058232,55.40245717,0,1
46.01000000,54.97542830,54.76226153,54.74164685,55.35541669,0,1
46.02000000,54.98263675,54.72331949,54.79520082,55.32602813,0,1
46.03000000,54.91614456,54.71155320,54.77526005,55.22874351,0,1
46.04000000,54.85885434,54.67927799,54.78496501,55.24103421,0,1
46.05000000,54.87407607,54.65417243,54.68351993,55.24630294,0,1
46.06000000,54.88238899,54.68429539,54.61608218,55.23446773,0,1
46.07000000,54.86151496,54.66754082,54.62302159,55.20614423,0,1
46.08000000,54.84687118,54.58558310,54.59494915,55.25939260,0,1
46.09000000,54.85157220,54.53687542,54.61251792,55.19503698,0,1
46.10000000,54.75540380,54.53346523,54.64263599,55.18448912,0,1
46.11000000,54.77452014,54.56104127,54.68168584,55.20753973,0,1
46.12000000,54.79820377,54.58234663,54.55053944,55.17339999,0,1
46.13000000,54.77820017,54.56615977,54.52559973,55.09072917,0,1
46.14000000,54.74752376,54.52542760,54.51897468,55.11690909,0,1
46.15000000,54.65961439,54.49425443,54.53656884,55.04637861,0,1
46.16000000,54.61432273,54.44459847,54.54162623,55.10880050,0,1
46.17000000,54.68000469,54.48511595,54.46250204,55.08477870,0,1
46.18000000,54.65788460,54.48534130,54.43829853,55.03831867,0,1
46.19000000,54.66618602,54.43489878,54.42486845,55.05446207,0,1
46.20000000,54.62256107,54.37215914,54.41360571,55.03444997,0,1
46.21000000,54.61838084,54.33384581,54.38236448,54.99194102,0,1
46.22000000,54.63901933,54.34376631,54.34786986,54.98319868,0,1
46.23000000,54.58927837,54.34576128,54.28453643,54.89767699,0,1
46.24000000,54.53167754,54.31445228,54.24826440,54.88208399,0,1
46.25000000,54.46561600,54.27409693,54.26530290,54.81324187,0,1
46.26000000,54.48289879,54.31606687,54.29825845,54.72582866,0,1
46.27000000,54.43916551,54.25125286,54.27671025,54.74814186,0,1
46.28000000,54.45965190,54.27038365,54.14710423,54.76019015,0,1
46.29000000,54.41598671,54.18139711,54.13332940,54.75464030,0,1
46.30000000,54.37583125,54.20599177,54.20781446,54.76948621,0,1
46.31000000,54.44938874,54.14387623,54.22545350,54.75480458,0,1
46.32000000,54.41167923,54.11549255,54.22197727,54.72236139,0,1
46.33000000,54.38862212,54.07455973,54.17705001,54.69976439,0,1
46.34000000,54.29625310,54.13142543,54.10690519,54.62946223,0,1
46.35000000,54.30791699,54.08746386,54.07565273,54.66755504,0,1
46.36000000,54.28899837,54.09168246,54.07881526,54.67536545,0,1
46.37000000,54.25039125,53.98978530,54.06039325,54.59769220,0,1
46.38000000,54.18141007,53.98778556,54.01826980,54.55186280,0,1
46.39000000,54.19823343,53.97468874,54.05720393,54.60819539,0,1
46.40000000,54.23870485,54.05387829,53.96992202,54.54737589,0,1
46.41000000,54.17569222,54.02241256,53.98968460,54.55668759,0,1
46.42000000,54.14327862,53.93747305,53.94424359,54.60558635,0,1
46.43000000,54.21482452,53.90682851,53.96266809,54.50039542,0,1
46.44000000,54.19160928,53.87823581,53.96665168,54.59500683,0,1
46.45000000,54.18600978,53.92663471,53.88916300,54.47560252,0,1
46.46000000,54.08823564,53.89978826,53.84250432,54.42587568,0,1
46.47000000,54.10301636,53.96837504,53.81432751,54.47841460,0,1
46.48000000,54.04465701,53.88721186,53.88207395,54.37793607,0,1
46.49000000,54.01032936,53.80274730,53.89322162,54.33066174,0,1
46.50000000,53.95677263,53.82073097,53.87515156,54.38748760,0,1
46.51000000,54.06905439,53.81732141,53.80792107,54.45016153,0,1
46.52000000,54.02218112,53.84643783,53.71896761,54.35085411,0,1
46.53000000,53.98504046,53.70565234,53.73539506,54.31775665,0,1
46.54000000,53.95769860,53.64088982,53.76674547,54.34124496,0,1
46.55000000,53.99428216,53.62510654,53.73519616,54.25118116,0,1
46.56000000,53.94944402,53.68473615,53.72266992,54.23822761,0,1
46.57000000,53.89343607,53.71453603,53.63773704,54.21376794,0,1
46.58000000,53.80931618,53.65462401,53.55111559,54.18782627,0,1
46.59000000,53.81905135,53.59135439,53.52092910,54.11498269,0,1
46.60000000,53.89329479,53.58752764,53.59271247,54.08320247,0,1
46.61000000,53.80384949,53.56915333,53.59682743,54.04857243,0,1
46.62000000,53.75327702,53.56111088,53.60386520,54.06774018,0,1
46.63000000,53.68407413,53.59688900,53.55214546,54.10525920,0,1
46.64000000,53.71446150,53.58121711,53.55166006,54.09983230,0,1
46.65000000,53.69987713,53.51202611,53.50182324,54.02108793,0,1
46.66000000,53.70971184,53.47638764,53.49006573,54.06400690,0,1
46.67000000,53.69494392,53.42613244,53.45670624,54.06153986,0,1
46.68000000,53.67257524,53.42939528,53.42738269,54.08601939,0,1
46.69000000,53.68666806,53.43885404,53.38229449,54.08723694,0,1
46.70000000,53.56330056,53.41479726,53.36304151,54.06692293,0,1
46.71000000,53.59186436,53.43861056,53.37170149,53.95952722,0,1
46.72000000,53.54600973,53.39688648,53.40661575,53.85877000,0,1
46.73000000,53.57759536,53.39308388,53.42881930,53.94687961,0,1
46.74000000,53.52348106,53.36427838,53.30371516,53.90626203,0,1
46.75000000,53.55538417,53.34834585,53.22301157,53.86751678,0,1
46.76000000,53.48846658,53.33213628,53.19839713,53.86021971,0,1
46.77000000,53.47818910,53.24527358,53.25821509,53.78892611,0,1
46.78000000,53.45146217,53.22725373,53.31671549,53.77069641,0,1
46.79000000,53.43902221,53.21789844,53.31386014,53.81544184,0,1
46.80000000,53.45251200,53.25655461,53.24981567,53.79040136,0,1
46.81000000,53.43044766,53.26932198,53.17375731,53.79705325,0,1
46.82000000,53.40558689,53.19876699,53.09993781,53.75799747,0,1
46.83000000,53.32520677,53.15400157,53.11444054,53.67265684,0,1
46.84000000,53.33688823,53.11157374,53.15400070,53.64233940,0,1
46.85000000,53.28310890,53.17177812,53.13763264,53.66052260,0,1
46.86000000,53.25474825,53.14100457,53.13275069,53.69998759,0,1
46.87000000,53.31275167,53.12112104,53.00133865,53.64680656,0,1
46.88000000,53.25442014,53.02819860,53.01707082,53.62280999,0,1
46.89000000,53.25490515,52.96897215,52.97589934,53.63707988,0,1
46.90000000,53.23918827,53.01801605,53.01495540,53.61067736,0,1
46.91000000,53.14186138,52.97431322,52.99006025,53.54270289,0,1
46.92000000,53.22930433,53.00063070,53.01129261,53.57936521,0,1
46.93000000,53.10949645,52.92985698,52.90254548,53.61844036,0,1
46.94000000,53.18276784,52.95647625,52.94353121,53.49973375,0,1
46.95000000,53.07883403,52.92242580,52.84664540,53.41218227,0,1
46.96000000,53.08152656,52.94077049,52.93984150,53.46236850,0,1
46.97000000,53.04932019,52.95006847,52.92273945,53.40891105,0,1
46.98000000,53.08333400,52.83119013,52.90016125,53.47314329,0,1
46.99000000,53.09728923,52.82736042,52.79710019,53.44737328,0,1
47.00000000,53.02477287,52.85089138,52.82009052,53.41488709,0,1
47.01000000,52.97811599,52.78953904,52.79728513,53.39356613,0,1
47.02000000,53.00384764,52.83589581,52.80037114,53.33546607,0,1
47.03000000,52.95422655,52.73085769,52.77092873,53.33063466,0,1
47.04000000,53.00180764,52.71677020,52.74533938,53.32469485,0,1
47.05000000,52.94959447,52.69001883,52.67039944,53.28990652,0,1
47.06000000,52.91632812,52.73504413,52.67891029,53.25528090,0,1
47.07000000,52.87318315,52.74648593,52.69476643,53.20991144,0,1
47.08000000,52.85224905,52.71204625,52.73262249,53.18673001,0,1
47.09000000,52.84282140,52.66447658,52.73634337,53.20554299,0,1
47.10000000,52.85647653,52.63074155,52.66708725,53.23967316,0,1
47.11000000,52.87255336,52.66633308,52.58882151,53.21921436,0,1
47.12000000,52.87005711,52.67144906,52.55943082,53.22381422,0,1
47.13000000,52.82536500,52.63396603,52.56760094,53.19012875,0,1
47.14000000,52.82781083,52.57148978,52.54718460,53.15312365,0,1
47.15000000,52.80257467,52.55065742,52.55620436,53.13159162,0,1
47.16000000,52.81967063,52.58325849,52.54605078,53.14467283,0,1
47.17000000,52.79189738,52.60482950,52.49363584,53.08960820,0,1
47.18000000,52.73687322,52.59146143,52.48162126,53.04698177,0,1
47.19000000,52.71681154,52.57147168,52.50671520,53.04054250,0,1
47.20000000,52.68181425,52.50133452,52.47728237,53.01094164,0,1
47.21000000,52.65669862,52.50513627,52.47938434,53.02136028,0,1
47.22000000,52.66629718,52.45674658,52.42687364,53.01854142,0,1
47.23000000,52.66799841,52.49696494,52.38163289,53.02745071,0,1
47.24000000,52.66339092,52.47101405,52.40808197,53.00512211,0,1
47.25000000,52.63750680,52.42421122,52.40653825,52.96832906,0,1
47.26000000,52.62389311,52.39482782,52.43602172,52.95115635,0,1
47.27000000,52.59612813,52.41922352,52.39487598,52.92767680,0,1
47.28000000,52.62531552,52.43406076,52.34584345,52.94317045,0,1
47.29000000,52.57064191,52.39282640,52.31572947,52.94031366,0,1
47.30000000,52.58382754,52.36173332,52.29891627,52.86082918,0,1
47.31000000,52.53727201,52.33736843,52.33771317,52.85211979,0,1
47.32000000,52.50276148,52.34418740,52.30411499,52.87547288,0,1
47.33000000,52.46493023,52.31704239,52.29422440,52.84876835,0,1
47.34000000,52.47120530,52.31108995,52.20333842,52.83354659,0,1
47.35000000,52.57238685,52.31693330,52.24002974,52.93453050,0,1
47.36000000,52.50685459,52.24880986,52.22782845,52.86449654,0,1
47.37000000,52.48300005,52.25168151,52.24964324,52.78827146,0,1
47.38000000,52.38087761,52.22354045,52.21419727,52.79290127,0,1
47.39000000,52.40548903,52.24408762,52.17936617,52.75542235,0,1
47.40000000,52.51215959,52.21477944,52.17797044,52.71243609,0,1
47.41000000,52.44534635,52.16096778,52.13892945,52.71564788,0,1
47.42000000,52.34577721,52.14681403,52.11001164,52.63440514,0,1
47.43000000,52.33890576,52.18508140,52.14258812,52.60730550,0,1
47.44000000,52.32921479,52.20514438,52.13721599,52.65527064,0,1
47.45000000,52.27914807,52.14019484,52.13676745,52.62728330,0,1
47.46000000,52.27940910,52.08592218,52.10822613,52.60587707,0,1
47.47000000,52.26398774,52.07534441,52.01852047,52.69000686,0,1
47.48000000,52.30970599,52.15845694,52.05696634,52.68410915,0,1
47.49000000,52.30237564,52.10845761,51.99305261,52.58027759,0,1
47.50000000,52.25201226,52.04870431,51.99876920,52.60423834,0,1
47.51000000,52.20549450,51.99306420,51.97008171,52.59465380,0,1
47.52000000,52.28054730,52.05144422,51.97293870,52.55702079,0,1
47.53000000,52.20825119,52.02869882,51.93598606,52.54634031,0,1
47.54000000,52.10767314,51.98717525,51.96328445,52.47352245,0,1
47.55000000,52.07526852,51.96580043,51.93827335,52.43535908,0,1
47.56000000,52.24512397,51.91990505,51.92269111,52.46696055,0,1
47.57000000,52.18314462,51.94669480,51.93953878,52.48659051,0,1
47.58000000,52.12091670,51.93981258,51.90811314,52.47704333,0,1
47.59000000,52.01390588,51.94021788,51.86366937,52.47273495,0,1
47.60000000,52.00808444,51.91605049,51.89761984,52.49141063,0,1
47.61000000,52.07954192,51.90145789,51.88882671,52.41482190,0,1
47.62000000,52.13190097,51.81437955,51.91499453,52.40370438,0,1
47.63000000,52.08562267,51.75153206,51.84241497,52.39428303,0,1
47.64000000,52.10240620,51.80328916,51.81135125,52.36266870,0,1
47.65000000,51.98472648,51.81784751,51.77256714,52.34781977,0,1
47.66000000,51.93196276,51.84542934,51.74726935,52.28717258,0,1
47.67000000,51.90867215,51.73167981,51.76811315,52.24465881,0,1
47.68000000,51.98070791,51.72012870,51.76742572,52.26626199,0,1
47.69000000,51.98183592,51.76543054,51.75821542,52.28150979,0,1
47.70000000,52.02017083,51.78793442,51.71755283,52.28861388,0,1
47.71000000,51.97962293,51.75026419,51.63431013,52.26268930,0,1
47.72000000,51.91963299,51.76747367,51.62044247,52.26323026,0,1
47.73000000,51.94130109,51.73656847,51.60380651,52.20711699,0,1
47.74000000,51.94862394,51.73521566,51.71813579,52.26450569,0,1
47.75000000,51.93871562,51.73490830,51.75999874,52.28181408,0,1
47.76000000,51.95694155,51.73534733,51.71233480,52.22000996,0,1
47.77000000,51.95062666,51.66019362,51.61994942,52.22362644,0,1
47.78000000,51.91610728,51.63752587,51.56352396,52.20575265,0,1
47.79000000,51.88293577,51.70470526,51.58192731,52.11233861,0,1
47.80000000,51.86537878,51.73471844,51.62692357,52.18098754,0,1
47.81000000,51.80732976,51.72061141,51.64985210,52.16948637,0,1
47.82000000,51.87203492,51.66939970,51.66204866,52.11685123,0,1
47.83000000,51.88106405,51.65350390,51.60654804,52.17936172,0,1
47.84000000,51.87721737,51.60948204,51.55317153,52.16376169,0,1
47.85000000,51.86119159,51.66904946,51.50740123,52.14059957,0,1
47.86000000,51.81111085,51.62671849,51.56557712,52.14140367,0,1
47.87000000,51.78376918,51.63197254,51.58354703,52.12836711,0,1
47.88000000,51.86706513,51.58739750,51.57980755,52.05144027,0,1
47.89000000,51.83954650,51.57631815,51.48141679,52.06487739,0,1
47.90000000,51.80273014,51.54310133,51.44127704,52.00707760,0,1
47.91000000,51.76587138,51.60842594,51.45840685,52.02403228,0,1
47.92000000,51.72874953,51.56211071,51.55321135,52.04289495,0,1
47.93000000,51.72432198,51.64098679,51.45524102,52.02530606,0,1
47.94000000,51.72687184,51.52188477,51.51664362,51.99523562,0,1
47.95000000,51.77023895,51.51003939,51.41375903,52.02111870,0,1
47.96000000,51.69506939,51.52877222,51.49914352,52.11290617,0,1
47.97000000,51.73418838,51.56637532,51.47386873,52.01179178,0,1
47.98000000,51.78586091,51.63076958,51.48561904,52.04713943,0,1
47.99000000,51.82620411,51.62186650,51.46351577,52.01911119,0,1
48.00000000,51.87217659,51.63292307,51.46099044,51.96433549,0,1
48.01000000,51.78989614,51.61506454,51.43856721,51.99211471,0,1
48.02000000,51.71380083,51.61912065,51.44633608,52.00316082,0,1
48.03000000,51.70106888,51.55224943,51.45357716,51.96043590,0,1
48.04000000,51.72506412,51.52445490,51.46537137,52.07819494,0,1
48.05000000,51.73904697,51.46830266,51.43923798,51.98853232,0,1
48.06000000,51.71603229,51.55561146,51.45541793,51.98707681,0,1
48.07000000,51.70332791,51.59686565,51.42869187,51.97116265,0,1
48.08000000,51.65524398,51.55091829,51.40367429,52.05590927,0,1
48.09000000,51.72627688,51.50117060,51.42290217,52.00881314,0,1
48.10000000,51.78072415,51.42644629,51.39411084,52.05505182,0,1
48.11000000,51.73444395,51.53189874,51.39653661,51.97064935,0,1
48.12000000,51.64842227,51.51221623,51.43353343,51.95750029,0,1
48.13000000,51.65542491,51.58531071,51.41407991,51.95930649,0,1
48.14000000,51.69018251,51.52386157,51.38762737,51.90868578,0,1
48.15000000,51.75257324,51.53134521,51.35786491,51.89031461,0,1
48.16000000,51.71497828,51.48817738,51.36361719,51.91691894,0,1
48.17000000,51.66434186,51.54638257,51.43036997,51.93137812,0,1
48.18000000,51.66492825,51.61283275,51.43005572,51.93776909,0,1
48.19000000,51.75695517,51.63310560,51.38539272,51.95111791,0,1
48.20000000,51.70744640,51.57456686,51.32732524,51.95308294,0,1
48.21000000,51.72673422,51.51225660,51.35379482,52.00854273,0,1
48.22000000,51.73310155,51.53302789,51.42446322,51.95778840,0,1
48.23000000,51.75823286,51.57105896,51.44275481,52.02374472,0,1
48.24000000,51.68027316,51.57749206,51.41347045,52.04380361,0,1
48.25000000,51.69692540,51.55936373,51.39910906,51.95264211,0,1
48.26000000,51.72044462,51.52700668,51.39443596,51.96589399,0,1
48.27000000,51.74561411,51.51218682,51.45542724,51.94291763,0,1
48.28000000,51.77979877,51.53472990,51.48908416,51.97434377,0,1
48.29000000,51.72091198,51.58495226,51.45109651,51.99663458,0,1
48.30000000,51.75879795,51.61376569,51.44125986,52.01844007,0,1
48.31000000,51.75926742,51.60308967,51.41511719,51.99939087,0,1
48.32000000,51.78333268,51.61059745,51.44257676,52.00274939,0,1
48.33000000,51.79835007,51.61413641,51.48416956,51.99415153,0,1
48.34000000,51.84400693,51.68848980,51.47113397,52.01637464,0,1
48.35000000,51.78417567,51.69514034,51.52675447,52.04492514,0,1
48.36000000,51.82779770,51.67799666,51.47951140,52.04348624,0,1
48.37000000,51.82996959,51.64020315,51.50318986,52.04247877,0,1
48.38000000,51.83577268,51.61986443,51.45813429,52.02062530,0,1
48.39000000,51.84072564,51.64995389,51.46710552,52.00254389,0,1
48.40000000,51.83972598,51.66265714,51.53001665,52.06502375,0,1
48.41000000,51.82595826,51.65735836,51.53273006,52.09865361,0,1
48.42000000,51.78454534,51.67578237,51.57525167,52.11965488,0,1
48.43000000,51.88979063,51.62940575,51.52092244,52.06640904,0,1
48.44000000,51.91654521,51.69548219,51.46545294,52.10176937,0,1
48.45000000,51.87266617,51.70920305,51.46119970,52.10026035,0,1
48.46000000,51.85069675,51.71269976,51.52151313,52.10069884,0,1
48.47000000,51.80317633,51.71702363,51.61413914,52.07474255,0,1
48.48000000,51.86460870,51.72148758,51.59807057,52.14127685,0,1
48.49000000,51.96370004,51.72726704,51.63219239,52.04853116,0,1
48.50000000,51.90023377,51.69476701,51.57859789,52.08851908,0,1
48.51000000,51.88908663,51.69986545,51.56241307,52.11518296,0,1
48.52000000,51.87386567,51.70518264,51.61131310,52.13316927,0,1
48.53000000,51.90700364,51.77391691,51.66912796,52.16265028,0,1
48.54000000,51.93795333,51.80679971,51.64293937,52.19238406,0,1
48.55000000,51.93915458,51.70935929,51.65126833,52.11565541,0,1
48.56000000,51.95726857,51.76813492,51.55953406,52.21634421,0,1
48.57000000,51.96027337,51.76301068,51.59296052,52.24970610,0,1
48.58000000,51.99272049,51.84096983,51.60232243,52.21848908,0,1
48.59000000,51.96657190,51.84677707,51.67248365,52.22479379,0,1
48.60000000,51.95956442,51.83248432,51.76906267,52.23105293,0,1
48.61000000,52.01937777,51.84494515,51.72761448,52.19408468,0,1
48.62000000,51.99048570,51.81421430,51.65485478,52.24680090,0,1
48.63000000,52.04263081,51.82857792,51.65245490,52.21907333,0,1
48.64000000,52.01372394,51.81768008,51.64506871,52.25765498,0,1
48.65000000,52.01797436,51.83958548,51.71524235,52.25801184,0,1
48.66000000,52.02380958,51.86308810,51.77060028,52.22594403,0,1
48.67000000,52.06671457,51.88278048,51.75991758,52.27045222,0,1
48.68000000,52.09943417,51.86902395,51.73880060,52.26400007,0,1
48.69000000,52.05198867,51.87142101,51.68570199,52.29349844,0,1
48.70000000,52.09399688,51.88541926,51.73020399,52.34643732,0,1
48.71000000,52.09451255,51.92086035,51.76362541,52.29813870,0,1
48.72000000,52.09847963,51.93396710,51.79633418,52.25187248,0,1
48.73000000,52.09722528,51.91660299,51.79307685,52.28349576,0,1
48.74000000,52.05738763,51.94679245,51.76085880,52.20160773,0,1
48.75000000,52.06360888,51.90384052,51.77196886,52.23836066,0,1
48.76000000,52.12145395,51.93939639,51.75782932,52.32005439,0,1
48.77000000,52.13190604,51.93753829,51.81714772,52.28794631,0,1
48.78000000,52.13262941,51.93925394,51.82849867,52.33915742,0,1
48.79000000,52.15331479,51.95076858,51.86166037,52.37712147,0,1
48.80000000,52.18187037,51.97000714,51.83819884,52.37370292,0,1
48.81000000,52.11492107,51.98115162,51.80099235,52.39201964,0,1
48.82000000,52.14686301,51.98119703,51.83255985,52.45431960,0,1
48.83000000,52.12095951,51.96714376,51.87498460,52.43495884,0,1
48.84000000,52.18689678,52.00873456,51.88677355,52.40684816,0,1
48.85000000,52.22131661,52.00905176,51.86732204,52.41128258,0,1
48.86000000,52.18614249,52.03314701,51.85361966,52.39209241,0,1
48.87000000,52.14409808,52.03103562,51.82713010,52.34366878,0,1
48.88000000,52.16373206,51.99550475,51.88984010,52.43585596,0,1
48.89000000,52.23081293,51.99496151,51.99217160,52.44752170,0,1
48.90000000,52.23497128,51.99537077,52.01138473,52.43600815,0,1
48.91000000,52.24779458,52.02005844,52.00642414,52.48274386,0,1
48.92000000,52.20572756,52.03221058,51.92444137,52.48310032,0,1
48.93000000,52.22525285,52.09036344,51.85685442,52.49792700,0,1
48.94000000,52.28928829,52.06384291,51.92541655,52.51707679,0,1
48.95000000,52.28508376,52.13053179,51.93790581,52.49887951,0,1
48.96000000,52.24423085,52.11774914,51.99066832,52.49557563,0,1
48.97000000,52.27986636,52.13857266,51.99784289,52.50538047,0,1
48.98000000,52.29468659,52.13721783,51.95842533,52.50659097,0,1
48.99000000,52.28203050,52.08819265,51.93523968,52.42810978,0,1
49.00000000,52.30744771,52.10034337,51.94249918,52.46290219,0,1
49.01000000,52.27784591,52.05632537,52.00329073,52.50708336,0,1
49.02000000,52.32819625,52.16108183,52.00579743,52.53275945,0,1
49.03000000,52.28357168,52.08757732,52.04702881,52.55220161,0,1
49.04000000,52.36220892,52.11869755,52.02107346,52.60933796,0,1
49.05000000,52.31496717,52.13598590,51.94661131,52.57857995,0,1
49.06000000,52.37861422,52.21339758,52.00807597,52.61985352,0,1
49.07000000,52.36532047,52.19466472,52.02853246,52.60134298,0,1
49.08000000,52.36429099,52.21851281,52.12129797,52.59608767,0,1
49.09000000,52.38746922,52.24551690,52.11489671,52.57848087,0,1
49.10000000,52.36907912,52.19430757,52.10430550,52.61456439,0,1
49.11000000,52.37101118,52.26906817,52.04705683,52.49674716,0,1
49.12000000,52.39566941,52.18917511,52.03055038,52.59735450,0,1
49.13000000,52.44787765,52.23802283,52.08982933,52.67751944,0,1
49.14000000,52.43415313,52.21631366,52.13067406,52.63473373,0,1
49.15000000,52.43681304,52.22821582,52.11179613,52.66784404,0,1
49.16000000,52.42464257,52.23508499,52.12475218,52.70646146,0,1
49.17000000,52.42456799,52.30423592,52.07963256,52.70106026,0,1
49.18000000,52.49909349,52.31016671,52.12273297,52.72615750,0,1
49.19000000,52.50311008,52.35322231,52.16761043,52.73063290,0,1
49.20000000,52.49265082,52.30615062,52.18965414,52.70792116,0,1
49.21000000,52.48546716,52.27137344,52.19926378,52.69715469,0,1
49.22000000,52.49215461,52.32001997,52.17890018,52.68153328,0,1
49.23000000,52.46610236,52.30567192,52.16512539,52.65651695,0,1
49.24000000,52.48297557,52.30838709,52.18171985,52.66347406,0,1
49.25000000,52.49336655,52.31712246,52.20750391,52.73384834,0,1
49.26000000,52.53031607,52.33489668,52.22824563,52.72452540,0,1
49.27000000,52.59117150,52.38734321,52.24502363,52.77874458,0,1
49.28000000,52.57954262,52.38351157,52.20455776,52.79087723,0,1
49.29000000,52.52044016,52.39510005,52.18986002,52.81136526,0,1
49.30000000,52.55037029,52.41666498,52.20898266,52.81455955,0,1
49.31000000,52.58111513,52.43575701,52.26141110,52.80350572,0,1
49.32000000,52.62496515,52.46252661,52.30130110,52.80364651,0,1
49.33000000,52.65390597,52.44983598,52.29407813,52.78718951,0,1
49.34000000,52.64715774,52.42997221,52.27994976,52.78828144,0,1
49.35000000,52.61775615,52.42430589,52.25832381,52.76999046,0,1
49.36000000,52.64797975,52.43577571,52.28579640,52.83729091,0,1
49.37000000,52.64069173,52.50440752,52.34901681,52.85904623,0,1
49.38000000,52.67325344,52.49149683,52.41488492,52.87870031,0,1
49.39000000,52.68733220,52.54276184,52.45445346,52.91650211,0,1
49.40000000,52.73782598,52.55416425,52.40173520,52.92394652,0,1
49.41000000,52.74089005,52.55268133,52.36577420,52.99134666,0,1
49.42000000,52.74895917,52.55837915,52.37696905,52.98470579,0,1
49.43000000,52.73355985,52.58568079,52.41526562,52.94874408,0,1
49.44000000,52.71325022,52.61176448,52.42645936,52.97249291,0,1
49.45000000,52.75311069,52.61036527,52.44161517,52.97456506,0,1
49.46000000,52.75014522,52.60341578,52.43191818,52.90740906,0,1
49.47000000,52.79420300,52.54758562,52.37924733,52.89265336,0,1
49.48000000,52.80210398,52.59669603,52.40736834,52.98700134,0,1
49.49000000,52.81737897,52.61768211,52.42184342,53.05745325,0,1
49.50000000,52.79909602,52.60201629,52.49544780,53.00980549,0,1
49.51000000,52.82714035,52.70759393,52.53632457,53.03044603,0,1
49.52000000,52.88597769,52.65048293,52.58724568,53.08711889,0,1
49.53000000,52.82258451,52.70602385,52.49025042,53.06010253,0,1
49.54000000,52.86107584,52.65516035,52.56670470,53.09136292,0,1
49.55000000,52.82948606,52.70608140,52.55181298,53.12099037,0,1
49.56000000,52.89830454,52.72038672,52.58710914,53.18379262,0,1
49.57000000,52.92901399,52.76023729,52.58793210,53.12011222,0,1
49.58000000,52.85635860,52.72123853,52.58333223,53.05172059,0,1
49.59000000,52.89876233,52.70966852,52.57623294,53.04993371,0,1
49.60000000,52.91905983,52.75708007,52.60008179,53.15849623,0,1
49.61000000,52.98437008,52.76195828,52.60277351,53.15109089,0,1
49.62000000,53.00909952,52.75827864,52.69142908,53.21534380,0,1
49.63000000,52.95468095,52.73521065,52.64701009,53.24141101,0,1
49.64000000,52.95157547,52.79860388,52.70705102,53.21700714,0,1
49.65000000,52.94779325,52.86688977,52.63249725,53.22881231,0,1
49.66000000,53.04700498,52.82662702,52.63823322,53.20385545,0,1
49.67000000,52.98541318,52.82241193,52.60219236,53.22723911,0,1
49.68000000,53.00972231,52.85266703,52.75711304,53.30676242,0,1
49.69000000,53.04195546,52.88111635,52.80793305,53.19728116,0,1
49.70000000,53.08722509,52.89607741,52.79890766,53.20507345,0,1
49.71000000,53.07991231,52.89311304,52.73332816,53.24476054,0,1
49.72000000,53.10511414,52.96520833,52.72663112,53.26779388,0,1
49.73000000,53.08775838,52.92475535,52.79255909,53.35654358,0,1
49.74000000,53.10313831,52.94692957,52.81918728,53.40297346,0,1
49.75000000,53.16624793,52.92089198,52.85378955,53.38778840,0,1
49.76000000,53.19417764,52.93680229,52.80738024,53.42087424,0,1
49.77000000,53.15860104,53.01052257,52.76028715,53.43730874,0,1
49.78000000,53.16932505,53.00859473,52.80104367,53.42514697,0,1
49.79000000,53.17635440,53.06543046,52.85308286,53.46017747,0,1
49.80000000,53.25298858,53.08318491,52.94115129,53.46540080,0,1
49.81000000,53.27346421,53.09545358,52.92431502,53.48733811,0,1
49.82000000,53.25487207,53.10312961,52.92025859,53.40067732,0,1
49.83000000,53.24011632,53.06832039,52.88734031,53.40378278,0,1
49.84000000,53.28563429,53.12366493,52.92165703,53.48505649,0,1
49.85000000,53.28491400,53.14183225,52.91275775,53.46084244,0,1
49.86000000,53.27824445,53.08119660,52.92608169,53.42750857,0,1
49.87000000,53.31589001,53.12665919,52.92637221,53.52888944,0,1
49.88000000,53.33219112,53.14347717,52.92293743,53.52590510,0,1
49.89000000,53.37039184,53.18889191,52.90986064,53.49819030,0,1
49.90000000,53.35455095,53.21684535,52.98038257,53.51063459,0,1
49.91000000,53.35075833,53.26578853,52.99081598,53.52790861,0,1
49.92000000,53.35605723,53.21701896,53.06519915,53.52946348,0,1
49.93000000,53.41136221,53.26994813,53.06322731,53.58826239,0,1
49.94000000,53.38302749,53.20058389,53.03542407,53.55216048,0,1
49.95000000,53.36950814,53.25418775,52.99626908,53.57229568,0,1
49.96000000,53.42827440,53.24966173,53.01404366,53.60505818,0,1
49.97000000,53.42151219,53.24494042,53.10178202,53.61182299,0,1
49.98000000,53.43722963,53.25424309,53.13010333,53.66334768,0,1
49.99000000,53.44683735,53.24954547,53.12142719,53.71285716,0,1
