time_s,wheel0_corrected_rad_s,wheel1_corrected_rad_s,wheel2_corrected_rad_s,wheel3_corrected_rad_s,FL_blowout_signal,RR_blowout_signal
0.00000000,55.58843443,55.40141442,55.23902890,55.37134548,0,0
0.01000000,55.57489487,55.37662069,55.29113961,55.41881958,0,0
0.02000000,55.63567987,55.38133511,55.28583514,55.44139338,0,0
0.03000000,55.66351629,55.41351928,55.24630310,55.42246367,0,0
0.04000000,55.61687458,55.41335237,55.22700297,55.36039906,0,0
0.05000000,55.62955982,55.39633464,55.24433306,55.33632650,0,0
0.06000000,55.59174230,55.36691622,55.27799401,55.37048153,0,0
0.07000000,55.60294654,55.38773675,55.31653731,55.38601760,0,0
0.08000000,55.56132348,55.41069715,55.42052645,55.39655275,0,0
0.09000000,55.62029250,55.41909800,55.25566681,55.37004802,0,0
0.10000000,55.63589158,55.37601149,55.25319796,55.37372788,0,0
0.11000000,55.56488720,55.34290117,55.16616933,55.36272554,0,0
0.12000000,55.56973666,55.39803020,55.23719601,55.37282816,0,0
0.13000000,55.57479798,55.39574887,55.21066027,55.39914407,0,0
0.14000000,55.66835811,55.39136785,55.23178099,55.37085430,0,0
0.15000000,55.63563179,55.35767311,55.24651201,55.37635021,0,0
0.16000000,55.60875636,55.35177440,55.26142591,55.34001890,0,0
0.17000000,55.58828976,55.36453906,55.21147911,55.36575174,0,0
0.18000000,55.59022546,55.36874273,55.23950275,55.35663188,0,0
0.19000000,55.63309027,55.37516000,55.23812529,55.35082076,0,0
0.20000000,55.58630993,55.37070524,55.26804495,55.36568809,0,0
0.21000000,55.59370989,55.38344481,55.28712148,55.37500987,0,0
0.22000000,55.59449067,55.38661505,55.32223117,55.39859755,0,0
0.23000000,55.60868276,55.38452684,55.28323858,55.41371495,0,0
0.24000000,55.63480214,55.39596523,55.25013452,55.38235482,0,0
0.25000000,55.67514192,55.38487141,55.26866096,55.35375582,0,0
0.26000000,55.63988599,55.37447454,55.29575460,55.37422676,0,0
0.27000000,55.61330673,55.41765752,55.34164618,55.38493402,0,0
0.28000000,55.60053970,55.43360343,55.21652765,55.36993236,0,0
0.29000000,55.65162847,55.38150068,55.23335263,55.37698552,0,0
0.30000000,55.61876269,55.39313579,55.19606191,55.38066045,0,0
0.31000000,55.60176353,55.42532439,55.25669498,55.36370357,0,0
0.32000000,55.59895247,55.40683980,55.29498871,55.37943464,0,0
0.33000000,55.62056833,55.39491270,55.28033574,55.38242713,0,0
0.34000000,55.63224916,55.37349915,55.25462204,55.37061982,0,0
0.35000000,55.62926619,55.34561079,55.24517312,55.35449319,0,0
0.36000000,55.62139118,55.39010897,55.25502953,55.33050638,0,0
0.37000000,55.61501433,55.43143773,55.27151318,55.32915809,0,0
0.38000000,55.65748513,55.43249931,55.25127380,55.30822910,0,0
0.39000000,55.61024606,55.37820290,55.22179274,55.33643453,0,0
0.40000000,55.55531923,55.35034099,55.20320671,55.32232724,0,0
0.41000000,55.54011338,55.35515222,55.23086893,55.33611838,0,0
0.42000000,55.58257086,55.36323047,55.26888210,55.40407107,0,0
0.43000000,55.64376000,55.40646586,55.25835932,55.36876918,0,0
0.44000000,55.58185730,55.36991032,55.26226278,55.36257689,0,0
0.45000000,55.54202130,55.34991102,55.23341859,55.35498983,0,0
0.46000000,55.54409892,55.37848535,55.24873511,55.35754229,0,0
0.47000000,55.59701036,55.40328746,55.20064300,55.35369348,0,0
0.48000000,55.63513136,55.38998943,55.22318213,55.37711140,0,0
0.49000000,55.58754739,55.38233595,55.20316153,55.37210368,0,0
0.50000000,55.58796644,55.34984242,55.23239292,55.39937399,0,0
0.51000000,55.62318120,55.38090385,55.27633442,55.41570589,0,0
0.52000000,55.66124937,55.42440661,55.26307263,55.35155480,0,0
0.53000000,55.57806551,55.38041756,55.27873955,55.35442223,0,0
0.54000000,55.56698409,55.38210087,55.30824789,55.36704432,0,0
0.55000000,55.57496986,55.35685333,55.34168184,55.40197993,0,0
0.56000000,55.60509439,55.39956355,55.32300199,55.43277733,0,0
0.57000000,55.66612099,55.38806949,55.26570464,55.40804788,0,0
0.58000000,55.62411607,55.41882163,55.24159327,55.37143511,0,0
0.59000000,55.58508273,55.39694773,55.24997436,55.34456151,0,0
0.60000000,55.58902158,55.34504804,55.28753932,55.31877645,0,0
0.61000000,55.59439715,55.38110765,55.27199740,55.34099653,0,0
0.62000000,55.61970224,55.37408027,55.23676213,55.36749319,0,0
0.63000000,55.63985895,55.37547730,55.20198863,55.34841727,0,0
0.64000000,55.60306469,55.38881014,55.22279570,55.36525399,0,0
0.65000000,55.61762398,55.37984664,55.26590032,55.35334385,0,0
0.66000000,55.58789559,55.33823733,55.20262083,55.33585879,0,0
0.67000000,55.57375794,55.33706406,55.22824961,55.37340611,0,0
0.68000000,55.53706140,55.34586860,55.23374722,55.34426472,0,0
0.69000000,55.59789373,55.38270592,55.28070464,55.35747096,0,0
0.70000000,55.60284093,55.39288911,55.27065262,55.38155147,0,0
0.71000000,55.62366564,55.40105751,55.28368014,55.37437404,0,0
0.72000000,55.56874386,55.40253932,55.28628412,55.34977160,0,0
0.73000000,55.56514823,55.35949230,55.24894788,55.38331949,0,0
0.74000000,55.60616238,55.35859244,55.27958035,55.38050533,0,0
0.75000000,55.58421393,55.37003896,55.27758680,55.38054773,0,0
0.76000000,55.59837098,55.34500062,55.28168967,55.39501215,0,0
0.77000000,55.60165337,55.36609722,55.23419544,55.36979604,0,0
0.78000000,55.62118896,55.42155734,55.21332843,55.32869069,0,0
0.79000000,55.64883979,55.38960683,55.20219412,55.37133073,0,0
0.80000000,55.59330424,55.38624909,55.23007421,55.38439363,0,0
0.81000000,55.64103080,55.41799817,55.29619756,55.35863973,0,0
0.82000000,55.62092672,55.45714246,55.33389144,55.41521311,0,0
0.83000000,55.64339015,55.42377026,55.32862747,55.38075424,0,0
0.84000000,55.60968413,55.38116117,55.26979414,55.38941921,0,0
0.85000000,55.63402053,55.37438506,55.23381690,55.37480288,0,0
0.86000000,55.61940524,55.43535646,55.24040190,55.36432494,0,0
0.87000000,55.65165390,55.44521462,55.29759360,55.39830240,0,0
0.88000000,55.56789188,55.40717778,55.25025823,55.36616814,0,0
0.89000000,55.61241929,55.40532082,55.26410062,55.39256438,0,0
0.90000000,55.65069933,55.38009463,55.28218758,55.39862243,0,0
0.91000000,55.65686520,55.43712724,55.25598508,55.39057764,0,0
0.92000000,55.66417660,55.42536219,55.24552918,55.38004966,0,0
0.93000000,55.56705333,55.42715060,55.23172850,55.34464092,0,0
0.94000000,55.58778316,55.43449551,55.23888997,55.34988150,0,0
0.95000000,55.62221094,55.43102578,55.23090000,55.31261306,0,0
0.96000000,55.64375772,55.44148081,55.27798022,55.32945659,0,0
0.97000000,55.64020029,55.40708045,55.24394240,55.33277506,0,0
0.98000000,55.60235035,55.37335633,55.28310183,55.36869443,0,0
0.99000000,55.57254102,55.39871941,55.26813744,55.40004099,0,0
1.00000000,55.62120317,55.45595833,55.23940989,55.41420004,0,0
1.01000000,55.64486187,55.43745270,55.21820262,55.39818629,0,0
1.02000000,55.64534085,55.36704331,55.23617509,55.37344689,0,0
1.03000000,55.60293897,55.34866706,55.31587450,55.42444836,0,0
1.04000000,55.54836714,55.40625499,55.31421001,55.44468619,0,0
1.05000000,55.62938071,55.44348825,55.27253662,55.42471910,0,0
1.06000000,55.59493239,55.47600579,55.26101326,55.41790119,0,0
1.07000000,55.63677259,55.46412005,55.26765680,55.41996933,0,0
1.08000000,55.59053904,55.34726975,55.29160819,55.38249268,0,0
1.09000000,55.58442130,55.34394043,55.32983191,55.37915298,0,0
1.10000000,55.61114294,55.39553846,55.30001962,55.37652060,0,0
1.11000000,55.55996436,55.44475345,55.24788509,55.40292130,0,0
1.12000000,55.62638136,55.45885416,55.21958718,55.39853752,0,0
1.13000000,55.61918949,55.42406440,55.21591289,55.38985140,0,0
1.14000000,55.65178633,55.43706706,55.28036226,55.39082027,0,0
1.15000000,55.63888224,55.40440441,55.27358733,55.42102935,0,0
1.16000000,55.60347968,55.44220245,55.27988032,55.42370385,0,0
1.17000000,55.62152824,55.43165256,55.27926119,55.41535222,0,0
1.18000000,55.64033936,55.40667460,55.32890068,55.45750263,0,0
1.19000000,55.64841855,55.39843079,55.31311669,55.42440672,0,0
1.20000000,55.60276503,55.39823423,55.32531858,55.38155412,0,0
1.21000000,55.61621615,55.44276922,55.31629278,55.41368288,0,0
1.22000000,55.61286148,55.46372368,55.32820492,55.40513977,0,0
1.23000000,55.63629242,55.40791180,55.31919650,55.42221562,0,0
1.24000000,55.63739143,55.36994484,55.23144906,55.46481269,0,0
1.25000000,55.64673713,55.44615227,55.27230975,55.44465249,0,0
1.26000000,55.64483291,55.48332496,55.24181135,55.39605365,0,0
1.27000000,55.65188392,55.46536368,55.27035722,55.37712614,0,0
1.28000000,55.63427314,55.42667365,55.23993654,55.38554643,0,0
1.29000000,55.63612444,55.39054217,55.22923144,55.37553771,0,0
1.30000000,55.64020124,55.40900930,55.26959828,55.38357084,0,0
1.31000000,55.64074597,55.41015329,55.27089748,55.39896247,0,0
1.32000000,55.57554005,55.44848810,55.23684913,55.41549184,0,0
1.33000000,55.56483276,55.42397963,55.23788243,55.41143197,0,0
1.34000000,55.62573842,55.39851175,55.26291162,55.41739074,0,0
1.35000000,55.65107670,55.40977638,55.28501250,55.41622080,0,0
1.36000000,55.65093547,55.38941270,55.29534892,55.40172913,0,0
1.37000000,55.55558837,55.39543489,55.29145091,55.41972675,0,0
1.38000000,55.52840522,55.44827255,55.29310128,55.44386905,0,0
1.39000000,55.58810453,55.48082479,55.28732701,55.44222116,0,0
1.40000000,55.64596775,55.45070595,55.26988071,55.41027917,0,0
1.41000000,55.63453164,55.38861739,55.22431731,55.40210894,0,0
1.42000000,55.58403640,55.36033019,55.25712812,55.37664235,0,0
1.43000000,55.56479037,55.41020444,55.23973740,55.45237147,0,0
1.44000000,55.56656383,55.40731614,55.24526048,55.49126970,0,0
1.45000000,55.56609242,55.39639419,55.27911667,55.44706973,0,0
1.46000000,55.63173483,55.37568811,55.24893165,55.44422654,0,0
1.47000000,55.65653500,55.40777595,55.29969518,55.42218856,0,0
1.48000000,55.63318031,55.44510754,55.30183219,55.42037386,0,0
1.49000000,55.58092153,55.45484318,55.30273375,55.42149827,0,0
1.50000000,55.57433100,55.41557051,55.27354779,55.41839833,0,0
1.51000000,55.67960368,55.41676811,55.30918564,55.40375512,0,0
1.52000000,55.68230992,55.46240974,55.31662022,55.40358663,0,0
1.53000000,55.67695381,55.50389223,55.32904084,55.39452035,0,0
1.54000000,55.58930389,55.47544194,55.28340184,55.35767150,0,0
1.55000000,55.59213239,55.43605456,55.23667732,55.38189145,0,0
1.56000000,55.63361097,55.40308052,55.24505422,55.42215544,0,0
1.57000000,55.68025013,55.43394279,55.25093051,55.41197236,0,0
1.58000000,55.68437625,55.44124450,55.29440525,55.44258278,0,0
1.59000000,55.63500686,55.42035504,55.29234327,55.43885865,0,0
1.60000000,55.62236628,55.42220929,55.27602174,55.44730166,0,0
1.61000000,55.64322919,55.44376493,55.28436753,55.44623714,0,0
1.62000000,55.69795762,55.46202531,55.27422608,55.39193857,0,0
1.63000000,55.66490439,55.46797007,55.24035691,55.37283418,0,0
1.64000000,55.63578949,55.42146011,55.32387307,55.41608531,0,0
1.65000000,55.62009360,55.45016199,55.26926360,55.45519833,0,0
1.66000000,55.65850973,55.47655945,55.28520672,55.44254355,0,0
1.67000000,55.68015508,55.49054514,55.27034079,55.41645760,0,0
1.68000000,55.64901383,55.42002943,55.25885321,55.38564574,0,0
1.69000000,55.65507797,55.40244867,55.30780112,55.38619780,0,0
1.70000000,55.66074867,55.42316619,55.29129489,55.40857568,0,0
1.71000000,55.64275059,55.47538207,55.27357785,55.41324229,0,0
1.72000000,55.66809007,55.46760123,55.23166241,55.41591910,0,0
1.73000000,55.61813222,55.43360125,55.26793905,55.41299626,0,0
1.74000000,55.64568580,55.38973059,55.26268994,55.40617478,0,0
1.75000000,55.68784304,55.42622240,55.34832533,55.43442108,0,0
1.76000000,55.67777672,55.44573002,55.29424319,55.41604502,0,0
1.77000000,55.61653740,55.48674565,55.27683057,55.40325276,0,0
1.78000000,55.61181422,55.43467537,55.26731313,55.39208047,0,0
1.79000000,55.63623457,55.44333036,55.28577814,55.36600070,0,0
1.80000000,55.68652369,55.41467499,55.28515626,55.40063580,0,0
1.81000000,55.70802045,55.40980615,55.33504635,55.40237956,0,0
1.82000000,55.61348325,55.40358449,55.30305278,55.44166826,0,0
1.83000000,55.61749178,55.44910736,55.26284713,55.47167197,0,0
1.84000000,55.59701138,55.46754815,55.34502931,55.43761074,0,0
1.85000000,55.68563790,55.41697201,55.31966593,55.43750821,0,0
1.86000000,55.68409434,55.42331770,55.36887859,55.46088738,0,0
1.87000000,55.67296129,55.41901466,55.32227137,55.46542909,0,0
1.88000000,55.65516509,55.44638677,55.36895758,55.47894622,0,0
1.89000000,55.73256314,55.42996104,55.32859741,55.44141469,0,0
1.90000000,55.60253896,55.45228326,55.30288895,55.41448571,0,0
1.91000000,55.62218345,55.46252088,55.31902639,55.39148089,0,0
1.92000000,55.57943519,55.43078297,55.32011633,55.39011671,0,0
1.93000000,55.67812145,55.44191460,55.35332791,55.43161613,0,0
1.94000000,55.71737828,55.43234866,55.29718397,55.45721045,0,0
1.95000000,55.72017583,55.41032931,55.28034386,55.41342874,0,0
1.96000000,55.66439753,55.39503108,55.31879623,55.40855810,0,0
1.97000000,55.62315201,55.45867696,55.31400495,55.41068340,0,0
1.98000000,55.62280432,55.44405170,55.33032702,55.38771455,0,0
1.99000000,55.65375192,55.42591152,55.32474073,55.40890435,0,0
2.00000000,55.65946974,55.41180825,55.29321609,55.41334609,0,0
2.01000000,55.71525978,55.40246480,55.27422271,55.42593586,0,0
2.02000000,55.66243277,55.41483313,55.25615446,55.40476539,0,0
2.03000000,55.59558100,55.42892688,55.32896012,55.40010558,0,0
2.04000000,55.61929093,55.44398094,55.32635606,55.41949042,0,0
2.05000000,55.64199027,55.42858105,55.35810684,55.40503829,0,0
2.06000000,55.70351723,55.44609091,55.43360687,55.42408306,0,0
2.07000000,55.70017053,55.43106264,55.34430200,55.42613164,0,0
2.08000000,55.61486802,55.39869427,55.29379300,55.41508059,0,0
2.09000000,55.60662226,55.41274086,55.29953369,55.43316019,0,0
2.10000000,55.61512438,55.46183236,55.28780970,55.41379059,0,0
2.11000000,55.69088241,55.48478832,55.26321962,55.38945727,0,0
2.12000000,55.68629663,55.39665341,55.28562072,55.40116914,0,0
2.13000000,55.68582802,55.39848276,55.31283321,55.41154658,0,0
2.14000000,55.65291471,55.40854873,55.33017084,55.43715211,0,0
2.15000000,55.64617540,55.46722700,55.30712183,55.47124095,0,0
2.16000000,55.65569010,55.47129792,55.32168451,55.42652879,0,0
2.17000000,55.65274695,55.43831488,55.30763311,55.44102460,0,0
2.18000000,55.69600426,55.36419520,55.36576890,55.44128160,0,0
2.19000000,55.68589042,55.41523743,55.34663279,55.41198345,0,0
2.20000000,55.66803492,55.49966798,55.32952742,55.41585311,0,0
2.21000000,55.63724727,55.48912160,55.29481990,55.41051874,0,0
2.22000000,55.63496402,55.43365687,55.31531017,55.40933640,0,0
2.23000000,55.67768886,55.41791335,55.34745120,55.42667570,0,0
2.24000000,55.69742985,55.42549991,55.38852699,55.42974293,0,0
2.25000000,55.66265939,55.42941280,55.32662631,55.40540161,0,0
2.26000000,55.60974835,55.43868725,55.28014896,55.42550973,0,0
2.27000000,55.69488079,55.44746660,55.26340347,55.42399065,0,0
2.28000000,55.72361807,55.45818416,55.29763764,55.43564929,0,0
2.29000000,55.70296083,55.43058866,55.31935289,55.41868385,0,0
2.30000000,55.63919985,55.39794397,55.31070635,55.39739937,0,0
2.31000000,55.59343705,55.42012679,55.29964675,55.42492015,0,0
2.32000000,55.65438141,55.43943367,55.27209509,55.40540973,0,0
2.33000000,55.66879544,55.44997859,55.27941026,55.41066878,0,0
2.34000000,55.68854658,55.43636248,55.29410695,55.41147911,0,0
2.35000000,55.67040964,55.39998688,55.34727358,55.38666361,0,0
2.36000000,55.65084164,55.43543619,55.36967339,55.39477675,0,0
2.37000000,55.64091490,55.45127654,55.36580512,55.44169502,0,0
2.38000000,55.60921732,55.45427795,55.34963137,55.44648073,0,0
2.39000000,55.63222323,55.42351385,55.33842139,55.41736821,0,0
2.40000000,55.64550176,55.41083730,55.29982737,55.40772246,0,0
2.41000000,55.69152456,55.40541843,55.29514839,55.41669650,0,0
2.42000000,55.67019885,55.42573278,55.28803363,55.40481706,0,0
2.43000000,55.66096231,55.44204402,55.23717391,55.41733628,0,0
2.44000000,55.63701750,55.44470876,55.28885168,55.42572808,0,0
2.45000000,55.62695175,55.42165492,55.35050910,55.41322335,0,0
2.46000000,55.69586316,55.43073145,55.36396666,55.45268080,0,0
2.47000000,55.66325682,55.44363852,55.34517848,55.42043720,0,0
2.48000000,55.66043744,55.45305343,55.29380170,55.42553725,0,0
2.49000000,55.67348695,55.44234616,55.30032942,55.42897073,0,0
2.50000000,55.63157570,55.42352547,55.32381287,55.39047229,0,0
2.51000000,55.66473010,55.42496150,55.34218867,55.40945322,0,0
2.52000000,55.64220053,55.45482814,55.35709551,55.40311599,0,0
2.53000000,55.67413364,55.45490141,55.35263362,55.42905247,0,0
2.54000000,55.70166405,55.46688788,55.31321811,55.43547426,0,0
2.55000000,55.73133794,55.43381458,55.29040016,55.43341910,0,0
2.56000000,55.69576674,55.43123180,55.30056432,55.43112234,0,0
2.57000000,55.65849471,55.47968554,55.29690490,55.41922535,0,0
2.58000000,55.64145229,55.47720353,55.38602823,55.43524866,0,0
2.59000000,55.65456803,55.47919983,55.30787117,55.42644383,0,0
2.60000000,55.68681016,55.44180998,55.30574286,55.40832203,0,0
2.61000000,55.68161515,55.44092649,55.30227093,55.42121891,0,0
2.62000000,55.68216786,55.43547083,55.27194563,55.41555834,0,0
2.63000000,55.66302688,55.42398395,55.33773944,55.42520493,0,0
2.64000000,55.63755143,55.48040348,55.36545240,55.43218534,0,0
2.65000000,55.70467952,55.44443173,55.33634616,55.42819839,0,0
2.66000000,55.70350835,55.46972321,55.34475513,55.45361608,0,0
2.67000000,55.69584463,55.48380049,55.28301851,55.42837158,0,0
2.68000000,55.68593981,55.50651101,55.32471690,55.44510202,0,0
2.69000000,55.65303285,55.45534315,55.33483848,55.43937395,0,0
2.70000000,55.69431140,55.47665046,55.32237275,55.43724995,0,0
2.71000000,55.71169290,55.48564993,55.33229703,55.44886075,0,0
2.72000000,55.72824382,55.45373767,55.35006996,55.40925592,0,0
2.73000000,55.71030573,55.45186403,55.35840513,55.42311633,0,0
2.74000000,55.62387677,55.44050345,55.34738480,55.44692866,0,0
2.75000000,55.67409853,55.46031946,55.34638106,55.43383588,0,0
2.76000000,55.68743661,55.43869322,55.32875168,55.43536387,0,0
2.77000000,55.72877135,55.45255857,55.34307916,55.42997887,0,0
2.78000000,55.67101471,55.43009677,55.25471703,55.42318122,0,0
2.79000000,55.67869100,55.46060049,55.34373984,55.43019915,0,0
2.80000000,55.68697111,55.47670877,55.32210318,55.40544305,0,0
2.81000000,55.66815495,55.48407693,55.30896836,55.43056214,0,0
2.82000000,55.68532923,55.44921097,55.30960809,55.39667757,0,0
2.83000000,55.68253586,55.45177927,55.32877544,55.41404933,0,0
2.84000000,55.66453011,55.45107361,55.30774339,55.39641396,0,0
2.85000000,55.63693791,55.28176131,55.32340271,55.38947933,0,0
2.86000000,55.66221025,55.39005449,55.26955195,55.44432305,0,0
2.87000000,55.64092305,55.39398700,55.31471998,55.40587726,0,0
2.88000000,55.63325202,55.49337113,55.30820919,55.43141747,0,0
2.89000000,55.70378799,55.47707406,55.35344362,55.40661610,0,0
2.90000000,55.64796844,55.40281817,55.35459097,55.43730431,0,0
2.91000000,55.64855694,55.39690555,55.33589076,55.43205095,0,0
2.92000000,55.68369995,55.38439292,55.35857151,55.46152152,0,0
2.93000000,55.65907756,55.45633053,55.34694065,55.42986015,0,0
2.94000000,55.65787155,55.46152790,55.37533964,55.42801331,0,0
2.95000000,55.62635282,55.43391089,55.38726563,55.42085402,0,0
2.96000000,55.63590286,55.40879470,55.36171586,55.40680879,0,0
2.97000000,55.69859626,55.37038635,55.32814164,55.43599440,0,0
2.98000000,55.67245319,55.43684740,55.31101884,55.47166062,0,0
2.99000000,55.63649363,55.43582340,55.32119927,55.48138997,0,0
3.00000000,55.64049998,55.44942367,55.37523497,55.48329005,0,0
3.01000000,55.68904521,55.43721428,55.41734344,55.53912817,0,0
3.02000000,55.73132942,55.48319979,55.39357890,55.42406251,0,0
3.03000000,55.72015693,55.38546743,55.34726729,55.44382746,0,0
3.04000000,55.62507688,55.41216538,55.30671789,55.40342787,0,0
3.05000000,55.64459796,55.40009780,55.30620794,55.40058316,0,0
3.06000000,55.67162024,55.46243954,55.36590241,55.40502978,0,0
3.07000000,55.70922406,55.46651313,55.33449826,55.37168273,0,0
3.08000000,55.64520101,55.42314699,55.34177743,55.40376870,0,0
3.09000000,55.61643289,55.39599260,55.33294361,55.39334252,0,0
3.10000000,55.65920629,55.43004363,55.35201608,55.40714713,0,0
3.11000000,55.69634580,55.45898061,55.35031721,55.42975583,0,0
3.12000000,55.68987921,55.42985010,55.33445684,55.40573780,0,0
3.13000000,55.65545706,55.40302597,55.30182236,55.42235763,0,0
3.14000000,55.67895578,55.42935004,55.35372116,55.40931259,0,0
3.15000000,55.67234602,55.47101435,55.28643984,55.38672484,0,0
3.16000000,55.70019346,55.49059596,55.24806097,55.38770867,0,0
3.17000000,55.65746839,55.44795158,55.28736834,55.43756479,0,0
3.18000000,55.68125477,55.40058040,55.32099411,55.42659202,0,0
3.19000000,55.68876570,55.40734138,55.36499886,55.47501867,0,0
3.20000000,55.75355698,55.48050093,55.35232780,55.45573521,0,0
3.21000000,55.77165299,55.53013934,55.31222597,55.42098576,0,0
3.22000000,55.73884192,55.53503002,55.30112692,55.40561248,0,0
3.23000000,55.66315339,55.49224867,55.35756405,55.42124229,0,0
3.24000000,55.65301468,55.44361114,55.38367399,55.42135534,0,0
3.25000000,55.73298030,55.45101268,55.39165744,55.43929144,0,0
3.26000000,55.74521156,55.49179822,55.33926966,55.41783038,0,0
3.27000000,55.70880799,55.47039046,55.29702419,55.41793345,0,0
3.28000000,55.64167123,55.42076808,55.29467147,55.41039169,0,0
3.29000000,55.66359571,55.46403428,55.32162544,55.40846257,0,0
3.30000000,55.70018594,55.47322873,55.31663239,55.40915048,0,0
3.31000000,55.72690278,55.46113616,55.30378231,55.39294613,0,0
3.32000000,55.73701088,55.45867659,55.28895841,55.40409685,0,0
3.33000000,55.71625350,55.48427077,55.29654541,55.42345945,0,0
3.34000000,55.70825109,55.47913941,55.28010809,55.41583131,0,0
3.35000000,55.69888341,55.48872196,55.34232334,55.38144061,0,0
3.36000000,55.68008626,55.47671670,55.30842575,55.37722230,0,0
3.37000000,55.66254865,55.44458686,55.35374772,55.39475300,0,0
3.38000000,55.68751253,55.43368442,55.36597613,55.41231709,0,0
3.39000000,55.72433713,55.42638519,55.39858119,55.43393662,0,0
3.40000000,55.68046461,55.45929331,55.36141463,55.46956275,0,0
3.41000000,55.66029153,55.46705417,55.33361071,55.45196272,0,0
3.42000000,55.64666808,55.45610507,55.37369894,55.47333281,0,0
3.43000000,55.66674579,55.41357638,55.42111668,55.46948163,0,0
3.44000000,55.70915220,55.40920023,55.37291054,55.45863524,0,0
3.45000000,55.69799000,55.46154919,55.33474877,55.48863795,0,0
3.46000000,55.69350449,55.46417291,55.32394769,55.46169569,0,0
3.47000000,55.66819790,55.45954795,55.35353805,55.47299130,0,0
3.48000000,55.66983357,55.45457531,55.34745354,55.43954158,0,0
3.49000000,55.69311999,55.44914723,55.36702267,55.43864010,0,0
3.50000000,55.72392229,55.46781707,55.35806602,55.43650106,0,0
3.51000000,55.74295884,55.50117069,55.38304700,55.44512147,0,0
3.52000000,55.69251881,55.50159379,55.31113877,55.43701286,0,0
3.53000000,55.67115730,55.46819996,55.35755075,55.46383970,0,0
3.54000000,55.70992129,55.46876099,55.33355829,55.46214511,0,0
3.55000000,55.76768333,55.47545166,55.35315055,55.43805561,0,0
3.56000000,55.74861375,55.49304507,55.38262035,55.43713374,0,0
3.57000000,55.71940414,55.49407658,55.38391152,55.44305346,0,0
3.58000000,55.67485803,55.48271057,55.36032554,55.46182066,0,0
3.59000000,55.70253296,55.48007479,55.36528326,55.45924942,0,0
3.60000000,55.71525137,55.48271155,55.37356859,55.47510874,0,0
3.61000000,55.72325054,55.47915020,55.37404541,55.45063906,0,0
3.62000000,55.71382582,55.50248312,55.37767709,55.45437221,0,0
3.63000000,55.74453948,55.45388252,55.35783756,55.45663242,0,0
3.64000000,55.77208945,55.46007887,55.35784282,55.45978947,0,0
3.65000000,55.73428887,55.41649997,55.34223226,55.44367091,0,0
3.66000000,55.74610180,55.51852756,55.32725590,55.44677526,0,0
3.67000000,55.68135338,55.52370541,55.38137303,55.44052217,0,0
3.68000000,55.71341105,55.55109651,55.36789256,55.43402435,0,0
3.69000000,55.67976329,55.46494407,55.40064882,55.45797008,0,0
3.70000000,55.78307150,55.46605133,55.29657441,55.43459104,0,0
3.71000000,55.74172593,55.47521002,55.32579244,55.43321967,0,0
3.72000000,55.73040565,55.47648008,55.34326437,55.42642623,0,0
3.73000000,55.66765978,55.48943327,55.38838473,55.44225299,0,0
3.74000000,55.70056272,55.53218963,55.43272849,55.42452764,0,0
3.75000000,55.75200192,55.51049192,55.38565176,55.45773631,0,0
3.76000000,55.73391042,55.45805661,55.38286809,55.46110992,0,0
3.77000000,55.69497287,55.44309403,55.35820218,55.49282878,0,0
3.78000000,55.62389271,55.43293041,55.32652760,55.51108263,0,0
3.79000000,55.64536514,55.45871068,55.38478966,55.51480634,0,0
3.80000000,55.66556439,55.47740203,55.40290130,55.47508031,0,0
3.81000000,55.64834268,55.46329110,55.36462387,55.44913322,0,0
3.82000000,55.63734861,55.36453233,55.34727952,55.35716779,0,0
3.83000000,55.66990015,55.47552203,55.33729415,55.44128122,0,0
3.84000000,55.69660295,55.48350533,55.32257159,55.45441251,0,0
3.85000000,55.69815189,55.48996610,55.30367576,55.47925120,0,0
3.86000000,55.65202762,55.43335210,55.29141638,55.45576691,0,0
3.87000000,55.58952318,55.44576251,55.31235968,55.42536932,0,0
3.88000000,55.66759798,55.39800892,55.29641325,55.43575585,0,0
3.89000000,55.67893939,55.42099060,55.34483143,55.41568107,0,0
3.90000000,55.70209010,55.42608973,55.32743138,55.42902902,0,0
3.91000000,55.58840761,55.40013180,55.39576375,55.50018087,0,0
3.92000000,55.54203678,55.43252121,55.45474991,55.52039970,0,0
3.93000000,55.61193014,55.42782812,55.45287674,55.51307142,0,0
3.94000000,55.63116553,55.44043319,55.48797735,55.54206185,0,0
3.95000000,55.75999262,55.39376987,55.45744258,55.50973821,0,0
3.96000000,55.68249113,55.39060224,55.42153031,55.48871002,0,0
3.97000000,55.73190165,55.43686411,55.43286593,55.46009182,0,0
3.98000000,55.73838211,55.51070128,55.42299738,55.48012252,0,0
3.99000000,55.76283078,55.50321278,55.34049249,55.40193133,0,0
4.00000000,55.73568017,55.43834188,55.35370962,55.42316938,0,0
4.01000000,55.71147058,55.44193056,55.36878252,55.43466247,0,0
4.02000000,55.69745658,55.48050892,55.35146525,55.46959329,0,0
4.03000000,55.69432968,55.47236037,55.33911014,55.45133930,0,0
4.04000000,55.72318265,55.46261350,55.31235192,55.46005719,0,0
4.05000000,55.72930920,55.42137423,55.38794713,55.42665588,0,0
4.06000000,55.74010145,55.46182025,55.34981941,55.43216368,0,0
4.07000000,55.70337808,55.47570789,55.45055456,55.43167578,0,0
4.08000000,55.73212458,55.54219134,55.37130229,55.43119824,0,0
4.09000000,55.75580561,55.53538033,55.28389287,55.44168043,0,0
4.10000000,55.74510519,55.44798821,55.26654915,55.42603942,0,0
4.11000000,55.70676765,55.46489495,55.27089343,55.41201520,0,0
4.12000000,55.68723161,55.49213795,55.29893434,55.43451341,0,0
4.13000000,55.72700377,55.49672912,55.30318450,55.41867769,0,0
4.14000000,55.73501029,55.50264099,55.29981112,55.39544772,0,0
4.15000000,55.72747106,55.46689547,55.33084773,55.40930403,0,0
4.16000000,55.66733866,55.49299415,55.33967715,55.41940074,0,0
4.17000000,55.68059081,55.49214595,55.37536079,55.45442079,0,0
4.18000000,55.71007868,55.48184978,55.34743367,55.46627770,0,0
4.19000000,55.73691896,55.48232863,55.37498476,55.46468095,0,0
4.20000000,55.76168335,55.49545810,55.32924429,55.45386274,0,0
4.21000000,55.75145519,55.53158105,55.35794124,55.47653074,0,0
4.22000000,55.67416851,55.49329153,55.37713545,55.44098128,0,0
4.23000000,55.69896429,55.48444233,55.39061749,55.45669547,0,0
4.24000000,55.71651379,55.49490005,55.35236952,55.43655631,0,0
4.25000000,55.76400992,55.50330980,55.40685506,55.45020844,0,0
4.26000000,55.73527202,55.49711377,55.43141313,55.46041704,0,0
4.27000000,55.65609537,55.49475467,55.41996349,55.44963262,0,0
4.28000000,55.65859123,55.46106914,55.36982231,55.43568294,0,0
4.29000000,55.69827394,55.47474031,55.37864733,55.45706916,0,0
4.30000000,55.76471494,55.49101893,55.39772537,55.43943526,0,0
4.31000000,55.74106127,55.44529362,55.37709299,55.43123486,0,0
4.32000000,55.71970284,55.45467221,55.36364733,55.45800537,0,0
4.33000000,55.67216004,55.50819435,55.36079705,55.47224328,0,0
4.34000000,55.70756086,55.59943895,55.35700740,55.46140035,0,0
4.35000000,55.71838949,55.56701887,55.34388297,55.44827373,0,0
4.36000000,55.72245552,55.42086483,55.36275635,55.45703851,0,0
4.37000000,55.72916973,55.32394341,55.39173108,55.48772881,0,0
4.38000000,55.75371908,55.40982727,55.39567249,55.49633800,0,0
4.39000000,55.74896243,55.53960785,55.38845981,55.52514629,0,0
4.40000000,55.70090275,55.57487474,55.38526998,55.48593245,0,0
4.41000000,55.70813218,55.52578908,55.37692264,55.47609475,0,0
4.42000000,55.77974560,55.49876706,55.41958429,55.48433682,0,0
4.43000000,55.79892791,55.48288208,55.43955810,55.50618159,0,0
4.44000000,55.74192993,55.50124574,55.41760261,55.52001777,0,0
4.45000000,55.69460272,55.54332980,55.40465828,55.50830879,0,0
4.46000000,55.61550455,55.51908603,55.40812333,55.49046813,0,0
4.47000000,55.68967943,55.49101823,55.44137629,55.46374491,0,0
4.48000000,55.72837745,55.46919817,55.41419449,55.45328860,0,0
4.49000000,55.78512413,55.47326895,55.37865975,55.41560053,0,0
4.50000000,55.75647320,55.49233436,55.35742251,55.47861107,0,0
4.51000000,55.74014317,55.49940022,55.35910789,55.50133565,0,0
4.52000000,55.74695232,55.52114779,55.35586304,55.53077723,0,0
4.53000000,55.76164000,55.52870498,55.36323278,55.52985406,0,0
4.54000000,55.74294499,55.50872225,55.35672141,55.44176179,0,0
4.55000000,55.71117684,55.44641083,55.38244593,55.46321258,0,0
4.56000000,55.72541718,55.46345005,55.37407547,55.47052371,0,0
4.57000000,55.73124844,55.49349739,55.39525250,55.47705150,0,0
4.58000000,55.73163908,55.53312942,55.39236447,55.42797826,0,0
4.59000000,55.70815981,55.51783566,55.40142269,55.46031433,0,0
4.60000000,55.68499132,55.49145561,55.43985977,55.46154524,0,0
4.61000000,55.70006797,55.50430886,55.42440392,55.48973572,0,0
4.62000000,55.76095862,55.49261245,55.48405421,55.53633072,0,0
4.63000000,55.77989160,55.51209917,55.40913850,55.50238984,0,0
4.64000000,55.76273499,55.52808978,55.38318603,55.48981766,0,0
4.65000000,55.70447339,55.49525897,55.34483255,55.50445228,0,0
4.66000000,55.72164612,55.49099425,55.35940418,55.48790688,0,0
4.67000000,55.71498597,55.52483537,55.38537909,55.50217678,0,0
4.68000000,55.71429384,55.53178523,55.39473878,55.52181467,0,0
4.69000000,55.70390692,55.50038298,55.37431708,55.50340354,0,0
4.70000000,55.75842586,55.48476568,55.39031822,55.51202990,0,0
4.71000000,55.71919698,55.46879551,55.38986674,55.56384679,0,0
4.72000000,55.77131507,55.53222087,55.40335949,55.49587737,0,0
4.73000000,55.70898634,55.50598445,55.38948931,55.47168426,0,0
4.74000000,55.70466273,55.55029734,55.43038852,55.45175415,0,0
4.75000000,55.74603295,55.47940144,55.36766319,55.47565857,0,0
4.76000000,55.74765488,55.52483178,55.36042965,55.46595388,0,0
4.77000000,55.72773324,55.53945805,55.37136607,55.45237682,0,0
4.78000000,55.69316747,55.54436384,55.34843745,55.48349066,0,0
4.79000000,55.69128018,55.52617562,55.34709268,55.45257769,0,0
4.80000000,55.74427982,55.44925255,55.39162893,55.46471894,0,0
4.81000000,55.70890546,55.46969798,55.39429218,55.46650353,0,0
4.82000000,55.68574260,55.50210617,55.38172449,55.48437022,0,0
4.83000000,55.74767473,55.50369122,55.37438360,55.47309182,0,0
4.84000000,55.67974878,55.52049691,55.37265968,55.50056641,0,0
4.85000000,55.74058445,55.44068057,55.33970407,55.50047930,0,0
4.86000000,55.74337503,55.50712165,55.37694219,55.50630603,0,0
4.87000000,55.77902381,55.46878858,55.39468032,55.52530237,0,0
4.88000000,55.68240170,55.49186973,55.38566865,55.46773763,0,0
4.89000000,55.69522779,55.54214419,55.43191137,55.51199331,0,0
4.90000000,55.71438837,55.52580971,55.41305627,55.45908477,0,0
4.91000000,55.72204671,55.51280894,55.38833318,55.48287871,0,0
4.92000000,55.77829621,55.45514860,55.37444873,55.42700441,0,0
4.93000000,55.72696507,55.49961799,55.32736512,55.49379428,0,0
4.94000000,55.72928425,55.51885454,55.36519299,55.49791161,0,0
4.95000000,55.67203269,55.55573336,55.37278484,55.50524678,0,0
4.96000000,55.77805794,55.52380244,55.38529191,55.48459214,0,0
4.97000000,55.77637702,55.46222635,55.39642117,55.48620001,0,0
4.98000000,55.75099316,55.45318061,55.38650161,55.46268513,0,0
4.99000000,55.72818188,55.53254219,55.36344448,55.46841498,0,0
5.00000000,55.71960791,55.57405476,55.39271139,55.51457851,0,0
5.01000000,55.72017540,55.52822944,55.38559432,55.52039400,0,0
5.02000000,55.69863918,55.46453269,55.37649369,55.46562920,0,0
5.03000000,55.71535438,55.40892948,55.38602778,55.48716699,0,0
5.04000000,55.74172435,55.47725342,55.37307725,55.47719316,0,0
5.05000000,55.73019890,55.53015114,55.36022616,55.45051169,0,0
5.06000000,55.68854930,55.55807158,55.32984595,55.48018429,0,0
5.07000000,55.72775458,55.52236051,55.33596389,55.43379717,0,0
5.08000000,55.81450935,55.47840760,55.33887054,55.44617787,0,0
5.09000000,55.68913990,55.44036309,55.36442123,55.44822189,0,0
5.10000000,55.62134734,55.48253561,55.33708579,55.43575461,0,0
5.11000000,55.56928747,55.47104409,55.36453089,55.48477599,0,0
5.12000000,55.69813272,55.51240753,55.30051316,55.48475214,0,0
5.13000000,55.76210201,55.49231944,55.34418642,55.43438058,0,0
5.14000000,55.74546740,55.46730256,55.37261158,55.43912327,0,0
5.15000000,55.67830509,55.47444377,55.40463918,55.46598652,0,0
5.16000000,55.65967571,55.49411368,55.41329044,55.47536538,0,0
5.17000000,55.71168965,55.49213726,55.44697204,55.53832855,0,0
5.18000000,55.73032422,55.47245353,55.43083535,55.51940492,0,0
5.19000000,55.76425793,55.45853383,55.38634469,55.49259769,0,0
5.20000000,55.75562934,55.49081273,55.35383805,55.47117549,0,0
5.21000000,55.69226204,55.55057681,55.36895426,55.46681170,0,0
5.22000000,55.67820338,55.55362371,55.39355490,55.47333205,0,0
5.23000000,55.71244270,55.51205444,55.38331338,55.50029357,0,0
5.24000000,55.74105229,55.45297004,55.42577508,55.50382489,0,0
5.25000000,55.75429370,55.48243120,55.50163729,55.53700842,0,0
5.26000000,55.78414759,55.54666303,55.42134988,55.52645237,0,0
5.27000000,55.76366769,55.55503060,55.31125193,55.48192749,0,0
5.28000000,55.70146578,55.50642581,55.31026715,55.47491462,0,0
5.29000000,55.70589652,55.47160704,55.34702916,55.46802975,0,0
5.30000000,55.72786101,55.47449910,55.38620387,55.46331517,0,0
5.31000000,55.74012533,55.52099217,55.35764663,55.46722360,0,0
5.32000000,55.76036986,55.56180343,55.34510681,55.48570872,0,0
5.33000000,55.73651223,55.52950811,55.33967901,55.46390322,0,0
5.34000000,55.72445804,55.47995636,55.31695721,55.46037044,0,0
5.35000000,55.69707836,55.46407859,55.33380657,55.44725122,0,0
5.36000000,55.70956997,55.48804770,55.37611180,55.45731738,0,0
5.37000000,55.73392376,55.51754320,55.41040316,55.43508548,0,0
5.38000000,55.73370393,55.51815995,55.38249652,55.45255422,0,0
5.39000000,55.70300680,55.49718130,55.36197143,55.46071103,0,0
5.40000000,55.73507163,55.47383532,55.36775563,55.46650498,0,0
5.41000000,55.78166619,55.50329164,55.38428036,55.47962001,0,0
5.42000000,55.77395477,55.51182094,55.40624818,55.46575415,0,0
5.43000000,55.71354898,55.53063718,55.41320435,55.49732815,0,0
5.44000000,55.69356332,55.50884860,55.46176242,55.51847883,0,0
5.45000000,55.68731760,55.47707249,55.40926763,55.51201926,0,0
5.46000000,55.73439439,55.47872091,55.37102526,55.49470618,0,0
5.47000000,55.72985264,55.49737807,55.34757997,55.48405353,0,0
5.48000000,55.70234320,55.52263531,55.35479379,55.47248901,0,0
5.49000000,55.70295617,55.49078791,55.37675846,55.46262727,0,0
5.50000000,55.74232457,55.50068010,55.38121031,55.46583359,0,0
5.51000000,55.78831768,55.49627603,55.36331082,55.46735057,0,0
5.52000000,55.78770496,55.50832329,55.35230646,55.45879651,0,0
5.53000000,55.77829010,55.52827309,55.33567139,55.48520706,0,0
5.54000000,55.72894138,55.53188035,55.38207368,55.49002693,0,0
5.55000000,55.70619507,55.53293998,55.41211562,55.49062405,0,0
5.56000000,55.67539660,55.52164849,55.38205417,55.47203259,0,0
5.57000000,55.70104980,55.49526171,55.37369072,55.47062609,0,0
5.58000000,55.68715390,55.46495215,55.41333355,55.47766590,0,0
5.59000000,55.73496869,55.47558892,55.42571250,55.49780713,0,0
5.60000000,55.72854208,55.49224043,55.41191538,55.48671641,0,0
5.61000000,55.70178917,55.48198608,55.41869630,55.50492286,0,0
5.62000000,55.74517341,55.48339586,55.39849836,55.48286337,0,0
5.63000000,55.77380041,55.50664499,55.36545033,55.49333746,0,0
5.64000000,55.71048470,55.54205252,55.37875215,55.49857411,0,0
5.65000000,55.68853709,55.53011176,55.33115457,55.49699096,0,0
5.66000000,55.66559714,55.50346713,55.31891922,55.49241395,0,0
5.67000000,55.75060812,55.48101130,55.28724431,55.46012742,0,0
5.68000000,55.69711738,55.46769303,55.33958773,55.46846185,0,0
5.69000000,55.68906469,55.48535017,55.39014068,55.45667569,0,0
5.70000000,55.66478452,55.48494812,55.45288569,55.47170836,0,0
5.71000000,55.69661894,55.49248944,55.47043125,55.48031283,0,0
5.72000000,55.77183043,55.49277205,55.48168770,55.52220491,0,0
5.73000000,55.78642385,55.49353465,55.45558609,55.50887991,0,0
5.74000000,55.74706222,55.48960031,55.40558854,55.53025783,0,0
5.75000000,55.68864148,55.50772966,55.41661793,55.54143025,0,0
5.76000000,55.73030334,55.57744494,55.39736639,55.52614396,0,0
5.77000000,55.76421670,55.55806883,55.38405306,55.51395419,0,0
5.78000000,55.77387436,55.52834387,55.34626009,55.53498407,0,0
5.79000000,55.76690895,55.47728900,55.37887055,55.49577676,0,0
5.80000000,55.72670532,55.51290838,55.38982850,55.48340108,0,0
5.81000000,55.72933576,55.53629068,55.39157962,55.48978983,0,0
5.82000000,55.72223199,55.50872417,55.40977494,55.48609909,0,0
5.83000000,55.78184893,55.55654116,55.37620220,55.47820063,0,0
5.84000000,55.77233273,55.61318972,55.41928002,55.47926561,0,0
5.85000000,55.80462950,55.45080981,55.39956801,55.50784373,0,0
5.86000000,55.73655829,55.50702732,55.33122598,55.48102359,0,0
5.87000000,55.77577926,55.50398913,55.35528229,55.49074363,0,0
5.88000000,55.73218564,55.55578421,55.38003671,55.47474710,0,0
5.89000000,55.75836161,55.57146367,55.40179054,55.44561708,0,0
5.90000000,55.70497572,55.49426712,55.37282768,55.42219669,0,0
5.91000000,55.75234528,55.45453870,55.40808350,55.46511943,0,0
5.92000000,55.78090670,55.47711918,55.33593005,55.43785818,0,0
5.93000000,55.76221090,55.53721740,55.35921759,55.47205473,0,0
5.94000000,55.66162161,55.54191992,55.42641862,55.50631803,0,0
5.95000000,55.71633179,55.53398139,55.42202996,55.49375287,0,0
5.96000000,55.70398715,55.51775219,55.41654462,55.52127772,0,0
5.97000000,55.81190017,55.50429310,55.40588743,55.48723135,0,0
5.98000000,55.77197933,55.48071824,55.38392807,55.50555775,0,0
5.99000000,55.75938125,55.51041587,55.37437226,55.51883122,0,0
6.00000000,55.70615319,55.48133257,55.38667158,55.48949102,0,0
6.01000000,55.71693025,55.53934039,55.37648208,55.57259731,0,0
6.02000000,55.76136091,55.54390527,55.40919663,55.51141923,0,0
6.03000000,55.71036456,55.48053534,55.37352654,55.49128411,0,0
6.04000000,55.74259222,55.45517596,55.41327721,55.51444143,0,0
6.05000000,55.76013239,55.48567624,55.42567489,55.55073387,0,0
6.06000000,55.81232116,55.51979946,55.39562527,55.50907455,0,0
6.07000000,55.72603271,55.52760889,55.40993930,55.51333769,0,0
6.08000000,55.66181456,55.50215886,55.42345288,55.49482124,0,0
6.09000000,55.65890460,55.53922834,55.47397673,55.48223239,0,0
6.10000000,55.73812318,55.49326549,55.49352848,55.51977739,0,0
6.11000000,55.77095359,55.47745106,55.40692530,55.50597206,0,0
6.12000000,55.73899240,55.45090106,55.38741577,55.51219888,0,0
6.13000000,55.70479884,55.48919541,55.38296556,55.51524659,0,0
6.14000000,55.75041953,55.53460523,55.41296831,55.53661147,0,0
6.15000000,55.77756841,55.57767629,55.42694432,55.50123774,0,0
6.16000000,55.77322382,55.51825656,55.41163900,55.51626456,0,0
6.17000000,55.75999519,55.47072515,55.40823016,55.51681793,0,0
6.18000000,55.77467721,55.50029326,55.40197670,55.51571361,0,0
6.19000000,55.77326339,55.57561170,55.43508578,55.55212875,0,0
6.20000000,55.74736117,55.54533181,55.43721670,55.52083833,0,0
6.21000000,55.74231766,55.52347100,55.47219635,55.50010205,0,0
6.22000000,55.78954172,55.51198047,55.48315515,55.48824717,0,0
6.23000000,55.78980971,55.51913018,55.49881397,55.49983887,0,0
6.24000000,55.78034018,55.57319195,55.45162092,55.51582426,0,0
6.25000000,55.74565575,55.57212141,55.37680515,55.50013829,0,0
6.26000000,55.78400198,55.54825076,55.40783827,55.55285733,0,0
6.27000000,55.84336040,55.53666223,55.39901824,55.53690396,0,0
6.28000000,55.86261405,55.58386502,55.40770670,55.51149490,0,0
6.29000000,55.81543572,55.58772943,55.39963270,55.50582560,0,0
6.30000000,55.79876576,55.57226846,55.39850837,55.50811165,0,0
6.31000000,55.82028872,55.60414819,55.41122158,55.50469739,0,0
6.32000000,55.81447340,55.57995047,55.43073264,55.54688314,0,0
6.33000000,55.80155805,55.55944810,55.44781849,55.53547681,0,0
6.34000000,55.77921062,55.54813924,55.42770593,55.51641349,0,0
6.35000000,55.79295715,55.57946325,55.45088806,55.52039005,0,0
6.36000000,55.80567535,55.57598017,55.44164007,55.51963735,0,0
6.37000000,55.78738566,55.56276119,55.44267504,55.51117972,0,0
6.38000000,55.77023784,55.53800252,55.43022823,55.51718195,0,0
6.39000000,55.80114691,55.54846867,55.47429865,55.52404818,0,0
6.40000000,55.82485895,55.57588002,55.42938028,55.53876233,0,0
6.41000000,55.78947107,55.58532813,55.41052732,55.52523570,0,0
6.42000000,55.77785908,55.56414637,55.42444692,55.54397388,0,0
6.43000000,55.75084813,55.55790348,55.42355680,55.55441780,0,0
6.44000000,55.79330368,55.57066762,55.45778347,55.53598074,0,0
6.45000000,55.82268326,55.56580603,55.44158610,55.51925429,0,0
6.46000000,55.79711942,55.55179076,55.45440005,55.52398558,0,0
6.47000000,55.72193140,55.52980412,55.42238032,55.52096382,0,0
6.48000000,55.71465902,55.57039731,55.46732235,55.53643012,0,0
6.49000000,55.75606524,55.54374525,55.44681420,55.53627441,0,0
6.50000000,55.78882910,55.53243583,55.44650479,55.51369785,0,0
6.51000000,55.78189318,55.51709607,55.41307144,55.53210138,0,0
6.52000000,55.78325199,55.54224233,55.46163137,55.55194709,0,0
6.53000000,55.73962607,55.58146021,55.46265164,55.56797838,0,0
6.54000000,55.69961444,55.57678082,55.44783436,55.57557180,0,0
6.55000000,55.70299213,55.55003780,55.44566978,55.56086247,0,0
6.56000000,55.75168204,55.52909944,55.41836385,55.56730388,0,0
6.57000000,55.78916789,55.53314068,55.43672804,55.56480755,0,0
6.58000000,55.80556445,55.56541837,55.44510121,55.58519438,0,0
6.59000000,55.75450325,55.54009372,55.41682220,55.57349846,0,0
6.60000000,55.68825124,55.54087170,55.44387713,55.59776459,0,0
6.61000000,55.73471765,55.56105099,55.42155288,55.55695276,0,0
6.62000000,55.79750115,55.54874606,55.45048510,55.55748407,0,0
6.63000000,55.79739879,55.52796571,55.42754152,55.58136331,0,0
6.64000000,55.77515862,55.54976892,55.37988409,55.53782670,0,0
6.65000000,55.71013508,55.54580778,55.42081958,55.54454068,0,0
6.66000000,55.75481377,55.57894247,55.44641255,55.53215100,0,0
6.67000000,55.74230001,55.53816051,55.44523584,55.47504127,0,0
6.68000000,55.78164842,55.54572382,55.52661905,55.50717053,0,0
6.69000000,55.76604612,55.50063082,55.54603415,55.53460979,0,0
6.70000000,55.80522225,55.56149633,55.53721581,55.57322265,0,0
6.71000000,55.80222009,55.55428244,55.42595714,55.57172590,0,0
6.72000000,55.83070625,55.56015075,55.40204418,55.55832693,0,0
6.73000000,55.78213550,55.60888532,55.43006480,55.56133872,0,0
6.74000000,55.81585476,55.56500301,55.43765375,55.51158527,0,0
6.75000000,55.78972397,55.62385819,55.45813268,55.55018837,0,0
6.76000000,55.82045618,55.59650811,55.46565942,55.51738828,0,0
6.77000000,55.84204186,55.52393070,55.40902957,55.51026723,0,0
6.78000000,55.81576498,55.55400886,55.36843127,55.52167773,0,0
6.79000000,55.84414798,55.54937977,55.42532102,55.58275316,0,0
6.80000000,55.83363230,55.64658156,55.49535697,55.57985301,0,0
6.81000000,55.80282456,55.62464359,55.49060057,55.55519817,0,0
6.82000000,55.80963229,55.55380881,55.42122108,55.55036975,0,0
6.83000000,55.85822058,55.53720562,55.43736813,55.57686549,0,0
6.84000000,55.85901071,55.58337176,55.39754253,55.56012624,0,0
6.85000000,55.85862522,55.63166741,55.44514483,55.56323992,0,0
6.86000000,55.80679714,55.65570418,55.44928554,55.54539534,0,0
6.87000000,55.81827593,55.56198881,55.46072114,55.52144994,0,0
6.88000000,55.84071945,55.59418144,55.47901213,55.52952784,0,0
6.89000000,55.83923497,55.58332610,55.46382910,55.49165665,0,0
6.90000000,55.81995637,55.63215370,55.44257851,55.55573840,0,0
6.91000000,55.81037777,55.55399894,55.44054660,55.54409785,0,0
6.92000000,55.83252271,55.58405240,55.45093423,55.53833663,0,0
6.93000000,55.85608430,55.53690512,55.47066457,55.55846037,0,0
6.94000000,55.83375083,55.57862732,55.46429066,55.53860653,0,0
6.95000000,55.79297684,55.56088242,55.46294119,55.56532958,0,0
6.96000000,55.81311262,55.59487297,55.46954368,55.56192622,0,0
6.97000000,55.81765000,55.54923493,55.52650145,55.58746645,0,0
6.98000000,55.83217163,55.59413294,55.50026423,55.59891295,0,0
6.99000000,55.78980558,55.55853289,55.47472799,55.53700820,0,0
7.00000000,55.80454385,55.56131795,55.48058650,55.53409237,0,0
7.01000000,55.80752814,55.54320150,55.50611268,55.52543926,0,0
7.02000000,55.83489084,55.57340658,55.45643552,55.53038232,0,0
7.03000000,55.80700332,55.54886618,55.50472196,55.54734468,0,0
7.04000000,55.83313422,55.58512976,55.47154647,55.55905859,0,0
7.05000000,55.76847875,55.60712819,55.47191643,55.58482740,0,0
7.06000000,55.84428527,55.59040787,55.47720638,55.58556901,0,0
7.07000000,55.89740381,55.59696963,55.51226728,55.59625793,0,0
7.08000000,55.83556020,55.57880604,55.51534961,55.59166604,0,0
7.09000000,55.81836250,55.58155191,55.52095939,55.61159153,0,0
7.10000000,55.75103341,55.60222637,55.50260679,55.57392117,0,0
7.11000000,55.83699289,55.65010027,55.51785649,55.57863085,0,0
7.12000000,55.78307677,55.57804982,55.49254210,55.55812902,0,0
7.13000000,55.83038060,55.54634550,55.50554044,55.53115377,0,0
7.14000000,55.80575563,55.52975720,55.50628461,55.52451640,0,0
7.15000000,55.84739507,55.58879904,55.49147868,55.54717179,0,0
7.16000000,55.82382506,55.61789347,55.47341630,55.57201357,0,0
7.17000000,55.80449526,55.61848903,55.44758855,55.58156385,0,0
7.18000000,55.81822363,55.59215652,55.48735331,55.58839234,0,0
7.19000000,55.82224428,55.57022184,55.48319422,55.59379791,0,0
7.20000000,55.83215725,55.58348880,55.49805403,55.58634767,0,0
7.21000000,55.79999485,55.58336065,55.46797450,55.55766155,0,0
7.22000000,55.81661071,55.59944719,55.49970614,55.55081872,0,0
7.23000000,55.82458440,55.61575272,55.48812595,55.53440469,0,0
7.24000000,55.83508829,55.63854080,55.50257737,55.52413684,0,0
7.25000000,55.82344403,55.59449544,55.48507054,55.54094348,0,0
7.26000000,55.84053061,55.56169539,55.44093281,55.56437353,0,0
7.27000000,55.81904853,55.53691941,55.46728298,55.56438736,0,0
7.28000000,55.80998536,55.60290354,55.43199323,55.59140484,0,0
7.29000000,55.80198918,55.64562096,55.48849320,55.57861932,0,0
7.30000000,55.81466910,55.61025752,55.50788253,55.58760767,0,0
7.31000000,55.82983486,55.57103042,55.52337941,55.59991906,0,0
7.32000000,55.83978303,55.56279503,55.47639783,55.60923825,0,0
7.33000000,55.86705117,55.59988237,55.51496186,55.65789267,0,0
7.34000000,55.83049779,55.64694117,55.53805599,55.64636537,0,0
7.35000000,55.78917476,55.63340187,55.57315200,55.60795363,0,0
7.36000000,55.80116386,55.56396464,55.55225147,55.59148028,0,0
7.37000000,55.84589086,55.60690337,55.48830724,55.55096006,0,0
7.38000000,55.82815900,55.58412938,55.45487131,55.54958302,0,0
7.39000000,55.82332181,55.53051526,55.43161164,55.57123996,0,0
7.40000000,55.83140782,55.55330231,55.44701843,55.57069823,0,0
7.41000000,55.84541226,55.58962294,55.48960861,55.57895818,0,0
7.42000000,55.83659101,55.63134507,55.49483839,55.56396350,0,0
7.43000000,55.79379810,55.64283185,55.48784623,55.54119449,0,0
7.44000000,55.78908294,55.61457277,55.46594300,55.55086866,0,0
7.45000000,55.82962889,55.56987934,55.46710129,55.56303381,0,0
7.46000000,55.85498918,55.56548409,55.45256271,55.56450741,0,0
7.47000000,55.86933184,55.57609622,55.48030921,55.54559176,0,0
7.48000000,55.84945192,55.57841912,55.48866038,55.53270712,0,0
7.49000000,55.77621051,55.55074648,55.50401080,55.52388401,0,0
7.50000000,55.79358939,55.58125452,55.51034851,55.56499044,0,0
7.51000000,55.82105387,55.57297951,55.49960017,55.56638398,0,0
7.52000000,55.80179144,55.56976250,55.50766100,55.59921685,0,0
7.53000000,55.80305393,55.55465127,55.49085249,55.61739642,0,0
7.54000000,55.80082827,55.58313182,55.48197723,55.61481493,0,0
7.55000000,55.81291846,55.59877176,55.45609674,55.65181749,0,0
7.56000000,55.82514053,55.59987981,55.49261742,55.55409083,0,0
7.57000000,55.81875612,55.55962928,55.50607763,55.55905297,0,0
7.58000000,55.83323813,55.53827036,55.54199294,55.55831178,0,0
7.59000000,55.90804406,55.59381945,55.51138662,55.54829187,0,0
7.60000000,55.89839027,55.59876284,55.47265486,55.54000293,0,0
7.61000000,55.84918175,55.61027964,55.41224106,55.55730627,0,0
7.62000000,55.83330652,55.57416604,55.45486992,55.56678333,0,0
7.63000000,55.84733901,55.59771954,55.50969189,55.57782723,0,0
7.64000000,55.87988469,55.59687772,55.53513659,55.57016340,0,0
7.65000000,55.86167178,55.57224091,55.54726271,55.54588108,0,0
7.66000000,55.88763299,55.58126754,55.49424937,55.52885260,0,0
7.67000000,55.82306283,55.57196698,55.51746771,55.53995953,0,0
7.68000000,55.88448327,55.58231059,55.51518100,55.54614846,0,0
7.69000000,55.87221766,55.60297744,55.53812406,55.54347019,0,0
7.70000000,55.85774411,55.50911713,55.53747089,55.55940018,0,0
7.71000000,55.82761101,55.53486524,55.52766440,55.55704236,0,0
7.72000000,55.86505887,55.49445159,55.49130904,55.53022615,0,0
7.73000000,55.84394587,55.51803180,55.48201334,55.58624464,0,0
7.74000000,55.82535457,55.47904950,55.49627046,55.54359434,0,0
7.75000000,55.76992084,55.42812732,55.42358255,55.49650932,0,0
7.76000000,55.82408858,55.39743072,55.48548442,55.50035475,0,0
7.77000000,55.83343679,55.39681448,55.46478327,55.49166757,0,0
7.78000000,55.80739610,55.44595134,55.47516974,55.47722749,0,0
7.79000000,55.75055578,55.38743233,55.49157209,55.48352731,0,0
7.80000000,55.80810156,55.38890110,55.47346199,55.40579280,0,0
7.81000000,55.71096023,55.34558343,55.48824649,55.44850539,0,0
7.82000000,55.69362425,55.33365985,55.44491642,55.41229262,0,0
7.83000000,55.72516481,55.30115216,55.46538557,55.39809585,0,0
7.84000000,55.61239630,55.33849667,55.40358956,55.38198187,0,0
7.85000000,55.66914302,55.27043961,55.45886526,55.35340703,0,0
7.86000000,55.61759471,55.21085239,55.42330625,55.36564432,0,0
7.87000000,55.58839057,55.10996997,55.31792027,55.33007140,0,0
7.88000000,55.42607705,54.98913167,55.33775382,55.33406583,0,0
7.89000000,55.31682546,54.99809757,55.30092325,55.25469907,0,0
7.90000000,55.36922646,54.96646041,55.26582666,55.20801962,0,0
7.91000000,55.47539233,54.95269647,55.24104392,55.19112841,0,0
7.92000000,55.42821981,54.88411586,55.16680277,55.15866075,0,0
7.93000000,55.42965818,54.89244412,55.15988538,55.12444155,0,0
7.94000000,55.33993511,54.93682603,55.11447623,55.05491623,0,0
7.95000000,55.24908087,54.93426470,55.12524723,54.98746490,0,0
7.96000000,55.24120302,54.82842405,55.02138958,54.91926530,0,0
7.97000000,55.25832682,54.74440800,55.09748990,54.88978327,0,0
7.98000000,55.28159206,54.69178795,54.91497828,54.88187320,0,0
7.99000000,55.24279202,54.69730181,54.87007143,54.85716860,0,0
8.00000000,55.07854232,54.64791436,54.84624503,54.76880955,0,0
8.01000000,55.02837055,54.63346874,54.85799143,54.68507723,0,0
8.02000000,55.01522231,54.54941247,54.83817519,54.65747704,0,0
8.03000000,55.00507628,54.49825552,54.78762018,54.63904772,0,0
8.04000000,54.95277977,54.45662411,54.71372956,54.61115865,0,0
8.05000000,54.89987272,54.41999756,54.59322677,54.56740191,0,0
8.06000000,54.74383853,54.40858073,54.56598511,54.49473496,0,0
8.07000000,54.74457022,54.31491186,54.54847019,54.40626103,0,0
8.08000000,54.73297610,54.24634416,54.51028480,54.37247114,0,0
8.09000000,54.68386018,54.15723060,54.42722503,54.38725584,0,0
8.10000000,54.66332403,54.17146973,54.37403574,54.36304447,0,0
8.11000000,54.53877470,54.11274894,54.34195770,54.25179037,0,0
8.12000000,54.53423801,54.07760170,54.30970239,54.18060803,0,0
8.13000000,54.49193122,54.01345807,54.26659150,54.12925353,0,0
8.14000000,54.45275934,53.93483402,54.24316922,54.14562897,0,0
8.15000000,54.39650347,53.92185259,54.23734436,54.16963889,0,0
8.16000000,54.32233051,53.94556499,54.22044213,54.11612614,0,0
8.17000000,54.21636785,53.96952059,54.12449613,53.96636761,0,0
8.18000000,54.25911919,53.88631485,54.02569344,53.86372699,0,0
8.19000000,54.28339638,53.78485943,53.95846304,53.85837842,0,0
8.20000000,54.27438875,53.73004264,53.89422381,53.90284680,0,0
8.21000000,54.21438843,53.71048552,53.90319264,53.87407294,0,0
8.22000000,54.10651796,53.69715099,53.88819704,53.82613456,0,0
8.23000000,54.05687007,53.64898768,53.86771170,53.69393346,0,0
8.24000000,54.07361440,53.59181452,53.80454925,53.62026574,0,0
8.25000000,54.07605120,53.53490851,53.74722841,53.63402254,0,0
8.26000000,53.98828052,53.47473350,53.67551175,53.64773033,0,0
8.27000000,53.90142031,53.46616487,53.69462190,53.61137317,0,0
8.28000000,53.78785025,53.46368331,53.64544274,53.48014753,0,0
8.29000000,53.77430367,53.41470969,53.57075056,53.38277696,0,0
8.30000000,53.80252081,53.35370078,53.48966524,53.32740456,0,0
8.31000000,53.75909432,53.22446949,53.36461653,53.33731394,0,0
8.32000000,53.72816240,53.21089323,53.30332071,53.35357546,0,0
8.33000000,53.62604505,53.24412370,53.32622089,53.29770961,0,0
8.34000000,53.58228642,53.19770127,53.31324326,53.19225313,0,0
8.35000000,53.60542699,53.16974368,53.25707808,53.08573839,0,0
8.36000000,53.59139017,53.02161415,53.14923852,53.06101131,0,0
8.37000000,53.49116608,52.90547074,53.11048393,53.08032415,0,0
8.38000000,53.41149063,52.88254072,53.09901357,53.09526836,0,0
8.39000000,53.30532066,52.96629865,53.08826741,53.02607522,0,0
8.40000000,53.25587823,52.96517059,53.08369804,52.90128127,0,0
8.41000000,53.26937954,52.85886610,53.03513851,52.81380339,0,0
8.42000000,53.26342873,52.73610528,52.93528344,52.80898947,0,0
8.43000000,53.20968454,52.67979455,52.85747803,52.85782748,0,0
8.44000000,53.11569789,52.69633323,52.84337201,52.85104110,0,0
8.45000000,53.03639792,52.70946080,52.83840022,52.73894563,0,0
8.46000000,53.05570774,52.64308244,52.82403361,52.62351620,0,0
8.47000000,53.10259974,52.57439001,52.79199408,52.60486374,0,0
8.48000000,53.10691738,52.46927250,52.73229291,52.64803349,0,0
8.49000000,53.01081220,52.48228341,52.68603281,52.67116462,0,0
8.50000000,52.88632510,52.48422163,52.63735673,52.57550907,0,0
8.51000000,52.79235375,52.45769916,52.61330549,52.49212732,0,0
8.52000000,52.80481910,52.40861360,52.59133505,52.39970422,0,0
8.53000000,52.83908613,52.29829945,52.51199721,52.39723569,0,0
8.54000000,52.81185326,52.25645788,52.47231977,52.45916857,0,0
8.55000000,52.78883841,52.28370455,52.43893366,52.48231206,0,0
8.56000000,52.74174862,52.28709482,52.46434690,52.40604470,0,0
8.57000000,52.64843079,52.28844156,52.48997302,52.28715007,0,0
8.58000000,52.63437738,52.19124653,52.41789622,52.20462054,0,0
8.59000000,52.57485649,52.12998236,52.31833755,52.15880823,0,0
8.60000000,52.50797849,52.02270305,52.27877155,52.22799623,0,0
8.61000000,52.42813355,52.01307035,52.25432185,52.26098142,0,0
8.62000000,52.43272385,51.93133585,52.23617946,52.16798951,0,0
8.63000000,52.34816989,51.88718540,52.21615499,52.09714306,0,0
8.64000000,52.36458777,51.83107804,52.15802019,52.00216429,0,0
8.65000000,52.28851186,51.74716831,52.10166225,52.03433099,0,0
8.66000000,52.20693358,51.76522436,52.06667038,52.05338653,0,0
8.67000000,52.16141555,51.72085889,52.08925644,52.08982416,0,0
8.68000000,52.17372278,51.76442467,52.10898650,52.01999167,0,0
8.69000000,52.12718578,51.69476464,52.06323976,51.90203144,0,0
8.70000000,52.18089491,51.64174813,52.00954157,51.82262792,0,0
8.71000000,52.04644332,51.59059315,51.88882581,51.85021088,0,0
8.72000000,52.02195847,51.54636820,51.87734254,51.83539607,0,0
8.73000000,51.97976104,51.51181684,51.88449115,51.85446275,0,0
8.74000000,51.91250672,51.41600243,51.88964112,51.80145036,0,0
8.75000000,51.84214074,51.36168418,51.87397628,51.70247446,0,0
8.76000000,51.78948275,51.33832446,51.80922372,51.62589150,0,0
8.77000000,51.72738616,51.29368649,51.68421024,51.55951557,0,0
8.78000000,51.71026033,51.28840867,51.57710764,51.55548683,0,0
8.79000000,51.67879473,51.18545821,51.53685361,51.52197878,0,0
8.80000000,51.57470257,51.18306833,51.53015266,51.51994123,0,0
8.81000000,51.52589531,51.16825360,51.56323820,51.40764094,0,0
8.82000000,51.57081249,51.12795173,51.47488029,51.40139205,0,0
8.83000000,51.46823089,51.07122287,51.37537203,51.29018519,0,0
8.84000000,51.50053359,50.99826235,51.30736993,51.23508778,0,0
8.85000000,51.44863263,50.93550650,51.18921942,51.22421365,0,0
8.86000000,51.36287317,50.96242907,51.21795247,51.15498349,0,0
8.87000000,51.32269113,50.95103613,51.21434558,51.15934707,0,0
8.88000000,51.32862478,50.83062523,51.20583692,51.10232422,0,0
8.89000000,51.19104846,50.79795488,51.07879814,51.06165886,0,0
8.90000000,51.17276442,50.70822653,51.08522755,51.03458968,0,0
8.91000000,51.14991673,50.73047602,51.06491123,50.99805262,0,0
8.92000000,51.02242507,50.65777058,50.98982248,50.93068169,0,0
8.93000000,50.97380433,50.64924937,50.93182401,50.82482855,0,0
8.94000000,50.99818989,50.60618204,50.82293787,50.77942392,0,0
8.95000000,50.92427587,50.51506923,50.81418498,50.70373130,0,0
8.96000000,51.00083501,50.50440048,50.77068602,50.66276666,0,0
8.97000000,50.87846744,50.45532180,50.72557411,50.67745541,0,0
8.98000000,50.78586330,50.39070563,50.64236846,50.57841627,0,0
8.99000000,50.70436044,50.32722604,50.62098473,50.60558649,0,0
9.00000000,50.65378381,50.28837491,50.59563864,50.56116967,0,0
9.01000000,50.64932890,50.23432803,50.52368692,50.50087344,0,0
9.02000000,50.64165466,50.16256116,50.49425352,50.47146154,0,0
9.03000000,50.63159120,50.15443632,50.45232153,50.39734857,0,0
9.04000000,50.53434686,50.14010404,50.40937804,50.34392236,0,0
9.05000000,50.47046888,50.11110042,50.38647204,50.33758237,0,0
9.06000000,50.45361335,50.16779260,50.35736372,50.29367301,0,0
9.07000000,50.36620490,50.03833674,50.30427650,50.26131272,0,0
9.08000000,50.41199970,49.95812163,50.26909300,50.21633657,0,0
9.09000000,50.37781964,49.85999374,50.22931759,50.20820895,0,0
9.10000000,50.32042853,49.84544871,50.22438545,50.14917489,0,0
9.11000000,50.25317977,49.83961289,50.09204674,50.04975874,0,0
9.12000000,50.18177844,49.82928496,50.03720935,50.01480561,0,0
9.13000000,50.12848986,49.76995100,49.96102353,49.95240409,0,0
9.14000000,50.08814250,49.66968613,49.97301704,49.89775363,0,0
9.15000000,50.11262480,49.59130960,49.94680186,49.84941470,0,0
9.16000000,50.02488788,49.54429899,49.88194491,49.81917484,0,0
9.17000000,49.97533983,49.55714203,49.85458373,49.76936611,0,0
9.18000000,49.95434490,49.56800661,49.77412887,49.72033053,0,0
9.19000000,49.88649158,49.51721447,49.68036006,49.68931184,0,0
9.20000000,49.83484879,49.45422781,49.65441591,49.63594128,0,0
9.21000000,49.81720388,49.36553531,49.65490266,49.55889795,0,0
9.22000000,49.75051925,49.30166098,49.62487225,49.52268390,0,0
9.23000000,49.70292745,49.28445296,49.59066806,49.46652041,0,0
9.24000000,49.63581208,49.22814556,49.49678118,49.40771901,0,0
9.25000000,49.52833929,49.18608231,49.42919452,49.43792690,0,0
9.26000000,49.50063384,49.09583479,49.38134168,49.40606663,0,0
9.27000000,49.50659405,49.08846499,49.38154435,49.32576258,0,0
9.28000000,49.46814078,49.05118304,49.34167072,49.27253957,0,0
9.29000000,49.39977555,49.00955368,49.30289469,49.20025539,0,0
9.30000000,49.39221556,48.97424806,49.20873333,49.15894975,0,0
9.31000000,49.34796189,48.89005322,49.13492487,49.14745083,0,0
9.32000000,49.31767244,48.84716705,49.12266593,49.13587009,0,0
9.33000000,49.28537084,48.83368726,49.10570967,49.10984478,0,0
9.34000000,49.19407005,48.79626111,49.08996009,49.08091964,0,0
9.35000000,49.08987533,48.75438039,49.04235375,48.99115832,0,0
9.36000000,49.02925471,48.67368160,49.00442539,48.93597862,0,0
9.37000000,49.04463298,48.58752914,48.93407453,48.88022956,0,0
9.38000000,49.00219734,48.52050910,48.90193936,48.82907316,0,0
9.39000000,48.96422791,48.52010982,48.87045976,48.79046391,0,0
9.40000000,48.93882597,48.55397973,48.85329394,48.76424445,0,0
9.41000000,48.81996152,48.54650331,48.81476357,48.71411847,0,0
9.42000000,48.79587753,48.49339042,48.76598694,48.65238574,0,0
9.43000000,48.79179461,48.41131080,48.67448344,48.58779179,0,0
9.44000000,48.75071279,48.32232706,48.56972400,48.54407222,0,0
9.45000000,48.72647626,48.27959095,48.55524724,48.51080323,0,0
9.46000000,48.75512746,48.22158637,48.51144162,48.45687911,0,0
9.47000000,48.63635912,48.21731273,48.47211191,48.44023130,0,0
9.48000000,48.55995672,48.19026758,48.41732007,48.37254895,0,0
9.49000000,48.48248780,48.10741529,48.34869633,48.33271903,0,0
9.50000000,48.42007373,48.06212924,48.33456115,48.28832270,0,0
9.51000000,48.39232452,48.01641005,48.30363657,48.23271244,0,0
9.52000000,48.45427973,47.96111831,48.30484091,48.19303884,0,0
9.53000000,48.35761017,47.90437236,48.23736554,48.16417437,0,0
9.54000000,48.29185627,47.88527303,48.16108135,48.12185197,0,0
9.55000000,48.28031516,47.86866946,48.08333626,48.08200539,0,0
9.56000000,48.21474428,47.86364855,48.00170132,48.02779594,0,0
9.57000000,48.15922471,47.77050937,48.00795704,47.94173677,0,0
9.58000000,48.16556868,47.72449202,47.97878659,47.87197243,0,0
9.59000000,48.08288853,47.61003583,48.00734273,47.85429620,0,0
9.60000000,48.04836078,47.58948731,47.95419884,47.82354410,0,0
9.61000000,47.96285846,47.58340517,47.90136572,47.77211780,0,0
9.62000000,47.90229202,47.50598055,47.77499823,47.75460825,0,0
9.63000000,47.85535951,47.43307714,47.73859129,47.68690388,0,0
9.64000000,47.89218671,47.41946034,47.68446550,47.59520606,0,0
9.65000000,47.86758633,47.41948665,47.73469243,47.58749712,0,0
9.66000000,47.72390941,47.36866268,47.70565970,47.57464391,0,0
9.67000000,47.68043392,47.29075726,47.68593256,47.49559157,0,0
9.68000000,47.70183371,47.25635733,47.53243167,47.46629539,0,0
9.69000000,47.69906850,47.18915057,47.48429409,47.43072382,0,0
9.70000000,47.63375727,47.11863751,47.41825487,47.37550946,0,0
9.71000000,47.60168142,47.15452845,47.39209839,47.36134617,0,0
9.72000000,47.48404443,47.08397136,47.42668809,47.32329706,0,0
9.73000000,47.43975526,47.07957665,47.36834378,47.24333388,0,0
9.74000000,47.42588631,47.01941321,47.32728655,47.16715000,0,0
9.75000000,47.35728359,46.91074921,47.23383553,47.14037048,0,0
9.76000000,47.30277874,46.86301912,47.14180503,47.10458530,0,0
9.77000000,47.32697063,46.83647491,47.18106123,47.08752043,0,0
9.78000000,47.26320804,46.75166767,47.16541101,47.03278235,0,0
9.79000000,47.09238567,46.68797982,47.11401097,46.96702659,0,0
9.80000000,47.13629375,46.77306567,47.06929129,46.89783520,0,0
9.81000000,47.07330956,46.83802670,46.90199720,46.87052562,0,0
9.82000000,47.10189928,46.74262171,46.90678823,46.81475372,0,0
9.83000000,47.00428999,46.55550951,46.81836383,46.74755050,0,0
9.84000000,47.07202272,46.38904883,46.90946800,46.75519503,0,0
9.85000000,46.95371431,46.37758521,46.79596234,46.80339950,0,0
9.86000000,46.92847987,46.47258993,46.76882196,46.73436971,0,0
9.87000000,46.82119723,46.36444449,46.66254228,46.66545767,0,0
9.88000000,46.73166364,46.32490674,46.65305714,46.59842290,0,0
9.89000000,46.70718796,46.28525260,46.59637326,46.49362896,0,0
9.90000000,46.76424353,46.29176176,46.57839501,46.42590937,0,0
9.91000000,46.65708353,46.22265826,46.55164410,46.43615976,0,0
9.92000000,46.53390517,46.05947040,46.48822336,46.34751066,0,0
9.93000000,46.58977887,46.01170068,46.44095070,46.30280400,0,0
9.94000000,46.56347875,46.09693038,46.28221331,46.32431819,0,0
9.95000000,46.49752248,46.15839613,46.31528062,46.26703912,0,0
9.96000000,46.42486557,46.13799765,46.30361396,46.20355285,0,0
9.97000000,46.43091970,46.02413681,46.32520603,46.13192079,0,0
9.98000000,46.33682203,45.86311030,46.23808676,46.10276263,0,0
9.99000000,46.32096650,45.81374889,46.21512702,45.98049061,0,0
10.00000000,46.27432767,45.76886636,46.08969015,46.03497221,0,0
10.01000000,46.17447842,45.73721782,46.03834961,46.03367234,0,0
10.02000000,46.14811375,45.71390824,45.96903731,45.99646250,0,0
10.03000000,46.18168362,45.67183331,46.00886240,45.98856918,0,0
10.04000000,46.13638312,45.61380296,46.00151767,45.92424590,0,0
10.05000000,46.00392935,45.61042149,45.95660512,45.86948016,0,0
10.06000000,45.98589877,45.53804220,45.92938838,45.81483524,0,0
10.07000000,46.02582492,45.47687207,45.81461920,45.70184692,0,0
10.08000000,45.96011171,45.42988344,45.77281035,45.59381157,0,0
10.09000000,45.96380256,45.35015752,45.73309935,45.56947956,0,0
10.10000000,45.86380627,45.32751152,45.72251434,45.56670737,0,0
10.11000000,45.74960730,45.28415423,45.69601388,45.49456474,0,0
10.12000000,45.72277724,45.23927915,45.64892020,45.40307598,0,0
10.13000000,45.75239414,45.19447217,45.56991237,45.29189415,0,0
10.14000000,45.67381529,45.14636833,45.45712629,45.22942011,0,0
10.15000000,45.58540233,45.09284341,45.42091817,45.21489702,0,0
10.16000000,45.49539472,45.03651535,45.42060993,45.23750924,0,0
10.17000000,45.47614352,44.97358572,45.45706348,45.22857230,0,0
10.18000000,45.43335236,44.91688523,45.38461963,45.21622977,0,0
10.19000000,45.39026626,44.87519551,45.29330988,45.15610584,0,0
10.20000000,45.42833561,44.82786348,45.18700423,45.09471850,0,0
10.21000000,45.32826722,44.83975791,45.15160221,45.00413571,0,0
10.22000000,45.31673144,44.81352518,45.14006397,44.95134257,0,0
10.23000000,45.31555131,44.74188799,45.11630594,44.92448065,0,0
10.24000000,45.21640323,44.63108312,45.04927310,44.91310122,0,0
10.25000000,45.14939594,44.53917827,45.00723029,44.90192059,0,0
10.26000000,45.11951259,44.52979206,44.97037079,44.84984921,0,0
10.27000000,45.02326839,44.52220777,44.95266767,44.78186988,0,0
10.28000000,44.88252686,44.47450528,44.92874944,44.71037719,0,0
10.29000000,44.88455593,44.39499505,44.88112034,44.64992438,0,0
10.30000000,44.91909074,44.32062659,44.82782506,44.59741557,0,0
10.31000000,44.90440308,44.26559197,44.75403205,44.57213580,0,0
10.32000000,44.83580951,44.23783934,44.70607799,44.49842997,0,0
10.33000000,44.74642586,44.22794300,44.68738034,44.43648118,0,0
10.34000000,44.70650204,44.18799981,44.63755767,44.39518731,0,0
10.35000000,44.66794328,44.12779563,44.57667462,44.32643214,0,0
10.36000000,44.70309612,44.03766079,44.57583104,44.28773424,0,0
10.37000000,44.65375461,43.99469753,44.49851267,44.25819773,0,0
10.38000000,44.54658447,43.95392991,44.46009899,44.24165176,0,0
10.39000000,44.48608247,43.93827710,44.39716733,44.17965884,0,0
10.40000000,44.41870255,43.91860585,44.34015485,44.11007156,0,0
10.41000000,44.38603381,43.80591957,44.28370721,44.05361378,0,0
10.42000000,44.33933553,43.69991872,44.20839576,44.01286452,0,0
10.43000000,44.30992333,43.66521448,44.21336420,43.99871450,0,0
10.44000000,44.28343877,43.63912633,44.20250772,43.95125086,0,0
10.45000000,44.19686230,43.64637302,44.15942480,43.88155450,0,0
10.46000000,44.13101620,43.63207939,44.14067842,43.80934728,0,0
10.47000000,44.17215517,43.57687091,44.06006648,43.76369607,0,0
10.48000000,44.07369421,43.50078421,43.92026662,43.71272429,0,0
10.49000000,43.99678764,43.43826630,43.81572661,43.67033557,0,0
10.50000000,43.94505471,43.36574242,43.82685549,43.63743174,0,0
10.51000000,43.92757245,43.32813596,43.81269175,43.57918759,0,0
10.52000000,43.84740228,43.28147901,43.78913546,43.55018465,0,0
10.53000000,43.74852661,43.22866542,43.74257177,43.49692097,0,0
10.54000000,43.71362582,43.18799985,43.61367352,43.42592860,0,0
10.55000000,43.62345910,43.13985499,43.57109350,43.38726888,0,0
10.56000000,43.57760715,43.04766843,43.49093966,43.31251603,0,0
10.57000000,43.59858229,42.97882708,43.52505528,43.25596651,0,0
10.58000000,43.53863378,42.94702893,43.49760564,43.22391246,0,0
10.59000000,43.39529418,42.94746188,43.42879257,43.19178463,0,0
10.60000000,43.38519861,42.88355573,43.36520904,43.12134937,0,0
10.61000000,43.43986618,42.82707537,43.28283240,43.07863397,0,0
10.62000000,43.33105780,42.74036384,43.17171589,43.04702948,0,0
10.63000000,43.29454614,42.67041291,43.18360024,42.91290303,0,0
10.64000000,43.21723355,42.62907286,43.12120613,42.88657260,0,0
10.65000000,43.15858692,42.63359238,43.09426038,42.81004604,0,0
10.66000000,43.09067703,42.56381816,43.08241346,42.78031175,0,0
10.67000000,43.11961710,42.44740844,43.02357762,42.74192153,0,0
10.68000000,43.04786001,42.40005813,42.96386118,42.68619407,0,0
10.69000000,42.95917207,42.33593990,42.86771331,42.67820815,0,0
10.70000000,42.87978384,42.28496592,42.79830746,42.58731822,0,0
10.71000000,42.83907444,42.30212363,42.80224030,42.54402938,0,0
10.72000000,42.87174793,42.19848015,42.78235803,42.46750654,0,0
10.73000000,42.70477184,42.15525852,42.74540287,42.40880294,0,0
10.74000000,42.65662807,42.10662646,42.61989755,42.29391140,0,0
10.75000000,42.69526680,42.02510515,42.56669948,42.27443486,0,0
10.76000000,42.60459028,42.01067289,42.43918855,42.21647775,0,0
10.77000000,42.58575049,41.94905558,42.41090274,42.14940022,0,0
10.78000000,42.50029590,41.86991140,42.37250588,42.12851907,0,0
10.79000000,42.50431201,41.85908601,42.36667423,42.03301558,0,0
10.80000000,42.37747060,41.76996913,42.32829294,42.09029516,0,0
10.81000000,42.40272500,41.75162347,42.25281795,42.02041985,0,0
10.82000000,42.26499473,41.67434495,42.21211751,41.91588860,0,0
10.83000000,42.18107475,41.60879801,42.14165221,41.84564176,0,0
10.84000000,42.18448291,41.56452912,42.07716389,41.78197426,0,0
10.85000000,42.19303608,41.46028448,42.02811502,41.75588851,0,0
10.86000000,42.12609793,41.38815610,42.00534748,41.70664295,0,0
10.87000000,41.92665390,41.34077152,41.92316438,41.67106176,0,0
10.88000000,41.80335093,41.35802764,41.86693007,41.62567340,0,0
10.89000000,41.93855135,41.34575986,41.90482038,41.54934992,0,0
10.90000000,41.92750833,41.14738013,41.71729996,41.45441113,0,0
10.91000000,41.88050466,41.13781981,41.69387582,41.39838344,0,0
10.92000000,41.76583943,41.07113876,41.66997224,41.32566453,0,0
10.93000000,41.74627727,41.07874348,41.59114880,41.29578224,0,0
10.94000000,41.60124652,41.09529720,41.64222629,41.25544865,0,0
10.95000000,41.55712226,40.95512254,41.55672720,41.23644303,0,0
10.96000000,41.58928249,40.85956941,41.48038586,41.19798089,0,0
10.97000000,41.48572648,40.80036672,41.35831228,41.08693527,0,0
10.98000000,41.47415941,40.78138153,41.30845396,41.04964604,0,0
10.99000000,41.39569098,40.72594855,41.25079317,40.92811547,0,0
11.00000000,41.27945160,40.71334438,41.26060484,40.89108734,0,0
11.01000000,41.25222587,40.62228330,41.24428224,40.83625707,0,0
11.02000000,41.17225860,40.54789917,41.14335206,40.79240558,0,0
11.03000000,41.13852898,40.51882925,41.08915322,40.77286679,0,0
11.04000000,41.17115077,40.45233724,41.03406216,40.72273746,0,0
11.05000000,41.06622324,40.40014863,40.92799165,40.62991665,0,0
11.06000000,41.02176199,40.37635092,41.01383430,40.58799467,0,0
11.07000000,40.99611318,40.33692399,40.98803275,40.54152079,0,0
11.08000000,40.93764937,40.29858269,40.90502092,40.45836997,0,0
11.09000000,40.86480290,40.21447312,40.77963007,40.45945596,0,0
11.10000000,40.82990591,40.14697096,40.72231117,40.42086820,0,0
11.11000000,40.76510904,40.09863190,40.68935956,40.37571473,0,0
11.12000000,40.72344605,40.04196013,40.61190169,40.30539807,0,0
11.13000000,40.61799661,39.99421223,40.53714969,40.19075989,0,0
11.14000000,40.57593096,39.89385945,40.48412334,40.13800881,0,0
11.15000000,40.56217793,39.83656252,40.45222411,40.10365392,0,0
11.16000000,40.49799724,39.81623735,40.44269429,40.05880695,0,0
11.17000000,40.38712982,39.77785489,40.37988511,40.02899809,0,0
11.18000000,40.34406132,39.73350086,40.32170267,39.95860748,0,0
11.19000000,40.35541460,39.62278501,40.26014142,39.87125724,0,0
11.20000000,40.29824781,39.55380826,40.13328920,39.83743570,0,0
11.21000000,40.26954441,39.53526502,40.07002173,39.75716029,0,0
11.22000000,40.20264677,39.55320950,40.02287820,39.70292873,0,0
11.23000000,40.13941057,39.45841163,40.01952647,39.66257815,0,0
11.24000000,40.06210421,39.38167726,39.99723822,39.62007123,0,0
11.25000000,40.01887517,39.33739715,39.94518913,39.60307411,0,0
11.26000000,39.97528351,39.26372668,39.86058775,39.54997843,0,0
11.27000000,39.87206092,39.25378355,39.76217929,39.45785235,0,0
11.28000000,39.78061947,39.21868670,39.69492136,39.39541484,0,0
11.29000000,39.74056184,39.09604505,39.66800988,39.32507201,0,0
11.30000000,39.76523203,39.00997661,39.67102774,39.25485316,0,0
11.31000000,39.70085347,38.96520818,39.64563659,39.23452085,0,0
11.32000000,39.54833542,38.90861648,39.55045740,39.21313227,0,0
11.33000000,39.49039332,38.87778753,39.49290290,39.13601157,0,0
11.34000000,39.51925872,38.86640034,39.44533687,39.09174477,0,0
11.35000000,39.53702161,38.80266824,39.38058729,38.99548087,0,0
11.36000000,39.43893250,38.72251686,39.30840183,38.92774920,0,0
11.37000000,39.35143179,38.71064144,39.26573860,38.86951681,0,0
11.38000000,39.28107105,38.68734913,39.22151915,38.81369758,0,0
11.39000000,39.25161192,38.61569195,39.19221752,38.79258779,0,0
11.40000000,39.23226577,38.53728649,39.14858169,38.76127303,0,0
11.41000000,39.20381362,38.43724009,39.06724159,38.71952813,0,0
11.42000000,39.11852168,38.33082766,38.97720245,38.65169385,0,0
11.43000000,38.97014557,38.32077023,38.93515991,38.56078955,0,0
11.44000000,38.92150128,38.29116093,38.86653299,38.51443633,0,0
11.45000000,38.86050683,38.21184337,38.86089915,38.42049617,0,0
11.46000000,38.86091416,38.08055638,38.85167251,38.38252409,0,0
11.47000000,38.81479594,37.99924453,38.80889176,38.33178664,0,0
11.48000000,38.74159249,37.97759988,38.71123652,38.28253420,0,0
11.49000000,38.70738030,37.99410812,38.66589657,38.25743155,0,0
11.50000000,38.68583872,37.95975861,38.58453604,38.17276119,0,0
11.51000000,38.56000949,37.87408361,38.46740768,38.09823325,0,0
11.52000000,38.53020779,37.77313780,38.45585733,38.07200167,0,0
11.53000000,38.51401017,37.73268476,38.37637423,37.97171229,0,0
11.54000000,38.54732054,37.73329494,38.37714124,37.91332120,0,0
11.55000000,38.35074311,37.68103745,38.28389356,37.84220056,0,0
11.56000000,38.34263382,37.61084581,38.24358397,37.82698319,0,0
11.57000000,38.28040940,37.51222370,38.19247151,37.75218498,0,0
11.58000000,38.26648507,37.43906287,38.14281168,37.71675530,0,0
11.59000000,38.18861124,37.45075549,38.08673916,37.61929479,0,0
11.60000000,38.16928364,37.44002343,38.00283294,37.61619906,0,0
11.61000000,38.07896929,37.30459925,37.98080355,37.54493080,0,0
11.62000000,38.00844958,37.26403133,37.97802833,37.59566602,0,0
11.63000000,37.97727770,37.18528580,37.98051601,37.47511066,0,0
11.64000000,37.84618133,37.14616235,37.87785911,37.48239631,0,0
11.65000000,37.89873074,37.16479109,37.85245109,37.44632872,0,0
11.66000000,37.94655293,37.09997694,37.80526481,37.32607140,0,0
11.67000000,37.84221945,36.98763898,37.63914345,37.27010074,0,0
11.68000000,37.78328082,36.89537003,37.65587664,37.20201384,0,0
11.69000000,37.67358688,36.93207573,37.55627076,37.10040474,0,0
11.70000000,37.72882339,36.87287998,37.53847147,37.03737910,0,0
11.71000000,37.56496799,36.86832512,37.50126656,36.92404073,0,0
11.72000000,37.54131174,36.73454904,37.44802147,36.93156532,0,0
11.73000000,37.47253978,36.71242606,37.40745199,36.88426194,0,0
11.74000000,37.42704597,36.58898087,37.25279956,36.84959489,0,0
11.75000000,37.34014170,36.59500808,37.23881076,36.74828771,0,0
11.76000000,37.28611429,36.56897185,37.11393668,36.71776703,0,0
11.77000000,37.27217724,36.43686412,37.10723980,36.59630102,0,0
11.78000000,37.20415443,36.30044181,37.11324564,36.55956416,0,0
11.79000000,37.14792940,36.33714251,37.00831997,36.53269791,0,0
11.80000000,36.94849944,36.33082665,36.91734134,36.48817471,0,0
11.81000000,37.03060178,36.29334037,36.87612591,36.41567347,0,0
11.82000000,37.04195692,36.19275323,36.89954267,36.38077333,0,0
11.83000000,36.91800639,36.06663177,36.70059844,36.27223052,0,0
11.84000000,36.83950610,35.98485843,36.80491821,36.24852520,0,0
11.85000000,36.76520534,36.04532360,36.69003554,36.17435409,0,0
11.86000000,36.75512173,36.02956537,36.59407185,36.09143353,0,0
11.87000000,36.62187427,35.86930180,36.57411113,36.06256543,0,0
11.88000000,36.64344848,35.74426853,36.47780973,35.98901464,0,0
11.89000000,36.58626053,35.68302258,36.45888203,36.03063105,0,0
11.90000000,36.52576800,35.70028857,36.35823397,35.99185274,0,0
11.91000000,36.40142678,35.62303938,36.33410049,35.92405436,0,0
11.92000000,36.33100894,35.60244669,36.27843999,35.79013474,0,0
11.93000000,36.25593224,35.49860080,36.20687610,35.74745102,0,0
11.94000000,36.30188626,35.42223883,36.23670806,35.68615277,0,0
11.95000000,36.21673222,35.28921793,36.18664447,35.63712104,0,0
11.96000000,36.06545980,35.29932631,36.13476070,35.60357355,0,0
11.97000000,35.97363429,35.22025153,36.04851646,35.52339726,0,0
11.98000000,36.05923097,35.21567832,36.01910667,35.50843938,0,0
11.99000000,36.05864890,35.12979347,35.94810972,35.43418212,0,0
12.00000000,35.95617362,35.07539717,35.81427099,35.38310928,0,0
12.01000000,35.87160674,34.97962042,35.80237209,35.31639721,0,0
12.02000000,35.82034941,34.92249375,35.70191656,35.23035125,0,0
12.03000000,35.77541240,34.92937418,35.71545470,35.13651945,0,0
12.04000000,35.66800496,34.87134922,35.68622433,35.03375790,0,0
12.05000000,35.61243597,34.84169124,35.60275577,35.02342528,0,0
12.06000000,35.65449103,34.72126959,35.55753126,35.01636896,0,0
12.07000000,35.56819754,34.71149058,35.43504386,34.97246287,0,0
12.08000000,35.57660375,34.62248189,35.38462229,34.89346478,0,0
12.09000000,35.49572528,34.57956908,35.33321534,34.80488556,0,0
12.10000000,35.45053878,34.66679655,35.28138356,34.77872252,0,0
12.11000000,35.43084685,34.60668397,35.28964658,34.69759734,0,0
12.12000000,35.39006783,34.53033342,35.25990061,34.67676000,0,0
12.13000000,35.33047467,34.44610381,35.18321940,34.60723817,0,0
12.14000000,35.25804366,34.38147841,35.13517486,34.57944575,0,0
12.15000000,35.28875911,34.31766764,35.10296480,34.53314877,0,0
12.16000000,35.22592695,34.33062503,35.04772735,34.45169918,0,0
12.17000000,35.11666364,34.33491256,34.97948860,34.42996824,0,0
12.18000000,35.06325145,34.29312758,34.95556971,34.37663606,0,0
12.19000000,35.05859619,34.21797322,34.93963165,34.34315533,0,0
12.20000000,35.06874085,34.14682698,34.89996995,34.30095810,0,0
12.21000000,34.97591571,34.09313523,34.85132803,34.22570704,0,0
12.22000000,34.91550756,34.03942115,34.80049727,34.17829969,0,0
12.23000000,34.86549122,33.99415993,34.75550471,34.17423896,0,0
12.24000000,34.78798083,33.97232239,34.70186260,34.15038587,0,0
12.25000000,34.75489982,33.96786047,34.64765504,34.13018056,0,0
12.26000000,34.72803026,33.88742535,34.60233742,34.07201227,0,0
12.27000000,34.72706422,33.82508260,34.55305905,33.98862075,0,0
12.28000000,34.70804840,33.78224626,34.52726303,33.93830359,0,0
12.29000000,34.64969890,33.74047248,34.51546779,33.87158952,0,0
12.30000000,34.56186561,33.63614446,34.44976542,33.83966945,0,0
12.31000000,34.50526492,33.62749726,34.40843670,33.82811879,0,0
12.32000000,34.49578680,33.61670284,34.39177264,33.71929382,0,0
12.33000000,34.51061790,33.53706855,34.34662430,33.68172101,0,0
12.34000000,34.46537829,33.51920724,34.25058659,33.68112820,0,0
12.35000000,34.42350846,33.48263197,34.20463124,33.56040624,0,0
12.36000000,34.35117522,33.43981079,34.23739860,33.53843236,0,0
12.37000000,34.32490216,33.39384924,34.17392047,33.52875168,0,0
12.38000000,34.30636749,33.36877543,34.20075922,33.48898372,0,0
12.39000000,34.22581566,33.32297586,34.15046588,33.45490826,0,0
12.40000000,34.22253316,33.27170801,34.09222377,33.40105942,0,0
12.41000000,34.18350384,33.21911659,34.01687963,33.37653045,0,0
12.42000000,34.12592556,33.16713333,33.95375385,33.38530577,0,0
12.43000000,34.05360699,33.19192900,33.89459766,33.33542993,0,0
12.44000000,34.02414102,33.14781808,33.89949985,33.30543122,0,0
12.45000000,33.95431687,33.09124368,33.85921765,33.24256906,0,0
12.46000000,34.01393323,33.01628461,33.85242684,33.20868690,0,0
12.47000000,33.99742618,33.01669099,33.82956510,33.11877648,0,0
12.48000000,33.90109909,32.91478116,33.77257466,33.09183548,0,0
12.49000000,33.77834042,32.83707730,33.72161546,33.05767742,0,0
12.50000000,33.74405331,32.84678688,33.68669084,33.01344242,0,0
12.51000000,33.82271767,32.79030834,33.67462604,32.97015305,0,0
12.52000000,33.81605386,32.79103406,33.56855423,32.93395072,0,0
12.53000000,33.81443695,32.77508793,33.48548884,32.86931328,0,0
12.54000000,33.69538342,32.73365531,33.50227120,32.83218698,0,0
12.55000000,33.70567737,32.65056434,33.46391463,32.75913661,0,0
12.56000000,33.65551756,32.63402828,33.50568226,32.75809909,0,0
12.57000000,33.63582077,32.61182853,33.47200055,32.70413814,0,0
12.58000000,33.60178631,32.58432373,33.41719342,32.64560950,0,0
12.59000000,33.54067708,32.55402301,33.38858839,32.61446530,0,0
12.60000000,33.49676419,32.51117558,33.31088889,32.63044907,0,0
12.61000000,33.47973116,32.46672743,33.26952481,32.56070470,0,0
12.62000000,33.48700228,32.40254025,33.27245629,32.56259836,0,0
12.63000000,33.43215717,32.38648866,33.23360691,32.44695325,0,0
12.64000000,33.45678032,32.35298761,33.19594555,32.43738724,0,0
12.65000000,33.44923092,32.45510829,33.22264326,32.39955405,0,0
12.66000000,33.41951758,32.43667447,33.20438071,32.34665929,0,0
12.67000000,33.35285480,32.38299316,33.13087777,32.32933886,0,0
12.68000000,33.38484426,32.32570725,33.14650049,32.30258357,0,0
12.69000000,33.51319136,32.32269837,33.08936324,32.27230947,0,0
12.70000000,33.41841113,32.34311478,33.10103090,32.25082593,0,0
12.71000000,33.40191564,32.31048606,32.97011404,32.25664346,0,0
12.72000000,33.25090565,32.24537454,33.07621229,32.25671380,0,0
12.73000000,33.30433639,32.22972210,33.04181438,32.16079221,0,0
12.74000000,33.25698969,32.13361942,33.09910707,32.20514196,0,0
12.75000000,33.22074145,32.06943916,33.05757658,32.20073561,0,0
12.76000000,33.18069684,32.12934034,32.98745270,32.13876335,0,0
12.77000000,33.23001868,32.11575899,32.94265029,32.08551022,0,0
12.78000000,33.18758583,32.14031589,32.90942331,32.08515343,0,0
12.79000000,33.14859213,32.02309090,32.86597658,32.13945202,0,0
12.80000000,33.17780845,32.01515937,32.88125224,32.05984278,0,0
12.81000000,33.03700146,31.95305201,32.89727163,32.10613500,0,0
12.82000000,33.06658526,31.88313158,32.88341016,31.97390438,0,0
12.83000000,33.04653725,31.98582930,32.87713032,32.01007821,0,0
12.84000000,33.05732988,31.97318284,32.87587530,31.92953239,0,0
12.85000000,32.97796183,31.96644205,32.80414780,31.92171094,0,0
12.86000000,32.95270976,31.85910046,32.82494538,31.99274096,0,0
12.87000000,33.03245219,31.85645600,32.82008899,31.91795213,0,0
12.88000000,32.95027311,31.81322915,32.82562344,31.98355465,0,0
12.89000000,32.95858397,31.81293171,32.67882042,31.87641050,0,0
12.90000000,32.87001632,31.79122676,32.70948714,31.85360590,0,0
12.91000000,32.90181822,31.79603883,32.66689215,31.79952513,0,0
12.92000000,32.89617347,31.80734141,32.65868737,31.72659902,0,0
12.93000000,32.81171816,31.74318581,32.69038110,31.74641890,0,0
12.94000000,32.82217644,31.72939059,32.67902574,31.72504335,0,0
12.95000000,32.79537684,31.72262705,32.64157513,31.71830584,0,0
12.96000000,32.78528249,31.66256199,32.62379708,31.71527837,0,0
12.97000000,32.71416222,31.66719981,32.54730310,31.69421794,0,0
12.98000000,32.72281470,31.59929230,32.54903277,31.70693695,0,0
12.99000000,32.68505635,31.61782248,32.53986730,31.71902144,0,0
13.00000000,32.66146961,31.56736474,32.52903488,31.67839580,0,0
13.01000000,32.67450848,31.53750771,32.48461860,31.59347961,0,0
13.02000000,32.65763297,31.54281470,32.49370191,31.61341222,0,0
13.03000000,32.65276434,31.58359248,32.44156772,31.53870062,0,0
13.04000000,32.55924581,31.58085164,32.42731274,31.51222448,0,0
13.05000000,32.57872152,31.45055608,32.40788780,31.55476880,0,0
13.06000000,32.59486250,31.40988905,32.43874995,31.52782887,0,0
13.07000000,32.59964617,31.44068460,32.38665904,31.49938913,0,0
13.08000000,32.58432301,31.42375526,32.29369581,31.49180175,0,0
13.09000000,32.53719747,31.41336994,32.32240951,31.46378536,0,0
13.10000000,32.55414392,31.39631520,32.32060855,31.38204524,0,0
13.11000000,32.51320747,31.38001673,32.34353161,31.37615171,0,0
13.12000000,32.49296422,31.34363910,32.35270029,31.37608455,0,0
13.13000000,32.50304807,31.31231511,32.30848633,31.35534725,0,0
13.14000000,32.50116611,31.29499114,32.29930540,31.33692679,0,0
13.15000000,32.44664848,31.26118521,32.25935885,31.32456715,0,0
13.16000000,32.40776344,31.26093401,32.21059760,31.27514265,0,0
13.17000000,32.36095998,31.26532007,32.20084580,31.31227458,0,0
13.18000000,32.32634678,31.26081847,32.19385393,31.27177380,0,0
13.19000000,32.37018667,31.25257572,32.17215149,31.23119895,0,0
13.20000000,32.40301211,31.16812346,32.16107086,31.20219372,0,0
13.21000000,32.39380339,31.11369663,32.13228250,31.19352035,0,0
13.22000000,32.31614145,31.13042585,32.13608124,31.19089881,0,0
13.23000000,32.27548835,31.15283009,32.12429940,31.15869035,0,0
13.24000000,32.30560948,31.09942973,32.11129174,31.14512304,0,0
13.25000000,32.30664946,31.04358139,32.11612496,31.13215279,0,0
13.26000000,32.27606926,31.03133993,32.04667646,31.10681897,0,0
13.27000000,32.23406328,31.01204594,32.00195682,31.07566781,0,0
13.28000000,32.20587919,30.99488352,32.00631298,31.05438054,0,0
13.29000000,32.22434152,30.99167981,31.95967409,31.01123413,0,0
13.30000000,32.22171848,31.00004232,32.00791313,30.97581350,0,0
13.31000000,32.18303502,30.96916934,32.03276514,30.95514246,0,0
13.32000000,32.14178975,30.93463247,32.00779146,30.92239459,0,0
13.33000000,32.13046426,30.89453857,31.96905816,30.92839490,0,0
13.34000000,32.12004968,30.86926492,31.89632108,30.90629687,0,0
13.35000000,32.09217049,30.89022856,31.85244376,30.86230177,0,0
13.36000000,32.05475382,30.86456464,31.84616321,30.87374519,0,0
13.37000000,32.01076740,30.84101743,31.83593326,30.87025901,0,0
13.38000000,32.02154684,30.82780336,31.82941298,30.83222989,0,0
13.39000000,32.04686054,30.79980347,31.82343824,30.82783822,0,0
13.40000000,32.00907742,30.72658551,31.81167137,30.78335229,0,0
13.41000000,31.92269436,30.70537252,31.79713342,30.75919355,0,0
13.42000000,31.87193923,30.71106405,31.79630195,30.71155607,0,0
13.43000000,31.92061060,30.65822853,31.79106015,30.66572458,0,0
13.44000000,31.94877950,30.59579616,31.76353229,30.66594835,0,0
13.45000000,31.90009166,30.54555917,31.70110825,30.66222778,0,0
13.46000000,31.86729067,30.55224837,31.60550188,30.65185035,0,0
13.47000000,31.80765767,30.54995172,31.62729025,30.61863964,0,0
13.48000000,31.82065003,30.56582029,31.59006366,30.59591837,0,0
13.49000000,31.80412511,30.54474824,31.61383181,30.56273814,0,0
13.50000000,31.80777480,30.50479992,31.63493066,30.53085978,0,0
13.51000000,31.76473029,30.46364501,31.60038954,30.50094771,0,0
13.52000000,31.73562483,30.38955236,31.59872529,30.50537699,0,0
13.53000000,31.68460341,30.39296976,31.56113686,30.49062267,0,0
13.54000000,31.67278428,30.43932310,31.51358328,30.45586719,0,0
13.55000000,31.70144163,30.41743421,31.49777223,30.38693780,0,0
13.56000000,31.63244300,30.36358991,31.49586182,30.41305813,0,0
13.57000000,31.63214921,30.26689560,31.47580292,30.40346030,0,0
13.58000000,31.62532296,30.33927423,31.47466604,30.38738910,0,0
13.59000000,31.60583422,30.33493446,31.45119242,30.36469492,0,0
13.60000000,31.54931248,30.32188474,31.44265473,30.29855670,0,0
13.61000000,31.50763112,30.29261045,31.37775958,30.26708699,0,0
13.62000000,31.53586036,30.25268191,31.41006461,30.24739195,0,0
13.63000000,31.60861603,30.21795766,31.37146635,30.21747371,0,0
13.64000000,31.56110253,30.14415276,31.35501731,30.21549833,0,0
13.65000000,31.55872951,30.09352413,31.23541946,30.24046166,0,0
13.66000000,31.43392876,30.11166841,31.31643954,30.21147112,0,0
13.67000000,31.50265870,30.14493606,31.28548752,30.17722089,0,0
13.68000000,31.51671392,30.15521176,31.30460660,30.20711767,0,0
13.69000000,31.47931763,30.13417457,31.29431751,30.12250418,0,0
13.70000000,31.47395633,30.08971803,31.27146951,30.12393810,0,0
13.71000000,31.44076446,30.08645269,31.30470521,30.09500846,0,0
13.72000000,31.45419387,30.06384009,31.26091934,30.06245195,0,0
13.73000000,31.41632583,30.10675149,31.19772960,30.00979275,0,0
13.74000000,31.44815855,30.06947635,31.15010526,30.01189131,0,0
13.75000000,31.37152231,30.05712777,31.19501627,29.93511439,0,0
13.76000000,31.35567070,30.04575145,31.16788704,29.96161344,0,0
13.77000000,31.36881784,29.99448432,31.13613908,30.05296667,0,0
13.78000000,31.39033890,30.03653065,31.13669430,30.02858075,0,0
13.79000000,31.40048970,30.02017080,31.09476273,30.04091126,0,0
13.80000000,31.30663837,29.93745747,31.10778226,29.91480428,0,0
13.81000000,31.27512751,29.93152892,31.07821920,29.94362223,0,0
13.82000000,31.37387550,29.96169964,31.09490124,29.86744747,0,0
13.83000000,31.30851720,29.95341723,31.17960496,29.88848447,0,0
13.84000000,31.33347328,29.87848107,31.06575855,29.86781504,0,0
13.85000000,31.25531646,29.81058889,30.99543809,29.86543339,0,0
13.86000000,31.24498697,29.86928241,31.04082341,29.84319401,0,0
13.87000000,31.26508059,29.82868925,30.95630942,29.78010531,0,0
13.88000000,31.23361474,29.86265281,30.99356752,29.84247024,0,0
13.89000000,31.20778893,29.84929272,30.97594822,29.77085617,0,0
13.90000000,31.24384333,29.81575063,30.98448580,29.79066442,0,0
13.91000000,31.21721903,29.79327927,30.93565502,29.74575392,0,0
13.92000000,31.13905421,29.73587412,30.94003724,29.75622973,0,0
13.93000000,31.12067652,29.75531138,30.86277117,29.69463488,0,0
13.94000000,31.09711528,29.78517513,30.90100381,29.70239659,0,0
13.95000000,31.11587649,29.74372489,30.88974121,29.66883684,0,0
13.96000000,31.15996428,29.74753035,30.92872897,29.68788613,0,0
13.97000000,31.14880476,29.68664817,30.90963529,29.74006370,0,0
13.98000000,31.11544853,29.70420956,30.94332939,29.72444249,0,0
13.99000000,31.01836626,29.69770190,30.92930082,29.70848461,0,0
14.00000000,31.02566466,29.68170439,30.87013256,29.63604778,0,0
14.01000000,31.15464846,29.66164150,30.89642858,29.62277551,0,0
14.02000000,31.14142202,29.63730573,30.87302542,29.60844864,0,0
14.03000000,31.05253078,29.62223246,30.89442132,29.56768342,0,0
14.04000000,31.00992515,29.57540588,30.73721255,29.54053983,0,0
14.05000000,31.01073158,29.55284676,30.80129258,29.55434368,0,0
14.06000000,31.16600306,29.57606935,30.73236561,29.55456632,0,0
14.07000000,31.09252899,29.57521715,30.75421841,29.53731229,0,0
14.08000000,31.02502879,29.52819627,30.78494580,29.50122949,0,0
14.09000000,30.95339587,29.51863624,30.79353951,29.48995917,0,0
14.10000000,31.00923264,29.48408170,30.80907419,29.47466904,0,0
14.11000000,30.99896256,29.49008591,30.78702818,29.42472613,0,0
14.12000000,31.04484988,29.45306248,30.75639561,29.41685412,0,0
14.13000000,30.98453568,29.43964010,30.71243393,29.40425394,0,0
14.14000000,30.95001294,29.47719857,30.74485815,29.38779006,0,0
14.15000000,30.91293610,29.45852925,30.72913809,29.36280149,0,0
14.16000000,30.93876415,29.45273092,30.70695986,29.32884854,0,0
14.17000000,30.94544978,29.35581612,30.70451607,29.37808425,0,0
14.18000000,30.93879931,29.34928969,30.71184187,29.39992067,0,0
14.19000000,30.87337283,29.39233009,30.72111642,29.42148399,0,0
14.20000000,30.87382079,29.40703478,30.69194803,29.40760624,0,0
14.21000000,30.89950060,29.36218156,30.62368908,29.34879769,0,0
14.22000000,30.90435363,29.31639270,30.66195604,29.31779679,0,0
14.23000000,30.89522896,29.32236451,30.66349565,29.26158455,0,0
14.24000000,30.83993312,29.31065736,30.59710059,29.25818059,0,0
14.25000000,30.82722459,29.29615406,30.61934498,29.27688024,0,0
14.26000000,30.85234895,29.27362522,30.58775064,29.26629813,0,0
14.27000000,30.81699185,29.24723555,30.55446470,29.26015751,0,0
14.28000000,30.85220902,29.20763622,30.59488759,29.24503959,0,0
14.29000000,30.90178061,29.21574008,30.61940848,29.24339824,0,0
14.30000000,30.86773500,29.22860637,30.61213579,29.22496339,0,0
14.31000000,30.78841619,29.22278488,30.57459858,29.18806984,0,0
14.32000000,30.72863459,29.20212594,30.50457853,29.13757039,0,0
14.33000000,30.73554702,29.18340140,30.48509057,29.11633469,0,0
14.34000000,30.73006569,29.14414909,30.52556361,29.08179703,0,0
14.35000000,30.77071283,29.14989802,30.54273094,29.06930865,0,0
14.36000000,30.73483360,29.13558263,30.51451453,29.07032937,0,0
14.37000000,30.70038285,29.14313882,30.47663266,29.05137424,0,0
14.38000000,30.66237280,29.12745471,30.47357108,29.11361104,0,0
14.39000000,30.66964796,29.11722938,30.48228737,29.10445467,0,0
14.40000000,30.67258528,29.09783460,30.48369287,29.06966394,0,0
14.41000000,30.63120040,29.05213444,30.45593307,29.05601147,0,0
14.42000000,30.63970340,29.02814049,30.46836647,29.01505762,0,0
14.43000000,30.64432894,29.05666395,30.46457377,28.99763270,0,0
14.44000000,30.61170336,29.02680728,30.40849532,28.99487027,0,0
14.45000000,30.60686171,28.99276560,30.42869546,28.95006645,0,0
14.46000000,30.63770463,28.95447824,30.41325224,28.93075582,0,0
14.47000000,30.58993096,28.93218362,30.37311814,28.95424932,0,0
14.48000000,30.58271217,28.96576210,30.41639968,28.93256834,0,0
14.49000000,30.54769618,28.94039727,30.39352898,28.91002001,0,0
14.50000000,30.48045660,28.98642393,30.38239929,28.92875348,0,0
14.51000000,30.45421844,28.96442640,30.33080796,28.91284462,0,0
14.52000000,30.50395037,28.95859889,30.29624684,28.87085860,0,0
14.53000000,30.55817678,28.86747780,30.19097937,28.84785393,0,0
14.54000000,30.51630120,28.83925726,30.19767426,28.85385364,0,0
14.55000000,30.49806819,28.82569983,30.11817329,28.83762392,0,0
14.56000000,30.42888970,28.87767062,30.16153844,28.80614928,0,0
14.57000000,30.43196727,28.91609140,30.13601063,28.83116329,0,0
14.58000000,30.46346675,28.89946245,30.23504588,28.77418704,0,0
14.59000000,30.42774779,28.81550006,30.25260008,28.83348129,0,0
14.60000000,30.35009034,28.73243111,30.20911616,28.84349018,0,0
14.61000000,30.37452458,28.80164709,30.22861268,28.83408634,0,0
14.62000000,30.34900981,28.83723229,30.24727290,28.81485079,0,0
14.63000000,30.38077920,28.86421649,30.27602524,28.76488064,0,0
14.64000000,30.37084504,28.78547828,30.13610627,28.72238456,0,0
14.65000000,30.38727003,28.74290472,30.16722946,28.70936061,0,0
14.66000000,30.31002731,28.74855738,30.10749170,28.69752256,0,0
14.67000000,30.28485608,28.77376322,30.11912765,28.73745782,0,0
14.68000000,30.30648838,28.76780620,30.13397227,28.73278916,0,0
14.69000000,30.32157733,28.73139196,30.19752698,28.75931190,0,0
14.70000000,30.35222547,28.72173166,30.09077693,28.72037082,0,0
14.71000000,30.26323355,28.68550421,30.08967207,28.71468507,0,0
14.72000000,30.27583154,28.80725711,30.03316922,28.77703045,0,0
14.73000000,30.24677550,28.73660494,29.99789913,28.70035210,0,0
14.74000000,30.30650802,28.71247124,30.04017932,28.65122902,0,0
14.75000000,30.28524390,28.63293893,30.07232492,28.65658470,0,0
14.76000000,30.31527674,28.65724509,30.12670810,28.63627071,0,0
14.77000000,30.22448037,28.78954611,30.04368269,28.60005148,0,0
14.78000000,30.21886109,28.76133146,30.13908211,28.61560466,0,0
14.79000000,30.18330736,28.76878865,30.00671894,28.53863913,0,0
14.80000000,30.27354659,28.69878430,29.97191116,28.58654715,0,0
14.81000000,30.36321321,28.65656648,29.96105539,28.64461698,0,0
14.82000000,30.22032563,28.67488631,29.98024350,28.64797155,0,0
14.83000000,30.15124973,28.67207477,30.01502189,28.65790541,0,0
14.84000000,30.10994825,28.61489698,29.89249234,28.57739480,0,0
14.85000000,30.16872618,28.68302168,29.90339667,28.55906347,0,0
14.86000000,30.25244519,28.65508149,29.87546326,28.54005536,0,0
14.87000000,30.15029058,28.67352934,29.87469827,28.50932424,0,0
14.88000000,30.14821164,28.60471239,29.92080656,28.53394508,0,0
14.89000000,30.07839903,28.58710128,29.94542138,28.53661094,0,0
14.90000000,30.11692060,28.59491356,29.86547305,28.54027893,0,0
14.91000000,30.05115923,28.54388941,29.86360231,28.47818362,0,0
14.92000000,30.06685730,28.53057554,29.84608970,28.50901884,0,0
14.93000000,30.07789618,28.51630728,29.79561842,28.53205342,0,0
14.94000000,30.05776718,28.53687961,29.86552029,28.49159129,0,0
14.95000000,30.02436001,28.53450371,29.80688093,28.45380411,0,0
14.96000000,29.99264551,28.53462427,29.84837343,28.43824072,0,0
14.97000000,29.97524158,28.52212871,29.79779218,28.43682768,0,0
14.98000000,29.97583276,28.52741165,29.81435185,28.40668433,0,0
14.99000000,29.98159608,28.54366424,29.79447196,28.43086992,0,0
15.00000000,29.96775193,28.51136139,29.69489249,28.37665676,0,0
15.01000000,29.98874887,28.40992493,29.74860854,28.39077603,0,0
15.02000000,29.90960743,28.37656853,29.68532326,28.46634884,0,0
15.03000000,29.94042032,28.39961952,29.80338758,28.43761289,0,0
15.04000000,29.90104778,28.40794187,29.71742887,28.44118208,0,0
15.05000000,29.89248149,28.33397571,29.63559461,28.37224950,0,0
15.06000000,29.84119501,28.32227017,29.64006697,28.31373641,0,0
15.07000000,29.82047989,28.37451809,29.63054360,28.32475939,0,0
15.08000000,29.81366163,28.35776322,29.63282168,28.28449521,0,0
15.09000000,29.77481569,28.33027848,29.72939631,28.27973558,0,0
15.10000000,29.77073557,28.22867071,29.66262000,28.28773343,0,0
15.11000000,29.74861089,28.23082854,29.63209471,28.30135354,0,0
15.12000000,29.73841356,28.24661766,29.54828908,28.28349126,0,0
15.13000000,29.71995293,28.26482988,29.49104186,28.24153244,0,0
15.14000000,29.64051490,28.22238632,29.49687146,28.25591728,0,0
15.15000000,29.60475089,28.16427178,29.50899232,28.18037185,0,0
15.16000000,29.64810325,28.17994895,29.50158650,28.19091577,0,0
15.17000000,29.71656237,28.17785642,29.46214350,28.16599748,0,0
15.18000000,29.69866829,28.15757453,29.43029923,28.14685393,0,0
15.19000000,29.60406073,28.14206640,29.45020132,28.13091966,0,0
15.20000000,29.52509037,28.11618936,29.42198186,28.13308443,0,0
15.21000000,29.57680706,28.10217141,29.45372505,28.12958740,0,0
15.22000000,29.60635047,28.12387935,29.42102896,28.07636471,0,0
15.23000000,29.59587361,28.07227140,29.42252039,28.08733802,0,0
15.24000000,29.56468707,27.99414878,29.41145718,28.07481588,0,0
15.25000000,29.53654782,27.94794081,29.28842938,28.06184183,0,0
15.26000000,29.39585660,27.95133016,29.29052906,28.05950754,0,0
15.27000000,29.33369985,27.99181154,29.26638657,28.03685529,0,0
15.28000000,29.38019318,28.07656579,29.21674738,28.02010816,0,0
15.29000000,29.45277650,28.10650528,29.26146564,28.00877951,0,0
15.30000000,29.53353757,28.00432349,29.20360674,27.95799695,0,0
15.31000000,29.47322276,27.91345475,29.17937830,27.94812855,0,0
15.32000000,29.35463364,27.85151052,29.19425282,27.98066270,0,0
15.33000000,29.28659550,27.91476122,29.19253546,27.97442471,0,0
15.34000000,29.30472758,27.98197048,29.15657353,27.90846382,0,0
15.35000000,29.29699347,27.93284224,29.11865477,27.87845639,0,0
15.36000000,29.31173950,27.88062417,29.10958105,27.85480852,0,0
15.37000000,29.32678898,27.82186552,29.08669405,27.80330655,0,0
15.38000000,29.34234528,27.83465912,29.09287236,27.77340688,0,0
15.39000000,29.32159669,27.84066548,29.08792889,27.78295822,0,0
15.40000000,29.22812917,27.81609464,29.09776901,27.74262235,0,0
15.41000000,29.17444496,27.78570879,29.05727740,27.73746587,0,0
15.42000000,29.18320977,27.77112248,29.06362552,27.75331929,0,0
15.43000000,29.21793276,27.81943673,29.02633669,27.74825710,0,0
15.44000000,29.27873896,27.80116269,28.99302902,27.70968656,0,0
15.45000000,29.16817748,27.73172237,28.97760447,27.72435751,0,0
15.46000000,29.07614599,27.65494509,28.90109871,27.72338483,0,0
15.47000000,29.09401524,27.71041125,28.89951864,27.74816730,0,0
15.48000000,29.13984228,27.70390331,28.94009215,27.75449453,0,0
15.49000000,29.13962766,27.65748217,28.85926224,27.67827788,0,0
15.50000000,29.15653031,27.64114850,28.92821856,27.65744121,0,0
15.51000000,29.03472168,27.63346787,28.92874851,27.62763105,0,0
15.52000000,29.05622223,27.64852883,28.94726281,27.65350383,0,0
15.53000000,28.97394200,27.64816311,28.96791475,27.68874995,0,0
15.54000000,28.90532959,27.58673147,28.94215275,27.66045750,0,0
15.55000000,28.89135193,27.49885173,28.81282811,27.62429736,0,0
15.56000000,28.92476462,27.51519301,28.83513322,27.53037835,0,0
15.57000000,29.00228848,27.49302956,28.64436970,27.45253632,0,0
15.58000000,29.07254768,27.53952125,28.65608696,27.45102336,0,0
15.59000000,29.00411214,27.51310431,28.66807208,27.41512630,0,0
15.60000000,28.93486638,27.47453173,28.69135098,27.38267249,0,0
15.61000000,28.82669600,27.45966291,28.71859918,27.36788359,0,0
15.62000000,28.81098908,27.41627713,28.65951238,27.37528580,0,0
15.63000000,28.84692957,27.40372976,28.56955307,27.36200673,0,0
15.64000000,28.80785530,27.44652697,28.63526412,27.37137626,0,0
15.65000000,28.73898709,27.44071671,28.52048098,27.37799257,0,0
15.66000000,28.82772181,27.49200153,28.60689553,27.30587081,0,0
15.67000000,28.91220440,27.40397779,28.45800587,27.38132182,0,0
15.68000000,28.88754822,27.35527632,28.49849028,27.39196012,0,0
15.69000000,28.78965987,27.30495783,28.57616260,27.37288835,0,0
15.70000000,28.57003641,27.30033362,28.53326206,27.33986291,0,0
15.71000000,28.67979129,27.31785230,28.55953260,27.25830961,0,0
15.72000000,28.72774974,27.29571823,28.56049402,27.25309503,0,0
15.73000000,28.78118948,27.25624707,28.51376859,27.25375995,0,0
15.74000000,28.64578478,27.21730648,28.43471003,27.21422248,0,0
15.75000000,28.59877740,27.23913865,28.48352572,27.26663154,0,0
15.76000000,28.61083086,27.21587484,28.39876980,27.25043662,0,0
15.77000000,28.58685917,27.20294786,28.38387383,27.23475647,0,0
15.78000000,28.60604759,27.16468988,28.39669710,27.15000457,0,0
15.79000000,28.60594977,27.07235387,28.41775378,27.14429086,0,0
15.80000000,28.61071479,27.15420813,28.45919123,27.13910274,0,0
15.81000000,28.61965649,27.14486587,28.40593076,27.12917809,0,0
15.82000000,28.51603742,27.17533418,28.56474968,27.04219897,0,0
15.83000000,28.48996181,27.05446765,28.41855780,27.09447212,0,0
15.84000000,28.56574204,27.00937168,28.45084548,27.06818618,0,0
15.85000000,28.57668761,26.99924882,28.24469093,27.09246916,0,0
15.86000000,28.57790253,27.04977048,28.21857444,27.10590170,0,0
15.87000000,28.51939812,27.02109004,28.24139541,27.09328313,0,0
15.88000000,28.41412005,27.02337639,28.23186430,26.96803273,0,0
15.89000000,28.48080060,27.00983238,28.20779282,26.98190303,0,0
15.90000000,28.49856803,26.97571595,28.33819768,26.99064870,0,0
15.91000000,28.45489402,26.97784974,28.19352879,26.94251393,0,0
15.92000000,28.42182289,26.90028170,28.26615324,26.97852681,0,0
15.93000000,28.42819004,26.89071948,28.17441470,26.90308172,0,0
15.94000000,28.42949775,26.93890881,28.09347421,26.81109550,0,0
15.95000000,28.36441405,26.97126186,28.07838953,26.76601172,0,0
15.96000000,28.32318480,26.88329840,27.98912202,26.70843992,0,0
15.97000000,28.27353734,26.85555883,28.05761421,26.72799036,0,0
15.98000000,28.27061440,26.76066671,28.10085934,26.77316418,0,0
15.99000000,28.23572421,26.78050107,28.12246536,26.83134398,0,0
16.00000000,28.24048826,26.78124509,28.07355439,26.85416560,0,0
16.01000000,28.22283709,26.76835991,28.01844403,26.81653572,0,0
16.02000000,28.22610406,26.74871948,28.02370558,26.80132284,0,0
16.03000000,28.16888524,26.68401471,28.07063270,26.80928956,0,0
16.04000000,28.12858183,26.69462099,28.07943296,26.77892237,0,0
16.05000000,28.17338061,26.70775334,28.04143466,26.73497751,0,0
16.06000000,28.16640820,26.73265234,27.99529128,26.67971417,0,0
16.07000000,28.15563875,26.67778711,27.95900618,26.63778626,0,0
16.08000000,28.09902567,26.63670139,27.95389752,26.60586798,0,0
16.09000000,28.05961661,26.62807063,27.96339016,26.59025145,0,0
16.10000000,28.06182668,26.65434341,27.81490110,26.58824977,0,0
16.11000000,28.07324358,26.66617412,27.86859399,26.57482041,0,0
16.12000000,28.06253057,26.63291315,27.86192971,26.61141424,0,0
16.13000000,28.01894207,26.55127216,27.79488827,26.58808678,0,0
16.14000000,27.99463788,26.54324487,27.83198219,26.58265658,0,0
16.15000000,28.00717818,26.55019690,27.84615051,26.58862150,0,0
16.16000000,27.95865420,26.54837557,27.85095902,26.53622808,0,0
16.17000000,27.95666034,26.53285087,27.82548863,26.49642019,0,0
16.18000000,27.95274535,26.49356320,27.77449498,26.47380729,0,0
16.19000000,27.93780112,26.47872590,27.69726863,26.43901123,0,0
16.20000000,27.90798495,26.47712748,27.67467450,26.43486864,0,0
16.21000000,27.88391989,26.46345179,27.68304867,26.43821893,0,0
16.22000000,27.84480901,26.44832187,27.66960986,26.44943109,0,0
16.23000000,27.85527939,26.42278373,27.67339415,26.42346378,0,0
16.24000000,27.86732226,26.38089256,27.63078645,26.37584259,0,0
16.25000000,27.81790910,26.37077807,27.66645587,26.39315606,0,0
16.26000000,27.80068987,26.37684728,27.65606682,26.39425531,0,0
16.27000000,27.80273940,26.38298263,27.63588198,26.32563266,0,0
16.28000000,27.80093981,26.34716110,27.63117779,26.30943607,0,0
16.29000000,27.77406057,26.33744742,27.58286442,26.26675673,0,0
16.30000000,27.75796788,26.28670439,27.60054791,26.26838243,0,0
16.31000000,27.73130911,26.28985051,27.60133470,26.26332281,0,0
16.32000000,27.71643199,26.30271220,27.48023531,26.25079272,0,0
16.33000000,27.72022620,26.28955216,27.45943379,26.22266584,0,0
16.34000000,27.68948600,26.27931512,27.47535738,26.15855115,0,0
16.35000000,27.67737407,26.27225148,27.44335060,26.19668384,0,0
16.36000000,27.65998248,26.21241548,27.46283971,26.22252427,0,0
16.37000000,27.64783825,26.21962549,27.46867429,26.21887752,0,0
16.38000000,27.63965567,26.19305575,27.44494238,26.21495696,0,0
16.39000000,27.58174140,26.16755393,27.39900789,26.16725676,0,0
16.40000000,27.55411044,26.17721377,27.37267159,26.11165657,0,0
16.41000000,27.53322423,26.15009517,27.32250299,26.09650212,0,0
16.42000000,27.56642256,26.12810667,27.31795550,26.05108290,0,0
16.43000000,27.60044314,26.07521632,27.32443300,26.06566852,0,0
16.44000000,27.58024164,26.05331685,27.30157515,26.06533515,0,0
16.45000000,27.45437141,26.02962415,27.27304630,26.05647938,0,0
16.46000000,27.45763220,26.05238440,27.22801872,26.02795614,0,0
16.47000000,27.43449235,26.02391143,27.26197293,25.97208572,0,0
16.48000000,27.50251256,25.97650640,27.30125842,25.96754603,0,0
16.49000000,27.54884854,25.94180283,27.25464850,25.99663729,0,0
16.50000000,27.48063102,25.96758284,27.26524846,25.94107375,0,0
16.51000000,27.42459761,25.97166944,27.21961844,25.89929086,0,0
16.52000000,27.39815254,25.97460516,27.18597343,25.85646300,0,0
16.53000000,27.41062850,25.93784582,27.27887884,25.82661518,0,0
16.54000000,27.38585526,25.88148312,27.15037379,25.84516186,0,0
16.55000000,27.44030102,25.90923489,27.08084468,25.85106449,0,0
16.56000000,27.38052321,25.91863550,27.17024841,25.84327313,0,0
16.57000000,27.41561886,25.91822613,27.13013877,25.79095031,0,0
16.58000000,27.36418346,25.88895655,27.15859295,25.77807298,0,0
16.59000000,27.38820573,25.78182896,27.20421764,25.82382170,0,0
16.60000000,27.34266820,25.86174545,27.12768789,25.81974660,0,0
16.61000000,27.30601042,25.93132151,27.11150592,25.83747533,0,0
16.62000000,27.29267663,25.94048240,27.12167723,25.83329182,0,0
16.63000000,27.32213391,25.86316790,27.07591930,25.73362899,0,0
16.64000000,27.35513595,25.80232561,27.05557305,25.71473695,0,0
16.65000000,27.31411015,25.82443572,27.00844556,25.76437410,0,0
16.66000000,27.33090027,25.83799853,27.05405278,25.70391670,0,0
16.67000000,27.25231723,25.85663083,27.03034004,25.70468509,0,0
16.68000000,27.30638988,25.79768178,27.06156609,25.67480918,0,0
16.69000000,27.27616959,25.74589847,27.03894658,25.67190924,0,0
16.70000000,27.25329988,25.76833891,27.06893669,25.69804100,0,0
16.71000000,27.25723914,25.76326688,26.96800799,25.67268671,0,0
16.72000000,27.32817558,25.82741271,26.97866910,25.70877133,0,0
16.73000000,27.25951668,25.77490317,27.02720114,25.69124360,0,0
16.74000000,27.28648054,25.76928463,26.99742050,25.63330864,0,0
16.75000000,27.25613988,25.71293519,27.07016321,25.63978454,0,0
16.76000000,27.15394861,25.71465747,27.06896082,25.63779398,0,0
16.77000000,27.24116338,25.69557466,26.88841573,25.67483055,0,0
16.78000000,27.21364263,25.71569044,26.98286722,25.62229084,0,0
16.79000000,27.20445080,25.78349365,26.98452410,25.63882525,0,0
16.80000000,27.26807735,25.75576266,26.96222378,25.62728786,0,0
16.81000000,27.26156034,25.80673614,27.05195222,25.57852487,0,0
16.82000000,27.23799229,25.63128141,27.00519404,25.68273932,0,0
16.83000000,27.16070862,25.72375026,27.01783594,25.70983772,0,0
16.84000000,27.12832491,25.75534058,26.96505756,25.68169636,0,0
16.85000000,27.19264515,25.76330165,27.00121284,25.70473881,0,0
16.86000000,27.18441309,25.67130133,26.90456145,25.65206043,0,0
16.87000000,27.16810894,25.63837677,26.89288420,25.62361046,0,0
16.88000000,27.16063138,25.63062224,26.92926008,25.65241376,0,0
16.89000000,27.17833321,25.65082818,26.95857668,25.62214834,0,0
16.90000000,27.18243140,25.73152958,26.95276154,25.57898435,0,0
16.91000000,27.17843218,25.70913147,26.89299460,25.53777761,0,0
16.92000000,27.12037052,25.66264974,26.90042285,25.53392403,0,0
16.93000000,27.15984081,25.65589317,26.90581313,25.54445925,0,0
16.94000000,27.27809112,25.66798442,26.90537276,25.54524925,0,0
16.95000000,27.21742670,25.65379465,26.92763590,25.54746856,0,0
16.96000000,27.16587336,25.61798600,26.90690804,25.56495720,0,0
16.97000000,27.08406356,25.62730656,26.92459475,25.59218446,0,0
16.98000000,27.10579026,25.64413857,26.93302351,25.50887546,0,0
16.99000000,27.17005943,25.57205311,26.84778266,25.48479667,0,0
17.00000000,27.13287521,25.59786793,26.86914847,25.48397693,0,0
17.01000000,27.10118909,25.56841789,26.90781919,25.48858791,0,0
17.02000000,27.10469765,25.59818772,26.80211816,25.48926178,0,0
17.03000000,27.13555214,25.58403590,26.81886969,25.49229564,0,0
17.04000000,27.11513593,25.55202056,26.87005269,25.46477647,0,0
17.05000000,27.05682755,25.55478791,26.93098766,25.45767225,0,0
17.06000000,27.06201346,25.54160543,26.90194580,25.51113838,0,0
17.07000000,27.05937024,25.60486735,26.85199392,25.50143619,0,0
17.08000000,27.05675184,25.54575172,26.82295243,25.52770205,0,0
17.09000000,26.94562635,25.44037314,26.76630092,25.51082998,0,0
17.10000000,26.92216669,25.37722017,26.78489230,25.46736884,0,0
17.11000000,26.97223999,25.45292233,26.80548041,25.42571283,0,0
17.12000000,27.00427590,25.48030802,26.83480227,25.40998960,0,0
17.13000000,27.07287647,25.49305557,26.80070132,25.34705583,0,0
17.14000000,26.98026021,25.50470692,26.79150398,25.38055820,0,0
17.15000000,26.97027799,25.45822826,26.80313370,25.37220477,0,0
17.16000000,27.00519227,25.43485262,26.77850409,25.40780913,0,0
17.17000000,27.02833486,25.46942312,26.80062246,25.41832065,0,0
17.18000000,27.02896910,25.44461055,26.78588903,25.36834445,0,0
17.19000000,26.95256586,25.43888942,26.73627796,25.34337226,0,0
17.20000000,26.91873971,25.43447632,26.77663778,25.36499515,0,0
17.21000000,26.93971686,25.41810361,26.78358991,25.33336381,0,0
17.22000000,26.97404513,25.42151715,26.69423612,25.34259249,0,0
17.23000000,26.94277375,25.42810104,26.69692268,25.32888489,0,0
17.24000000,26.90278433,25.44281465,26.68658799,25.30290447,0,0
17.25000000,26.88761154,25.44357277,26.67402585,25.31555838,0,0
17.26000000,26.92244177,25.45905954,26.71468217,25.30491194,0,0
17.27000000,26.91196713,25.42265839,26.75306071,25.32886349,0,0
17.28000000,26.87838768,25.41612334,26.71926341,25.31940763,0,0
17.29000000,26.82817491,25.39284094,26.67911861,25.27353036,0,0
17.30000000,26.85015304,25.36984746,26.68125095,25.31415864,0,0
17.31000000,26.84803341,25.35355773,26.63807603,25.32301874,0,0
17.32000000,26.82210136,25.40401080,26.61578283,25.30871158,0,0
17.33000000,26.82375733,25.37746779,26.60733617,25.37663698,0,0
17.34000000,26.80511808,25.36058211,26.61293794,25.34984272,0,0
17.35000000,26.80811529,25.36043623,26.60461925,25.31370045,0,0
17.36000000,26.82392413,25.36629956,26.56374397,25.32025302,0,0
17.37000000,26.76300725,25.38581161,26.54666873,25.27080728,0,0
17.38000000,26.77317318,25.37616878,26.57489983,25.24358629,0,0
17.39000000,26.77267329,25.32765086,26.58221009,25.24842805,0,0
17.40000000,26.78277213,25.28114770,26.55126638,25.27066870,0,0
17.41000000,26.78457586,25.30971948,26.52079397,25.26944010,0,0
17.42000000,26.75686918,25.33842313,26.51891645,25.24984074,0,0
17.43000000,26.71439221,25.29772333,26.50801002,25.22879001,0,0
17.44000000,26.72031497,25.29110209,26.54405833,25.25805758,0,0
17.45000000,26.75626649,25.30351282,26.45906296,25.24219663,0,0
17.46000000,26.71419542,25.31408021,26.46722560,25.19124442,0,0
17.47000000,26.62266600,25.27749184,26.47946407,25.19711224,0,0
17.48000000,26.63928465,25.25804202,26.42409664,25.16537731,0,0
17.49000000,26.67936820,25.21520251,26.49876048,25.19256029,0,0
17.50000000,26.72003316,25.25100625,26.52106266,25.18601185,0,0
17.51000000,26.65952883,25.28203285,26.47586880,25.19477981,0,0
17.52000000,26.57818003,25.27661949,26.45075060,25.16221912,0,0
17.53000000,26.57272138,25.27121711,26.41418338,25.13150036,0,0
17.54000000,26.64674067,25.20366882,26.43949149,25.17433446,0,0
17.55000000,26.68967190,25.21875010,26.36705857,25.17895907,0,0
17.56000000,26.65227782,25.23446839,26.39895477,25.18995362,0,0
17.57000000,26.60889885,25.21383437,26.36671219,25.17573553,0,0
17.58000000,26.59307326,25.19488016,26.37825326,25.10335736,0,0
17.59000000,26.62511970,25.16646359,26.37817367,25.07048417,0,0
17.60000000,26.59398097,25.17770024,26.34449486,25.08980226,0,0
17.61000000,26.56664409,25.16989123,26.36167505,25.08078258,0,0
17.62000000,26.58705679,25.18398978,26.36850450,25.11818078,0,0
17.63000000,26.57318276,25.14408022,26.38470592,25.10381618,0,0
17.64000000,26.60712480,25.09798992,26.41449407,25.15647216,0,0
17.65000000,26.55427125,25.08387657,26.31745115,25.11023073,0,0
17.66000000,26.52195474,25.09935181,26.38803106,25.09178919,0,0
17.67000000,26.48968295,25.12773162,26.34802557,25.04843434,0,0
17.68000000,26.56839794,25.14365413,26.22786510,25.07002079,0,0
17.69000000,26.53416613,25.08767314,26.30230257,25.04985416,0,0
17.70000000,26.53487621,25.10257354,26.28015118,25.01907462,0,0
17.71000000,26.48281940,25.10056596,26.24515643,25.00286944,0,0
17.72000000,26.43578867,25.09947108,26.28922120,25.00838541,0,0
17.73000000,26.42992870,25.08567875,26.31919699,25.00945413,0,0
17.74000000,26.47137541,25.06719820,26.33355580,24.98788017,0,0
17.75000000,26.53879332,25.05315262,26.27488048,24.99216250,0,0
17.76000000,26.50979302,25.03933874,26.24317883,24.97998930,0,0
17.77000000,26.44760831,25.10804094,26.23780733,24.95876651,0,0
17.78000000,26.38222745,25.09583139,26.23054376,24.96689309,0,0
17.79000000,26.45355740,25.06276307,26.20783114,25.02892892,0,0
17.80000000,26.44405983,25.06279315,26.23653092,24.99185444,0,0
17.81000000,26.50458275,25.00103458,26.16686631,25.00839188,0,0
17.82000000,26.39430656,24.97951686,26.24132670,24.97792170,0,0
17.83000000,26.35497401,25.04421695,26.13814734,24.88850121,0,0
17.84000000,26.36580782,25.00897672,26.25133329,24.90472693,0,0
17.85000000,26.42639202,25.03791578,26.10514801,24.89367379,0,0
17.86000000,26.40952660,24.97365851,26.22436293,24.88745140,0,0
17.87000000,26.42480824,24.99575636,26.21592602,24.92458637,0,0
17.88000000,26.37360840,24.97157933,26.15456267,24.90789660,0,0
17.89000000,26.32711651,24.97536178,26.15941974,24.94241467,0,0
17.90000000,26.35436699,24.92611991,26.16357151,24.90401850,0,0
17.91000000,26.40986468,24.95262221,26.07128659,24.88941530,0,0
17.92000000,26.40967625,24.91708665,26.13062615,24.91363134,0,0
17.93000000,26.35306702,24.94132243,26.12734985,24.92817439,0,0
17.94000000,26.30255306,24.94737773,26.10213099,24.89562140,0,0
17.95000000,26.33206337,24.97616011,26.08037470,24.89647301,0,0
17.96000000,26.32221106,24.94057831,26.20347107,24.85191274,0,0
17.97000000,26.35757669,24.90883266,26.18081805,24.86906793,0,0
17.98000000,26.33136917,24.91606400,26.16355935,24.86527301,0,0
17.99000000,26.31590440,24.94206857,26.09888173,24.86534095,0,0
18.00000000,26.29797874,24.97511207,26.09290632,24.88786715,0,0
18.01000000,26.27273046,24.96857211,26.06917537,24.83638103,0,0
18.02000000,26.32213263,24.85562627,26.11723692,24.83930324,0,0
18.03000000,26.36417871,24.86417751,26.12427002,24.87662120,0,0
18.04000000,26.36752034,24.90453901,26.09287722,24.85711087,0,0
18.05000000,26.30818681,24.95531969,26.04448294,24.88177148,0,0
18.06000000,26.22601030,24.94834188,25.99565553,24.86039392,0,0
18.07000000,26.23299354,24.86211540,26.05372833,24.82030789,0,0
18.08000000,26.33005722,24.84158259,26.10438392,24.78896998,0,0
18.09000000,26.34975092,24.88944132,26.08476135,24.83172973,0,0
18.10000000,26.30379584,24.93877524,26.08256660,24.79894386,0,0
18.11000000,26.23346046,24.91197323,26.01418941,24.78791310,0,0
18.12000000,26.20605250,24.80822507,26.05315292,24.77541740,0,0
18.13000000,26.28640404,24.81304607,26.12714247,24.76658275,0,0
18.14000000,26.36177424,24.86138478,26.01331650,24.78189524,0,0
18.15000000,26.33658036,24.86818286,26.00922733,24.76463758,0,0
18.16000000,26.26805031,24.87502207,25.97855397,24.75038550,0,0
18.17000000,26.22633149,24.90183920,25.98424917,24.81063450,0,0
18.18000000,26.26343975,24.90431443,26.01262154,24.75712770,0,0
18.19000000,26.22592791,24.83964596,26.04619504,24.72223925,0,0
18.20000000,26.20916267,24.81074654,26.02874296,24.73758404,0,0
18.21000000,26.21558303,24.77900084,26.02369401,24.73758529,0,0
18.22000000,26.22485591,24.80353348,26.00791253,24.74209764,0,0
18.23000000,26.21944349,24.85589230,26.02078027,24.75549091,0,0
18.24000000,26.17675377,24.85612022,25.99538652,24.77012916,0,0
18.25000000,26.20139407,24.83437854,25.98360470,24.71928795,0,0
18.26000000,26.21980830,24.77872550,25.98383100,24.71733407,0,0
18.27000000,26.26013123,24.75465292,25.97481444,24.73550131,0,0
18.28000000,26.23339069,24.80015972,25.98145629,24.73516604,0,0
18.29000000,26.17552594,24.80269447,25.96044848,24.74313871,0,0
18.30000000,26.17763067,24.74137719,25.97638939,24.74657017,0,0
18.31000000,26.23409501,24.73461873,26.00741026,24.74600012,0,0
18.32000000,26.21618163,24.73621230,25.99873544,24.70292606,0,0
18.33000000,26.21366362,24.76385852,25.96904529,24.69100994,0,0
18.34000000,26.16885186,24.75873510,25.94784667,24.70588064,0,0
18.35000000,26.15413485,24.74244211,25.97343825,24.65760274,0,0
18.36000000,26.18067310,24.68818156,26.00220993,24.65343457,0,0
18.37000000,26.19833378,24.71163166,25.97198370,24.64145859,0,0
18.38000000,26.17278041,24.74660579,25.87992438,24.65519290,0,0
18.39000000,26.19380285,24.72853726,25.91929814,24.65695359,0,0
18.40000000,26.21606074,24.69949833,25.89805197,24.62879387,0,0
18.41000000,26.22756070,24.67011972,25.91133180,24.62139707,0,0
18.42000000,26.16343383,24.68885311,25.94855713,24.67667561,0,0
18.43000000,26.09424974,24.72953470,25.95380834,24.63900663,0,0
18.44000000,26.11316161,24.73983836,25.94521393,24.60722987,0,0
18.45000000,26.14154902,24.71001084,25.94634562,24.60510582,0,0
18.46000000,26.17374954,24.67109477,25.92284850,24.58430899,0,0
18.47000000,26.14140918,24.65612390,25.93733157,24.58399784,0,0
18.48000000,26.11271449,24.66738135,25.92779439,24.58685106,0,0
18.49000000,26.14058099,24.67732522,25.90881806,24.54154308,0,0
18.50000000,26.11095256,24.72352071,25.93823713,24.53617662,0,0
18.51000000,26.15718777,24.69100981,25.90650631,24.49962557,0,0
18.52000000,26.05081180,24.65073199,25.89315340,24.58812380,0,0
18.53000000,26.05859514,24.67543450,25.85111254,24.61381703,0,0
18.54000000,26.12616375,24.65221091,25.90180164,24.60545520,0,0
18.55000000,26.18643876,24.62814065,25.88693048,24.61940186,0,0
18.56000000,26.14363173,24.61758889,25.87438569,24.60482577,0,0
18.57000000,26.08564642,24.65454908,25.90598133,24.53728767,0,0
18.58000000,26.04895995,24.67688765,25.88510204,24.53390230,0,0
18.59000000,26.02884903,24.67874329,25.84038387,24.56599608,0,0
18.60000000,26.05869874,24.64022395,25.94361494,24.51086214,0,0
18.61000000,26.12665185,24.60022642,25.83696668,24.55321258,0,0
18.62000000,26.09394714,24.60766381,25.74653645,24.55238119,0,0
18.63000000,26.08519066,24.64067919,25.85647394,24.55579890,0,0
18.64000000,26.05264271,24.58829959,25.77144241,24.56772972,0,0
18.65000000,26.08058935,24.57708746,25.83214704,24.50577346,0,0
18.66000000,26.05069194,24.57688478,25.85712136,24.54793759,0,0
18.67000000,26.08760301,24.58757691,25.86453674,24.57028254,0,0
18.68000000,25.96182229,24.61789579,25.83118067,24.46427057,0,0
18.69000000,26.04298524,24.64954045,25.81810674,24.48785496,0,0
18.70000000,25.96842007,24.58158641,25.80250810,24.45886759,0,0
18.71000000,26.02623680,24.55048493,25.80449043,24.48443682,0,0
18.72000000,26.02033848,24.56026510,25.76239487,24.47933941,0,0
18.73000000,26.01530992,24.57849745,25.81955109,24.47748617,0,0
18.74000000,26.04532493,24.54993760,25.81471716,24.49017278,0,0
18.75000000,26.00451743,24.60686394,25.81070977,24.41557450,0,0
18.76000000,25.96278445,24.55505046,25.73078976,24.45738164,0,0
18.77000000,26.01483646,24.50171472,25.72344698,24.52034308,0,0
18.78000000,26.05437503,24.56764363,25.82372166,24.50328669,0,0
18.79000000,25.94015428,24.57137949,25.74474816,24.49568411,0,0
18.80000000,25.95980078,24.52003787,25.80865012,24.50288706,0,0
18.81000000,25.95111433,24.49255188,25.79751408,24.44188976,0,0
18.82000000,25.98935173,24.53420070,25.72471694,24.40428038,0,0
18.83000000,25.99976732,24.53152922,25.75236223,24.44380088,0,0
18.84000000,25.95869122,24.52260544,25.76023551,24.40342181,0,0
18.85000000,25.95726748,24.50930723,25.62353867,24.43097425,0,0
18.86000000,25.96416867,24.48396429,25.71397609,24.39801748,0,0
18.87000000,25.97128045,24.48386215,25.65489141,24.43046684,0,0
18.88000000,25.92611321,24.46818771,25.70113518,24.44665324,0,0
18.89000000,25.85614680,24.38616367,25.71927649,24.43551175,0,0
18.90000000,25.82153044,24.36767808,25.77801320,24.38782388,0,0
18.91000000,25.88641068,24.34639401,25.70872134,24.40301652,0,0
18.92000000,25.89976037,24.45108092,25.70825662,24.36626818,0,0
18.93000000,25.88721743,24.46625952,25.63857437,24.32396475,0,0
18.94000000,25.82516452,24.46606495,25.65542057,24.29467423,0,0
18.95000000,25.87414329,24.40337038,25.64098675,24.34408900,0,0
18.96000000,25.92020569,24.37682358,25.62664929,24.33207766,0,0
18.97000000,25.91509670,24.42781498,25.63545846,24.29891854,0,0
18.98000000,25.86110396,24.41951024,25.63080228,24.33236405,0,0
18.99000000,25.78937732,24.45251549,25.67822067,24.29248917,0,0
19.00000000,25.78552661,24.41900938,25.60865797,24.26719196,0,0
19.01000000,25.89292086,24.40327141,25.67593424,24.27747982,0,0
19.02000000,25.85126252,24.38036565,25.63940548,24.35689904,0,0
19.03000000,25.86229096,24.38598423,25.58423802,24.33678564,0,0
19.04000000,25.78877067,24.36962333,25.55658112,24.36457548,0,0
19.05000000,25.79920864,24.33098622,25.56704109,24.34182217,0,0
19.06000000,25.77076141,24.35381294,25.51134467,24.29274103,0,0
19.07000000,25.82611696,24.34704648,25.62129583,24.25650791,0,0
19.08000000,25.81678552,24.35746588,25.56176935,24.27043847,0,0
19.09000000,25.74981551,24.32868819,25.54052652,24.22119080,0,0
19.10000000,25.75615799,24.29885178,25.55260262,24.23621219,0,0
19.11000000,25.76152126,24.29234225,25.53841672,24.24543764,0,0
19.12000000,25.77217393,24.30060467,25.52955793,24.23912014,0,0
19.13000000,25.74951233,24.29298226,25.54203512,24.24961422,0,0
19.14000000,25.72826621,24.25266576,25.54859462,24.24682689,0,0
19.15000000,25.77552780,24.30197268,25.53644953,24.20368972,0,0
19.16000000,25.80007660,24.32361140,25.51182842,24.23768574,0,0
19.17000000,25.76788143,24.29526575,25.48181270,24.21026724,0,0
19.18000000,25.70873828,24.25795153,25.44460527,24.18843949,0,0
19.19000000,25.67399418,24.24529925,25.46883665,24.17957075,0,0
19.20000000,25.68475418,24.24247229,25.49994449,24.15188849,0,0
19.21000000,25.75507417,24.27462640,25.50187948,24.16332623,0,0
19.22000000,25.71086935,24.25699286,25.49230773,24.17234643,0,0
19.23000000,25.65629277,24.23106999,25.44904262,24.15610007,0,0
19.24000000,25.64851545,24.24165438,25.43596036,24.14893555,0,0
19.25000000,25.69792845,24.24259013,25.49882106,24.10199350,0,0
19.26000000,25.71253993,24.22220689,25.49472118,24.10044118,0,0
19.27000000,25.69939378,24.23350025,25.45002695,24.17277185,0,0
19.28000000,25.64403837,24.21318594,25.45195501,24.16306356,0,0
19.29000000,25.60068954,24.17514082,25.42713191,24.18588661,0,0
19.30000000,25.62697846,24.21859188,25.41993492,24.16668138,0,0
19.31000000,25.69080995,24.19401462,25.48965016,24.09984864,0,0
19.32000000,25.66357164,24.19724886,25.43485402,24.07310832,0,0
19.33000000,25.62500730,24.18257486,25.35929865,24.10085241,0,0
19.34000000,25.61335733,24.17702675,25.38381252,24.09816823,0,0
19.35000000,25.63261602,24.19147627,25.35939183,24.08314515,0,0
19.36000000,25.62533194,24.17213603,25.35756615,24.07015681,0,0
19.37000000,25.59187416,24.14656058,25.38984727,24.05814811,0,0
19.38000000,25.57718127,24.09706584,25.41490414,24.08908870,0,0
19.39000000,25.58123807,24.08824308,25.40571782,24.08974846,0,0
19.40000000,25.57950496,24.13190954,25.38779550,24.05805618,0,0
19.41000000,25.53136624,24.13610014,25.36208952,24.04606692,0,0
19.42000000,25.54510484,24.12385789,25.35694343,24.04774985,0,0
19.43000000,25.55598496,24.11307319,25.31897916,24.02916033,0,0
19.44000000,25.59589998,24.07738308,25.34018299,24.04226371,0,0
19.45000000,25.58807135,24.08395851,25.32288935,23.99886166,0,0
19.46000000,25.54354010,24.06791357,25.27299513,23.98522333,0,0
19.47000000,25.47181914,24.04739983,25.26531512,23.92018543,0,0
19.48000000,25.53745914,24.10491477,25.26001266,23.88494126,0,0
19.49000000,25.56847656,24.05651593,25.33394183,23.91286323,0,0
19.50000000,25.53448923,24.06615569,25.33445349,23.90103442,0,0
19.51000000,25.49191240,24.00644450,25.32599882,23.91858512,0,0
19.52000000,25.45450464,24.05067375,25.32007529,23.99796705,0,0
19.53000000,25.43350830,24.07378639,25.28012858,24.03251439,0,0
19.54000000,25.48649064,24.03671312,25.25353337,23.98981579,0,0
19.55000000,25.49106252,24.04359136,25.33798420,24.01314799,0,0
19.56000000,25.47478982,23.99010591,25.21647575,23.98641256,0,0
19.57000000,25.47417574,24.00393086,25.16501729,23.95630925,0,0
19.58000000,25.46092837,24.00195494,25.24128040,23.93573542,0,0
19.59000000,25.46802128,24.05559913,25.16567001,23.91893249,0,0
19.60000000,25.45344441,23.99370263,25.20402675,23.87343775,0,0
19.61000000,25.39835997,23.97531225,25.23959924,23.88483405,0,0
19.62000000,25.35207722,23.94412062,25.25118585,23.89859883,0,0
19.63000000,25.40784824,23.97692852,25.19047880,23.88126032,0,0
19.64000000,25.39845798,23.94663084,25.21289965,23.88937098,0,0
19.65000000,25.38603125,23.94835708,25.14774190,23.88672267,0,0
19.66000000,25.43363101,23.91273239,25.18527248,23.84760539,0,0
19.67000000,25.40932825,23.96767853,25.11700717,23.94672081,0,0
19.68000000,25.41810444,23.92642019,25.16851140,23.87517659,0,0
19.69000000,25.41316281,23.91308018,25.17191740,23.86105442,0,0
19.70000000,25.28862425,23.90841606,25.21341568,23.81643337,0,0
19.71000000,25.31584242,23.91352894,25.16247035,23.81370284,0,0
19.72000000,25.37556258,23.89766991,25.15587289,23.82200938,0,0
19.73000000,25.39535333,23.92851363,25.17014367,23.82530670,0,0
19.74000000,25.38220165,23.87795355,25.17491763,23.80131884,0,0
19.75000000,25.39101848,23.89753252,25.13872135,23.80962680,0,0
19.76000000,25.27143468,23.89922972,25.11719268,23.74991497,0,0
19.77000000,25.28337854,23.86807088,25.10485720,23.81480988,0,0
19.78000000,25.32349420,23.90687112,25.01143313,23.86053537,0,0
19.79000000,25.32075324,23.90033583,25.18433912,23.81777177,0,0
19.80000000,25.29175564,23.87069173,25.07822621,23.84927940,0,0
19.81000000,25.25969251,23.82007144,25.00354524,23.79607877,0,0
19.82000000,25.27424734,23.86172281,25.06420522,23.76710317,0,0
19.83000000,25.31831979,23.84841684,25.03017122,23.77265124,0,0
19.84000000,25.28731913,23.81629506,25.00647113,23.77393845,0,0
19.85000000,25.22955825,23.82485688,25.04924505,23.71938056,0,0
19.86000000,25.19207012,23.82611415,25.07545066,23.73267168,0,0
19.87000000,25.24279162,23.82146994,25.04508201,23.72059646,0,0
19.88000000,25.27762358,23.78399905,25.02507001,23.75817746,0,0
19.89000000,25.20965940,23.74362301,24.99601437,23.74522593,0,0
19.90000000,25.19575350,23.75555166,25.01237518,23.71795249,0,0
19.91000000,25.19072134,23.81040071,25.03512562,23.67875773,0,0
19.92000000,25.25889732,23.84169954,25.04631694,23.69828533,0,0
19.93000000,25.26995712,23.81375681,25.04651663,23.73048022,0,0
19.94000000,25.24088250,23.72411714,25.02035070,23.66265952,0,0
19.95000000,25.19824899,23.76177559,25.00800704,23.68706630,0,0
19.96000000,25.21659927,23.77732921,24.96083862,23.65320990,0,0
19.97000000,25.25471924,23.79757462,24.96517179,23.64444291,0,0
19.98000000,25.22207327,23.80736184,24.96957081,23.63189938,0,0
19.99000000,25.26093708,23.76599641,24.93820653,23.61761007,0,0
20.00000000,25.14966164,23.73600739,24.91919194,23.65065955,0,0
20.01000000,25.12622582,23.77146735,24.94101166,23.63712989,0,0
20.02000000,25.16413071,23.75495128,24.88253338,23.58559486,0,0
20.03000000,25.22583909,23.71634493,25.02596703,23.62729098,0,0
20.04000000,25.22726241,23.71994364,24.95320508,23.68043242,0,0
20.05000000,25.17738101,23.74132595,24.87048905,23.67151280,0,0
20.06000000,25.13633229,23.73867610,24.87854388,23.70073735,0,0
20.07000000,25.14397629,23.74155192,24.86857546,23.67571644,0,0
20.08000000,25.17136174,23.74929792,24.88370349,23.60912497,0,0
20.09000000,25.13723750,23.69935997,24.93865803,23.61920774,0,0
20.10000000,25.12577794,23.67053551,24.96894318,23.63200392,0,0
20.11000000,25.12210340,23.70228253,24.97800757,23.63367847,0,0
20.12000000,25.13862921,23.71075645,24.93228948,23.60781408,0,0
20.13000000,25.13497596,23.66308452,24.92549820,23.61076795,0,0
20.14000000,25.12673640,23.63923236,24.90421853,23.62249353,0,0
20.15000000,25.17112961,23.70144799,24.90681694,23.62039103,0,0
20.16000000,25.26741058,23.76156570,24.88873388,23.61219515,0,0
20.17000000,25.24521781,23.80333874,24.91727198,23.59188650,0,0
20.18000000,25.17037203,23.74954305,24.90589050,23.58909547,0,0
20.19000000,25.05854684,23.70430935,24.88403526,23.57121465,0,0
20.20000000,25.14835486,23.71748005,24.85815083,23.54135189,0,0
20.21000000,25.21274101,23.71619770,24.87528599,23.53677412,0,0
20.22000000,25.20520009,23.71262668,24.96190883,23.54576272,0,0
20.23000000,25.14690317,23.70272920,24.96977388,23.58645342,0,0
20.24000000,25.13396145,23.69297749,24.94151345,23.58885445,0,0
20.25000000,25.14654449,23.71747432,24.95344104,23.57155807,0,0
20.26000000,25.18189600,23.76298668,24.92347343,23.60051245,0,0
20.27000000,25.20412423,23.76897023,24.94295748,23.57386945,0,0
20.28000000,25.16316669,23.72598357,24.99212469,23.56147692,0,0
20.29000000,25.16319512,23.75502005,24.91670727,23.61742183,0,0
20.30000000,25.16801241,23.79780869,24.82223663,23.64655621,0,0
20.31000000,25.19173455,23.80782939,24.85437769,23.65025605,0,0
20.32000000,25.25846733,23.82366163,24.90328223,23.65873123,0,0
20.33000000,25.28562731,23.83759786,24.90978700,23.63519815,0,0
20.34000000,25.30157240,23.87034826,24.96372755,23.58384083,0,0
20.35000000,25.25991750,23.87734629,24.94532804,23.62356545,0,0
20.36000000,25.28178069,23.91749177,24.95130623,23.66006784,0,0
20.37000000,25.27031943,23.91172383,24.98801016,23.63713567,0,0
20.38000000,25.30304515,23.88068406,24.98916536,23.65248927,0,0
20.39000000,25.34225741,23.90157060,25.01090412,23.66524014,0,0
20.40000000,25.33939832,23.92609329,24.98334667,23.69259270,0,0
20.41000000,25.39436975,23.94234396,24.99040938,23.70082597,0,0
20.42000000,25.36796466,23.95857498,25.05308490,23.69546006,0,0
20.43000000,25.34157854,23.97749846,25.06776706,23.71038571,0,0
20.44000000,25.41498696,23.98083042,25.09362150,23.79284827,0,0
20.45000000,25.44677137,24.02145870,25.03543824,23.79483386,0,0
20.46000000,25.45345369,24.05335255,25.12283654,23.77295820,0,0
20.47000000,25.44669989,24.03207651,25.17349351,23.77399414,0,0
20.48000000,25.45182470,23.99688068,25.21356915,23.78009804,0,0
20.49000000,25.47654671,24.04459000,25.23908064,23.82945808,0,0
20.50000000,25.53586548,24.13066368,25.23515515,23.84988912,0,0
20.51000000,25.59456003,24.16626634,25.17553960,23.87416705,0,0
20.52000000,25.58595082,24.17478265,25.25196778,23.89129540,0,0
20.53000000,25.59446546,24.17212706,25.25553067,23.85338291,0,0
20.54000000,25.61729562,24.23180204,25.16273782,23.89134478,0,0
20.55000000,25.64026927,24.26295818,25.26578320,24.00082311,0,0
20.56000000,25.68588914,24.28549505,25.27783578,24.03348147,0,0
20.57000000,25.66479965,24.23692005,25.31718761,24.05605393,0,0
20.58000000,25.68497802,24.25165830,25.40751780,24.12775511,0,0
20.59000000,25.70079784,24.32964169,25.45197296,24.06462263,0,0
20.60000000,25.78028875,24.37897225,25.50494796,24.09602608,0,0
20.61000000,25.83086277,24.41800332,25.53819196,24.12465304,0,0
20.62000000,25.84892907,24.39462157,25.51934144,24.13984927,0,0
20.63000000,25.85781113,24.36757318,25.52282845,24.18674906,0,0
20.64000000,25.83761222,24.44116792,25.53844629,24.20653867,0,0
20.65000000,25.85313461,24.40997228,25.57497668,24.27985398,0,0
20.66000000,25.86334284,24.46856762,25.63868459,24.27019639,0,0
20.67000000,25.91186771,24.45609026,25.66241091,24.24476375,0,0
20.68000000,26.03355030,24.52839203,25.70354079,24.27955280,0,0
20.69000000,26.01812282,24.53446713,25.69588452,24.29364700,0,0
20.70000000,26.07461367,24.57428396,25.77926958,24.38243845,0,0
20.71000000,26.06511187,24.60973941,25.81708911,24.35005352,0,0
20.72000000,26.04243121,24.61383857,25.81948800,24.34063462,0,0
20.73000000,26.08807496,24.62870183,25.79310088,24.38836595,0,0
20.74000000,26.15722220,24.66213793,25.86549191,24.40137690,0,0
20.75000000,26.22993462,24.67843479,25.77226474,24.43207713,0,0
20.76000000,26.18720310,24.71429503,26.01265965,24.46806720,0,0
20.77000000,26.22542215,24.78820393,25.89127473,24.50315309,0,0
20.78000000,26.22486096,24.70912367,25.89525880,24.49660864,0,0
20.79000000,26.33405584,24.82421695,25.98795170,24.55835364,0,0
20.80000000,26.28366173,24.83154058,25.97843680,24.65877249,0,0
20.81000000,26.30904456,24.83063684,26.00700944,24.64969755,0,0
20.82000000,26.34348102,24.85275938,26.06600333,24.67564295,0,0
20.83000000,26.42082162,24.86416784,26.09039494,24.68049721,0,0
20.84000000,26.41771297,24.91128544,26.15070429,24.63441756,0,0
20.85000000,26.39832536,24.97545059,26.13750774,24.63295566,0,0
20.86000000,26.42886365,25.00302279,26.16183494,24.67393927,0,0
20.87000000,26.51097730,24.99017322,26.14988508,24.72091229,0,0
20.88000000,26.53881275,24.95462268,26.16891659,24.75869635,0,0
20.89000000,26.49005571,24.99696705,26.24370618,24.75921546,0,0
20.90000000,26.50413702,25.05772542,26.23097733,24.81392702,0,0
20.91000000,26.61374825,25.08995030,26.28674907,24.85268274,0,0
20.92000000,26.69671107,25.13532290,26.29018217,24.80636390,0,0
20.93000000,26.69688081,25.10610857,26.41305497,24.85118428,0,0
20.94000000,26.68618653,25.05810903,26.46647173,24.90069903,0,0
20.95000000,26.64143393,25.11690712,26.48638478,24.93955140,0,0
20.96000000,26.67321041,25.21542904,26.48554417,24.94116376,0,0
20.97000000,26.74985029,25.24622811,26.49957299,24.95838793,0,0
20.98000000,26.78547324,25.25705806,26.45819978,24.98189188,0,0
20.99000000,26.80770376,25.25512867,26.57469672,25.01808684,0,0
21.00000000,26.86426111,25.31100891,26.52163285,25.03844286,0,0
21.01000000,26.81946007,25.35407749,26.48955485,25.06121717,0,0
21.02000000,26.88046156,25.33677543,26.54084661,25.08625485,0,0
21.03000000,26.88321162,25.38400285,26.55570842,25.08310231,0,0
21.04000000,26.95917271,25.43214492,26.61949755,25.15865719,0,0
21.05000000,26.96817678,25.46917980,26.65563400,25.20151914,0,0
21.06000000,26.98979358,25.42873140,26.68986612,25.21788035,0,0
21.07000000,26.95988746,25.46932168,26.70243686,25.24795662,0,0
21.08000000,27.03395878,25.51897744,26.73137456,25.27324848,0,0
21.09000000,27.09149184,25.54690085,26.75661415,25.25698852,0,0
21.10000000,27.09824622,25.59637027,26.74484708,25.29613757,0,0
21.11000000,27.07569264,25.59100097,26.77908073,25.29306234,0,0
21.12000000,27.03957173,25.58851277,26.82709683,25.31451669,0,0
21.13000000,27.11806199,25.59439388,26.87085573,25.36106918,0,0
21.14000000,27.22114765,25.57244624,26.90085295,25.38524169,0,0
21.15000000,27.24064198,25.61229301,26.87734636,25.42847795,0,0
21.16000000,27.23616895,25.67747087,26.91731145,25.42102046,0,0
21.17000000,27.23722749,25.72541924,26.94695206,25.44677310,0,0
21.18000000,27.26231275,25.74502833,27.00983512,25.52923021,0,0
21.19000000,27.31730971,25.73871516,27.05093134,25.55982910,0,0
21.20000000,27.33846047,25.75071249,27.04149378,25.57291183,0,0
21.21000000,27.35429756,25.75264255,27.05520848,25.59561040,0,0
21.22000000,27.40152980,25.82918288,27.11080727,25.57766336,0,0
21.23000000,27.43256159,25.90093446,27.10821300,25.57848848,0,0
21.24000000,27.48934618,25.88490479,27.17268353,25.58885231,0,0
21.25000000,27.49522014,25.88270133,27.24452137,25.64324158,0,0
21.26000000,27.53017345,25.89042518,27.22401701,25.67358847,0,0
21.27000000,27.56902745,25.97379742,27.25391077,25.65582319,0,0
21.28000000,27.55582625,26.06864065,27.29759811,25.70842379,0,0
21.29000000,27.55466029,26.03535983,27.32883396,25.73335965,0,0
21.30000000,27.57722606,25.99149355,27.33842245,25.75672343,0,0
21.31000000,27.67756327,26.02484550,27.34303103,25.81080634,0,0
21.32000000,27.71164054,26.10138331,27.33550524,25.80667306,0,0
21.33000000,27.70499470,26.12818818,27.31840268,25.78444274,0,0
21.34000000,27.68140945,26.12081323,27.36333816,25.81835484,0,0
21.35000000,27.72135669,26.11579505,27.42963866,25.84191865,0,0
21.36000000,27.81348121,26.11233221,27.44383897,25.84135802,0,0
21.37000000,27.87253347,26.16429728,27.44326410,25.90464726,0,0
21.38000000,27.88483900,26.20105726,27.48207886,25.91995288,0,0
21.39000000,27.90100808,26.23486430,27.55840989,25.96469504,0,0
21.40000000,27.88742089,26.23141752,27.62080713,25.97916948,0,0
21.41000000,27.90375854,26.25998833,27.65611545,26.01429396,0,0
21.42000000,27.97128445,26.29536657,27.66804382,26.07465630,0,0
21.43000000,27.97739928,26.32935103,27.66564096,26.10231381,0,0
21.44000000,28.00516734,26.35795358,27.73890735,26.12714684,0,0
21.45000000,28.02852347,26.33825521,27.71580243,26.10581543,0,0
21.46000000,28.08943472,26.38742530,27.71031254,26.14298363,0,0
21.47000000,28.11696222,26.41530506,27.77572195,26.17213410,0,0
21.48000000,28.13455286,26.47806443,27.77158637,26.16917777,0,0
21.49000000,28.15707434,26.50661781,27.85413616,26.18818751,0,0
21.50000000,28.19892915,26.50960664,27.93399703,26.21960576,0,0
21.51000000,28.22644823,26.54225277,27.92896194,26.23705167,0,0
21.52000000,28.24010305,26.54191126,27.90970320,26.30325838,0,0
21.53000000,28.27756783,26.57319254,27.92311742,26.31851154,0,0
21.54000000,28.32153435,26.57988027,27.93677122,26.37198607,0,0
21.55000000,28.34029517,26.66848113,27.95636422,26.40339559,0,0
21.56000000,28.31193964,26.67858761,28.04132269,26.36981816,0,0
21.57000000,28.33540648,26.69184286,28.04094456,26.36070262,0,0
21.58000000,28.39929696,26.71641665,28.08958253,26.42250594,0,0
21.59000000,28.42826036,26.78323547,28.11152087,26.40164195,0,0
21.60000000,28.47988072,26.74086891,28.15647711,26.47719220,0,0
21.61000000,28.50123056,26.74145162,28.22618024,26.53102479,0,0
21.62000000,28.47972820,26.81289952,28.17525690,26.54176817,0,0
21.63000000,28.55075778,26.86901246,28.21995369,26.52496611,0,0
21.64000000,28.52750664,26.88567323,28.23843215,26.51813193,0,0
21.65000000,28.60538846,26.88319724,28.22121023,26.58114736,0,0
21.66000000,28.65789728,26.88997400,28.35323716,26.57819852,0,0
21.67000000,28.70872406,26.90256124,28.21293682,26.57352223,0,0
21.68000000,28.68822615,26.99091263,28.28286251,26.57759052,0,0
21.69000000,28.65602770,27.00060485,28.37876353,26.64023114,0,0
21.70000000,28.70117566,26.99396505,28.36966101,26.65491127,0,0
21.71000000,28.74710022,27.02946637,28.48498980,26.73209447,0,0
21.72000000,28.77999639,26.98655029,28.51913425,26.78678544,0,0
21.73000000,28.74434003,27.10021619,28.52452331,26.72345492,0,0
21.74000000,28.79784687,27.14233883,28.51222971,26.79229269,0,0
21.75000000,28.87791179,27.10421311,28.56326075,26.91267019,0,0
21.76000000,28.98894531,27.17205947,28.54008263,26.89519433,0,0
21.77000000,28.91425286,27.10745377,28.57974146,27.01476724,0,0
21.78000000,28.84772825,27.24673470,28.61375695,26.97856156,0,0
21.79000000,28.92914960,27.24612463,28.67790684,26.96903779,0,0
21.80000000,28.99511910,27.30927393,28.69959341,27.01714452,0,0
21.81000000,29.06284213,27.33736913,28.67105758,26.99481805,0,0
21.82000000,29.04880929,27.27482660,28.76359672,27.00903132,0,0
21.83000000,29.01550662,27.26750178,28.77424432,27.07233780,0,0
21.84000000,29.11743172,27.36298620,28.79072107,27.11852211,0,0
21.85000000,29.13489060,27.47690016,28.87040424,27.12525575,0,0
21.86000000,29.17502130,27.45255092,28.77750161,27.13214777,0,0
21.87000000,29.20547163,27.44427533,28.92504539,27.12929972,0,0
21.88000000,29.25388573,27.44297435,28.85195956,27.20666023,0,0
21.89000000,29.29128534,27.50523401,28.89499750,27.19935049,0,0
21.90000000,29.24914483,27.55222792,28.98961268,27.19300408,0,0
21.91000000,29.26812771,27.57530137,28.95534437,27.23943342,0,0
21.92000000,29.33671507,27.57429371,29.01923774,27.25716205,0,0
21.93000000,29.38943696,27.65052911,29.04832881,27.29282252,0,0
21.94000000,29.38440876,27.62507521,29.07256934,27.37608942,0,0
21.95000000,29.39572968,27.65247862,29.11147188,27.36454507,0,0
21.96000000,29.40227585,27.75730048,29.13263263,27.40513611,0,0
21.97000000,29.44161840,27.77455368,29.16449482,27.46083482,0,0
21.98000000,29.47559771,27.78481068,29.14896922,27.47574687,0,0
21.99000000,29.53637087,27.78626519,29.18537166,27.52407057,0,0
22.00000000,29.59149031,27.81862073,29.22901479,27.56022935,0,0
22.01000000,29.56480464,27.84577359,29.24367769,27.54481012,0,0
22.02000000,29.59552731,27.87248319,29.24332215,27.55679262,0,0
22.03000000,29.59732230,27.88740558,29.29686158,27.58838460,0,0
22.04000000,29.62176392,27.93062395,29.30545059,27.58826313,0,0
22.05000000,29.67906406,27.94387016,29.35612166,27.62510799,0,0
22.06000000,29.68391972,28.00491494,29.45176739,27.74477130,0,0
22.07000000,29.71919690,28.05276107,29.51683476,27.77765680,0,0
22.08000000,29.75065733,28.04593276,29.55422578,27.76727995,0,0
22.09000000,29.82768175,28.05464159,29.45602948,27.80107896,0,0
22.10000000,29.87576398,28.11783853,29.49814105,27.81938031,0,0
22.11000000,29.87489069,28.16802929,29.53390536,27.81973898,0,0
22.12000000,29.91711325,28.16139597,29.56915663,27.86075501,0,0
22.13000000,29.88878107,28.21515224,29.59121160,27.84984024,0,0
22.14000000,29.88371490,28.24934076,29.62262772,27.89457240,0,0
22.15000000,29.92165164,28.28391434,29.64536530,27.93039380,0,0
22.16000000,30.00214122,28.28628701,29.67644999,27.94692977,0,0
22.17000000,30.03834134,28.28353519,29.69809954,27.95437365,0,0
22.18000000,30.01163241,28.34999260,29.68654149,27.96272021,0,0
22.19000000,29.99981466,28.38389435,29.71748215,28.04048023,0,0
22.20000000,30.08512906,28.43325338,29.76112084,28.08096741,0,0
22.21000000,30.13145778,28.43998684,29.79572904,28.13118673,0,0
22.22000000,30.14358087,28.45696439,29.79967579,28.15859945,0,0
22.23000000,30.18184871,28.47139654,29.83782379,28.16748886,0,0
22.24000000,30.17238004,28.50885857,29.87880315,28.23045849,0,0
22.25000000,30.19231185,28.54247243,29.87963759,28.23076028,0,0
22.26000000,30.23457206,28.55123911,29.93242355,28.22285732,0,0
22.27000000,30.27742049,28.55548699,29.91123608,28.30337171,0,0
22.28000000,30.31592140,28.55571082,29.96376616,28.37826298,0,0
22.29000000,30.36064400,28.65334296,30.01310326,28.37590152,0,0
22.30000000,30.33932558,28.67754120,29.97976469,28.39114719,0,0
22.31000000,30.35002362,28.68303061,30.02567085,28.42313696,0,0
22.32000000,30.39310910,28.73218043,30.05140688,28.44733209,0,0
22.33000000,30.41671042,28.73637129,30.08388641,28.44727333,0,0
22.34000000,30.42778624,28.73965804,30.16582738,28.47079505,0,0
22.35000000,30.45039726,28.79488157,30.19946256,28.49430349,0,0
22.36000000,30.49281575,28.86216979,30.18353240,28.50871629,0,0
22.37000000,30.52071866,28.90052520,30.16726602,28.53073872,0,0
22.38000000,30.55500579,28.84280022,30.17435320,28.58549039,0,0
22.39000000,30.53404808,28.89114180,30.22699536,28.63612706,0,0
22.40000000,30.56362139,28.95683858,30.33541983,28.66046924,0,0
22.41000000,30.60686248,28.99908795,30.38108827,28.75525434,0,0
22.42000000,30.60833530,29.05709548,30.40068159,28.77547472,0,0
22.43000000,30.64594570,29.07978640,30.37978237,28.82268990,0,0
22.44000000,30.67902984,29.03142675,30.39817355,28.84058871,0,0
22.45000000,30.72804489,29.02960537,30.42406426,28.85787683,0,0
22.46000000,30.76429323,29.12630352,30.44776163,28.86467595,0,0
22.47000000,30.75873830,29.27722427,30.47976582,28.82413514,0,0
22.48000000,30.75423123,29.27926752,30.51866128,28.86123132,0,0
22.49000000,30.84578669,29.24180457,30.58072383,28.91395954,0,0
22.50000000,30.87515446,29.25849181,30.50420697,28.97475699,0,0
22.51000000,30.88186816,29.24251102,30.54947001,29.01206388,0,0
22.52000000,30.86842118,29.29379697,30.56543406,29.07871652,0,0
22.53000000,30.89246734,29.30301804,30.62225397,29.10506370,0,0
22.54000000,30.90529795,29.39282237,30.69310528,29.07392982,0,0
22.55000000,30.96755269,29.40312384,30.73523728,29.10747357,0,0
22.56000000,30.99967463,29.42302197,30.70030784,29.13235071,0,0
22.57000000,30.96662400,29.51021577,30.71897558,29.16455103,0,0
22.58000000,30.98247027,29.50654104,30.73695665,29.21005945,0,0
22.59000000,31.02756157,29.51956860,30.71699415,29.28679878,0,0
22.60000000,31.13286391,29.55408654,30.82057588,29.26270318,0,0
22.61000000,31.07678169,29.58065383,30.80048811,29.32584294,0,0
22.62000000,31.06080336,29.61917581,30.80260904,29.42169258,0,0
22.63000000,31.09721109,29.69329665,30.82277807,29.42976344,0,0
22.64000000,31.10518556,29.78284044,30.87960534,29.48147635,0,0
22.65000000,31.21012254,29.79296458,30.89036758,29.43898339,0,0
22.66000000,31.21965746,29.71472528,30.92635826,29.48703961,0,0
22.67000000,31.22387557,29.73857355,30.95488300,29.50449987,0,0
22.68000000,31.22520562,29.84096562,31.01151908,29.54426062,0,0
22.69000000,31.28153388,29.93076141,31.01607268,29.62338550,0,0
22.70000000,31.24582132,29.92762953,30.87632693,29.65951097,0,0
22.71000000,31.27268792,29.90845771,31.07813954,29.70087894,0,0
22.72000000,31.27949651,29.93977258,30.98174497,29.69230552,0,0
22.73000000,31.33900532,29.98695519,31.11745442,29.73978587,0,0
22.74000000,31.37633509,30.02318838,31.13443592,29.77574298,0,0
22.75000000,31.35795177,30.10384943,31.20597458,29.73534024,0,0
22.76000000,31.40758852,30.12628236,31.17144873,29.78776306,0,0
22.77000000,31.40613412,30.13989957,31.22016427,29.88730911,0,0
22.78000000,31.35974800,30.18110399,31.17131399,29.92213415,0,0
22.79000000,31.39717119,30.15909768,31.19256469,30.02606680,0,0
22.80000000,31.46741797,30.29243115,31.22254311,30.02624447,0,0
22.81000000,31.44398816,30.35488723,31.24805035,29.99749573,0,0
22.82000000,31.54922690,30.33497395,31.25808260,30.09647636,0,0
22.83000000,31.46627594,30.37009873,31.30493441,30.12244657,0,0
22.84000000,31.50812305,30.42618746,31.29424162,30.22028271,0,0
22.85000000,31.49943399,30.48211779,31.29310989,30.23053645,0,0
22.86000000,31.54182887,30.47706947,31.32356880,30.26907584,0,0
22.87000000,31.59870600,30.52941987,31.38637766,30.28528503,0,0
22.88000000,31.55520439,30.56327378,31.45887769,30.24047286,0,0
22.89000000,31.60631887,30.63600276,31.36132428,30.32959224,0,0
22.90000000,31.53176516,30.66300570,31.36564571,30.39317878,0,0
22.91000000,31.60486129,30.69699109,31.35582332,30.47090941,0,0
22.92000000,31.69601645,30.72448214,31.36263981,30.50091464,0,0
22.93000000,31.66576730,30.75343068,31.42595573,30.55971729,0,0
22.94000000,31.63801997,30.78545456,31.47424817,30.61300471,0,0
22.95000000,31.59838676,30.87705790,31.49206979,30.64898414,0,0
22.96000000,31.62779665,30.90755098,31.49501198,30.67582732,0,0
22.97000000,31.68694832,30.95671923,31.50514742,30.73601530,0,0
22.98000000,31.72501242,30.97153208,31.44999627,30.77621058,0,0
22.99000000,31.77083788,30.98033163,31.50092673,30.84933737,0,0
23.00000000,31.74050130,31.07831143,31.52793227,30.85059324,0,0
23.01000000,31.76080856,31.11366314,31.55341719,30.87690338,0,0
23.02000000,31.72054112,31.13691741,31.57413106,30.97497657,0,0
23.03000000,31.80572144,31.16376820,31.62116286,30.99785559,0,0
23.04000000,31.81443062,31.21547692,31.61204076,31.07090821,0,0
23.05000000,31.79896618,31.26770100,31.65937720,31.06037840,0,0
23.06000000,31.86602571,31.26084936,31.68588244,31.08763474,0,0
23.07000000,31.84384867,31.31635262,31.73005832,31.12557517,0,0
23.08000000,31.85266357,31.33371228,31.66738589,31.13713794,0,0
23.09000000,31.83463803,31.39476313,31.65629290,31.20294723,0,0
23.10000000,31.88056103,31.44827131,31.68518905,31.28559445,0,0
23.11000000,31.88661781,31.45294456,31.70142927,31.30645333,0,0
23.12000000,31.92078987,31.49008740,31.73572910,31.33130023,0,0
23.13000000,31.96926719,31.51100206,31.76664260,31.39035323,0,0
23.14000000,32.03928378,31.56074457,31.78042623,31.38392255,0,0
23.15000000,32.04000948,31.62614620,31.78665488,31.40220669,0,0
23.16000000,31.97452681,31.64156918,31.75549718,31.45956627,0,0
23.17000000,31.96863929,31.66495224,31.76853300,31.49229813,0,0
23.18000000,32.07815834,31.68911996,31.82030973,31.52809719,0,0
23.19000000,32.11165623,31.76114629,31.85552394,31.57467170,0,0
23.20000000,32.12637435,31.76331916,31.91460229,31.57779773,0,0
23.21000000,32.09406877,31.75865166,31.96208550,31.64118934,0,0
23.22000000,32.14774303,31.80220111,31.96740945,31.70720073,0,0
23.23000000,32.21690592,31.87589421,31.93626152,31.74520239,0,0
23.24000000,32.21538799,31.96568620,31.98152931,31.77275108,0,0
23.25000000,32.19843261,31.95142677,32.01914285,31.78638792,0,0
23.26000000,32.24188894,31.92736685,32.06284102,31.82654969,0,0
23.27000000,32.27281564,31.95645375,32.04107607,31.86638278,0,0
23.28000000,32.31739824,31.96061665,32.00158012,31.89559161,0,0
23.29000000,32.34614219,32.00466326,32.05246247,31.96294740,0,0
23.30000000,32.33596444,32.08901625,32.07791787,32.00183305,0,0
23.31000000,32.35142685,32.13132889,32.11686981,32.02160346,0,0
23.32000000,32.41486383,32.14232084,32.23077264,32.07328790,0,0
23.33000000,32.45843757,32.14981006,32.25487608,32.11377326,0,0
23.34000000,32.45122416,32.18562075,32.27709578,32.09333248,0,0
23.35000000,32.44667061,32.25485405,32.27897447,32.12175859,0,0
23.36000000,32.48464369,32.29925678,32.28173598,32.14969059,0,0
23.37000000,32.56969167,32.32127651,32.27851551,32.16357021,0,0
23.38000000,32.55440718,32.35068789,32.31329144,32.21624219,0,0
23.39000000,32.56951731,32.39954705,32.31332908,32.23103464,0,0
23.40000000,32.54086525,32.41014207,32.34070944,32.24832586,0,0
23.41000000,32.55778351,32.47725068,32.39984832,32.34892306,0,0
23.42000000,32.60763474,32.50045210,32.39546119,32.36681191,0,0
23.43000000,32.63597112,32.52725230,32.41690681,32.39769646,0,0
23.44000000,32.64995930,32.51864726,32.42371204,32.39138361,0,0
23.45000000,32.68620916,32.56478032,32.44628746,32.44900985,0,0
23.46000000,32.70225073,32.69032669,32.43340045,32.46310574,0,0
23.47000000,32.68221902,32.71727866,32.40245266,32.50153679,0,0
23.48000000,32.70535743,32.71903292,32.49648073,32.55641069,0,0
23.49000000,32.75879895,32.71658540,32.48888804,32.56710120,0,0
23.50000000,32.75654378,32.73457761,32.57290219,32.63080265,0,0
23.51000000,32.82819549,32.75830358,32.61592024,32.65671594,0,0
23.52000000,32.84743244,32.80557308,32.61935637,32.70542720,0,0
23.53000000,32.82228173,32.82826414,32.59794682,32.72226704,0,0
23.54000000,32.82225668,32.87182752,32.63746390,32.70023442,0,0
23.55000000,32.93028698,32.90224953,32.61619425,32.76653706,0,0
23.56000000,32.94693494,32.93453604,32.64993180,32.78936016,0,0
23.57000000,33.00184473,32.96660231,32.68719158,32.80766783,0,0
23.58000000,32.92229435,32.96126579,32.71490348,32.83251400,0,0
23.59000000,32.96509166,33.00469248,32.76733912,32.90103746,0,0
23.60000000,33.02436241,33.04395327,32.80383503,32.94500246,0,0
23.61000000,33.02451513,33.10792209,32.77704488,33.00446256,0,0
23.62000000,33.06546985,33.10697226,32.83098011,33.00283598,0,0
23.63000000,33.06266800,33.10294243,32.84100277,33.00044042,0,0
23.64000000,33.12414783,33.17968574,32.99479391,33.03918476,0,0
23.65000000,33.10439638,33.20650890,32.87915872,33.04793231,0,0
23.66000000,33.12818143,33.26922964,32.93441878,33.12878545,0,0
23.67000000,33.18866562,33.22932193,32.90933722,33.15430841,0,0
23.68000000,33.25325426,33.29025772,32.97051470,33.19541304,0,0
23.69000000,33.25652821,33.27616871,33.00473397,33.20313387,0,0
23.70000000,33.28285614,33.27415226,33.02683061,33.21636844,0,0
23.71000000,33.31027379,33.35229420,33.07470387,33.23312056,0,0
23.72000000,33.37511577,33.33395445,33.06627911,33.23074563,0,0
23.73000000,33.33100500,33.38231351,33.07884271,33.30567035,0,0
23.74000000,33.48395994,33.42335965,33.12816949,33.36155417,0,0
23.75000000,33.41826453,33.48919143,33.11547438,33.40334821,0,0
23.76000000,33.48992275,33.49792835,33.17513720,33.39577724,0,0
23.77000000,33.47497150,33.46833969,33.19999476,33.43748642,0,0
23.78000000,33.55485365,33.49353755,33.23351139,33.49054165,0,0
23.79000000,33.54924960,33.53513587,33.25839710,33.52271328,0,0
23.80000000,33.55484197,33.60492971,33.30587100,33.49040211,0,0
23.81000000,33.61139768,33.58176531,33.29074688,33.49966767,0,0
23.82000000,33.65768446,33.59762642,33.46423340,33.54287609,0,0
23.83000000,33.68025772,33.65253350,33.31107250,33.54694339,0,0
23.84000000,33.68254262,33.70957614,33.36578901,33.62175650,0,0
23.85000000,33.69128597,33.74513613,33.39292479,33.62150161,0,0
23.86000000,33.73859772,33.73783754,33.45589357,33.68505725,0,0
23.87000000,33.80152158,33.76635632,33.53480468,33.66211289,0,0
23.88000000,33.82959167,33.74739981,33.58784738,33.71050537,0,0
23.89000000,33.85805465,33.81686460,33.66449751,33.72425352,0,0
23.90000000,33.82307987,33.85562748,33.59962597,33.72241496,0,0
23.91000000,33.88457654,33.87778157,33.60198577,33.76008560,0,0
23.92000000,33.94792800,33.86536263,33.60064093,33.76353084,0,0
23.93000000,33.97783306,33.91664670,33.62142053,33.83518276,0,0
23.94000000,33.99835428,33.91614008,33.66548385,33.81971198,0,0
23.95000000,33.95154248,33.92299456,33.67916068,33.88257200,0,0
23.96000000,34.01977540,33.98420830,33.68444710,33.91994299,0,0
23.97000000,34.03166059,34.06101093,33.72134939,33.92545568,0,0
23.98000000,34.10956657,34.09413438,33.76366445,33.93533893,0,0
23.99000000,34.12071947,34.05959306,33.82604972,33.94478240,0,0
24.00000000,34.09404317,34.05916509,33.89866655,33.97765777,0,0
24.01000000,34.12025284,34.08622446,33.83447084,34.00489304,0,0
24.02000000,34.17875150,34.13169275,33.86661954,34.04900763,0,0
24.03000000,34.18827585,34.15479021,33.91642164,34.09019626,0,0
24.04000000,34.20537044,34.19792613,33.90887883,34.10403353,0,0
24.05000000,34.24849775,34.20764816,34.01366774,34.14524393,0,0
24.06000000,34.29171340,34.23738983,34.06440750,34.14910956,0,0
24.07000000,34.32362044,34.25769594,34.09114608,34.16670511,0,0
24.08000000,34.30403747,34.27204669,34.13974436,34.15630583,0,0
24.09000000,34.37797247,34.29114955,34.12369991,34.19396667,0,0
24.10000000,34.46849067,34.31116730,34.15368340,34.21441458,0,0
24.11000000,34.47121489,34.37442610,34.16226084,34.23653231,0,0
24.12000000,34.47813218,34.39638042,34.18368366,34.25075349,0,0
24.13000000,34.48538740,34.39089622,34.24491258,34.30504752,0,0
24.14000000,34.55320876,34.41529705,34.30227364,34.35250786,0,0
24.15000000,34.56460804,34.48347358,34.31386680,34.38286866,0,0
24.16000000,34.58411449,34.48694533,34.33250355,34.39174625,0,0
24.17000000,34.63022541,34.48219045,34.35810305,34.41778148,0,0
24.18000000,34.65170283,34.50477382,34.41590336,34.42627697,0,0
24.19000000,34.68730082,34.55360275,34.39266725,34.42685176,0,0
24.20000000,34.65314681,34.60007335,34.42755616,34.46075465,0,0
24.21000000,34.70781794,34.65319227,34.47776679,34.49019421,0,0
24.22000000,34.74019547,34.68009235,34.46406336,34.49122785,0,0
24.23000000,34.80852834,34.63898780,34.53836898,34.53344299,0,0
24.24000000,34.82666115,34.64966932,34.57686572,34.56751526,0,0
24.25000000,34.80915053,34.71745136,34.58444626,34.57283395,0,0
24.26000000,34.83908767,34.74665903,34.60897018,34.59034628,0,0
24.27000000,34.95487877,34.77747493,34.60009224,34.58727655,0,0
24.28000000,34.98588064,34.79265748,34.64348032,34.60517510,0,0
24.29000000,34.94421979,34.80898156,34.68571359,34.64433917,0,0
24.30000000,34.96807602,34.84681374,34.71287146,34.65964825,0,0
24.31000000,34.98891475,34.83151212,34.74985186,34.74258913,0,0
24.32000000,35.04307622,34.88142127,34.79093052,34.80487435,0,0
24.33000000,35.02775055,34.91082489,34.80293934,34.82505816,0,0
24.34000000,35.08289097,34.90489731,34.78681976,34.81407768,0,0
24.35000000,35.10855018,34.92839352,34.87230186,34.83015824,0,0
24.36000000,35.12423059,34.96214104,34.89039844,34.84031207,0,0
24.37000000,35.10613022,34.98783635,34.82651093,34.85808302,0,0
24.38000000,35.15927758,35.03038153,34.83836685,34.90159092,0,0
24.39000000,35.22742666,35.08552164,34.89136917,34.95145380,0,0
24.40000000,35.26512716,35.10324893,34.92288376,34.97196940,0,0
24.41000000,35.27953162,35.07228093,35.02749351,34.99108121,0,0
24.42000000,35.27971463,35.11749581,35.02999272,35.01641975,0,0
24.43000000,35.28262619,35.13992293,35.09311820,34.98988330,0,0
24.44000000,35.34646734,35.18129531,35.09148326,35.04328798,0,0
24.45000000,35.41608515,35.16080816,35.05711455,35.05824013,0,0
24.46000000,35.35556384,35.18587497,35.11187351,35.08733940,0,0
24.47000000,35.42194220,35.24978694,35.17816441,35.14463469,0,0
24.48000000,35.40674850,35.25710497,35.20481317,35.11183618,0,0
24.49000000,35.46646119,35.24583749,35.22864852,35.19136166,0,0
24.50000000,35.44513544,35.26377154,35.26068523,35.20169065,0,0
24.51000000,35.45552051,35.25502736,35.23552884,35.22541203,0,0
24.52000000,35.52695904,35.29215424,35.30080239,35.23535661,0,0
24.53000000,35.54329079,35.31729355,35.37751306,35.28038946,0,0
24.54000000,35.56407339,35.33054116,35.31951815,35.23056645,0,0
24.55000000,35.53639358,35.35967894,35.30615274,35.29725063,0,0
24.56000000,35.59423460,35.37000292,35.33068785,35.34561971,0,0
24.57000000,35.59605282,35.41900753,35.39586710,35.35901620,0,0
24.58000000,35.61838160,35.39284973,35.46351763,35.36202863,0,0
24.59000000,35.59816417,35.41294514,35.47708834,35.38392159,0,0
24.60000000,35.53468642,35.39478409,35.49258233,35.36356625,0,0
24.61000000,35.52072001,35.34541521,35.47019423,35.36176576,0,0
24.62000000,35.63885093,35.36505413,35.42358796,35.38156647,0,0
24.63000000,35.60986103,35.33565969,35.46751808,35.41094141,0,0
24.64000000,35.64357380,35.40911260,35.46711986,35.40548868,0,0
24.65000000,35.59810355,35.42288537,35.48071186,35.44034231,0,0
24.66000000,35.62434184,35.45389958,35.47954616,35.47874761,0,0
24.67000000,35.59435316,35.45286700,35.51096043,35.49980766,0,0
24.68000000,35.58126942,35.42111559,35.50655336,35.51676445,0,0
24.69000000,35.58252331,35.37132523,35.45665754,35.44240786,0,0
24.70000000,35.63421089,35.36977308,35.58883662,35.48253562,0,0
24.71000000,35.58100676,35.37712132,35.46604688,35.45087241,0,0
24.72000000,35.60156155,35.39870863,35.41565214,35.43232873,0,0
24.73000000,35.60145633,35.42268151,35.47667283,35.50816069,0,0
24.74000000,35.59293225,35.44762839,35.42980645,35.48370600,0,0
24.75000000,35.62927973,35.43048235,35.52701475,35.50631863,0,0
24.76000000,35.66162576,35.41528287,35.43276160,35.50953547,0,0
24.77000000,35.54301968,35.36923631,35.49727125,35.45604993,0,0
24.78000000,35.55977153,35.35641533,35.47031917,35.46944126,0,0
24.79000000,35.64383606,35.39706238,35.42191080,35.42756885,0,0
24.80000000,35.58897930,35.43364275,35.41887681,35.38155929,0,0
24.81000000,35.59780282,35.45757824,35.37830454,35.38566407,0,0
24.82000000,35.54796702,35.38321818,35.40451052,35.36136470,0,0
24.83000000,35.61915842,35.39894323,35.46051280,35.46705515,0,0
24.84000000,35.53455945,35.41667733,35.46992829,35.45349511,0,0
24.85000000,35.54386551,35.42605394,35.41313543,35.50107939,0,0
24.86000000,35.57235722,35.39057498,35.34063744,35.41687702,0,0
24.87000000,35.58884238,35.43883308,35.41507622,35.40619895,0,0
24.88000000,35.53905917,35.42298531,35.36782269,35.36976378,0,0
24.89000000,35.54250534,35.41650415,35.31277535,35.38376341,0,0
24.90000000,35.48660896,35.39421570,35.34778181,35.40389788,0,0
24.91000000,35.53927691,35.35291711,35.30814892,35.39370444,0,0
24.92000000,35.57723828,35.33099350,35.36563164,35.43144901,0,0
24.93000000,35.58603145,35.28626183,35.37998110,35.41961189,0,0
24.94000000,35.47247619,35.32620266,35.35956288,35.41982574,0,0
24.95000000,35.47680239,35.39614977,35.35709251,35.38518268,0,0
24.96000000,35.53693821,35.36777984,35.29179596,35.37540643,0,0
24.97000000,35.57702756,35.33083495,35.28598229,35.35618887,0,0
24.98000000,35.56977871,35.36350587,35.26704122,35.36393886,0,0
24.99000000,35.58397305,35.41282769,35.27363404,35.37833777,0,0
25.00000000,35.66422113,35.52611685,35.29947510,35.41461148,0,0
25.01000000,35.61104151,35.55633982,35.35983446,35.42232295,0,0
25.02000000,35.53541161,35.49605426,35.34427198,35.41804288,0,0
25.03000000,35.49753028,35.34972635,35.35854293,35.37119408,0,0
25.04000000,35.50492775,35.32103772,35.38696549,35.38640980,0,0
25.05000000,35.50165623,35.38939486,35.34512416,35.36780722,0,0
25.06000000,35.49167669,35.38856382,35.27079578,35.36338854,0,0
25.07000000,35.49174632,35.37776373,35.27847362,35.37391187,0,0
25.08000000,35.54622982,35.36521005,35.28740705,35.35018356,0,0
25.09000000,35.61682596,35.34794126,35.31927023,35.36952067,0,0
25.10000000,35.58116995,35.36629241,35.34668158,35.36667676,0,0
25.11000000,35.48410308,35.34793553,35.31227070,35.34056747,0,0
25.12000000,35.43260942,35.34156536,35.34685890,35.35433944,0,0
25.13000000,35.53205765,35.39161521,35.29741396,35.40628475,0,0
25.14000000,35.51661264,35.39556087,35.30805930,35.44505438,0,0
25.15000000,35.53681352,35.38965086,35.29453488,35.45846803,0,0
25.16000000,35.48453443,35.34369258,35.28910386,35.45704234,0,0
25.17000000,35.52686181,35.36374734,35.31169279,35.46062568,0,0
25.18000000,35.55235430,35.39445143,35.32516417,35.48483494,0,0
25.19000000,35.54543621,35.42616535,35.27955369,35.45816512,0,0
25.20000000,35.50843705,35.39485659,35.26623653,35.37876641,0,0
25.21000000,35.49191601,35.38557035,35.30128803,35.38630080,0,0
25.22000000,35.50850810,35.41798437,35.29188703,35.36854319,0,0
25.23000000,35.48706060,35.39677761,35.27624856,35.35125880,0,0
25.24000000,35.45567745,35.36236966,35.24811993,35.42485557,0,0
25.25000000,35.49482224,35.34559802,35.27845174,35.42886787,0,0
25.26000000,35.52927114,35.33647342,35.27567275,35.40174980,0,0
25.27000000,35.51627322,35.33659841,35.31720624,35.39895886,0,0
25.28000000,35.46197861,35.34265428,35.28826267,35.36367428,0,0
25.29000000,35.44200115,35.34266060,35.27307647,35.34310714,0,0
25.30000000,35.48843154,35.34470186,35.20047412,35.36462469,0,0
25.31000000,35.52300050,35.33080399,35.17081405,35.36486997,0,0
25.32000000,35.46992128,35.32949229,35.18763517,35.34018639,0,0
25.33000000,35.45990994,35.32887771,35.21600725,35.31995017,0,0
25.34000000,35.45752244,35.30808892,35.27551686,35.34119134,0,0
25.35000000,35.45736987,35.35752586,35.31075023,35.35561398,0,0
25.36000000,35.40761647,35.38179388,35.30771147,35.32953133,0,0
25.37000000,35.41801354,35.33439942,35.29729738,35.32011816,0,0
25.38000000,35.43488796,35.29984312,35.30222761,35.27927622,0,0
25.39000000,35.47516504,35.31441014,35.33085286,35.34165045,0,0
25.40000000,35.48932398,35.33471180,35.19422930,35.32118655,0,0
25.41000000,35.46696943,35.33444721,35.16453455,35.35831707,0,0
25.42000000,35.41397196,35.31975052,35.20721845,35.34917539,0,0
25.43000000,35.44456499,35.29304558,35.21608537,35.33655143,0,0
25.44000000,35.45082867,35.27402818,35.27519384,35.32693556,0,0
25.45000000,35.49817978,35.30082764,35.29134448,35.30063284,0,0
25.46000000,35.43471598,35.33718864,35.25532082,35.29796349,0,0
25.47000000,35.46290354,35.30957076,35.23321529,35.31208426,0,0
25.48000000,35.46885200,35.27171363,35.20655476,35.30941906,0,0
25.49000000,35.46772375,35.27907623,35.22881255,35.33818567,0,0
25.50000000,35.48667555,35.32682402,35.23907347,35.31908133,0,0
25.51000000,35.48738930,35.32430076,35.25230116,35.31527946,0,0
25.52000000,35.49854246,35.24910809,35.28362438,35.39229979,0,0
25.53000000,35.40545271,35.34209355,35.25638546,35.36796629,0,0
25.54000000,35.45497818,35.29529445,35.26225912,35.35226793,0,0
25.55000000,35.46352485,35.30396740,35.29184052,35.31574503,0,0
25.56000000,35.48513432,35.25266535,35.32939881,35.34422310,0,0
25.57000000,35.42503842,35.29345636,35.32676430,35.29565318,0,0
25.58000000,35.45656891,35.28913333,35.16869925,35.28208842,0,0
25.59000000,35.45448161,35.35673654,35.25080348,35.32162687,0,0
25.60000000,35.50066201,35.28474087,35.17907302,35.27785965,0,0
25.61000000,35.44502753,35.29010409,35.23912912,35.29300367,0,0
25.62000000,35.49129720,35.23757690,35.21359165,35.28196094,0,0
25.63000000,35.44718377,35.29999133,35.23539746,35.26342069,0,0
25.64000000,35.42623784,35.33528656,35.21663239,35.23456275,0,0
25.65000000,35.45835140,35.26176734,35.15365363,35.24923412,0,0
25.66000000,35.42137540,35.25862336,35.20535098,35.25106645,0,0
25.67000000,35.49596134,35.26673730,35.20325535,35.27268289,0,0
25.68000000,35.43878596,35.28123942,35.23153003,35.24923714,0,0
25.69000000,35.49347877,35.27598683,35.22390342,35.31056449,0,0
25.70000000,35.35417221,35.29910342,35.19643551,35.31513446,0,0
25.71000000,35.43777882,35.31932637,35.20348004,35.31563186,0,0
25.72000000,35.44997579,35.22718205,35.19852086,35.25601052,0,0
25.73000000,35.46515293,35.26345567,35.21571484,35.29142862,0,0
25.74000000,35.41997852,35.21115699,35.22110384,35.26770040,0,0
25.75000000,35.39112640,35.28208043,35.08215648,35.23554403,0,0
25.76000000,35.42946114,35.27957766,35.21573071,35.31213100,0,0
25.77000000,35.43073873,35.26782367,35.18735561,35.21411964,0,0
25.78000000,35.45542953,35.25628598,35.22838890,35.28314604,0,0
25.79000000,35.42406682,35.17931211,35.27992408,35.27443097,0,0
25.80000000,35.40530893,35.25307070,35.24752846,35.24360148,0,0
25.81000000,35.41402413,35.24514154,35.27643620,35.23654184,0,0
25.82000000,35.48357442,35.20900791,35.18565021,35.22249460,0,0
25.83000000,35.43092236,35.13974756,35.22078581,35.17914592,0,0
25.84000000,35.49761850,35.21356891,35.23375550,35.25260139,0,0
25.85000000,35.41746400,35.19719676,35.23608655,35.18600856,0,0
25.86000000,35.48354056,35.21966696,35.27046556,35.23951092,0,0
25.87000000,35.41432183,35.21108569,35.25432715,35.27661970,0,0
25.88000000,35.50244861,35.20951519,35.31464102,35.25305567,0,0
25.89000000,35.51203139,35.12560346,35.25569141,35.20461908,0,0
25.90000000,35.53854913,35.06233981,35.26998961,35.19790860,0,0
25.91000000,35.46692080,35.12998861,35.31386653,35.15145831,0,0
25.92000000,35.40229870,35.16997668,35.21007309,35.14376459,0,0
25.93000000,35.46935048,35.22838724,35.25967739,35.16064548,0,0
25.94000000,35.53614956,35.21120146,35.21610177,35.15005080,0,0
25.95000000,35.58073403,35.14166192,35.24527510,35.14148274,0,0
25.96000000,35.55736104,35.04356140,35.28648051,35.17934446,0,0
25.97000000,35.51858002,35.09558484,35.31741083,35.13987923,0,0
25.98000000,35.53373639,35.12953520,35.28407643,35.14338287,0,0
25.99000000,35.57857734,35.14080261,35.28651891,35.11319469,0,0
26.00000000,35.52763718,35.09120797,35.25089113,35.07307624,0,0
26.01000000,35.51810036,35.12719475,35.27474207,35.11109853,0,0
26.02000000,35.55846857,35.10791088,35.26987492,35.07895097,0,0
26.03000000,35.60693161,35.12230036,35.29936094,35.12173952,0,0
26.04000000,35.52833243,35.12692386,35.31600043,35.15150197,0,0
26.05000000,35.45161696,35.12727608,35.32227204,35.13982831,0,0
26.06000000,35.52504901,35.11736560,35.30668510,35.11546444,0,0
26.07000000,35.57475997,35.13983587,35.35292993,35.13196203,0,0
26.08000000,35.60551809,35.14783644,35.34664147,35.09778074,0,0
26.09000000,35.53326180,35.12236786,35.27288365,35.08807466,0,0
26.10000000,35.48936879,35.15255390,35.25603051,35.13353175,0,0
26.11000000,35.53077281,35.19564706,35.27431106,35.14603985,0,0
26.12000000,35.60006104,35.19628014,35.28614927,35.15661706,0,0
26.13000000,35.61424818,35.16225049,35.34914063,35.17545511,0,0
26.14000000,35.55607776,35.16631764,35.38284476,35.13269932,0,0
26.15000000,35.53819990,35.20191994,35.34980338,35.11081262,0,0
26.16000000,35.62611005,35.25914371,35.35354604,35.09618911,0,0
26.17000000,35.62668232,35.25604327,35.31367312,35.08398695,0,0
26.18000000,35.57961871,35.27514775,35.30167914,35.10144202,0,0
26.19000000,35.59219685,35.29008286,35.32656574,35.11430627,0,0
26.20000000,35.64860166,35.29661267,35.36635739,35.16478459,0,0
26.21000000,35.64834311,35.27658510,35.39194288,35.23852690,0,0
26.22000000,35.66593861,35.31320947,35.41408402,35.25627562,0,0
26.23000000,35.64015121,35.31978083,35.41884486,35.22958085,0,0
26.24000000,35.67165887,35.32654742,35.42717793,35.20289257,0,0
26.25000000,35.66584635,35.36648249,35.46205620,35.21340521,0,0
26.26000000,35.65996137,35.41915040,35.38605233,35.22198908,0,0
26.27000000,35.69886331,35.40978957,35.36270673,35.26161177,0,0
26.28000000,35.69658147,35.42635506,35.44596673,35.30005709,0,0
26.29000000,35.76187414,35.45722727,35.46315368,35.30578477,0,0
26.30000000,35.76323914,35.45138489,35.47935822,35.32974832,0,0
26.31000000,35.72748582,35.44700700,35.51255523,35.36247587,0,0
26.32000000,35.70841446,35.46655620,35.55568743,35.34975714,0,0
26.33000000,35.75513332,35.52545068,35.53759422,35.37327082,0,0
26.34000000,35.76389760,35.57455249,35.50800963,35.39965309,0,0
26.35000000,35.78924869,35.60539774,35.46644559,35.40066775,0,0
26.36000000,35.79314953,35.59607973,35.46692921,35.44113973,0,0
26.37000000,35.76167429,35.57054392,35.52878676,35.43665783,0,0
26.38000000,35.80861665,35.59854081,35.56400864,35.47147189,0,0
26.39000000,35.77709779,35.66622334,35.59952101,35.52547002,0,0
26.40000000,35.85857515,35.75376971,35.60150625,35.53705703,0,0
26.41000000,35.85620833,35.72797223,35.57561389,35.53722568,0,0
26.42000000,35.88623671,35.73629716,35.62420758,35.56284203,0,0
26.43000000,35.85983207,35.75840509,35.61962103,35.58071083,0,0
26.44000000,35.85987720,35.79754863,35.53509822,35.63858496,0,0
26.45000000,35.92213751,35.81245933,35.62691428,35.67365364,0,0
26.46000000,35.98834462,35.88116848,35.60745546,35.71679355,0,0
26.47000000,35.98208431,35.88467181,35.68345246,35.75793235,0,0
26.48000000,35.93712025,35.88821627,35.76850327,35.76861986,0,0
26.49000000,35.90762476,35.93915250,35.75837311,35.78962575,0,0
26.50000000,35.99245413,35.93937932,35.79968913,35.79652873,0,0
26.51000000,36.03588459,35.96443963,35.71424655,35.85500448,0,0
26.52000000,36.03500160,35.97592265,35.73509602,35.89131242,0,0
26.53000000,36.00657040,36.03820211,35.76277619,35.88601990,0,0
26.54000000,36.10619224,36.04995227,35.78336758,35.94451140,0,0
26.55000000,36.12013159,36.06337965,35.85802217,35.99800685,0,0
26.56000000,36.16711922,36.13004925,35.85321435,35.99184056,0,0
26.57000000,36.23370546,36.11535875,35.87114673,36.01078799,0,0
26.58000000,36.08723306,36.12979204,35.87593318,36.01043512,0,0
26.59000000,36.20834910,36.16953679,35.95003887,36.05161361,0,0
26.60000000,36.20569223,36.25884333,35.92148118,36.05166333,0,0
26.61000000,36.34278162,36.27462092,35.85886996,36.07779337,0,0
26.62000000,36.30387480,36.27671007,35.90888136,36.09667187,0,0
26.63000000,36.36028552,36.29152212,35.91409555,36.13183718,0,0
26.64000000,36.27570518,36.24495849,36.01002371,36.14778150,0,0
26.65000000,36.29473367,36.28275692,36.11172626,36.22760778,0,0
26.66000000,36.29571062,36.32824615,36.09530057,36.25683146,0,0
26.67000000,36.44694958,36.34342317,36.10267367,36.25238251,0,0
26.68000000,36.42609992,36.41458923,36.06918016,36.25696789,0,0
26.69000000,36.39581447,36.41034711,36.08323290,36.27700205,0,0
26.70000000,36.47343317,36.45513339,36.11337392,36.26794451,0,0
26.71000000,36.58175303,36.41383833,36.20088651,36.26921838,0,0
26.72000000,36.53927679,36.44299699,36.29688964,36.39197722,0,0
26.73000000,36.55793740,36.53342901,36.29784127,36.41359140,0,0
26.74000000,36.51941556,36.60827473,36.33418797,36.43947110,0,0
26.75000000,36.59272558,36.56958220,36.32235710,36.41990916,0,0
26.76000000,36.63120091,36.64806554,36.37087732,36.47648293,0,0
26.77000000,36.74987611,36.64164238,36.34049645,36.44627749,0,0
26.78000000,36.73813400,36.75751742,36.21181365,36.53060575,0,0
26.79000000,36.76241592,36.73742825,36.36782470,36.56881722,0,0
26.80000000,36.79876617,36.78332734,36.38782138,36.57751608,0,0
26.81000000,36.75615328,36.73078965,36.50359819,36.68122366,0,0
26.82000000,36.78607411,36.78818331,36.52912165,36.64143757,0,0
26.83000000,36.84815600,36.82828359,36.49707403,36.67318555,0,0
26.84000000,36.89503986,36.87121911,36.53376634,36.71216666,0,0
26.85000000,36.87372904,36.87782889,36.52116669,36.74030592,0,0
26.86000000,36.90920797,36.93876414,36.61831240,36.79733017,0,0
26.87000000,36.99246990,36.94090973,36.61395944,36.77636231,0,0
26.88000000,36.97749994,36.96949749,36.67611957,36.87064537,0,0
26.89000000,36.95540906,37.04904887,36.70747236,36.86124576,0,0
26.90000000,37.00184235,37.06188329,36.72479282,36.93125835,0,0
26.91000000,37.11635041,37.09377663,36.71957514,36.90489203,0,0
26.92000000,37.17088764,37.13119727,36.73711922,36.95411734,0,0
26.93000000,37.16760297,37.19438323,36.74041645,36.96047668,0,0
26.94000000,37.21135310,37.28977171,36.69890864,36.97028122,0,0
26.95000000,37.25790479,37.29649609,36.82722723,37.05832194,0,0
26.96000000,37.29834793,37.33328471,36.88570122,37.10050037,0,0
26.97000000,37.35762071,37.28363527,36.97342400,37.13142045,0,0
26.98000000,37.32010784,37.27994613,37.05264110,37.20662524,0,0
26.99000000,37.29442105,37.31562677,37.10315139,37.19684998,0,0
27.00000000,37.35027734,37.33498368,37.11806004,37.24549150,0,0
27.01000000,37.33657483,37.43244357,37.09295541,37.25114833,0,0
27.02000000,37.41485125,37.47267909,37.12356094,37.31329562,0,0
27.03000000,37.48451401,37.52103867,37.12337834,37.31621861,0,0
27.04000000,37.56032820,37.48067601,37.19099596,37.34809619,0,0
27.05000000,37.53823300,37.51179177,37.27497807,37.43585075,0,0
27.06000000,37.55222554,37.60111108,37.32441117,37.47501878,0,0
27.07000000,37.66706487,37.64961900,37.34765087,37.50867412,0,0
27.08000000,37.66881856,37.67192002,37.31818660,37.50264894,0,0
27.09000000,37.68461549,37.70845120,37.40388463,37.51373397,0,0
27.10000000,37.69639486,37.76611327,37.39781268,37.51258214,0,0
27.11000000,37.77063522,37.79238272,37.41553801,37.56883776,0,0
27.12000000,37.84381216,37.80008783,37.41179165,37.60533024,0,0
27.13000000,37.86118377,37.81845570,37.40656993,37.63141573,0,0
27.14000000,37.83267824,37.81390546,37.47143618,37.68865110,0,0
27.15000000,37.84889402,37.85360293,37.57201080,37.71683919,0,0
27.16000000,37.89365689,37.90332254,37.64481354,37.74141570,0,0
27.17000000,37.95010352,37.92384436,37.64838394,37.78419020,0,0
27.18000000,38.00742104,37.95407823,37.60238441,37.82193796,0,0
27.19000000,38.10607143,38.03605583,37.63545612,37.85234115,0,0
27.20000000,38.13300221,38.06833600,37.67434781,37.88800941,0,0
27.21000000,38.06200544,38.08908935,37.79783302,37.94086333,0,0
27.22000000,38.04542468,38.13798971,37.92724010,38.00020834,0,0
27.23000000,38.14551200,38.14185502,37.95733408,38.01943275,0,0
27.24000000,38.20938249,38.18294414,37.94284781,38.03773118,0,0
27.25000000,38.25255296,38.23154759,37.88251429,38.09699235,0,0
27.26000000,38.23819314,38.25407371,37.89101249,38.10918234,0,0
27.27000000,38.27379421,38.29079090,37.89666428,38.15062750,0,0
27.28000000,38.36018926,38.34824415,37.97277648,38.20146345,0,0
27.29000000,38.42711784,38.37634870,38.00810408,38.22479164,0,0
27.30000000,38.43336263,38.41414605,38.03960742,38.27842903,0,0
27.31000000,38.39367438,38.41859297,38.12046635,38.29888085,0,0
27.32000000,38.49276391,38.46123831,38.17896846,38.31396986,0,0
27.33000000,38.52195623,38.48766268,38.19227220,38.33479332,0,0
27.34000000,38.55925107,38.56785199,38.17180584,38.36631202,0,0
27.35000000,38.59190650,38.58803748,38.18851670,38.36638506,0,0
27.36000000,38.61668326,38.60452673,38.21225651,38.39896094,0,0
27.37000000,38.64333142,38.61831025,38.28803705,38.45319522,0,0
27.38000000,38.67392923,38.69986135,38.31798315,38.53387380,0,0
27.39000000,38.70248428,38.69763321,38.33818617,38.54118495,0,0
27.40000000,38.71548294,38.73239686,38.32168477,38.52407858,0,0
27.41000000,38.73868465,38.78352920,38.36675072,38.59507875,0,0
27.42000000,38.79629352,38.76880647,38.44936117,38.59603693,0,0
27.43000000,38.84632564,38.80791773,38.43960681,38.65640194,0,0
27.44000000,38.89303938,38.85886448,38.53225872,38.69731160,0,0
27.45000000,38.87464953,38.88912880,38.53221975,38.72651530,0,0
27.46000000,38.90794317,38.89511097,38.58970264,38.77306809,0,0
27.47000000,38.91783148,38.95289622,38.65415813,38.78586564,0,0
27.48000000,39.01699454,38.97766894,38.68859715,38.80721604,0,0
27.49000000,39.01056536,39.00576683,38.70128311,38.83214257,0,0
27.50000000,39.04878643,39.03087617,38.68515267,38.85502883,0,0
27.51000000,39.09436967,39.06545070,38.75378524,38.90746645,0,0
27.52000000,39.14829559,39.05076254,38.77973446,38.93994403,0,0
27.53000000,39.13985186,39.13040081,38.88504345,39.05987370,0,0
27.54000000,39.15056330,39.20150062,38.92403495,39.04630898,0,0
27.55000000,39.21340616,39.21486090,38.90298491,39.06752743,0,0
27.56000000,39.22333093,39.23207817,38.94490205,39.06748163,0,0
27.57000000,39.27121950,39.27516944,38.98942453,39.10263053,0,0
27.58000000,39.30456541,39.30083825,39.01681208,39.12451363,0,0
27.59000000,39.38741567,39.33727464,39.00324820,39.18735078,0,0
27.60000000,39.42652556,39.40659382,39.06154746,39.20564463,0,0
27.61000000,39.42013013,39.37979304,39.09225599,39.24161031,0,0
27.62000000,39.37094413,39.41110376,39.15713369,39.32480713,0,0
27.63000000,39.50591435,39.44907653,39.19250816,39.29774668,0,0
27.64000000,39.55531995,39.50275527,39.20173401,39.35705980,0,0
27.65000000,39.59904126,39.57875720,39.23975738,39.36324333,0,0
27.66000000,39.57549648,39.63266202,39.19892856,39.32170695,0,0
27.67000000,39.65860054,39.59240217,39.26108099,39.41599461,0,0
27.68000000,39.66321174,39.63879615,39.29295528,39.48153416,0,0
27.69000000,39.71385109,39.69850840,39.40519623,39.58976701,0,0
27.70000000,39.79413499,39.75017713,39.42534534,39.63256682,0,0
27.71000000,39.80359451,39.76080638,39.40781139,39.61405160,0,0
27.72000000,39.76208279,39.75242456,39.47266827,39.70423215,0,0
27.73000000,39.82599780,39.83461650,39.53964084,39.66027143,0,0
27.74000000,39.90744994,39.87292724,39.53755853,39.70468478,0,0
27.75000000,39.96743602,39.94397299,39.58287981,39.71526588,0,0
27.76000000,39.93033981,39.90317261,39.59063697,39.72915347,0,0
27.77000000,39.96419240,39.97992764,39.66952197,39.78364627,0,0
27.78000000,40.03887143,39.98300641,39.72519514,39.82463305,0,0
27.79000000,40.16906456,40.00605254,39.70091893,39.81682436,0,0
27.80000000,40.10578719,40.06810091,39.75874567,39.84592581,0,0
27.81000000,40.11091634,40.12383686,39.70323962,39.90437409,0,0
27.82000000,40.17546621,40.18111631,39.84204848,39.88268161,0,0
27.83000000,40.19958203,40.13662452,39.84070187,39.93852697,0,0
27.84000000,40.27601145,40.19261745,39.93990173,40.03709083,0,0
27.85000000,40.30918727,40.21831879,39.92844468,40.02947329,0,0
27.86000000,40.30668199,40.27905903,39.94751731,40.03636315,0,0
27.87000000,40.30990955,40.34115496,39.96873745,40.06378767,0,0
27.88000000,40.35320152,40.33291692,40.06278108,40.05283142,0,0
27.89000000,40.43189814,40.35541533,39.97619225,40.11875035,0,0
27.90000000,40.50540545,40.36495231,40.03549022,40.18557226,0,0
27.91000000,40.49906467,40.39447944,40.06934830,40.25402179,0,0
27.92000000,40.44342794,40.40424009,40.15786340,40.29895307,0,0
27.93000000,40.51097533,40.47403694,40.25563146,40.30315351,0,0
27.94000000,40.58883993,40.50790791,40.28934849,40.32337352,0,0
27.95000000,40.67472896,40.54520227,40.29218205,40.35209971,0,0
27.96000000,40.67248643,40.58328220,40.30093848,40.39014749,0,0
27.97000000,40.70867544,40.58751833,40.34438852,40.39783880,0,0
27.98000000,40.68918866,40.63072493,40.37716083,40.52451176,0,0
27.99000000,40.73203339,40.72871894,40.44609777,40.53696764,0,0
28.00000000,40.76655399,40.74588581,40.54602605,40.58489088,0,0
28.01000000,40.81390311,40.70554678,40.54878493,40.55311594,0,0
28.02000000,40.86908226,40.77204233,40.58144061,40.57855735,0,0
28.03000000,40.89447036,40.82194214,40.61079452,40.62162489,0,0
28.04000000,40.92065497,40.89697352,40.54140290,40.65058596,0,0
28.05000000,40.94096167,40.91942415,40.58930328,40.69779771,0,0
28.06000000,40.97823205,40.91033740,40.64290213,40.74382783,0,0
28.07000000,40.99852032,40.96139263,40.71200367,40.78874653,0,0
28.08000000,41.09955948,41.03150691,40.74391577,40.81995882,0,0
28.09000000,41.14169227,41.04467370,40.76110285,40.85509067,0,0
28.10000000,41.13144134,41.06199273,40.78456038,40.88262708,0,0
28.11000000,41.15534687,41.10235069,40.80906057,40.90964156,0,0
28.12000000,41.23014896,41.16041236,40.82571360,40.93797366,0,0
28.13000000,41.23992324,41.17626829,40.83736862,40.98211554,0,0
28.14000000,41.26291530,41.22904466,40.89917388,41.07665130,0,0
28.15000000,41.28539888,41.24830576,40.92979405,41.09094281,0,0
28.16000000,41.30892235,41.25479109,40.95774956,41.12549354,0,0
28.17000000,41.33134838,41.28202093,41.00121514,41.11362919,0,0
28.18000000,41.35030352,41.32138664,41.08986120,41.11290481,0,0
28.19000000,41.39696992,41.37293960,41.08244230,41.15862789,0,0
28.20000000,41.50243970,41.42060360,41.06153463,41.20756138,0,0
28.21000000,41.52435389,41.43079351,41.11894604,41.26155439,0,0
28.22000000,41.47970330,41.44134881,41.17691424,41.29536431,0,0
28.23000000,41.50489064,41.47932967,41.22792849,41.29910715,0,0
28.24000000,41.56222170,41.51451326,41.29232349,41.32835315,0,0
28.25000000,41.59689873,41.55347016,41.32232937,41.35723905,0,0
28.26000000,41.69945814,41.61270970,41.30072927,41.36462107,0,0
28.27000000,41.73941980,41.64038498,41.29544486,41.39517721,0,0
28.28000000,41.71312339,41.68751207,41.35982139,41.45584415,0,0
28.29000000,41.70435913,41.71518675,41.44069507,41.54820603,0,0
28.30000000,41.73430663,41.71951911,41.48593242,41.56417831,0,0
28.31000000,41.79542611,41.72139367,41.50368243,41.56460881,0,0
28.32000000,41.82117309,41.76204906,41.53829724,41.59337361,0,0
28.33000000,41.86435849,41.84405386,41.56534207,41.60779951,0,0
28.34000000,41.91323179,41.87356725,41.53460360,41.65979299,0,0
28.35000000,41.95298953,41.91109818,41.58503847,41.71984855,0,0
28.36000000,41.93808591,41.90729588,41.63005140,41.77023763,0,0
28.37000000,42.01957184,41.95533167,41.67482864,41.81691754,0,0
28.38000000,42.09422173,42.00047555,41.69889512,41.83765502,0,0
28.39000000,42.09669040,42.03956957,41.68456053,41.84078378,0,0
28.40000000,42.08554052,42.07899167,41.75483078,41.86655887,0,0
28.41000000,42.11993637,42.10630292,41.74706083,41.90337423,0,0
28.42000000,42.21219527,42.14214662,41.82354713,41.92179684,0,0
28.43000000,42.20169731,42.19132703,41.90007817,42.00214077,0,0
28.44000000,42.23348470,42.24413977,41.94771407,42.07213825,0,0
28.45000000,42.24056416,42.25164357,41.91035537,42.02612450,0,0
28.46000000,42.27544359,42.27733238,41.91229659,42.05646316,0,0
28.47000000,42.29279810,42.31337985,41.96232091,42.08953082,0,0
28.48000000,42.37626863,42.33679218,41.96677013,42.07600016,0,0
28.49000000,42.39097078,42.36418903,42.03674656,42.19551563,0,0
28.50000000,42.41941401,42.38533885,42.06561186,42.23460056,0,0
28.51000000,42.41987604,42.42439699,42.07526288,42.29411201,0,0
28.52000000,42.52946758,42.47653851,42.12781888,42.31138324,0,0
28.53000000,42.56432537,42.49727190,42.17061504,42.35021545,0,0
28.54000000,42.54137352,42.56856332,42.21106424,42.35082289,0,0
28.55000000,42.58197397,42.63184957,42.20336990,42.38015253,0,0
28.56000000,42.65625814,42.62017199,42.22545746,42.38822611,0,0
28.57000000,42.64977931,42.65031255,42.21590428,42.43112020,0,0
28.58000000,42.71797616,42.70015987,42.30149627,42.52269923,0,0
28.59000000,42.73308284,42.69846831,42.39368637,42.55132735,0,0
28.60000000,42.72089354,42.68075123,42.41541071,42.55631703,0,0
28.61000000,42.74373686,42.74891851,42.43384739,42.58042369,0,0
28.62000000,42.81182910,42.78839079,42.51091424,42.58875255,0,0
28.63000000,42.94151136,42.85381646,42.45196676,42.60460333,0,0
28.64000000,42.87108633,42.85777663,42.56745405,42.67202740,0,0
28.65000000,42.86777395,42.85643448,42.56967649,42.69764935,0,0
28.66000000,42.92899662,42.93927844,42.64933780,42.75332453,0,0
28.67000000,43.04752932,42.93235555,42.70081593,42.76782872,0,0
28.68000000,43.04566967,42.97774791,42.69945493,42.79385767,0,0
28.69000000,43.04886344,43.02267506,42.73059317,42.83751523,0,0
28.70000000,43.11553482,43.07475860,42.71252072,42.85427527,0,0
28.71000000,43.10191599,43.13870496,42.75799936,42.87229965,0,0
28.72000000,43.18150027,43.17967662,42.79625072,42.91776829,0,0
28.73000000,43.18519562,43.14102730,42.89783656,42.95225564,0,0
28.74000000,43.21296487,43.12799974,42.92869302,42.93881837,0,0
28.75000000,43.22059663,43.20014066,42.89654341,42.99481483,0,0
28.76000000,43.25830583,43.22631197,42.99269214,43.03889997,0,0
28.77000000,43.33887699,43.30795700,42.90277158,43.09834567,0,0
28.78000000,43.37349211,43.32181587,42.95941285,43.17897432,0,0
28.79000000,43.33490178,43.29784793,42.99722640,43.18835406,0,0
28.80000000,43.41497465,43.34483765,43.09576837,43.28030419,0,0
28.81000000,43.47576561,43.39677471,43.12246724,43.28297942,0,0
28.82000000,43.48585799,43.42881423,43.14587724,43.25702896,0,0
28.83000000,43.49624111,43.46760898,43.13802644,43.28936503,0,0
28.84000000,43.56791587,43.47064796,43.17432855,43.32132400,0,0
28.85000000,43.61722884,43.54855378,43.18720770,43.33179287,0,0
28.86000000,43.63981430,43.60880185,43.23789765,43.37861552,0,0
28.87000000,43.64951881,43.61929270,43.32401327,43.45244828,0,0
28.88000000,43.63901744,43.63574374,43.32874512,43.39608543,0,0
28.89000000,43.68562092,43.65601630,43.37574146,43.44339828,0,0
28.90000000,43.76196044,43.70415878,43.43313741,43.47993348,0,0
28.91000000,43.84857364,43.77328804,43.38393279,43.51300704,0,0
28.92000000,43.84566523,43.76848432,43.43796060,43.59128042,0,0
28.93000000,43.81938425,43.81047887,43.49189445,43.64640187,0,0
28.94000000,43.91336280,43.85275473,43.56928700,43.67661349,0,0
28.95000000,43.97234633,43.90147981,43.62541692,43.68274825,0,0
28.96000000,43.98296708,43.93698632,43.65991411,43.72344943,0,0
28.97000000,44.01147059,43.99815388,43.66569828,43.74081407,0,0
28.98000000,44.03861742,44.00601880,43.64939074,43.76344838,0,0
28.99000000,44.06303278,44.03253442,43.67974723,43.82281885,0,0
29.00000000,44.14642835,44.05176726,43.69115522,43.90643962,0,0
29.01000000,44.16833766,44.05390441,43.78114176,43.92817398,0,0
29.02000000,44.18224890,44.11291054,43.80133436,43.93958156,0,0
29.03000000,44.21571202,44.18585634,43.81135165,43.93161028,0,0
29.04000000,44.27367845,44.25737255,43.82814222,43.93920104,0,0
29.05000000,44.37109438,44.24726600,43.80957436,43.96720523,0,0
29.06000000,44.36078943,44.25421419,43.87350380,44.01972319,0,0
29.07000000,44.33289273,44.26131319,43.93897289,44.07440576,0,0
29.08000000,44.39212101,44.28275513,44.02424266,44.10872985,0,0
29.09000000,44.46878008,44.31892090,44.07110372,44.13630863,0,0
29.10000000,44.50077537,44.38507632,44.12602061,44.16043578,0,0
29.11000000,44.51755619,44.42996965,44.14295642,44.16355088,0,0
29.12000000,44.55623854,44.46027744,44.18269089,44.19654567,0,0
29.13000000,44.58403992,44.49250351,44.19449144,44.25718808,0,0
29.14000000,44.62687291,44.53005224,44.25376007,44.31749803,0,0
29.15000000,44.63233324,44.50961234,44.30787508,44.33358409,0,0
29.16000000,44.64199150,44.51702401,44.32209038,44.33219967,0,0
29.17000000,44.66024386,44.54678755,44.37789810,44.33964238,0,0
29.18000000,44.73991259,44.57367905,44.39018195,44.38242195,0,0
29.19000000,44.77612347,44.63322917,44.36083284,44.41402686,0,0
29.20000000,44.77245557,44.62383907,44.36603807,44.42608013,0,0
29.21000000,44.80798467,44.66591439,44.41258810,44.44225146,0,0
29.22000000,44.86529994,44.69481382,44.45764826,44.44105683,0,0
29.23000000,44.91731622,44.72444175,44.50860267,44.49792792,0,0
29.24000000,44.90776711,44.74038325,44.54030321,44.53909048,0,0
29.25000000,44.92545196,44.75551516,44.60345172,44.60158683,0,0
29.26000000,44.94270937,44.77934916,44.62291877,44.64776796,0,0
29.27000000,44.98405139,44.85457517,44.65790303,44.71046232,0,0
29.28000000,45.05423296,44.88429252,44.69243607,44.77105772,0,0
29.29000000,45.05687952,44.88120096,44.77638955,44.78090490,0,0
29.30000000,45.09057756,44.93296277,44.79677401,44.74487386,0,0
29.31000000,45.10361201,44.95813340,44.83154521,44.75489731,0,0
29.32000000,45.17836676,45.02244740,44.86067451,44.79629600,0,0
29.33000000,45.19219862,45.04830319,44.84920542,44.86914034,0,0
29.34000000,45.16460281,45.06765858,44.91887579,44.95255513,0,0
29.35000000,45.22991118,45.12250436,44.95760832,45.01838636,0,0
29.36000000,45.32249554,45.19340314,45.04228560,45.04966294,0,0
29.37000000,45.37112392,45.20229679,45.04975781,45.07450289,0,0
29.38000000,45.35425195,45.23605142,45.07985812,45.09356257,0,0
29.39000000,45.40717093,45.28327689,45.09071000,45.10327526,0,0
29.40000000,45.42225034,45.37070494,45.08174294,45.19330120,0,0
29.41000000,45.50584810,45.44003839,45.12361981,45.25788774,0,0
29.42000000,45.59999227,45.39881965,45.19520050,45.30753668,0,0
29.43000000,45.59584239,45.40738658,45.23070993,45.30755826,0,0
29.44000000,45.58565141,45.47290544,45.26045920,45.30743099,0,0
29.45000000,45.65202897,45.59212440,45.28754844,45.29337679,0,0
29.46000000,45.69510913,45.63949571,45.22669313,45.28871771,0,0
29.47000000,45.76600055,45.66468655,45.24688521,45.29885702,0,0
29.48000000,45.78816544,45.61095228,45.29058211,45.35839706,0,0
29.49000000,45.87119572,45.66875588,45.35415653,45.36483150,0,0
29.50000000,45.83703135,45.69990392,45.41748796,45.38149068,0,0
29.51000000,45.84125532,45.80568535,45.46935894,45.43125954,0,0
29.52000000,45.87634271,45.80606647,45.45842306,45.41079117,0,0
29.53000000,45.90065596,45.77733007,45.44454072,45.44439780,0,0
29.54000000,45.93980682,45.83309375,45.44916852,45.49718724,0,0
29.55000000,45.97824994,45.82465392,45.53635338,45.59457943,0,0
29.56000000,46.01254985,45.85389198,45.60036037,45.64112239,0,0
29.57000000,46.00774110,45.92309400,45.64718221,45.61669093,0,0
29.58000000,46.08541371,45.94923093,45.64085905,45.62111119,0,0
29.59000000,46.13109091,45.95397844,45.58666692,45.66887011,0,0
29.60000000,46.11840364,45.97030165,45.58156283,45.69264395,0,0
29.61000000,46.07883192,45.97380139,45.69324241,45.72835193,0,0
29.62000000,46.13768767,46.03563701,45.77235571,45.81369485,0,0
29.63000000,46.17405075,46.03322976,45.87170448,45.79119044,0,0
29.64000000,46.21463465,46.05403099,45.80160016,45.83595872,0,0
29.65000000,46.29150077,46.09351966,45.86730511,45.89605771,0,0
29.66000000,46.27145896,46.08202506,45.81305661,45.91433207,0,0
29.67000000,46.29404559,46.15503205,45.94425626,45.98310595,0,0
29.68000000,46.31357599,46.17261143,46.00860949,46.08469124,0,0
29.69000000,46.39425399,46.17561645,46.12950363,46.10192623,0,0
29.70000000,46.35305644,46.22716102,46.10938591,46.11103398,0,0
29.71000000,46.37526966,46.27208864,46.14679462,46.14013256,0,0
29.72000000,46.44980094,46.35641286,46.15003070,46.19006134,0,0
29.73000000,46.51909523,46.32633663,46.11052751,46.21639731,0,0
29.74000000,46.49881478,46.33840267,46.18792451,46.23320613,0,0
29.75000000,46.58750843,46.39951657,46.14843094,46.29955922,0,0
29.76000000,46.58404287,46.46049164,46.26297362,46.28879525,0,0
29.77000000,46.58435311,46.47530561,46.26242545,46.32963547,0,0
29.78000000,46.66381035,46.54619828,46.35289254,46.37255339,0,0
29.79000000,46.68770783,46.52247285,46.36745826,46.37553205,0,0
29.80000000,46.73737473,46.55306066,46.36112985,46.40737450,0,0
29.81000000,46.72022322,46.59404158,46.40859768,46.50203703,0,0
29.82000000,46.79092570,46.62675879,46.42331292,46.51918815,0,0
29.83000000,46.76916526,46.65698504,46.45789588,46.52337951,0,0
29.84000000,46.85285603,46.70535088,46.48949902,46.55110064,0,0
29.85000000,46.90429488,46.75552945,46.50087575,46.54733503,0,0
29.86000000,46.96663842,46.78419375,46.48241533,46.57843020,0,0
29.87000000,46.91031393,46.83410779,46.54921285,46.58879571,0,0
29.88000000,46.97621502,46.86051735,46.58232327,46.62806869,0,0
29.89000000,46.94793643,46.86802268,46.66766417,46.62695586,0,0
29.90000000,47.03226140,46.91162028,46.64911440,46.70299666,0,0
29.91000000,47.05614778,46.94789472,46.67190248,46.72796987,0,0
29.92000000,47.08768673,46.94700489,46.64413011,46.73888722,0,0
29.93000000,47.12975282,47.01433699,46.71052288,46.78914406,0,0
29.94000000,47.16864215,46.99764114,46.73143367,46.82978757,0,0
29.95000000,47.16209798,47.06249516,46.81573498,46.87497680,0,0
29.96000000,47.13650014,47.04335578,46.80514607,46.89435055,0,0
29.97000000,47.17438798,47.11492123,46.83658116,46.92868050,0,0
29.98000000,47.23673901,47.13332465,46.85164174,46.94710453,0,0
29.99000000,47.30160146,47.18015498,46.87581432,46.97001610,0,0
30.00000000,47.29325406,47.16936842,46.88329241,46.98530597,0,0
30.01000000,47.36748254,47.21609385,46.87033492,47.00729095,0,0
30.02000000,47.36873560,47.25414082,46.96254110,47.01457486,0,0
30.03000000,47.38936057,47.28759748,46.97985463,47.06456398,0,0
30.04000000,47.41943375,47.33074442,47.05368750,47.08017134,0,0
30.05000000,47.42440683,47.31242908,47.08177448,47.11367944,0,0
30.06000000,47.43933467,47.37131952,47.12223100,47.16272976,0,0
30.07000000,47.47738902,47.38551999,47.15689204,47.24387044,0,0
30.08000000,47.50606475,47.39909471,47.18830133,47.29954908,0,0
30.09000000,47.52566023,47.44140545,47.16237318,47.27831521,0,0
30.10000000,47.57687469,47.46683635,47.20274340,47.30875503,0,0
30.11000000,47.62668191,47.51910987,47.20730477,47.31793645,0,0
30.12000000,47.59364870,47.49828622,47.25456507,47.35665761,0,0
30.13000000,47.61018839,47.48286776,47.33832000,47.41172031,0,0
30.14000000,47.72814778,47.55491078,47.38404507,47.41823505,0,0
30.15000000,47.77921210,47.62653139,47.39439455,47.43534087,0,0
30.16000000,47.76741420,47.69378458,47.40018983,47.46839655,0,0
30.17000000,47.75060939,47.70376886,47.39584352,47.47232505,0,0
30.18000000,47.76435812,47.67847160,47.40240643,47.48984490,0,0
30.19000000,47.82933625,47.68184794,47.41549672,47.52394184,0,0
30.20000000,47.88740226,47.72232930,47.46543064,47.57709696,0,0
30.21000000,47.89775595,47.73721441,47.53384050,47.59517255,0,0
30.22000000,47.88329974,47.78572306,47.55651779,47.62014905,0,0
30.23000000,47.87053341,47.82744039,47.59077912,47.64869038,0,0
30.24000000,47.93823412,47.88044531,47.59627869,47.66310623,0,0
30.25000000,47.98377071,47.89362582,47.58675770,47.68981646,0,0
30.26000000,48.01879297,47.84298830,47.61037193,47.73530050,0,0
30.27000000,48.04230046,47.86384358,47.63694065,47.75001032,0,0
30.28000000,48.03855246,47.92057486,47.70306864,47.78679170,0,0
30.29000000,48.12959355,48.02194005,47.73978606,47.81626469,0,0
30.30000000,48.15397818,48.03172623,47.75132731,47.84910257,0,0
30.31000000,48.14438386,48.00287144,47.71286459,47.84449089,0,0
30.32000000,48.13590371,48.04694661,47.73299802,47.85286115,0,0
30.33000000,48.19125248,48.08466258,47.78265405,47.87954346,0,0
30.34000000,48.22096637,48.10277026,47.90318557,47.93820295,0,0
30.35000000,48.20668926,48.10014375,47.92761746,47.96109806,0,0
30.36000000,48.22344991,48.11952164,47.91011383,47.97868713,0,0
30.37000000,48.28243324,48.14189359,47.88465087,48.02089357,0,0
30.38000000,48.33879162,48.19927833,47.90028572,48.05533563,0,0
30.39000000,48.37774572,48.22760919,47.97437364,48.07068825,0,0
30.40000000,48.34195592,48.26063261,48.03762657,48.09540350,0,0
30.41000000,48.36948717,48.28730333,48.10521189,48.09564221,0,0
30.42000000,48.42226677,48.35686694,48.14118987,48.17825383,0,0
30.43000000,48.51493026,48.39396608,48.06048743,48.21728626,0,0
30.44000000,48.53337758,48.39817394,48.11360857,48.24189877,0,0
30.45000000,48.56323630,48.37805258,48.10757654,48.29044793,0,0
30.46000000,48.56939133,48.43581590,48.15187506,48.29361680,0,0
30.47000000,48.57426852,48.47091625,48.15290872,48.27623386,0,0
30.48000000,48.58015785,48.52213523,48.19544254,48.29116115,0,0
30.49000000,48.63181657,48.51800671,48.27764704,48.30925553,0,0
30.50000000,48.62681124,48.53627889,48.22215739,48.29326027,0,0
30.51000000,48.69590553,48.57220433,48.24266769,48.36548016,0,0
30.52000000,48.76205931,48.65771463,48.29536222,48.40905496,0,0
30.53000000,48.75056348,48.62013567,48.35892038,48.43876339,0,0
30.54000000,48.74955992,48.60495317,48.36015393,48.43021394,0,0
30.55000000,48.78441696,48.60937944,48.39596695,48.46919151,0,0
30.56000000,48.77638205,48.59338048,48.41367939,48.45776516,0,0
30.57000000,48.81586895,48.67109876,48.42366955,48.45470611,0,0
30.58000000,48.86984023,48.72377076,48.45985483,48.50974798,0,0
30.59000000,48.86472951,48.74534425,48.44830624,48.52550719,0,0
30.60000000,48.80431486,48.72910298,48.47800379,48.53308415,0,0
30.61000000,48.89546346,48.74476421,48.48686537,48.59389064,0,0
30.62000000,48.91810103,48.79726942,48.52588215,48.57909313,0,0
30.63000000,48.95396052,48.83774670,48.56153359,48.65286406,0,0
30.64000000,49.05092807,48.80202048,48.61959502,48.62020480,0,0
30.65000000,49.03350690,48.88070823,48.65838929,48.68758206,0,0
30.66000000,49.06123367,48.89319223,48.71460669,48.69354202,0,0
30.67000000,49.08451489,48.99936338,48.72412610,48.72889800,0,0
30.68000000,49.09105762,48.97179061,48.75385547,48.76175820,0,0
30.69000000,49.05983170,48.92710175,48.70990463,48.77398616,0,0
30.70000000,49.13748240,48.99664798,48.77698950,48.91238047,0,0
30.71000000,49.18277101,48.94969025,48.82183861,49.03159284,0,0
30.72000000,49.20519462,49.06943939,48.88340545,49.04258308,0,0
30.73000000,49.18377407,49.03867032,48.93844064,49.07454495,0,0
30.74000000,49.27620309,49.09287133,48.91450548,49.00915976,0,0
30.75000000,49.29216806,49.09025520,48.90194113,49.04971628,0,0
30.76000000,49.37029780,49.14519877,48.93294937,49.00316637,0,0
30.77000000,49.37709634,49.18682581,48.98044960,49.04071162,0,0
30.78000000,49.36050507,49.22432165,49.01832304,49.05548987,0,0
30.79000000,49.42017860,49.21956882,48.94879786,49.01446590,0,0
30.80000000,49.47387541,49.26152800,48.95992917,48.99947104,0,0
30.81000000,49.46525335,49.24236916,48.91840394,48.94776317,0,0
30.82000000,49.46108718,49.24135669,48.95079446,49.01369508,0,0
30.83000000,49.42588383,49.24256497,49.02855428,49.02785445,0,0
30.84000000,49.48627813,49.30206192,49.12185758,49.05527462,0,0
30.85000000,49.53897208,49.31414038,49.17355122,49.10190480,0,0
30.86000000,49.65919206,49.30636762,49.20432933,49.12015613,0,0
30.87000000,49.60492315,49.28594885,49.19677862,49.18371562,0,0
30.88000000,49.56874764,49.29500280,49.16816110,49.14962986,0,0
30.89000000,49.59417561,49.33803585,49.24503527,49.22959335,0,0
30.90000000,49.63505398,49.37489474,49.31072400,49.22508074,0,0
30.91000000,49.68790471,49.40512784,49.33698000,49.24015508,0,0
30.92000000,49.72667658,49.38014798,49.34646231,49.26888295,0,0
30.93000000,49.67816914,49.39135367,49.33882314,49.27980242,0,0
30.94000000,49.72248344,49.44431711,49.38009872,49.29160389,0,0
30.95000000,49.71076668,49.43420625,49.40214272,49.37786854,0,0
30.96000000,49.75170451,49.46903638,49.42787987,49.37401718,0,0
30.97000000,49.76402093,49.46430489,49.47746321,49.40421192,0,0
30.98000000,49.81701641,49.50465835,49.51199733,49.42913030,0,0
30.99000000,49.85707985,49.54762928,49.57551132,49.45990869,0,0
31.00000000,49.84914561,49.55852371,49.55047789,49.47848653,0,0
31.01000000,49.88175388,49.56978154,49.51362017,49.49592557,0,0
31.02000000,49.90737744,49.59784983,49.46581727,49.48947370,0,0
31.03000000,49.92559160,49.64449467,49.53894769,49.49777576,0,0
31.04000000,49.94647254,49.69732693,49.59322150,49.53993674,0,0
31.05000000,49.97701741,49.69581586,49.64554612,49.56190805,0,0
31.06000000,49.99983798,49.69669461,49.67458784,49.55892617,0,0
31.07000000,50.04271712,49.69280056,49.62981868,49.58408804,0,0
31.08000000,50.02916275,49.71396501,49.68222007,49.59914937,0,0
31.09000000,50.04752124,49.76257858,49.72340745,49.60096416,0,0
31.10000000,50.05974538,49.80766948,49.75743045,49.62512661,0,0
31.11000000,50.10404430,49.82961917,49.77773779,49.62325085,0,0
31.12000000,50.07860334,49.80069285,49.76313202,49.62928580,0,0
31.13000000,50.12832311,49.77876902,49.77092690,49.67162137,0,0
31.14000000,50.13246403,49.81593713,49.76362561,49.67919473,0,0
31.15000000,50.18266294,49.88901202,49.78725175,49.68363229,0,0
31.16000000,50.19310536,49.93152754,49.81690186,49.70684683,0,0
31.17000000,50.21460092,49.96719637,49.84553940,49.71744632,0,0
31.18000000,50.22787368,49.96068685,49.85866839,49.71661859,0,0
31.19000000,50.24939067,49.96478765,49.85497480,49.73885818,0,0
31.20000000,50.29699393,49.98644669,49.85775160,49.81212159,0,0
31.21000000,50.30332209,50.03522146,49.91247286,49.82558550,0,0
31.22000000,50.32061413,50.02840754,49.91934665,49.84437352,0,0
31.23000000,50.26029860,50.06633336,49.95528774,49.88263567,0,0
31.24000000,50.27943071,50.09900586,49.96960872,49.91855984,0,0
31.25000000,50.32690912,50.12592227,49.96119641,49.92485525,0,0
31.26000000,50.37805754,50.13709677,49.99069205,49.95667506,0,0
31.27000000,50.39784520,50.13651075,50.00541934,49.99145940,0,0
31.28000000,50.42066653,50.16132976,50.08804221,50.03496005,0,0
31.29000000,50.40789576,50.19957926,50.11266536,50.08486278,0,0
31.30000000,50.42938806,50.23742775,50.10848869,50.08477371,0,0
31.31000000,50.45586334,50.25672478,50.07897961,50.11182879,0,0
31.32000000,50.51996942,50.25747002,50.07460979,50.13319709,0,0
31.33000000,50.47912959,50.25160766,50.08301015,50.13029458,0,0
31.34000000,50.52896102,50.33390269,50.17042701,50.15577519,0,0
31.35000000,50.57072904,50.34477387,50.18621445,50.18152994,0,0
31.36000000,50.57180717,50.36938387,50.18169618,50.17211291,0,0
31.37000000,50.61034125,50.33265240,50.19240974,50.20066846,0,0
31.38000000,50.62046850,50.40005398,50.26736731,50.21176480,0,0
31.39000000,50.60354385,50.45096901,50.29583878,50.23373277,0,0
31.40000000,50.66215031,50.45785898,50.29801704,50.26191168,0,0
31.41000000,50.72197538,50.48898139,50.33946852,50.29095778,0,0
31.42000000,50.72691370,50.47922498,50.33664904,50.28749186,0,0
31.43000000,50.75278706,50.49937216,50.33410902,50.33974650,0,0
31.44000000,50.70823310,50.54051962,50.35597774,50.37475975,0,0
31.45000000,50.73244314,50.55305435,50.37951130,50.38262175,0,0
31.46000000,50.74487632,50.54616786,50.41625645,50.40222821,0,0
31.47000000,50.80241474,50.54389487,50.39086784,50.41813568,0,0
31.48000000,50.84790440,50.57273950,50.43679788,50.45730782,0,0
31.49000000,50.82098551,50.58623589,50.42230076,50.42968465,0,0
31.50000000,50.89186213,50.63134773,50.45616744,50.45557777,0,0
31.51000000,50.85749057,50.63093955,50.48352768,50.48231574,0,0
31.52000000,50.91745471,50.65055123,50.51509169,50.51531844,0,0
31.53000000,50.93061268,50.67454625,50.58630835,50.57222619,0,0
31.54000000,50.92763346,50.75938477,50.61416262,50.53544395,0,0
31.55000000,50.96146825,50.73898904,50.58689786,50.55946993,0,0
31.56000000,50.92588834,50.74850727,50.55788245,50.56782610,0,0
31.57000000,50.96765419,50.74634345,50.60907532,50.64952835,0,0
31.58000000,51.02496633,50.77560446,50.61458187,50.64074761,0,0
31.59000000,51.02175406,50.77125634,50.68828058,50.62173626,0,0
31.60000000,51.02209202,50.77823491,50.70809451,50.66912824,0,0
31.61000000,51.03886922,50.80449008,50.70953129,50.67701451,0,0
31.62000000,51.12595308,50.85279348,50.75667477,50.72264202,0,0
31.63000000,51.11876255,50.88753759,50.74197570,50.81935842,0,0
31.64000000,51.15060324,50.90181892,50.77867319,50.78573625,0,0
31.65000000,51.16308730,50.86540071,50.76691313,50.80264532,0,0
31.66000000,51.13556213,50.90832674,50.80200490,50.83496289,0,0
31.67000000,51.19377849,50.98156385,50.81087641,50.80310897,0,0
31.68000000,51.17638880,51.02321748,50.81276082,50.84168847,0,0
31.69000000,51.20994030,50.95024444,50.84412974,50.81511598,0,0
31.70000000,51.19374892,50.94679892,50.88072932,50.84054248,0,0
31.71000000,51.26711757,50.96725435,50.91135301,50.82438824,0,0
31.72000000,51.25656015,51.01170577,50.89879649,50.83622756,0,0
31.73000000,51.31546991,51.08314793,50.91520134,50.89234280,0,0
31.74000000,51.25266535,51.05806401,50.91518135,50.86404155,0,0
31.75000000,51.29690360,51.07371034,50.92431631,50.94197032,0,0
31.76000000,51.32805907,51.06658205,51.01334954,50.99150577,0,0
31.77000000,51.38403769,51.06915768,50.99054318,51.02790260,0,0
31.78000000,51.35804672,51.05774421,50.98139637,50.96760872,0,0
31.79000000,51.36388143,51.09556585,50.95102492,50.98610602,0,0
31.80000000,51.33334083,51.14345904,50.98024643,51.00170506,0,0
31.81000000,51.38995991,51.15549950,51.06880036,50.99701097,0,0
31.82000000,51.44100611,51.20917906,51.06233476,51.04688864,0,0
31.83000000,51.46334622,51.18132655,51.09912263,51.01802992,0,0
31.84000000,51.41940619,51.09320787,51.09173471,51.03963412,0,0
31.85000000,51.49831634,51.18055871,51.13130175,51.08642004,0,0
31.86000000,51.45020307,51.24477937,51.16142063,51.09980180,0,0
31.87000000,51.52986538,51.28948908,51.18558358,51.13816937,0,0
31.88000000,51.54028147,51.20986685,51.17974239,51.12281220,0,0
31.89000000,51.54864071,51.25794533,51.22409961,51.13582520,0,0
31.90000000,51.52435143,51.31810926,51.23606828,51.16000428,0,0
31.91000000,51.53840504,51.34219116,51.24703313,51.20166239,0,0
31.92000000,51.58035562,51.33403054,51.26585031,51.25407933,0,0
31.93000000,51.61384436,51.28754188,51.29128989,51.26508788,0,0
31.94000000,51.66691911,51.29031668,51.31221780,51.32640018,0,0
31.95000000,51.67781605,51.32534106,51.32424828,51.29268932,0,0
31.96000000,51.65856190,51.37736495,51.31968108,51.28483039,0,0
31.97000000,51.69147125,51.45072222,51.30213753,51.22535187,0,0
31.98000000,51.71771773,51.46298648,51.28485392,51.24319890,0,0
31.99000000,51.72388328,51.44353334,51.32079046,51.28364212,0,0
32.00000000,51.74958256,51.46545443,51.36089497,51.28505833,0,0
32.01000000,51.77602167,51.48689518,51.41118391,51.35245552,0,0
32.02000000,51.78883162,51.50594870,51.39510392,51.30565081,0,0
32.03000000,51.74846108,51.51222964,51.39171670,51.33375116,0,0
32.04000000,51.74509873,51.50567117,51.41581427,51.37505559,0,0
32.05000000,51.79382376,51.52538017,51.47154734,51.40931036,0,0
32.06000000,51.81837004,51.56094407,51.52709643,51.41744303,0,0
32.07000000,51.84530855,51.56891949,51.54715051,51.42385743,0,0
32.08000000,51.82908267,51.52637717,51.47159227,51.45786284,0,0
32.09000000,51.86559768,51.55935998,51.44504842,51.51803128,0,0
32.10000000,51.88806343,51.63208706,51.47232025,51.51759703,0,0
32.11000000,51.88677112,51.70829012,51.51449576,51.49923265,0,0
32.12000000,51.88622186,51.72974393,51.52142048,51.50758124,0,0
32.13000000,51.86937717,51.70242856,51.55827843,51.50421492,0,0
32.14000000,51.89265220,51.68366933,51.56306540,51.52414646,0,0
32.15000000,51.91672934,51.69323516,51.53995097,51.55926619,0,0
32.16000000,51.93270754,51.75048190,51.56812724,51.61939833,0,0
32.17000000,51.91727167,51.79425476,51.56814151,51.63598151,0,0
32.18000000,51.91929474,51.81812230,51.60233090,51.64015755,0,0
32.19000000,51.96871031,51.81078236,51.64439179,51.67274014,0,0
32.20000000,51.95661616,51.80661676,51.65246757,51.69899462,0,0
32.21000000,52.02036729,51.84519802,51.62986759,51.72288782,0,0
32.22000000,51.99885819,51.87424082,51.63557039,51.78163168,0,0
32.23000000,52.04628938,51.92862857,51.66777808,51.81327075,0,0
32.24000000,52.02644212,51.92037834,51.70659666,51.82603939,0,0
32.25000000,52.05850353,51.93754996,51.70297158,51.83687299,0,0
32.26000000,52.08078585,51.93738061,51.71672158,51.82259332,0,0
32.27000000,52.08211466,51.96991433,51.69606810,51.79032389,0,0
32.28000000,52.05475300,52.05003936,51.72559040,51.81928386,0,0
32.29000000,52.09084159,52.05960592,51.76497400,51.84436613,0,0
32.30000000,52.12565507,52.03653145,51.78373661,51.87737033,0,0
32.31000000,52.15905186,52.02429909,51.80526994,51.92397429,0,0
32.32000000,52.19861796,52.03435591,51.77169225,51.94087707,0,0
32.33000000,52.20016804,52.11064966,51.76682105,51.91552618,0,0
32.34000000,52.14427160,52.13671169,51.78073504,51.94389451,0,0
32.35000000,52.18850396,52.17380097,51.83818874,51.98133995,0,0
32.36000000,52.22875720,52.17268805,51.86290074,52.00208318,0,0
32.37000000,52.27212086,52.15572851,51.87192613,52.04231168,0,0
32.38000000,52.26312049,52.15845055,51.82229029,52.02970447,0,0
32.39000000,52.24771634,52.16903832,51.81039198,52.03703871,0,0
32.40000000,52.25868822,52.19721519,51.86360444,52.08130665,0,0
32.41000000,52.28579746,52.24325272,51.91345020,52.06721936,0,0
32.42000000,52.29550800,52.24182833,51.93946980,52.09931645,0,0
32.43000000,52.28235393,52.23423072,51.94669387,52.06152894,0,0
32.44000000,52.31756411,52.21340778,51.93336207,52.11834978,0,0
32.45000000,52.30189768,52.20056504,51.94194706,52.10944492,0,0
32.46000000,52.37980531,52.26508580,51.95228601,52.18925231,0,0
32.47000000,52.39075656,52.26510882,51.95887756,52.22795095,0,0
32.48000000,52.37485922,52.28826535,52.00691451,52.18587352,0,0
32.49000000,52.42647666,52.27317134,52.06430979,52.21633507,0,0
32.50000000,52.43019858,52.28880733,52.07604829,52.20814643,0,0
32.51000000,52.40889624,52.32612945,52.09318667,52.24505545,0,0
32.52000000,52.42016560,52.24216716,52.07841608,52.26951825,0,0
32.53000000,52.45905078,52.33370018,52.11894546,52.27320306,0,0
32.54000000,52.48780862,52.34770930,52.14464096,52.30303686,0,0
32.55000000,52.48953154,52.37623127,52.17230205,52.26429169,0,0
32.56000000,52.50471359,52.36236735,52.15754473,52.27037746,0,0
32.57000000,52.50607488,52.37445882,52.18920710,52.29000608,0,0
32.58000000,52.56685062,52.41723175,52.19265503,52.31653660,0,0
32.59000000,52.58677528,52.41518299,52.24139425,52.37228444,0,0
32.60000000,52.56090988,52.43738356,52.28595747,52.41585581,0,0
32.61000000,52.56733989,52.40369822,52.20859134,52.39401261,0,0
32.62000000,52.60348702,52.42796610,52.23637929,52.45844455,0,0
32.63000000,52.62857108,52.48014247,52.19038500,52.41241801,0,0
32.64000000,52.65822687,52.47910210,52.26325008,52.42293897,0,0
32.65000000,52.64422641,52.48520044,52.25516082,52.45474325,0,0
32.66000000,52.65917671,52.49931708,52.27001788,52.42622465,0,0
32.67000000,52.62995110,52.51460628,52.32603592,52.47481223,0,0
32.68000000,52.65522071,52.53452230,52.32372135,52.45620582,0,0
32.69000000,52.82524363,52.60729184,52.29747425,52.46989843,0,0
32.70000000,52.73499310,52.54983390,52.29445590,52.40522275,0,0
32.71000000,52.72515819,52.57854633,52.36830077,52.44388297,0,0
32.72000000,52.63201107,52.59079141,52.38451922,52.46020351,0,0
32.73000000,52.72367051,52.59643873,52.40010807,52.47575658,0,0
32.74000000,52.76770540,52.62733197,52.38019752,52.50169462,0,0
32.75000000,52.84365102,52.61946979,52.39924825,52.53810530,0,0
32.76000000,52.78111441,52.63690204,52.42230615,52.57221354,0,0
32.77000000,52.79261926,52.61337953,52.45225061,52.56099467,0,0
32.78000000,52.78899460,52.69145620,52.46599338,52.60534859,0,0
32.79000000,52.84662766,52.72006911,52.47982447,52.61312206,0,0
32.80000000,52.85673661,52.72676554,52.46519171,52.61276220,0,0
32.81000000,52.84926634,52.69722740,52.48493899,52.65426431,0,0
32.82000000,52.87664979,52.68542343,52.52194964,52.63824240,0,0
32.83000000,52.90097217,52.77861302,52.51386057,52.63281804,0,0
32.84000000,52.92589678,52.77782206,52.51642578,52.65218265,0,0
32.85000000,52.90974119,52.75816406,52.41883072,52.63392820,0,0
32.86000000,52.87092478,52.74608265,52.56314621,52.67602162,0,0
32.87000000,52.91678082,52.75918683,52.67412804,52.68928756,0,0
32.88000000,52.92034416,52.82987329,52.61873202,52.70590517,0,0
32.89000000,52.96544192,52.80460529,52.60694784,52.71540367,0,0
32.90000000,53.02443251,52.81754222,52.56272523,52.71287898,0,0
32.91000000,53.02989674,52.80271093,52.57616675,52.71912859,0,0
32.92000000,53.01297890,52.85805861,52.61054145,52.73726493,0,0
32.93000000,53.03649107,52.88578868,52.66590924,52.73718656,0,0
32.94000000,53.02631722,52.88632089,52.65927141,52.76835165,0,0
32.95000000,53.02881611,52.87467543,52.66057536,52.73208739,0,0
32.96000000,53.05873473,52.87446078,52.67480357,52.76252580,0,0
32.97000000,53.04955954,52.87758636,52.67646140,52.82192438,0,0
32.98000000,53.06971308,52.90880929,52.67945851,52.82347202,0,0
32.99000000,53.09793835,52.92962715,52.69241998,52.82596915,0,0
33.00000000,53.10950232,52.91692785,52.73447660,52.84300763,0,0
33.01000000,53.14130672,52.93086226,52.77815519,52.84911352,0,0
33.02000000,53.10936787,52.97651780,52.77855383,52.86451121,0,0
33.03000000,53.12402794,52.94925726,52.79708953,52.87811550,0,0
33.04000000,53.14225150,52.95795126,52.76539905,52.88002277,0,0
33.05000000,53.15117973,52.98891797,52.76444190,52.87716750,0,0
33.06000000,53.15431702,52.97770108,52.77402279,52.92193416,0,0
33.07000000,53.18222984,52.99382834,52.80926815,52.90912599,0,0
33.08000000,53.19741968,53.02035343,52.83905479,52.93044788,0,0
33.09000000,53.20501210,53.03991445,52.83467631,52.96114798,0,0
33.10000000,53.19971657,53.02519779,52.83560285,52.98282637,0,0
33.11000000,53.19657850,53.01925774,52.86751437,52.99740200,0,0
33.12000000,53.22237888,53.05208678,52.92295241,52.98394055,0,0
33.13000000,53.27813597,53.05719855,52.88884970,52.97278940,0,0
33.14000000,53.27813922,53.09240326,52.86356499,52.98944812,0,0
33.15000000,53.28015667,53.14614630,52.86854283,53.02127290,0,0
33.16000000,53.27116764,53.15977757,52.88105687,53.02388256,0,0
33.17000000,53.28672621,53.13806490,52.95514053,53.03823689,0,0
33.18000000,53.31243191,53.10364561,52.97219276,53.03357075,0,0
33.19000000,53.31525181,53.09358740,52.97894255,53.05441672,0,0
33.20000000,53.31673285,53.13035964,52.94588589,53.08046996,0,0
33.21000000,53.33424792,53.16300089,52.94551593,53.08993321,0,0
33.22000000,53.35446289,53.19117787,52.97509254,53.08095684,0,0
33.23000000,53.35585961,53.15964021,52.98895789,53.09389886,0,0
33.24000000,53.35135460,53.14231426,52.99266035,53.08091952,0,0
33.25000000,53.35252011,53.18532138,53.00549132,53.09460379,0,0
33.26000000,53.35111930,53.22571028,53.02715236,53.13066089,0,0
33.27000000,53.40587586,53.24003304,53.01939650,53.12563455,0,0
33.28000000,53.42592370,53.23724472,53.01209763,53.12684909,0,0
33.29000000,53.43060899,53.19800385,53.06368443,53.12862025,0,0
33.30000000,53.40101273,53.20641527,53.07745865,53.11960139,0,0
33.31000000,53.41220158,53.24955988,53.07837400,53.12581828,0,0
33.32000000,53.44016825,53.29311107,53.06527720,53.17748814,0,0
33.33000000,53.49550048,53.29193813,53.05246684,53.17875256,0,0
33.34000000,53.44193826,53.21999398,53.10323592,53.21706370,0,0
33.35000000,53.46763120,53.25669804,53.09418883,53.21446815,0,0
33.36000000,53.43681136,53.29377643,53.11132108,53.21850521,0,0
33.37000000,53.49497756,53.31734856,53.13279025,53.24321294,0,0
33.38000000,53.51838201,53.30499375,53.13061266,53.24803836,0,0
33.39000000,53.54593638,53.33213358,53.16298356,53.24630953,0,0
33.40000000,53.54053818,53.33750589,53.20499044,53.25646492,0,0
33.41000000,53.50911700,53.36235494,53.23354043,53.25421279,0,0
33.42000000,53.49992504,53.40626184,53.19417005,53.27834283,0,0
33.43000000,53.52078904,53.36717105,53.17046420,53.32078162,0,0
33.44000000,53.60436854,53.39111176,53.18442406,53.34401676,0,0
33.45000000,53.61276116,53.38159963,53.19834940,53.32212976,0,0
33.46000000,53.58217438,53.39051854,53.22285465,53.34794874,0,0
33.47000000,53.60488230,53.38745597,53.20684164,53.32521203,0,0
33.48000000,53.56752432,53.40933074,53.22777551,53.32630216,0,0
33.49000000,53.60471361,53.43726268,53.25482295,53.35548117,0,0
33.50000000,53.64533089,53.43192437,53.26302800,53.36254949,0,0
33.51000000,53.63821909,53.45135010,53.28607380,53.37025026,0,0
33.52000000,53.63472117,53.45510412,53.28590755,53.36991725,0,0
33.53000000,53.63208014,53.43080544,53.25513404,53.36094810,0,0
33.54000000,53.65708877,53.45354296,53.26086269,53.37995625,0,0
33.55000000,53.68163662,53.47952687,53.27244217,53.38553940,0,0
33.56000000,53.64081384,53.45163085,53.30881484,53.33487289,0,0
33.57000000,53.61679542,53.46278171,53.31835282,53.40765177,0,0
33.58000000,53.64074830,53.49224422,53.36307037,53.38959408,0,0
33.59000000,53.70734847,53.50101987,53.28359389,53.40728313,0,0
33.60000000,53.69669911,53.49802168,53.28957801,53.45050918,0,0
33.61000000,53.67645703,53.52671093,53.31461010,53.44085691,0,0
33.62000000,53.67303512,53.52279241,53.37989869,53.49459320,0,0
33.63000000,53.70783055,53.55952770,53.41642611,53.53656118,0,0
33.64000000,53.74271474,53.56319718,53.41185225,53.49637350,0,0
33.65000000,53.76450320,53.55600362,53.39176365,53.52477452,0,0
33.66000000,53.73331253,53.55464479,53.37827640,53.52797243,0,0
33.67000000,53.77489516,53.53078147,53.41547762,53.57056959,0,0
33.68000000,53.78580457,53.60772597,53.44335699,53.55050581,0,0
33.69000000,53.77716121,53.57720616,53.46122040,53.56537965,0,0
33.70000000,53.82790462,53.62100695,53.43809246,53.55543275,0,0
33.71000000,53.78276029,53.62442956,53.45858260,53.50248985,0,0
33.72000000,53.84613053,53.67881571,53.47613697,53.53093050,0,0
33.73000000,53.83294220,53.67553099,53.50111783,53.57246120,0,0
33.74000000,53.85508585,53.64129075,53.46718300,53.54525683,0,0
33.75000000,53.85967205,53.67404616,53.51989574,53.57352128,0,0
33.76000000,53.84165239,53.67751439,53.52453595,53.58206579,0,0
33.77000000,53.88665782,53.73734689,53.49494241,53.59806542,0,0
33.78000000,53.91063343,53.74060787,53.49226916,53.59455693,0,0
33.79000000,53.88415206,53.68460517,53.46293888,53.60851201,0,0
33.80000000,53.90027373,53.67199466,53.50150145,53.63679134,0,0
33.81000000,53.93686766,53.69865491,53.52353328,53.63037299,0,0
33.82000000,53.94154814,53.74036825,53.54439373,53.66302171,0,0
33.83000000,53.94142655,53.79394570,53.53165442,53.67314443,0,0
33.84000000,53.95267134,53.74386917,53.49968266,53.64482829,0,0
33.85000000,53.87816625,53.76680378,53.56805184,53.67907066,0,0
33.86000000,53.99654485,53.76729886,53.58736705,53.67909417,0,0
33.87000000,54.02080301,53.77101515,53.61716356,53.65289931,0,0
33.88000000,54.02216966,53.79919692,53.61248487,53.71058463,0,0
33.89000000,53.95772557,53.78429212,53.62215700,53.71679540,0,0
33.90000000,53.95806526,53.82772796,53.62105118,53.75682888,0,0
33.91000000,54.01021338,53.82655056,53.66122642,53.75952540,0,0
33.92000000,54.07736423,53.84508136,53.69543893,53.76664174,0,0
33.93000000,54.03993232,53.80880091,53.68958465,53.78435202,0,0
33.94000000,54.01186482,53.79398952,53.67184070,53.77289918,0,0
33.95000000,54.05628541,53.85625706,53.70778969,53.83659252,0,0
33.96000000,54.14278145,53.89798687,53.71872029,53.83598438,0,0
33.97000000,54.15449453,53.88192007,53.74438363,53.82892835,0,0
33.98000000,54.11353792,53.83871857,53.74830203,53.82270859,0,0
33.99000000,54.05333420,53.84278495,53.78356802,53.82583433,0,0
34.00000000,54.08295739,53.89745618,53.75528907,53.83860499,0,0
34.01000000,54.12772660,53.92116019,53.77584776,53.84119833,0,0
34.02000000,54.12234364,53.89861466,53.73096653,53.80058326,0,0
34.03000000,54.14698322,53.86902793,53.73545717,53.82991466,0,0
34.04000000,54.15216827,53.88620188,53.80136681,53.82009510,0,0
34.05000000,54.16346691,53.94010051,53.83210692,53.82012373,0,0
34.06000000,54.18191928,53.93867883,53.80184053,53.85574942,0,0
34.07000000,54.18385232,53.91174641,53.80044320,53.82661000,0,0
34.08000000,54.17338603,53.91516706,53.81688011,53.84913556,0,0
34.09000000,54.18713632,53.94631568,53.85907739,53.85674395,0,0
34.10000000,54.19455135,53.95489518,53.82299963,53.87928711,0,0
34.11000000,54.21018432,53.98335034,53.78129013,53.88212920,0,0
34.12000000,54.22942520,53.95716107,53.79587601,53.89117327,0,0
34.13000000,54.20628223,53.97710969,53.82799285,53.93382762,0,0
34.14000000,54.21175672,53.98137448,53.90768664,53.93418963,0,0
34.15000000,54.20917703,54.00320661,53.93054292,53.94620280,0,0
34.16000000,54.23529352,54.01145454,53.91654761,53.96315790,0,0
34.17000000,54.25681936,54.00281381,53.91443993,53.96358984,0,0
34.18000000,54.28541580,54.00860552,53.89639768,53.97928404,0,0
34.19000000,54.28985021,54.04309490,53.92283434,53.99423287,0,0
34.20000000,54.27121404,54.05099000,53.94814821,53.99932223,0,0
34.21000000,54.26183016,54.07009134,53.95265729,54.01987308,0,0
34.22000000,54.26800055,54.07780435,53.94463743,54.01300635,0,0
34.23000000,54.30297316,54.06770920,53.95857450,54.01629968,0,0
34.24000000,54.33989188,54.06705275,53.94782106,54.01844045,0,0
34.25000000,54.37956204,54.09418771,53.96915429,54.01551769,0,0
34.26000000,54.39180029,54.11242770,53.98388487,54.03041503,0,0
34.27000000,54.37079659,54.10755949,53.97439169,54.01977402,0,0
34.28000000,54.32460191,54.12944325,53.98872637,54.00833176,0,0
34.29000000,54.35386680,54.16353019,54.00902739,54.02629843,0,0
34.30000000,54.39465147,54.15145170,54.03527354,54.04269455,0,0
34.31000000,54.42054801,54.14443357,54.02011901,54.08547842,0,0
34.32000000,54.38653426,54.15118402,54.03106826,54.09942911,0,0
34.33000000,54.37549338,54.17538887,54.02761392,54.10175602,0,0
34.34000000,54.40670354,54.19296424,54.04901824,54.12115286,0,0
34.35000000,54.44731541,54.21027828,54.07918781,54.12281769,0,0
34.36000000,54.45155084,54.15756511,54.11272805,54.13361489,0,0
34.37000000,54.43957505,54.15308894,54.13312699,54.11774872,0,0
34.38000000,54.42900201,54.16836575,54.09522538,54.15346178,0,0
34.39000000,54.45460550,54.21484959,54.07383101,54.15794811,0,0
34.40000000,54.49953318,54.24321497,54.04839927,54.16563282,0,0
34.41000000,54.50999906,54.28085375,54.07203710,54.14458312,0,0
34.42000000,54.51764274,54.25167208,54.10785408,54.15846663,0,0
34.43000000,54.48141857,54.26267675,54.17375089,54.18319228,0,0
34.44000000,54.48815716,54.24030439,54.15822202,54.16928480,0,0
34.45000000,54.51895670,54.28566110,54.14722326,54.18594799,0,0
34.46000000,54.54347317,54.31024435,54.12511833,54.19762488,0,0
34.47000000,54.52031244,54.29143332,54.15641127,54.22561913,0,0
34.48000000,54.54411886,54.28862563,54.21103409,54.24396885,0,0
34.49000000,54.57664324,54.27783682,54.23545463,54.25082998,0,0
34.50000000,54.52546696,54.32736331,54.17311967,54.24202789,0,0
34.51000000,54.51859902,54.35490787,54.20235892,54.29920835,0,0
34.52000000,54.53013388,54.37094269,54.19769225,54.30758792,0,0
34.53000000,54.59782073,54.36818367,54.25622815,54.35312141,0,0
34.54000000,54.62827645,54.34779264,54.24993496,54.32548345,0,0
34.55000000,54.59803571,54.35750231,54.24372484,54.30094166,0,0
34.56000000,54.57811036,54.39874022,54.19246630,54.31289626,0,0
34.57000000,54.61855728,54.42755555,54.23414908,54.28118735,0,0
34.58000000,54.61617630,54.40208974,54.21949406,54.31664141,0,0
34.59000000,54.62316320,54.41479649,54.27675714,54.31236145,0,0
34.60000000,54.59538767,54.37129204,54.23823003,54.31988572,0,0
34.61000000,54.63307084,54.43792181,54.24626144,54.29747308,0,0
34.62000000,54.61224499,54.42928180,54.24735368,54.33918116,0,0
34.63000000,54.69522821,54.44434413,54.26550237,54.35213179,0,0
34.64000000,54.64766124,54.44556515,54.27971762,54.34791348,0,0
34.65000000,54.70300265,54.42381277,54.33083543,54.37419943,0,0
34.66000000,54.63370153,54.47708784,54.39269441,54.35165792,0,0
34.67000000,54.66232480,54.45619638,54.30818174,54.38422642,0,0
34.68000000,54.70541132,54.51284316,54.28015911,54.37540411,0,0
34.69000000,54.69684279,54.41680989,54.29394318,54.42922788,0,0
34.70000000,54.69434167,54.46441444,54.32587244,54.41208724,0,0
34.71000000,54.72448913,54.49577085,54.37738782,54.42101585,0,0
34.72000000,54.72382730,54.52749683,54.33707646,54.40439246,0,0
34.73000000,54.75435436,54.53726828,54.34904297,54.42637730,0,0
34.74000000,54.72903427,54.49760476,54.38448836,54.46050427,0,0
34.75000000,54.79146618,54.54948886,54.41239523,54.45047132,0,0
34.76000000,54.78148027,54.52902467,54.44180611,54.48871087,0,0
34.77000000,54.72745883,54.62356947,54.41319031,54.47919649,0,0
34.78000000,54.74633532,54.55469242,54.38812399,54.50120520,0,0
34.79000000,54.71493088,54.52997382,54.37637686,54.49707997,0,0
34.80000000,54.87145326,54.56079560,54.42333803,54.51744968,0,0
34.81000000,54.82424751,54.52844951,54.45735488,54.53493340,0,0
34.82000000,54.84893706,54.58480699,54.45687369,54.51993194,0,0
34.83000000,54.75391965,54.55722308,54.46203091,54.51729505,0,0
34.84000000,54.80144467,54.63884950,54.43391764,54.51241846,0,0
34.85000000,54.85200073,54.62913902,54.45144572,54.55339495,0,0
34.86000000,54.86915079,54.61608977,54.44501059,54.55303020,0,0
34.87000000,54.82307210,54.57616510,54.45866746,54.52066714,0,0
34.88000000,54.80191179,54.60702413,54.46969418,54.56391295,0,0
34.89000000,54.83870343,54.65392125,54.45701763,54.55506026,0,0
34.90000000,54.90070351,54.68030555,54.48922999,54.58565608,0,0
34.91000000,54.89208078,54.63180484,54.48052354,54.55709548,0,0
34.92000000,54.83624305,54.57186570,54.55708777,54.58579203,0,0
34.93000000,54.88680473,54.57887314,54.60240485,54.61203345,0,0
34.94000000,54.89430930,54.64125681,54.55100761,54.62133799,0,0
34.95000000,54.91415282,54.71046853,54.51836251,54.63375693,0,0
34.96000000,54.90742553,54.70965717,54.49136173,54.60366351,0,0
34.97000000,54.89895742,54.65060315,54.53722907,54.61069156,0,0
34.98000000,54.93853952,54.64499008,54.59441768,54.65360678,0,0
34.99000000,54.91712575,54.67884743,54.60359494,54.64320232,0,0
35.00000000,54.88534704,54.68089438,54.59651847,54.63958325,0,0
35.01000000,54.87872812,54.69957022,54.58311548,54.65782062,0,0
35.02000000,54.92356964,54.67221073,54.59120715,54.64362587,0,0
35.03000000,54.96079625,54.69330478,54.59501499,54.65957714,0,0
35.04000000,54.96493089,54.69989576,54.60174911,54.66641721,0,0
35.05000000,54.94681724,54.73564860,54.57918812,54.67099952,0,0
35.06000000,54.91676382,54.75112655,54.57763263,54.67879032,0,0
35.07000000,54.97077786,54.73894210,54.61008518,54.71121539,0,0
35.08000000,54.99458309,54.70538327,54.60121790,54.72232214,0,0
35.09000000,55.01149877,54.74691209,54.62148262,54.71451982,0,0
35.10000000,54.98372879,54.77651130,54.62354294,54.68293676,0,0
35.11000000,54.96946144,54.80875021,54.62192015,54.68560537,0,0
35.12000000,55.00672387,54.78785495,54.61903323,54.68552565,0,0
35.13000000,55.04726602,54.76577029,54.63486348,54.72245237,0,0
35.14000000,55.01088411,54.73385859,54.66935005,54.73761110,0,0
35.15000000,54.96422428,54.73454313,54.70720826,54.73841753,0,0
35.16000000,54.98798049,54.79631066,54.72687680,54.76973158,0,0
35.17000000,55.02261462,54.85663452,54.69608555,54.76360846,0,0
35.18000000,55.06054729,54.82586052,54.66821562,54.75739229,0,0
35.19000000,55.04088560,54.80146870,54.68247884,54.75703021,0,0
35.20000000,55.03852449,54.77760665,54.69387394,54.75945431,0,0
35.21000000,55.03998307,54.81906838,54.70585571,54.77994101,0,0
35.22000000,55.02395815,54.86211301,54.68154368,54.78561382,0,0
35.23000000,55.02010011,54.85293469,54.67364416,54.79937591,0,0
35.24000000,55.02217407,54.83660406,54.66472803,54.79280352,0,0
35.25000000,55.06989974,54.81464884,54.66151409,54.77979058,0,0
35.26000000,55.09640256,54.84722636,54.67489959,54.77679752,0,0
35.27000000,55.09372502,54.87336871,54.64998184,54.78086113,0,0
35.28000000,55.02496215,54.88173709,54.66764544,54.79940022,0,0
35.29000000,55.04289698,54.87029689,54.69399301,54.79915468,0,0
35.30000000,55.07845583,54.86282668,54.74457121,54.82084328,0,0
35.31000000,55.11212683,54.88187827,54.75325314,54.84574448,0,0
35.32000000,55.10303053,54.88066855,54.72932129,54.83670652,0,0
35.33000000,55.05172568,54.90209530,54.72333701,54.83781953,0,0
35.34000000,55.03719847,54.90732655,54.74990685,54.88253866,0,0
35.35000000,55.11767285,54.95369618,54.74816116,54.88841846,0,0
35.36000000,55.19181200,54.93694160,54.76903581,54.85768452,0,0
35.37000000,55.17436183,54.87224625,54.77906421,54.89270527,0,0
35.38000000,55.16316939,54.90150189,54.80499170,54.86386875,0,0
35.39000000,55.08136338,54.94050358,54.80873819,54.86685835,0,0
35.40000000,55.16753412,55.02550919,54.80082279,54.89526896,0,0
35.41000000,55.17350151,54.99139437,54.77383532,54.88951215,0,0
35.42000000,55.16312457,54.95015108,54.77765868,54.90361340,0,0
35.43000000,55.13107050,54.96108506,54.80797990,54.91561911,0,0
35.44000000,55.15435201,54.96909110,54.82819496,54.93385609,0,0
35.45000000,55.18097669,55.04602727,54.80680594,54.96618613,0,0
35.46000000,55.20610162,55.00621883,54.79714860,54.94262224,0,0
35.47000000,55.16037264,54.91415637,54.79618026,54.89791148,0,0
35.48000000,55.15462298,54.90325069,54.84088801,54.94327466,0,0
35.49000000,55.16955646,54.94893305,54.81689622,54.89593611,0,0
35.50000000,55.17587877,55.00322225,54.77697209,54.91123884,0,0
35.51000000,55.22030794,55.04265219,54.71886816,54.94069447,0,0
35.52000000,55.17677053,54.97662441,54.72379479,54.92935903,0,0
35.53000000,55.20583567,55.03466468,54.87099632,55.01191680,0,0
35.54000000,55.15680267,54.99595783,54.85037793,54.95762744,0,0
35.55000000,55.19311957,55.00803019,54.89601983,54.95607857,0,0
35.56000000,55.14863661,55.00126089,54.85070794,54.95889241,0,0
35.57000000,55.21246738,54.99719748,54.83237567,54.96559167,0,0
35.58000000,55.17441589,55.01250397,54.88201576,54.97671713,0,0
35.59000000,55.25161775,55.01445393,54.86678644,54.96879592,0,0
35.60000000,55.23051802,55.01426311,54.88799792,55.00378846,0,0
35.61000000,55.25600601,55.05168088,54.89158418,55.01396144,0,0
35.62000000,55.21011592,55.04207496,54.88181792,55.03778285,0,0
35.63000000,55.19332926,55.03458719,54.91108364,55.06200765,0,0
35.64000000,55.20279145,55.07395341,54.92527568,55.08007643,0,0
35.65000000,55.17626837,55.03185576,54.90127009,55.03703044,0,0
35.66000000,55.13240531,55.06075662,54.89210607,55.04108102,0,0
35.67000000,55.17978241,55.06885919,54.88196506,54.98295579,0,0
35.68000000,55.22058182,55.09393172,54.88889129,55.04818160,0,0
35.69000000,55.27274083,55.08440274,54.90457851,54.99772172,0,0
35.70000000,55.28064478,55.07538178,54.92031787,55.03850734,0,0
35.71000000,55.32918031,55.11617628,54.89803065,55.06951258,0,0
35.72000000,55.24836300,55.10548795,54.89211187,55.01003644,0,0
35.73000000,55.27397928,55.15407213,54.85012244,55.06150487,0,0
35.74000000,55.28144908,55.17672822,54.87681751,55.07022881,0,0
35.75000000,55.27503137,55.13634383,54.84689941,55.08498065,0,0
35.76000000,55.27638345,55.07109203,54.88045368,55.08454200,0,0
35.77000000,55.28922182,55.11454078,54.94256756,55.05946425,0,0
35.78000000,55.31719671,55.14335475,54.99039924,55.09833859,0,0
35.79000000,55.34426372,55.15330743,55.00277943,55.09652979,0,0
35.80000000,55.31563950,55.16174656,55.06157384,55.08461621,0,0
35.81000000,55.32072836,55.13804247,55.05994254,55.13859061,0,0
35.82000000,55.34058898,55.15964488,55.04799284,55.12404271,0,0
35.83000000,55.33115756,55.17512299,54.99724878,55.10749399,0,0
35.84000000,55.37637408,55.20091007,54.93388864,55.13955984,0,0
35.85000000,55.34946564,55.17900253,54.89052166,55.11229965,0,0
35.86000000,55.37232925,55.19141144,54.91344084,55.12681891,0,0
35.87000000,55.38695586,55.20819502,54.93224052,55.12769612,0,0
35.88000000,55.39588406,55.24008200,54.99785138,55.14285178,0,0
35.89000000,55.37211559,55.18124416,55.00763482,55.14726208,0,0
35.90000000,55.37776386,55.18828953,54.99125671,55.15642825,0,0
35.91000000,55.36876371,55.19237524,55.00639776,55.18674028,0,0
35.92000000,55.42400608,55.23310139,55.00182466,55.19859707,0,0
35.93000000,55.42989232,55.22908894,55.00821499,55.18380716,0,0
35.94000000,55.43260373,55.23548013,55.02228581,55.18071210,0,0
35.95000000,55.40311802,55.22933641,55.05091314,55.18594303,0,0
35.96000000,55.42942760,55.31902456,55.05490180,55.18882111,0,0
35.97000000,55.43018942,55.40396561,55.07217445,55.21184962,0,0
35.98000000,55.43397420,55.29015212,55.07255403,55.23166040,0,0
35.99000000,55.45024343,55.15181976,55.09853596,55.22048460,0,0
36.00000000,55.51059719,55.08195507,55.08227112,55.21401758,0,0
36.01000000,55.48781285,55.16615545,55.07162206,55.20458993,0,0
36.02000000,55.46007972,55.28722969,55.07409535,55.21522205,0,0
36.03000000,55.41630022,55.33245035,55.07927263,55.19457055,0,0
36.04000000,55.43978713,55.31316990,55.11081155,55.17800250,0,0
36.05000000,55.47159879,55.24177245,55.13856772,55.19861706,0,0
36.06000000,55.55000670,55.22081189,55.12516498,55.20108526,0,0
36.07000000,55.51517901,55.20646814,55.12164876,55.20381462,0,0
36.08000000,55.46003826,55.24497619,55.10696446,55.21783053,0,0
36.09000000,55.44436524,55.25410034,55.13119622,55.20372775,0,0
36.10000000,55.46733609,55.27635148,55.16103295,55.14248839,0,0
36.11000000,55.51707177,55.25320485,55.15121446,55.13124093,0,0
36.12000000,55.52912082,55.28849700,55.13388997,55.17172831,0,0
36.13000000,55.50096272,55.24061355,55.13624410,55.24624698,0,0
36.14000000,55.51852336,55.23526165,55.14026549,55.37777464,0,0
36.15000000,55.52019881,55.25587684,55.15314679,55.41242362,0,0
36.16000000,55.52290305,55.28360155,55.19603233,55.32750842,0,0
36.17000000,55.53696083,55.32514209,55.20999379,55.24605051,0,0
36.18000000,55.56364160,55.33377311,55.22390653,55.21819132,0,0
36.19000000,55.57046766,55.29689520,55.20014353,55.23354125,0,0
36.20000000,55.57454682,55.27026651,55.19887882,55.26713808,0,0
36.21000000,55.55541444,55.27948033,55.20704715,55.27753125,0,0
36.22000000,55.52963357,55.32641699,55.22266038,55.29226957,0,0
36.23000000,55.55909453,55.34747048,55.24149942,55.26847631,0,0
36.24000000,55.57288875,55.32356510,55.24236190,55.27694483,0,0
36.25000000,55.61489617,55.27825647,55.23831176,55.28470660,0,0
36.26000000,55.61196852,55.29386895,55.24556119,55.30481861,0,0
36.27000000,55.60163564,55.33375394,55.23604582,55.30158070,0,0
36.28000000,55.57899434,55.40030449,55.23301172,55.27703548,0,0
36.29000000,55.60250724,55.37731914,55.24531830,55.26937273,0,0
36.30000000,55.64355559,55.33813223,55.23769090,55.28277984,0,0
36.31000000,55.62954665,55.32226381,55.24787939,55.29165964,0,0
36.32000000,55.63481299,55.34802926,55.24269775,55.30455980,0,0
36.33000000,55.59111471,55.40033559,55.24664213,55.30637645,0,0
36.34000000,55.62296402,55.42058917,55.26196002,55.31995772,0,0
36.35000000,55.62202712,55.38524339,55.28216856,55.33759568,0,0
36.36000000,55.68825606,55.34230171,55.28621398,55.33459809,0,0
36.37000000,55.66082630,55.34166457,55.30571492,55.32876616,0,0
36.38000000,55.64389044,55.37250516,55.29383896,55.34575153,0,0
36.39000000,55.60446763,55.42896312,55.28418458,55.33676869,0,0
36.40000000,55.59836392,55.41803755,55.29253699,55.34877410,0,0
36.41000000,55.65931004,55.40197425,55.30150915,55.36089887,0,0
36.42000000,55.68276717,55.36670795,55.29495183,55.34575955,0,0
36.43000000,55.69441276,55.40409534,55.29415012,55.34984065,0,0
36.44000000,55.67289129,55.43526798,55.29466596,55.37999457,0,0
36.45000000,55.64364192,55.43647664,55.29511969,55.37742937,0,0
36.46000000,55.63165822,55.45115528,55.30728694,55.39352329,0,0
36.47000000,55.72420768,55.42511345,55.36092318,55.38973412,0,0
36.48000000,55.71336113,55.42091226,55.33856550,55.36787260,0,0
36.49000000,55.69951506,55.42782135,55.33335383,55.35294129,0,0
36.50000000,55.68780081,55.49223860,55.30970056,55.38668598,0,0
36.51000000,55.67319776,55.44114709,55.33641552,55.41193751,0,0
36.52000000,55.70807072,55.47144551,55.34206313,55.42233637,0,0
36.53000000,55.72383625,55.45086934,55.39731277,55.44476905,0,0
36.54000000,55.72106895,55.47119004,55.41556368,55.44527321,0,0
36.55000000,55.70849516,55.46416202,55.40791227,55.40115453,0,0
36.56000000,55.76507804,55.47973784,55.36788465,55.42439210,0,0
36.57000000,55.77516978,55.49481149,55.36067707,55.42667580,0,0
36.58000000,55.81252561,55.47202289,55.37496477,55.45471598,0,0
36.59000000,55.75983842,55.47918225,55.40136071,55.47057321,0,0
36.60000000,55.78237834,55.55063912,55.42548456,55.43723745,0,0
36.61000000,55.74665548,55.53461922,55.43893679,55.46498320,0,0
36.62000000,55.81441227,55.53800526,55.37511912,55.43710536,0,0
36.63000000,55.79948911,55.52009282,55.35295280,55.44592429,0,0
36.64000000,55.80413831,55.44754693,55.39541378,55.46145896,0,0
36.65000000,55.74262535,55.55556390,55.44775536,55.44732961,0,0
36.66000000,55.78624789,55.57145331,55.42804886,55.43565015,0,0
36.67000000,55.76471345,55.55910240,55.41699351,55.48249499,0,0
36.68000000,55.82155298,55.49418503,55.40657119,55.44836449,0,0
36.69000000,55.78644786,55.47841903,55.42545407,55.50850903,0,0
36.70000000,55.77710750,55.50767668,55.40059577,55.49559793,0,0
36.71000000,55.76251873,55.59286514,55.43518049,55.50661818,0,0
36.72000000,55.81613181,55.66091562,55.36914442,55.49948289,0,0
36.73000000,55.78150435,55.53997183,55.41044779,55.49301718,0,0
36.74000000,55.84190449,55.48617534,55.42414610,55.50052158,0,0
36.75000000,55.78382745,55.48285024,55.49236963,55.52500746,0,0
36.76000000,55.82522084,55.60282776,55.47225158,55.50308538,0,0
36.77000000,55.81170754,55.61121363,55.49937676,55.56292121,0,0
36.78000000,55.83069445,55.60864155,55.46062522,55.56005002,0,0
36.79000000,55.79416672,55.53956423,55.45028726,55.52927626,0,0
36.80000000,55.85217596,55.59536129,55.52794479,55.59708290,0,0
36.81000000,55.86346924,55.59474812,55.51751828,55.56897730,0,0
36.82000000,55.85011692,55.60343906,55.51913435,55.58113322,0,0
36.83000000,55.85603842,55.57297854,55.52422791,55.59995806,0,0
36.84000000,55.80663795,55.55157770,55.53697236,55.57536764,0,0
36.85000000,55.80757253,55.57066471,55.56005770,55.56312063,0,0
36.86000000,55.81902317,55.58226624,55.54788528,55.53078086,0,0
36.87000000,55.84632232,55.63693691,55.51635700,55.52196734,0,0
36.88000000,55.86556628,55.66136157,55.49494448,55.54622531,0,0
36.89000000,55.84944804,55.62861625,55.50344290,55.59543412,0,0
36.90000000,55.85542812,55.57413974,55.48264513,55.58527015,0,0
36.91000000,55.82613473,55.55465770,55.50787938,55.58935058,0,0
36.92000000,55.86838017,55.58088479,55.50864262,55.56087227,0,0
36.93000000,55.86084126,55.63939656,55.49910165,55.54692098,0,0
36.94000000,55.86056320,55.63553705,55.48137680,55.53660286,0,0
36.95000000,55.87304261,55.60456262,55.49085181,55.56362074,0,0
36.96000000,55.83249974,55.60175881,55.47335455,55.57991421,0,0
36.97000000,55.81565820,55.60928010,55.52496431,55.64698324,0,0
36.98000000,55.84211020,55.62892347,55.57617687,55.66195331,0,0
36.99000000,55.88277391,55.60541974,55.62807985,55.67612659,0,0
37.00000000,55.90037639,55.62933762,55.61971325,55.66628194,0,0
37.01000000,55.91372029,55.60223268,55.56668459,55.63906655,0,0
37.02000000,55.88334036,55.65239441,55.55577033,55.62868520,0,0
37.03000000,55.85816534,55.65950932,55.54220646,55.61140332,0,0
37.04000000,55.88428192,55.69402684,55.58312660,55.60699255,0,0
37.05000000,55.89662256,55.68066152,55.59284973,55.63354163,0,0
37.06000000,55.90736715,55.65853892,55.54985202,55.65456818,0,0
37.07000000,55.92394738,55.66674284,55.52868749,55.65785370,0,0
37.08000000,55.90327768,55.66844228,55.51300787,55.66669921,0,0
37.09000000,55.91807330,55.70381069,55.54434211,55.66272275,0,0
37.10000000,55.93795245,55.71234922,55.59949204,55.66872867,0,0
37.11000000,55.96178829,55.69399825,55.61604668,55.66210378,0,0
37.12000000,55.95426450,55.71144714,55.62548484,55.65178871,0,0
37.13000000,55.95596885,55.69276639,55.57076891,55.68612133,0,0
37.14000000,55.94057206,55.72753868,55.52010464,55.72193521,0,0
37.15000000,55.94807022,55.74413769,55.56738220,55.67918256,0,0
37.16000000,55.99195930,55.75790000,55.60836640,55.67622658,0,0
37.17000000,56.01603619,55.78998580,55.61741051,55.64353770,0,0
37.18000000,55.97928698,55.75688067,55.59000402,55.61912624,0,0
37.19000000,55.94783719,55.74002545,55.59344514,55.64670249,0,0
37.20000000,55.96039649,55.77846329,55.59815379,55.66738962,0,0
37.21000000,56.00752644,55.81722640,55.60179752,55.67082490,0,0
37.22000000,56.03693456,55.83101828,55.61072257,55.69825830,0,0
37.23000000,56.03174266,55.78154147,55.62147196,55.72810476,0,0
37.24000000,56.03254371,55.78033640,55.58279168,55.71171160,0,0
37.25000000,56.03354583,55.76898539,55.57499175,55.72554349,0,0
37.26000000,56.05021523,55.82058158,55.58104460,55.72662749,0,0
37.27000000,56.03692990,55.81279638,55.60999436,55.71833630,0,0
37.28000000,56.04577678,55.80383517,55.66565299,55.72956553,0,0
37.29000000,56.04450747,55.84677740,55.69035898,55.76661340,0,0
37.30000000,56.07162318,55.83931996,55.65778699,55.74211895,0,0
37.31000000,56.07863012,55.85885643,55.65945340,55.75173557,0,0
37.32000000,56.01208380,55.82238156,55.67184486,55.77132411,0,0
37.33000000,56.01239147,55.80674466,55.71324502,55.72224908,0,0
37.34000000,56.02928555,55.81406842,55.74960464,55.79071370,0,0
37.35000000,56.09113158,55.82063992,55.72820975,55.81646917,0,0
37.36000000,56.06546780,55.83073303,55.65667387,55.76569792,0,0
37.37000000,56.07784151,55.83201730,55.64843735,55.76971736,0,0
37.38000000,56.06845907,55.84324657,55.63092836,55.76352018,0,0
37.39000000,56.06910388,55.86023574,55.66853023,55.77666489,0,0
37.40000000,56.08748886,55.84524073,55.68030120,55.79170706,0,0
37.41000000,56.06338841,55.81376223,55.68271980,55.82855089,0,0
37.42000000,56.08526750,55.80536494,55.64980081,55.81499678,0,0
37.43000000,56.05599055,55.83610793,55.70852644,55.79983602,0,0
37.44000000,56.08481055,55.83572391,55.69016624,55.80938314,0,0
37.45000000,56.06388322,55.82021862,55.74786637,55.77654258,0,0
37.46000000,56.08409423,55.78639588,55.74918703,55.82059073,0,0
37.47000000,56.08263773,55.84499251,55.82275467,55.81501114,0,0
37.48000000,56.08519181,55.88304851,55.78453278,55.80856454,0,0
37.49000000,56.09258430,55.86562383,55.79580072,55.83915156,0,0
37.50000000,56.08274882,55.83760681,55.77118573,55.82961536,0,0
37.51000000,56.05459495,55.81718327,55.75085512,55.86729419,0,0
37.52000000,56.09477211,55.80868218,55.79381443,55.85705286,0,0
37.53000000,56.12039001,55.86044148,55.74496334,55.83843844,0,0
37.54000000,56.14875342,55.85862236,55.78435028,55.82831215,0,0
37.55000000,56.14234455,55.88970622,55.80054814,55.84142379,0,0
37.56000000,56.15017339,55.85909220,55.80474985,55.87143493,0,0
37.57000000,56.10914871,55.82957574,55.81383711,55.91248800,0,0
37.58000000,56.11869148,55.90377795,55.83421117,55.89994606,0,0
37.59000000,56.12298475,55.90576929,55.81867263,55.89427791,0,0
37.60000000,56.13657530,55.91468033,55.79932525,55.88917347,0,0
37.61000000,56.15198515,55.90176831,55.78882452,55.87028112,0,0
37.62000000,56.16176997,55.88383063,55.80678348,55.88063609,0,0
37.63000000,56.17807854,55.90118245,55.79958190,55.87156494,0,0
37.64000000,56.16227863,55.95299846,55.84648028,55.87830682,0,0
37.65000000,56.14093772,55.95997657,55.84508391,55.92314746,0,0
37.66000000,56.15892045,55.99057726,55.85420796,55.90005881,0,0
37.67000000,56.21208896,55.92712506,55.82211647,55.90257151,0,0
37.68000000,56.21640128,55.92972134,55.76286707,55.92398742,0,0
37.69000000,56.19911995,55.91849458,55.75574488,55.87406311,0,0
37.70000000,56.17292816,55.98669052,55.78640737,55.89559192,0,0
37.71000000,56.15061833,55.97970236,55.83757347,55.85926404,0,0
37.72000000,56.18950977,55.96982839,55.84840034,55.89931101,0,0
37.73000000,56.22624129,55.93706030,55.83447626,55.91545560,0,0
37.74000000,56.21099715,55.95384815,55.83588689,55.88469910,0,0
37.75000000,56.12177875,55.96785024,55.83505532,55.92208751,0,0
37.76000000,56.14468430,56.03126064,55.83786905,55.93395068,0,0
37.77000000,56.21200462,56.03298616,55.85225812,55.92194891,0,0
37.78000000,56.28576869,55.98217590,55.86485526,55.94275801,0,0
37.79000000,56.27395140,55.94279371,55.85775153,55.95677609,0,0
37.80000000,56.23889687,55.98184767,55.84307775,55.92261338,0,0
37.81000000,56.19034254,56.03205840,55.84441814,55.95527705,0,0
37.82000000,56.23364527,56.03728360,55.85703811,55.97401077,0,0
37.83000000,56.25345932,56.03071712,55.87724415,55.98076825,0,0
37.84000000,56.28256479,56.00442395,55.88517155,55.99629623,0,0
37.85000000,56.25566543,56.06505087,55.88653463,55.98785924,0,0
37.86000000,56.23797889,56.05033440,55.87822665,55.98428305,0,0
37.87000000,56.21218760,56.07678697,55.89476627,55.99050696,0,0
37.88000000,56.21929316,56.01521671,55.88181408,56.00460831,0,0
37.89000000,56.28539429,56.02240640,55.93322246,55.97985124,0,0
37.90000000,56.30738078,56.02502481,55.94392166,55.97439249,0,0
37.91000000,56.29197265,56.02856666,55.90575519,55.95380466,0,0
37.92000000,56.23429040,56.02835763,55.83576838,55.95118655,0,0
37.93000000,56.21129535,56.00583199,55.82181269,55.98479228,0,0
37.94000000,56.25337976,56.02684564,55.89270021,56.01811479,0,0
37.95000000,56.31346607,56.03595253,55.90746728,56.03339473,0,0
37.96000000,56.28873478,56.05043020,55.93074049,56.00173012,0,0
37.97000000,56.25070343,56.07093577,55.91752938,56.02096187,0,0
37.98000000,56.23257252,56.03802336,55.90540339,55.99082583,0,0
37.99000000,56.25905209,56.03904458,55.92126568,55.98438216,0,0
38.00000000,56.32753926,56.05324061,55.97330204,56.01820604,0,0
38.01000000,56.27572306,56.04140958,55.98954588,56.04777178,0,0
38.02000000,56.29587842,56.05729697,56.01372910,56.05379554,0,0
38.03000000,56.28484064,56.07697387,55.99464826,56.05083120,0,0
38.04000000,56.34339345,56.12263992,55.96414877,56.07415162,0,0
38.05000000,56.33826127,56.09718715,55.94106743,56.09596359,0,0
38.06000000,56.35184565,56.10793161,55.96238351,56.11259292,0,0
38.07000000,56.32201937,56.10115729,56.02328003,56.11732654,0,0
38.08000000,56.36119351,56.15443999,56.03341140,56.10259368,0,0
38.09000000,56.37383547,56.16475114,56.00972836,56.08620577,0,0
38.10000000,56.38544404,56.12638790,55.99101023,56.09097521,0,0
38.11000000,56.36257721,56.13072036,55.99314972,56.09524383,0,0
38.12000000,56.34517792,56.16997187,56.05358281,56.12440651,0,0
38.13000000,56.38405334,56.21535223,56.04927323,56.10537041,0,0
38.14000000,56.41465735,56.19272451,56.03156047,56.11624188,0,0
38.15000000,56.43534663,56.14140880,55.99675282,56.10103791,0,0
38.16000000,56.40554116,56.12864111,55.98408234,56.10532783,0,0
38.17000000,56.39536250,56.18743060,55.99019528,56.14938654,0,0
38.18000000,56.40892252,56.25266874,55.98768194,56.14478710,0,0
38.19000000,56.41385306,56.23340495,55.99701857,56.11282178,0,0
38.20000000,56.43032560,56.17162048,56.00897959,56.09014167,0,0
38.21000000,56.38704645,56.11414098,55.97164050,56.10372395,0,0
38.22000000,56.41206555,56.11055888,55.98292765,56.10275571,0,0
38.23000000,56.38765419,56.18604183,56.00534487,56.11391928,0,0
38.24000000,56.41812492,56.19051615,56.02835214,56.09600040,0,0
38.25000000,56.41461025,56.14240375,56.05416756,56.07193185,0,0
38.26000000,56.40231538,56.12664399,56.04765506,56.07940931,0,0
38.27000000,56.40361080,56.16610803,56.03913451,56.10581279,0,0
38.28000000,56.38309806,56.19659752,56.01181262,56.13934028,0,0
38.29000000,56.39049354,56.18602085,56.01390714,56.15730515,0,0
38.30000000,56.40103022,56.16744895,56.04427039,56.18087102,0,0
38.31000000,56.38120961,56.10530809,56.06248965,56.13585402,0,0
38.32000000,56.39476324,56.08374587,56.07469719,56.13394071,0,0
38.33000000,56.36385989,56.11185108,56.04020203,56.13924811,0,0
38.34000000,56.36441454,56.14673497,56.05193649,56.15205606,0,0
38.35000000,56.36298661,56.15311333,56.08042427,56.18351465,0,0
38.36000000,56.39906549,56.13192657,56.10541176,56.16277862,0,0
38.37000000,56.39149129,56.12891987,56.10275137,56.16150190,0,0
38.38000000,56.42793903,56.15258537,56.04447498,56.20616338,0,0
38.39000000,56.40209869,56.16766907,56.04648213,56.15103591,0,0
38.40000000,56.35462095,56.20276794,56.05797790,56.18585999,0,0
38.41000000,56.36317056,56.15984124,56.08186810,56.16762403,0,0
38.42000000,56.37789459,56.13326910,56.08317126,56.13522265,0,0
38.43000000,56.43856473,56.11052694,56.09371488,56.13597430,0,0
38.44000000,56.41194736,56.14093194,56.04602421,56.15434097,0,0
38.45000000,56.41766571,56.15572582,56.06028289,56.17200519,0,0
38.46000000,56.34290003,56.15715756,56.09909941,56.16439084,0,0
38.47000000,56.35663793,56.16744197,56.11258355,56.18360548,0,0
38.48000000,56.37415986,56.13010485,56.08999422,56.17620115,0,0
38.49000000,56.42292320,56.12693615,56.04811480,56.17756576,0,0
38.50000000,56.39804303,56.16873496,56.05944393,56.16591447,0,0
38.51000000,56.36908809,56.17280243,56.02999476,56.13711268,0,0
38.52000000,56.37225461,56.16366770,56.05862086,56.13519368,0,0
38.53000000,56.36100443,56.13730067,56.06244415,56.12656726,0,0
38.54000000,56.39837197,56.09388351,56.03355497,56.11329056,0,0
38.55000000,56.40000353,56.10342477,56.05659820,56.15684438,0,0
38.56000000,56.46131669,56.17342419,56.04845378,56.13143973,0,0
38.57000000,56.39457279,56.18574483,56.02816316,56.15416934,0,0
38.58000000,56.45830568,56.22405237,56.05730635,56.14164067,0,0
38.59000000,56.35728749,56.13483524,56.02665166,56.16532917,0,0
38.60000000,56.41026373,56.16242752,56.08224447,56.15768981,0,0
38.61000000,56.36393262,56.11946421,56.09752780,56.21113133,0,0
38.62000000,56.39570714,56.14800566,56.09174242,56.17118981,0,0
38.63000000,56.42544272,56.18733420,56.08085167,56.14900118,0,0
38.64000000,56.44576521,56.15196636,56.04365856,56.14245665,0,0
38.65000000,56.44530477,56.17737973,56.09058608,56.16351953,0,0
38.66000000,56.38454396,56.17386568,56.09312120,56.16937402,0,0
38.67000000,56.45423208,56.18193603,56.11705197,56.18321050,0,0
38.68000000,56.44011388,56.23227526,56.10555921,56.17376255,0,0
38.69000000,56.46067198,56.20069579,56.07654696,56.18191151,0,0
38.70000000,56.40847504,56.21574948,55.99807034,56.15607841,0,0
38.71000000,56.45662568,56.21854875,56.01586911,56.17166899,0,0
38.72000000,56.48593695,56.23521256,56.02520558,56.14207174,0,0
38.73000000,56.45134993,56.20334632,56.07930544,56.14953163,0,0
38.74000000,56.41382891,56.22059467,56.03161241,56.12971528,0,0
38.75000000,56.35484169,56.14554570,56.09146958,56.16349429,0,0
38.76000000,56.42977107,56.19917501,56.03738345,56.16028086,0,0
38.77000000,56.45157050,56.18401266,56.03209157,56.16866846,0,0
38.78000000,56.46423867,56.16642470,56.00638811,56.13731999,0,0
38.79000000,56.39888852,56.14356307,56.04784838,56.11718637,0,0
38.80000000,56.40308286,56.16896548,56.06690351,56.18282224,0,0
38.81000000,56.42902655,56.21866666,56.05939312,56.14382559,0,0
38.82000000,56.46586917,56.25393174,56.04902236,56.16481627,0,0
38.83000000,56.47724680,56.22287508,56.05143598,56.12710607,0,0
38.84000000,56.39255597,56.14146823,56.05716478,56.08512797,0,0
38.85000000,56.38749607,56.14848445,56.08375480,56.11421897,0,0
38.86000000,56.41823484,56.17487693,56.05494700,56.14057841,0,0
38.87000000,56.42566557,56.19102103,56.04162945,56.15564245,0,0
38.88000000,56.40363116,56.17194362,56.06965507,56.15211593,0,0
38.89000000,56.37006332,56.15189269,56.09755738,56.14890859,0,0
38.90000000,56.40915787,56.13659101,56.10948014,56.15570148,0,0
38.91000000,56.42359923,56.19029962,56.09012002,56.22989767,0,0
38.92000000,56.44151756,56.19861816,56.03094176,56.22794790,0,0
38.93000000,56.44760864,56.18842250,56.09044187,56.25174579,0,0
38.94000000,56.39681814,56.20476807,56.10236859,56.24368563,0,0
38.95000000,56.44423168,56.21108436,56.10518289,56.18894155,0,0
38.96000000,56.43821726,56.18668465,56.06631376,56.16932604,0,0
38.97000000,56.43800436,56.16980600,56.04085368,56.16498495,0,0
38.98000000,56.40667023,56.15280458,56.07554540,56.18221640,0,0
38.99000000,56.44910589,56.20611096,56.10353619,56.18743722,0,0
39.00000000,56.46349513,56.22864973,56.13051329,56.20687393,0,0
39.01000000,56.46484693,56.20358247,56.10108622,56.15981370,0,0
39.02000000,56.43400454,56.18731702,56.08406643,56.16795776,0,0
39.03000000,56.42147145,56.14903734,56.07893542,56.20388932,0,0
39.04000000,56.44751843,56.19864313,56.09055684,56.17543797,0,0
39.05000000,56.42605568,56.20903424,56.07750971,56.16484168,0,0
39.06000000,56.42147249,56.19590659,56.04782482,56.15083982,0,0
39.07000000,56.40405469,56.16694862,56.04224725,56.13009143,0,0
39.08000000,56.40766803,56.13895060,56.04584086,56.14691058,0,0
39.09000000,56.43112341,56.14293094,56.07113123,56.18271022,0,0
39.10000000,56.45520018,56.20291166,56.08989767,56.16243046,0,0
39.11000000,56.42632510,56.21020278,56.08867379,56.16502038,0,0
39.12000000,56.43830019,56.19927097,56.09122726,56.18252162,0,0
39.13000000,56.44231820,56.19102005,56.08556096,56.17534712,0,0
39.14000000,56.47158005,56.16833578,56.06778762,56.19002721,0,0
39.15000000,56.44133443,56.18988448,56.06987092,56.20118854,0,0
39.16000000,56.43387938,56.17971498,56.09724596,56.17987877,0,0
39.17000000,56.41367827,56.16779535,56.12958280,56.20897275,0,0
39.18000000,56.44913369,56.16836444,56.11157022,56.19729911,0,0
39.19000000,56.45779391,56.16098329,56.11289007,56.20903355,0,0
39.20000000,56.46089368,56.18309648,56.12056443,56.22502240,0,0
39.21000000,56.46098615,56.19308268,56.13825597,56.21292480,0,0
39.22000000,56.44485601,56.21983304,56.15016342,56.21142841,0,0
39.23000000,56.45353689,56.19316533,56.14034692,56.21311083,0,0
39.24000000,56.41019354,56.21508043,56.11904813,56.22072995,0,0
39.25000000,56.44105406,56.21004454,56.07280019,56.20758203,0,0
39.26000000,56.45130070,56.22270821,56.10394446,56.17020879,0,0
39.27000000,56.50809595,56.25185140,56.09313664,56.17589418,0,0
39.28000000,56.49917572,56.19636952,56.07651229,56.16546983,0,0
39.29000000,56.48884160,56.18646972,56.05974269,56.16813300,0,0
39.30000000,56.43347679,56.20326365,56.06730479,56.19231485,0,0
39.31000000,56.45486776,56.24079460,56.10260931,56.18608667,0,0
39.32000000,56.43968304,56.24488320,56.08837303,56.18232153,0,0
39.33000000,56.43921925,56.17335482,56.12536571,56.18200391,0,0
39.34000000,56.44041911,56.15780050,56.09248417,56.17874518,0,0
39.35000000,56.48370230,56.18456976,56.08452889,56.17912462,0,0
39.36000000,56.50627799,56.25848102,56.09187544,56.18865632,0,0
39.37000000,56.47010764,56.28080395,56.11267695,56.20253746,0,0
39.38000000,56.45387693,56.23260987,56.14467795,56.16104084,0,0
39.39000000,56.40935078,56.18769661,56.15812018,56.19614030,0,0
39.40000000,56.48118442,56.20169039,56.11947650,56.17129181,0,0
39.41000000,56.49708903,56.23008775,56.07364655,56.21407743,0,0
39.42000000,56.47378088,56.25809001,56.05742299,56.21036739,0,0
39.43000000,56.43756109,56.23102855,56.09797226,56.18064811,0,0
39.44000000,56.44280151,56.21993419,56.14323924,56.22733184,0,0
39.45000000,56.51762497,56.21875193,56.16840816,56.21156823,0,0
39.46000000,56.50229633,56.26438905,56.14488723,56.23322553,0,0
39.47000000,56.48951497,56.27603338,56.12200238,56.25017353,0,0
39.48000000,56.44719940,56.26630812,56.14517142,56.24251462,0,0
39.49000000,56.46446481,56.27821706,56.11876737,56.25551833,0,0
39.50000000,56.54833952,56.20181480,56.11419800,56.21845989,0,0
39.51000000,56.52462223,56.22837542,56.07929862,56.20523392,0,0
39.52000000,56.52871218,56.23756821,56.15252833,56.23490522,0,0
39.53000000,56.50530820,56.30571542,56.16714749,56.24009109,0,0
39.54000000,56.48435315,56.30543544,56.18202652,56.24932959,0,0
39.55000000,56.51977539,56.27088119,56.19302191,56.22858237,0,0
39.56000000,56.54670109,56.26725314,56.13398423,56.22798665,0,0
39.57000000,56.48956499,56.21483005,56.13652090,56.24190741,0,0
39.58000000,56.46382950,56.29175310,56.13696307,56.25239438,0,0
39.59000000,56.46664631,56.25108851,56.13054022,56.26008325,0,0
39.60000000,56.53411556,56.29638071,56.13863144,56.20380496,0,0
39.61000000,56.56240037,56.22532111,56.09658460,56.19889550,0,0
39.62000000,56.53346608,56.24232275,56.13717883,56.19615296,0,0
39.63000000,56.46460021,56.22274899,56.11244436,56.23534988,0,0
39.64000000,56.52200619,56.27954790,56.12854629,56.26341532,0,0
39.65000000,56.50061194,56.29308354,56.10542533,56.20984177,0,0
39.66000000,56.46103983,56.17936911,56.10309923,56.22573268,0,0
39.67000000,56.48072337,56.25172531,56.13183240,56.16780792,0,0
39.68000000,56.47711520,56.17669911,56.09756339,56.20672347,0,0
39.69000000,56.53881800,56.27281700,56.15362652,56.21697125,0,0
39.70000000,56.48400315,56.19746396,56.14951853,56.25363933,0,0
39.71000000,56.48590433,56.25589395,56.18410300,56.20110083,0,0
39.72000000,56.44158322,56.24156088,56.17680351,56.22763021,0,0
39.73000000,56.47491547,56.23400547,56.18753105,56.26078043,0,0
39.74000000,56.51302475,56.23055470,56.14421343,56.25234560,0,0
39.75000000,56.46705733,56.21718368,56.11138530,56.23830653,0,0
39.76000000,56.45204977,56.19826715,56.12929822,56.22241780,0,0
39.77000000,56.46414384,56.17193592,56.14061318,56.23736723,0,0
39.78000000,56.45817464,56.21185882,56.14640057,56.22023934,0,0
39.79000000,56.50889452,56.27292171,56.14886425,56.28026953,0,0
39.80000000,56.47814123,56.29254346,56.17475401,56.25629294,0,0
39.81000000,56.48015987,56.25518166,56.17430912,56.28194158,0,0
39.82000000,56.46032055,56.26523022,56.16492803,56.27715647,0,0
39.83000000,56.49774172,56.23812559,56.12692384,56.25129922,0,0
39.84000000,56.48327863,56.22214318,56.10757895,56.29470318,0,0
39.85000000,56.48617608,56.24345562,56.09670255,56.25288013,0,0
39.86000000,56.47022354,56.22321903,56.11365095,56.20498040,0,0
39.87000000,56.50068716,56.24248571,56.12501987,56.19210579,0,0
39.88000000,56.51431122,56.20878107,56.10982787,56.18569421,0,0
39.89000000,56.49357694,56.23169296,56.11282491,56.21979861,0,0
39.90000000,56.49052095,56.27020183,56.13195447,56.26518512,0,0
39.91000000,56.47198197,56.28552934,56.16733674,56.24021138,0,0
39.92000000,56.49890214,56.23833117,56.15393323,56.25351790,0,0
39.93000000,56.54352509,56.26174620,56.13569570,56.21710779,0,0
39.94000000,56.55257393,56.24801690,56.11947014,56.17538285,0,0
39.95000000,56.51416502,56.23410220,56.12668368,56.16748842,0,0
39.96000000,56.43814085,56.23706445,56.13868917,56.16997480,0,0
39.97000000,56.44659194,56.22643693,56.16556179,56.18837796,0,0
39.98000000,56.52707882,56.25737867,56.17692037,56.20353123,0,0
39.99000000,56.57485995,56.25462434,56.13463067,56.22374010,0,0
40.00000000,56.53050653,56.27489059,56.11985720,56.25913911,0,0
40.01000000,56.48726234,56.25861511,56.12474525,56.24899876,0,0
40.02000000,56.46076181,56.27028133,56.12608121,56.26382594,0,0
40.03000000,56.50110083,56.27532258,56.15933843,56.25628934,0,0
40.04000000,56.51703822,56.26454643,56.14296922,56.23989592,0,0
40.05000000,56.52342711,56.25139386,56.13379676,56.25870486,0,0
40.06000000,56.50661485,56.25791064,56.11111232,56.26131917,0,0
40.07000000,56.47390746,56.24311610,56.09283648,56.25621264,0,0
40.08000000,56.49559101,56.29283016,56.10005984,56.24867965,0,0
40.09000000,56.46747529,56.31585629,56.13472878,56.22548852,0,0
40.10000000,56.47051538,56.30587404,56.16210231,56.25924903,0,0
40.11000000,56.47007322,56.29279492,56.17470722,56.29390671,0,0
40.12000000,56.50931365,56.27996371,56.12721815,56.27895229,0,0
40.13000000,56.51145836,56.27017747,56.10025614,56.25862297,0,0
40.14000000,56.51501400,56.27183957,56.11278861,56.23606622,0,0
40.15000000,56.47358302,56.27220459,56.13587330,56.24175097,0,0
40.16000000,56.46191443,56.27445634,56.18196467,56.25164251,0,0
40.17000000,56.47659134,56.24572513,56.18346042,56.25921220,0,0
40.18000000,56.49094067,56.25692139,56.17455471,56.27824432,0,0
40.19000000,56.46037624,56.28496073,56.16919696,56.27548056,0,0
40.20000000,56.45211611,56.27567636,56.19535057,56.36786382,0,0
40.21000000,56.46768902,56.27048526,56.19224504,56.53521843,0,0
40.22000000,56.53647253,56.25743693,56.19493415,56.67569207,0,0
40.23000000,56.55049285,56.28840087,56.20007917,56.82511673,0,0
40.24000000,56.51956102,56.29942214,56.20172248,56.88301145,0,0
40.25000000,56.49525474,56.29933744,56.23077684,56.87366912,0,0
40.26000000,56.51898265,56.36123371,56.21502501,56.93918043,0,0
40.27000000,56.57117910,56.35619169,56.17392999,57.01240131,0,0
40.28000000,56.58456464,56.38535673,56.16745213,57.03937167,0,0
40.29000000,56.56136937,56.36248773,56.17078397,57.08746419,0,0
40.30000000,56.50896654,56.37833047,56.20150234,57.05137400,0,0
40.31000000,56.51194960,56.41245922,56.22791291,57.01440239,0,0
40.32000000,56.51965076,56.43172169,56.19556131,56.93725292,0,0
40.33000000,56.56666451,56.44027972,56.17380613,56.80466159,0,0
40.34000000,56.56860874,56.41677482,56.14461482,56.71398446,0,0
40.35000000,56.57316781,56.39870843,56.13539145,56.57877494,0,0
40.36000000,56.52875870,56.37865194,56.07927186,56.57107418,0,0
40.37000000,56.51842307,56.38061135,56.03535328,56.62877052,0,0
40.38000000,56.43986680,56.34925337,56.00704492,56.61636683,0,0
40.39000000,56.45911378,56.38259224,56.06493818,56.63596843,0,0
40.40000000,56.42179127,56.34948228,56.04940062,56.68745900,0,0
40.41000000,56.46047022,56.37523772,56.04317606,56.68153414,0,0
40.42000000,56.45498704,56.27597731,56.02351986,56.61174170,0,0
40.43000000,56.48331517,56.30930501,56.07118271,56.66174925,0,0
40.44000000,56.49208664,56.31257858,56.10313572,56.64336333,0,1
40.45000000,56.41964490,56.32682256,56.14794424,56.59336257,0,1
40.46000000,56.35487029,56.31025289,56.11325624,56.61861278,0,1
40.47000000,56.31765261,56.22553725,56.08500608,56.65868037,0,1
40.48000000,56.36733926,56.18725840,56.03945720,56.72130667,0,1
40.49000000,56.40455598,56.22220232,56.00844171,56.72431031,0,1
40.50000000,56.41249038,56.21997305,55.99670953,56.75207520,0,1
40.51000000,56.36196714,56.25931373,56.06448133,56.74739394,0,1
40.52000000,56.34769077,56.23475614,56.06858231,56.69268546,0,1
40.53000000,56.34607546,56.19907038,56.11119903,56.63547813,0,1
40.54000000,56.38826097,56.20672225,56.10002305,56.72330279,0,1
40.55000000,56.38578732,56.22775641,56.07361668,56.77048809,0,1
40.56000000,56.40224280,56.21933446,56.04819080,56.69159742,0,1
40.57000000,56.37621965,56.19630679,56.06778318,56.67874820,0,1
40.58000000,56.41708083,56.18691134,56.06016880,56.72018973,0,1
40.59000000,56.36796414,56.15888454,56.06638399,56.70902417,0,1
40.60000000,56.38241615,56.15646550,56.10836172,56.70484957,0,1
40.61000000,56.34595639,56.16347217,56.16300355,56.77184080,0,1
40.62000000,56.34797325,56.14833295,56.18592631,56.77396639,0,1
40.63000000,56.32202077,56.17690927,56.11394789,56.73759372,0,1
40.64000000,56.36126822,56.15273748,56.13301926,56.73777077,0,1
40.65000000,56.36645080,56.23190446,56.06536552,56.72069723,0,1
40.66000000,56.43042832,56.18553978,56.09536156,56.68798811,0,1
40.67000000,56.38555351,56.19180760,56.07244318,56.65953022,0,1
40.68000000,56.37331074,56.15917445,56.09817581,56.64741444,0,1
40.69000000,56.36689135,56.17662355,56.06248543,56.66188901,0,1
40.70000000,56.36548262,56.19786263,56.04482437,56.66650408,0,1
40.71000000,56.40625543,56.17865931,55.99298499,56.68299406,0,1
40.72000000,56.37364449,56.18172892,55.99038079,56.71525447,0,1
40.73000000,56.39722112,56.19651492,56.07279050,56.70894097,0,1
40.74000000,56.38264926,56.18693996,56.07185193,56.70702526,0,1
40.75000000,56.36540563,56.17760893,56.11063338,56.70106881,0,1
40.76000000,56.34105092,56.17718502,56.10295483,56.73442335,0,1
40.77000000,56.37759191,56.19055195,56.09675978,56.69598045,0,1
40.78000000,56.38397490,56.19333073,56.11962264,56.67252941,0,1
40.79000000,56.39952637,56.20624348,56.10696954,56.65211494,0,1
40.80000000,56.37990134,56.16925009,56.02466256,56.65614106,0,1
40.81000000,56.34417650,56.16508184,56.05587507,56.67801715,0,1
40.82000000,56.35032749,56.15831946,56.02341073,56.71613526,0,1
40.83000000,56.33940618,56.16602373,56.06717547,56.70930188,0,1
40.84000000,56.33034770,56.15575088,56.04726245,56.71169533,0,1
40.85000000,56.30581352,56.16078034,56.04547277,56.63228428,0,1
40.86000000,56.33418546,56.16551253,56.02247380,56.59763433,0,1
40.87000000,56.38149571,56.17629655,56.01844869,56.67884844,0,1
40.88000000,56.38096092,56.21770477,56.00778748,56.63553127,0,1
40.89000000,56.34941294,56.14896488,56.03205203,56.62886097,0,1
40.90000000,56.31315146,56.12544468,56.06086825,56.68008189,0,1
40.91000000,56.33915747,56.08738798,56.06812285,56.62724575,0,1
40.92000000,56.34531264,56.14026855,56.02299894,56.64542521,0,1
40.93000000,56.35269048,56.18387198,55.99506846,56.66936065,0,1
40.94000000,56.28540674,56.15791517,56.00673704,56.63685082,0,1
40.95000000,56.27602553,56.11218524,56.01052431,56.64730274,0,1
40.96000000,56.30408798,56.11772199,56.04407078,56.64915434,0,1
40.97000000,56.34178334,56.13628973,56.03836184,56.62784915,0,1
40.98000000,56.34819737,56.14908043,56.02370886,56.66165714,0,1
40.99000000,56.32617469,56.15873430,56.03260185,56.58349327,0,1
41.00000000,56.29474037,56.12766111,56.02021978,56.58491709,0,1
41.01000000,56.29661755,56.13685565,56.02787880,56.61191737,0,1
41.02000000,56.31849577,56.10679369,55.96577119,56.59110636,0,1
41.03000000,56.32830365,56.08972406,55.95355439,56.63691969,0,1
41.04000000,56.32097579,56.09689906,55.96323783,56.64609897,0,1
41.05000000,56.30139795,56.13416357,55.98838808,56.60502209,0,1
41.06000000,56.26974441,56.16783161,56.00194731,56.58768532,0,1
41.07000000,56.27505666,56.10637645,55.98841548,56.59032415,0,1
41.08000000,56.32402359,56.09135996,55.99470005,56.61584807,0,1
41.09000000,56.32098342,56.08591208,55.99217189,56.60299846,0,1
41.10000000,56.31635566,56.11479589,55.98732501,56.57999233,0,1
41.11000000,56.25565346,56.11110994,55.99138879,56.59385580,0,1
41.12000000,56.24459311,56.13517801,55.96882347,56.55698143,0,1
41.13000000,56.24472415,56.11452868,55.96360872,56.55034406,0,1
41.14000000,56.29296262,56.08269136,55.97600551,56.64991272,0,1
41.15000000,56.32082241,56.09258767,55.98462006,56.63189414,0,1
41.16000000,56.31047824,56.10473673,55.99596708,56.58706691,0,1
41.17000000,56.30425089,56.11606399,55.97302488,56.59685472,0,1
41.18000000,56.29127275,56.13479659,55.93896517,56.53093913,0,1
41.19000000,56.30052128,56.12965367,55.94498725,56.54732597,0,1
41.20000000,56.30478709,56.08563268,55.96141928,56.61366813,0,1
41.21000000,56.31193027,56.08509774,55.98758470,56.55712757,0,1
41.22000000,56.27821696,56.09032783,55.97474219,56.54856205,0,1
41.23000000,56.27469208,56.09738990,55.96505637,56.60246515,0,1
41.24000000,56.25390474,56.11088793,55.96220243,56.55978171,0,1
41.25000000,56.29904553,56.06919580,55.99535280,56.56480125,0,1
41.26000000,56.34147335,56.07977466,55.98330497,56.59187324,0,1
41.27000000,56.36298321,56.07975854,55.99623976,56.57344110,0,1
41.28000000,56.28792238,56.09001798,56.01128474,56.56051147,0,1
41.29000000,56.24535484,56.13891449,55.98558163,56.52669327,0,1
41.30000000,56.25066250,56.11236852,55.93778112,56.52442933,0,1
41.31000000,56.26959845,56.10536967,55.92194047,56.52885648,0,1
41.32000000,56.25425047,56.07449138,55.92630532,56.49515360,0,1
41.33000000,56.24164625,56.06924381,55.92506770,56.53083747,0,1
41.34000000,56.28110008,56.05639323,55.95960680,56.55370909,0,1
41.35000000,56.31350909,56.06437964,55.90589238,56.53733928,0,1
41.36000000,56.28714399,56.07175408,55.95141320,56.58087326,0,1
41.37000000,56.22964143,56.04529934,55.93278125,56.57349826,0,1
41.38000000,56.17304608,56.06453240,55.98355991,56.56577854,0,1
41.39000000,56.19636005,56.08102229,55.92908827,56.60859867,0,1
41.40000000,56.27635713,56.08737314,55.91257639,56.57938647,0,1
41.41000000,56.29210544,56.06730368,55.87031315,56.60037037,0,1
41.42000000,56.28250051,56.07989189,55.87648930,56.53671909,0,1
41.43000000,56.24908956,56.01624604,55.96963375,56.52893843,0,1
41.44000000,56.23433346,56.06549976,56.03863297,56.56579029,0,1
41.45000000,56.25470309,56.06619164,56.01704178,56.49792860,0,1
41.46000000,56.22543980,55.99834297,55.98955437,56.53982814,0,1
41.47000000,56.22384786,56.05343562,55.97824539,56.59139414,0,1
41.48000000,56.24458999,56.03351031,55.93348867,56.56902272,0,1
41.49000000,56.23165302,56.05072688,55.95557404,56.54508300,0,1
41.50000000,56.27346906,55.99576598,55.93174543,56.59772378,0,1
41.51000000,56.19865057,56.03947181,55.98532867,56.53466525,0,1
41.52000000,56.27513378,56.00542433,56.00278154,56.49853019,0,1
41.53000000,56.27656034,56.01208849,56.01411349,56.51879338,0,1
41.54000000,56.29061839,56.08269293,55.98103972,56.48160371,0,1
41.55000000,56.26243189,56.06682111,55.95960171,56.50986900,0,1
41.56000000,56.24262500,56.10148213,55.92335999,56.55320144,0,1
41.57000000,56.31003440,56.01305381,55.92477500,56.56583331,0,1
41.58000000,56.28554757,56.00461501,55.92927250,56.50135404,0,1
41.59000000,56.26824857,55.96440900,55.90999129,56.54408657,0,1
41.60000000,56.25978455,56.02015422,55.95445936,56.49934498,0,1
41.61000000,56.19625497,56.05973357,55.91800825,56.46810188,0,1
41.62000000,56.25757442,56.10785718,55.97669675,56.56959778,0,1
41.63000000,56.28098486,56.08458978,55.89181485,56.50234190,0,1
41.64000000,56.35682467,56.03590963,55.92866351,56.44917505,0,1
41.65000000,56.24077299,55.94368783,55.97069639,56.58092337,0,1
41.66000000,56.22680415,56.03999613,55.91428597,56.50833824,0,1
41.67000000,56.21221266,56.04273275,55.92637363,56.45976143,0,1
41.68000000,56.27331852,56.11447112,55.81185820,56.54530459,0,1
41.69000000,56.29897335,56.04612061,55.89217342,56.52019222,0,1
41.70000000,56.26482427,56.04536910,55.90058665,56.46815266,0,1
41.71000000,56.24957504,55.98876097,55.88914797,56.53080759,0,1
41.72000000,56.21887325,55.98253708,55.92910038,56.49237952,0,1
41.73000000,56.28948157,55.98674651,55.90104628,56.52579791,0,1
41.74000000,56.24695695,56.01739904,55.96475002,56.44197998,0,1
41.75000000,56.24019094,56.03878901,55.91176760,56.43979975,0,1
41.76000000,56.19433514,56.04586352,55.93573200,56.51187585,0,1
41.77000000,56.21330115,56.00242314,55.92073850,56.46829422,0,1
41.78000000,56.21889878,56.01553526,55.86802329,56.50639194,0,1
41.79000000,56.25412105,55.96027194,55.87439241,56.51204015,0,1
41.80000000,56.19593912,55.97254386,55.90317095,56.42454304,0,1
41.81000000,56.21409814,55.99808966,55.94224605,56.44596158,0,1
41.82000000,56.21147421,55.98154457,55.89065577,56.42481916,0,1
41.83000000,56.17887071,55.95271822,55.87776780,56.43558180,0,1
41.84000000,56.19866939,55.94810147,55.87647767,56.48706645,0,1
41.85000000,56.18459597,55.93755693,55.86508673,56.43414596,0,1
41.86000000,56.19487552,55.95802780,55.91584404,56.47388480,0,1
41.87000000,56.22526815,55.98553843,55.92532105,56.47697719,0,1
41.88000000,56.19303364,56.00715283,55.91154113,56.42239333,0,1
41.89000000,56.19750320,55.96871320,55.91525691,56.50071527,0,1
41.90000000,56.20960737,55.99676403,55.92788012,56.50805390,0,1
41.91000000,56.20781586,55.97949588,55.93171771,56.48279595,0,1
41.92000000,56.14530137,55.97869890,55.95891538,56.46879240,0,1
41.93000000,56.14648529,55.98242202,55.91659449,56.46488198,0,1
41.94000000,56.15507033,55.97258541,55.86949709,56.43218635,0,1
41.95000000,56.22194484,56.01242180,55.86876916,56.43349190,0,1
41.96000000,56.22721193,55.95060937,55.86787923,56.48487640,0,1
41.97000000,56.22382209,55.94764529,55.87106666,56.47680190,0,1
41.98000000,56.17966115,55.98141075,55.93354130,56.49377213,0,1
41.99000000,56.17346609,55.99100928,55.92018412,56.50623178,0,1
42.00000000,56.21568083,56.01862048,55.85023823,56.48646683,0,1
42.01000000,56.21776456,55.97496579,55.81333929,56.47696234,0,1
42.02000000,56.21219091,55.94993661,55.82568582,56.46208929,0,1
42.03000000,56.20675973,55.94475167,55.86437708,56.45195738,0,1
42.04000000,56.16788940,55.97250405,55.88202760,56.41603980,0,1
42.05000000,56.15232231,56.00450180,55.89324810,56.39961336,0,1
42.06000000,56.14809740,55.99772888,55.88196239,56.38533747,0,1
42.07000000,56.18047687,55.98809038,55.88107445,56.37053546,0,1
42.08000000,56.21371944,55.95248785,55.90988556,56.39311511,0,1
42.09000000,56.21216883,55.96160956,55.88149436,56.44256314,0,1
42.10000000,56.16804734,55.95311131,55.85926711,56.46649530,0,1
42.11000000,56.15292806,55.97675302,55.83248103,56.45449119,0,1
42.12000000,56.17010259,55.96518311,55.85084902,56.46381090,0,1
42.13000000,56.21004600,56.00380499,55.85918750,56.48116816,0,1
42.14000000,56.20863668,55.98116935,55.86885436,56.42681048,0,1
42.15000000,56.19220947,55.96989952,55.84150252,56.44388342,0,1
42.16000000,56.16341921,55.96753244,55.81706794,56.48742695,0,1
42.17000000,56.18776736,55.99741681,55.85483053,56.43922114,0,1
42.18000000,56.17749820,55.97471384,55.86747847,56.41883707,0,1
42.19000000,56.13457093,55.92973121,55.90009252,56.44370236,0,1
42.20000000,56.12811269,55.90477182,55.92936737,56.43402147,0,1
42.21000000,56.14366216,55.92724183,55.89137764,56.44551190,0,1
42.22000000,56.19697909,55.95226895,55.81693460,56.49530828,0,1
42.23000000,56.20813894,55.93494250,55.80254437,56.46050504,0,1
42.24000000,56.18304493,55.93193963,55.80898084,56.43975126,0,1
42.25000000,56.14230847,55.95978195,55.85375170,56.44380956,0,1
42.26000000,56.13907876,55.94815024,55.87149155,56.42839523,0,1
42.27000000,56.18162361,55.94516401,55.83079393,56.41288345,0,1
42.28000000,56.21625316,55.97703870,55.77697758,56.39982177,0,1
42.29000000,56.17250986,55.94782947,55.79659202,56.33672035,0,1
42.30000000,56.12135175,55.91022307,55.82019145,56.36105161,0,1
42.31000000,56.08422206,55.86868938,55.86226987,56.38357142,0,1
42.32000000,56.08135818,55.88516408,55.84189288,56.37093036,0,1
42.33000000,56.15801093,55.90349133,55.85548120,56.43725599,0,1
42.34000000,56.16669412,55.88293238,55.84785139,56.42634898,0,1
42.35000000,56.13970305,55.91333457,55.86901796,56.38833331,0,1
42.36000000,56.10402254,55.89983311,55.84338847,56.42438518,0,1
42.37000000,56.07821009,55.91806639,55.82637914,56.40534404,0,1
42.38000000,56.10577881,55.94957340,55.79750375,56.38264300,0,1
42.39000000,56.12057283,55.92520291,55.80732835,56.38671932,0,1
42.40000000,56.13565955,55.88835873,55.80316812,56.39178761,0,1
42.41000000,56.10223274,55.89695161,55.81493373,56.35531088,0,1
42.42000000,56.09182552,55.90296842,55.79685700,56.36322623,0,1
42.43000000,56.09355521,55.88488410,55.77407093,56.42904417,0,1
42.44000000,56.11511952,55.91772087,55.78912823,56.40595522,0,1
42.45000000,56.09349489,55.83939987,55.85255345,56.40075908,0,1
42.46000000,56.07813897,55.90531195,55.85598891,56.43858907,0,1
42.47000000,56.10732020,55.87968209,55.85380653,56.43787885,0,1
42.48000000,56.10604976,55.92668812,55.83000075,56.40498491,0,1
42.49000000,56.12440645,55.88808521,55.76197409,56.42854218,0,1
42.50000000,56.10394915,55.86586152,55.81487589,56.38712794,0,1
42.51000000,56.11558942,55.88480440,55.85837303,56.33513308,0,1
42.52000000,56.10525299,55.88966596,55.87436538,56.39067551,0,1
42.53000000,56.09352601,55.92195351,55.86188480,56.36996481,0,1
42.54000000,56.11342939,55.91358661,55.79699055,56.38194025,0,1
42.55000000,56.13752525,55.93827670,55.79805970,56.41864908,0,1
42.56000000,56.13906734,55.91492723,55.79265067,56.41465936,0,1
42.57000000,56.15735182,55.93285989,55.81010299,56.38872405,0,1
42.58000000,56.08784051,55.89863292,55.79681952,56.35510334,0,1
42.59000000,56.10550288,55.87365219,55.77742390,56.39099703,0,1
42.60000000,56.10901592,55.90286772,55.75728980,56.32290586,0,1
42.61000000,56.18027269,55.89216274,55.76703394,56.32725402,0,1
42.62000000,56.10617302,55.94374529,55.73135260,56.40098970,0,1
42.63000000,56.06248360,55.87695647,55.76768867,56.35218003,0,1
42.64000000,56.07624448,55.87192772,55.78047318,56.32244474,0,1
42.65000000,56.13750679,55.86192865,55.76068785,56.45681570,0,1
42.66000000,56.14822891,55.92169427,55.76448020,56.34948443,0,1
42.67000000,56.10515844,55.92654112,55.77888768,56.33535091,0,1
42.68000000,56.06182172,55.94754969,55.76294489,56.37216988,0,1
42.69000000,56.06131221,55.89580165,55.80025691,56.30188148,0,1
42.70000000,56.10899087,55.86330182,55.74493452,56.34476672,0,1
42.71000000,56.17709257,55.91583367,55.75431546,56.33866845,0,1
42.72000000,56.15850986,55.90491257,55.75017626,56.29050620,0,1
42.73000000,56.07982292,55.93279506,55.77381447,56.37705449,0,1
42.74000000,56.03493348,55.89213705,55.79606759,56.36843721,0,1
42.75000000,56.09154716,55.88508485,55.82261946,56.31068490,0,1
42.76000000,56.12147282,55.90053669,55.77542862,56.41997181,0,1
42.77000000,56.17349638,55.93744442,55.76556720,56.43142984,0,1
42.78000000,56.06905471,55.89628358,55.77731022,56.33525141,0,1
42.79000000,56.05427586,55.89745732,55.79750398,56.37647498,0,1
42.80000000,56.05008263,55.88900491,55.77311510,56.35768963,0,1
42.81000000,56.09126197,55.89541114,55.78153325,56.34326543,0,1
42.82000000,56.16213080,55.92671742,55.79341070,56.35553730,0,1
42.83000000,56.11736412,55.86033835,55.77115162,56.36297519,0,1
42.84000000,56.09739558,55.86052568,55.80552013,56.36708651,0,1
42.85000000,56.05685803,55.87650658,55.78219832,56.36697210,0,1
42.86000000,56.10408740,55.90977963,55.78177881,56.36685065,0,1
42.87000000,56.07633986,55.87891016,55.76096870,56.37944543,0,1
42.88000000,56.06473521,55.82900662,55.75513728,56.36301978,0,1
42.89000000,56.06641489,55.81364734,55.77121497,56.35199399,0,1
42.90000000,56.05968480,55.83154638,55.76804714,56.35601559,0,1
42.91000000,56.05502441,55.88978977,55.73727628,56.31631338,0,1
42.92000000,56.05946919,55.87743576,55.75592776,56.32834908,0,1
42.93000000,56.08302320,55.89083204,55.75480604,56.30340880,0,1
42.94000000,56.08122645,55.84808106,55.77432508,56.30486209,0,1
42.95000000,56.06025174,55.84643188,55.78864839,56.34190674,0,1
42.96000000,56.05617486,55.83141441,55.74254847,56.31171522,0,1
42.97000000,56.03015365,55.86477104,55.71249803,56.36467326,0,1
42.98000000,56.05489979,55.87410673,55.70508492,56.34524295,0,1
42.99000000,56.08237823,55.82952300,55.76378686,56.34695065,0,1
43.00000000,56.07655192,55.87020546,55.78549263,56.36660540,0,1
43.01000000,56.05358790,55.85234015,55.78590765,56.33827165,0,1
43.02000000,56.02419276,55.83860419,55.76681406,56.34139702,0,1
43.03000000,56.05357925,55.86564128,55.76993472,56.36459099,0,1
43.04000000,56.07660470,55.87328622,55.76403171,56.32325047,0,1
43.05000000,56.09034672,55.88019462,55.76401706,56.33512120,0,1
43.06000000,56.07191031,55.85809999,55.78654559,56.37005754,0,1
43.07000000,56.04439910,55.85575975,55.74585459,56.33544423,0,1
43.08000000,56.07097419,55.91297236,55.74141230,56.39565646,0,1
43.09000000,56.07135447,55.87171607,55.73776712,56.39149699,0,1
43.10000000,56.05303821,55.85678005,55.73808251,56.30333089,0,1
43.11000000,56.04309755,55.86602099,55.75135768,56.32639499,0,1
43.12000000,56.06850681,55.86846485,55.73047637,56.36939657,0,1
43.13000000,56.07436301,55.86089246,55.73090933,56.32695673,0,1
43.14000000,56.06911331,55.87074578,55.69361020,56.28352841,0,1
43.15000000,56.03473335,55.84603426,55.68172576,56.31551585,0,1
43.16000000,56.02248953,55.83918857,55.72449441,56.29601133,0,1
43.17000000,56.04838327,55.83805605,55.73794347,56.25490987,0,1
43.18000000,56.04906877,55.82938152,55.73068932,56.29614787,0,1
43.19000000,56.00737856,55.82643333,55.69818305,56.31322969,0,1
43.20000000,55.98782695,55.83017949,55.67652863,56.27907799,0,1
43.21000000,55.97926104,55.83366927,55.69364619,56.29559184,0,1
43.22000000,56.02329866,55.83387360,55.73042127,56.26339088,0,1
43.23000000,56.03378278,55.78834996,55.72123778,56.28339918,0,1
43.24000000,55.99129579,55.76757008,55.69621422,56.28332301,0,1
43.25000000,55.98502279,55.82128646,55.72227817,56.26625727,0,1
43.26000000,55.99549901,55.84610891,55.70703838,56.31554444,0,1
43.27000000,56.02125751,55.84927752,55.69345210,56.30564681,0,1
43.28000000,55.99650419,55.78311571,55.70882724,56.25281964,0,1
43.29000000,55.99368445,55.79255036,55.74267615,56.35491043,0,1
43.30000000,56.00086081,55.84657657,55.71791962,56.33518058,0,1
43.31000000,56.00979747,55.87047771,55.69858354,56.30450919,0,1
43.32000000,56.01162153,55.82120950,55.68328910,56.33045414,0,1
43.33000000,56.02149752,55.77287007,55.71300169,56.29646312,0,1
43.34000000,56.01648988,55.77907568,55.72064643,56.30183404,0,1
43.35000000,56.01816109,55.79570539,55.73465552,56.33823639,0,1
43.36000000,55.97420944,55.87003805,55.69197669,56.27123851,0,1
43.37000000,56.00471125,55.80895870,55.65611624,56.27918253,0,1
43.38000000,56.00193499,55.75701890,55.66115367,56.26082223,0,1
43.39000000,55.99856770,55.73821603,55.71337708,56.26454323,0,1
43.40000000,56.05970821,55.76468301,55.71767779,56.27725868,0,1
43.41000000,56.04879740,55.77720088,55.68251664,56.29117847,0,1
43.42000000,56.02052142,55.77713731,55.67438749,56.26869597,0,1
43.43000000,55.91395735,55.79617339,55.67509486,56.20501437,0,1
43.44000000,55.86263924,55.79230558,55.69927543,56.23878952,0,1
43.45000000,55.92729976,55.78792395,55.70504365,56.25640630,0,1
43.46000000,56.00516316,55.77667014,55.65676769,56.21154220,0,1
43.47000000,56.03795250,55.72797278,55.63790466,56.19664780,0,1
43.48000000,56.00634321,55.74683545,55.63680250,56.24833547,0,1
43.49000000,55.98393027,55.78753505,55.64008520,56.21761239,0,1
43.50000000,55.93431355,55.78396959,55.68533361,56.20581580,0,1
43.51000000,55.91845639,55.77102626,55.67328881,56.31220874,0,1
43.52000000,55.88826605,55.73919898,55.66405649,56.28552351,0,1
43.53000000,55.94668125,55.72611850,55.58089074,56.25409367,0,1
43.54000000,55.94396999,55.74973702,55.61655769,56.31622578,0,1
43.55000000,55.96555963,55.77174134,55.63379102,56.30687708,0,1
43.56000000,55.92437008,55.75243726,55.62901865,56.24835194,0,1
43.57000000,55.96207202,55.75697207,55.73395173,56.25934947,0,1
43.58000000,55.97981346,55.74214965,55.78595212,56.26678486,0,1
43.59000000,55.97483079,55.75156657,55.77208193,56.24881349,0,1
43.60000000,55.93445138,55.79410502,55.71020490,56.26658188,0,1
43.61000000,55.96472011,55.78225525,55.63905571,56.28884053,0,1
43.62000000,55.96453389,55.81163736,55.65842546,56.27853826,0,1
43.63000000,55.96874980,55.74288766,55.64210985,56.27834310,0,1
43.64000000,55.98566959,55.76409983,55.63313169,56.26777104,0,1
43.65000000,55.97023601,55.73830498,55.64056136,56.21518629,0,1
43.66000000,55.99546646,55.78369962,55.67585677,56.24008048,0,1
43.67000000,55.94739278,55.76795435,55.66603067,56.28024265,0,1
43.68000000,55.96587703,55.75421517,55.63879546,56.15557030,0,1
43.69000000,55.96648398,55.75620902,55.58924479,56.17730907,0,1
43.70000000,56.05107330,55.75355540,55.58958668,56.23584565,0,1
43.71000000,55.98160557,55.80243830,55.60390788,56.18474691,0,1
43.72000000,55.90877701,55.76647010,55.57767207,56.21681520,0,1
43.73000000,55.89140059,55.72806110,55.61180168,56.23853159,0,1
43.74000000,55.94371109,55.75362116,55.62168837,56.18367599,0,1
43.75000000,56.03408265,55.73719082,55.63050459,56.22300015,0,1
43.76000000,56.02729443,55.78709461,55.62905818,56.18200740,0,1
43.77000000,55.94462721,55.72443950,55.60527728,56.17003643,0,1
43.78000000,55.86808200,55.69945222,55.63726439,56.21041717,0,1
43.79000000,55.90942483,55.73907935,55.63262425,56.16240576,0,1
43.80000000,55.96837664,55.76256006,55.62477930,56.15585405,0,1
43.81000000,55.98651836,55.73504449,55.61999983,56.20960744,0,1
43.82000000,55.94598782,55.73434448,55.61819741,56.21726840,0,1
43.83000000,55.93215940,55.72761573,55.62925998,56.19086081,0,1
43.84000000,55.95810775,55.73934674,55.61680292,56.24025380,0,1
43.85000000,55.92746296,55.76997872,55.61982170,56.22619503,0,1
43.86000000,55.95371528,55.73169006,55.63250218,56.21627966,0,1
43.87000000,55.90449140,55.70684517,55.72831287,56.20642724,0,1
43.88000000,55.98240695,55.75340420,55.69839569,56.21539475,0,1
43.89000000,55.94397549,55.69950314,55.62037773,56.20725617,0,1
43.90000000,55.93042515,55.72338999,55.59370693,56.14283611,0,1
43.91000000,55.92506520,55.76459483,55.59213099,56.18599151,0,1
43.92000000,55.92741496,55.74965021,55.63473423,56.23414292,0,1
43.93000000,55.93080003,55.71980936,55.66130054,56.18550423,0,1
43.94000000,55.92163087,55.68656061,55.63860308,56.22404498,0,1
43.95000000,55.92961351,55.68436267,55.59271816,56.22211760,0,1
43.96000000,55.94406041,55.71257998,55.57828505,56.16099215,0,1
43.97000000,55.96387752,55.74184231,55.56269658,56.16890643,0,1
43.98000000,55.91567643,55.73950883,55.60465618,56.16301963,0,1
43.99000000,55.85069991,55.67422966,55.60985171,56.13507846,0,1
44.00000000,55.82974832,55.64174487,55.60699917,56.16388574,0,1
44.01000000,55.88772208,55.68750576,55.59250254,56.11626224,0,1
44.02000000,55.94378975,55.67556921,55.56443497,56.13972584,0,1
44.03000000,55.93945655,55.69123619,55.57074331,56.17678607,0,1
44.04000000,55.89609903,55.70232118,55.60565783,56.10544576,0,1
44.05000000,55.86978940,55.69265555,55.65946067,56.18319821,0,1
44.06000000,55.83946039,55.68375267,55.64158747,56.25187819,0,1
44.07000000,55.90278515,55.66354608,55.62063700,56.15215427,0,1
44.08000000,55.90604730,55.66692200,55.59764113,56.13828128,0,1
44.09000000,55.89776089,55.66231511,55.60680677,56.19539918,0,1
44.10000000,55.82136722,55.64378466,55.59989778,56.14238362,0,1
44.11000000,55.83914331,55.66423421,55.60046430,56.13165829,0,1
44.12000000,55.86439107,55.66500439,55.58875360,56.17964762,0,1
44.13000000,55.92803015,55.68531396,55.59332069,56.17967845,0,1
44.14000000,55.92028119,55.68171526,55.62633500,56.17896295,0,1
44.15000000,55.87982670,55.65980980,55.65636061,56.17184602,0,1
44.16000000,55.88212444,55.66349097,55.61398348,56.20968979,0,1
44.17000000,55.89371777,55.68441336,55.59400331,56.21561376,0,1
44.18000000,55.90819053,55.69389908,55.54506917,56.17707562,0,1
44.19000000,55.87491195,55.65067019,55.54366079,56.19120918,0,1
44.20000000,55.87124845,55.66650570,55.57836943,56.19174955,0,1
44.21000000,55.88919444,55.67073673,55.58013856,56.14674399,0,1
44.22000000,55.90419835,55.67399168,55.57448871,56.12313682,0,1
44.23000000,55.88913330,55.67239866,55.53640017,56.10688129,0,1
44.24000000,55.88753441,55.63083009,55.54086037,56.10883557,0,1
44.25000000,55.88696620,55.63597492,55.57529657,56.10347696,0,1
44.26000000,55.86347267,55.62171515,55.56740875,56.15133240,0,1
44.27000000,55.84327143,55.64805070,55.54482527,56.15733435,0,1
44.28000000,55.81308866,55.64901151,55.50295484,56.11005044,0,1
44.29000000,55.85139472,55.66548038,55.49771591,56.10063530,0,1
44.30000000,55.90901463,55.68046808,55.50834367,56.08417617,0,1
44.31000000,55.91555790,55.66236765,55.54326276,56.10769594,0,1
44.32000000,55.86889365,55.63332216,55.54840513,56.11978327,0,1
44.33000000,55.80553218,55.60508912,55.54769074,56.08870986,0,1
44.34000000,55.84059002,55.63440071,55.54872523,56.04688338,0,1
44.35000000,55.84722398,55.60341965,55.54121609,56.11559961,0,1
44.36000000,55.87120750,55.62933880,55.53489014,56.10515815,0,1
44.37000000,55.83951739,55.62534280,55.53186043,56.09143573,0,1
44.38000000,55.84973065,55.65609343,55.56152667,56.17634449,0,1
44.39000000,55.84699446,55.62089827,55.57851241,56.13828235,0,1
44.40000000,55.89084975,55.64665833,55.56074021,56.13076032,0,1
44.41000000,55.86986750,55.62190184,55.55668815,56.12554590,0,1
44.42000000,55.84102669,55.60543305,55.61613593,56.13556632,0,1
44.43000000,55.81281128,55.61396333,55.56124020,56.12742865,0,1
44.44000000,55.82922875,55.64114133,55.53682338,56.07585151,0,1
44.45000000,55.85001718,55.62072309,55.47146478,56.04869076,0,1
44.46000000,55.88198966,55.60473844,55.45781239,56.08191017,0,1
44.47000000,55.87269332,55.62098222,55.49209392,56.08012733,0,1
44.48000000,55.84375842,55.63889342,55.53770902,56.08381075,0,1
44.49000000,55.77230662,55.62297925,55.56430184,56.16870325,0,1
44.50000000,55.84238319,55.57560681,55.56347341,56.08862247,0,1
44.51000000,55.84401092,55.60161789,55.50616092,56.05713707,0,1
44.52000000,55.88447540,55.62451565,55.50497748,56.10232607,0,1
44.53000000,55.80531931,55.60074737,55.49683032,56.06754902,0,1
44.54000000,55.70781053,55.58533539,55.51673630,56.03946837,0,1
44.55000000,55.77632782,55.59039260,55.50604753,56.06686430,0,1
44.56000000,55.84067768,55.62412486,55.51739757,56.04210235,0,1
44.57000000,55.88894305,55.59189884,55.49524145,56.04302299,0,1
44.58000000,55.78337301,55.57868841,55.51699709,56.08676707,0,1
44.59000000,55.78632285,55.58387833,55.49581485,56.08908337,0,1
44.60000000,55.77589540,55.60546594,55.52925292,56.08558460,0,1
44.61000000,55.85655714,55.62710133,55.52050177,56.07632597,0,1
44.62000000,55.85575361,55.59509478,55.48914841,56.11232764,0,1
44.63000000,55.82036805,55.53387931,55.51678327,56.09104916,0,1
44.64000000,55.77980975,55.60593942,55.54984062,56.07568882,0,1
44.65000000,55.80699435,55.61831940,55.59424145,56.10831199,0,1
44.66000000,55.79988083,55.61067075,55.49970276,56.08787337,0,1
44.67000000,55.82349803,55.59599223,55.55462949,56.03540877,0,1
44.68000000,55.80010760,55.55781816,55.52981672,56.09557105,0,1
44.69000000,55.83059186,55.59720196,55.57825720,56.13216636,0,1
44.70000000,55.84346649,55.61348993,55.54200941,56.14192097,0,1
44.71000000,55.81284304,55.67777326,55.53331620,56.11732147,0,1
44.72000000,55.78176787,55.58828072,55.48283495,56.08176965,0,1
44.73000000,55.81536916,55.58588367,55.50712872,56.09020557,0,1
44.74000000,55.86061328,55.60992593,55.50784102,56.09278820,0,1
44.75000000,55.85710819,55.64640796,55.49019402,56.12552679,0,1
44.76000000,55.81052482,55.58077802,55.46949551,56.12022133,0,1
44.77000000,55.77330334,55.54826750,55.45452591,56.01450721,0,1
44.78000000,55.76165154,55.53797001,55.45069900,55.98770951,0,1
44.79000000,55.81601026,55.58741421,55.46660104,56.08763175,0,1
44.80000000,55.79433289,55.59540185,55.47845752,56.00501646,0,1
44.81000000,55.76169725,55.58361874,55.45975538,56.05600199,0,1
44.82000000,55.72089069,55.49187175,55.50301714,56.08983189,0,1
44.83000000,55.73287597,55.52478697,55.47572242,56.02775585,0,1
44.84000000,55.79923176,55.48534449,55.48424868,56.01487155,0,1
44.85000000,55.76649036,55.47953436,55.46765362,56.03641571,0,1
44.86000000,55.70066181,55.46177881,55.47797391,56.02618859,0,1
44.87000000,55.66080330,55.42650828,55.48421921,55.99561064,0,1
44.88000000,55.66958579,55.44133122,55.47297511,55.94532838,0,1
44.89000000,55.67899477,55.42575124,55.41657945,56.00719052,0,1
44.90000000,55.68802637,55.43201725,55.40719942,56.01585811,0,1
44.91000000,55.67308863,55.41303266,55.41557444,55.97899815,0,1
44.92000000,55.67957008,55.43796829,55.43789398,56.05135291,0,1
44.93000000,55.68919064,55.46522272,55.46724845,56.03016598,0,1
44.94000000,55.71266171,55.45883326,55.43594267,55.95254834,0,1
44.95000000,55.69186912,55.43121708,55.38070452,55.96792357,0,1
44.96000000,55.60744142,55.36234934,55.38668022,55.98193613,0,1
44.97000000,55.59122784,55.35803476,55.34507301,55.95925758,0,1
44.98000000,55.60100524,55.31461668,55.34475247,55.91668109,0,1
44.99000000,55.58924613,55.31682122,55.31302505,55.86671908,0,1
45.00000000,55.53227885,55.29079492,55.29330250,55.85829571,0,1
45.01000000,55.46504257,55.24689671,55.30220242,55.84757796,0,1
45.02000000,55.49452907,55.25063294,55.31285324,55.84661317,0,1
45.03000000,55.52519805,55.22912087,55.30164956,55.89993598,0,1
45.04000000,55.50537828,55.23142595,55.29754830,55.86677096,0,1
45.05000000,55.45937523,55.24505220,55.24546952,55.80644617,0,1
45.06000000,55.42785443,55.24200662,55.20418925,55.75411617,0,1
45.07000000,55.41619808,55.20102239,55.16665064,55.70194665,0,1
45.08000000,55.41593770,55.16288717,55.13569212,55.71199398,0,1
45.09000000,55.41783428,55.09062414,55.11939950,55.69029868,0,1
45.10000000,55.37901022,55.03111320,55.11218600,55.63367134,0,1
45.11000000,55.34066573,55.04314131,55.10076015,55.68739082,0,1
45.12000000,55.30469952,55.07586253,55.09015897,55.62797058,0,1
45.13000000,55.29305648,55.06814255,55.04663522,55.55069564,0,1
45.14000000,55.30296999,54.98051963,55.04865504,55.62829621,0,1
45.15000000,55.25990419,54.93870616,55.04744860,55.66478070,0,1
45.16000000,55.20731444,54.95317367,55.01881735,55.60216128,0,1
45.17000000,55.18459262,54.99311440,54.98905739,55.55906470,0,1
45.18000000,55.13760074,54.98020274,54.97304476,55.51406587,0,1
45.19000000,55.13773595,54.87530605,54.96725185,55.44434139,0,1
45.20000000,55.11561356,54.81482405,54.96267497,55.48358985,0,1
45.21000000,55.12228321,54.78425644,54.92889495,55.49622935,0,1
45.22000000,55.08911497,54.82063887,54.87560460,55.45160568,0,1
45.23000000,55.03554840,54.81376606,54.83260315,55.43516444,0,1
45.24000000,55.01040316,54.78789691,54.77900940,55.40194632,0,1
45.25000000,54.96658833,54.70929364,54.74622700,55.38328821,0,1
45.26000000,54.92547015,54.68522332,54.74734466,55.39997476,0,1
45.27000000,54.92480573,54.69474771,54.72925380,55.43072064,0,1
45.28000000,54.91734935,54.67502060,54.66824623,55.31222243,0,1
45.29000000,54.80602115,54.60895620,54.64866570,55.23343841,0,1
45.30000000,54.81288562,54.59078085,54.63915493,55.18197593,0,1
45.31000000,54.77281470,54.54788525,54.62109913,55.14352767,0,1
45.32000000,54.76827450,54.50975989,54.57496558,55.10800258,0,1
45.33000000,54.73201910,54.49347002,54.52129347,55.12799922,0,1
45.34000000,54.69097260,54.47724937,54.50859100,55.07244960,0,1
45.35000000,54.71879548,54.44413845,54.48802344,55.01506315,0,1
45.36000000,54.70515548,54.42313329,54.48255374,55.06353510,0,1
45.37000000,54.65896380,54.38539609,54.42826938,55.03766427,0,1
45.38000000,54.57813212,54.35051004,54.37070095,55.01748716,0,1
45.39000000,54.55438387,54.32427724,54.35226870,54.94744898,0,1
45.40000000,54.52273348,54.35248162,54.36174498,54.87323240,0,1
45.41000000,54.52141461,54.27945575,54.37156705,54.84887279,0,1
45.42000000,54.50110466,54.23810781,54.30423818,54.85534245,0,1
45.43000000,54.48965447,54.10124881,54.22028935,54.77892849,0,1
45.44000000,54.44898222,54.16362700,54.18179145,54.76980305,0,1
45.45000000,54.39329390,54.20428739,54.25357926,54.79278712,0,1
45.46000000,54.38627818,54.21127038,54.19734497,54.68350612,0,1
45.47000000,54.38642323,54.14444859,54.14523129,54.70184587,0,1
45.48000000,54.38707325,54.01356816,54.09215646,54.76372459,0,1
45.49000000,54.32992830,54.00842646,54.05865822,54.70310263,0,1
45.50000000,54.29248078,54.04918937,53.97707077,54.59008583,0,1
45.51000000,54.16893469,54.05800281,53.99823128,54.59350500,0,1
45.52000000,54.18737921,53.94315893,54.02912201,54.55404913,0,1
45.53000000,54.20252170,53.91002891,54.01738544,54.50342824,0,1
45.54000000,54.22249512,53.89326470,53.94406094,54.50248014,0,1
45.55000000,54.14912252,53.87641066,53.87717132,54.51555717,0,1
45.56000000,54.09246693,53.88506022,53.87953237,54.44593065,0,1
45.57000000,54.02750392,53.89073521,53.88117247,54.37313966,0,1
45.58000000,54.09254129,53.80205799,53.87745388,54.42496370,0,1
45.59000000,54.10880955,53.81783462,53.81488431,54.43408168,0,1
45.60000000,54.09774984,53.76992596,53.75337664,54.42731031,0,1
45.61000000,54.02424024,53.79056332,53.68143341,54.34152727,0,1
45.62000000,53.89998245,53.75795040,53.69320233,54.28797648,0,1
45.63000000,53.93138347,53.66814632,53.72944286,54.25002931,0,1
45.64000000,53.93503400,53.69651403,53.68416237,54.22646735,0,1
45.65000000,53.93071703,53.71370128,53.67890562,54.21004442,0,1
45.66000000,53.97884442,53.65733426,53.62018274,54.26769212,0,1
45.67000000,53.85178727,53.65009795,53.62309428,54.20118182,0,1
45.68000000,53.82010085,53.59948771,53.62731802,54.11650825,0,1
45.69000000,53.76193845,53.63149733,53.63850024,54.21223911,0,1
45.70000000,53.81129240,53.54054176,53.60836707,54.17652677,0,1
45.71000000,53.73138170,53.54286581,53.58032349,54.10594921,0,1
45.72000000,53.69925961,53.45443536,53.51135851,54.15343393,0,1
45.73000000,53.62736395,53.41696554,53.47847918,54.06382209,0,1
45.74000000,53.57609932,53.31840884,53.47567563,53.99713630,0,1
45.75000000,53.56475639,53.36527739,53.46957816,54.02497904,0,1
45.76000000,53.49131873,53.33086389,53.46976867,53.94202729,0,1
45.77000000,53.49367505,53.33876681,53.40704700,53.95878579,0,1
45.78000000,53.53642541,53.38482140,53.39122040,53.97709046,0,1
45.79000000,53.54830567,53.36700412,53.33219223,53.90398663,0,1
45.80000000,53.55413651,53.35470467,53.27237661,53.92246004,0,1
45.81000000,53.54050708,53.27354239,53.25294688,53.91302480,0,1
45.82000000,53.48560459,53.27031271,53.22023329,53.86700541,0,1
45.83000000,53.45291672,53.30322763,53.26952783,53.84321178,0,1
45.84000000,53.48230369,53.30231240,53.21949401,53.83812782,0,1
45.85000000,53.49287467,53.27705695,53.21390118,53.78010082,0,1
45.86000000,53.45491967,53.27103817,53.16431631,53.77242224,0,1
45.87000000,53.37915795,53.20087121,53.16831652,53.76355012,0,1
45.88000000,53.27720597,53.14034582,53.16657183,53.73553250,0,1
45.89000000,53.30812938,53.14591830,53.12271928,53.73118358,0,1
45.90000000,53.33649196,53.14255717,53.08690406,53.70244341,0,1
45.91000000,53.31212422,53.11879015,53.09538943,53.66826066,0,1
45.92000000,53.26167259,53.04280112,53.07167938,53.66997129,0,1
45.93000000,53.23609663,53.02584854,53.08634812,53.66622553,0,1
45.94000000,53.27479863,53.01631871,53.03997028,53.62049928,0,1
45.95000000,53.27072819,53.00827611,52.98584927,53.59686685,0,1
45.96000000,53.18409798,53.01779654,52.97620311,53.54750633,0,1
45.97000000,53.11895612,53.02004863,52.96499393,53.51499478,0,1
45.98000000,53.08879595,53.02059001,52.94759544,53.46621556,0,1
45.99000000,53.12834767,52.97812872,52.91766575,53.45502790,0,1
46.00000000,53.14495700,52.92242278,52.84539781,53.47125888,0,1
46.01000000,53.15938859,52.89137316,52.79897651,53.48459642,0,1
46.02000000,53.07062331,52.88542212,52.85466318,53.50381557,0,1
46.03000000,52.99027833,52.89276211,52.88611586,53.46418895,0,1
46.04000000,53.01201599,52.84898801,52.88644300,53.44320213,0,1
46.05000000,53.02924225,52.77284517,52.83979938,53.44452894,0,1
46.06000000,53.06588352,52.78484462,52.76982732,53.40440363,0,1
46.07000000,53.01225340,52.81993302,52.74564270,53.37858348,0,1
46.08000000,52.96578891,52.83607971,52.75218640,53.39537546,0,1
46.09000000,52.93228853,52.79720756,52.73382682,53.36151557,0,1
46.10000000,52.91094024,52.77012474,52.72293970,53.26547003,0,1
46.11000000,52.88321505,52.71612201,52.70019615,53.25688986,0,1
46.12000000,52.88800214,52.69076000,52.66396590,53.28963546,0,1
46.13000000,52.84029176,52.68500500,52.66116974,53.25311324,0,1
46.14000000,52.84538548,52.65110145,52.62326711,53.23531290,0,1
46.15000000,52.85199372,52.62104761,52.62086239,53.23546520,0,1
46.16000000,52.83740199,52.61272691,52.60643606,53.19577721,0,1
46.17000000,52.80401438,52.61561950,52.58891946,53.13813123,0,1
46.18000000,52.78743857,52.62796373,52.59326167,53.14478748,0,1
46.19000000,52.77079234,52.58979973,52.52707518,53.18508112,0,1
46.20000000,52.74854728,52.54532460,52.54221014,53.13412890,0,1
46.21000000,52.73469716,52.53753583,52.50117366,53.01895751,0,1
46.22000000,52.69426952,52.53541190,52.47383456,53.00963807,0,1
46.23000000,52.65616357,52.53406378,52.43844075,53.05617393,0,1
46.24000000,52.61890909,52.48616945,52.41504069,53.00276685,0,1
46.25000000,52.63849010,52.41245596,52.39366726,53.01800800,0,1
46.26000000,52.66134110,52.39541209,52.41835505,53.06519723,0,1
46.27000000,52.69814562,52.41712930,52.41418821,53.00905107,0,1
46.28000000,52.62207773,52.43086145,52.38377576,52.95633554,0,1
46.29000000,52.57643560,52.42825632,52.36022891,52.96583184,0,1
46.30000000,52.55835842,52.39858318,52.34788762,52.94217544,0,1
46.31000000,52.55316222,52.38464994,52.33025357,52.92219757,0,1
46.32000000,52.54644225,52.32810853,52.33070231,52.91319956,0,1
46.33000000,52.48784959,52.31887556,52.33160864,52.85578963,0,1
46.34000000,52.45454332,52.29897350,52.30026027,52.86084689,0,1
46.35000000,52.46734515,52.29655954,52.25903027,52.86088177,0,1
46.36000000,52.50894865,52.29822852,52.21123020,52.80905590,0,1
46.37000000,52.48181893,52.24164729,52.19883718,52.80536592,0,1
46.38000000,52.49301322,52.22151483,52.20864523,52.82480757,0,1
46.39000000,52.42595651,52.20584719,52.23338536,52.81255017,0,1
46.40000000,52.43060920,52.23052034,52.20080820,52.77751760,0,1
46.41000000,52.43442659,52.25309083,52.13734479,52.73523620,0,1
46.42000000,52.37451223,52.19867268,52.06392567,52.69983263,0,1
46.43000000,52.36487345,52.15634730,52.08313583,52.67752525,0,1
46.44000000,52.33162126,52.10811268,52.13217827,52.63380048,0,1
46.45000000,52.31112316,52.12641517,52.13600690,52.59545838,0,1
46.46000000,52.31127508,52.11312293,52.07487389,52.64374032,0,1
46.47000000,52.29797864,52.06204183,52.04272518,52.61830956,0,1
46.48000000,52.30694660,52.02607514,52.05510369,52.58413423,0,1
46.49000000,52.26304825,52.01824911,52.06667742,52.58668916,0,1
46.50000000,52.26276251,51.97826277,52.05184745,52.58343925,0,1
46.51000000,52.21494650,51.99783526,52.01900983,52.60179456,0,1
46.52000000,52.22249540,52.00871775,51.95645737,52.51815456,0,1
46.53000000,52.20695679,51.96453466,51.90585930,52.46874830,0,1
46.54000000,52.16627186,51.94055059,51.91310766,52.48241746,0,1
46.55000000,52.13236258,51.87120671,51.92755745,52.42658050,0,1
46.56000000,52.10803620,51.90494225,51.92121604,52.33869812,0,1
46.57000000,52.05818164,51.85829185,51.91996036,52.40498156,0,1
46.58000000,52.09573180,51.84374784,51.83966997,52.35930776,0,1
46.59000000,52.00023532,51.79763393,51.82183915,52.36248144,0,1
46.60000000,52.04839496,51.75179380,51.81880702,52.38073715,0,1
46.61000000,52.01517152,51.80980317,51.82900152,52.39811971,0,1
46.62000000,52.07286759,51.78993777,51.77760323,52.36578487,0,1
46.63000000,51.96010465,51.77094322,51.75755061,52.35242096,0,1
46.64000000,51.99744330,51.74772472,51.73010644,52.29028270,0,1
46.65000000,51.94164362,51.73713933,51.74391590,52.28730499,0,1
46.66000000,51.97229382,51.71057577,51.72758011,52.25345199,0,1
46.67000000,51.89217403,51.67901243,51.71912659,52.19133584,0,1
46.68000000,51.88690774,51.69839628,51.66895875,52.18253358,0,1
46.69000000,51.84829587,51.63139774,51.65939959,52.18097045,0,1
46.70000000,51.88340518,51.61327285,51.63552028,52.16384566,0,1
46.71000000,51.80248942,51.57175975,51.63312646,52.17192076,0,1
46.72000000,51.75773753,51.54796114,51.62050775,52.18273943,0,1
46.73000000,51.77887779,51.56459415,51.62991702,52.13623654,0,1
46.74000000,51.77378377,51.56014869,51.60766447,52.14014679,0,1
46.75000000,51.78058063,51.56747886,51.57521958,52.10516523,0,1
46.76000000,51.77308127,51.52559409,51.55747671,52.07472296,0,1
46.77000000,51.72445711,51.50994458,51.48788208,52.04642578,0,1
46.78000000,51.69852604,51.46392801,51.47765877,52.01640901,0,1
46.79000000,51.65761304,51.42816626,51.48990717,51.93536904,0,1
46.80000000,51.61183266,51.42695773,51.49657268,51.92769125,0,1
46.81000000,51.57315899,51.36393141,51.46792948,51.94081154,0,1
46.82000000,51.58653304,51.41081221,51.39318375,51.94261227,0,1
46.83000000,51.56275784,51.39302595,51.38774791,51.92483947,0,1
46.84000000,51.56769581,51.34477463,51.36298855,51.97179455,0,1
46.85000000,51.58818596,51.28787987,51.34632349,51.95213867,0,1
46.86000000,51.52048976,51.27278051,51.33669436,51.89716438,0,1
46.87000000,51.50501935,51.29506532,51.37049412,51.89023323,0,1
46.88000000,51.51611883,51.31227057,51.33985031,51.87992635,0,1
46.89000000,51.51350321,51.32729326,51.29344826,51.82476342,0,1
46.90000000,51.47852840,51.26712577,51.26240672,51.79519199,0,1
46.91000000,51.42924109,51.25720281,51.26155463,51.76805930,0,1
46.92000000,51.38882332,51.21477199,51.25290392,51.75327927,0,1
46.93000000,51.37863321,51.20929761,51.21367945,51.78352699,0,1
46.94000000,51.39321206,51.21062770,51.16884245,51.76721877,0,1
46.95000000,51.36501635,51.16015189,51.17453246,51.74346365,0,1
46.96000000,51.36238234,51.12928365,51.17430394,51.76355632,0,1
46.97000000,51.35969205,51.10889997,51.16705924,51.71784773,0,1
46.98000000,51.37125248,51.11422386,51.14590712,51.68281263,0,1
46.99000000,51.35718010,51.10968009,51.10720146,51.67871091,0,1
47.00000000,51.30053533,51.09584686,51.04627601,51.61468157,0,1
47.01000000,51.23561389,51.04645497,51.01442374,51.59144129,0,1
47.02000000,51.23213958,51.03558707,51.02403556,51.54707276,0,1
47.03000000,51.23076328,51.04777813,51.02866795,51.46521786,0,1
47.04000000,51.19130893,51.01021427,51.00741797,51.47934042,0,1
47.05000000,51.18755865,51.00340631,50.94528210,51.50689920,0,1
47.06000000,51.19754885,50.98815724,50.90945880,51.47615225,0,1
47.07000000,51.14772432,50.95447097,50.93253070,51.48828801,0,1
47.08000000,51.16795072,50.92382077,50.95235133,51.46820991,0,1
47.09000000,51.13709550,50.87077603,50.93855012,51.43551976,0,1
47.10000000,51.13879734,50.84815289,50.94378806,51.44795265,0,1
47.11000000,51.11359660,50.87401542,50.90219473,51.41643141,0,1
47.12000000,51.06044074,50.88162274,50.84647117,51.39366492,0,1
47.13000000,51.02867800,50.85464259,50.83222213,51.37714541,0,1
47.14000000,50.99727358,50.80098952,50.85289385,51.33881947,0,1
47.15000000,50.96713700,50.76588306,50.81313127,51.28093862,0,1
47.16000000,50.95454762,50.75379447,50.80559858,51.31674341,0,1
47.17000000,50.96988679,50.77239215,50.78565656,51.33002847,0,1
47.18000000,50.97244387,50.79298353,50.73161987,51.27937593,0,1
47.19000000,50.93390328,50.75425689,50.71550449,51.29299276,0,1
47.20000000,50.93584932,50.69681316,50.70471012,51.26402818,0,1
47.21000000,50.94948926,50.66729011,50.71117175,51.23497683,0,1
47.22000000,50.92478654,50.67011552,50.69867331,51.26954030,0,1
47.23000000,50.89361111,50.67275818,50.65584386,51.19296028,0,1
47.24000000,50.82877716,50.65657391,50.63802440,51.17627416,0,1
47.25000000,50.83148809,50.70058995,50.63446000,51.19894046,0,1
47.26000000,50.83063920,50.65412733,50.64899171,51.11868526,0,1
47.27000000,50.79275739,50.59576711,50.65088707,51.08736566,0,1
47.28000000,50.76662777,50.55383737,50.63887304,51.15401259,0,1
47.29000000,50.79981573,50.54651847,50.60021421,51.15597982,0,1
47.30000000,50.75786073,50.59453199,50.54552603,51.09069647,0,1
47.31000000,50.73768002,50.52460349,50.53686816,51.06475326,0,1
47.32000000,50.71345242,50.48889516,50.52939698,51.08325725,0,1
47.33000000,50.74756564,50.41868268,50.49422709,51.02113196,0,1
47.34000000,50.71145093,50.44083466,50.47469739,50.99105105,0,1
47.35000000,50.69539280,50.49385676,50.43727965,50.99934379,0,1
47.36000000,50.61801349,50.44006887,50.39281355,50.96527930,0,1
47.37000000,50.58094507,50.42109967,50.34384198,50.90261955,0,1
47.38000000,50.65542241,50.37275851,50.38370980,50.85730160,0,1
47.39000000,50.57489899,50.36599162,50.37462914,50.84494011,0,1
47.40000000,50.52371501,50.35314285,50.36064929,50.82591044,0,1
47.41000000,50.47016992,50.36586326,50.34208635,50.88235866,0,1
47.42000000,50.46924640,50.37129699,50.27811994,50.88558358,0,1
47.43000000,50.53062565,50.29801325,50.27034182,50.76383071,0,1
47.44000000,50.50388234,50.29399674,50.26956824,50.83712211,0,1
47.45000000,50.54747152,50.26558545,50.29214515,50.82825425,0,1
47.46000000,50.42134602,50.23490683,50.22414738,50.75428812,0,1
47.47000000,50.47913895,50.23762015,50.23945659,50.78668466,0,1
47.48000000,50.37128214,50.23620251,50.17407374,50.76800145,0,1
47.49000000,50.36594619,50.26017184,50.15611035,50.74421672,0,1
47.50000000,50.35090749,50.20324146,50.17133744,50.64770295,0,1
47.51000000,50.35922973,50.16009913,50.22150101,50.65108453,0,1
47.52000000,50.33013920,50.13512980,50.20924992,50.74243561,0,1
47.53000000,50.31706577,50.13428032,50.10267299,50.66536761,0,1
47.54000000,50.32226663,50.14421619,50.06029614,50.65006299,0,1
47.55000000,50.24125155,50.11266355,50.05065486,50.68085538,0,1
47.56000000,50.29594598,50.05493711,50.10509885,50.58690812,0,1
47.57000000,50.26753351,50.02338381,50.12301983,50.60155364,0,1
47.58000000,50.23851015,50.02758330,50.03558742,50.61517426,0,1
47.59000000,50.23668954,50.06461805,50.03426071,50.55299868,0,1
47.60000000,50.20207252,50.07233052,49.94825003,50.52510980,0,1
47.61000000,50.19429708,50.03647352,49.94168870,50.52632176,0,1
47.62000000,50.14687290,49.97606892,49.95593167,50.45045331,0,1
47.63000000,50.14667558,49.93719571,49.97652057,50.41484480,0,1
47.64000000,50.07716722,49.95498266,49.96686594,50.47481571,0,1
47.65000000,50.09299601,49.94744731,49.94197399,50.47971492,0,1
47.66000000,50.11309557,49.96665192,49.85403040,50.45592858,0,1
47.67000000,50.07678914,49.85699649,49.81938244,50.41426254,0,1
47.68000000,50.04770456,49.82006090,49.80434560,50.41720533,0,1
47.69000000,50.06148042,49.82636872,49.82796703,50.40560006,0,1
47.70000000,49.96438125,49.81862312,49.80507209,50.32447544,0,1
47.71000000,50.01072904,49.81860211,49.78988604,50.35406631,0,1
47.72000000,49.95253570,49.79387053,49.71852373,50.36312343,0,1
47.73000000,49.97995552,49.76978245,49.74294912,50.29919956,0,1
47.74000000,49.93034102,49.74135452,49.72158606,50.20526838,0,1
47.75000000,49.88465368,49.75197741,49.78626703,50.25075420,0,1
47.76000000,49.88937219,49.75521934,49.76299514,50.22294125,0,1
47.77000000,49.87050292,49.70001204,49.72609987,50.23569250,0,1
47.78000000,49.91081723,49.68930078,49.62469407,50.23768263,0,1
47.79000000,49.86000726,49.70435878,49.62123326,50.22044578,0,1
47.80000000,49.81316470,49.66031048,49.63297806,50.21192585,0,1
47.81000000,49.82716850,49.65091010,49.65860796,50.17561187,0,1
47.82000000,49.78804757,49.60055660,49.64190345,50.16527535,0,1
47.83000000,49.82740755,49.57267494,49.60812166,50.15227984,0,1
47.84000000,49.79631157,49.55748996,49.52530433,50.12793372,0,1
47.85000000,49.74902061,49.56646527,49.52755658,50.09550968,0,1
47.86000000,49.71536924,49.57399537,49.52986977,50.06705057,0,1
47.87000000,49.70383053,49.55894372,49.56647767,50.03709777,0,1
47.88000000,49.68510408,49.53949252,49.56241782,50.02019712,0,1
47.89000000,49.69513326,49.50332348,49.53133837,50.04640265,0,1
47.90000000,49.69703132,49.51695420,49.46279246,50.03926893,0,1
47.91000000,49.70214520,49.51023899,49.41126706,50.03731060,0,1
47.92000000,49.67375785,49.51798975,49.44093801,50.03197605,0,1
47.93000000,49.67457005,49.45622703,49.40679107,49.98312530,0,1
47.94000000,49.65396035,49.40148959,49.40167433,49.93233586,0,1
47.95000000,49.64142480,49.40995263,49.40991497,49.96821398,0,1
47.96000000,49.65544866,49.41765698,49.39494830,49.96060865,0,1
47.97000000,49.59884266,49.41552902,49.35656056,49.88912729,0,1
47.98000000,49.57926761,49.43880978,49.34517386,49.85870093,0,1
47.99000000,49.55247077,49.38691856,49.34565663,49.82590084,0,1
48.00000000,49.51347791,49.37101014,49.33179152,49.79882936,0,1
48.01000000,49.49712395,49.34935079,49.33232567,49.82847880,0,1
48.02000000,49.51267790,49.32610650,49.29813893,49.84894185,0,1
48.03000000,49.51898466,49.31875619,49.25392147,49.83564668,0,1
48.04000000,49.48843995,49.29896606,49.25276864,49.81504606,0,1
48.05000000,49.48151078,49.29248768,49.26919919,49.78499128,0,1
48.06000000,49.47467614,49.26133819,49.27706629,49.78941791,0,1
48.07000000,49.45775599,49.26248001,49.26616145,49.77217786,0,1
48.08000000,49.45812421,49.29015559,49.20977176,49.78080228,0,1
48.09000000,49.43404452,49.24604672,49.17248031,49.77547121,0,1
48.10000000,49.42000044,49.22909532,49.17294141,49.73222484,0,1
48.11000000,49.42093444,49.21158553,49.19239581,49.68554382,0,1
48.12000000,49.39389461,49.22030060,49.17799331,49.70562605,0,1
48.13000000,49.37241115,49.19852510,49.16615821,49.69724988,0,1
48.14000000,49.33234501,49.20110483,49.12584378,49.67256747,0,1
48.15000000,49.35688124,49.19661833,49.10381188,49.70505171,0,1
48.16000000,49.37959168,49.18261108,49.11118310,49.72917672,0,1
48.17000000,49.34294299,49.11391308,49.10554942,49.64956505,0,1
48.18000000,49.30398319,49.10940187,49.10195717,49.61567605,0,1
48.19000000,49.27288365,49.07002782,49.08769163,49.61856196,0,1
48.20000000,49.31001198,49.10214153,49.05676804,49.55727034,0,1
48.21000000,49.30595242,49.05767118,49.04286281,49.54854194,0,1
48.22000000,49.24299469,49.03427464,48.98933294,49.53974445,0,1
48.23000000,49.20530118,49.03489880,48.99719217,49.48041724,0,1
48.24000000,49.21208344,49.03119822,49.01290836,49.48623082,0,1
48.25000000,49.18462976,49.04376171,49.00258475,49.50401018,0,1
48.26000000,49.13808365,49.01064300,49.00439164,49.48435788,0,1
48.27000000,49.13627538,48.98678178,48.96202004,49.47855176,0,1
48.28000000,49.13531285,49.01524820,48.90316359,49.53007414,0,1
48.29000000,49.17294193,49.00591479,48.93059896,49.48791227,0,1
48.30000000,49.15208606,48.96791477,48.89311380,49.42487011,0,1
48.31000000,49.11452126,48.92653576,48.87807029,49.44820765,0,1
48.32000000,49.09518392,48.90590214,48.84977385,49.45001985,0,1
48.33000000,49.12911001,48.93206020,48.85678544,49.39781113,0,1
48.34000000,49.08775677,48.87869268,48.82450101,49.38378293,0,1
48.35000000,49.00225438,48.86678044,48.88662034,49.34905052,0,1
48.36000000,49.00746751,48.85194659,48.83969029,49.27813560,0,1
48.37000000,49.09466261,48.83607475,48.79410233,49.34402236,0,1
48.38000000,48.98883517,48.82877653,48.79500473,49.34271018,0,1
48.39000000,48.95075342,48.77793624,48.77878098,49.32368838,0,1
48.40000000,48.89472134,48.79442893,48.75862770,49.32195456,0,1
48.41000000,48.93016675,48.76242588,48.78964440,49.32003727,0,1
48.42000000,48.95942520,48.78800599,48.76555443,49.25585143,0,1
48.43000000,48.96721518,48.73860512,48.79229509,49.24710225,0,1
48.44000000,48.92260461,48.66163115,48.75905193,49.22757563,0,1
48.45000000,48.97286558,48.67976791,48.70180562,49.22397972,0,1
48.46000000,48.93322246,48.70404444,48.68452433,49.21506304,0,1
48.47000000,48.83301054,48.69702313,48.63884446,49.19512482,0,1
48.48000000,48.81048332,48.67976469,48.63000994,49.12169488,0,1
48.49000000,48.86464987,48.66268947,48.65967805,49.14789562,0,1
48.50000000,48.87783842,48.68340447,48.63771243,49.14801594,0,1
48.51000000,48.90244701,48.68306335,48.68431899,49.13047320,0,1
48.52000000,48.85944458,48.63454590,48.60055676,49.15435941,0,1
48.53000000,48.84390935,48.67661281,48.56374017,49.17660881,0,1
48.54000000,48.81219140,48.62805343,48.48143508,49.10098370,0,1
48.55000000,48.90678401,48.67652090,48.49029219,49.11702469,0,1
48.56000000,48.80056368,48.62107891,48.66135823,49.12493858,0,1
48.57000000,48.82684396,48.63414023,48.64381128,49.10149386,0,1
48.58000000,48.80987901,48.65057476,48.59054088,49.00483273,0,1
48.59000000,48.83975231,48.55300274,48.50388866,49.09611954,0,1
48.60000000,48.81313956,48.57189265,48.45721417,49.04593982,0,1
48.61000000,48.77646420,48.59931409,48.49502394,49.00113789,0,1
48.62000000,48.74370773,48.59741610,48.55456916,49.09208344,0,1
48.63000000,48.68727465,48.62741844,48.57377532,49.05749749,0,1
48.64000000,48.76643361,48.54315019,48.58037373,48.99343815,0,1
48.65000000,48.76107188,48.54395290,48.50282843,49.04777006,0,1
48.66000000,48.78844180,48.49356329,48.45609739,49.05526519,0,1
48.67000000,48.75115840,48.57224289,48.41996264,49.00206420,0,1
48.68000000,48.72030622,48.55108941,48.46981379,48.99092667,0,1
48.69000000,48.67442138,48.54800485,48.46945939,49.00092495,0,1
48.70000000,48.75648203,48.53367659,48.48225238,48.95560744,0,1
48.71000000,48.73408469,48.50893441,48.42495750,48.92583818,0,1
48.72000000,48.69470043,48.44967479,48.39785590,48.90320290,0,1
48.73000000,48.66731499,48.51208127,48.38264726,48.91236533,0,1
48.74000000,48.62596300,48.44946629,48.44630999,48.93157649,0,1
48.75000000,48.61266623,48.52341249,48.36660566,48.91691198,0,1
48.76000000,48.64374332,48.45828564,48.43082205,48.89930191,0,1
48.77000000,48.68193035,48.46520271,48.37203487,48.92820611,0,1
48.78000000,48.60025178,48.43989791,48.38073623,48.98681815,0,1
48.79000000,48.62001276,48.46017420,48.37586299,48.92369588,0,1
48.80000000,48.67937816,48.51924619,48.39177511,48.93692741,0,1
48.81000000,48.74922189,48.55074292,48.38075264,48.90567544,0,1
48.82000000,48.78783567,48.57471345,48.38674777,48.85451174,0,1
48.83000000,48.70077627,48.53656378,48.35532477,48.84329368,0,1
48.84000000,48.60922961,48.51031845,48.35196288,48.85895016,0,1
48.85000000,48.59794270,48.47908613,48.37213020,48.83801452,0,1
48.86000000,48.61740699,48.43136891,48.38343690,48.90461717,0,1
48.87000000,48.64076782,48.41149776,48.38788617,48.90363308,0,1
48.88000000,48.61157701,48.44848886,48.38070850,48.87842201,0,1
48.89000000,48.61638658,48.47168855,48.35796964,48.87238073,0,1
48.90000000,48.59680293,48.48277259,48.32804960,48.91410856,0,1
48.91000000,48.61582090,48.42147535,48.34012252,48.90025411,0,1
48.92000000,48.63916669,48.37681170,48.34866576,48.92533805,0,1
48.93000000,48.62094057,48.41983000,48.32698142,48.90371864,0,1
48.94000000,48.55810834,48.43550796,48.32549741,48.87233813,0,1
48.95000000,48.56609897,48.46111495,48.31271753,48.85334821,0,1
48.96000000,48.59603635,48.43742522,48.30815751,48.82661688,0,1
48.97000000,48.63482439,48.41730673,48.29613333,48.77868140,0,1
48.98000000,48.62777566,48.39862147,48.29666068,48.78005434,0,1
48.99000000,48.59866410,48.43770285,48.32287970,48.81743309,0,1
49.00000000,48.54707311,48.50686159,48.34335024,48.83348696,0,1
49.01000000,48.61594156,48.52712671,48.36146933,48.84207440,0,1
49.02000000,48.64858011,48.51010626,48.30131334,48.84121317,0,1
49.03000000,48.63004671,48.46580161,48.26648153,48.87973793,0,1
49.04000000,48.64886206,48.43718419,48.30114301,48.89994258,0,1
49.05000000,48.64780157,48.47993748,48.34671585,48.88345391,0,1
49.06000000,48.62915381,48.47613501,48.38480610,48.89786985,0,1
49.07000000,48.58098363,48.45930071,48.37280818,48.89806781,0,1
49.08000000,48.59865845,48.46679230,48.34951316,48.84626812,0,1
49.09000000,48.60388167,48.41968945,48.32111829,48.83428567,0,1
49.10000000,48.64649014,48.45313265,48.31853933,48.85049716,0,1
49.11000000,48.69267864,48.46656228,48.35624182,48.86495102,0,1
49.12000000,48.64514021,48.52151584,48.36724181,48.88322631,0,1
49.13000000,48.65691332,48.54447292,48.35952555,48.89462999,0,1
49.14000000,48.66832816,48.54364094,48.34201569,48.88701497,0,1
49.15000000,48.66463050,48.50601306,48.35352165,48.89525223,0,1
49.16000000,48.68873600,48.52789905,48.36672987,48.89603070,0,1
49.17000000,48.73467267,48.55697947,48.37660904,48.89167831,0,1
49.18000000,48.74090924,48.59435299,48.38108970,48.90082826,0,1
49.19000000,48.72344319,48.57833225,48.41127388,48.90369697,0,1
49.20000000,48.71647227,48.58475701,48.41161017,48.90627237,0,1
49.21000000,48.71199080,48.54493614,48.43518059,48.91241158,0,1
49.22000000,48.71189537,48.53593757,48.40314765,48.90897306,0,1
49.23000000,48.73360376,48.55796357,48.42386691,48.93601414,0,1
49.24000000,48.72653323,48.54656481,48.47390729,48.97144002,0,1
49.25000000,48.71837000,48.57285389,48.47492182,48.96319080,0,1
49.26000000,48.72689384,48.56377236,48.45128916,48.95867179,0,1
49.27000000,48.74321529,48.54586728,48.42312873,48.93449737,0,1
49.28000000,48.75721798,48.60866668,48.39418174,48.98810952,0,1
49.29000000,48.76527325,48.60142154,48.40054041,49.00815982,0,1
49.30000000,48.77396638,48.61327594,48.45165536,48.98616809,0,1
49.31000000,48.76496780,48.63067719,48.49688250,48.99087263,0,1
49.32000000,48.79181985,48.63538812,48.49612148,49.02110522,0,1
49.33000000,48.81852648,48.61572215,48.52042514,48.94920517,0,1
49.34000000,48.78002864,48.60830075,48.50001115,48.97223262,0,1
49.35000000,48.76287914,48.62453852,48.50222171,48.98735900,0,1
49.36000000,48.79206857,48.63269029,48.52752834,48.99034844,0,1
49.37000000,48.81746062,48.65582034,48.55529124,49.04157910,0,1
49.38000000,48.82306567,48.67219010,48.52947097,49.05306007,0,1
49.39000000,48.83569177,48.63013334,48.53860916,48.97704101,0,1
49.40000000,48.83552728,48.67391389,48.48521894,49.08199288,0,1
49.41000000,48.85087541,48.65650612,48.51338106,49.11789229,0,1
49.42000000,48.85536894,48.72237797,48.53994398,49.08534175,0,1
49.43000000,48.85164589,48.73989311,48.61243048,49.13512924,0,1
49.44000000,48.84675972,48.74458756,48.60059243,49.10868877,0,1
49.45000000,48.91117638,48.72429233,48.59136089,49.06725570,0,1
49.46000000,48.88993704,48.69411965,48.56341769,49.11691684,0,1
49.47000000,48.90614803,48.73234964,48.58205453,49.06723821,0,1
49.48000000,48.88253258,48.73785284,48.59092734,49.12478251,0,1
49.49000000,48.92136298,48.74865380,48.62749186,49.16389153,0,1
49.50000000,48.89659392,48.75105642,48.65778524,49.08271754,0,1
49.51000000,48.93904781,48.72129456,48.65330366,49.13588883,0,1
49.52000000,48.98431772,48.75565935,48.67584651,49.16744154,0,1
49.53000000,48.94153984,48.76002706,48.58401153,49.14426840,0,1
49.54000000,48.98103157,48.82107234,48.62898202,49.22142588,0,1
49.55000000,48.99014019,48.82228572,48.64217394,49.19044525,0,1
49.56000000,48.97220502,48.83207640,48.70130665,49.09181835,0,1
49.57000000,48.96640428,48.79546778,48.71247726,49.18987481,0,1
49.58000000,48.94159858,48.81686434,48.69426433,49.10528854,0,1
49.59000000,48.94695461,48.82621173,48.65749648,49.04144675,0,1
49.60000000,48.99400009,48.81666027,48.63083162,49.18703781,0,1
49.61000000,49.03501754,48.84736468,48.65821999,49.17501661,0,1
49.62000000,48.99569217,48.77940345,48.71642999,49.12342108,0,1
49.63000000,49.01227861,48.85965926,48.74374999,49.21980565,0,1
49.64000000,49.03046444,48.82474190,48.78043703,49.27526216,0,1
49.65000000,49.05352243,48.89648169,48.68997582,49.22623439,0,1
49.66000000,48.98960170,48.85380510,48.70868106,49.28497623,0,1
49.67000000,49.05875521,48.90222677,48.74461909,49.32324611,0,1
49.68000000,49.00392661,48.88743873,48.76578006,49.25176347,0,1
49.69000000,49.06578865,48.89192292,48.79470930,49.27630302,0,1
49.70000000,49.08155972,48.88468123,48.77213339,49.27978371,0,1
49.71000000,49.04862846,48.87299604,48.76614142,49.27438420,0,1
49.72000000,49.03737502,48.90050275,48.73990580,49.21056376,0,1
49.73000000,49.05853552,48.86967911,48.77620034,49.30136060,0,1
49.74000000,49.07284838,48.89708192,48.85614115,49.30441119,0,1
49.75000000,49.07995768,48.88910498,48.86800710,49.28144320,0,1
49.76000000,49.09844865,48.91066667,48.88721469,49.33057179,0,1
49.77000000,49.09636385,48.90688284,48.82101926,49.34367864,0,1
49.78000000,49.08541594,48.94273786,48.76507645,49.33756609,0,1
49.79000000,49.14894082,48.95338061,48.81938849,49.36990109,0,1
49.80000000,49.15488285,49.00766482,48.83081786,49.36416174,0,1
49.81000000,49.14228960,49.01560529,48.85701807,49.36083097,0,1
49.82000000,49.15048103,49.00504849,48.88102349,49.35754849,0,1
49.83000000,49.14605868,48.99944113,48.87030765,49.37871312,0,1
49.84000000,49.15097417,48.97229726,48.84872633,49.34134809,0,1
49.85000000,49.17694235,48.98837477,48.82706488,49.32118396,0,1
49.86000000,49.18100348,48.96825665,48.85587334,49.36534705,0,1
49.87000000,49.18168680,49.01182328,48.88374132,49.38527988,0,1
49.88000000,49.15491227,48.99863661,48.92988921,49.39819478,0,1
49.89000000,49.21091465,49.01444845,48.94186972,49.42538161,0,1
49.90000000,49.21264038,49.01807453,48.87633477,49.42549915,0,1
49.91000000,49.22729603,49.05638623,48.86739903,49.44992656,0,1
49.92000000,49.23409612,49.07486750,48.89425767,49.46474739,0,1
49.93000000,49.21459213,49.08073211,48.97023205,49.44578683,0,1
49.94000000,49.22956889,49.09413681,48.98135553,49.42650450,0,1
49.95000000,49.22026019,49.06824439,48.95409531,49.43366065,0,1
49.96000000,49.23837602,49.08943811,48.93222690,49.37901941,0,1
49.97000000,49.25272188,49.09631578,48.89903580,49.38110943,0,1
49.98000000,49.28006401,49.08520292,48.92895993,49.47952872,0,1
49.99000000,49.28490445,49.07711388,48.99495494,49.49555209,0,1
