time_s,wheel0_corrected_rad_s,wheel1_corrected_rad_s,wheel2_corrected_rad_s,wheel3_corrected_rad_s,FL_blowout_signal,RR_blowout_signal
0.00000000,59.58410655,59.30350175,59.20717607,59.35422536,0,0
0.01000000,59.62292899,59.35166042,59.25024431,59.34659868,0,0
0.02000000,59.62283106,59.33892239,59.21811765,59.32462879,0,0
0.03000000,59.57079893,59.38982388,59.24397104,59.34358818,0,0
0.04000000,59.55588351,59.35818522,59.27811581,59.34032765,0,0
0.05000000,59.58224541,59.39887380,59.29859795,59.33478880,0,0
0.06000000,59.61953672,59.37101214,59.22729958,59.34733125,0,0
0.07000000,59.56053125,59.22666853,59.22330635,59.34524256,0,0
0.08000000,59.56073173,59.27639972,59.22342648,59.37941721,0,0
0.09000000,59.61489127,59.36586949,59.18299144,59.38003368,0,0
0.10000000,59.65046072,59.45534032,59.19275662,59.33563028,0,0
0.11000000,59.61154138,59.42316736,59.24722092,59.34818142,0,0
0.12000000,59.56791757,59.35051353,59.28371530,59.34363956,0,0
0.13000000,59.54306114,59.31666038,59.32798255,59.36096961,0,0
0.14000000,59.59177771,59.37149979,59.29429683,59.41910397,0,0
0.15000000,59.66255356,59.42739464,59.23824696,59.33184468,0,0
0.16000000,59.61386003,59.36832800,59.22557466,59.34339383,0,0
0.17000000,59.63198178,59.31806574,59.18766567,59.29801932,0,0
0.18000000,59.58132509,59.36092543,59.19828753,59.31884523,0,0
0.19000000,59.58812121,59.37238714,59.20684219,59.31688808,0,0
0.20000000,59.59995566,59.39527735,59.18972241,59.35534314,0,0
0.21000000,59.64303258,59.38761471,59.16645430,59.37102895,0,0
0.22000000,59.61640705,59.32344145,59.22474737,59.36261090,0,0
0.23000000,59.61136337,59.35212489,59.21571273,59.39434709,0,0
0.24000000,59.56787680,59.39169112,59.20850946,59.30677499,0,0
0.25000000,59.62057920,59.38841881,59.17176743,59.30131288,0,0
0.26000000,59.59818988,59.34257460,59.21758967,59.29499716,0,0
0.27000000,59.61589428,59.30128916,59.27534771,59.32444900,0,0
0.28000000,59.57439679,59.33165843,59.27166556,59.34628588,0,0
0.29000000,59.61251371,59.42981683,59.25103403,59.34930630,0,0
0.30000000,59.64377798,59.42441267,59.20511831,59.36356651,0,0
0.31000000,59.60857728,59.34822222,59.19877034,59.35673950,0,0
0.32000000,59.57440528,59.30213022,59.22681035,59.35676959,0,0
0.33000000,59.54924383,59.36562005,59.26873743,59.35478914,0,0
0.34000000,59.66440926,59.42917237,59.24727619,59.36301158,0,0
0.35000000,59.61514975,59.35043748,59.22197555,59.34890616,0,0
0.36000000,59.61289200,59.33437048,59.17682175,59.35433240,0,0
0.37000000,59.59194282,59.30492186,59.24202464,59.35767173,0,0
0.38000000,59.61737837,59.39772170,59.26060902,59.39439705,0,0
0.39000000,59.59277060,59.44429232,59.26177767,59.36862731,0,0
0.40000000,59.57358085,59.41524355,59.22464383,59.35159189,0,0
0.41000000,59.61202484,59.34815685,59.20276861,59.38759250,0,0
0.42000000,59.64849128,59.35841533,59.22423867,59.32566863,0,0
0.43000000,59.66533026,59.36241087,59.23263981,59.30601537,0,0
0.44000000,59.62376304,59.38314792,59.20720148,59.31630172,0,0
0.45000000,59.56461066,59.38123779,59.18255227,59.33260365,0,0
0.46000000,59.57925060,59.37468115,59.22438979,59.35585835,0,0
0.47000000,59.61217706,59.36086781,59.22302952,59.34774080,0,0
0.48000000,59.61631195,59.32929072,59.23988921,59.35216252,0,0
0.49000000,59.58228170,59.32503234,59.21752225,59.34049491,0,0
0.50000000,59.57338222,59.35612962,59.21899812,59.35389416,0,0
0.51000000,59.61085647,59.37004320,59.22889030,59.33054237,0,0
0.52000000,59.61110803,59.35970470,59.18838513,59.30223212,0,0
0.53000000,59.58722958,59.34357400,59.16883733,59.25847075,0,0
0.54000000,59.54545904,59.35390416,59.18871729,59.28377675,0,0
0.55000000,59.60219298,59.38745642,59.20927705,59.29596853,0,0
0.56000000,59.62457733,59.40733987,59.20151189,59.35390631,0,0
0.57000000,59.58590172,59.34768498,59.21366233,59.36771120,0,0
0.58000000,59.56466214,59.28737727,59.23238992,59.36094923,0,0
0.59000000,59.55823929,59.31164165,59.22787180,59.34864558,0,0
0.60000000,59.58758926,59.36624956,59.26518503,59.32475466,0,0
0.61000000,59.59064858,59.37125921,59.22688489,59.34431142,0,0
0.62000000,59.64889232,59.34991332,59.21845793,59.38158234,0,0
0.63000000,59.53273229,59.32546721,59.21181294,59.37915602,0,0
0.64000000,59.50061006,59.32357109,59.18649622,59.36956708,0,0
0.65000000,59.50229549,59.37172607,59.22396623,59.36727286,0,0
0.66000000,59.54569625,59.37142665,59.19535350,59.33915021,0,0
0.67000000,59.59530633,59.35418838,59.22182166,59.34050624,0,0
0.68000000,59.59046231,59.34477495,59.25213105,59.35119318,0,0
0.69000000,59.61552033,59.34698193,59.25177855,59.32756756,0,0
0.70000000,59.56840930,59.35284930,59.22047268,59.33669808,0,0
0.71000000,59.55054437,59.33423899,59.20275972,59.32864029,0,0
0.72000000,59.55897909,59.31955640,59.20667767,59.35665634,0,0
0.73000000,59.59253130,59.34695841,59.23157539,59.37206468,0,0
0.74000000,59.62109403,59.37226757,59.16410653,59.36517120,0,0
0.75000000,59.59608044,59.36794185,59.16083830,59.29465200,0,0
0.76000000,59.61165843,59.34530376,59.17956364,59.30220501,0,0
0.77000000,59.56836770,59.32180833,59.24348150,59.34867075,0,0
0.78000000,59.55845056,59.33699924,59.25679282,59.36088789,0,0
0.79000000,59.53517192,59.36123708,59.35743132,59.36212463,0,0
0.80000000,59.61511269,59.38300876,59.25940323,59.31280303,0,0
0.81000000,59.62404510,59.33075371,59.17910420,59.31136497,0,0
0.82000000,59.53506577,59.30836084,59.14942510,59.30453803,0,0
0.83000000,59.50974276,59.35001973,59.13854237,59.32989576,0,0
0.84000000,59.54727639,59.32387441,59.15889552,59.33780142,0,0
0.85000000,59.64811156,59.32923792,59.15161162,59.34754192,0,0
0.86000000,59.61575812,59.32778665,59.19777732,59.33462746,0,0
0.87000000,59.57888755,59.32559347,59.20441704,59.29879767,0,0
0.88000000,59.52525687,59.30530593,59.17946608,59.33365285,0,0
0.89000000,59.56126733,59.30993197,59.17180296,59.30434474,0,0
0.90000000,59.60381595,59.31802572,59.19116941,59.29755963,0,0
0.91000000,59.54859232,59.31449902,59.20804043,59.33088749,0,0
0.92000000,59.54702554,59.34695032,59.23662371,59.30548579,0,0
0.93000000,59.55106539,59.32746828,59.27716907,59.30624271,0,0
0.94000000,59.58482436,59.32415016,59.18106539,59.34802694,0,0
0.95000000,59.61715189,59.33777272,59.20941099,59.27626714,0,0
0.96000000,59.64326806,59.33625898,59.17747306,59.29635590,0,0
0.97000000,59.54463078,59.31927708,59.30998903,59.37564363,0,0
0.98000000,59.60676058,59.38240347,59.22390889,59.36453027,0,0
0.99000000,59.57958262,59.35464143,59.18218514,59.32865105,0,0
1.00000000,59.63639065,59.30825495,59.15306167,59.34725503,0,0
1.01000000,59.55250756,59.36567384,59.15573556,59.30427242,0,0
1.02000000,59.55500146,59.37417755,59.18999421,59.31475302,0,0
1.03000000,59.57572092,59.34605544,59.20920526,59.31836524,0,0
1.04000000,59.59528026,59.37021331,59.17733626,59.31327033,0,0
1.05000000,59.61863678,59.27507658,59.17215049,59.32497763,0,0
1.06000000,59.57924853,59.31631814,59.20617843,59.28276975,0,0
1.07000000,59.57702262,59.37015340,59.23405468,59.28268075,0,0
1.08000000,59.58613024,59.39810546,59.19692148,59.27163972,0,0
1.09000000,59.59987994,59.37115804,59.18005629,59.29210869,0,0
1.10000000,59.55094602,59.30289243,59.14939961,59.28555678,0,0
1.11000000,59.49802934,59.30036150,59.13362905,59.28325373,0,0
1.12000000,59.54043769,59.30006128,59.19584339,59.31751670,0,0
1.13000000,59.60370192,59.36449743,59.21895450,59.29577337,0,0
1.14000000,59.55493286,59.33288088,59.19662182,59.28665415,0,0
1.15000000,59.51500812,59.30445938,59.18841135,59.27348639,0,0
1.16000000,59.50246468,59.34872974,59.18244221,59.29959480,0,0
1.17000000,59.57065535,59.33667660,59.18080470,59.31473326,0,0
1.18000000,59.59420773,59.33556585,59.16672976,59.34522875,0,0
1.19000000,59.55170785,59.30853786,59.15060673,59.35367409,0,0
1.20000000,59.52580658,59.29962917,59.21072562,59.35027644,0,0
1.21000000,59.59854278,59.32290061,59.17905599,59.35892642,0,0
1.22000000,59.64765925,59.38798361,59.20671467,59.31826760,0,0
1.23000000,59.55494558,59.34807211,59.19535101,59.28712928,0,0
1.24000000,59.55092270,59.30959036,59.23944118,59.31165714,0,0
1.25000000,59.51662178,59.30166009,59.30722604,59.36402167,0,0
1.26000000,59.58071192,59.36156329,59.28415742,59.39265724,0,0
1.27000000,59.60308561,59.36062598,59.21464922,59.34740394,0,0
1.28000000,59.57548064,59.36565125,59.16460512,59.32330675,0,0
1.29000000,59.56872753,59.31869161,59.19123614,59.29352669,0,0
1.30000000,59.55503762,59.27926627,59.20910895,59.28318740,0,0
1.31000000,59.57702366,59.32181895,59.22779658,59.29379695,0,0
1.32000000,59.58352592,59.34903886,59.16214878,59.28892352,0,0
1.33000000,59.58866074,59.34538910,59.14597667,59.28725533,0,0
1.34000000,59.59910122,59.34421730,59.16498243,59.28776096,0,0
1.35000000,59.58009829,59.32095571,59.17076082,59.29232899,0,0
1.36000000,59.56520059,59.28841642,59.16442438,59.28885971,0,0
1.37000000,59.51329133,59.27988763,59.15552693,59.33053432,0,0
1.38000000,59.54142235,59.30045617,59.18891575,59.29942510,0,0
1.39000000,59.54925171,59.34367799,59.22851197,59.33005819,0,0
1.40000000,59.57979986,59.34512443,59.19675408,59.33253726,0,0
1.41000000,59.56585827,59.33683314,59.21412418,59.31394110,0,0
1.42000000,59.53070592,59.32817675,59.21347620,59.32862446,0,0
1.43000000,59.55319612,59.31897287,59.18978632,59.32380044,0,0
1.44000000,59.56014668,59.33010924,59.24769140,59.31801178,0,0
1.45000000,59.55255499,59.30684589,59.22254527,59.33766867,0,0
1.46000000,59.53880978,59.30309559,59.20206682,59.34470408,0,0
1.47000000,59.56237960,59.34816963,59.16420336,59.30482898,0,0
1.48000000,59.61061037,59.34827404,59.13721009,59.29587267,0,0
1.49000000,59.59393606,59.34442599,59.15016800,59.34444366,0,0
1.50000000,59.58731688,59.34610501,59.21503180,59.31052825,0,0
1.51000000,59.57988876,59.39971830,59.27578806,59.33570600,0,0
1.52000000,59.58828733,59.39061748,59.29973615,59.33108079,0,0
1.53000000,59.60177995,59.34358789,59.24342825,59.32242584,0,0
1.54000000,59.58988534,59.30731443,59.20069550,59.31096076,0,0
1.55000000,59.59000537,59.37545677,59.18933751,59.32515139,0,0
1.56000000,59.61782102,59.39848413,59.21493191,59.33232096,0,0
1.57000000,59.57615702,59.36717673,59.20242935,59.33841706,0,0
1.58000000,59.55869147,59.35143634,59.22665591,59.36118185,0,0
1.59000000,59.59816536,59.34163251,59.20929210,59.36007012,0,0
1.60000000,59.63360494,59.37366069,59.18227673,59.34989652,0,0
1.61000000,59.63998919,59.37759057,59.18020251,59.32643103,0,0
1.62000000,59.56193669,59.38895854,59.15296010,59.30555919,0,0
1.63000000,59.55707861,59.38232747,59.17915261,59.28525247,0,0
1.64000000,59.57412658,59.38962501,59.16883142,59.27212843,0,0
1.65000000,59.60190281,59.38545318,59.21735688,59.27474431,0,0
1.66000000,59.58499064,59.37114780,59.18931437,59.29600907,0,0
1.67000000,59.57582142,59.33752635,59.21077190,59.32120742,0,0
1.68000000,59.55476303,59.36151200,59.18091505,59.34975742,0,0
1.69000000,59.58906309,59.40296460,59.18513338,59.34909982,0,0
1.70000000,59.60535137,59.39477038,59.16723715,59.35669597,0,0
1.71000000,59.59469791,59.31960726,59.20999651,59.30480348,0,0
1.72000000,59.58258050,59.30903500,59.23277382,59.34409536,0,0
1.73000000,59.52649010,59.36095721,59.27386384,59.39039316,0,0
1.74000000,59.60694100,59.38667526,59.24095152,59.36788683,0,0
1.75000000,59.56548161,59.42232879,59.19454953,59.36964152,0,0
1.76000000,59.61883906,59.41018282,59.25333340,59.38239252,0,0
1.77000000,59.54261690,59.30023167,59.23775457,59.32430554,0,0
1.78000000,59.55089947,59.29734028,59.30261987,59.34097139,0,0
1.79000000,59.59199448,59.35783891,59.18212485,59.33627631,0,0
1.80000000,59.53664148,59.41169742,59.18443124,59.36461396,0,0
1.81000000,59.58143117,59.40255962,59.13854143,59.36160588,0,0
1.82000000,59.57860424,59.36029142,59.17784884,59.33510326,0,0
1.83000000,59.62878401,59.39335039,59.23319050,59.35279025,0,0
1.84000000,59.61798080,59.34858096,59.21067315,59.35641473,0,0
1.85000000,59.55208745,59.43794683,59.21481576,59.38937898,0,0
1.86000000,59.59698622,59.35065362,59.22040097,59.37750981,0,0
1.87000000,59.60888141,59.34825194,59.26369221,59.43666476,0,0
1.88000000,59.60377214,59.35200827,59.22731792,59.35807842,0,0
1.89000000,59.55278292,59.35703122,59.32553145,59.32625253,0,0
1.90000000,59.56089137,59.44122724,59.23146436,59.38293061,0,0
1.91000000,59.58519688,59.40038328,59.30469749,59.35610322,0,0
1.92000000,59.62628299,59.33210749,59.21659167,59.37647480,0,0
1.93000000,59.59387362,59.31368841,59.23157577,59.43677629,0,0
1.94000000,59.64274778,59.44110080,59.20527634,59.35713913,0,0
1.95000000,59.62231367,59.45379385,59.20619154,59.30904635,0,0
1.96000000,59.61334246,59.39219980,59.20751462,59.35371785,0,0
1.97000000,59.59951354,59.34945345,59.16437001,59.30316836,0,0
1.98000000,59.60145929,59.31407448,59.17230095,59.35054366,0,0
1.99000000,59.62431852,59.35442821,59.18108930,59.34757268,0,0
2.00000000,59.52658163,59.38472406,59.20458480,59.37669152,0,0
2.01000000,59.51941013,59.40549409,59.15997662,59.36604372,0,0
2.02000000,59.56919990,59.33762025,59.19656865,59.36978137,0,0
2.03000000,59.63842078,59.34279493,59.20525339,59.36971964,0,0
2.04000000,59.61176590,59.32926329,59.25465428,59.34814595,0,0
2.05000000,59.52829338,59.34379699,59.21808912,59.35647729,0,0
2.06000000,59.51354318,59.39710038,59.22243168,59.37437786,0,0
2.07000000,59.53862337,59.49535446,59.20932828,59.39400672,0,0
2.08000000,59.61909110,59.42743482,59.21850156,59.38460905,0,0
2.09000000,59.59638936,59.38101098,59.17936574,59.34406108,0,0
2.10000000,59.55083533,59.28492218,59.15908739,59.33178162,0,0
2.11000000,59.51147011,59.35478251,59.19312228,59.39448491,0,0
2.12000000,59.53718904,59.37741631,59.21381049,59.43214924,0,0
2.13000000,59.53486202,59.33816515,59.22414656,59.38443619,0,0
2.14000000,59.58341675,59.29981989,59.21551937,59.38265393,0,0
2.15000000,59.62749719,59.34351005,59.23914493,59.37239470,0,0
2.16000000,59.59256704,59.41407244,59.26197697,59.37011292,0,0
2.17000000,59.57058752,59.42718075,59.25014803,59.37813530,0,0
2.18000000,59.56094045,59.37460985,59.18581213,59.36939265,0,0
2.19000000,59.60576834,59.32082822,59.25825926,59.35806316,0,0
2.20000000,59.63593329,59.36988300,59.26639477,59.37846659,0,0
2.21000000,59.62699091,59.46238320,59.27314060,59.35467970,0,0
2.22000000,59.56947004,59.45037272,59.22544900,59.33830095,0,0
2.23000000,59.57298099,59.39390556,59.18179828,59.33349379,0,0
2.24000000,59.62181536,59.36808743,59.18985945,59.37491898,0,0
2.25000000,59.69904689,59.40114731,59.18850602,59.37391864,0,0
2.26000000,59.65726747,59.43272625,59.23021198,59.39988841,0,0
2.27000000,59.61260673,59.40607695,59.20474804,59.39822176,0,0
2.28000000,59.57500657,59.39792438,59.22004422,59.41131612,0,0
2.29000000,59.62589509,59.39787612,59.20075164,59.38837609,0,0
2.30000000,59.68447832,59.40010675,59.21492639,59.34017916,0,0
2.31000000,59.62888656,59.40762511,59.23695216,59.35771880,0,0
2.32000000,59.59912505,59.41935385,59.25988229,59.38843999,0,0
2.33000000,59.58130181,59.41150914,59.24109613,59.38517762,0,0
2.34000000,59.64665174,59.42507475,59.24292324,59.35249646,0,0
2.35000000,59.64553629,59.41097213,59.20700790,59.34546245,0,0
2.36000000,59.63710877,59.35719197,59.25379468,59.33774808,0,0
2.37000000,59.60008406,59.33931998,59.24919510,59.34865197,0,0
2.38000000,59.58460936,59.39172548,59.21276338,59.37781603,0,0
2.39000000,59.62134370,59.43999138,59.22389363,59.35720864,0,0
2.40000000,59.62612905,59.40833624,59.16525213,59.38505403,0,0
2.41000000,59.62026518,59.37121818,59.20683188,59.37046021,0,0
2.42000000,59.63419383,59.37145296,59.23936891,59.39212275,0,0
2.43000000,59.63240642,59.38852260,59.27225270,59.38981416,0,0
2.44000000,59.63113319,59.41023209,59.23182044,59.35053108,0,0
2.45000000,59.59952223,59.42340640,59.20700145,59.34770520,0,0
2.46000000,59.58063211,59.41192113,59.19784480,59.32371957,0,0
2.47000000,59.63085995,59.37746703,59.22697766,59.33418895,0,0
2.48000000,59.66533026,59.36114497,59.24645181,59.35521573,0,0
2.49000000,59.63539863,59.36926813,59.24320982,59.38700216,0,0
2.50000000,59.59253073,59.39337701,59.24341752,59.41487177,0,0
2.51000000,59.56692400,59.40151044,59.27365950,59.41293858,0,0
2.52000000,59.62796660,59.38550781,59.29838342,59.39067025,0,0
2.53000000,59.65890049,59.35754769,59.29437547,59.39008787,0,0
2.54000000,59.63883800,59.36705471,59.29998196,59.39825820,0,0
2.55000000,59.62894353,59.39017648,59.29110108,59.40810668,0,0
2.56000000,59.68344812,59.40547862,59.29001801,59.40719490,0,0
2.57000000,59.58242964,59.38307764,59.21766719,59.37154162,0,0
2.58000000,59.59320776,59.39495092,59.28786355,59.36642511,0,0
2.59000000,59.56143205,59.39324402,59.25488349,59.35095721,0,0
2.60000000,59.63893737,59.38061976,59.29217083,59.38196961,0,0
2.61000000,59.66109468,59.40284153,59.26111187,59.41240481,0,0
2.62000000,59.68604805,59.38622165,59.23489434,59.38186917,0,0
2.63000000,59.66565378,59.35595145,59.25773956,59.37274758,0,0
2.64000000,59.61619111,59.39924970,59.26556865,59.35956437,0,0
2.65000000,59.58405443,59.40564500,59.27752701,59.34643232,0,0
2.66000000,59.60750684,59.39579133,59.24866379,59.36179950,0,0
2.67000000,59.62711777,59.38327368,59.23774671,59.36418448,0,0
2.68000000,59.69635366,59.35339821,59.20364311,59.37270894,0,0
2.69000000,59.64745498,59.36896248,59.23665352,59.37276280,0,0
2.70000000,59.55881807,59.38345439,59.26082100,59.35936729,0,0
2.71000000,59.58242204,59.39173579,59.29825510,59.37448549,0,0
2.72000000,59.60719466,59.41930915,59.30187687,59.36328236,0,0
2.73000000,59.70804327,59.38046214,59.40054230,59.37085736,0,0
2.74000000,59.68259785,59.35720953,59.25296458,59.35839877,0,0
2.75000000,59.55374102,59.33945403,59.25171067,59.35566229,0,0
2.76000000,59.53694392,59.37854479,59.20696826,59.38988593,0,0
2.77000000,59.57605616,59.43924564,59.24291352,59.35337117,0,0
2.78000000,59.70962470,59.43347730,59.19822718,59.34515992,0,0
2.79000000,59.67980313,59.32178020,59.24431259,59.36346746,0,0
2.80000000,59.64129626,59.34433718,59.26518438,59.35856071,0,0
2.81000000,59.58911895,59.35580767,59.29526424,59.40632686,0,0
2.82000000,59.62555032,59.45772542,59.24852791,59.42835319,0,0
2.83000000,59.63778206,59.42893408,59.27090741,59.38568512,0,0
2.84000000,59.61882380,59.35745060,59.25811550,59.39333132,0,0
2.85000000,59.67206063,59.30321904,59.32510375,59.38853512,0,0
2.86000000,59.64518618,59.41651105,59.28668268,59.37506241,0,0
2.87000000,59.63667477,59.48986860,59.22569532,59.35985341,0,0
2.88000000,59.60669550,59.42162439,59.27563911,59.35169440,0,0
2.89000000,59.60019032,59.36662633,59.25559424,59.37501547,0,0
2.90000000,59.67438934,59.35369508,59.34614142,59.38063449,0,0
2.91000000,59.66364543,59.37730980,59.32905330,59.38086728,0,0
2.92000000,59.62026469,59.40065636,59.22642761,59.35723068,0,0
2.93000000,59.57392898,59.40431292,59.20094369,59.36550017,0,0
2.94000000,59.70797947,59.38259662,59.21410976,59.37285785,0,0
2.95000000,59.67193969,59.43107863,59.24441269,59.35972645,0,0
2.96000000,59.67159941,59.35265939,59.26234486,59.34998772,0,0
2.97000000,59.57290819,59.35159189,59.24565387,59.35779488,0,0
2.98000000,59.59513191,59.36613332,59.21948719,59.36694088,0,0
2.99000000,59.63209156,59.41353147,59.23746046,59.37959185,0,0
3.00000000,59.63327189,59.39610078,59.25670556,59.35950594,0,0
3.01000000,59.66871958,59.36580102,59.27521584,59.36734239,0,0
3.02000000,59.59420608,59.38276196,59.31726375,59.34345580,0,0
3.03000000,59.62283807,59.40525703,59.29866027,59.39944025,0,0
3.04000000,59.60763830,59.40300216,59.27956935,59.41671795,0,0
3.05000000,59.59375438,59.38555280,59.28423667,59.37440810,0,0
3.06000000,59.61402220,59.36432973,59.26504997,59.37867028,0,0
3.07000000,59.64833990,59.37003186,59.25705211,59.36396698,0,0
3.08000000,59.62877792,59.37678272,59.23963335,59.36068628,0,0
3.09000000,59.63026259,59.40999102,59.19626596,59.36578745,0,0
3.10000000,59.62921913,59.37779370,59.20614682,59.38384434,0,0
3.11000000,59.61909574,59.36584289,59.29542421,59.37224703,0,0
3.12000000,59.65391673,59.39931595,59.29475472,59.39034950,0,0
3.13000000,59.63906867,59.40679689,59.33063389,59.38177439,0,0
3.14000000,59.61654959,59.41074983,59.22135275,59.35855261,0,0
3.15000000,59.62767186,59.40519468,59.25657511,59.36324152,0,0
3.16000000,59.61666574,59.37163878,59.25716258,59.34592568,0,0
3.17000000,59.62542868,59.37164722,59.27565602,59.34954970,0,0
3.18000000,59.61994365,59.39305193,59.32520872,59.36344292,0,0
3.19000000,59.61673914,59.42830042,59.30082786,59.38842854,0,0
3.20000000,59.69447933,59.41233034,59.26419818,59.36901384,0,0
3.21000000,59.69044711,59.38834707,59.22735997,59.39010803,0,0
3.22000000,59.66696707,59.42873931,59.20190763,59.38953682,0,0
3.23000000,59.62113804,59.42843157,59.25686186,59.38645089,0,0
3.24000000,59.60465708,59.41588694,59.29661499,59.39265360,0,0
3.25000000,59.63755287,59.42215072,59.28056147,59.38361447,0,0
3.26000000,59.65608200,59.42072831,59.25986275,59.38058072,0,0
3.27000000,59.65943723,59.40983863,59.24541600,59.37120821,0,0
3.28000000,59.66761512,59.37133602,59.24411421,59.37926772,0,0
3.29000000,59.63872666,59.39402371,59.28075373,59.39292449,0,0
3.30000000,59.62599975,59.41336981,59.31287463,59.39862729,0,0
3.31000000,59.65603657,59.42003617,59.29048672,59.39851458,0,0
3.32000000,59.67637098,59.43372634,59.31159856,59.38304078,0,0
3.33000000,59.67016123,59.42945482,59.21040573,59.37111918,0,0
3.34000000,59.64450206,59.43551184,59.29630278,59.37936450,0,0
3.35000000,59.66835273,59.42062293,59.23850054,59.37916328,0,0
3.36000000,59.68214918,59.44043462,59.27123963,59.39490650,0,0
3.37000000,59.68416653,59.40603140,59.27961810,59.37826105,0,0
3.38000000,59.65399414,59.40988139,59.31012100,59.36688365,0,0
3.39000000,59.61606242,59.41832848,59.29786211,59.37963019,0,0
3.40000000,59.61782807,59.39864024,59.28832952,59.36584656,0,0
3.41000000,59.68513262,59.41462002,59.26227195,59.39609341,0,0
3.42000000,59.67778549,59.38985643,59.26909272,59.39312108,0,0
3.43000000,59.66353680,59.38161390,59.25022466,59.39935544,0,0
3.44000000,59.64494725,59.41208080,59.27162964,59.39572057,0,0
3.45000000,59.64470460,59.44509130,59.29310286,59.36771764,0,0
3.46000000,59.63939342,59.44160976,59.27389197,59.38025595,0,0
3.47000000,59.65619071,59.39779673,59.26232297,59.34853065,0,0
3.48000000,59.68208670,59.39435096,59.25178882,59.35327095,0,0
3.49000000,59.63403496,59.40848484,59.25559050,59.36560603,0,0
3.50000000,59.63118141,59.28027372,59.27099584,59.36369321,0,0
3.51000000,59.61469727,59.31032517,59.24212618,59.38198100,0,0
3.52000000,59.62492673,59.33378882,59.22482921,59.37498644,0,0
3.53000000,59.60799588,59.45944925,59.25050390,59.36941182,0,0
3.54000000,59.66449188,59.45202659,59.27421603,59.36283340,0,0
3.55000000,59.62161776,59.37038611,59.31052836,59.38610224,0,0
3.56000000,59.59706490,59.33560306,59.29414852,59.39189395,0,0
3.57000000,59.66655358,59.34688420,59.31546002,59.42750872,0,0
3.58000000,59.63392157,59.41406307,59.30434431,59.40178433,0,0
3.59000000,59.63849152,59.43922822,59.30793916,59.37237302,0,0
3.60000000,59.58435453,59.37840672,59.29901129,59.34877651,0,0
3.61000000,59.59440278,59.36098777,59.31396470,59.36529194,0,0
3.62000000,59.67804850,59.34200670,59.30251607,59.37514975,0,0
3.63000000,59.62424703,59.36794722,59.27884489,59.43941633,0,0
3.64000000,59.61043449,59.38137014,59.28146981,59.43270135,0,0
3.65000000,59.62490273,59.40407644,59.33132250,59.44544791,0,0
3.66000000,59.68607006,59.39840249,59.35052079,59.50661528,0,0
3.67000000,59.68905938,59.42944923,59.33263470,59.35395768,0,0
3.68000000,59.67168463,59.32515023,59.28590439,59.41057841,0,0
3.69000000,59.58570996,59.34676329,59.28158056,59.35914225,0,0
3.70000000,59.61292290,59.37151645,59.25809581,59.38498396,0,0
3.71000000,59.67228128,59.43278073,59.29589336,59.34677224,0,0
3.72000000,59.67116535,59.41216549,59.28185038,59.32953981,0,0
3.73000000,59.63685376,59.36965007,59.25978439,59.34901027,0,0
3.74000000,59.56242373,59.32995325,59.29526160,59.33370456,0,0
3.75000000,59.63753291,59.38620798,59.28483230,59.35060427,0,0
3.76000000,59.69114958,59.42074086,59.30978535,59.37584467,0,0
3.77000000,59.65284090,59.39403647,59.27019601,59.34413260,0,0
3.78000000,59.65341456,59.35605305,59.27173959,59.36405726,0,0
3.79000000,59.62669788,59.38314170,59.29037792,59.32139895,0,0
3.80000000,59.66760924,59.42650746,59.23635169,59.31621362,0,0
3.81000000,59.64413120,59.45146434,59.19088645,59.35154119,0,0
3.82000000,59.63481818,59.37403741,59.25600663,59.40458247,0,0
3.83000000,59.64490759,59.33661163,59.30163811,59.40453863,0,0
3.84000000,59.69931485,59.38687647,59.31425357,59.46729992,0,0
3.85000000,59.73981434,59.48075956,59.27068590,59.40569909,0,0
3.86000000,59.70579149,59.50866106,59.21873988,59.36201494,0,0
3.87000000,59.70481385,59.48068204,59.26566844,59.36898568,0,0
3.88000000,59.60199130,59.42236094,59.34042795,59.39194427,0,0
3.89000000,59.68466311,59.40793876,59.32014052,59.40685289,0,0
3.90000000,59.72654047,59.41662336,59.33214429,59.38083819,0,0
3.91000000,59.71383516,59.45259858,59.24750797,59.35908396,0,0
3.92000000,59.62795374,59.40246031,59.23903817,59.36067239,0,0
3.93000000,59.58830068,59.38764293,59.26143259,59.35194066,0,0
3.94000000,59.67880062,59.43698239,59.28542029,59.34981714,0,0
3.95000000,59.70601680,59.41207192,59.28077203,59.34565907,0,0
3.96000000,59.73135391,59.41158764,59.22143241,59.35897456,0,0
3.97000000,59.67269359,59.41989761,59.21406638,59.36421780,0,0
3.98000000,59.66152274,59.43800629,59.23767765,59.36474763,0,0
3.99000000,59.66449333,59.45017586,59.27284484,59.33308210,0,0
4.00000000,59.66749091,59.45582106,59.25668667,59.33898279,0,0
4.01000000,59.66071795,59.38949408,59.25631186,59.33832537,0,0
4.02000000,59.67061911,59.37943129,59.32020615,59.37634595,0,0
4.03000000,59.68003126,59.38553823,59.33021602,59.38871772,0,0
4.04000000,59.64007967,59.43833414,59.33906878,59.43466468,0,0
4.05000000,59.62120376,59.43591552,59.27837117,59.40638587,0,0
4.06000000,59.62890678,59.40640223,59.35739911,59.43515183,0,0
4.07000000,59.65013135,59.38979391,59.33568208,59.44452388,0,0
4.08000000,59.66791748,59.34799603,59.34868751,59.44046270,0,0
4.09000000,59.67469796,59.40103494,59.28533358,59.43656831,0,0
4.10000000,59.65803678,59.42757658,59.28656011,59.39500480,0,0
4.11000000,59.62366649,59.43205589,59.29231102,59.40142516,0,0
4.12000000,59.65948586,59.40811117,59.29183773,59.37671789,0,0
4.13000000,59.66401947,59.37461069,59.29759768,59.37045798,0,0
4.14000000,59.70294779,59.41240575,59.30371011,59.39409479,0,0
4.15000000,59.70692052,59.44087405,59.29407767,59.39686405,0,0
4.16000000,59.67923693,59.44477786,59.29797173,59.38826841,0,0
4.17000000,59.64384199,59.44776916,59.28813231,59.40289569,0,0
4.18000000,59.67992317,59.41609381,59.28216293,59.39902948,0,0
4.19000000,59.74503524,59.44539766,59.31292235,59.41903235,0,0
4.20000000,59.72996538,59.45084139,59.35540364,59.41414944,0,0
4.21000000,59.69022294,59.43886141,59.31564741,59.44275214,0,0
4.22000000,59.66581512,59.44955979,59.30823626,59.44020559,0,0
4.23000000,59.68642457,59.46874859,59.30854563,59.42683864,0,0
4.24000000,59.66728723,59.45207695,59.33888289,59.41933829,0,0
4.25000000,59.68915558,59.44705250,59.29237767,59.39645764,0,0
4.26000000,59.69728217,59.44046032,59.31972394,59.40517023,0,0
4.27000000,59.74981606,59.42124899,59.31002558,59.41381151,0,0
4.28000000,59.70858945,59.35916246,59.28250852,59.39245142,0,0
4.29000000,59.69576162,59.44011772,59.29009682,59.37265245,0,0
4.30000000,59.69214407,59.47767982,59.32616085,59.38510785,0,0
4.31000000,59.66841707,59.48089507,59.34935308,59.37634381,0,0
4.32000000,59.66518760,59.44351047,59.36190448,59.41485252,0,0
4.33000000,59.72329792,59.42308378,59.28816769,59.41535108,0,0
4.34000000,59.75386066,59.43264276,59.26874152,59.41819750,0,0
4.35000000,59.72226971,59.43269790,59.26918421,59.39102364,0,0
4.36000000,59.65267997,59.44119646,59.32915435,59.38537412,0,0
4.37000000,59.67812879,59.47084749,59.37011530,59.37114606,0,0
4.38000000,59.71875691,59.49722203,59.34592274,59.40472783,0,0
4.39000000,59.73983099,59.45360481,59.31067376,59.41725660,0,0
4.40000000,59.68144047,59.40914707,59.28499833,59.43883148,0,0
4.41000000,59.60013127,59.38288058,59.28824284,59.46057026,0,0
4.42000000,59.57953457,59.40935174,59.34560885,59.46215015,0,0
4.43000000,59.61621934,59.44455596,59.33285100,59.43900909,0,0
4.44000000,59.64045099,59.43567453,59.31243217,59.41549502,0,0
4.45000000,59.61810915,59.32916176,59.26885578,59.34561154,0,0
4.46000000,59.60571100,59.38552062,59.27326845,59.38646642,0,0
4.47000000,59.64327570,59.42488965,59.30052043,59.40693178,0,0
4.48000000,59.66902823,59.44509174,59.27457433,59.43156266,0,0
4.49000000,59.63465918,59.40049782,59.24327101,59.41873504,0,0
4.50000000,59.58760931,59.38793502,59.24387558,59.38470893,0,0
4.51000000,59.63256002,59.32361620,59.24864975,59.38408759,0,0
4.52000000,59.64126338,59.36006680,59.29702760,59.36994013,0,0
4.53000000,59.66206097,59.39530337,59.31117885,59.38138204,0,0
4.54000000,59.59031584,59.38663684,59.34241330,59.43183407,0,0
4.55000000,59.52543081,59.37353580,59.38947776,59.46667402,0,0
4.56000000,59.59916173,59.36850539,59.41351040,59.45542145,0,0
4.57000000,59.60326098,59.40022528,59.42681843,59.49769129,0,0
4.58000000,59.71349999,59.35372603,59.39496109,59.47142297,0,0
4.59000000,59.64740799,59.36312205,59.39551306,59.45894542,0,0
4.60000000,59.71806039,59.41290404,59.39330202,59.41980701,0,0
4.61000000,59.72681199,59.47153082,59.32499723,59.43905695,0,0
4.62000000,59.72664174,59.43501847,59.28525823,59.37018142,0,0
4.63000000,59.67508500,59.41084299,59.28998208,59.38295407,0,0
4.64000000,59.63081478,59.42270566,59.32749653,59.40580459,0,0
4.65000000,59.68326567,59.43461878,59.32476941,59.42507704,0,0
4.66000000,59.70952917,59.41994923,59.31414045,59.40236509,0,0
4.67000000,59.70801051,59.40461343,59.25684638,59.41097009,0,0
4.68000000,59.68264498,59.36090314,59.35774739,59.38420114,0,0
4.69000000,59.69124971,59.43390176,59.32808078,59.37857138,0,0
4.70000000,59.68755171,59.42544352,59.42834308,59.36781166,0,0
4.71000000,59.73492568,59.52368340,59.28795542,59.39344548,0,0
4.72000000,59.77732345,59.46377282,59.17650703,59.39045929,0,0
4.73000000,59.69250367,59.39647380,59.19117764,59.37419708,0,0
4.74000000,59.65823996,59.43663726,59.19387636,59.35103087,0,0
4.75000000,59.66644279,59.46438635,59.23492324,59.38513575,0,0
4.76000000,59.73442920,59.44942178,59.23482861,59.36407740,0,0
4.77000000,59.69714980,59.45518534,59.27216316,59.36666375,0,0
4.78000000,59.68099139,59.43507576,59.25974168,59.39317222,0,0
4.79000000,59.64015687,59.47022954,59.28556228,59.38165945,0,0
4.80000000,59.66903044,59.45833639,59.32253365,59.43040324,0,0
4.81000000,59.69429678,59.41043172,59.29938808,59.41972186,0,0
4.82000000,59.69590677,59.46424296,59.33562948,59.41800513,0,0
4.83000000,59.74269727,59.45267376,59.29935610,59.41544121,0,0
4.84000000,59.68408513,59.49112471,59.33161315,59.42496948,0,0
4.85000000,59.65797796,59.44337057,59.33538461,59.38222041,0,0
4.86000000,59.67986897,59.43394270,59.33957521,59.40946159,0,0
4.87000000,59.72685369,59.44580494,59.32165232,59.39388021,0,0
4.88000000,59.72821476,59.44738773,59.39119345,59.41393620,0,0
4.89000000,59.65908260,59.47993940,59.38676663,59.42652890,0,0
4.90000000,59.61447123,59.42624453,59.33311134,59.39708419,0,0
4.91000000,59.66571505,59.43301464,59.32347257,59.38235048,0,0
4.92000000,59.72260484,59.42662863,59.35554915,59.40927723,0,0
4.93000000,59.74083411,59.41269163,59.35077954,59.35689558,0,0
4.94000000,59.68552505,59.40098503,59.32498959,59.41789762,0,0
4.95000000,59.65122973,59.46597125,59.32779423,59.42761903,0,0
4.96000000,59.68625386,59.54153967,59.28253167,59.42210675,0,0
4.97000000,59.71728554,59.55718354,59.26018952,59.39871479,0,0
4.98000000,59.69686435,59.40144931,59.27312457,59.39940032,0,0
4.99000000,59.68510633,59.27045455,59.30655288,59.43810256,0,0
5.00000000,59.73450483,59.36483592,59.35492795,59.45777820,0,0
5.01000000,59.70796788,59.47521309,59.34078250,59.47393485,0,0
5.02000000,59.69146823,59.54240156,59.33242714,59.45537489,0,0
5.03000000,59.66863446,59.47963335,59.34917090,59.43317977,0,0
5.04000000,59.76070765,59.44383921,59.38045082,59.44349187,0,0
5.05000000,59.77122245,59.43425733,59.42121296,59.47864679,0,0
5.06000000,59.72856354,59.46882171,59.39648678,59.47949616,0,0
5.07000000,59.64975618,59.50346878,59.34664783,59.46444208,0,0
5.08000000,59.61225497,59.47212982,59.36663915,59.44359502,0,0
5.09000000,59.65186879,59.44170346,59.37529269,59.41378476,0,0
5.10000000,59.70692085,59.42348976,59.36031135,59.40258802,0,0
5.11000000,59.74917363,59.44047196,59.33458786,59.37919874,0,0
5.12000000,59.73270420,59.46075293,59.33215122,59.44063553,0,0
5.13000000,59.72124342,59.46186657,59.31659075,59.47135241,0,0
5.14000000,59.72439092,59.49651500,59.28961146,59.52744158,0,0
5.15000000,59.72101626,59.50578969,59.29287221,59.46666431,0,0
5.16000000,59.70125830,59.46223782,59.28570327,59.40091238,0,0
5.17000000,59.71167778,59.40505578,59.35208321,59.42122216,0,0
5.18000000,59.71467424,59.40915480,59.31632314,59.42687625,0,0
5.19000000,59.71016104,59.46264124,59.32300440,59.39327823,0,0
5.20000000,59.68825444,59.47719297,59.33349085,59.38993159,0,0
5.21000000,59.67129997,59.46432239,59.36760783,59.39856943,0,0
5.22000000,59.65599859,59.45438261,59.40166833,59.42175839,0,0
5.23000000,59.70076055,59.46043102,59.42602912,59.47674785,0,0
5.24000000,59.73774785,59.45864332,59.38469709,59.48639248,0,0
5.25000000,59.78429335,59.48411844,59.34803767,59.46391307,0,0
5.26000000,59.70401027,59.47254643,59.30233607,59.46914146,0,0
5.27000000,59.67968347,59.45719653,59.31809578,59.45641446,0,0
5.28000000,59.68073189,59.47273088,59.33934877,59.46054036,0,0
5.29000000,59.69540279,59.49799773,59.36646234,59.46528892,0,0
5.30000000,59.69616290,59.47346512,59.34262428,59.47442942,0,0
5.31000000,59.70631058,59.45267904,59.31158744,59.47186676,0,0
5.32000000,59.68970473,59.43232736,59.34215134,59.53479355,0,0
5.33000000,59.71071874,59.48883763,59.34284269,59.49551280,0,0
5.34000000,59.71416064,59.47510484,59.35200176,59.43357553,0,0
5.35000000,59.68146655,59.48881046,59.37640527,59.41760346,0,0
5.36000000,59.70374146,59.44028398,59.31841577,59.41229563,0,0
5.37000000,59.71967428,59.47502269,59.32726300,59.40568156,0,0
5.38000000,59.71574533,59.49396587,59.29779981,59.38783826,0,0
5.39000000,59.70430719,59.48841355,59.30694077,59.41277209,0,0
5.40000000,59.65914097,59.48074798,59.28043088,59.41281868,0,0
5.41000000,59.72682467,59.41634704,59.32480343,59.42800366,0,0
5.42000000,59.69461475,59.43026044,59.35390702,59.43209591,0,0
5.43000000,59.65188959,59.44882180,59.33950934,59.45025435,0,0
5.44000000,59.69248872,59.46791459,59.34493740,59.43564506,0,0
5.45000000,59.65459535,59.50340420,59.33392792,59.44402842,0,0
5.46000000,59.71554818,59.39596035,59.30697675,59.45216907,0,0
5.47000000,59.72344777,59.45490321,59.31465423,59.42724655,0,0
5.48000000,59.74931251,59.42125372,59.30161702,59.49897915,0,0
5.49000000,59.65328593,59.45898797,59.32452867,59.43244221,0,0
5.50000000,59.65590897,59.51875504,59.37422970,59.48429058,0,0
5.51000000,59.70095288,59.48348059,59.36994778,59.42337146,0,0
5.52000000,59.70159153,59.46177356,59.33210545,59.44552224,0,0
5.53000000,59.73648913,59.40157076,59.32745872,59.39897079,0,0
5.54000000,59.69459974,59.46452721,59.31425546,59.42918751,0,0
5.55000000,59.71558088,59.48409679,59.31602397,59.47138232,0,0
5.56000000,59.67593233,59.49991676,59.34419194,59.45380504,0,0
5.57000000,59.75759233,59.46456304,59.33522170,59.45310524,0,0
5.58000000,59.76607584,59.42394065,59.35102461,59.45386726,0,0
5.59000000,59.74767850,59.41639207,59.33070762,59.43154995,0,0
5.60000000,59.69794481,59.51440597,59.30456088,59.43694113,0,0
5.61000000,59.68446915,59.53805039,59.34599219,59.46904426,0,0
5.62000000,59.67874404,59.49193509,59.31366515,59.46842016,0,0
5.63000000,59.67119766,59.40561942,59.33413312,59.41111265,0,0
5.64000000,59.69573971,59.36677498,59.33350117,59.41393338,0,0
5.65000000,59.70644938,59.47135123,59.30673253,59.42185977,0,0
5.66000000,59.69449257,59.49447051,59.32297503,59.41271643,0,0
5.67000000,59.64214967,59.52295759,59.26748226,59.44601198,0,0
5.68000000,59.74700905,59.46765099,59.30256911,59.39048344,0,0
5.69000000,59.78171950,59.41873408,59.28186437,59.41729606,0,0
5.70000000,59.59972739,59.39178580,59.33644666,59.42452776,0,0
5.71000000,59.57134194,59.43990444,59.29890047,59.38346048,0,0
5.72000000,59.58119939,59.44108928,59.27874377,59.44732955,0,0
5.73000000,59.74559303,59.47205732,59.25517763,59.41212069,0,0
5.74000000,59.69938748,59.41123428,59.28862594,59.37121067,0,0
5.75000000,59.71104726,59.43446218,59.32328104,59.39754942,0,0
5.76000000,59.62446204,59.44955106,59.35124062,59.43384168,0,0
5.77000000,59.65768821,59.45277623,59.38021285,59.46192390,0,0
5.78000000,59.67414732,59.42881374,59.39443425,59.50631749,0,0
5.79000000,59.72846213,59.41583392,59.34627094,59.45233821,0,0
5.80000000,59.76819630,59.43955054,59.33779726,59.43949206,0,0
5.81000000,59.70334082,59.47946721,59.30492592,59.41735699,0,0
5.82000000,59.64978623,59.53431302,59.30964742,59.40954202,0,0
5.83000000,59.64547485,59.48502360,59.35313279,59.46270081,0,0
5.84000000,59.70332912,59.43935275,59.36894644,59.47739792,0,0
5.85000000,59.72565716,59.42480094,59.44749170,59.49152112,0,0
5.86000000,59.72583974,59.48203944,59.42924636,59.49917749,0,0
5.87000000,59.74898834,59.51948904,59.30817505,59.46596363,0,0
5.88000000,59.70548833,59.47831598,59.27060593,59.42131689,0,0
5.89000000,59.69540134,59.44843169,59.26621784,59.41956451,0,0
5.90000000,59.68136248,59.41350512,59.32180189,59.42156300,0,0
5.91000000,59.70253184,59.46310313,59.28919904,59.43115045,0,0
5.92000000,59.74406040,59.52907552,59.27746697,59.44598714,0,0
5.93000000,59.72668905,59.49580460,59.28192418,59.43935216,0,0
5.94000000,59.70246698,59.44359533,59.28395504,59.41518006,0,0
5.95000000,59.68979731,59.42416915,59.27305040,59.40113854,0,0
5.96000000,59.68413719,59.45344217,59.32708270,59.40337365,0,0
5.97000000,59.71794696,59.46913192,59.39453900,59.38681667,0,0
5.98000000,59.70498315,59.49287612,59.32856389,59.40130179,0,0
5.99000000,59.67782331,59.45137055,59.30200965,59.41034543,0,0
6.00000000,59.69774103,59.41648589,59.32187920,59.43120809,0,0
6.01000000,59.78358292,59.46221158,59.32702910,59.44606887,0,0
6.02000000,59.74421045,59.49176308,59.32363860,59.42930542,0,0
6.03000000,59.67542559,59.49369080,59.37744458,59.45356564,0,0
6.04000000,59.65476606,59.44857639,59.42072089,59.47566521,0,0
6.05000000,59.66675256,59.43667319,59.36307285,59.44425580,0,0
6.06000000,59.68603580,59.41446745,59.31595880,59.43081460,0,0
6.07000000,59.68843588,59.46398979,59.29110341,59.43338445,0,0
6.08000000,59.68986750,59.49758491,59.28797971,59.43403660,0,0
6.09000000,59.69922835,59.47709394,59.32377098,59.43867218,0,0
6.10000000,59.74242857,59.45248817,59.33992849,59.43783447,0,0
6.11000000,59.76658741,59.44977333,59.33000253,59.41545340,0,0
6.12000000,59.77898228,59.44952626,59.30539015,59.44072980,0,0
6.13000000,59.73383581,59.46017921,59.32295893,59.43318599,0,0
6.14000000,59.71378105,59.49551952,59.34015315,59.44463837,0,0
6.15000000,59.65854909,59.51442735,59.32441634,59.43820675,0,0
6.16000000,59.64797596,59.49338537,59.32016769,59.41776448,0,0
6.17000000,59.64569557,59.44208190,59.31520971,59.42995163,0,0
6.18000000,59.68384269,59.41604030,59.36647234,59.45900122,0,0
6.19000000,59.69492109,59.44217114,59.39578492,59.46063381,0,0
6.20000000,59.69419574,59.43564992,59.37570617,59.47153323,0,0
6.21000000,59.69499791,59.45007723,59.37852322,59.44493460,0,0
6.22000000,59.75374839,59.45529334,59.31348927,59.42219964,0,0
6.23000000,59.70394087,59.47677828,59.31787532,59.43917000,0,0
6.24000000,59.68601670,59.50537882,59.28437232,59.45567247,0,0
6.25000000,59.65281915,59.46178615,59.27083509,59.45664933,0,0
6.26000000,59.68947399,59.44489503,59.26516370,59.44219243,0,0
6.27000000,59.68572675,59.42492812,59.28287469,59.43185465,0,0
6.28000000,59.67071562,59.44013695,59.33143196,59.40207549,0,0
6.29000000,59.63657052,59.45850363,59.38306728,59.41340080,0,0
6.30000000,59.67342892,59.44713719,59.42698137,59.41723914,0,0
6.31000000,59.74079383,59.45781470,59.40346981,59.46395417,0,0
6.32000000,59.75509459,59.45399629,59.40817871,59.45384921,0,0
6.33000000,59.70914116,59.42762152,59.36189761,59.52894037,0,0
6.34000000,59.66205243,59.47412588,59.34525756,59.53557786,0,0
6.35000000,59.68927581,59.55103544,59.38782449,59.51979189,0,0
6.36000000,59.74568547,59.52910349,59.35899738,59.50140355,0,0
6.37000000,59.76758984,59.49480887,59.32433704,59.47433330,0,0
6.38000000,59.75470007,59.42757247,59.32795845,59.42449171,0,0
6.39000000,59.70384107,59.44719934,59.32370956,59.41927074,0,0
6.40000000,59.70601782,59.49941856,59.33055597,59.44927391,0,0
6.41000000,59.70546428,59.49679421,59.34185455,59.43957731,0,0
6.42000000,59.73900172,59.51928125,59.34712929,59.45456197,0,0
6.43000000,59.74817131,59.56279393,59.37563609,59.42808945,0,0
6.44000000,59.79360111,59.40362865,59.35281130,59.45935537,0,0
6.45000000,59.72350612,59.44255237,59.27939997,59.43680383,0,0
6.46000000,59.76572931,59.45840166,59.29956090,59.44264937,0,0
6.47000000,59.71326175,59.54412041,59.31660061,59.43532421,0,0
6.48000000,59.71208695,59.54321698,59.34856744,59.38959716,0,0
6.49000000,59.66423079,59.44687532,59.33085317,59.38457145,0,0
6.50000000,59.73821138,59.40249329,59.33545031,59.42035240,0,0
6.51000000,59.75985672,59.42987819,59.28976774,59.40016771,0,0
6.52000000,59.73599505,59.50458928,59.33326900,59.43801031,0,0
6.53000000,59.62158835,59.50768372,59.39945614,59.45709081,0,0
6.54000000,59.68059829,59.49314406,59.39807982,59.45179340,0,0
6.55000000,59.67714726,59.46081658,59.36210145,59.46320273,0,0
6.56000000,59.81499625,59.46417508,59.33629657,59.45339148,0,0
6.57000000,59.76067044,59.44864874,59.30256396,59.47446532,0,0
6.58000000,59.70872874,59.48416944,59.31244359,59.48267427,0,0
6.59000000,59.68065971,59.43641197,59.34941384,59.47568315,0,0
6.60000000,59.70634198,59.50660079,59.34252748,59.54724309,0,0
6.61000000,59.74983051,59.48855698,59.36682117,59.44664585,0,0
6.62000000,59.71063543,59.41357091,59.32736476,59.44807027,0,0
6.63000000,59.71981067,59.42234634,59.37738489,59.47877444,0,0
6.64000000,59.71111076,59.44820325,59.34797773,59.48847684,0,0
6.65000000,59.75338200,59.50132583,59.35003019,59.46963054,0,0
6.66000000,59.66349400,59.47203541,59.34205909,59.48438425,0,0
6.67000000,59.63908337,59.46457220,59.39944010,59.45679181,0,0
6.68000000,59.66038277,59.47910339,59.47634769,59.46041658,0,0
6.69000000,59.73620986,59.42072106,59.43742121,59.48273820,0,0
6.70000000,59.73698481,59.45454006,59.34794414,59.43295017,0,0
6.71000000,59.70185789,59.42684427,59.32801651,59.47156821,0,0
6.72000000,59.70955122,59.49455026,59.32889531,59.48285941,0,0
6.73000000,59.76439827,59.51475873,59.37018829,59.48790484,0,0
6.74000000,59.75745452,59.51903945,59.38545544,59.47982671,0,0
6.75000000,59.74265286,59.43282223,59.37506595,59.48081624,0,0
6.76000000,59.72353550,59.43880124,59.37523458,59.47484493,0,0
6.77000000,59.74605669,59.50364299,59.36783052,59.48031576,0,0
6.78000000,59.74486439,59.52607083,59.39763805,59.48826198,0,0
6.79000000,59.72902997,59.49301279,59.39539252,59.45410885,0,0
6.80000000,59.72719414,59.47687070,59.40663176,59.44837779,0,0
6.81000000,59.77610021,59.47570624,59.43176085,59.46657983,0,0
6.82000000,59.77523790,59.51424078,59.39811678,59.48987781,0,0
6.83000000,59.76591876,59.56446848,59.37966106,59.48502712,0,0
6.84000000,59.74342197,59.52316590,59.38142551,59.49630490,0,0
6.85000000,59.77561797,59.49866326,59.40351932,59.51825182,0,0
6.86000000,59.84179382,59.52045115,59.36191191,59.45377644,0,0
6.87000000,59.82887779,59.55253057,59.32118043,59.47588906,0,0
6.88000000,59.80794906,59.54120240,59.32080960,59.46242447,0,0
6.89000000,59.80005967,59.55892834,59.33985814,59.46520645,0,0
6.90000000,59.76607247,59.54770076,59.40807030,59.48742571,0,0
6.91000000,59.75599129,59.50525380,59.41412723,59.48746041,0,0
6.92000000,59.75021408,59.52329694,59.38625293,59.45509598,0,0
6.93000000,59.78545715,59.53236178,59.35690982,59.47109647,0,0
6.94000000,59.80672260,59.55372191,59.39467555,59.47375003,0,0
6.95000000,59.77441884,59.52050466,59.38587708,59.48671274,0,0
6.96000000,59.72781401,59.50726074,59.41328830,59.47996843,0,0
6.97000000,59.78856951,59.50548208,59.43861530,59.50360924,0,0
6.98000000,59.80308796,59.53518958,59.40051071,59.52463597,0,0
6.99000000,59.80161556,59.55835407,59.39489307,59.51111840,0,0
7.00000000,59.74576459,59.53898772,59.38006553,59.50775379,0,0
7.01000000,59.74679679,59.54301592,59.40588941,59.49631374,0,0
7.02000000,59.77077831,59.53338018,59.36296944,59.47367188,0,0
7.03000000,59.76765868,59.53238954,59.37766629,59.46890437,0,0
7.04000000,59.72361451,59.47069175,59.36552508,59.47982489,0,0
7.05000000,59.70294066,59.48613942,59.41849179,59.48444280,0,0
7.06000000,59.71969138,59.50810206,59.42045300,59.50226542,0,0
7.07000000,59.75999196,59.51531533,59.41964165,59.48536381,0,0
7.08000000,59.78231792,59.50541647,59.36173811,59.47832128,0,0
7.09000000,59.78039577,59.49319601,59.36960033,59.50248809,0,0
7.10000000,59.73241028,59.52893313,59.44371889,59.52974726,0,0
7.11000000,59.66648270,59.56209954,59.43676771,59.55384975,0,0
7.12000000,59.64388012,59.52874662,59.40911698,59.53029591,0,0
7.13000000,59.71797540,59.47540761,59.38073481,59.54411999,0,0
7.14000000,59.76876635,59.47112931,59.37776957,59.53835857,0,0
7.15000000,59.76509007,59.52619693,59.40984459,59.54176136,0,0
7.16000000,59.74501126,59.51650614,59.37014458,59.52507695,0,0
7.17000000,59.70447580,59.48794537,59.37884114,59.54601741,0,0
7.18000000,59.69709581,59.50789265,59.34783360,59.52151768,0,0
7.19000000,59.73895431,59.53509951,59.36904294,59.50720512,0,0
7.20000000,59.79005523,59.51723471,59.38199821,59.53637749,0,0
7.21000000,59.78277394,59.51783254,59.35524622,59.50316898,0,0
7.22000000,59.68458081,59.47271128,59.40305367,59.49539908,0,0
7.23000000,59.71827144,59.53729217,59.44226500,59.51122565,0,0
7.24000000,59.70886118,59.50782371,59.39886427,59.47128560,0,0
7.25000000,59.75794660,59.50937870,59.47795811,59.47852169,0,0
7.26000000,59.74170169,59.46860209,59.47446641,59.49948280,0,0
7.27000000,59.77111442,59.51701889,59.45577569,59.53630098,0,0
7.28000000,59.79059485,59.52370831,59.39135823,59.52474384,0,0
7.29000000,59.82429822,59.51550844,59.35572601,59.50895554,0,0
7.30000000,59.74726569,59.57091441,59.40185536,59.51636842,0,0
7.31000000,59.78189898,59.51537952,59.42090848,59.45149699,0,0
7.32000000,59.77958238,59.57940439,59.42567054,59.50538328,0,0
7.33000000,59.81110051,59.56032398,59.41160978,59.48502309,0,0
7.34000000,59.81589498,59.49187194,59.36625169,59.49437821,0,0
7.35000000,59.80750231,59.53663592,59.33662767,59.52004738,0,0
7.36000000,59.83929537,59.53429090,59.37366288,59.54304600,0,0
7.37000000,59.80705468,59.61380320,59.43907620,59.53656505,0,0
7.38000000,59.77800847,59.56165020,59.44535819,59.51069906,0,0
7.39000000,59.80183902,59.50674954,59.34749692,59.48711863,0,0
7.40000000,59.85932807,59.50359456,59.38330005,59.52085151,0,0
7.41000000,59.84979727,59.57443969,59.35038991,59.50358399,0,0
7.42000000,59.81557766,59.61007925,59.35317700,59.50115417,0,0
7.43000000,59.77599370,59.60625429,59.41569942,59.52529457,0,0
7.44000000,59.81937408,59.51988514,59.45834640,59.52468726,0,0
7.45000000,59.81263998,59.56224345,59.45349698,59.48996585,0,0
7.46000000,59.80738379,59.52695134,59.44483110,59.45839727,0,0
7.47000000,59.80734173,59.59925464,59.38704504,59.52288500,0,0
7.48000000,59.79431027,59.53918987,59.38033486,59.48103203,0,0
7.49000000,59.81266915,59.56036565,59.40328524,59.51201201,0,0
7.50000000,59.84698087,59.49305973,59.43108802,59.53665019,0,0
7.51000000,59.81731453,59.52281636,59.42242339,59.51051160,0,0
7.52000000,59.77113291,59.50363146,59.43094891,59.54217996,0,0
7.53000000,59.79193524,59.56128426,59.43986283,59.51394509,0,0
7.54000000,59.79522720,59.53611011,59.47675740,59.54313689,0,0
7.55000000,59.81605805,59.55800469,59.43744039,59.54466814,0,0
7.56000000,59.76111472,59.50506265,59.43704835,59.46883037,0,0
7.57000000,59.77864822,59.52950080,59.43144418,59.49410697,0,0
7.58000000,59.80564622,59.51180684,59.45847853,59.50720591,0,0
7.59000000,59.83434838,59.55389139,59.41457122,59.51749425,0,0
7.60000000,59.73956620,59.54503452,59.46227141,59.52786146,0,0
7.61000000,59.80073127,59.54757511,59.44404042,59.51190457,0,0
7.62000000,59.85146726,59.55358472,59.43155383,59.54664703,0,0
7.63000000,59.85819414,59.53490379,59.43843588,59.55469110,0,0
7.64000000,59.84686862,59.54888598,59.47750626,59.56813647,0,0
7.65000000,59.74491502,59.56607101,59.48025120,59.57426520,0,0
7.66000000,59.76677382,59.59862468,59.47524857,59.56170066,0,0
7.67000000,59.78030322,59.57666919,59.47784053,59.52043405,0,0
7.68000000,59.81176678,59.55068328,59.48041556,59.52408572,0,0
7.69000000,59.76466895,59.47609566,59.43772508,59.49235174,0,0
7.70000000,59.81446459,59.51895562,59.46094451,59.49923384,0,0
7.71000000,59.80646896,59.58481109,59.46330791,59.52130119,0,0
7.72000000,59.81107903,59.59359828,59.41182036,59.51956433,0,0
7.73000000,59.78890705,59.55626954,59.42074180,59.55024535,0,0
7.74000000,59.82479651,59.54595102,59.43138414,59.57325727,0,0
7.75000000,59.82213753,59.54374089,59.47531088,59.56333271,0,0
7.76000000,59.79904723,59.53692922,59.44816263,59.52982311,0,0
7.77000000,59.77654040,59.56708052,59.43909989,59.51792158,0,0
7.78000000,59.76040338,59.57447181,59.42808929,59.49164058,0,0
7.79000000,59.82100288,59.57821596,59.44188544,59.48860159,0,0
7.80000000,59.83238877,59.58225130,59.43199459,59.50688016,0,0
7.81000000,59.80987631,59.55558321,59.42353891,59.50536153,0,0
7.82000000,59.79718393,59.51799946,59.43499682,59.53032497,0,0
7.83000000,59.80170087,59.52821525,59.38992896,59.54698464,0,0
7.84000000,59.78439677,59.57106008,59.47504372,59.53714930,0,0
7.85000000,59.80561474,59.61918687,59.44223945,59.54533684,0,0
7.86000000,59.79373749,59.55733957,59.45103597,59.56490057,0,0
7.87000000,59.80344117,59.52166291,59.44803320,59.56524110,0,0
7.88000000,59.84446072,59.53102829,59.45909121,59.60540419,0,0
7.89000000,59.84318558,59.59299495,59.47366985,59.62353218,0,0
7.90000000,59.80796502,59.63415117,59.50857696,59.57632011,0,0
7.91000000,59.75693448,59.55987812,59.52484925,59.55702874,0,0
7.92000000,59.78765148,59.52065383,59.48020142,59.53722160,0,0
7.93000000,59.81964394,59.57543339,59.42865177,59.52318323,0,0
7.94000000,59.83024879,59.55032175,59.40133322,59.52876575,0,0
7.95000000,59.80597859,59.50156571,59.38942632,59.53008819,0,0
7.96000000,59.80475582,59.51834235,59.44019316,59.53523861,0,0
7.97000000,59.83267270,59.55591794,59.47174409,59.54459730,0,0
7.98000000,59.81484899,59.61183369,59.45575803,59.52534559,0,0
7.99000000,59.77561786,59.60728085,59.43082553,59.51582279,0,0
8.00000000,59.76881028,59.56685090,59.44239563,59.52590600,0,0
8.01000000,59.80683129,59.53002112,59.39822241,59.52442647,0,0
8.02000000,59.85647889,59.52714016,59.42565424,59.51183166,0,0
8.03000000,59.87539794,59.55983705,59.43958392,59.51243994,0,0
8.04000000,59.77824566,59.51486708,59.45031844,59.47390044,0,0
8.05000000,59.75711399,59.52597588,59.46031158,59.50973236,0,0
8.06000000,59.80065831,59.54139427,59.45058421,59.52163958,0,0
8.07000000,59.78536927,59.54793022,59.46959790,59.54249210,0,0
8.08000000,59.79189374,59.51891717,59.45070805,59.58254359,0,0
8.09000000,59.77786179,59.53585226,59.45192021,59.56182364,0,0
8.10000000,59.78287772,59.55140476,59.41547603,59.63827004,0,0
8.11000000,59.80060668,59.57113090,59.45339642,59.55722271,0,0
8.12000000,59.80586020,59.54493626,59.44830014,59.51845502,0,0
8.13000000,59.80337720,59.49783901,59.48643768,59.51362305,0,0
8.14000000,59.87139878,59.54603882,59.48509924,59.51249006,0,0
8.15000000,59.88718537,59.55135358,59.44601521,59.49796638,0,0
8.16000000,59.85196953,59.58041898,59.37462358,59.51356401,0,0
8.17000000,59.82155135,59.54720313,59.39638169,59.53138868,0,0
8.18000000,59.81772654,59.55933584,59.45617260,59.54298033,0,0
8.19000000,59.86555720,59.56325752,59.48943017,59.53847651,0,0
8.20000000,59.84728799,59.53848042,59.51868783,59.51830096,0,0
8.21000000,59.87532932,59.54685306,59.45727206,59.49025865,0,0
8.22000000,59.80126752,59.53697110,59.47260754,59.50153642,0,0
8.23000000,59.86519488,59.54146262,59.47346856,59.50903705,0,0
8.24000000,59.86542287,59.57956492,59.49673925,59.50434593,0,0
8.25000000,59.84960814,59.47404864,59.50506082,59.51782240,0,0
8.26000000,59.80778725,59.49929071,59.49143333,59.52403909,0,0
8.27000000,59.84741917,59.45509158,59.45404828,59.48475516,0,0
8.28000000,59.83145222,59.48053769,59.43829316,59.55235523,0,0
8.29000000,59.81256957,59.44634544,59.46013020,59.51312703,0,0
8.30000000,59.74786236,59.38353220,59.37384847,59.45764051,0,0
8.31000000,59.80001761,59.35232698,59.44317535,59.46097732,0,0
8.32000000,59.81846329,59.34282638,59.42238031,59.45095547,0,0
8.33000000,59.79306559,59.40542824,59.43199791,59.43332932,0,0
8.34000000,59.72559818,59.33810798,59.44923073,59.44385343,0,0
8.35000000,59.78973839,59.34103392,59.42981909,59.35714260,0,0
8.36000000,59.68674865,59.29306549,59.44450744,59.40301591,0,0
8.37000000,59.66581635,59.28004139,59.40089986,59.36480184,0,0
8.38000000,59.69519636,59.24660567,59.42047126,59.34899450,0,0
8.39000000,59.58405401,59.28211181,59.35878754,59.33011548,0,0
8.40000000,59.63881390,59.20857690,59.41039588,59.30286280,0,0
8.41000000,59.57895453,59.13825165,59.36476547,59.31257981,0,0
8.42000000,59.53233079,59.02441242,59.26062073,59.27637743,0,0
8.43000000,59.36137144,58.90764986,59.28581589,59.27334998,0,0
8.44000000,59.26584667,58.91947046,59.24419546,59.18642593,0,0
8.45000000,59.33800785,58.88307137,59.20067868,59.13954095,0,0
8.46000000,59.43171189,58.85855375,59.16794615,59.11848634,0,0
8.47000000,59.37707580,58.79659089,59.09175753,59.08668192,0,0
8.48000000,59.36662894,58.82050795,59.08819529,59.04306299,0,0
8.49000000,59.26413865,58.85925193,59.04332587,58.96310638,0,0
8.50000000,59.17864188,58.82878294,59.03625664,58.88677799,0,0
8.51000000,59.18476695,58.70842121,58.95072774,58.82192601,0,0
8.52000000,59.20763405,58.62956447,58.99589880,58.80177361,0,0
8.53000000,59.22069125,58.58840966,58.79242962,58.78940022,0,0
8.54000000,59.12894422,58.58450598,58.77331326,58.74413028,0,0
8.55000000,58.96509432,58.52832143,58.75968137,58.63847243,0,0
8.56000000,58.94647443,58.50875784,58.76241866,58.56569518,0,0
8.57000000,58.94080913,58.40927683,58.73231650,58.54857351,0,0
8.58000000,58.90894396,58.36545894,58.65581099,58.52686501,0,0
8.59000000,58.83716723,58.31808332,58.56466441,58.47980024,0,0
8.60000000,58.74360540,58.28771408,58.46836835,58.41852060,0,0
8.61000000,58.62755012,58.25874166,58.44753482,58.33980422,0,0
8.62000000,58.65781706,58.14236148,58.41829219,58.26074238,0,0
8.63000000,58.61985286,58.06954130,58.34680137,58.25380467,0,0
8.64000000,58.55735249,58.00226280,58.27269009,58.25467217,0,0
8.65000000,58.48876564,58.01320089,58.23571198,58.18057565,0,0
8.66000000,58.40392681,57.94922696,58.20322983,58.05749396,0,0
8.67000000,58.41539528,57.89998675,58.14532643,58.00960377,0,0
8.68000000,58.34555931,57.80689371,58.10760976,57.99276336,0,0
8.69000000,58.28584283,57.75697728,58.10716587,58.02460835,0,0
8.70000000,58.22232986,57.78285250,58.09740271,58.00617637,0,0
8.71000000,58.13808187,57.81119231,58.03445764,57.87268861,0,0
8.72000000,58.08857350,57.76992127,57.91122572,57.72732315,0,0
8.73000000,58.15227815,57.63532778,57.81125503,57.69671701,0,0
8.74000000,58.14882911,57.56899635,57.75764366,57.72137245,0,0
8.75000000,58.09755849,57.55536514,57.72492925,57.74786961,0,0
8.76000000,57.99164987,57.53210442,57.74620387,57.66538380,0,0
8.77000000,57.92210126,57.47937776,57.71954065,57.56633002,0,0
8.78000000,57.92125996,57.42233624,57.65977151,57.43778987,0,0
8.79000000,57.93583425,57.35385060,57.57850472,57.44962706,0,0
8.80000000,57.83706570,57.31103539,57.51774151,57.47751018,0,0
8.81000000,57.75627991,57.27670807,57.47389215,57.42442470,0,0
8.82000000,57.62878862,57.26452061,57.48663452,57.32178506,0,0
8.83000000,57.61704750,57.24423748,57.41111797,57.17682888,0,0
8.84000000,57.65276344,57.14328341,57.30936120,57.14174143,0,0
8.85000000,57.58738920,57.02941241,57.17938884,57.14410051,0,0
8.86000000,57.53165100,57.00505936,57.11010567,57.14383739,0,0
8.87000000,57.45324238,57.01762624,57.11977343,57.08974045,0,0
8.88000000,57.41489832,57.01270143,57.10616739,56.97789016,0,0
8.89000000,57.43883574,56.94702830,57.02874713,56.87907445,0,0
8.90000000,57.39917392,56.80417125,56.93620313,56.85357542,0,0
8.91000000,57.29106767,56.65034251,56.89930550,56.87319845,0,0
8.92000000,57.18344325,56.67038883,56.91553466,56.86911786,0,0
8.93000000,57.09585322,56.73499010,56.86804805,56.78574479,0,0
8.94000000,57.06586126,56.74265393,56.85663806,56.63903069,0,0
8.95000000,57.07942422,56.58567987,56.76291726,56.56565863,0,0
8.96000000,57.03041171,56.48087117,56.69260674,56.59931894,0,0
8.97000000,56.99079703,56.42246513,56.62736190,56.64349439,0,0
8.98000000,56.87976583,56.49480618,56.62956914,56.58725613,0,0
8.99000000,56.79932373,56.44308696,56.62832037,56.46245639,0,0
9.00000000,56.86049221,56.36894992,56.54950686,56.32902699,0,0
9.01000000,56.92755064,56.24993654,56.50559479,56.36832270,0,0
9.02000000,56.84704929,56.22456625,56.47330639,56.45191588,0,0
9.03000000,56.73728049,56.24626130,56.43288898,56.37646746,0,0
9.04000000,56.59089340,56.21435591,56.40585959,56.31477548,0,0
9.05000000,56.54729947,56.19059880,56.36431347,56.16927553,0,0
9.06000000,56.61716906,56.06745400,56.29988001,56.11582134,0,0
9.07000000,56.61079521,55.99615073,56.22992875,56.15333920,0,0
9.08000000,56.56326819,55.99723489,56.16143812,56.22907496,0,0
9.09000000,56.51141475,56.02148944,56.21384601,56.19194162,0,0
9.10000000,56.42255727,56.06457310,56.23258831,56.07639053,0,0
9.11000000,56.42440678,55.93108576,56.19837178,55.98354221,0,0
9.12000000,56.35723315,55.88215233,56.09860679,55.88999917,0,0
9.13000000,56.29681735,55.72319643,56.00321892,55.92780045,0,0
9.14000000,56.17873594,55.75693517,55.98816132,55.97537195,0,0
9.15000000,56.17376257,55.67502348,55.95626100,55.90948073,0,0
9.16000000,56.07763458,55.62605058,55.95496840,55.85196115,0,0
9.17000000,56.13229201,55.55051149,55.90166137,55.71762171,0,0
9.18000000,56.05168127,55.41680449,55.84082920,55.75322849,0,0
9.19000000,55.94472225,55.45431497,55.78917608,55.75896903,0,0
9.20000000,55.86751716,55.40796423,55.80675134,55.79766349,0,0
9.21000000,55.89617034,55.47606516,55.82058545,55.75395674,0,0
9.22000000,55.82498848,55.39929672,55.77388528,55.61584252,0,0
9.23000000,55.92235284,55.33905094,55.74089289,55.53096175,0,0
9.24000000,55.78634593,55.25885289,55.57832365,55.55878200,0,0
9.25000000,55.73795251,55.21879460,55.59436930,55.52750701,0,0
9.26000000,55.68846184,55.19061834,55.59730842,55.53791945,0,0
9.27000000,55.62933522,55.10915084,55.58053165,55.47670954,0,0
9.28000000,55.53653084,55.05982483,55.56627916,55.39755830,0,0
9.29000000,55.48164225,54.98827287,55.49407613,55.31809246,0,0
9.30000000,55.42980977,54.93206954,55.36815346,55.26880206,0,0
9.31000000,55.40460245,54.94897914,55.28003839,55.25016788,0,0
9.32000000,55.36540496,54.83809867,55.23576328,55.19094701,0,0
9.33000000,55.24702297,54.83807144,55.21077831,55.17275883,0,0
9.34000000,55.19876183,54.81324203,55.21363045,55.06788398,0,0
9.35000000,55.22674999,54.77400088,55.10939638,55.06088301,0,0
9.36000000,55.13233892,54.71644513,55.03900258,54.94558072,0,0
9.37000000,55.17770957,54.60459333,54.96510040,54.90198253,0,0
9.38000000,55.10454099,54.55704523,54.87449462,54.87145753,0,0
9.39000000,55.02337286,54.59601209,54.88679582,54.79052404,0,0
9.40000000,54.99546353,54.56472564,54.84189067,54.77395710,0,0
9.41000000,54.93686445,54.45499364,54.81549872,54.73407063,0,0
9.42000000,54.80155758,54.38992665,54.70506922,54.70055954,0,0
9.43000000,54.83798644,54.32441188,54.73887922,54.68083764,0,0
9.44000000,54.80811346,54.36758264,54.70430681,54.63267123,0,0
9.45000000,54.67247647,54.28403467,54.61581897,54.52204726,0,0
9.46000000,54.60743206,54.24125259,54.53119561,54.41926796,0,0
9.47000000,54.58076072,54.15709287,54.41236366,54.37944678,0,0
9.48000000,54.54426071,54.08920827,54.40071639,54.31690283,0,0
9.49000000,54.60810753,54.10217568,54.37845532,54.28936509,0,0
9.50000000,54.48313590,54.03889929,54.32470545,54.26561229,0,0
9.51000000,54.38077024,53.96040769,54.26390970,54.18365978,0,0
9.52000000,54.30055021,53.89073981,54.24746626,54.18818061,0,0
9.53000000,54.27646975,53.85471472,54.16627189,54.11508930,0,0
9.54000000,54.25527228,53.80277022,54.08994618,54.09443907,0,0
9.55000000,54.23451459,53.73635721,54.05880950,54.05808611,0,0
9.56000000,54.19567556,53.72072547,54.02503801,53.97476496,0,0
9.57000000,54.09446905,53.68024056,54.00703718,53.92691864,0,0
9.58000000,54.06286569,53.69198014,53.98996978,53.89231901,0,0
9.59000000,54.01899915,53.70587785,53.92133140,53.84009176,0,0
9.60000000,53.96644246,53.56581322,53.82208847,53.79626888,0,0
9.61000000,53.98736752,53.47587085,53.76736446,53.76507559,0,0
9.62000000,53.92063912,53.38840486,53.78074645,53.74835421,0,0
9.63000000,53.86891549,53.37161644,53.75138732,53.67222812,0,0
9.64000000,53.78239294,53.35187778,53.65536032,53.61439625,0,0
9.65000000,53.71754644,53.34271307,53.59743047,53.54865797,0,0
9.66000000,53.67735094,53.26898352,53.51234796,53.45136576,0,0
9.67000000,53.66561404,53.17160514,53.49756699,53.41321124,0,0
9.68000000,53.61149458,53.07301617,53.42689314,53.38635575,0,0
9.69000000,53.52588017,53.05694342,53.41079518,53.34822113,0,0
9.70000000,53.52526697,53.09271652,53.35692189,53.27687917,0,0
9.71000000,53.47571102,53.07446212,53.25542595,53.22771686,0,0
9.72000000,53.41595841,53.00510524,53.20202276,53.17692239,0,0
9.73000000,53.36332571,52.89842789,53.19600306,53.11754728,0,0
9.74000000,53.28867840,52.81510636,53.17643867,53.07832064,0,0
9.75000000,53.23151351,52.78863038,53.13089911,53.02923316,0,0
9.76000000,53.17718695,52.74725027,53.06432633,52.95055151,0,0
9.77000000,53.07405061,52.67747370,52.95451084,52.93874512,0,0
9.78000000,53.05030738,52.62962402,52.92696392,52.89779763,0,0
9.79000000,53.07350284,52.59330400,52.87524641,52.82111654,0,0
9.80000000,53.02228271,52.56320250,52.84722604,52.79555098,0,0
9.81000000,52.92287974,52.47627321,52.79572531,52.73540764,0,0
9.82000000,52.89499941,52.45877088,52.71991744,52.67458006,0,0
9.83000000,52.82827364,52.37547188,52.66075255,52.64521628,0,0
9.84000000,52.82010814,52.35913477,52.65396255,52.61148495,0,0
9.85000000,52.80054656,52.33388666,52.61219949,52.60152393,0,0
9.86000000,52.69006302,52.27289048,52.56730528,52.57037170,0,0
9.87000000,52.60074896,52.20370936,52.50531837,52.47920840,0,0
9.88000000,52.53379680,52.09669614,52.45321424,52.40516492,0,0
9.89000000,52.55058524,52.02159814,52.42530510,52.34827563,0,0
9.90000000,52.45179428,51.98605722,52.38504373,52.28256039,0,0
9.91000000,52.45122976,52.02019897,52.37949109,52.25690683,0,0
9.92000000,52.37102688,52.02397235,52.32344264,52.22590401,0,0
9.93000000,52.28981713,51.97924383,52.27553529,52.19176491,0,0
9.94000000,52.29906022,51.92077918,52.20009972,52.10676986,0,0
9.95000000,52.28558232,51.81546214,52.06481248,52.05136340,0,0
9.96000000,52.19588834,51.78968434,52.00280574,51.98143508,0,0
9.97000000,52.25381160,51.69486603,51.98697176,51.94243387,0,0
9.98000000,52.14628006,51.64223021,51.95408894,51.94022548,0,0
9.99000000,52.06589183,51.63901292,51.93912794,51.85024044,0,0
10.00000000,51.94101153,51.56269817,51.85904177,51.81027041,0,0
10.01000000,51.91341446,51.50997816,51.83577894,51.73792633,0,0
10.02000000,51.83136400,51.47289547,51.75884442,51.67171851,0,0
10.03000000,51.93929985,51.41444536,51.75239072,51.63759461,0,0
10.04000000,51.85088715,51.33833908,51.69435730,51.62779359,0,0
10.05000000,51.73267885,51.32171347,51.61129781,51.59178804,0,0
10.06000000,51.70869793,51.28475368,51.56403437,51.55806992,0,0
10.07000000,51.69741353,51.30384251,51.46060827,51.49406874,0,0
10.08000000,51.62454430,51.18764311,51.47548189,51.38055146,0,0
10.09000000,51.65255378,51.16257961,51.41026147,51.29383172,0,0
10.10000000,51.52914169,51.04305577,51.42164727,51.27848290,0,0
10.11000000,51.45314486,51.00316763,51.35975612,51.25027300,0,0
10.12000000,51.39845150,50.99296790,51.31060627,51.18252841,0,0
10.13000000,51.32982757,50.91449056,51.19621312,51.18763626,0,0
10.14000000,51.29535192,50.80377527,51.17530901,51.12362365,0,0
10.15000000,51.34358355,50.79597335,51.11052680,50.99955242,0,0
10.16000000,51.28650173,50.81274690,51.17795597,51.01073504,0,0
10.17000000,51.15364944,50.77565163,51.10316131,50.96807708,0,0
10.18000000,51.06085944,50.68276223,51.11159898,50.89172375,0,0
10.19000000,51.11197664,50.63243888,50.90217653,50.86117990,0,0
10.20000000,51.12136281,50.57104134,50.88286294,50.81006016,0,0
10.21000000,51.01373046,50.47180142,50.83503631,50.74995059,0,0
10.22000000,51.00993944,50.52626628,50.78580790,50.73254743,0,0
10.23000000,50.86572241,50.44939322,50.80318010,50.68373601,0,0
10.24000000,50.84739626,50.44472322,50.70720596,50.60937012,0,0
10.25000000,50.82533986,50.36970141,50.64112122,50.53852183,0,0
10.26000000,50.73012543,50.25209629,50.59586423,50.49238333,0,0
10.27000000,50.68290592,50.18987671,50.53210712,50.45575556,0,0
10.28000000,50.68578467,50.17131915,50.57170332,50.42288477,0,0
10.29000000,50.61684327,50.07914757,50.54417069,50.36242771,0,0
10.30000000,50.45687804,50.03521054,50.43260091,50.31112217,0,0
10.31000000,50.47612149,50.13884634,50.37300951,50.26307004,0,0
10.32000000,50.42427788,50.16015195,50.24728899,50.22581916,0,0
10.33000000,50.44669379,50.03724600,50.26273047,50.16638781,0,0
10.34000000,50.37543916,49.82136667,50.21833260,50.09798353,0,0
10.35000000,50.41272315,49.69182618,50.25160534,50.09965393,0,0
10.36000000,50.30074968,49.70870856,50.13261241,50.13311391,0,0
10.37000000,50.23930077,49.77093877,50.08001212,50.05255580,0,0
10.38000000,50.11721879,49.66373223,49.98752209,49.96775884,0,0
10.39000000,50.05760499,49.60951055,49.97786996,49.87382451,0,0
10.40000000,50.06895480,49.59456631,49.89787595,49.77921199,0,0
10.41000000,50.09548845,49.57810417,49.87233703,49.73028057,0,0
10.42000000,49.96061599,49.47008704,49.82380077,49.72429854,0,0
10.43000000,49.84802361,49.31765354,49.77019652,49.66460699,0,0
10.44000000,49.88473234,49.30495387,49.70978772,49.62323192,0,0
10.45000000,49.84392087,49.42182474,49.59999361,49.60958587,0,0
10.46000000,49.77909641,49.46179755,49.64011536,49.53542015,0,0
10.47000000,49.73954495,49.38683629,49.61942433,49.44162314,0,0
10.48000000,49.72422625,49.23225459,49.59805197,49.39905878,0,0
10.49000000,49.62941925,49.08241985,49.51209561,49.34726306,0,0
10.50000000,49.59247995,49.05216177,49.44400612,49.29238294,0,0
10.51000000,49.52560813,49.01576733,49.34256177,49.33363919,0,0
10.52000000,49.44431730,48.99241073,49.28438890,49.29222172,0,0
10.53000000,49.45073029,48.96587879,49.25813557,49.24990516,0,0
10.54000000,49.46524914,48.90063830,49.29707840,49.21139763,0,0
10.55000000,49.35294911,48.84864875,49.23664026,49.15771965,0,0
10.56000000,49.25678089,48.82235553,49.19465145,49.09870429,0,0
10.57000000,49.31000715,48.72742240,49.11953068,49.00806860,0,0
10.58000000,49.27038329,48.69089767,49.03800709,48.88808703,0,0
10.59000000,49.20310025,48.61754969,49.02634700,48.81872581,0,0
10.60000000,49.16043693,48.57530798,49.01280387,48.81595893,0,0
10.61000000,49.04323658,48.52801963,48.97095832,48.77007290,0,0
10.62000000,48.99093967,48.46736616,48.91077504,48.67569261,0,0
10.63000000,49.02435521,48.41802179,48.82801139,48.53953100,0,0
10.64000000,48.97423581,48.35810864,48.70285781,48.44938909,0,0
10.65000000,48.82467913,48.30676317,48.65430147,48.45209700,0,0
10.66000000,48.74878994,48.26089013,48.67728858,48.45869150,0,0
10.67000000,48.70746449,48.20452466,48.69932083,48.46069995,0,0
10.68000000,48.67560526,48.12649060,48.65313561,48.45397512,0,0
10.69000000,48.65080172,48.08924984,48.53826527,48.39477592,0,0
10.70000000,48.68129202,48.02940481,48.43178835,48.30810151,0,0
10.71000000,48.55805841,48.02521663,48.36473125,48.23387279,0,0
10.72000000,48.53578589,47.99654825,48.36469547,48.15923335,0,0
10.73000000,48.52702659,47.91856737,48.32181937,48.13967120,0,0
10.74000000,48.42167625,47.81899403,48.26442650,48.12127455,0,0
10.75000000,48.37851251,47.72146550,48.22309887,48.09321631,0,0
10.76000000,48.34606737,47.72319875,48.18221788,48.01902335,0,0
10.77000000,48.23224110,47.70464674,48.15849552,47.95597591,0,0
10.78000000,48.10025676,47.65550229,48.09514968,47.88213011,0,0
10.79000000,48.12567519,47.54694002,48.05520215,47.84146732,0,0
10.80000000,48.11145746,47.47675030,48.00120650,47.79537628,0,0
10.81000000,48.10573226,47.39667286,47.94756853,47.75492134,0,0
10.82000000,47.99403096,47.39834663,47.89810704,47.66902316,0,0
10.83000000,47.92321671,47.38027772,47.90030622,47.58054358,0,0
10.84000000,47.87173594,47.32750577,47.79148649,47.52771066,0,0
10.85000000,47.85828121,47.23369263,47.76829747,47.47176374,0,0
10.86000000,47.88708623,47.15398151,47.72228198,47.43677827,0,0
10.87000000,47.80120372,47.12797085,47.66903400,47.41818195,0,0
10.88000000,47.70488447,47.07230449,47.64225227,47.39338222,0,0
10.89000000,47.62228093,47.08201696,47.55937013,47.31813189,0,0
10.90000000,47.57252155,47.03315275,47.50145773,47.21886750,0,0
10.91000000,47.55543283,46.87165837,47.38828248,47.16928508,0,0
10.92000000,47.48878667,46.81673776,47.32500086,47.13945581,0,0
10.93000000,47.47860318,46.75038818,47.35274947,47.10570445,0,0
10.94000000,47.42674682,46.77178619,47.29641435,47.05326036,0,0
10.95000000,47.24916429,46.74712882,47.27660864,46.95815959,0,0
10.96000000,47.34227478,46.72636689,47.26096110,46.91643437,0,0
10.97000000,47.24899216,46.62990340,47.12940429,46.86386340,0,0
10.98000000,47.17284614,46.57105537,46.97624554,46.81680128,0,0
10.99000000,47.08122464,46.46911491,46.97430729,46.77695395,0,0
11.00000000,47.08968823,46.43368587,46.97090088,46.70434035,0,0
11.01000000,47.03882786,46.41024659,46.94475585,46.68741232,0,0
11.02000000,46.89073856,46.34077220,46.91674788,46.63289004,0,0
11.03000000,46.87171862,46.29152907,46.76391307,46.53980327,0,0
11.04000000,46.75188144,46.24783340,46.69905167,46.49991573,0,0
11.05000000,46.69122243,46.16305570,46.59690331,46.43359491,0,0
11.06000000,46.73082765,46.06538603,46.62713138,46.35323819,0,0
11.07000000,46.67967684,46.01012189,46.59293136,46.30207033,0,0
11.08000000,46.51322553,45.98698056,46.54005564,46.28290208,0,0
11.09000000,46.43152833,45.94507462,46.45488551,46.21434618,0,0
11.10000000,46.57553002,45.90029633,46.41769418,46.15421654,0,0
11.11000000,46.40706311,45.81110637,46.24278333,46.13845886,0,0
11.12000000,46.38419109,45.73080938,46.28907289,45.98022245,0,0
11.13000000,46.31752877,45.65832261,46.20627783,45.95234549,0,0
11.14000000,46.24917255,45.70388673,46.17130935,45.88200486,0,0
11.15000000,46.17271150,45.60755765,46.16169336,45.84252662,0,0
11.16000000,46.19772664,45.48958020,46.08703740,45.79904119,0,0
11.17000000,46.13595723,45.41295040,46.03423050,45.74310237,0,0
11.18000000,46.02601217,45.35211025,45.92548526,45.71198520,0,0
11.19000000,45.92804566,45.29878451,45.85524713,45.62843079,0,0
11.20000000,45.89773983,45.31040409,45.84780812,45.56827302,0,0
11.21000000,45.91292506,45.22114034,45.82295485,45.49240384,0,0
11.22000000,45.75235020,45.14791966,45.79217267,45.42419762,0,0
11.23000000,45.68608474,45.10478593,45.64633023,45.30893901,0,0
11.24000000,45.73950742,45.01494032,45.61419026,45.31141356,0,0
11.25000000,45.65423323,45.01543604,45.48067056,45.23367639,0,0
11.26000000,45.60573117,44.94324023,45.45765760,45.16376563,0,0
11.27000000,45.54600119,44.85596962,45.41286349,45.10550247,0,0
11.28000000,45.51663965,44.82816379,45.38495264,45.05178189,0,0
11.29000000,45.42191852,44.75065815,45.34155774,45.07770494,0,0
11.30000000,45.38977451,44.72599281,45.24419391,44.99303865,0,0
11.31000000,45.25479466,44.62426386,45.19681413,44.88953218,0,0
11.32000000,45.19005832,44.56663639,45.11036392,44.80838110,0,0
11.33000000,45.19728589,44.48171808,45.05172551,44.76512270,0,0
11.34000000,45.17724046,44.39887430,45.01586861,44.71259355,0,0
11.35000000,45.05750154,44.32966970,44.97387936,44.67413665,0,0
11.36000000,44.87923658,44.28800633,44.88820266,44.61470865,0,0
11.37000000,44.82687825,44.30834943,44.85262837,44.55759015,0,0
11.38000000,44.93798792,44.22290128,44.82949644,44.46482917,0,0
11.39000000,44.90152801,44.08800008,44.68134826,44.37975749,0,0
11.40000000,44.82250332,44.05675860,44.65026338,44.31862873,0,0
11.41000000,44.72922032,43.98518867,44.61168015,44.24810853,0,0
11.42000000,44.65431737,43.99720761,44.56085123,44.22504747,0,0
11.43000000,44.53796973,43.95720227,44.58428869,44.19226713,0,0
11.44000000,44.54452294,43.84195537,44.46965424,44.16387003,0,0
11.45000000,44.52102500,43.73454080,44.37573027,44.08066653,0,0
11.46000000,44.41281147,43.68849420,44.28835613,43.98299631,0,0
11.47000000,44.36281305,43.64597480,44.22807813,43.91654892,0,0
11.48000000,44.29084948,43.62887626,44.20476460,43.83119275,0,0
11.49000000,44.21714421,43.59604027,44.21234851,43.78295901,0,0
11.50000000,44.15752130,43.44661701,44.13203873,43.72836387,0,0
11.51000000,44.07023861,43.41265854,44.05260822,43.68862404,0,0
11.52000000,44.08717375,43.36287572,43.98278937,43.65539589,0,0
11.53000000,44.07666219,43.33163898,43.89372557,43.57666804,0,0
11.54000000,43.96890039,43.29043417,43.88674704,43.47886541,0,0
11.55000000,43.91802963,43.21348917,43.91255025,43.44735606,0,0
11.56000000,43.84917452,43.16244239,43.83331842,43.36051070,0,0
11.57000000,43.79938900,43.09295753,43.71940401,43.33135939,0,0
11.58000000,43.74640339,43.04328844,43.61993612,43.31628518,0,0
11.59000000,43.68528240,42.97036291,43.57267095,43.25033847,0,0
11.60000000,43.62670706,42.88486373,43.49542235,43.17307877,0,0
11.61000000,43.52921020,42.82823577,43.45236226,43.07711835,0,0
11.62000000,43.47247735,42.74082732,43.41116344,43.01881847,0,0
11.63000000,43.46680157,42.71325847,43.36621798,42.96436631,0,0
11.64000000,43.38880431,42.67994527,43.32795890,42.92402645,0,0
11.65000000,43.26789295,42.61553985,43.24676552,42.89053314,0,0
11.66000000,43.22094775,42.54786481,43.20176204,42.81826271,0,0
11.67000000,43.24623110,42.45175024,43.14135064,42.75181823,0,0
11.68000000,43.20209601,42.38957309,42.99394338,42.65672833,0,0
11.69000000,43.14093939,42.39156829,42.91874561,42.56476448,0,0
11.70000000,43.05151149,42.35766855,42.86259655,42.51747316,0,0
11.71000000,42.97762933,42.24767921,42.88407517,42.48630714,0,0
11.72000000,42.92004661,42.17432669,42.86959762,42.46414201,0,0
11.73000000,42.88661085,42.14792034,42.81063247,42.43332630,0,0
11.74000000,42.81778839,42.05171343,42.69210569,42.35786686,0,0
11.75000000,42.66179978,42.06194081,42.59109279,42.26777152,0,0
11.76000000,42.59710821,41.97909064,42.51559878,42.21621275,0,0
11.77000000,42.58466076,41.85083949,42.49688053,42.13451916,0,0
11.78000000,42.62017434,41.78460170,42.49442344,42.05315865,0,0
11.79000000,42.51302770,41.72202527,42.45054965,42.01491454,0,0
11.80000000,42.33335093,41.69408107,42.33989783,41.95894319,0,0
11.81000000,42.30231838,41.65143828,42.30740963,41.89951713,0,0
11.82000000,42.39016788,41.65350359,42.23493026,41.85804978,0,0
11.83000000,42.31318995,41.52525245,42.13238427,41.73810219,0,0
11.84000000,42.21459305,41.48238083,42.08200660,41.69105247,0,0
11.85000000,42.11904636,41.46987407,42.04145253,41.60403351,0,0
11.86000000,42.06675674,41.44650678,42.03358752,41.57019529,0,0
11.87000000,42.01021048,41.29948447,41.97605078,41.57273994,0,0
11.88000000,42.00380705,41.24467703,41.91163886,41.50999283,0,0
11.89000000,41.96706551,41.06426521,41.77211461,41.48952819,0,0
11.90000000,41.82033958,41.06141265,41.74741171,41.35493043,0,0
11.91000000,41.75887230,41.05094615,41.68307453,41.30255814,0,0
11.92000000,41.63328314,41.00067989,41.64536078,41.17844180,0,0
11.93000000,41.64354547,40.84080358,41.61777014,41.14347751,0,0
11.94000000,41.63001193,40.74982246,41.58798636,41.08409573,0,0
11.95000000,41.56728831,40.71097100,41.49202512,41.01786633,0,0
11.96000000,41.47374680,40.72825924,41.43087865,41.00737061,0,0
11.97000000,41.49825547,40.70137028,41.42854918,40.90523465,0,0
11.98000000,41.29613872,40.59578367,41.24083009,40.81772950,0,0
11.99000000,41.30072167,40.49391933,41.25415484,40.83000904,0,0
12.00000000,41.23261023,40.42622541,41.12062604,40.70677112,0,0
12.01000000,41.35812959,40.44416158,41.15064500,40.67100157,0,0
12.02000000,41.08799748,40.36626436,41.06454223,40.55842811,0,0
12.03000000,41.09846118,40.30093777,41.01324891,40.55951585,0,0
12.04000000,41.01130508,40.22098814,40.95633695,40.46846644,0,0
12.05000000,41.03446833,40.11330522,40.84788035,40.44228257,0,0
12.06000000,40.91807937,40.13064387,40.78636808,40.30404257,0,0
12.07000000,40.90447770,40.13203491,40.67430048,40.32441369,0,0
12.08000000,40.81988859,39.98063352,40.66737568,40.18895869,0,0
12.09000000,40.71518410,39.93443064,40.66615930,40.26711022,0,0
12.10000000,40.69996384,39.86115204,40.66002267,40.10496843,0,0
12.11000000,40.53367173,39.77694937,40.55759451,40.12563744,0,0
12.12000000,40.58758937,39.80002019,40.54353779,40.11506075,0,0
12.13000000,40.64925719,39.75563816,40.51830821,40.00132298,0,0
12.14000000,40.55025647,39.63561647,40.34982928,39.91188202,0,0
12.15000000,40.47837221,39.53895284,40.36705550,39.85893576,0,0
12.16000000,40.36195849,39.55713660,40.24946206,39.75080356,0,0
12.17000000,40.42150085,39.50122419,40.22787731,39.70937142,0,0
12.18000000,40.23804967,39.48103451,40.19147470,39.60465237,0,0
12.19000000,40.22597294,39.37138483,40.12043572,39.59285475,0,0
12.20000000,40.13859299,39.32989931,40.06928062,39.52068386,0,0
12.21000000,40.08643282,39.20638864,39.92939331,39.45815588,0,0
12.22000000,39.98965527,39.18658187,39.87247923,39.37596410,0,0
12.23000000,39.95123999,39.13312102,39.75996554,39.32171791,0,0
12.24000000,39.90788016,39.00269813,39.75122134,39.20307254,0,0
12.25000000,39.84103214,38.90386554,39.74001416,39.13741804,0,0
12.26000000,39.74389938,38.93655298,39.63356254,39.11399404,0,0
12.27000000,39.58740981,38.90834864,39.55078315,39.05549369,0,0
12.28000000,39.67667362,38.84648838,39.50422003,38.99718056,0,0
12.29000000,39.65352515,38.72501743,39.44349552,38.93569917,0,0
12.30000000,39.54263553,38.62257862,39.32160969,38.83755032,0,0
12.31000000,39.44093998,38.58914608,39.37082126,38.79212806,0,0
12.32000000,39.38025019,38.61596876,39.26769631,38.70687299,0,0
12.33000000,39.31652598,38.53328719,39.18698058,38.65249340,0,0
12.34000000,39.24607238,38.36584780,39.14491237,38.60381303,0,0
12.35000000,39.25384152,38.26323105,39.05790490,38.57825830,0,0
12.36000000,39.17667510,38.23450084,39.00897210,38.57696498,0,0
12.37000000,39.07038727,38.21151588,38.93871950,38.53025727,0,0
12.38000000,38.93960915,38.14818518,38.91495564,38.43829340,0,0
12.39000000,38.87106043,38.08004398,38.85595711,38.32786041,0,0
12.40000000,38.84893098,37.98216435,38.81930285,38.28785404,0,0
12.41000000,38.86532144,37.87339635,38.82208309,38.21926610,0,0
12.42000000,38.72196677,37.80636503,38.74313495,38.16783823,0,0
12.43000000,38.58306371,37.78407083,38.67539156,38.10036599,0,0
12.44000000,38.57782772,37.72502305,38.60169179,38.04621009,0,0
12.45000000,38.64375783,37.68405026,38.53228561,38.00247062,0,0
12.46000000,38.55695717,37.58473650,38.42043850,37.91562637,0,0
12.47000000,38.45309021,37.52219423,38.34318322,37.84770149,0,0
12.48000000,38.37563507,37.42646714,38.29016757,37.75132806,0,0
12.49000000,38.36377138,37.43136109,38.22418306,37.66430187,0,0
12.50000000,38.26960536,37.38266998,38.23425577,37.56524151,0,0
12.51000000,38.16785649,37.32733115,38.13674961,37.51296377,0,0
12.52000000,38.16743592,37.22646418,38.09973211,37.52673959,0,0
12.53000000,38.12732796,37.19106341,38.01512138,37.48422595,0,0
12.54000000,38.11307253,37.12811191,37.93569593,37.40189995,0,0
12.55000000,38.05601273,37.05401905,37.87892411,37.31412810,0,0
12.56000000,37.99166300,37.11141442,37.79636237,37.27061169,0,0
12.57000000,37.97168351,37.09477927,37.78892062,37.18936622,0,0
12.58000000,37.89053322,36.98533809,37.76432152,37.13705061,0,0
12.59000000,37.82727550,36.90396902,37.70751114,37.07023650,0,0
12.60000000,37.74976092,36.83081355,37.66964087,37.03247630,0,0
12.61000000,37.81413473,36.77504715,37.62494226,36.99397987,0,0
12.62000000,37.73736758,36.76758557,37.55120090,36.91801545,0,0
12.63000000,37.63666227,36.78602154,37.43746881,36.87899294,0,0
12.64000000,37.55375068,36.72221021,37.43245442,36.81867575,0,0
12.65000000,37.56420461,36.63936296,37.38043944,36.78026344,0,0
12.66000000,37.55225200,36.57402764,37.40503512,36.73216033,0,0
12.67000000,37.45347766,36.52066680,37.35744597,36.67422973,0,0
12.68000000,37.43780497,36.46802678,37.28088808,36.60869337,0,0
12.69000000,37.35166665,36.41475272,37.21098035,36.60572331,0,0
12.70000000,37.28025739,36.40784322,37.14701757,36.58103640,0,0
12.71000000,37.21264742,36.37770930,37.11769501,36.55718642,0,0
12.72000000,37.19956193,36.28633918,37.10519767,36.48867471,0,0
12.73000000,37.18187400,36.22948325,37.05153131,36.42101426,0,0
12.74000000,37.19967946,36.20735909,37.03989874,36.36512731,0,0
12.75000000,37.11211698,36.14997691,36.97961063,36.29085443,0,0
12.76000000,37.02942351,36.02124926,36.85954056,36.25975104,0,0
12.77000000,36.92708823,36.03908825,36.86603016,36.23382358,0,0
12.78000000,36.95691930,35.96601349,36.82092374,36.09314913,0,0
12.79000000,36.94125495,35.89233921,36.77542054,36.12857997,0,0
12.80000000,36.91232883,35.91981360,36.61523922,36.03050754,0,0
12.81000000,36.87109800,35.84340830,36.65729868,35.90272219,0,0
12.82000000,36.78703298,35.81723122,36.59207469,35.92127379,0,0
12.83000000,36.80444778,35.76040858,36.58205950,35.86255135,0,0
12.84000000,36.68283529,35.73617274,36.59644227,35.85250977,0,0
12.85000000,36.66216462,35.63592332,36.56597532,35.80478971,0,0
12.86000000,36.63973798,35.64333724,36.48643146,35.74488201,0,0
12.87000000,36.58841369,35.53497739,36.45046648,35.78808967,0,0
12.88000000,36.49346732,35.57465072,36.33141266,35.69659847,0,0
12.89000000,36.48489322,35.53039615,36.33829919,35.72057730,0,0
12.90000000,36.37324575,35.47558007,36.26379323,35.60939243,0,0
12.91000000,36.40645974,35.37624047,36.28854947,35.62995433,0,0
12.92000000,36.44240028,35.38904312,36.27494686,35.51301244,0,0
12.93000000,36.36266125,35.31395767,36.26189703,35.50117727,0,0
12.94000000,36.21795986,35.17372969,36.15797441,35.42546097,0,0
12.95000000,36.12245496,35.21681332,36.07443025,35.41245889,0,0
12.96000000,36.25513213,35.12727681,36.06870767,35.31647400,0,0
12.97000000,36.24712932,35.12541744,35.97323961,35.31376665,0,0
12.98000000,36.24934068,35.11938468,35.84709037,35.21798866,0,0
12.99000000,36.10652745,35.09029190,35.94172226,35.19754607,0,0
13.00000000,36.09456517,34.98518950,35.85523671,35.10716105,0,0
13.01000000,36.07478102,34.96397569,35.91262873,35.10148154,0,0
13.02000000,36.03134490,34.93857472,35.87179321,35.03202242,0,0
13.03000000,36.01858105,34.91160239,35.80006038,34.97457706,0,0
13.04000000,35.93147241,34.87628907,35.76776541,34.92655352,0,0
13.05000000,35.88869106,34.84349669,35.71168812,34.96292319,0,0
13.06000000,35.86681681,34.79041928,35.65583238,34.88722607,0,0
13.07000000,35.89047653,34.71916035,35.65065913,34.88948686,0,0
13.08000000,35.82598499,34.70171838,35.59989752,34.76702905,0,0
13.09000000,35.82958314,34.66058104,35.54096837,34.75132557,0,0
13.10000000,35.83239896,34.76715415,35.58375228,34.70614521,0,0
13.11000000,35.79840874,34.74570989,35.55758055,34.66957633,0,0
13.12000000,35.74828079,34.69100672,35.48901926,34.63720160,0,0
13.13000000,35.78428282,34.63197059,35.49534909,34.60388761,0,0
13.14000000,35.89218736,34.63054859,35.47281168,34.57491931,0,0
13.15000000,35.79565636,34.64577759,35.43386021,34.54279984,0,0
13.16000000,35.75675084,34.61113039,35.34772231,34.55652818,0,0
13.17000000,35.62961751,34.54876060,35.42880957,34.53749116,0,0
13.18000000,35.68449641,34.51823193,35.40202369,34.45568656,0,0
13.19000000,35.63837487,34.41564391,35.44616756,34.49581086,0,0
13.20000000,35.59090135,34.37808968,35.39408139,34.47463976,0,0
13.21000000,35.55578076,34.40850683,35.32726634,34.41002265,0,0
13.22000000,35.57051950,34.41056222,35.28204466,34.37570069,0,0
13.23000000,35.52250145,34.39417563,35.25195470,34.39074595,0,0
13.24000000,35.52704174,34.30840979,35.21281121,34.41121841,0,0
13.25000000,35.50157775,34.27602178,35.23750166,34.36836238,0,0
13.26000000,35.40176093,34.20640907,35.22715852,34.34986695,0,0
13.27000000,35.41202812,34.19086354,35.22769123,34.27874612,0,0
13.28000000,35.40741286,34.26172824,35.23121272,34.27145683,0,0
13.29000000,35.37827572,34.25232614,35.20356393,34.20763503,0,0
13.30000000,35.31046980,34.19354930,35.16040906,34.23276442,0,0
13.31000000,35.32415489,34.13346758,35.16649035,34.23746169,0,0
13.32000000,35.36323624,34.11742082,35.15355248,34.21619497,0,0
13.33000000,35.32568885,34.08707738,35.08752448,34.21350462,0,0
13.34000000,35.28692164,34.06460252,34.99662652,34.12455271,0,0
13.35000000,35.20944961,34.04408254,35.02763740,34.09801725,0,0
13.36000000,35.22216976,34.04918186,35.00902405,34.02930961,0,0
13.37000000,35.17427483,34.04361298,35.02842102,34.00051408,0,0
13.38000000,35.14369570,33.99848724,35.03019669,34.00570768,0,0
13.39000000,35.16040095,33.99184121,34.98619308,33.98526365,0,0
13.40000000,35.13752152,33.94881948,34.94306815,33.98245784,0,0
13.41000000,35.10482506,33.91754028,34.90419243,33.96477687,0,0
13.42000000,35.05806012,33.88568466,34.87425896,33.96368109,0,0
13.43000000,35.02665874,33.87156365,34.86962152,33.98046615,0,0
13.44000000,34.98023498,33.84727608,34.85606287,33.94983771,0,0
13.45000000,35.00519715,33.80983429,34.81541496,33.86377780,0,0
13.46000000,35.01633709,33.80335159,34.77779409,33.84609074,0,0
13.47000000,35.00085747,33.83054424,34.73305891,33.79352885,0,0
13.48000000,34.92564481,33.82243206,34.70606153,33.74619262,0,0
13.49000000,34.87694546,33.70788169,34.72500386,33.79242690,0,0
13.50000000,34.89818673,33.64673769,34.77542008,33.78510266,0,0
13.51000000,34.90406514,33.68377511,34.74319836,33.75844220,0,0
13.52000000,34.90270708,33.66864402,34.61381627,33.74665140,0,0
13.53000000,34.85449842,33.64583159,34.61434442,33.69709675,0,0
13.54000000,34.87032990,33.60962329,34.62859766,33.63505328,0,0
13.55000000,34.81957182,33.60455042,34.64038869,33.61426773,0,0
13.56000000,34.80658035,33.57939423,34.66301823,33.62026111,0,0
13.57000000,34.81738687,33.55187604,34.63027576,33.60103040,0,0
13.58000000,34.82421537,33.53830134,34.62366797,33.59071135,0,0
13.59000000,34.74677708,33.49259630,34.56730923,33.56325350,0,0
13.60000000,34.72853140,33.51086624,34.49694573,33.52099480,0,0
13.61000000,34.69075226,33.49409503,34.48026181,33.56280772,0,0
13.62000000,34.64851627,33.49518990,34.45559601,33.49002701,0,0
13.63000000,34.69419111,33.46938788,34.46520565,33.47759388,0,0
13.64000000,34.69967852,33.38031408,34.44805360,33.42097056,0,0
13.65000000,34.71035220,33.34909492,34.44730739,33.42319127,0,0
13.66000000,34.60753368,33.36716003,34.42684771,33.40000895,0,0
13.67000000,34.59228595,33.37963507,34.42126050,33.38497385,0,0
13.68000000,34.63088039,33.27945419,34.40165309,33.35873700,0,0
13.69000000,34.60625286,33.25871983,34.44163487,33.34761250,0,0
13.70000000,34.57679255,33.26088606,34.29686228,33.32392227,0,0
13.71000000,34.53235515,33.22323313,34.30941829,33.25151011,0,0
13.72000000,34.49271216,33.18529866,34.26117903,33.25588016,0,0
13.73000000,34.53208406,33.21307852,34.24857411,33.17377442,0,0
13.74000000,34.48221642,33.20036834,34.31654485,33.16549394,0,0
13.75000000,34.48542285,33.19150495,34.29898226,33.13876641,0,0
13.76000000,34.41970623,33.11590942,34.24927112,33.12616140,0,0
13.77000000,34.42289550,33.07747113,34.20306783,33.13710697,0,0
13.78000000,34.39151851,33.05717088,34.14550736,33.09695234,0,0
13.79000000,34.36424140,33.10652471,34.11076878,33.04091906,0,0
13.80000000,34.30031827,33.03794001,34.10445195,33.10918934,0,0
13.81000000,34.27632649,33.03109539,34.07074753,33.02575410,0,0
13.82000000,34.30965733,32.99178434,34.09026906,33.04726186,0,0
13.83000000,34.31853639,32.94912761,34.07918145,33.00297158,0,0
13.84000000,34.23154251,32.87407708,34.07359914,32.97753719,0,0
13.85000000,34.13419796,32.92275842,34.05198603,32.93778599,0,0
13.86000000,34.16341901,32.86070810,34.07941869,32.84911675,0,0
13.87000000,34.25578246,32.80482585,34.04171381,32.86554450,0,0
13.88000000,34.19066578,32.71990184,34.05965777,32.83816515,0,0
13.89000000,34.16454596,32.72355998,33.84710412,32.85912769,0,0
13.90000000,34.04723804,32.75243379,33.91426495,32.80215118,0,0
13.91000000,34.10591031,32.72752669,33.84483238,32.80214796,0,0
13.92000000,34.08024982,32.74925908,33.86804361,32.75615082,0,0
13.93000000,34.09090756,32.65871602,33.91261685,32.72624897,0,0
13.94000000,34.01530086,32.67155183,33.86719755,32.68741852,0,0
13.95000000,34.02277337,32.58779738,33.87982438,32.68654976,0,0
13.96000000,33.97374850,32.56514096,33.83809051,32.67474162,0,0
13.97000000,33.96005988,32.63176669,33.77560298,32.65437240,0,0
13.98000000,33.95389464,32.56543777,33.73694744,32.55252754,0,0
13.99000000,33.89647650,32.54296816,33.73256472,32.57771202,0,0
14.00000000,33.87530115,32.44290724,33.70612043,32.58127140,0,0
14.01000000,33.90878772,32.52129770,33.70178838,32.54878402,0,0
14.02000000,33.87279107,32.49855007,33.67361865,32.52727436,0,0
14.03000000,33.80156534,32.47592701,33.68160674,32.44779096,0,0
14.04000000,33.75176574,32.43339055,33.61411660,32.42134633,0,0
14.05000000,33.80706579,32.43034070,33.65753737,32.39512579,0,0
14.06000000,33.87363401,32.38288005,33.61043472,32.36728162,0,0
14.07000000,33.80390313,32.28675038,33.57986085,32.37498411,0,0
14.08000000,33.78114225,32.24612447,33.46580513,32.37787322,0,0
14.09000000,33.67613005,32.25689565,33.54130207,32.35209681,0,0
14.10000000,33.77644530,32.30802574,33.49996811,32.32052713,0,0
14.11000000,33.74039262,32.30498027,33.52248421,32.34182121,0,0
14.12000000,33.72700923,32.25498944,33.52856066,32.29110926,0,0
14.13000000,33.71430642,32.23124880,33.52037166,32.27174514,0,0
14.14000000,33.69547071,32.21761334,33.53339444,32.24087944,0,0
14.15000000,33.68462070,32.23379885,33.46715697,32.20204418,0,0
14.16000000,33.64147866,32.26124664,33.40854126,32.15211275,0,0
14.17000000,33.64374018,32.21217810,33.38465167,32.14585204,0,0
14.18000000,33.59361493,32.18686400,33.40558244,32.08418800,0,0
14.19000000,33.59636981,32.16108563,33.37397943,32.12434486,0,0
14.20000000,33.62129914,32.11561945,33.35207262,32.19524642,0,0
14.21000000,33.62024916,32.15473885,33.35514783,32.17333078,0,0
14.22000000,33.58506270,32.12585357,33.35908409,32.14484555,0,0
14.23000000,33.52660636,32.07116285,33.34884644,32.08269116,0,0
14.24000000,33.54804943,32.08811025,33.30210743,32.03434464,0,0
14.25000000,33.56268613,32.07906446,33.33850682,32.00942114,0,0
14.26000000,33.54271816,32.04923776,33.34155599,32.01486677,0,0
14.27000000,33.52305928,31.96274478,33.24165774,31.98607928,0,0
14.28000000,33.50128199,31.96984657,33.20747214,31.97412239,0,0
14.29000000,33.49520408,31.98049659,33.20483215,31.91561423,0,0
14.30000000,33.49423404,31.98209004,33.18604861,31.91532956,0,0
14.31000000,33.45423001,31.98415968,33.20224871,31.91981681,0,0
14.32000000,33.45529950,31.97920169,33.20379469,31.91152178,0,0
14.33000000,33.46904546,31.94908715,33.17371123,31.92498700,0,0
14.34000000,33.40330674,31.90446545,33.13665888,31.90214190,0,0
14.35000000,33.34826484,31.88207259,33.10360586,31.86213583,0,0
14.36000000,33.32512853,31.88542756,33.08406979,31.82239460,0,0
14.37000000,33.34206343,31.89007158,33.12582204,31.79438919,0,0
14.38000000,33.38459521,31.86514110,33.13295480,31.78167567,0,0
14.39000000,33.39419592,31.85500000,33.13193193,31.83206271,0,0
14.40000000,33.35283789,31.82472226,33.14646084,31.85027446,0,0
14.41000000,33.26383500,31.81689795,33.13731834,31.83426983,0,0
14.42000000,33.23878670,31.78417558,33.07093980,31.75953744,0,0
14.43000000,33.34845340,31.76148520,33.07671087,31.73462581,0,0
14.44000000,33.36603124,31.74777442,33.05892315,31.71607746,0,0
14.45000000,33.27246622,31.74688478,33.06292526,31.66005656,0,0
14.46000000,33.22145897,31.70617632,32.93200696,31.61942647,0,0
14.47000000,33.21357568,31.63707317,32.96372253,31.62511470,0,0
14.48000000,33.35325623,31.66962556,32.93488332,31.62278370,0,0
14.49000000,33.31590862,31.68152510,32.94470490,31.62969838,0,0
14.50000000,33.22989800,31.64395584,32.97159149,31.60845499,0,0
14.51000000,33.16419688,31.63264018,32.97996105,31.62463897,0,0
14.52000000,33.21002710,31.58385692,32.99118936,31.59536410,0,0
14.53000000,33.21464606,31.58221352,32.99346104,31.54504761,0,0
14.54000000,33.26156047,31.54840840,32.97014842,31.53514371,0,0
14.55000000,33.19990921,31.55160623,32.91897205,31.53439155,0,0
14.56000000,33.13705494,31.59362870,32.94375214,31.51862107,0,0
14.57000000,33.10958400,31.55859787,32.92706742,31.48503310,0,0
14.58000000,33.14012023,31.52905735,32.92628528,31.43006402,0,0
14.59000000,33.14609206,31.41900215,32.92193568,31.48033434,0,0
14.60000000,33.17254284,31.47463665,32.93145254,31.48393087,0,0
14.61000000,33.07375427,31.49805047,32.91052659,31.53277811,0,0
14.62000000,33.09592784,31.51455455,32.88796810,31.50622918,0,0
14.63000000,33.09958620,31.41373760,32.79020992,31.41854094,0,0
14.64000000,33.09412269,31.40655773,32.89190981,31.38873444,0,0
14.65000000,33.09998791,31.40748051,32.82239490,31.31557848,0,0
14.66000000,33.01324929,31.39982746,32.75141927,31.33335161,0,0
14.67000000,33.04831902,31.38863852,32.79718163,31.34851086,0,0
14.68000000,33.02322537,31.34513366,32.70251471,31.32597012,0,0
14.69000000,32.97366261,31.31908830,32.76066241,31.34154795,0,0
14.70000000,33.09509562,31.29565606,32.78458278,31.28777525,0,0
14.71000000,33.11153233,31.31710246,32.81105189,31.34098139,0,0
14.72000000,33.08167388,31.31807130,32.76848786,31.28654588,0,0
14.73000000,32.91055623,31.27227404,32.70684951,31.29401407,0,0
14.74000000,32.93153935,31.28784696,32.64441294,31.20317047,0,0
14.75000000,32.90201437,31.21777134,32.67120027,31.19487760,0,0
14.76000000,32.95958733,31.25039563,32.72833782,31.14289764,0,0
14.77000000,32.94842366,31.19857896,32.71564336,31.18159786,0,0
14.78000000,32.90323667,31.22032385,32.65769322,31.11336720,0,0
14.79000000,32.84507263,31.23049125,32.66528029,31.17436453,0,0
14.80000000,32.83179083,31.19926770,32.66403118,31.20485998,0,0
14.81000000,32.88825122,31.20064994,32.68854279,31.13690153,0,0
14.82000000,32.85398749,31.14864272,32.65016011,31.13073026,0,0
14.83000000,32.83173915,31.07150875,32.64574598,31.09594011,0,0
14.84000000,32.82446061,31.12175288,32.65942176,31.04774194,0,0
14.85000000,32.80298710,31.13047003,32.55706925,31.08162157,0,0
14.86000000,32.75315635,31.07565435,32.55826285,31.02353852,0,0
14.87000000,32.84316258,31.03350748,32.59709199,30.98801002,0,0
14.88000000,32.78327826,30.96928284,32.49716580,31.02405359,0,0
14.89000000,32.75600732,31.01978932,32.59786631,31.01639958,0,0
14.90000000,32.74870168,31.00833918,32.54642973,30.95513012,0,0
14.91000000,32.65089123,31.06106030,32.57787779,30.97165271,0,0
14.92000000,32.63600330,31.02160340,32.49835939,30.97074735,0,0
14.93000000,32.66327841,31.01524384,32.48625480,30.92870921,0,0
14.94000000,32.75075909,30.94026280,32.33871108,30.90994738,0,0
14.95000000,32.68736239,30.90234968,32.36939131,30.92553308,0,0
14.96000000,32.67393368,30.87749895,32.23972014,30.90413900,0,0
14.97000000,32.60402659,30.92930180,32.31172583,30.86404882,0,0
14.98000000,32.61152863,30.96556372,32.29286290,30.89559296,0,0
14.99000000,32.62342590,30.94408724,32.41084948,30.81778508,0,0
15.00000000,32.58940908,30.87403662,32.42651893,30.87955941,0,0
15.01000000,32.51813100,30.79929181,32.36705013,30.88049045,0,0
15.02000000,32.55201005,30.88597437,32.38485030,30.89383676,0,0
15.03000000,32.54460767,30.92784646,32.39534488,30.86271283,0,0
15.04000000,32.55668836,30.92425485,32.42204553,30.83086863,0,0
15.05000000,32.54663595,30.84899633,32.29129232,30.79137369,0,0
15.06000000,32.54017963,30.79871990,32.30468396,30.76031022,0,0
15.07000000,32.47084132,30.80900239,32.24092409,30.76174148,0,0
15.08000000,32.44765028,30.80228507,32.25775088,30.77489138,0,0
15.09000000,32.47443227,30.80076756,32.28514081,30.77010239,0,0
15.10000000,32.48807689,30.79177831,32.32387259,30.78703949,0,0
15.11000000,32.49338982,30.76982907,32.23550039,30.75876529,0,0
15.12000000,32.42514328,30.78368546,32.21740324,30.78225652,0,0
15.13000000,32.42759161,30.83069158,32.16425511,30.81414953,0,0
15.14000000,32.43435619,30.77509074,32.16461039,30.74796605,0,0
15.15000000,32.46143772,30.73071508,32.20676280,30.71367872,0,0
15.16000000,32.44901364,30.67832915,32.24537245,30.68331211,0,0
15.17000000,32.41575136,30.73441098,32.24267009,30.64769037,0,0
15.18000000,32.37111060,30.79820605,32.21989366,30.62460882,0,0
15.19000000,32.35530430,30.78934494,32.22722428,30.60614456,0,0
15.20000000,32.36746760,30.78075139,32.13117861,30.59509332,0,0
15.21000000,32.46618602,30.72566421,32.11646274,30.65980993,0,0
15.22000000,32.45221624,30.72167943,32.11557048,30.70108968,0,0
15.23000000,32.33718853,30.73478943,32.14435273,30.71157480,0,0
15.24000000,32.29005767,30.68315848,32.09391658,30.67483100,0,0
15.25000000,32.29786137,30.68900767,32.03484028,30.61385443,0,0
15.26000000,32.36681409,30.70307102,32.03183877,30.59409975,0,0
15.27000000,32.35410133,30.72555661,32.00805918,30.56796859,0,0
15.28000000,32.29630307,30.68176707,32.03014108,30.56212065,0,0
15.29000000,32.25530553,30.63678190,32.05838138,30.55631715,0,0
15.30000000,32.24267376,30.62467975,32.02291260,30.56654827,0,0
15.31000000,32.22813327,30.60202261,31.99998301,30.53910930,0,0
15.32000000,32.20353842,30.57428728,31.99760726,30.54450601,0,0
15.33000000,32.22565534,30.57507004,31.94657224,30.58243533,0,0
15.34000000,32.21454291,30.58075484,31.96803863,30.54697961,0,0
15.35000000,32.19032599,30.58073580,31.96724658,30.49137618,0,0
15.36000000,32.15447859,30.57273994,31.96234635,30.47029855,0,0
15.37000000,32.13152998,30.55528279,31.94096689,30.46099719,0,0
15.38000000,32.11431150,30.55916970,31.92650119,30.43365512,0,0
15.39000000,32.10906240,30.56045579,31.90992336,30.45052941,0,0
15.40000000,32.09124628,30.54170137,31.81667108,30.39322191,0,0
15.41000000,32.12453135,30.45944824,31.85138445,30.39966861,0,0
15.42000000,32.06586710,30.40464317,31.81724345,30.45468101,0,0
15.43000000,32.07020555,30.43951365,31.90480311,30.45818681,0,0
15.44000000,32.03205968,30.41037414,31.84429104,30.47244492,0,0
15.45000000,32.00893955,30.35874889,31.75254744,30.41165822,0,0
15.46000000,31.98093741,30.34165240,31.76377883,30.33622191,0,0
15.47000000,31.93806711,30.41154385,31.74135692,30.34125851,0,0
15.48000000,31.94901925,30.37227474,31.74944462,30.29846429,0,0
15.49000000,31.88952922,30.32676278,31.83289211,30.28861836,0,0
15.50000000,31.88541172,30.22192422,31.75395963,30.30842956,0,0
15.51000000,31.85247446,30.24088520,31.75309438,30.31033539,0,0
15.52000000,31.85511503,30.27062579,31.65045318,30.30847476,0,0
15.53000000,31.82572495,30.29234016,31.61442575,30.25951877,0,0
15.54000000,31.75887969,30.24527105,31.61311284,30.28809909,0,0
15.55000000,31.73441166,30.18398309,31.61176174,30.18060995,0,0
15.56000000,31.78136901,30.19818869,31.60842194,30.22891361,0,0
15.57000000,31.82287691,30.16634369,31.55298298,30.17653571,0,0
15.58000000,31.81038724,30.13902419,31.54540815,30.16227056,0,0
15.59000000,31.68244403,30.16238811,31.57174502,30.15033659,0,0
15.60000000,31.64100667,30.11467730,31.48896983,30.13789257,0,0
15.61000000,31.70110406,30.12137829,31.56500917,30.11482441,0,0
15.62000000,31.72096865,30.13967103,31.47115635,30.04474650,0,0
15.63000000,31.70060369,30.03931421,31.54469323,30.10338522,0,0
15.64000000,31.67815160,29.97761709,31.48806493,30.06326334,0,0
15.65000000,31.61308135,29.90698588,31.31709806,30.06307190,0,0
15.66000000,31.39332162,29.98439781,31.42418756,30.07440742,0,0
15.67000000,31.46256983,29.99307347,31.27686943,29.99594671,0,0
15.68000000,31.49281240,30.14967223,31.31230080,30.00907030,0,0
15.69000000,31.61264964,30.03490547,31.35014067,29.96570079,0,0
15.70000000,31.63483843,29.92228730,31.22644184,29.92266747,0,0
15.71000000,31.47641023,29.82885409,31.31759281,29.96186029,0,0
15.72000000,31.43465108,29.84845659,31.25078756,29.99182570,0,0
15.73000000,31.35510872,30.01315618,31.27276512,29.93219226,0,0
15.74000000,31.40497200,29.95825708,31.17247277,29.83992924,0,0
15.75000000,31.34230965,29.89622267,31.23313405,29.86537477,0,0
15.76000000,31.46580200,29.81895851,31.15010655,29.82366231,0,0
15.77000000,31.42108292,29.77257646,31.20778721,29.75921477,0,0
15.78000000,31.46658703,29.85959017,31.14807542,29.80633442,0,0
15.79000000,31.30789420,29.77964621,31.20569939,29.73533047,0,0
15.80000000,31.24792760,29.80751022,31.13620772,29.72444414,0,0
15.81000000,31.27349874,29.75238321,31.13427602,29.71327133,0,0
15.82000000,31.28460227,29.78493433,31.12046670,29.74810176,0,0
15.83000000,31.37805242,29.79300428,31.04329382,29.69603821,0,0
15.84000000,31.28594086,29.74032984,31.08771069,29.71945873,0,0
15.85000000,31.15557877,29.65344243,30.95388498,29.70908266,0,0
15.86000000,31.17903992,29.70501975,30.92972747,29.71295080,0,0
15.87000000,31.18514746,29.68157064,31.00891779,29.72853612,0,0
15.88000000,31.20548112,29.60910677,30.93142919,29.64746109,0,0
15.89000000,31.26851320,29.60404541,30.97380499,29.61969146,0,0
15.90000000,31.13166121,29.59625971,30.97501965,29.60191731,0,0
15.91000000,31.11592226,29.59414254,30.98183352,29.60537215,0,0
15.92000000,31.00910940,29.61771533,31.03023359,29.65515718,0,0
15.93000000,30.94666479,29.56679243,31.01419539,29.61031370,0,0
15.94000000,30.96013659,29.47120575,30.87367088,29.58344546,0,0
15.95000000,31.01551222,29.50259683,30.87511705,29.48481423,0,0
15.96000000,31.09791955,29.46023680,30.68898333,29.40990532,0,0
15.97000000,31.14944683,29.49691283,30.71134082,29.42211838,0,0
15.98000000,31.05219144,29.48042116,30.72148700,29.37180743,0,0
15.99000000,30.98378223,29.42959257,30.74935311,29.33057415,0,0
16.00000000,30.86399897,29.41225906,30.75792096,29.31605586,0,0
16.01000000,30.86970518,29.34835738,30.69691085,29.30994209,0,0
16.02000000,30.90175896,29.36670078,30.61610239,29.30957417,0,0
16.03000000,30.86615712,29.40221070,30.61670346,29.33822858,0,0
16.04000000,30.78629400,29.41749896,30.56464962,29.32753479,0,0
16.05000000,30.89868518,29.43840869,30.63179663,29.29729722,0,0
16.06000000,30.95373991,29.35309061,30.52803902,29.34963596,0,0
16.07000000,30.95841901,29.31422971,30.58691642,29.35068344,0,0
16.08000000,30.79184676,29.24932316,30.59404046,29.32123226,0,0
16.09000000,30.66679228,29.24719976,30.56109023,29.26733153,0,0
16.10000000,30.73461831,29.24144309,30.58374157,29.19913163,0,0
16.11000000,30.78811906,29.22901208,30.58938814,29.19199902,0,0
16.12000000,30.76036855,29.18092602,30.52411437,29.17781191,0,0
16.13000000,30.66122844,29.16670674,30.49280108,29.17033835,0,0
16.14000000,30.64646987,29.16898145,30.46777400,29.20600099,0,0
16.15000000,30.64139732,29.14896073,30.41138881,29.19051087,0,0
16.16000000,30.64096694,29.13109442,30.41653346,29.14116220,0,0
16.17000000,30.64733243,29.06292873,30.44514865,29.09882901,0,0
16.18000000,30.65121020,29.04616596,30.47486052,29.08746787,0,0
16.19000000,30.66155387,29.08590333,30.49184433,29.07678983,0,0
16.20000000,30.61287846,29.10639939,30.51424644,29.00860142,0,0
16.21000000,30.54186790,29.04449417,30.50171480,28.99104977,0,0
16.22000000,30.57691209,28.96411836,30.43717249,28.99842569,0,0
16.23000000,30.61854142,28.93427321,30.34387021,29.00678599,0,0
16.24000000,30.60575397,28.96965385,30.23485279,29.03137454,0,0
16.25000000,30.56349420,28.96652852,30.24962289,29.03268635,0,0
16.26000000,30.46100408,28.96377651,30.25906655,28.94440057,0,0
16.27000000,30.48850348,28.94018938,30.23909266,28.90992100,0,0
16.28000000,30.54003538,28.90004963,30.31983399,28.92678511,0,0
16.29000000,30.50068382,28.90416006,30.25139622,28.88791303,0,0
16.30000000,30.45615905,28.84199470,30.25259978,28.89125927,0,0
16.31000000,30.44826542,28.80476252,30.21558859,28.84138395,0,0
16.32000000,30.45607945,28.83001464,30.11603093,28.73300692,0,0
16.33000000,30.41570508,28.85791493,30.07508864,28.67297813,0,0
16.34000000,30.35277418,28.80978987,29.99745867,28.61322763,0,0
16.35000000,30.29944708,28.79657055,30.02783026,28.62280147,0,0
16.36000000,30.28398715,28.69621818,30.10006304,28.67132032,0,0
16.37000000,30.24712621,28.69546612,30.14247831,28.72987922,0,0
16.38000000,30.24394419,28.67265616,30.10588853,28.77356081,0,0
16.39000000,30.22753527,28.65491310,30.03595532,28.73154424,0,0
16.40000000,30.22885038,28.63672568,30.01842695,28.71670870,0,0
16.41000000,30.17956513,28.58434724,30.07051105,28.71949890,0,0
16.42000000,30.13631237,28.59158418,30.07091349,28.66837719,0,0
16.43000000,30.16853667,28.60984210,30.02995850,28.61779117,0,0
16.44000000,30.16738217,28.63888402,29.98068322,28.57625966,0,0
16.45000000,30.16125790,28.57076077,29.94209521,28.55628033,0,0
16.46000000,30.10606947,28.52891935,29.94146876,28.53082719,0,0
16.47000000,30.05824606,28.51704207,29.95886847,28.50897024,0,0
16.48000000,30.08220680,28.56558637,29.77192344,28.49618016,0,0
16.49000000,30.06729924,28.58537703,29.88662715,28.46440911,0,0
16.50000000,30.06646845,28.53517037,29.83271046,28.51365551,0,0
16.51000000,29.97390908,28.44614866,29.77766137,28.47546926,0,0
16.52000000,29.98490565,28.42574640,29.85742310,28.49468472,0,0
16.53000000,30.00898530,28.43891438,29.82578056,28.48342722,0,0
16.54000000,29.95254282,28.43644441,29.83780427,28.41613991,0,0
16.55000000,29.97481981,28.43598956,29.78316999,28.37106813,0,0
16.56000000,29.92919772,28.40118468,29.73892941,28.34121981,0,0
16.57000000,29.93629888,28.36853644,29.64684640,28.31737918,0,0
16.58000000,29.87396927,28.36176714,29.68089872,28.31344852,0,0
16.59000000,29.88298978,28.33963186,29.63520337,28.35244862,0,0
16.60000000,29.84489255,28.33807084,29.64515282,28.36259286,0,0
16.61000000,29.86880828,28.29029627,29.62321167,28.29207180,0,0
16.62000000,29.84469241,28.26406348,29.58020823,28.20428569,0,0
16.63000000,29.76447433,28.22803540,29.68207298,28.28299644,0,0
16.64000000,29.79299364,28.28763236,29.60491405,28.18859709,0,0
16.65000000,29.78758108,28.24989949,29.61471299,28.18234337,0,0
16.66000000,29.77791971,28.24836454,29.59714336,28.16471816,0,0
16.67000000,29.73829932,28.20318924,29.49318165,28.12876551,0,0
16.68000000,29.75096445,28.12524816,29.64010960,28.15657448,0,0
16.69000000,29.67868035,28.16440723,29.47429265,28.10248990,0,0
16.70000000,29.71122430,28.15612154,29.37632412,28.13904806,0,0
16.71000000,29.65171442,28.15669388,29.45947912,28.04614757,0,0
16.72000000,29.63832360,28.16228450,29.38227203,28.03437507,0,0
16.73000000,29.66320648,28.07400304,29.42934461,28.11721991,0,0
16.74000000,29.60764288,28.09450611,29.39854805,28.07375675,0,0
16.75000000,29.64116062,28.09247370,29.40539783,28.09881676,0,0
16.76000000,29.53984872,28.04779707,29.36371556,28.07244672,0,0
16.77000000,29.51197512,28.02037834,29.35679339,27.96655047,0,0
16.78000000,29.47605184,27.99910376,29.29798435,27.96115909,0,0
16.79000000,29.54057567,27.97948811,29.26194782,27.90165295,0,0
16.80000000,29.55364018,27.96957886,29.27051401,27.91582291,0,0
16.81000000,29.57367045,27.91977986,29.23600237,27.93745572,0,0
16.82000000,29.41720063,27.88940481,29.23916512,27.91958508,0,0
16.83000000,29.42878990,27.88742680,29.18028332,27.91367940,0,0
16.84000000,29.39165846,27.87583321,29.20992845,27.83035342,0,0
16.85000000,29.43509165,27.84263906,29.25038031,27.83031709,0,0
16.86000000,29.51685530,27.81083212,29.18573273,27.85067800,0,0
16.87000000,29.44162970,27.82062163,29.21588758,27.79672015,0,0
16.88000000,29.40129518,27.84074986,29.17867410,27.73627021,0,0
16.89000000,29.36997392,27.82943722,29.15389542,27.69227112,0,0
16.90000000,29.34794387,27.78815248,29.23236820,27.68600243,0,0
16.91000000,29.32724542,27.71074751,29.08171260,27.71043916,0,0
16.92000000,29.39259924,27.75147966,29.03176748,27.71600952,0,0
16.93000000,29.35826413,27.75614553,29.09929992,27.67060350,0,0
16.94000000,29.37432542,27.76576312,29.05726369,27.60925879,0,0
16.95000000,29.32536691,27.74178784,29.08219351,27.62008876,0,0
16.96000000,29.32653772,27.65436175,29.10846834,27.67530552,0,0
16.97000000,29.27401360,27.71940017,29.06210622,27.66465856,0,0
16.98000000,29.24799145,27.76075227,29.07337664,27.68548236,0,0
16.99000000,29.24950908,27.76259737,29.05456324,27.64959712,0,0
17.00000000,29.26433205,27.68563701,28.99348304,27.55061537,0,0
17.01000000,29.28155557,27.65852151,28.94611879,27.55090769,0,0
17.02000000,29.25633238,27.66113280,28.94566698,27.56006325,0,0
17.03000000,29.26127112,27.66169958,28.97757656,27.50765446,0,0
17.04000000,29.23099405,27.65858531,28.97931621,27.53175882,0,0
17.05000000,29.25989397,27.64786815,28.98105603,27.51321423,0,0
17.06000000,29.20289798,27.61275479,28.96372625,27.52683057,0,0
17.07000000,29.18214801,27.60814882,28.93386162,27.51662018,0,0
17.08000000,29.24044569,27.63162916,28.88898893,27.51343099,0,0
17.09000000,29.24808260,27.62716550,28.93067894,27.52650505,0,0
17.10000000,29.22880341,27.60790259,28.94239653,27.49709112,0,0
17.11000000,29.21266458,27.58600388,28.96720118,27.48321483,0,0
17.12000000,29.13957781,27.56486961,29.00867947,27.47921234,0,0
17.13000000,29.13587056,27.54623993,28.92089294,27.48921513,0,0
17.14000000,29.18171288,27.53053311,28.88569631,27.47915529,0,0
17.15000000,29.16104441,27.60160520,28.91605640,27.47778953,0,0
17.16000000,29.19690242,27.61455449,28.87971396,27.48848864,0,0
17.17000000,29.20466231,27.62203697,28.92940961,27.43728614,0,0
17.18000000,29.20254226,27.55186089,28.94471014,27.46655176,0,0
17.19000000,29.13008005,27.53256790,28.94925656,27.52103167,0,0
17.20000000,29.08698083,27.60404857,28.90726753,27.50475265,0,0
17.21000000,29.09482686,27.58730350,28.91256262,27.54603349,0,0
17.22000000,29.11808143,27.53546599,28.85461683,27.50221615,0,0
17.23000000,29.11951821,27.46479328,28.80687940,27.44173304,0,0
17.24000000,29.09617371,27.42943261,28.84459026,27.45630473,0,0
17.25000000,29.11355627,27.48074967,28.86930701,27.44517837,0,0
17.26000000,29.10026718,27.53233632,28.87235462,27.41182758,0,0
17.27000000,29.14027702,27.58227077,28.82719828,27.37139898,0,0
17.28000000,29.06943498,27.50820746,28.81687269,27.35805549,0,0
17.29000000,29.09013135,27.48242788,28.83002386,27.36678646,0,0
17.30000000,29.18630305,27.46658947,28.82941819,27.36861473,0,0
17.31000000,29.16291963,27.47377533,28.83718529,27.37969701,0,0
17.32000000,29.11365456,27.47131369,28.83748708,27.40072785,0,0
17.33000000,29.02092892,27.43160705,28.82278982,27.36954704,0,0
17.34000000,29.02039010,27.42715730,28.88172849,27.33015332,0,0
17.35000000,29.09975835,27.41077943,28.75164863,27.28485866,0,0
17.36000000,29.08286977,27.47158231,28.78687817,27.31004341,0,0
17.37000000,29.02846922,27.39682837,28.81099801,27.31576444,0,0
17.38000000,29.04840254,27.41457067,28.71998383,27.31699865,0,0
17.39000000,29.04055008,27.36701558,28.76039348,27.34316759,0,0
17.40000000,29.10171468,27.39771662,28.79341215,27.26996561,0,0
17.41000000,28.97033618,27.39064026,28.84878248,27.29768545,0,0
17.42000000,28.98718831,27.38036397,28.79782550,27.34938722,0,0
17.43000000,28.94765510,27.43094049,28.78380615,27.31803419,0,0
17.44000000,29.01149562,27.33693282,28.76133280,27.37133675,0,0
17.45000000,28.86227913,27.23222913,28.67611896,27.32362559,0,0
17.46000000,28.85916143,27.20209215,28.68866848,27.27421443,0,0
17.47000000,28.88569160,27.28398712,28.71661593,27.22730916,0,0
17.48000000,28.92301044,27.31089424,28.74813781,27.21500236,0,0
17.49000000,29.04067560,27.33351407,28.69914039,27.12735885,0,0
17.50000000,28.87963083,27.30949037,28.69124158,27.16203046,0,0
17.51000000,28.89816443,27.21331977,28.70214941,27.16394886,0,0
17.52000000,28.92219072,27.27464974,28.67013976,27.27747621,0,0
17.53000000,28.97840344,27.34149299,28.69801286,27.20293780,0,0
17.54000000,28.95200593,27.22553249,28.70746822,27.14506951,0,0
17.55000000,28.84380460,27.24283481,28.60794823,27.14522725,0,0
17.56000000,28.82947983,27.20296013,28.76676144,27.19335580,0,0
17.57000000,28.87750341,27.23961060,28.66047005,27.10909331,0,0
17.58000000,28.92705119,27.25645606,28.53897464,27.19318140,0,0
17.59000000,28.80419107,27.26572810,28.62528209,27.08505731,0,0
17.60000000,28.79720351,27.22686435,28.58013868,27.13590694,0,0
17.61000000,28.81143088,27.26897731,28.60567994,27.10790765,0,0
17.62000000,28.88037456,27.25116602,28.63844353,27.12405452,0,0
17.63000000,28.80430608,27.23592256,28.65664532,27.15712505,0,0
17.64000000,28.74567282,27.20382375,28.57471899,27.09429941,0,0
17.65000000,28.71828129,27.19154553,28.60239800,27.06687328,0,0
17.66000000,28.80109991,27.15254141,28.54917397,27.15640547,0,0
17.67000000,28.75013561,27.22655549,28.50517080,27.07238472,0,0
17.68000000,28.74577454,27.19810973,28.49937388,27.17576292,0,0
17.69000000,28.71269316,27.16995884,28.51216604,27.20759002,0,0
17.70000000,28.72182689,27.17519574,28.52393265,27.11815191,0,0
17.71000000,28.76409503,27.18239404,28.46587537,27.11493590,0,0
17.72000000,28.68402087,27.18070486,28.44622600,27.09893851,0,0
17.73000000,28.65336002,27.20501703,28.45056172,27.03851719,0,0
17.74000000,28.67212268,27.13550423,28.49347371,27.04925045,0,0
17.75000000,28.69101285,27.08814950,28.45623718,27.07614158,0,0
17.76000000,28.70455539,27.10991479,28.40415638,27.08225770,0,0
17.77000000,28.68444787,27.15183027,28.42295139,27.05765139,0,0
17.78000000,28.62593171,27.10836722,28.40176903,27.03003285,0,0
17.79000000,28.62586219,27.11023657,28.44779714,27.04909563,0,0
17.80000000,28.66526830,27.10528885,28.34942206,27.04920052,0,0
17.81000000,28.63459776,27.13092808,28.34255071,26.98395934,0,0
17.82000000,28.53154528,27.06946241,28.36441935,26.98841318,0,0
17.83000000,28.55203206,27.06464898,28.30211983,26.94550155,0,0
17.84000000,28.58661724,27.00678646,28.37841207,26.98141646,0,0
17.85000000,28.63251804,27.06958810,28.42071366,26.98073224,0,0
17.86000000,28.54801901,27.08349427,28.37216738,26.99248977,0,0
17.87000000,28.46666732,27.08552166,28.34695233,26.95948322,0,0
17.88000000,28.47670097,27.05838448,28.31216336,26.93422412,0,0
17.89000000,28.55564752,27.00445424,28.32188078,26.98254814,0,0
17.90000000,28.57728689,27.02173093,28.26016969,26.98067299,0,0
17.91000000,28.54995397,27.04103502,28.27746546,27.00069188,0,0
17.92000000,28.49048664,27.01618573,28.24317911,26.95315603,0,0
17.93000000,28.50830189,26.98039662,28.27019851,26.88900609,0,0
17.94000000,28.52139472,26.97246698,28.24612870,26.86332760,0,0
17.95000000,28.48908386,26.96158354,28.22487183,26.87432811,0,0
17.96000000,28.46488081,26.95885694,28.22535776,26.88066991,0,0
17.97000000,28.46174914,26.96547096,28.23398213,26.90147787,0,0
17.98000000,28.47587586,26.91324070,28.27432607,26.91456317,0,0
17.99000000,28.48666406,26.88137180,28.25498748,26.93042536,0,0
18.00000000,28.43687014,26.87510155,28.22353294,26.88497956,0,0
18.01000000,28.39084855,26.89383409,28.26977749,26.85989503,0,0
18.02000000,28.40597975,26.92804441,28.17925057,26.85478184,0,0
18.03000000,28.44449967,26.91158732,28.14088024,26.85236604,0,0
18.04000000,28.41759849,26.88402665,28.18205316,26.81630158,0,0
18.05000000,28.38103510,26.87766633,28.14050479,26.79041695,0,0
18.06000000,28.34612207,26.87937589,28.13921032,26.78803627,0,0
18.07000000,28.32794516,26.87631858,28.17117244,26.78362897,0,0
18.08000000,28.35643374,26.86463555,28.19711632,26.78651032,0,0
18.09000000,28.39960890,26.84180815,28.17314656,26.77333894,0,0
18.10000000,28.40645650,26.83037671,28.13610411,26.77933488,0,0
18.11000000,28.35717890,26.86366459,28.12346253,26.75660843,0,0
18.12000000,28.30280611,26.89704289,28.11757962,26.74558305,0,0
18.13000000,28.32863847,26.85986044,28.07946347,26.78353897,0,0
18.14000000,28.32455323,26.84936060,28.09038017,26.78068554,0,0
18.15000000,28.35042923,26.80553145,28.06231325,26.78065672,0,0
18.16000000,28.31255112,26.78450678,28.09851180,26.77590580,0,0
18.17000000,28.26769684,26.82605304,28.05870604,26.69854704,0,0
18.18000000,28.25906390,26.80390603,28.08769696,26.68028792,0,0
18.19000000,28.30113060,26.80727377,28.00521569,26.67721964,0,0
18.20000000,28.29489910,26.77951243,28.04828686,26.67095212,0,0
18.21000000,28.30274136,26.78694321,28.05485658,26.69759476,0,0
18.22000000,28.25688411,26.76694071,28.02201825,26.68049157,0,0
18.23000000,28.21544074,26.75078060,28.02381447,26.71518202,0,0
18.24000000,28.21375169,26.74186430,28.01767537,26.71220011,0,0
18.25000000,28.21206265,26.73294801,28.01153627,26.70921821,0,0
18.26000000,28.21037361,26.72403172,28.00539717,26.70623630,0,0
18.27000000,28.20868456,26.71511543,27.99925808,26.70325440,0,0
18.28000000,28.17047458,26.72216172,27.98813485,26.66952440,0,0
18.29000000,28.19910893,26.75627628,27.96334268,26.66421784,0,0
18.30000000,28.23046480,26.73450410,28.06135521,26.62308947,0,0
18.31000000,28.23812243,26.69685256,28.02093843,26.63476783,0,0
18.32000000,28.20433027,26.66934361,27.99792987,26.63219884,0,0
18.33000000,28.17769577,26.71516277,27.96489644,26.63737914,0,0
18.34000000,28.17104033,26.74101472,27.96696444,26.66794811,0,0
18.35000000,28.15171527,26.75251402,27.94422404,26.60312609,0,0
18.36000000,28.22298523,26.65059314,27.98562120,26.61725325,0,0
18.37000000,28.22968529,26.64105892,27.97018904,26.64396058,0,0
18.38000000,28.24685247,26.68229866,27.92103846,26.61748961,0,0
18.39000000,28.16746677,26.72016572,27.89914316,26.65739079,0,0
18.40000000,28.08267750,26.71646300,27.86963884,26.62621614,0,0
18.41000000,28.09735636,26.60544963,27.96463358,26.59303220,0,0
18.42000000,28.24765666,26.61467569,27.98608599,26.55745476,0,0
18.43000000,28.23451439,26.68861924,27.92824703,26.61908924,0,0
18.44000000,28.15907184,26.72866467,27.93761299,26.53429145,0,0
18.45000000,28.05561960,26.67437820,27.81766302,26.57398442,0,0
18.46000000,28.06462289,26.51988656,27.97109371,26.55003805,0,0
18.47000000,28.23249264,26.60505440,28.01415769,26.57563404,0,0
18.48000000,28.24714655,26.61846168,27.79571986,26.54662448,0,0
18.49000000,28.20544273,26.64943477,27.89141831,26.51364778,0,0
18.50000000,28.08438573,26.68385440,27.77825944,26.51253012,0,0
18.51000000,28.09542071,26.66744318,27.85763366,26.56861543,0,0
18.52000000,28.15324914,26.65106849,27.88780842,26.48804264,0,0
18.53000000,28.08867233,26.58780301,27.93532899,26.49916287,0,0
18.54000000,28.09156315,26.61724707,27.86433633,26.50048188,0,0
18.55000000,28.07395829,26.55275781,27.87676404,26.50464017,0,0
18.56000000,28.09417228,26.62571614,27.84579004,26.51620810,0,0
18.57000000,28.05851688,26.57083393,27.86887184,26.52532605,0,0
18.58000000,28.06734495,26.57928102,27.84388470,26.53395139,0,0
18.59000000,28.07358722,26.57203261,27.85994734,26.45343793,0,0
18.60000000,28.10381329,26.54144729,27.82423455,26.50894093,0,0
18.61000000,28.12139338,26.56040919,27.81936023,26.51264485,0,0
18.62000000,28.07429525,26.58847464,27.81280916,26.50273468,0,0
18.63000000,28.03113884,26.51726737,27.81945013,26.49804395,0,0
18.64000000,28.10227654,26.49279495,27.87768391,26.51322964,0,0
18.65000000,28.08337308,26.49114771,27.85089083,26.48248291,0,0
18.66000000,28.09699917,26.53514335,27.84003694,26.43035292,0,0
18.67000000,28.04798441,26.53363304,27.76977273,26.45631998,0,0
18.68000000,28.02590619,26.51665992,27.81970651,26.37251338,0,0
18.69000000,28.02696144,26.45930403,27.84804524,26.41446474,0,0
18.70000000,28.07387849,26.46837662,27.86000424,26.42739086,0,0
18.71000000,28.06011265,26.50536105,27.72108627,26.44006227,0,0
18.72000000,28.04862851,26.51190095,27.76821400,26.46621022,0,0
18.73000000,28.10066288,26.47691879,27.75894581,26.39454087,0,0
18.74000000,28.04972411,26.42397021,27.75898066,26.35500873,0,0
18.75000000,28.03999197,26.43160419,27.79796851,26.44043872,0,0
18.76000000,27.96540629,26.48313982,27.80345247,26.40325183,0,0
18.77000000,28.00556084,26.51265172,27.77910715,26.35985519,0,0
18.78000000,28.01687816,26.47861327,27.79174075,26.34251969,0,0
18.79000000,28.02995029,26.44906328,27.78048577,26.33401296,0,0
18.80000000,27.99711530,26.41938009,27.78626618,26.32632537,0,0
18.81000000,27.98267534,26.42870773,27.78040822,26.33999167,0,0
18.82000000,28.00828039,26.44704669,27.75560634,26.28605933,0,0
18.83000000,27.98510317,26.48752299,27.77101777,26.25976876,0,0
18.84000000,27.99277962,26.46085382,27.74826742,26.25282900,0,0
18.85000000,27.89965877,26.41876961,27.72571915,26.34313249,0,0
18.86000000,27.94375983,26.43663775,27.72637161,26.37551504,0,0
18.87000000,28.00507103,26.39998732,27.76053389,26.38044176,0,0
18.88000000,28.04959853,26.36765965,27.73982693,26.38547899,0,0
18.89000000,27.98640260,26.37321603,27.73922111,26.36969889,0,0
18.90000000,27.93216306,26.42464436,27.73289163,26.29763813,0,0
18.91000000,27.90937099,26.43481272,27.69075844,26.29927056,0,0
18.92000000,27.88749493,26.42891128,27.71936565,26.27985860,0,0
18.93000000,27.93589041,26.38112844,27.74573524,26.25825286,0,0
18.94000000,27.97351533,26.34120321,27.64074419,26.28304392,0,0
18.95000000,27.94919310,26.37860200,27.63862152,26.29743962,0,0
18.96000000,27.95330645,26.37789776,27.66659435,26.31260261,0,0
18.97000000,27.91898205,26.34239742,27.64164280,26.28655641,0,0
18.98000000,27.92138674,26.32529971,27.68974617,26.27375311,0,0
18.99000000,27.91466964,26.32390393,27.71379490,26.31059160,0,0
19.00000000,27.87912615,26.36126745,27.69887206,26.27836125,0,0
19.01000000,27.85446561,26.39221547,27.65794317,26.24078825,0,0
19.02000000,27.86416220,26.37524913,27.64724232,26.22599031,0,0
19.03000000,27.84550545,26.31112883,27.63847889,26.22004378,0,0
19.04000000,27.88472260,26.29394231,27.61407537,26.22181818,0,0
19.05000000,27.87535740,26.32430812,27.64903012,26.22044732,0,0
19.06000000,27.90437323,26.31147378,27.66187347,26.23792342,0,0
19.07000000,27.86979648,26.33062061,27.66192522,26.19334603,0,0
19.08000000,27.82145756,26.34278358,27.59771238,26.19595111,0,0
19.09000000,27.84862800,26.27631241,27.56219887,26.25005904,0,0
19.10000000,27.88519810,26.31116211,27.63702502,26.26922508,0,0
19.11000000,27.84328817,26.32100625,27.59421575,26.24547280,0,0
19.12000000,27.81915902,26.27711171,27.63590739,26.25127486,0,0
19.13000000,27.82617767,26.25044383,27.63945766,26.20147380,0,0
19.14000000,27.82535378,26.27637805,27.58303277,26.14761025,0,0
19.15000000,27.83475103,26.27623409,27.58951929,26.16597727,0,0
19.16000000,27.81804970,26.28366599,27.61393042,26.16400434,0,0
19.17000000,27.82482639,26.27121954,27.46484478,26.16852653,0,0
19.18000000,27.82959335,26.23524144,27.52752166,26.14178544,0,0
19.19000000,27.83648598,26.21934123,27.48465878,26.17314448,0,0
19.20000000,27.76986237,26.20539699,27.53545723,26.18109621,0,0
19.21000000,27.70388618,26.14278409,27.56528750,26.16745912,0,0
19.22000000,27.66043784,26.10655754,27.62488045,26.14729974,0,0
19.23000000,27.71526583,26.09874243,27.55466682,26.11796148,0,0
19.24000000,27.74978583,26.19501625,27.51985318,26.09265642,0,0
19.25000000,27.73973672,26.21452853,27.47726092,26.06752013,0,0
19.26000000,27.69270734,26.20951076,27.45388500,26.03020556,0,0
19.27000000,27.71726409,26.14701062,27.46968560,26.09993834,0,0
19.28000000,27.76139479,26.11584585,27.45136400,26.07488225,0,0
19.29000000,27.77362858,26.17349945,27.46934684,26.02651866,0,0
19.30000000,27.70713267,26.15887721,27.45349524,26.07162323,0,0
19.31000000,27.62301914,26.15599331,27.48519618,26.00798724,0,0
19.32000000,27.60538100,26.14187272,27.40304633,25.98450156,0,0
19.33000000,27.76682851,26.13358529,27.52458435,26.01173045,0,0
19.34000000,27.65421249,26.13516948,27.46067060,26.09376836,0,0
19.35000000,27.69409394,26.13913587,27.44051536,26.04424666,0,0
19.36000000,27.59153991,26.09357766,27.40189362,26.10600339,0,0
19.37000000,27.65002095,26.04777431,27.41268939,26.07864160,0,0
19.38000000,27.61736333,26.10562618,27.31344723,26.01757576,0,0
19.39000000,27.69518302,26.07691922,27.47913554,25.98698962,0,0
19.40000000,27.61363790,26.08428109,27.33192644,26.02006726,0,0
19.41000000,27.56051567,26.05874416,27.37456672,25.93090438,0,0
19.42000000,27.61835033,26.02317729,27.37792185,25.99379839,0,0
19.43000000,27.60747524,26.03000857,27.30650888,25.95827580,0,0
19.44000000,27.61127687,26.03053479,27.31907962,25.97933179,0,0
19.45000000,27.56026906,25.99191242,27.38103346,25.98461377,0,0
19.46000000,27.58586630,25.99528681,27.37818261,25.98058255,0,0
19.47000000,27.62838416,26.08008027,27.37052516,25.90902059,0,0
19.48000000,27.65287588,26.06468598,27.31435280,25.98696117,0,0
19.49000000,27.54069128,25.98591146,27.30305264,25.89983080,0,0
19.50000000,27.54522340,25.95313066,27.27776613,25.92112288,0,0
19.51000000,27.49076189,25.98826067,27.31687158,25.89061071,0,0
19.52000000,27.55616718,25.99694441,27.34691737,25.88836528,0,0
19.53000000,27.58827832,26.03113428,27.30344028,25.89684743,0,0
19.54000000,27.50037522,25.95626785,27.29199594,25.86429171,0,0
19.55000000,27.49968508,25.95969783,27.24032576,25.86877169,0,0
19.56000000,27.53372112,25.98894335,27.27124737,25.82860200,0,0
19.57000000,27.54677793,25.97081272,27.34192094,25.80717868,0,0
19.58000000,27.52844682,25.96149306,27.24176186,25.88692203,0,0
19.59000000,27.50592899,25.95998470,27.24795983,25.90312055,0,0
19.60000000,27.44640127,25.90112614,27.23808144,25.87710659,0,0
19.61000000,27.44270421,25.93085146,27.21035771,25.90666020,0,0
19.62000000,27.49893839,25.93744701,27.29416225,25.83911937,0,0
19.63000000,27.50734871,25.92597963,27.30239659,25.79956800,0,0
19.64000000,27.45513154,25.91978885,27.15440540,25.81624756,0,0
19.65000000,27.44199724,25.89979025,27.20012509,25.81851614,0,0
19.66000000,27.44931514,25.89946207,27.19867281,25.79617505,0,0
19.67000000,27.44900923,25.87119654,27.19244680,25.80726929,0,0
19.68000000,27.42376579,25.88518696,27.19106948,25.77580160,0,0
19.69000000,27.40935325,25.81826672,27.21822938,25.81420149,0,0
19.70000000,27.41954869,25.80667981,27.21015858,25.78772886,0,0
19.71000000,27.39327590,25.83242299,27.20757730,25.76795525,0,0
19.72000000,27.34334279,25.86337291,27.17451428,25.74887910,0,0
19.73000000,27.35625971,25.86350101,27.14587012,25.74862375,0,0
19.74000000,27.39443389,25.83859241,27.10801794,25.73715231,0,0
19.75000000,27.42039301,25.78412897,27.12958063,25.73023324,0,0
19.76000000,27.40467640,25.76828207,27.11829454,25.70943716,0,0
19.77000000,27.33498239,25.77641397,27.10594910,25.70880474,0,0
19.78000000,27.30757410,25.81199100,27.07022651,25.64803839,0,0
19.79000000,27.36466042,25.82180009,27.08392577,25.63111891,0,0
19.80000000,27.38363679,25.75803789,27.15455991,25.64796974,0,0
19.81000000,27.34148321,25.72101897,27.15298101,25.62875364,0,0
19.82000000,27.31014942,25.72444326,27.14061108,25.65927819,0,0
19.83000000,27.25286507,25.80106099,27.11214515,25.71302976,0,0
19.84000000,27.25187456,25.78431795,27.06092813,25.72532359,0,0
19.85000000,27.29160685,25.76739666,27.08973114,25.68227295,0,0
19.86000000,27.32660018,25.71475229,27.11691322,25.69104608,0,0
19.87000000,27.31715840,25.71387369,26.98910152,25.67053778,0,0
19.88000000,27.29689269,25.71427068,26.98879514,25.65144815,0,0
19.89000000,27.26870031,25.74220766,26.99546776,25.63467646,0,0
19.90000000,27.28156705,25.77044937,26.97392349,25.60441254,0,0
19.91000000,27.26144580,25.73180601,27.02296987,25.58399466,0,0
19.92000000,27.19344085,25.66672148,27.04672364,25.58927112,0,0
19.93000000,27.17815359,25.63731229,27.01273110,25.59288782,0,0
19.94000000,27.20606929,25.65174263,27.00135733,25.61850657,0,0
19.95000000,27.19860360,25.67908702,26.97483313,25.60014635,0,0
19.96000000,27.23826198,25.65763315,26.98099258,25.56062046,0,0
19.97000000,27.23109831,25.65750839,26.95536308,25.61106483,0,0
19.98000000,27.20954230,25.63765710,26.95264918,25.61079357,0,0
19.99000000,27.22859504,25.60357639,26.95684322,25.58993616,0,0
20.00000000,27.15625445,25.62976618,26.98686764,25.53893597,0,0
20.01000000,27.11284554,25.62207707,26.95315719,25.51628906,0,0
20.02000000,27.12978414,25.58163909,26.94809779,25.49965788,0,0
20.03000000,27.18222660,25.60687998,26.94974000,25.49403156,0,0
20.04000000,27.19809143,25.59955400,26.95622402,25.48762874,0,0
20.05000000,27.21311288,25.62052624,26.93056853,25.47331316,0,0
20.06000000,27.10301653,25.59786558,26.90309703,25.45586440,0,0
20.07000000,27.08305113,25.56706550,26.90460366,25.50491081,0,0
20.08000000,27.13076324,25.59724775,26.83921190,25.56665867,0,0
20.09000000,27.14518640,25.60290261,26.92950243,25.53793152,0,0
20.10000000,27.09931616,25.58353852,26.89847781,25.55282237,0,0
20.11000000,27.04802141,25.52189675,26.80298191,25.51314648,0,0
20.12000000,27.04871152,25.54023224,26.85906637,25.47958473,0,0
20.13000000,27.12524269,25.55042147,26.84153670,25.47485452,0,0
20.14000000,27.09507483,25.52722607,26.78966285,25.47673364,0,0
20.15000000,27.04095728,25.51169120,26.82409063,25.41075253,0,0
20.16000000,26.97895293,25.52337980,26.86671683,25.41397716,0,0
20.17000000,27.03756225,25.53566299,26.85921593,25.42388264,0,0
20.18000000,27.08546247,25.51021085,26.81203724,25.44373257,0,0
20.19000000,27.02151241,25.44911732,26.77266808,25.43429462,0,0
20.20000000,27.02070496,25.44302285,26.76977745,25.42288381,0,0
20.21000000,26.99904614,25.49841049,26.79460401,25.36881348,0,0
20.22000000,27.08266731,25.54709348,26.80909032,25.38772553,0,0
20.23000000,27.06418716,25.50982096,26.81490429,25.42222384,0,0
20.24000000,27.03298991,25.42770948,26.80552449,25.32529508,0,0
20.25000000,26.99019374,25.45759532,26.78756158,25.36401979,0,0
20.26000000,27.05566068,25.49666694,26.74666026,25.32188038,0,0
20.27000000,27.07894396,25.50018508,26.77200306,25.33201670,0,0
20.28000000,27.01657033,25.53344287,26.76433054,25.32120486,0,0
20.29000000,27.04762241,25.44005401,26.73490232,25.30238147,0,0
20.30000000,26.93901845,25.43195979,26.70318779,25.36180458,0,0
20.31000000,26.92396868,25.48715687,26.74975742,25.31575885,0,0
20.32000000,26.97081859,25.42957227,26.63333312,25.25742195,0,0
20.33000000,27.01010105,25.38709757,26.85632249,25.33391731,0,0
20.34000000,27.03085753,25.42356474,26.65952597,25.38101339,0,0
20.35000000,26.93627289,25.44217769,26.59649303,25.35526980,0,0
20.36000000,26.90023386,25.41445171,26.66791965,25.39490455,0,0
20.37000000,26.93305581,25.40974961,26.63357400,25.33358037,0,0
20.38000000,26.96463671,25.43534878,26.67649722,25.27981072,0,0
20.39000000,26.95049051,25.38011506,26.73437628,25.31259391,0,0
20.40000000,26.90535623,25.37847477,26.73366913,25.32466793,0,0
20.41000000,26.90103857,25.41016149,26.73723057,25.29530541,0,0
20.42000000,26.92622659,25.37184545,26.71673754,25.29605907,0,0
20.43000000,26.92779383,25.31035219,26.71914906,25.29736407,0,0
20.44000000,26.98068730,25.30406743,26.68661872,25.32357488,0,0
20.45000000,26.96572419,25.42865844,26.66406462,25.29237263,0,0
20.46000000,27.01411027,25.48815698,26.70777289,25.29174764,0,0
20.47000000,26.98031277,25.52211066,26.73514790,25.26413885,0,0
20.48000000,26.89843587,25.42368679,26.70837472,25.30305434,0,0
20.49000000,26.90907802,25.37226046,26.66031670,25.24773723,0,0
20.50000000,27.02986445,25.42226011,26.65761324,25.25800073,0,0
20.51000000,27.00138934,25.37673107,26.67290521,25.23908443,0,0
20.52000000,26.95757081,25.42717639,26.74105164,25.25797714,0,0
20.53000000,26.92574417,25.37803999,26.68746841,25.26684898,0,0
20.54000000,26.96757866,25.40381498,26.70229140,25.22615227,0,0
20.55000000,26.94737985,25.41534191,26.69348724,25.24803781,0,0
20.56000000,27.02407054,25.47257160,26.65044759,25.25870779,0,0
20.57000000,26.96420733,25.44455265,26.75354972,25.22524360,0,0
20.58000000,26.97141448,25.44393584,26.74299408,25.27315774,0,0
20.59000000,26.94575219,25.50008938,26.64176233,25.34097916,0,0
20.60000000,26.99058484,25.49387224,26.71027749,25.32300017,0,0
20.61000000,27.05708920,25.53573824,26.67086773,25.34478063,0,0
20.62000000,27.11611273,25.55271030,26.66762633,25.32958988,0,0
20.63000000,27.12718358,25.59103530,26.72821792,25.26653564,0,0
20.64000000,27.05582987,25.57525598,26.73235597,25.30794960,0,0
20.65000000,27.07748624,25.60436666,26.72648606,25.35091515,0,0
20.66000000,27.08834312,25.59822421,26.77857311,25.33580953,0,0
20.67000000,27.12007681,25.59089212,26.73160672,25.34024963,0,0
20.68000000,27.15194555,25.61962065,26.76882756,25.35844810,0,0
20.69000000,27.10378693,25.63686698,26.74171140,25.38218825,0,0
20.70000000,27.16260960,25.64452567,26.79579886,25.39512497,0,0
20.71000000,27.20672119,25.65520048,26.84589986,25.39263133,0,0
20.72000000,27.17749227,25.68785661,26.86607968,25.42212970,0,0
20.73000000,27.24963107,25.68688790,26.85381464,25.47848995,0,0
20.74000000,27.24030234,25.74306048,26.82648888,25.47473026,0,0
20.75000000,27.26154964,25.75815409,26.89634173,25.44338381,0,0
20.76000000,27.26409435,25.72936918,26.97825280,25.44397782,0,0
20.77000000,27.27401616,25.70543040,27.02015196,25.46804482,0,0
20.78000000,27.27706775,25.78386979,27.06097699,25.53120760,0,0
20.79000000,27.34475337,25.86777837,27.02436523,25.57219827,0,0
20.80000000,27.40241698,25.91254365,27.00917210,25.60153023,0,0
20.81000000,27.40390024,25.91172136,27.09567946,25.60502177,0,0
20.82000000,27.42278986,25.89288623,27.05174503,25.57803348,0,0
20.83000000,27.43265188,25.93631044,27.03295182,25.65742061,0,0
20.84000000,27.49728371,25.99665100,27.08588786,25.74281902,0,0
20.85000000,27.52117152,26.01254423,27.05141746,25.74900845,0,0
20.86000000,27.51162474,25.98690058,27.09750263,25.80513050,0,0
20.87000000,27.53833503,26.01669739,27.22931529,25.80312467,0,0
20.88000000,27.56515498,26.07680391,27.27244241,25.80264047,0,0
20.89000000,27.65125375,26.13679939,27.32815444,25.83528980,0,0
20.90000000,27.66545477,26.15166160,27.34262030,25.85162630,0,0
20.91000000,27.69536853,26.12483825,27.35737039,25.88792283,0,0
20.92000000,27.68667536,26.16254796,27.37545958,25.90599116,0,0
20.93000000,27.69947232,26.15788662,27.41103087,25.96223371,0,0
20.94000000,27.72513064,26.18900730,27.45488793,25.99612338,0,0
20.95000000,27.74633964,26.21538468,27.49403526,25.98015555,0,0
20.96000000,27.86367339,26.27171280,27.52695872,25.99410593,0,0
20.97000000,27.88735959,26.28951141,27.51635747,26.01606952,0,0
20.98000000,27.92611626,26.29729107,27.56818338,26.08443160,0,0
20.99000000,27.95620731,26.32191747,27.62369138,26.09624309,0,0
21.00000000,27.90712818,26.35810835,27.63105864,26.06979769,0,0
21.01000000,27.92847192,26.40237316,27.64497844,26.12219895,0,0
21.02000000,27.98156499,26.43413612,27.68299364,26.13699467,0,0
21.03000000,28.07305299,26.45795234,27.65625760,26.16709768,0,0
21.04000000,28.08276717,26.46475802,27.81824140,26.20146726,0,0
21.05000000,28.10613193,26.51758522,27.76443558,26.23828875,0,0
21.06000000,28.10981876,26.47050605,27.73574732,26.24294220,0,0
21.07000000,28.19341111,26.56429535,27.81526190,26.29627217,0,0
21.08000000,28.17726739,26.61967743,27.82643737,26.38893306,0,0
21.09000000,28.20052919,26.64154473,27.84776035,26.39021368,0,0
21.10000000,28.22176651,26.63180292,27.90989967,26.42384043,0,0
21.11000000,28.28364159,26.63105402,27.94806278,26.44777734,0,0
21.12000000,28.28635697,26.65099203,28.01851389,26.43460334,0,0
21.13000000,28.26671797,26.75003743,28.02541211,26.43645035,0,0
21.14000000,28.31580570,26.79202400,28.04845272,26.45263176,0,0
21.15000000,28.37195669,26.77857310,28.03739718,26.46591734,0,0
21.16000000,28.42253320,26.72448443,28.05179605,26.49926549,0,0
21.17000000,28.38700673,26.78597971,28.12430579,26.50713286,0,0
21.18000000,28.40042446,26.83943424,28.09725127,26.58822202,0,0
21.19000000,28.52784213,26.90213349,28.15648017,26.63922747,0,0
21.20000000,28.58151956,26.92015521,28.13927121,26.58533096,0,0
21.21000000,28.57030681,26.89237746,28.29740900,26.63095943,0,0
21.22000000,28.58335320,26.83282580,28.32869927,26.68155576,0,0
21.23000000,28.54291474,26.90487288,28.36600550,26.73190456,0,0
21.24000000,28.58810476,27.03596147,28.37169927,26.71003024,0,0
21.25000000,28.66775553,27.03672223,28.40781990,26.74973559,0,0
21.26000000,28.67453512,27.07961274,28.35291102,26.77056060,0,0
21.27000000,28.71503775,27.03925406,28.53403959,26.82109498,0,0
21.28000000,28.78495346,27.14213665,28.40475640,26.82789388,0,0
21.29000000,28.72889561,27.15106043,28.39184184,26.86985854,0,0
21.30000000,28.81831298,27.14416251,28.46983838,26.88612427,0,0
21.31000000,28.81032416,27.20137848,28.44976511,26.87896214,0,0
21.32000000,28.89233150,27.26124096,28.53360657,26.97692844,0,0
21.33000000,28.88619490,27.27154839,28.59742820,27.02755971,0,0
21.34000000,28.92224895,27.25975339,28.60866265,27.02333376,0,0
21.35000000,28.86146459,27.31864891,28.61202282,27.06620944,0,0
21.36000000,28.99511779,27.36804828,28.62430363,27.09272144,0,0
21.37000000,29.02379498,27.33062970,28.64080527,27.04054058,0,0
21.38000000,29.05563814,27.41812221,28.64746650,27.12590954,0,0
21.39000000,29.01312712,27.41987788,28.70888966,27.07534431,0,0
21.40000000,28.99956767,27.46489687,28.75906946,27.13956381,0,0
21.41000000,29.11733651,27.45768737,28.79804069,27.16038566,0,0
21.42000000,29.20695684,27.38144598,28.81481203,27.22110878,0,0
21.43000000,29.17632984,27.47338516,28.79798455,27.25441487,0,0
21.44000000,29.18747925,27.50528944,28.87814419,27.25487132,0,0
21.45000000,29.19352017,27.60277573,28.89328200,27.31924645,0,0
21.46000000,29.21998946,27.56741405,28.96643248,27.38743502,0,0
21.47000000,29.31020014,27.60539681,28.99528389,27.35751369,0,0
21.48000000,29.31583031,27.58380634,28.98123009,27.40365351,0,0
21.49000000,29.35455595,27.63341368,29.06155705,27.39151667,0,0
21.50000000,29.37592267,27.74629199,29.07855052,27.40770687,0,0
21.51000000,29.41866010,27.73651940,29.04876625,27.43056843,0,0
21.52000000,29.45624334,27.73299099,29.16743729,27.45530954,0,0
21.53000000,29.48460242,27.73730435,29.13849543,27.50464580,0,0
21.54000000,29.53071149,27.80490901,29.16275119,27.45610234,0,0
21.55000000,29.52435017,27.91404021,29.21785656,27.51379058,0,0
21.56000000,29.51477951,27.89835905,29.25164285,27.56672507,0,0
21.57000000,29.55247279,27.82664443,29.27259672,27.58429358,0,0
21.58000000,29.64202648,27.86155220,29.30138243,27.65509107,0,0
21.59000000,29.69250248,27.97766167,29.30676960,27.66323991,0,0
21.60000000,29.66882893,28.02604586,29.26674256,27.61806277,0,0
21.61000000,29.65999801,27.98264471,29.30477174,27.65438093,0,0
21.62000000,29.71636124,27.97152603,29.37882569,27.68097168,0,0
21.63000000,29.81277711,27.95339718,29.41919152,27.69183450,0,0
21.64000000,29.86410424,28.03550573,29.43766118,27.75848491,0,0
21.65000000,29.85953427,28.10336101,29.46045118,27.78479885,0,0
21.66000000,29.86381364,28.10977452,29.54518899,27.81456016,0,0
21.67000000,29.85818507,28.09611262,29.59421166,27.81330639,0,0
21.68000000,29.91027392,28.09430434,29.64255683,27.87899475,0,0
21.69000000,29.96867393,28.16729099,29.64192246,27.93672567,0,0
21.70000000,29.98805943,28.22765458,29.64403757,27.98624460,0,0
21.71000000,30.00252012,28.25510818,29.70600783,27.98802962,0,0
21.72000000,30.04421698,28.23700418,29.67058064,27.97261390,0,0
21.73000000,30.11784213,28.27121990,29.71823241,28.01578609,0,0
21.74000000,30.13666213,28.31466282,29.74901821,28.04236284,0,0
21.75000000,30.12774372,28.37826424,29.76152097,28.04252672,0,0
21.76000000,30.15719640,28.38748956,29.84421985,28.08643537,0,0
21.77000000,30.21918225,28.39915902,29.90158122,28.08469347,0,0
21.78000000,30.23572781,28.43334608,29.91669508,28.12419160,0,0
21.79000000,30.27268704,28.45038300,29.93033827,28.17153222,0,0
21.80000000,30.30519317,28.46717100,29.95167694,28.21589442,0,0
21.81000000,30.36150642,28.51946963,29.95297046,28.28925087,0,0
21.82000000,30.36093669,28.57669680,30.00345275,28.28179242,0,0
21.83000000,30.32603723,28.59351976,30.04147369,28.25444673,0,0
21.84000000,30.37884057,28.60228562,30.08091496,28.28137380,0,0
21.85000000,30.42167517,28.67949557,30.10317479,28.29062055,0,0
21.86000000,30.49597721,28.67537926,30.11581598,28.32238874,0,0
21.87000000,30.54446167,28.63702253,30.19337206,28.39031362,0,0
21.88000000,30.52836143,28.68020976,30.19941146,28.42640101,0,0
21.89000000,30.53920267,28.75273517,30.22597345,28.42720139,0,0
21.90000000,30.56972970,28.80055678,30.27198605,28.42414422,0,0
21.91000000,30.62905717,28.82019952,30.23129978,28.44976006,0,0
21.92000000,30.70238080,28.82133796,30.32839122,28.47921868,0,0
21.93000000,30.73521743,28.80987791,30.27295813,28.46179460,0,0
21.94000000,30.74232160,28.88620148,30.27062567,28.46582055,0,0
21.95000000,30.72135958,28.91639499,30.38114378,28.52830905,0,0
21.96000000,30.73242952,28.92219321,30.39190865,28.55083741,0,0
21.97000000,30.79567464,28.95048396,30.47402226,28.60973206,0,0
21.98000000,30.81261280,28.91390236,30.54373609,28.67506870,0,0
21.99000000,30.78925846,29.01740106,30.55689229,28.63799687,0,0
22.00000000,30.82274650,29.06193641,30.53698550,28.68650381,0,0
22.01000000,30.90977744,29.04485977,30.58282181,28.80668886,0,0
22.02000000,31.03676316,29.07852167,30.57201194,28.82117130,0,0
22.03000000,30.99691847,29.04899677,30.60974173,28.93228698,0,0
22.04000000,30.91894837,29.16168882,30.66017790,28.91672640,0,0
22.05000000,30.97481810,29.19210295,30.70511424,28.88984006,0,0
22.06000000,31.04709674,29.24800830,30.73462731,28.93284210,0,0
22.07000000,31.12605541,29.27496858,30.72034389,28.92433448,0,0
22.08000000,31.15052325,29.25245182,30.80752375,28.93336418,0,0
22.09000000,31.08818018,29.21746393,30.82020224,28.99113582,0,0
22.10000000,31.19297499,29.32021290,30.84645775,29.06309651,0,0
22.11000000,31.21028860,29.40978895,30.95630892,29.06691770,0,0
22.12000000,31.27224691,29.40738452,30.83600599,29.05081108,0,0
22.13000000,31.29713049,29.40570982,31.01415327,29.07879515,0,0
22.14000000,31.33312462,29.40288373,30.93763451,29.14998398,0,0
22.15000000,31.35118755,29.47907277,30.97312561,29.15605805,0,0
22.16000000,31.33137162,29.52125025,31.07028269,29.14367450,0,0
22.17000000,31.37384697,29.55055040,30.98179566,29.19601513,0,0
22.18000000,31.47334032,29.54627145,31.09480047,29.19850619,0,0
22.19000000,31.44948966,29.63043598,31.10855785,29.23953091,0,0
22.20000000,31.47194203,29.56606070,31.15628653,29.34239919,0,0
22.21000000,31.47455156,29.63886352,31.18354508,29.29484550,0,0
22.22000000,31.53516985,29.76661427,31.18931454,29.36339616,0,0
22.23000000,31.56163946,29.78592010,31.19993174,29.40505801,0,0
22.24000000,31.58663094,29.73798881,31.22580581,29.44928638,0,0
22.25000000,31.65701525,29.78142160,31.28858874,29.52067923,0,0
22.26000000,31.68778560,29.81942574,31.34502415,29.53760772,0,0
22.27000000,31.69225582,29.86506828,31.34463916,29.52478762,0,0
22.28000000,31.71255599,29.86294532,31.34463943,29.52265720,0,0
22.29000000,31.71463057,29.89403680,31.42068810,29.54744104,0,0
22.30000000,31.75297858,29.93486750,31.41139466,29.55755718,0,0
22.31000000,31.81827845,29.94699242,31.48983816,29.63978284,0,0
22.32000000,31.81468645,30.02025149,31.59228666,29.76070846,0,0
22.33000000,31.86432754,30.07561733,31.64882403,29.75355659,0,0
22.34000000,31.90240156,30.04422623,31.67740580,29.76809647,0,0
22.35000000,32.00142365,30.10278640,31.51879338,29.82940421,0,0
22.36000000,32.03551735,30.16401126,31.65756352,29.80139686,0,0
22.37000000,32.02061361,30.14119389,31.63048770,29.82828053,0,0
22.38000000,32.05237654,30.17772462,31.70582738,29.85904815,0,0
22.39000000,31.97677588,30.27068388,31.71970775,29.83734583,0,0
22.40000000,32.02421141,30.31087662,31.75132606,29.89856743,0,0
22.41000000,32.11505644,30.30528484,31.78461069,29.91664133,0,0
22.42000000,32.20062047,30.28573892,31.79470326,29.94614518,0,0
22.43000000,32.17849480,30.34801238,31.79016708,29.93998131,0,0
22.44000000,32.13087312,30.41311915,31.79890471,30.00891516,0,0
22.45000000,32.18751106,30.45069105,31.88949625,30.10207706,0,0
22.46000000,32.28107721,30.46598422,31.90949258,30.11149390,0,0
22.47000000,32.28752583,30.47201593,31.92288839,30.17100320,0,0
22.48000000,32.33743383,30.48843950,31.93321283,30.15645874,0,0
22.49000000,32.31109409,30.51853187,31.98747815,30.21638377,0,0
22.50000000,32.33787089,30.58183673,32.00663627,30.26059315,0,0
22.51000000,32.38565935,30.58853180,32.06481628,30.23611943,0,0
22.52000000,32.42722714,30.57132632,32.10743381,30.32930597,0,0
22.53000000,32.45994585,30.59344110,32.10729139,30.38892233,0,0
22.54000000,32.50234399,30.67836745,32.17664333,30.40009577,0,0
22.55000000,32.51899803,30.72829920,32.10125290,30.41602837,0,0
22.56000000,32.48988741,30.71677062,32.16342317,30.45094418,0,0
22.57000000,32.55232189,30.76302394,32.19343049,30.46251374,0,0
22.58000000,32.58591473,30.76782064,32.22613571,30.48145322,0,0
22.59000000,32.60892274,30.79216458,32.30923837,30.50439565,0,0
22.60000000,32.63316983,30.85088346,32.34186696,30.51713587,0,0
22.61000000,32.65976336,30.95191306,32.34212501,30.55735463,0,0
22.62000000,32.69825692,30.95865025,32.32889127,30.58353315,0,0
22.63000000,32.72752330,30.91207254,32.32463377,30.64678474,0,0
22.64000000,32.73026713,30.96922759,32.40665374,30.67055281,0,0
22.65000000,32.77028764,31.02382430,32.49765398,30.72380212,0,0
22.66000000,32.76820883,31.08456513,32.55964106,30.79479171,0,0
22.67000000,32.79905747,31.14940493,32.57680280,30.85063278,0,0
22.68000000,32.83822549,31.14637133,32.55092265,30.87796311,0,0
22.69000000,32.89588933,31.08131256,32.58638112,30.90557791,0,0
22.70000000,32.94460090,31.12889745,32.58608132,30.94141716,0,0
22.71000000,32.95120555,31.27868180,32.64431075,30.90445091,0,0
22.72000000,32.94363920,31.36847923,32.64941016,30.90197770,0,0
22.73000000,32.99426602,31.35560158,32.72429480,30.93074825,0,0
22.74000000,33.06403053,31.32816366,32.71277809,30.98664449,0,0
22.75000000,33.07565001,31.33543397,32.68933291,31.03405736,0,0
22.76000000,33.06223914,31.33692036,32.73540042,31.09588275,0,0
22.77000000,33.07689632,31.36936595,32.76185797,31.16236117,0,0
22.78000000,33.11106413,31.46948391,32.83281482,31.16220251,0,0
22.79000000,33.15611845,31.52492682,32.90981742,31.16269619,0,0
22.80000000,33.19509412,31.50313046,32.89258590,31.18732791,0,0
22.81000000,33.17102037,31.56597635,32.90692075,31.22469221,0,0
22.82000000,33.19155676,31.60964639,32.92844236,31.27360347,0,0
22.83000000,33.22629830,31.61684970,32.89367682,31.36369875,0,0
22.84000000,33.34298489,31.66151191,32.97494135,31.35568943,0,0
22.85000000,33.31963249,31.68398075,32.99786098,31.38508556,0,0
22.86000000,33.27928755,31.71189943,33.00873604,31.48206670,0,0
22.87000000,33.33122227,31.78660576,33.02513171,31.54390604,0,0
22.88000000,33.30997101,31.87840359,33.09570732,31.59154100,0,0
22.89000000,33.39791871,31.91199544,33.10203688,31.56795924,0,0
22.90000000,33.42596805,31.86112790,33.12974756,31.58175201,0,0
22.91000000,33.44738403,31.85318946,33.15703367,31.59712162,0,0
22.92000000,33.45560946,31.93841066,33.20060388,31.61139743,0,0
22.93000000,33.50696471,32.03198926,33.23023053,31.68033800,0,0
22.94000000,33.47223607,32.04626153,33.09974528,31.76614640,0,0
22.95000000,33.49028533,32.04713225,33.24768814,31.80631059,0,0
22.96000000,33.50813269,32.08666966,33.19304144,31.81260507,0,0
22.97000000,33.55396028,32.12390154,33.28378959,31.83726587,0,0
22.98000000,33.59199353,32.13122213,33.32791671,31.88544547,0,0
22.99000000,33.59850089,32.22449062,33.40063487,31.85868620,0,0
23.00000000,33.63528076,32.26213847,33.38120224,31.90092732,0,0
23.01000000,33.64335568,32.28552432,33.45593284,32.01813527,0,0
23.02000000,33.58665401,32.34500418,33.39304886,32.06280275,0,0
23.03000000,33.61416709,32.29360747,33.45723994,32.16669394,0,0
23.04000000,33.72636101,32.43853773,33.47238311,32.19091612,0,0
23.05000000,33.69242773,32.51486995,33.49654359,32.14791010,0,0
23.06000000,33.81350174,32.50517777,33.51137389,32.26439187,0,0
23.07000000,33.68554675,32.55455105,33.54743666,32.29373085,0,0
23.08000000,33.75333859,32.59688467,33.54371107,32.38507591,0,0
23.09000000,33.73393561,32.63958488,33.53099517,32.39595640,0,0
23.10000000,33.79189598,32.63600797,33.55664940,32.41984846,0,0
23.11000000,33.86526925,32.72051177,33.63917605,32.45044622,0,0
23.12000000,33.80167114,32.75254941,33.70031272,32.39472140,0,0
23.13000000,33.85468705,32.83839325,33.57309682,32.50684958,0,0
23.14000000,33.76861467,32.85936422,33.59200391,32.57168500,0,0
23.15000000,33.88496672,32.88380523,33.58550926,32.63422282,0,0
23.16000000,33.96717745,32.90594607,33.60670390,32.68511752,0,0
23.17000000,33.92221670,32.96201543,33.66858041,32.74829706,0,0
23.18000000,33.87082757,32.99133655,33.71683394,32.80615812,0,0
23.19000000,33.85779220,33.12342028,33.71346718,32.83477765,0,0
23.20000000,33.91312417,33.12848083,33.74381083,32.85636369,0,0
23.21000000,33.96673318,33.18380552,33.75103875,32.94944093,0,0
23.22000000,34.01174651,33.18020361,33.70197823,32.98738960,0,0
23.23000000,34.04690526,33.20595396,33.78341004,33.09037093,0,0
23.24000000,33.99646924,33.32951581,33.79648338,33.07299477,0,0
23.25000000,34.02145979,33.35427027,33.81809005,33.10717462,0,0
23.26000000,33.98720620,33.36719265,33.84194380,33.21109359,0,0
23.27000000,34.10505560,33.40904049,33.89099615,33.22891126,0,0
23.28000000,34.08143784,33.47052183,33.88400102,33.31821147,0,0
23.29000000,34.10708116,33.52173802,33.94815070,33.27342708,0,0
23.30000000,34.15800955,33.51695515,33.94866932,33.34298164,0,0
23.31000000,34.11302696,33.58762146,33.99467096,33.35555562,0,0
23.32000000,34.11974907,33.59257846,33.87421966,33.37722031,0,0
23.33000000,34.13445916,33.67708474,33.93046241,33.46840385,0,0
23.34000000,34.17751617,33.70971947,33.94419104,33.53365068,0,0
23.35000000,34.18958229,33.71029237,33.96191957,33.53255518,0,0
23.36000000,34.21989705,33.75713376,34.01663318,33.59465842,0,0
23.37000000,34.28549969,33.77841175,34.03411758,33.63716060,0,0
23.38000000,34.34420110,33.87908884,34.05985484,33.61567797,0,0
23.39000000,34.28259315,33.89022695,34.04519685,33.69900601,0,0
23.40000000,34.23946165,33.90855785,34.02488331,33.72268712,0,0
23.41000000,34.34180133,33.94274552,34.08617068,33.78609963,0,0
23.42000000,34.40326412,34.00338073,34.13649879,33.81532574,0,0
23.43000000,34.40254600,34.05095097,34.17556982,33.83458481,0,0
23.44000000,34.39967263,34.02043986,34.24847512,33.86933833,0,0
23.45000000,34.42551861,34.05393038,34.25469474,33.96909150,0,0
23.46000000,34.51907472,34.13380130,34.22403316,34.01315610,0,0
23.47000000,34.51239575,34.25057536,34.24211758,34.04409076,0,0
23.48000000,34.47777574,34.23743503,34.29387912,34.05077713,0,0
23.49000000,34.53094197,34.19735170,34.33785822,34.08892073,0,0
23.50000000,34.56857678,34.22741726,34.32558456,34.12832434,0,0
23.51000000,34.61660628,34.23259939,34.28018119,34.16899528,0,0
23.52000000,34.65493586,34.28767170,34.33684541,34.23769336,0,0
23.53000000,34.63672610,34.36988414,34.33955755,34.28683725,0,0
23.54000000,34.64094807,34.41219449,34.41978471,34.30966086,0,0
23.55000000,34.72130237,34.44714382,34.52334663,34.37066371,0,0
23.56000000,34.77892634,34.44365906,34.57022385,34.40046924,0,0
23.57000000,34.76225148,34.48949276,34.59580104,34.39939457,0,0
23.58000000,34.76031895,34.53797633,34.59316765,34.43043902,0,0
23.59000000,34.82516488,34.58941240,34.57835992,34.44270107,0,0
23.60000000,34.87254298,34.62871937,34.59436412,34.46931547,0,0
23.61000000,34.88561079,34.67759180,34.63811227,34.51619174,0,0
23.62000000,34.87256256,34.70362721,34.63114651,34.51740295,0,0
23.63000000,34.86810256,34.72782366,34.67443293,34.58288103,0,0
23.64000000,34.89576311,34.78067688,34.70713695,34.65177038,0,0
23.65000000,34.93169813,34.82641723,34.69601376,34.68877956,0,0
23.66000000,34.94022495,34.86121634,34.72509097,34.69393024,0,0
23.67000000,34.98723517,34.86428168,34.75622583,34.73125088,0,0
23.68000000,35.05518373,34.95851265,34.78568647,34.76647555,0,0
23.69000000,35.04901349,35.02055179,34.71024470,34.78963585,0,0
23.70000000,35.01246214,35.04742226,34.76003843,34.84214513,0,0
23.71000000,35.06570581,35.05979663,34.77445046,34.87642873,0,0
23.72000000,35.07029395,35.07727348,34.85731387,34.93514427,0,0
23.73000000,35.15619081,35.07653879,34.91961779,34.97838821,0,0
23.74000000,35.17918839,35.10819414,34.94586996,35.02259508,0,0
23.75000000,35.20606425,35.15926417,34.91635719,35.06148104,0,0
23.76000000,35.15306018,35.19732978,34.93101711,35.04068585,0,0
23.77000000,35.24344568,35.24922063,34.94138941,35.07297647,0,0
23.78000000,35.27048118,35.26230536,34.96412960,35.11155483,0,0
23.79000000,35.34270761,35.30251038,35.03059118,35.12438084,0,0
23.80000000,35.29449339,35.31885815,35.04195777,35.14114102,0,0
23.81000000,35.30101017,35.35604530,35.07070517,35.20014751,0,0
23.82000000,35.37670662,35.38175537,35.11855512,35.26207142,0,0
23.83000000,35.37364081,35.44622232,35.10730348,35.33541146,0,0
23.84000000,35.41345299,35.46361147,35.17181516,35.36485567,0,0
23.85000000,35.40199440,35.46318452,35.18528251,35.35084259,0,0
23.86000000,35.47835066,35.53670037,35.30637309,35.39321659,0,0
23.87000000,35.46498665,35.55489591,35.24157565,35.40360225,0,0
23.88000000,35.48960750,35.61326268,35.25360059,35.48244994,0,0
23.89000000,35.55230452,35.60023819,35.26104748,35.50986691,0,0
23.90000000,35.62378567,35.66935649,35.28714744,35.54669798,0,0
23.91000000,35.61273221,35.66609039,35.34879119,35.56321595,0,0
23.92000000,35.63594452,35.63683724,35.39219935,35.57908171,0,0
23.93000000,35.68523021,35.71806825,35.44879522,35.60548722,0,0
23.94000000,35.76153369,35.71898560,35.44827511,35.60842223,0,0
23.95000000,35.71762210,35.76370823,35.44525440,35.68124447,0,0
23.96000000,35.84013175,35.80681867,35.48459824,35.74718621,0,0
23.97000000,35.80096030,35.88212063,35.48467712,35.79401912,0,0
23.98000000,35.89068350,35.88658943,35.56216349,35.79331153,0,0
23.99000000,35.87431318,35.83298045,35.57467844,35.82405526,0,0
24.00000000,35.93449087,35.86496388,35.59596474,35.87552937,0,0
24.01000000,35.93170551,35.93385517,35.60198073,35.91791020,0,0
24.02000000,35.96337393,36.01877057,35.66830873,35.86780592,0,0
24.03000000,36.02981601,35.98320682,35.64731067,35.88415161,0,0
24.04000000,36.06045821,35.98658038,35.87247351,35.92895929,0,0
24.05000000,36.06555314,36.04736902,35.67525151,35.93461603,0,0
24.06000000,36.07155086,36.12765390,35.75872956,36.01907812,0,0
24.07000000,36.10808907,36.16658574,35.77203450,36.01909715,0,0
24.08000000,36.13328696,36.12588482,35.83173827,36.08944716,0,0
24.09000000,36.19471168,36.16324681,35.96336994,36.04658513,0,0
24.10000000,36.23107259,36.13529655,36.01681607,36.13028464,0,0
24.11000000,36.27614248,36.24561099,36.07175779,36.13433931,0,0
24.12000000,36.26515487,36.28342740,35.96672363,36.13264725,0,0
24.13000000,36.32337000,36.28507798,36.00114487,36.18901654,0,0
24.14000000,36.38307006,36.27989664,36.01714069,36.20229170,0,0
24.15000000,36.38352098,36.34208144,36.05961736,36.27322998,0,0
24.16000000,36.42001427,36.34837025,36.07403027,36.24737459,0,0
24.17000000,36.38799460,36.35866557,36.06855884,36.32280155,0,0
24.18000000,36.47590217,36.42250209,36.09168843,36.34696214,0,0
24.19000000,36.47132731,36.50577650,36.15745441,36.34129486,0,0
24.20000000,36.55486459,36.52912748,36.20553039,36.35395186,0,0
24.21000000,36.53405656,36.49346474,36.28405375,36.37660458,0,0
24.22000000,36.52241625,36.49768304,36.30506448,36.40929157,0,0
24.23000000,36.58915332,36.53673525,36.24838387,36.45044684,0,0
24.24000000,36.64154195,36.58392241,36.33411820,36.51246194,0,0
24.25000000,36.65847206,36.62866279,36.31900142,36.53471344,0,0
24.26000000,36.65774231,36.66278712,36.34204192,36.55258005,0,0
24.27000000,36.71649666,36.66191098,36.44994585,36.58511077,0,0
24.28000000,36.77531612,36.68528338,36.48835702,36.57778249,0,0
24.29000000,36.78627689,36.71946321,36.54657270,36.59400360,0,0
24.30000000,36.78680144,36.71252931,36.57082135,36.58528065,0,0
24.31000000,36.88004421,36.74630445,36.53583539,36.63983444,0,0
24.32000000,36.92377058,36.81236048,36.59095240,36.65008302,0,0
24.33000000,36.92765882,36.86254238,36.60731228,36.68992195,0,0
24.34000000,36.94865946,36.83430774,36.69683005,36.71590270,0,0
24.35000000,36.96897434,36.84969496,36.76173326,36.80447604,0,0
24.36000000,37.03572865,36.90530494,36.78612327,36.83943129,0,0
24.37000000,37.04249688,36.97113524,36.78096981,36.85773718,0,0
24.38000000,37.10363741,36.94396863,36.78994304,36.86196921,0,0
24.39000000,37.13284034,36.96295794,36.85504297,36.89471098,0,0
24.40000000,37.13482091,37.00202513,36.85085954,36.87242631,0,0
24.41000000,37.14699640,37.06015262,36.87561649,36.91387067,0,0
24.42000000,37.18616135,37.13560145,36.91146338,36.94630367,0,0
24.43000000,37.22812031,37.15472166,36.89596497,36.94126705,0,0
24.44000000,37.27102789,37.10677765,36.99226196,36.98226939,0,0
24.45000000,37.30105929,37.09642637,37.06398742,37.04250936,0,0
24.46000000,37.28615847,37.18646210,37.07216659,37.04576300,0,0
24.47000000,37.32886737,37.23787108,37.08452235,37.05855307,0,0
24.48000000,37.45143150,37.26944290,37.06202113,37.06337273,0,0
24.49000000,37.47372694,37.26849985,37.12840603,37.08524129,0,0
24.50000000,37.43589250,37.29596632,37.16860636,37.11670130,0,0
24.51000000,37.44383140,37.31109541,37.18575660,37.13914884,0,0
24.52000000,37.50514382,37.34878274,37.23230277,37.21995241,0,0
24.53000000,37.55125538,37.39624894,37.27902826,37.28653459,0,0
24.54000000,37.55117460,37.41561808,37.26755746,37.29060256,0,0
24.55000000,37.58875458,37.39201636,37.26475771,37.29764576,0,0
24.56000000,37.60736716,37.40232318,37.36293288,37.31812545,0,0
24.57000000,37.63611179,37.45863403,37.35167438,37.32488920,0,0
24.58000000,37.63825608,37.49753459,37.30704769,37.37043779,0,0
24.59000000,37.68960761,37.55297972,37.35931329,37.41748571,0,0
24.60000000,37.74425620,37.59378215,37.38821423,37.46159561,0,0
24.61000000,37.74538311,37.58182870,37.48291302,37.46753079,0,0
24.62000000,37.79175651,37.59333118,37.52920811,37.50447873,0,0
24.63000000,37.78903595,37.62717940,37.56215913,37.49761083,0,0
24.64000000,37.82267023,37.68774728,37.61635101,37.52137788,0,0
24.65000000,37.94499837,37.66762503,37.59080532,37.55204392,0,0
24.66000000,37.90694209,37.67243209,37.59101636,37.57386481,0,0
24.67000000,37.93247012,37.73874823,37.63274595,37.61615381,0,0
24.68000000,37.92996655,37.76331918,37.68535262,37.61169235,0,0
24.69000000,37.97820892,37.77603926,37.71863461,37.68760783,0,0
24.70000000,37.99341271,37.80087006,37.76248710,37.70980478,0,0
24.71000000,37.98589957,37.78946658,37.75617918,37.74246790,0,0
24.72000000,38.03826656,37.80485340,37.77048240,37.73967957,0,0
24.73000000,38.05808770,37.81813760,37.89095875,37.78752515,0,0
24.74000000,38.10869571,37.82332081,37.89223145,37.74998116,0,0
24.75000000,38.02952377,37.85330761,37.85344959,37.79380647,0,0
24.76000000,38.10775576,37.86817738,37.86946989,37.86632393,0,0
24.77000000,38.12292602,37.94594302,37.88935385,37.88418911,0,0
24.78000000,38.17044746,37.93439178,37.95522608,37.88615269,0,0
24.79000000,38.15505313,37.94482286,37.98141301,37.90289337,0,0
24.80000000,38.09050440,37.93867591,38.00120500,37.90126349,0,0
24.81000000,38.04956465,37.85302709,38.01477351,37.89371669,0,0
24.82000000,38.17025949,37.88988962,37.94702210,37.88766129,0,0
24.83000000,38.16982625,37.86663264,37.97451795,37.91548002,0,0
24.84000000,38.17596540,37.93081351,37.97437229,37.89605232,0,0
24.85000000,38.15658399,37.96817305,38.01804632,37.93451773,0,0
24.86000000,38.16758296,37.95983973,38.01299473,38.00584772,0,0
24.87000000,38.14237861,37.96805675,38.04449458,38.03317406,0,0
24.88000000,38.12483650,37.94590998,38.04625796,38.06051048,0,0
24.89000000,38.11384162,37.89255099,37.98894012,37.98033813,0,0
24.90000000,38.15755050,37.90835101,38.15256222,38.01966801,0,0
24.91000000,38.10950069,37.88943779,38.02023206,37.98573032,0,0
24.92000000,38.10813632,37.90526434,37.94391757,37.95944011,0,0
24.93000000,38.13522591,37.94517022,37.99814594,38.02256492,0,0
24.94000000,38.13555449,37.98055690,37.93577362,38.00926986,0,0
24.95000000,38.18804594,37.96168608,38.05320320,38.03705692,0,0
24.96000000,38.22215579,37.94099340,37.95125302,38.05556653,0,0
24.97000000,38.06803350,37.87809847,38.03519874,37.98790880,0,0
24.98000000,38.09551728,37.88336205,38.00096323,38.00118008,0,0
24.99000000,38.18334299,37.92255310,37.93866682,37.96064652,0,0
25.00000000,38.11339267,37.97093314,37.93411747,37.91250276,0,0
25.01000000,38.14696401,37.97179341,37.89500653,37.91934285,0,0
25.02000000,38.07858271,37.90378117,37.95519133,37.91690208,0,0
25.03000000,38.15897329,37.93384778,37.98948743,37.99766006,0,0
25.04000000,38.04818011,37.94154466,37.99709716,37.97661104,0,0
25.05000000,38.06535900,37.93546209,37.93465259,38.01163115,0,0
25.06000000,38.10968501,37.89490226,37.86500530,37.91461971,0,0
25.07000000,38.12005769,37.96657825,37.94611916,37.91228241,0,0
25.08000000,38.08468020,37.95609366,37.86053408,37.88044399,0,0
25.09000000,38.07544298,37.96242533,37.79590697,37.89867272,0,0
25.10000000,38.04032508,37.92174242,37.85636821,37.92658199,0,0
25.11000000,38.09467003,37.86023425,37.82740890,37.91861191,0,0
25.12000000,38.12482303,37.82980868,37.92204689,37.96868255,0,0
25.13000000,38.09142400,37.80565147,37.91072881,37.94563040,0,0
25.14000000,37.98534435,37.87272086,37.87425042,37.93720524,0,0
25.15000000,38.02205372,37.92133549,37.85726939,37.88356560,0,0
25.16000000,38.08394695,37.88174899,37.79760945,37.88127407,0,0
25.17000000,38.11766757,37.85411657,37.81997790,37.88489591,0,0
25.18000000,38.10743307,37.91899136,37.79650218,37.90570589,0,0
25.19000000,38.16486875,37.97898146,37.81827081,37.95008493,0,0
25.20000000,38.18987075,38.09171939,37.84080294,37.97339946,0,0
25.21000000,38.09910816,38.06323468,37.87680266,37.95203275,0,0
25.22000000,38.05379311,37.94776546,37.85616318,37.91865733,0,0
25.23000000,38.02015862,37.82984088,37.88798931,37.89277851,0,0
25.24000000,38.03245882,37.88186353,37.89231378,37.90187475,0,0
25.25000000,38.03793507,37.93209986,37.79828091,37.87115113,0,0
25.26000000,38.02837001,37.92649270,37.77748255,37.89364302,0,0
25.27000000,38.07016733,37.89786441,37.81398051,37.88333793,0,0
25.28000000,38.12849345,37.85466667,37.82162603,37.88658010,0,0
25.29000000,38.14033422,37.85943795,37.88103899,37.90706930,0,0
25.30000000,38.05497958,37.89321346,37.85908616,37.87289355,0,0
25.31000000,37.97462306,37.88043061,37.84243873,37.85073850,0,0
25.32000000,38.02998183,37.89576508,37.83415908,37.90862042,0,0
25.33000000,38.06605578,37.90804068,37.80618685,37.95932077,0,0
25.34000000,38.05079976,37.90849585,37.82761288,37.97945404,0,0
25.35000000,38.04471921,37.89242725,37.79253554,37.98158282,0,0
25.36000000,38.02625367,37.88300546,37.82054218,37.97006001,0,0
25.37000000,38.08573970,37.92032195,37.84093680,38.00510303,0,0
25.38000000,38.06815013,37.93479271,37.81887968,37.98631707,0,0
25.39000000,38.05699916,37.91321821,37.78538720,37.89903570,0,0
25.40000000,38.02355822,37.90152481,37.79732779,37.91881774,0,0
25.41000000,38.01305433,37.92133263,37.81548086,37.90701688,0,0
25.42000000,38.00749497,37.92281702,37.78564380,37.89510903,0,0
25.43000000,38.00767769,37.88306382,37.77200667,37.96623392,0,0
25.44000000,38.05975925,37.86805799,37.78007996,37.96489097,0,0
25.45000000,38.05933351,37.86143330,37.79192267,37.92367238,0,0
25.46000000,38.02351741,37.87078060,37.82818234,37.91692450,0,0
25.47000000,37.98326537,37.88487694,37.82716785,37.88550121,0,0
25.48000000,37.98393884,37.87670983,37.78849853,37.85843562,0,0
25.49000000,38.04859457,37.86804854,37.71274618,37.87444531,0,0
25.50000000,38.03920397,37.83374659,37.68371852,37.87740370,0,0
25.51000000,37.98920631,37.84557222,37.69405338,37.86171522,0,0
25.52000000,37.98131065,37.84103424,37.74316910,37.84598925,0,0
25.53000000,37.99863166,37.83410892,37.81418643,37.88265975,0,0
25.54000000,37.95050923,37.86725161,37.82653481,37.86583448,0,0
25.55000000,37.95094216,37.88130802,37.81277998,37.85854509,0,0
25.56000000,37.95676225,37.85301537,37.79637790,37.80257896,0,0
25.57000000,37.98316521,37.84067961,37.82329791,37.83199839,0,0
25.58000000,37.99464348,37.84158374,37.78808569,37.83510053,0,0
25.59000000,38.00591468,37.84468462,37.69694224,37.86369663,0,0
25.60000000,37.97787036,37.86045883,37.72506959,37.86844753,0,0
25.61000000,37.99573723,37.83942953,37.70927234,37.85940377,0,0
25.62000000,37.97029834,37.80259015,37.73988096,37.85108990,0,0
25.63000000,37.99280282,37.78926753,37.80706790,37.82292677,0,0
25.64000000,37.98407893,37.84867013,37.79401008,37.80704345,0,0
25.65000000,37.96518702,37.86396449,37.77640064,37.82831004,0,0
25.66000000,38.01295437,37.79945865,37.70870981,37.82054380,0,0
25.67000000,37.96984201,37.76901053,37.74012952,37.86703605,0,0
25.68000000,38.02317821,37.82937572,37.74390933,37.86803171,0,0
25.69000000,38.00998710,37.86048122,37.76866697,37.84291358,0,0
25.70000000,38.06651448,37.77948816,37.79861093,37.90530593,0,0
25.71000000,37.94053825,37.83049782,37.78429097,37.89859305,0,0
25.72000000,37.96369429,37.80420977,37.79093764,37.89326709,0,0
25.73000000,38.00244401,37.83597630,37.79737436,37.83941570,0,0
25.74000000,38.02624697,37.78776502,37.81914396,37.86390685,0,0
25.75000000,37.94979161,37.80774454,37.83486550,37.80523697,0,0
25.76000000,37.97994462,37.79105579,37.69637609,37.77774820,0,0
25.77000000,38.00487855,37.88941148,37.77045284,37.82681217,0,0
25.78000000,38.04657475,37.82465347,37.71952245,37.78309325,0,0
25.79000000,37.93693214,37.82243000,37.73990761,37.80870120,0,0
25.80000000,37.98671630,37.74938862,37.74744313,37.81025668,0,0
25.81000000,37.97980020,37.78660304,37.74853393,37.78648569,0,0
25.82000000,37.98234409,37.84477697,37.74403180,37.77309272,0,0
25.83000000,38.00592928,37.76886623,37.64875097,37.77413305,0,0
25.84000000,37.93765864,37.77431586,37.70044131,37.76901188,0,0
25.85000000,38.00845943,37.77817860,37.70006971,37.80937070,0,0
25.86000000,37.96311426,37.81155631,37.73429112,37.75579863,0,0
25.87000000,38.05036172,37.80501755,37.74590231,37.82433010,0,0
25.88000000,37.88234018,37.81014698,37.70445835,37.81950802,0,0
25.89000000,37.95815967,37.82741306,37.70888079,37.82310446,0,0
25.90000000,37.97639580,37.75168079,37.69699336,37.76133272,0,0
25.91000000,37.98313379,37.79276611,37.72107279,37.79322258,0,0
25.92000000,37.93125239,37.72922559,37.73676057,37.78021870,0,0
25.93000000,37.90430332,37.79619461,37.61762719,37.73945132,0,0
25.94000000,37.96060071,37.77450775,37.76765723,37.84693586,0,0
25.95000000,37.98922081,37.77883864,37.68098024,37.74111876,0,0
25.96000000,38.00514401,37.75963840,37.71878921,37.80784596,0,0
25.97000000,37.91149106,37.68488090,37.78167845,37.79351125,0,0
25.98000000,37.90466881,37.76459819,37.76949002,37.74988945,0,0
25.99000000,37.94935685,37.75967413,37.80159367,37.74704966,0,0
26.00000000,38.04738734,37.72616508,37.69770692,37.73056065,0,0
26.01000000,37.97348235,37.65358317,37.73527040,37.70536358,0,0
26.02000000,38.02561151,37.71716250,37.73788508,37.76019241,0,0
26.03000000,37.91753768,37.70251538,37.76816507,37.71063385,0,0
26.04000000,38.02065039,37.74414497,37.80356425,37.77133505,0,0
26.05000000,37.95495590,37.72503781,37.79047383,37.77197534,0,0
26.06000000,38.06311879,37.71558289,37.82410228,37.73780724,0,0
26.07000000,38.04322247,37.59660410,37.74699129,37.69826449,0,0
26.08000000,38.05061877,37.59147116,37.78083661,37.69217897,0,0
26.09000000,37.96884704,37.65686604,37.78689014,37.65610034,0,0
26.10000000,37.95256062,37.69442371,37.71963932,37.65674135,0,0
26.11000000,38.04711927,37.73627438,37.78521934,37.67734015,0,0
26.12000000,38.11526619,37.69444846,37.75764160,37.66253167,0,0
26.13000000,38.09437964,37.59833722,37.77338880,37.65906731,0,0
26.14000000,38.05626313,37.55606513,37.80240389,37.67528278,0,0
26.15000000,38.03672741,37.60347768,37.81439131,37.63167659,0,0
26.16000000,38.12016136,37.62612397,37.80367394,37.63999558,0,0
26.17000000,38.10919907,37.62311032,37.79211612,37.59353622,0,0
26.18000000,38.02665862,37.62478910,37.77906255,37.59007964,0,0
26.19000000,38.05582608,37.64883695,37.80033297,37.59599383,0,0
26.20000000,38.10032312,37.60895069,37.79769794,37.57679837,0,0
26.21000000,38.11519654,37.61266991,37.84728745,37.65656730,0,0
26.22000000,38.00846613,37.62754362,37.83908273,37.64950271,0,0
26.23000000,38.02937730,37.63075255,37.83970145,37.65265911,0,0
26.24000000,38.10900596,37.63812311,37.82646429,37.63838785,0,0
26.25000000,38.13794059,37.65755640,37.85586312,37.62535430,0,0
26.26000000,38.10545983,37.63692023,37.80449505,37.58335510,0,0
26.27000000,38.02993933,37.64466186,37.76508941,37.61671806,0,0
26.28000000,38.06092616,37.70820405,37.80836325,37.66210798,0,0
26.29000000,38.13188023,37.71351703,37.80592233,37.66776266,0,0
26.30000000,38.15049268,37.66681817,37.85630214,37.68616811,0,0
26.31000000,38.09951775,37.67913136,37.91948175,37.65163654,0,0
26.32000000,38.07628693,37.72388428,37.90663188,37.59779876,0,0
26.33000000,38.14428270,37.77458204,37.90387629,37.60492385,0,0
26.34000000,38.16968452,37.77748566,37.85591434,37.59885991,0,0
26.35000000,38.12236568,37.77786033,37.81482542,37.61561352,0,0
26.36000000,38.14274547,37.79699943,37.82709677,37.62365745,0,0
26.37000000,38.18682285,37.79675681,37.85303046,37.66144607,0,0
26.38000000,38.19184498,37.82559836,37.88588981,37.72584004,0,0
26.39000000,38.19835646,37.84144433,37.92217031,37.75886874,0,0
26.40000000,38.19520103,37.84595459,37.92656584,37.71847893,0,0
26.41000000,38.21836273,37.82159380,37.94472334,37.70511095,0,0
26.42000000,38.19744970,37.90396300,37.98101973,37.73165171,0,0
26.43000000,38.19859763,37.92809801,37.88978029,37.74435939,0,0
26.44000000,38.22288619,37.92687018,37.93108143,37.79727100,0,0
26.45000000,38.25410716,37.95190877,37.99476276,37.83740727,0,0
26.46000000,38.33316030,37.97801380,38.01436391,37.81760579,0,0
26.47000000,38.29503689,37.97814136,38.02051013,37.87358413,0,0
26.48000000,38.25921177,37.99437263,38.07164076,37.88482086,0,0
26.49000000,38.24805764,38.01968052,38.08841703,37.87711999,0,0
26.50000000,38.33206380,38.07597312,38.07100818,37.92196811,0,0
26.51000000,38.32371378,38.11976810,38.03649258,37.91516130,0,0
26.52000000,38.40004840,38.15709133,37.99261785,37.95343883,0,0
26.53000000,38.30317986,38.12371497,38.01550673,37.94270557,0,0
26.54000000,38.33859781,38.11884533,38.07515450,37.97895285,0,0
26.55000000,38.33326027,38.14818171,38.11470586,38.03813297,0,0
26.56000000,38.40472916,38.28974149,38.15863784,38.07524113,0,0
26.57000000,38.42855875,38.28385490,38.10589807,38.06925687,0,0
26.58000000,38.42648084,38.28641449,38.12603719,38.09065371,0,0
26.59000000,38.42461006,38.29088951,38.18364869,38.10299080,0,0
26.60000000,38.40798582,38.33847999,38.07336403,38.14135445,0,0
26.61000000,38.45876877,38.35569526,38.15137768,38.18533756,0,0
26.62000000,38.52008548,38.41309910,38.16486290,38.22789658,0,0
26.63000000,38.54441074,38.44739457,38.17859412,38.28788374,0,0
26.64000000,38.50956332,38.43289131,38.30125063,38.31038468,0,0
26.65000000,38.47406465,38.49146860,38.27873141,38.35812996,0,0
26.66000000,38.54372928,38.48659701,38.36057645,38.33964283,0,0
26.67000000,38.58494560,38.50016219,38.27376222,38.39290968,0,0
26.68000000,38.61137385,38.53344253,38.26127719,38.43981468,0,0
26.69000000,38.54900508,38.60338614,38.30518230,38.43350552,0,0
26.70000000,38.67279360,38.61667747,38.28559290,38.47483212,0,0
26.71000000,38.68364080,38.60660787,38.39170143,38.54721685,0,0
26.72000000,38.72271387,38.68586727,38.42170159,38.56643330,0,0
26.73000000,38.82654995,38.70494677,38.44918175,38.58326650,0,0
26.74000000,38.65494030,38.71556425,38.43580274,38.57250681,0,0
26.75000000,38.78638250,38.74990946,38.52946447,38.63414598,0,0
26.76000000,38.76826865,38.78800143,38.51844720,38.63932526,0,0
26.77000000,38.94118500,38.83781705,38.43892737,38.65777270,0,0
26.78000000,38.88867802,38.86972758,38.48512133,38.68159359,0,0
26.79000000,38.96513482,38.92723390,38.46553702,38.70027116,0,0
26.80000000,38.85830896,38.85010508,38.55574139,38.71388150,0,0
26.81000000,38.89449309,38.85860347,38.67241869,38.80073153,0,0
26.82000000,38.90377256,38.91757475,38.67018305,38.83567532,0,0
26.83000000,39.06475501,38.92174225,38.67660062,38.84325168,0,0
26.84000000,39.00964778,39.03317471,38.63666441,38.83979194,0,0
26.85000000,38.97365910,39.01544159,38.64706758,38.86450979,0,0
26.86000000,39.07159039,39.05233809,38.69226032,38.84276137,0,0
26.87000000,39.18973160,38.98079730,38.78982799,38.86322109,0,0
26.88000000,39.14326393,39.06024749,38.87978437,38.98395193,0,0
26.89000000,39.15384133,39.16254668,38.87731810,39.01989984,0,0
26.90000000,39.13757065,39.21833242,38.91805843,39.04435150,0,0
26.91000000,39.20054408,39.18502378,38.91583882,39.03596819,0,0
26.92000000,39.26532407,39.25527207,38.97012775,39.08002555,0,0
26.93000000,39.36734301,39.28561812,38.90827363,39.02742745,0,0
26.94000000,39.34825773,39.36872120,38.80572354,39.13263901,0,0
26.95000000,39.38369390,39.35897060,38.96123958,39.17355404,0,0
26.96000000,39.43459366,39.38196346,38.99925926,39.21165873,0,0
26.97000000,39.39809326,39.34183105,39.12806495,39.29799849,0,0
26.98000000,39.40912303,39.43926934,39.14307833,39.26524482,0,0
26.99000000,39.47254020,39.47982956,39.11969421,39.31100731,0,0
27.00000000,39.51719525,39.50885161,39.15138914,39.34047756,0,0
27.01000000,39.53298083,39.52511883,39.15622896,39.37903124,0,0
27.02000000,39.60351987,39.56598182,39.24976948,39.42597118,0,0
27.03000000,39.62647475,39.58211848,39.24744963,39.42655767,0,0
27.04000000,39.57846165,39.63955230,39.31099173,39.50396754,0,0
27.05000000,39.59228286,39.72543321,39.33741776,39.52902174,0,0
27.06000000,39.72309163,39.73803656,39.35932032,39.56923252,0,0
27.07000000,39.82865968,39.74929993,39.34693089,39.56048022,0,0
27.08000000,39.83115537,39.78944975,39.35446754,39.60351030,0,0
27.09000000,39.81113115,39.89907292,39.33643439,39.62239665,0,0
27.10000000,39.88690011,39.98207395,39.35807999,39.66173166,0,0
27.11000000,39.96026102,39.99802999,39.49688850,39.71544868,0,0
27.12000000,40.01055419,39.97598163,39.55831905,39.75224550,0,0
27.13000000,40.02305159,39.93518190,39.68059905,39.80718424,0,0
27.14000000,39.95657870,39.96089214,39.72874504,39.85537377,0,0
27.15000000,39.97747327,40.00509285,39.75689547,39.86963410,0,0
27.16000000,40.01404147,40.06990988,39.73158761,39.91967096,0,0
27.17000000,40.03648766,40.12181524,39.74496395,39.94282373,0,0
27.18000000,40.13267736,40.14415209,39.78963119,39.99292625,0,0
27.19000000,40.20164321,40.16509239,39.81189188,39.99760557,0,0
27.20000000,40.22912571,40.18164000,39.90359898,40.07622380,0,0
27.21000000,40.20981163,40.27395137,39.95408117,40.13754712,0,0
27.22000000,40.29707665,40.31950756,40.00972189,40.16605129,0,0
27.23000000,40.37515008,40.33748037,40.00766627,40.18653841,0,0
27.24000000,40.39100480,40.38746505,40.05674222,40.18193798,0,0
27.25000000,40.41701871,40.45415891,40.08415313,40.19965559,0,0
27.26000000,40.44101847,40.51374104,40.06160837,40.22766432,0,0
27.27000000,40.51663960,40.48397176,40.08325419,40.28930378,0,0
27.28000000,40.55253050,40.48285702,40.08968085,40.31007093,0,0
27.29000000,40.53402615,40.50460688,40.15522892,40.37863506,0,0
27.30000000,40.55538950,40.55729671,40.25640346,40.41350108,0,0
27.31000000,40.59763372,40.63313307,40.33017505,40.44408326,0,0
27.32000000,40.67259654,40.63398559,40.34099001,40.49413591,0,0
27.33000000,40.71940046,40.66879864,40.30251655,40.52782557,0,0
27.34000000,40.83347543,40.74575554,40.34197957,40.55553094,0,0
27.35000000,40.84351922,40.78409708,40.37984448,40.59127524,0,0
27.36000000,40.76530350,40.83702696,40.50825047,40.65726581,0,0
27.37000000,40.78861727,40.84973741,40.62250373,40.71249273,0,0
27.38000000,40.88585273,40.86336307,40.62314907,40.72336212,0,0
27.39000000,40.94984748,40.90064180,40.58813986,40.75307526,0,0
27.40000000,40.96043130,40.96248191,40.60574804,40.82965135,0,0
27.41000000,40.95640043,41.01813037,40.59400026,40.82858168,0,0
27.42000000,41.05752037,41.04957514,40.62145050,40.89932943,0,0
27.43000000,41.12632970,41.10177681,40.69617185,40.93301308,0,0
27.44000000,41.18134434,41.11415957,40.71487024,40.94866421,0,0
27.45000000,41.09971062,41.11892027,40.76728978,40.99798701,0,0
27.46000000,41.14479693,41.17923667,40.86132335,41.02042444,0,0
27.47000000,41.25328328,41.21824864,40.92013665,41.04353763,0,0
27.48000000,41.27858010,41.26351000,40.90564887,41.08708663,0,0
27.49000000,41.34544407,41.30865481,40.91663615,41.08603507,0,0
27.50000000,41.34884643,41.33525687,40.89947264,41.13230318,0,0
27.51000000,41.38601102,41.34859345,40.99127320,41.15658854,0,0
27.52000000,41.38841528,41.43727002,41.01557845,41.24994739,0,0
27.53000000,41.44217698,41.45605392,41.08342366,41.31628987,0,0
27.54000000,41.47125453,41.46017433,41.06128355,41.25073912,0,0
27.55000000,41.49643987,41.53480301,41.06263462,41.33729864,0,0
27.56000000,41.55678605,41.53496481,41.17342641,41.32712730,0,0
27.57000000,41.57931949,41.58081725,41.15994526,41.38845113,0,0
27.58000000,41.67737597,41.61191835,41.27987795,41.45919828,0,0
27.59000000,41.63458653,41.66443663,41.30254573,41.47118730,0,0
27.60000000,41.68814939,41.63914021,41.32866666,41.55210085,0,0
27.61000000,41.65563278,41.70645831,41.39084752,41.54226138,0,0
27.62000000,41.81889272,41.77118383,41.42007567,41.56220872,0,0
27.63000000,41.78728747,41.78168260,41.44762498,41.59242608,0,0
27.64000000,41.81124473,41.80256850,41.42333416,41.60387753,0,0
27.65000000,41.85730563,41.84645681,41.50381843,41.66641487,0,0
27.66000000,41.94716373,41.82666039,41.53728254,41.68538085,0,0
27.67000000,41.93705755,41.90820707,41.64660742,41.83638549,0,0
27.68000000,41.92978387,42.01365162,41.69057527,41.83828056,0,0
27.69000000,41.99085671,42.00053382,41.65258279,41.85350278,0,0
27.70000000,42.01981669,42.02107719,41.70843904,41.84191555,0,0
27.71000000,42.06292437,42.05267613,41.75883581,41.88839663,0,0
27.72000000,42.09563091,42.09866878,41.79528453,41.88042728,0,0
27.73000000,42.19246522,42.11399123,41.76596415,41.97386349,0,0
27.74000000,42.24677993,42.22111286,41.83988783,41.99619609,0,0
27.75000000,42.23654902,42.20097321,41.87357594,42.02672702,0,0
27.76000000,42.17391238,42.22009374,41.94006039,42.13744484,0,0
27.77000000,42.30512963,42.27023675,41.98781759,42.09742198,0,0
27.78000000,42.37480893,42.31004133,42.02195173,42.17310636,0,0
27.79000000,42.42125673,42.38622104,42.08155897,42.18444842,0,0
27.80000000,42.40928570,42.45215353,41.99166703,42.13443653,0,0
27.81000000,42.47729333,42.41211635,42.07051722,42.22772299,0,0
27.82000000,42.45998950,42.47160463,42.11018254,42.31149052,0,0
27.83000000,42.54428633,42.54875828,42.22712723,42.40768014,0,0
27.84000000,42.64658450,42.57152093,42.23530792,42.46338821,0,0
27.85000000,42.66884315,42.61555392,42.22521290,42.46441073,0,0
27.86000000,42.61622568,42.59528974,42.29413980,42.54751609,0,0
27.87000000,42.68367410,42.68679703,42.35421884,42.51229776,0,0
27.88000000,42.75362304,42.73651540,42.35024638,42.52900827,0,0
27.89000000,42.82806098,42.81006183,42.40533349,42.55235315,0,0
27.90000000,42.79348380,42.76139096,42.42521660,42.55851616,0,0
27.91000000,42.83250944,42.82568353,42.50139778,42.61822518,0,0
27.92000000,42.91956452,42.82199016,42.55416238,42.66368950,0,0
27.93000000,43.02150594,42.88463882,42.54480790,42.66299609,0,0
27.94000000,42.96141182,42.95065618,42.58142364,42.71040653,0,0
27.95000000,42.98720543,42.99089069,42.58794170,42.74151097,0,0
27.96000000,43.05476890,43.03158167,42.70450769,42.73352345,0,0
27.97000000,43.08382729,43.03281900,42.72991500,42.82366028,0,0
27.98000000,43.17108526,43.09076394,42.78410370,42.89745195,0,0
27.99000000,43.18011025,43.12213952,42.76657951,42.88132619,0,0
28.00000000,43.18563542,43.15100537,42.79763367,42.90825288,0,0
28.01000000,43.21323417,43.20417440,42.86558681,42.92193420,0,0
28.02000000,43.27667397,43.22593520,42.89674083,42.95058658,0,0
28.03000000,43.34612625,43.24673965,42.83296308,43.01862498,0,0
28.04000000,43.38556731,43.27874768,42.91401455,43.09158654,0,0
28.05000000,43.35059816,43.27810456,42.96903919,43.15275241,0,0
28.06000000,43.35177504,43.31807286,43.09257805,43.18466182,0,0
28.07000000,43.45656688,43.38282059,43.15529254,43.19174939,0,0
28.08000000,43.55716362,43.42240769,43.16817289,43.22913075,0,0
28.09000000,43.59167801,43.46344418,43.17178231,43.24427646,0,0
28.10000000,43.59786657,43.48981402,43.20378312,43.27348429,0,0
28.11000000,43.59026714,43.49543157,43.24878998,43.34368807,0,0
28.12000000,43.60986208,43.59894103,43.31041642,43.41562212,0,0
28.13000000,43.66328306,43.65063469,43.41179856,43.47980316,0,0
28.14000000,43.71631972,43.65273254,43.44216619,43.49100401,0,0
28.15000000,43.78071755,43.66725836,43.45621833,43.47139760,0,0
28.16000000,43.80171637,43.72306581,43.49963820,43.51935455,0,0
28.17000000,43.82633011,43.78497633,43.47065679,43.53419537,0,0
28.18000000,43.86864696,43.82186369,43.47483306,43.58907406,0,0
28.19000000,43.90751696,43.84032672,43.53984291,43.63916499,0,0
28.20000000,43.92692089,43.88510997,43.59308593,43.68227966,0,0
28.21000000,44.00323195,43.94335791,43.64174133,43.72612668,0,0
28.22000000,44.06352874,43.96570079,43.64123241,43.75830053,0,0
28.23000000,44.07626520,43.97070141,43.67796223,43.78625464,0,0
28.24000000,44.08890214,44.02083887,43.71476235,43.83167380,0,0
28.25000000,44.16010053,44.08464042,43.74567224,43.85480841,0,0
28.26000000,44.18017031,44.11336180,43.76553941,43.91135069,0,0
28.27000000,44.20058451,44.17765342,43.81284003,43.98953631,0,0
28.28000000,44.23711238,44.19067923,43.85550091,44.01028153,0,0
28.29000000,44.26105271,44.19366313,43.88622107,44.04234667,0,0
28.30000000,44.28780228,44.21642245,43.94106259,44.04282786,0,0
28.31000000,44.29623343,44.28099003,44.03965406,44.06811723,0,0
28.32000000,44.36301235,44.33921387,44.00971922,44.10831633,0,0
28.33000000,44.47513930,44.37670891,43.99353626,44.16277538,0,0
28.34000000,44.49126830,44.37401968,44.06243041,44.21332114,0,0
28.35000000,44.44105259,44.39617902,44.14186927,44.24335218,0,0
28.36000000,44.50353811,44.47361574,44.18826209,44.25131084,0,0
28.37000000,44.49989658,44.50399994,44.26683050,44.29984761,0,0
28.38000000,44.56354367,44.51449282,44.26618801,44.31475623,0,0
28.39000000,44.70411815,44.57450809,44.23604872,44.33187705,0,0
28.40000000,44.73260373,44.60563154,44.24939777,44.34917472,0,0
28.41000000,44.69652616,44.70698312,44.33852481,44.45175773,0,0
28.42000000,44.67236630,44.72360752,44.39915500,44.51552317,0,0
28.43000000,44.72197624,44.68773061,44.45056509,44.51447847,0,0
28.44000000,44.79163513,44.70424869,44.44229510,44.54100137,0,0
28.45000000,44.85095734,44.76890321,44.54164627,44.55811441,0,0
28.46000000,44.89136264,44.84744602,44.48733237,44.59488310,0,0
28.47000000,44.92971068,44.88144450,44.51184341,44.66394533,0,0
28.48000000,44.91725856,44.88732164,44.56845423,44.72364119,0,0
28.49000000,44.95471661,44.90805387,44.61571084,44.76170066,0,0
28.50000000,45.06881483,44.99065498,44.68927544,44.79830100,0,0
28.51000000,45.08886184,45.01495463,44.67265781,44.81472840,0,0
28.52000000,45.07559897,45.07870972,44.73486303,44.82570404,0,0
28.53000000,45.08498957,45.09839321,44.72470893,44.91193795,0,0
28.54000000,45.21013320,45.13243967,44.76275323,44.90598510,0,0
28.55000000,45.21528055,45.17046472,44.84625122,44.95033350,0,0
28.56000000,45.22538663,45.21437320,44.94407974,45.06799846,0,0
28.57000000,45.24569425,45.25273512,44.90349570,45.02261338,0,0
28.58000000,45.27269352,45.27946913,44.87961607,45.04709847,0,0
28.59000000,45.30695750,45.36279096,44.92830313,45.10881178,0,0
28.60000000,45.36973474,45.34878745,44.92000235,45.04960627,0,0
28.61000000,45.41371805,45.37424515,45.00603955,45.19812023,0,0
28.62000000,45.43852808,45.38416864,45.07830909,45.23997942,0,0
28.63000000,45.44452540,45.44772798,45.07054181,45.30973364,0,0
28.64000000,45.55547696,45.50938343,45.15666609,45.31937478,0,0
28.65000000,45.60704752,45.52587730,45.18304568,45.35106680,0,0
28.66000000,45.56505257,45.58881690,45.23960805,45.35456442,0,0
28.67000000,45.61375174,45.68524439,45.21618883,45.40394598,0,0
28.68000000,45.70141582,45.65947154,45.23737493,45.40502077,0,0
28.69000000,45.67378292,45.67573523,45.23252984,45.48020183,0,0
28.70000000,45.75544854,45.74727845,45.30420001,45.55474449,0,0
28.71000000,45.78385531,45.74443915,45.42254852,45.61522275,0,0
28.72000000,45.75917356,45.72751840,45.43249882,45.58840761,0,0
28.73000000,45.79203326,45.79970745,45.45372724,45.60570144,0,0
28.74000000,45.85747784,45.83313276,45.53070455,45.61752756,0,0
28.75000000,46.00142516,45.92816864,45.47686226,45.64536156,0,0
28.76000000,45.93251491,45.91905983,45.59813381,45.72319390,0,0
28.77000000,45.93270135,45.91630305,45.59262909,45.74645645,0,0
28.78000000,45.99694253,45.98580138,45.67673380,45.80055742,0,0
28.79000000,46.13024856,45.99630786,45.73297353,45.81972338,0,0
28.80000000,46.12262836,46.05390041,45.74381606,45.84950532,0,0
28.81000000,46.13757920,46.10323535,45.77671649,45.88751141,0,0
28.82000000,46.17121092,46.14568839,45.76730616,45.91680055,0,0
28.83000000,46.18158367,46.21304763,45.82511581,45.93992074,0,0
28.84000000,46.26681521,46.23477817,45.87674518,45.98763862,0,0
28.85000000,46.27230600,46.22634758,45.97484616,46.01232395,0,0
28.86000000,46.30446201,46.23350517,45.99960208,46.00523310,0,0
28.87000000,46.30840723,46.28131349,46.01427990,46.07815278,0,0
28.88000000,46.36233206,46.34208299,46.04586119,46.12011711,0,0
28.89000000,46.43180251,46.39409566,45.98760287,46.19745918,0,0
28.90000000,46.46095119,46.42297667,46.03903248,46.26443449,0,0
28.91000000,46.43890597,46.41142092,46.09472021,46.30529006,0,0
28.92000000,46.55378330,46.45396306,46.17506884,46.38943500,0,0
28.93000000,46.60922480,46.48774428,46.19518543,46.37308140,0,0
28.94000000,46.60251798,46.53616271,46.19614311,46.36269189,0,0
28.95000000,46.64260533,46.57490175,46.22798783,46.39367816,0,0
28.96000000,46.69809055,46.61700991,46.25789540,46.42056993,0,0
28.97000000,46.73485598,46.70458018,46.29395673,46.44438255,0,0
28.98000000,46.75588938,46.73273574,46.37305353,46.50805063,0,0
28.99000000,46.76792074,46.73617513,46.42301521,46.53285731,0,0
29.00000000,46.79183763,46.74986458,46.44242790,46.49722218,0,0
29.01000000,46.85146552,46.78772186,46.50563790,46.54760216,0,0
29.02000000,46.90964288,46.85929129,46.52415461,46.59273591,0,0
29.03000000,46.96917341,46.90608010,46.51988337,46.65308413,0,0
29.04000000,46.92522079,46.89975819,46.59312138,46.72889886,0,0
29.05000000,46.99834369,46.96957449,46.63356619,46.77849777,0,0
29.06000000,47.08599211,47.01162224,46.70807464,46.79822466,0,0
29.07000000,47.12326795,47.05668109,46.73076308,46.83737650,0,0
29.08000000,47.14377481,47.10621349,46.76003450,46.88157995,0,0
29.09000000,47.18840983,47.14128109,46.76865032,46.88235492,0,0
29.10000000,47.20803026,47.16938426,46.78624866,46.93033479,0,0
29.11000000,47.27331029,47.20947034,46.82319931,47.01631621,0,0
29.12000000,47.32231450,47.21298205,46.87861201,47.05048136,0,0
29.13000000,47.32433591,47.23852973,46.91432064,47.07114565,0,0
29.14000000,47.36441389,47.32011153,46.92857787,47.07426925,0,0
29.15000000,47.43596346,47.39369787,46.96162843,47.07821233,0,0
29.16000000,47.51587790,47.41363311,46.96591236,47.10475330,0,0
29.17000000,47.52275042,47.41238988,47.02561546,47.15853983,0,0
29.18000000,47.49434626,47.41258643,47.09430944,47.21283260,0,0
29.19000000,47.55868317,47.43982528,47.16076906,47.24699577,0,0
29.20000000,47.63422978,47.47811228,47.22257576,47.29012260,0,0
29.21000000,47.67532525,47.55620411,47.26301303,47.31545693,0,0
29.22000000,47.70181612,47.61025385,47.28162142,47.32184903,0,0
29.23000000,47.74663198,47.62836273,47.31657127,47.35173561,0,0
29.24000000,47.76890988,47.67284235,47.32591098,47.40384333,0,0
29.25000000,47.81883242,47.69977229,47.39640189,47.46810161,0,0
29.26000000,47.83202253,47.70049707,47.46728302,47.47859736,0,0
29.27000000,47.82956663,47.71189035,47.48539033,47.48381737,0,0
29.28000000,47.86893062,47.71920657,47.55807114,47.50034026,0,0
29.29000000,47.94890380,47.77411366,47.54849540,47.56369667,0,0
29.30000000,47.94525164,47.81079292,47.50360921,47.57906631,0,0
29.31000000,47.95257213,47.81105559,47.56054766,47.61365083,0,0
29.32000000,48.00325201,47.85511961,47.59905979,47.62056436,0,0
29.33000000,48.10575081,47.89824532,47.66469446,47.64104641,0,0
29.34000000,48.12328161,47.89892714,47.67927185,47.68835999,0,0
29.35000000,48.11695142,47.93329233,47.75729867,47.72848174,0,0
29.36000000,48.12768458,47.94424996,47.78364236,47.81438587,0,0
29.37000000,48.14531167,48.00847025,47.82746717,47.83844992,0,0
29.38000000,48.22496312,48.10424506,47.84921666,47.92838386,0,0
29.39000000,48.24423760,48.05263164,47.90647360,47.98014005,0,0
29.40000000,48.32909257,48.11674749,47.96857850,47.94103774,0,0
29.41000000,48.30612598,48.11982765,47.97785879,47.92981418,0,0
29.42000000,48.36451653,48.20427612,48.07315291,47.96397655,0,0
29.43000000,48.38079095,48.26197105,48.03102786,48.01758029,0,0
29.44000000,48.37976807,48.27900899,48.12977350,48.11147876,0,0
29.45000000,48.42051808,48.30335225,48.14118572,48.23079429,0,0
29.46000000,48.54655363,48.36490218,48.24003811,48.24781853,0,0
29.47000000,48.61556367,48.42089866,48.24799494,48.30115275,0,0
29.48000000,48.57784534,48.45810842,48.29325578,48.31212376,0,0
29.49000000,48.63395559,48.52685390,48.32151327,48.29011142,0,0
29.50000000,48.65779228,48.54231641,48.30027913,48.38731350,0,0
29.51000000,48.72489604,48.68693429,48.32170150,48.44764119,0,0
29.52000000,48.83534439,48.63385472,48.40606521,48.52953105,0,0
29.53000000,48.83169184,48.66622575,48.44302711,48.53762644,0,0
29.54000000,48.81051709,48.69135420,48.46034608,48.54333429,0,0
29.55000000,48.89411747,48.79217341,48.48691917,48.51605944,0,0
29.56000000,48.95764635,48.86870094,48.45994661,48.52310533,0,0
29.57000000,49.01979326,48.90850463,48.46718089,48.51773333,0,0
29.58000000,49.00448970,48.86140067,48.50951562,48.56730642,0,0
29.59000000,49.12055980,48.94547635,48.55083765,48.60931780,0,0
29.60000000,49.11692473,48.95158133,48.61839893,48.59100739,0,0
29.61000000,49.12214922,49.05401642,48.69077646,48.68233338,0,0
29.62000000,49.16099194,49.06538682,48.69793262,48.64049911,0,0
29.63000000,49.16283704,49.03013162,48.69287536,48.68761836,0,0
29.64000000,49.20396856,49.11459960,48.67894299,48.73301409,0,0
29.65000000,49.25565934,49.12283465,48.78250240,48.84274139,0,0
29.66000000,49.27720028,49.10143573,48.86752014,48.88814336,0,0
29.67000000,49.28161980,49.17282710,48.93083384,48.86686904,0,0
29.68000000,49.38095658,49.20596996,48.93565878,48.89181884,0,0
29.69000000,49.42485215,49.25996100,48.85649538,48.94100331,0,0
29.70000000,49.39425959,49.24947560,48.84383485,48.96807168,0,0
29.71000000,49.36322406,49.24997277,48.96546593,49.01188904,0,0
29.72000000,49.41915652,49.32288032,49.06887017,49.08264654,0,0
29.73000000,49.48435798,49.30149059,49.14595850,49.07235580,0,0
29.74000000,49.53376327,49.36054741,49.08402307,49.11010198,0,0
29.75000000,49.59178741,49.38341719,49.10791353,49.16954539,0,0
29.76000000,49.57918749,49.39040283,49.07284474,49.19486768,0,0
29.77000000,49.59355084,49.43822515,49.20079335,49.26646065,0,0
29.78000000,49.64499810,49.47094644,49.30924087,49.36755455,0,0
29.79000000,49.69007617,49.48004999,49.40767934,49.37980522,0,0
29.80000000,49.65624612,49.55379735,49.40707029,49.39960586,0,0
29.81000000,49.69826759,49.58928581,49.43150585,49.44029985,0,0
29.82000000,49.79251553,49.65049065,49.42601480,49.50221751,0,0
29.83000000,49.86201530,49.62431140,49.41148388,49.51857835,0,0
29.84000000,49.83437613,49.65389348,49.48847165,49.56163381,0,0
29.85000000,49.90026833,49.72742372,49.49352630,49.59981549,0,0
29.86000000,49.89892573,49.79019406,49.57558189,49.60397943,0,0
29.87000000,49.95027741,49.82586498,49.59341210,49.64009358,0,0
29.88000000,50.01317102,49.85041050,49.65661049,49.67934708,0,0
29.89000000,50.03320184,49.84846081,49.66747233,49.69522383,0,0
29.90000000,50.06126878,49.89733176,49.69503725,49.74472231,0,0
29.91000000,50.07511585,49.95675809,49.73728827,49.83841521,0,0
29.92000000,50.13325448,49.96261287,49.74701185,49.83552619,0,0
29.93000000,50.13850104,49.99809011,49.78471974,49.86382073,0,0
29.94000000,50.23323939,50.05706966,49.81524966,49.88294457,0,0
29.95000000,50.27564042,50.13144863,49.81382228,49.89134000,0,0
29.96000000,50.27688062,50.15185861,49.83174675,49.91888759,0,0
29.97000000,50.28807443,50.18464672,49.88465824,49.94523688,0,0
29.98000000,50.33629699,50.18756737,49.94224819,49.95954816,0,0
29.99000000,50.34908504,50.23381750,49.99913621,50.00290472,0,0
30.00000000,50.40877703,50.29865080,49.99706715,50.05506010,0,0
30.01000000,50.42228071,50.31183747,49.98599365,50.05935852,0,0
30.02000000,50.50680701,50.37949876,50.01857964,50.09850990,0,0
30.03000000,50.54723233,50.37621137,50.06792547,50.16208630,0,0
30.04000000,50.53971257,50.37981886,50.13735448,50.19306491,0,0
30.05000000,50.49087419,50.38369047,50.16345791,50.24175449,0,0
30.06000000,50.51673239,50.46468206,50.17357261,50.26473065,0,0
30.07000000,50.59437472,50.51914432,50.19159769,50.29814079,0,0
30.08000000,50.65742025,50.52999115,50.21168852,50.31466245,0,0
30.09000000,50.66497275,50.51597118,50.22493532,50.32796241,0,0
30.10000000,50.72106063,50.53658719,50.22636624,50.35426430,0,0
30.11000000,50.76111130,50.63251744,50.28964268,50.38150367,0,0
30.12000000,50.76526968,50.69444183,50.32220971,50.41199515,0,0
30.13000000,50.79324159,50.71074356,50.36959448,50.43815726,0,0
30.14000000,50.80755283,50.65928556,50.43908975,50.46865871,0,0
30.15000000,50.82471662,50.73196691,50.47716736,50.52056706,0,0
30.16000000,50.86618047,50.78270883,50.50356911,50.60179617,0,0
30.17000000,50.89593317,50.78978890,50.53058193,50.65123178,0,0
30.18000000,50.89896195,50.81794653,50.51952836,50.64371628,0,0
30.19000000,50.98395002,50.85052129,50.58771223,50.70684736,0,0
30.20000000,51.02659151,50.89229466,50.58572655,50.69039666,0,0
30.21000000,50.98728683,50.88829746,50.66551344,50.75745541,0,0
30.22000000,51.00852261,50.87337245,50.73453170,50.79365815,0,0
30.23000000,51.14700349,50.96600134,50.78960308,50.81233953,0,0
30.24000000,51.19685006,51.06223479,50.78447636,50.85182106,0,0
30.25000000,51.18797299,51.08700976,50.80492428,50.86865604,0,0
30.26000000,51.14990293,51.11561525,50.78256030,50.87676054,0,0
30.27000000,51.17852238,51.05881531,50.78772067,50.87282757,0,0
30.28000000,51.25584094,51.11768836,50.79337821,50.93653486,0,0
30.29000000,51.32091650,51.13151734,50.87445052,50.98019824,0,0
30.30000000,51.31485319,51.15948756,50.92700786,50.99513941,0,0
30.31000000,51.30169798,51.21634585,50.94633275,51.02059840,0,0
30.32000000,51.27971664,51.24631756,50.99216879,51.03250956,0,0
30.33000000,51.42245434,51.33570291,50.97108016,51.07563335,0,0
30.34000000,51.37851362,51.26996934,50.98990965,51.09295176,0,0
30.35000000,51.49339471,51.24969496,50.99225771,51.13804106,0,0
30.36000000,51.40826615,51.28765891,51.06834293,51.18404331,0,0
30.37000000,51.53205375,51.39691742,51.11603269,51.19072731,0,0
30.38000000,51.58718703,51.47780192,51.17209401,51.25627752,0,0
30.39000000,51.58257017,51.39870691,51.11298295,51.24842159,0,0
30.40000000,51.55746139,51.44707563,51.13739998,51.26513609,0,0
30.41000000,51.60035598,51.48878567,51.14178514,51.27803929,0,0
30.42000000,51.66105731,51.55872241,51.28410309,51.33040630,0,0
30.43000000,51.64043071,51.52700405,51.36273289,51.37027749,0,0
30.44000000,51.63758904,51.54191731,51.33600528,51.39408758,0,0
30.45000000,51.71034641,51.57173687,51.31708267,51.43005189,0,0
30.46000000,51.77888615,51.62436558,51.28488797,51.48934829,0,0
30.47000000,51.81979246,51.64292071,51.38161215,51.48978734,0,0
30.48000000,51.78901873,51.70523572,51.45254279,51.54354811,0,0
30.49000000,51.80682089,51.69272554,51.51416574,51.50861593,0,0
30.50000000,51.87055126,51.81038734,51.61943815,51.61231666,0,0
30.51000000,51.97198880,51.84932406,51.46470170,51.65483689,0,0
30.52000000,51.99134378,51.85087869,51.55149926,51.67731499,0,0
30.53000000,52.01771309,51.81738126,51.52727144,51.72813476,0,0
30.54000000,52.05075361,51.89817835,51.58450036,51.73881858,0,0
30.55000000,52.04304978,51.92211153,51.58657285,51.71173801,0,0
30.56000000,52.02758466,51.99128138,51.59969396,51.72028188,0,0
30.57000000,52.10277664,51.97177320,51.74607300,51.74994580,0,0
30.58000000,52.10015923,51.99096219,51.66219085,51.73071260,0,0
30.59000000,52.16424891,52.03076116,51.68921518,51.80783512,0,0
30.60000000,52.23098808,52.12959472,51.73555029,51.86255754,0,0
30.61000000,52.22146489,52.09637544,51.80219821,51.89149827,0,0
30.62000000,52.22331455,52.06213236,51.81528643,51.90057089,0,0
30.63000000,52.26713300,52.07553949,51.84860580,51.94180547,0,0
30.64000000,52.25307933,52.06863148,51.85107807,51.91233353,0,0
30.65000000,52.28701486,52.12629063,51.86810261,51.91048629,0,0
30.66000000,52.35021427,52.20336662,51.90896224,51.96968099,0,0
30.67000000,52.33707575,52.20995793,51.89966611,51.98167161,0,0
30.68000000,52.30437274,52.22102958,51.94436312,52.01047571,0,0
30.69000000,52.39297947,52.22807566,51.94732749,52.04547187,0,0
30.70000000,52.41104977,52.25425462,51.98739252,52.04533052,0,0
30.71000000,52.46125589,52.31264995,52.02482882,52.10879158,0,0
30.72000000,52.55044900,52.30428417,52.08921458,52.09288401,0,0
30.73000000,52.53938310,52.38436833,52.14757505,52.15918222,0,0
30.74000000,52.55861865,52.40195477,52.20703496,52.17546265,0,0
30.75000000,52.57804727,52.48094972,52.21998452,52.21249918,0,0
30.76000000,52.58499561,52.44773710,52.22763175,52.24143610,0,0
30.77000000,52.57594396,52.44019463,52.20775467,52.29665816,0,0
30.78000000,52.64435185,52.47489235,52.28251243,52.45646945,0,0
30.79000000,52.69557848,52.47924953,52.33362942,52.54682631,0,0
30.80000000,52.71350703,52.56434375,52.40104159,52.56510486,0,0
30.81000000,52.74086880,52.55733094,52.42294179,52.57846626,0,0
30.82000000,52.80369679,52.59871810,52.37740593,52.51371636,0,0
30.83000000,52.84550702,52.61414831,52.38538266,52.52771711,0,0
30.84000000,52.90312836,52.68739145,52.43070215,52.50449978,0,0
30.85000000,52.90032642,52.71993124,52.48911214,52.54119305,0,0
30.86000000,52.91431149,52.73397837,52.47585395,52.52566765,0,0
30.87000000,52.96797669,52.74784145,52.43209040,52.48412558,0,0
30.88000000,53.00795539,52.77057009,52.43528359,52.46629832,0,0
30.89000000,52.99596105,52.75323532,52.43038306,52.47116433,0,0
30.90000000,52.97128160,52.76213576,52.49273279,52.51796395,0,0
30.91000000,52.97591333,52.77361585,52.59325238,52.53480362,0,0
30.92000000,53.04392803,52.80482590,52.66691038,52.58649056,0,0
30.93000000,53.14095834,52.83340677,52.71167881,52.61958345,0,0
30.94000000,53.17959656,52.81334669,52.70520217,52.66233596,0,0
30.95000000,53.10223214,52.80008351,52.68209928,52.67152232,0,0
30.96000000,53.11328896,52.83237927,52.72310506,52.69489128,0,0
30.97000000,53.14880473,52.88211916,52.80509802,52.74837988,0,0
30.98000000,53.21989860,52.92430428,52.83839565,52.74525343,0,0
30.99000000,53.25845855,52.92978684,52.85730408,52.77787664,0,0
31.00000000,53.25179796,52.90522728,52.86334983,52.79452448,0,0
31.01000000,53.26336612,52.95890463,52.89436566,52.81538757,0,0
31.02000000,53.28832814,52.97010290,52.92298891,52.88317754,0,0
31.03000000,53.29463027,52.99198840,52.94711438,52.91200671,0,0
31.04000000,53.30731323,53.00886385,52.99106354,52.92259042,0,0
31.05000000,53.35667387,53.02668520,53.05124197,52.95661484,0,0
31.06000000,53.41341795,53.07297415,53.11289598,52.98000579,0,0
31.07000000,53.42332265,53.09684480,53.09074788,53.00344644,0,0
31.08000000,53.42993157,53.10380420,53.05273464,53.01799678,0,0
31.09000000,53.46730874,53.13177002,52.99529560,53.01334455,0,0
31.10000000,53.46628016,53.18635522,53.06878144,53.02833359,0,0
31.11000000,53.51225273,53.23500796,53.14695087,53.07052964,0,0
31.12000000,53.54000242,53.23588383,53.20066212,53.08696327,0,0
31.13000000,53.57075842,53.23778231,53.19742351,53.08695586,0,0
31.14000000,53.61343984,53.23694826,53.15976449,53.11782998,0,0
31.15000000,53.59316434,53.25733638,53.19336017,53.12799522,0,0
31.16000000,53.61585127,53.32301590,53.27414985,53.14179478,0,0
31.17000000,53.63786430,53.36498339,53.30797204,53.16143200,0,0
31.18000000,53.66978285,53.39197964,53.33247695,53.16205807,0,0
31.19000000,53.64441469,53.33393870,53.31998174,53.18441667,0,0
31.20000000,53.71465417,53.33171101,53.31431411,53.23010614,0,0
31.21000000,53.70456774,53.37949336,53.32444513,53.22734642,0,0
31.22000000,53.79247734,53.46845667,53.34071173,53.23106566,0,0
31.23000000,53.77703647,53.49961705,53.40073922,53.26508414,0,0
31.24000000,53.80301873,53.52969073,53.42481421,53.28411572,0,0
31.25000000,53.78439482,53.51348852,53.43052648,53.26228022,0,0
31.26000000,53.86964124,53.52379645,53.43006295,53.33255083,0,0
31.27000000,53.84252264,53.60120369,53.41782614,53.37718199,0,0
31.28000000,53.88100053,53.60082574,53.49458200,53.38225681,0,0
31.29000000,53.88924413,53.61506801,53.46362913,53.41479523,0,0
31.30000000,53.89542009,53.65474082,53.56048974,53.46671602,0,0
31.31000000,53.90886920,53.66816775,53.50292977,53.47918378,0,0
31.32000000,53.95812402,53.71900882,53.53996943,53.49649112,0,0
31.33000000,53.98066875,53.71583985,53.54558207,53.54351165,0,0
31.34000000,53.99454171,53.73467294,53.59330526,53.55551377,0,0
31.35000000,54.02793029,53.77280885,53.68172795,53.64612836,0,0
31.36000000,54.03877885,53.80984440,53.67058747,53.63724931,0,0
31.37000000,54.02753660,53.80301984,53.66130809,53.66689615,0,0
31.38000000,54.11099639,53.85125013,53.64997544,53.70912507,0,0
31.39000000,54.06956629,53.82755609,53.67562907,53.70771090,0,0
31.40000000,54.10634438,53.94333896,53.76410729,53.71377316,0,0
31.41000000,54.17978849,53.91639969,53.79491588,53.76829220,0,0
31.42000000,54.18339799,53.96098437,53.80269943,53.72004044,0,0
31.43000000,54.18692910,53.89649889,53.74119768,53.79081460,0,0
31.44000000,54.25664327,53.98129327,53.77025959,53.78155172,0,0
31.45000000,54.21202292,54.06257453,53.83048020,53.80785653,0,0
31.46000000,54.25551523,54.03329499,53.88449481,53.83743896,0,0
31.47000000,54.33863628,54.06601643,53.91512243,53.85957369,0,0
31.48000000,54.31303075,54.06244271,53.90439508,53.86130849,0,0
31.49000000,54.38403520,54.10397364,53.89992794,53.90861990,0,0
31.50000000,54.29618178,54.14574163,53.93149989,53.97150007,0,0
31.51000000,54.35525737,54.16707394,53.95971550,53.96625954,0,0
31.52000000,54.33807645,54.11888478,54.04738787,54.00602146,0,0
31.53000000,54.42609626,54.14140597,53.99700891,54.01938139,0,0
31.54000000,54.46443904,54.18991358,54.05077422,54.06069473,0,0
31.55000000,54.43837725,54.20854229,54.01845728,54.03071203,0,0
31.56000000,54.51332011,54.24127431,54.06400318,54.07485157,0,0
31.57000000,54.47560501,54.24114896,54.09876352,54.08393519,0,0
31.58000000,54.55693832,54.26617570,54.13596817,54.12328040,0,0
31.59000000,54.57477004,54.29446226,54.19073715,54.19321470,0,0
31.60000000,54.57350183,54.39581908,54.19962762,54.15327859,0,0
31.61000000,54.59367106,54.36276567,54.20183574,54.18030393,0,0
31.62000000,54.57603998,54.37576053,54.18049938,54.18765154,0,0
31.63000000,54.60847754,54.36882363,54.24505064,54.25279066,0,0
31.64000000,54.66935393,54.38371997,54.23110116,54.25006504,0,0
31.65000000,54.64141334,54.39587871,54.29658287,54.24650502,0,0
31.66000000,54.67300960,54.40597407,54.32261461,54.28573563,0,0
31.67000000,54.68696555,54.44249316,54.33107950,54.29061195,0,0
31.68000000,54.77646999,54.48127253,54.37295011,54.34948825,0,0
31.69000000,54.76839273,54.51499585,54.35644435,54.41431837,0,0
31.70000000,54.80339269,54.52236356,54.40297012,54.40491178,0,0
31.71000000,54.78998469,54.50927932,54.39630506,54.43568042,0,0
31.72000000,54.81655903,54.58100719,54.41777939,54.44510252,0,0
31.73000000,54.86589744,54.63276642,54.41785455,54.43504464,0,0
31.74000000,54.83993322,54.63496505,54.42288872,54.44845318,0,0
31.75000000,54.87097794,54.56745857,54.46251487,54.44910773,0,0
31.76000000,54.89089299,54.59446501,54.52484151,54.45150146,0,0
31.77000000,54.94044727,54.61723285,54.53638722,54.45961030,0,0
31.78000000,54.89651612,54.67884680,54.55757497,54.48801496,0,0
31.79000000,54.92058429,54.71475807,54.55748538,54.51878488,0,0
31.80000000,54.91912178,54.70838390,54.56865926,54.53222715,0,0
31.81000000,54.97787868,54.72796111,54.61596671,54.60528233,0,0
31.82000000,55.02380966,54.71773457,54.65521831,54.65147537,0,0
31.83000000,55.04750528,54.69684466,54.64843003,54.64808541,0,0
31.84000000,55.00545069,54.70455559,54.60228988,54.61980340,0,0
31.85000000,55.01222010,54.76586535,54.60982321,54.64443711,0,0
31.86000000,55.03157911,54.81760708,54.65338374,54.64735180,0,0
31.87000000,55.11022624,54.84645226,54.69664597,54.65924043,0,0
31.88000000,55.12005719,54.83495552,54.68356224,54.66128288,0,0
31.89000000,55.09889245,54.75859951,54.72542818,54.65757625,0,0
31.90000000,55.12711172,54.78022998,54.73407362,54.70896696,0,0
31.91000000,55.13873851,54.88848318,54.77710755,54.75395070,0,0
31.92000000,55.17031726,54.93078001,54.84401265,54.77925132,0,0
31.93000000,55.20358359,54.88983674,54.88772752,54.78099136,0,0
31.94000000,55.20933429,54.88652994,54.89205478,54.76238298,0,0
31.95000000,55.20755354,54.96973297,54.87459477,54.79632336,0,0
31.96000000,55.22275923,55.00000093,54.89776393,54.84374567,0,0
31.97000000,55.25497641,54.98651861,54.92011432,54.89341345,0,0
31.98000000,55.29267754,54.93856530,54.95604713,54.92793923,0,0
31.99000000,55.35371774,54.97739598,54.98061637,54.97349863,0,0
32.00000000,55.37193060,55.00311066,54.98879963,54.96323049,0,0
32.01000000,55.35591878,55.06206287,54.95774492,54.92963169,0,0
32.02000000,55.35364458,55.08899412,54.95879097,54.88424399,0,0
32.03000000,55.40683693,55.11393122,54.96078155,54.91663616,0,0
32.04000000,55.40258011,55.10662411,55.00852448,54.95122176,0,0
32.05000000,55.47722303,55.15163660,55.04185510,54.94764759,0,0
32.06000000,55.47957226,55.16317402,55.07466818,55.02345748,0,0
32.07000000,55.49324299,55.17064553,55.05502410,54.97738870,0,0
32.08000000,55.43261093,55.19773475,55.06075571,54.99435557,0,0
32.09000000,55.43951296,55.17218622,55.09057499,55.04295976,0,0
32.10000000,55.49553088,55.22409497,55.14146222,55.06726900,0,0
32.11000000,55.51492948,55.23907046,55.17060595,55.07706981,0,0
32.12000000,55.55784644,55.24730020,55.18865794,55.07706780,0,0
32.13000000,55.51280940,55.20036115,55.10655920,55.13106175,0,0
32.14000000,55.59130267,55.27160243,55.10722624,55.15199878,0,0
32.15000000,55.57067436,55.32152312,55.15955873,55.17843284,0,0
32.16000000,55.60240702,55.40581973,55.20402331,55.16973792,0,0
32.17000000,55.57692882,55.40103708,55.20985621,55.20154116,0,0
32.18000000,55.57490949,55.39855912,55.26793880,55.20224327,0,0
32.19000000,55.60174560,55.35817853,55.21845181,55.21537452,0,0
32.20000000,55.61539098,55.40048588,55.21579935,55.25863173,0,0
32.21000000,55.63875082,55.44615192,55.24693698,55.31323276,0,0
32.22000000,55.59170867,55.49515109,55.26914326,55.31907342,0,0
32.23000000,55.67111260,55.52228825,55.30684273,55.32969265,0,0
32.24000000,55.63096511,55.49331296,55.37169413,55.38238134,0,0
32.25000000,55.71224450,55.50532752,55.33189606,55.38777456,0,0
32.26000000,55.71901317,55.55509230,55.33366633,55.44517747,0,0
32.27000000,55.73496999,55.60841909,55.30836784,55.49340299,0,0
32.28000000,55.77565412,55.65664188,55.40906782,55.53041413,0,0
32.29000000,55.69687944,55.60268301,55.36537065,55.52138907,0,0
32.30000000,55.79768539,55.68664020,55.43114283,55.55496503,0,0
32.31000000,55.78198538,55.58170734,55.37380265,55.47414579,0,0
32.32000000,55.80927969,55.77109600,55.38719801,55.51387489,0,0
32.33000000,55.76761429,55.75856607,55.42651481,55.52100671,0,0
32.34000000,55.84474757,55.78379443,55.45109941,55.55875352,0,0
32.35000000,55.84328934,55.74522512,55.50211752,55.60084005,0,0
32.36000000,55.90584240,55.71377702,55.47777177,55.65403113,0,0
32.37000000,55.96739159,55.79245397,55.45403541,55.62126022,0,0
32.38000000,55.85817428,55.84800187,55.44563847,55.64296795,0,0
32.39000000,55.91559132,55.89974045,55.52959733,55.69233005,0,0
32.40000000,55.93515463,55.90170398,55.54287414,55.69965028,0,0
32.41000000,55.99145766,55.87243363,55.58917297,55.72909835,0,0
32.42000000,55.99066692,55.89360180,55.54216876,55.73473702,0,0
32.43000000,55.98492585,55.88237238,55.50913311,55.73655140,0,0
32.44000000,55.98380125,55.92940376,55.57725793,55.82149745,0,0
32.45000000,56.01944988,55.96343721,55.62016212,55.77803309,0,0
32.46000000,56.02478939,55.98586177,55.65366785,55.84185573,0,0
32.47000000,56.01442595,55.96191358,55.65254293,55.77604470,0,0
32.48000000,56.04207940,55.94818847,55.63213287,55.83951235,0,0
32.49000000,56.02466347,55.88048810,55.64632890,55.81675036,0,0
32.50000000,56.10770795,55.96938642,55.64571828,55.89788214,0,0
32.51000000,56.12786517,55.98525914,55.65166641,55.95363723,0,0
32.52000000,56.11763334,56.04597596,55.69775149,55.90139970,0,0
32.53000000,56.17402748,56.02308252,55.75136253,55.92223054,0,0
32.54000000,56.16700595,56.00919736,55.77777079,55.92977253,0,0
32.55000000,56.13176570,56.04014065,55.79543746,55.96752165,0,0
32.56000000,56.16019760,55.98055751,55.80321652,55.97953865,0,0
32.57000000,56.20625909,56.07670760,55.84444067,55.98688354,0,0
32.58000000,56.22858484,56.08201868,55.85956920,56.02618291,0,0
32.59000000,56.23368464,56.10453962,55.89059012,55.99436795,0,0
32.60000000,56.25188626,56.08643911,55.88980191,56.01290249,0,0
32.61000000,56.26292680,56.11597936,55.93801826,56.03629649,0,0
32.62000000,56.30750345,56.15297394,55.95217629,56.08171913,0,0
32.63000000,56.32426311,56.15821742,55.99973222,56.12903300,0,0
32.64000000,56.30509551,56.16370803,56.01409932,56.18515945,0,0
32.65000000,56.34385301,56.16147591,55.95295792,56.16924602,0,0
32.66000000,56.36261285,56.19209808,55.94104593,56.17924572,0,0
32.67000000,56.39671007,56.22511109,55.92716401,56.14470235,0,0
32.68000000,56.40172928,56.20153249,55.97945275,56.16519394,0,0
32.69000000,56.40579730,56.23209344,55.98183057,56.18089581,0,0
32.70000000,56.41341914,56.25771791,56.01427086,56.17306229,0,0
32.71000000,56.39465217,56.27979809,56.05442297,56.20038705,0,0
32.72000000,56.48468852,56.31075318,56.02545818,56.19195168,0,0
32.73000000,56.54044120,56.32862477,56.02202717,56.18639951,0,0
32.74000000,56.51627605,56.31359623,56.05139754,56.16452383,0,0
32.75000000,56.43304606,56.34000767,56.11220294,56.20352507,0,0
32.76000000,56.44380212,56.35625021,56.12566672,56.20601641,0,0
32.77000000,56.49151131,56.35313996,56.13384072,56.22355073,0,0
32.78000000,56.58158799,56.38745759,56.12142013,56.25557642,0,0
32.79000000,56.58222108,56.38419651,56.14560053,56.30233744,0,0
32.80000000,56.56880638,56.38074060,56.16964164,56.32011639,0,0
32.81000000,56.55050275,56.39804344,56.20546037,56.34218288,0,0
32.82000000,56.59675916,56.48130933,56.22394462,56.36787464,0,0
32.83000000,56.60095161,56.47588544,56.22366964,56.36423829,0,0
32.84000000,56.62003043,56.47455821,56.23150016,56.39562193,0,0
32.85000000,56.62959950,56.44164740,56.25108687,56.40563575,0,0
32.86000000,56.68190802,56.50888745,56.27540442,56.39489061,0,0
32.87000000,56.69951025,56.54300301,56.26356619,56.40632065,0,0
32.88000000,56.68848260,56.53336422,56.19868896,56.38933028,0,0
32.89000000,56.64613452,56.50529188,56.25375173,56.40652677,0,0
32.90000000,56.67373010,56.53335542,56.39849623,56.44911751,0,0
32.91000000,56.71092358,56.60056775,56.39179131,56.45865739,0,0
32.92000000,56.73248473,56.58011632,56.35191150,56.47813146,0,0
32.93000000,56.79688056,56.55463253,56.31104462,56.46636764,0,0
32.94000000,56.80033448,56.56863223,56.30473634,56.47144196,0,0
32.95000000,56.79664081,56.61499710,56.34902954,56.49757610,0,0
32.96000000,56.80424335,56.67140694,56.41678632,56.50276804,0,0
32.97000000,56.80488392,56.64585993,56.42271285,56.52566026,0,0
32.98000000,56.80261128,56.65086408,56.43824774,56.48811087,0,0
32.99000000,56.84626514,56.63261992,56.43478249,56.53517452,0,0
33.00000000,56.84263469,56.65885356,56.43334557,56.60515591,0,0
33.01000000,56.85956586,56.68894900,56.44244153,56.60446530,0,0
33.02000000,56.89069021,56.70198749,56.46701603,56.60315829,0,0
33.03000000,56.89594887,56.69212197,56.51506849,56.58999807,0,0
33.04000000,56.92815170,56.70821323,56.53555903,56.61165894,0,0
33.05000000,56.90550639,56.76683970,56.53565448,56.62401315,0,0
33.06000000,56.90641948,56.71340519,56.55351406,56.65014699,0,0
33.07000000,56.94580039,56.72835711,56.52543142,56.66148473,0,0
33.08000000,56.93214730,56.75079891,56.53785395,56.66538459,0,0
33.09000000,56.95748021,56.76313506,56.54822736,56.70847005,0,0
33.10000000,56.96989599,56.80615672,56.59579881,56.67167740,0,0
33.11000000,57.00353465,56.81765188,56.60729999,56.72432823,0,0
33.12000000,56.98789778,56.80433554,56.60078331,56.74758429,0,0
33.13000000,57.00686970,56.79971366,56.59622946,56.75263100,0,0
33.14000000,56.99957661,56.80314089,56.65672018,56.78373189,0,0
33.15000000,57.05868020,56.86647551,56.69696745,56.74077081,0,0
33.16000000,57.06895683,56.83625723,56.60492740,56.75101108,0,0
33.17000000,57.06510672,56.90052780,56.64917086,56.77875342,0,0
33.18000000,57.07362444,56.93681715,56.62224029,56.80587717,0,0
33.19000000,57.10637066,56.97387549,56.69859126,56.79996989,0,0
33.20000000,57.10761086,56.92659055,56.74602040,56.83453989,0,0
33.21000000,57.12916537,56.86873143,56.76166020,56.83084442,0,0
33.22000000,57.07966350,56.90063151,56.74927530,56.86541419,0,0
33.23000000,57.12358282,56.92038654,56.71778618,56.90091817,0,0
33.24000000,57.15437512,57.00901933,56.75209566,56.84040065,0,0
33.25000000,57.17878255,56.94600404,56.75938071,56.87560083,0,0
33.26000000,57.16050466,56.96017725,56.76919540,56.87338932,0,0
33.27000000,57.16962517,56.93446121,56.76592671,56.86358112,0,0
33.28000000,57.13870430,57.02373331,56.80793355,56.91587375,0,0
33.29000000,57.19653415,57.01866638,56.81492281,56.92410996,0,0
33.30000000,57.22579223,57.04158440,56.79259665,56.92508788,0,0
33.31000000,57.24501685,57.00097252,56.84611196,56.91929542,0,0
33.32000000,57.22900857,57.00971099,56.86451314,56.91128304,0,0
33.33000000,57.20856077,57.01763786,56.85377456,56.90027366,0,0
33.34000000,57.21408364,57.07613852,56.84642335,56.94205934,0,0
33.35000000,57.30778390,57.09934383,56.82745218,56.96418629,0,0
33.36000000,57.26179975,57.02837784,56.90769298,57.01420849,0,0
33.37000000,57.27904083,57.03293176,56.88182310,57.00746492,0,0
33.38000000,57.23896632,57.10506348,56.89238266,57.00995269,0,0
33.39000000,57.28970988,57.11767490,56.90501906,57.02904510,0,0
33.40000000,57.34123574,57.10263112,56.90834311,57.05122505,0,0
33.41000000,57.37048946,57.12821676,56.93926594,57.05280063,0,0
33.42000000,57.36072434,57.13275675,57.00216283,57.05721085,0,0
33.43000000,57.31608004,57.15407072,57.03820677,57.07377805,0,0
33.44000000,57.31685495,57.22323194,57.00457643,57.07589305,0,0
33.45000000,57.35707882,57.18675165,56.95862111,57.11370675,0,0
33.46000000,57.43697649,57.19953088,56.98687307,57.14651756,0,0
33.47000000,57.43579856,57.18161703,56.99414641,57.12281892,0,0
33.48000000,57.39339893,57.19108978,57.04325512,57.15308755,0,0
33.49000000,57.41728589,57.20501913,57.00977405,57.13408324,0,0
33.50000000,57.40618168,57.22676545,57.02682540,57.13989320,0,0
33.51000000,57.44687858,57.25346925,57.04770471,57.15235195,0,0
33.52000000,57.46430648,57.23502217,57.05812510,57.16232459,0,0
33.53000000,57.45663559,57.26665766,57.08799792,57.17328598,0,0
33.54000000,57.45350144,57.27667248,57.07560237,57.16915957,0,0
33.55000000,57.47204319,57.24463668,57.04261603,57.18591306,0,0
33.56000000,57.49711827,57.26299730,57.05618393,57.19488657,0,0
33.57000000,57.49347134,57.28258477,57.07103250,57.18087652,0,0
33.58000000,57.46886991,57.28161391,57.10826107,57.15373259,0,0
33.59000000,57.44532912,57.30231060,57.12380010,57.20790178,0,0
33.60000000,57.49629368,57.32065398,57.12546706,57.19191683,0,0
33.61000000,57.52568077,57.30633871,57.08435848,57.23289153,0,0
33.62000000,57.52341344,57.31038668,57.10400695,57.26406370,0,0
33.63000000,57.49598087,57.33978539,57.15169885,57.27669008,0,0
33.64000000,57.51827390,57.36833825,57.20287629,57.32215855,0,0
33.65000000,57.55596271,57.38145070,57.23323922,57.34038915,0,0
33.66000000,57.58059275,57.37027167,57.22507668,57.32588503,0,0
33.67000000,57.57624428,57.36848189,57.20533935,57.34423461,0,0
33.68000000,57.58353979,57.36061609,57.21108289,57.36318515,0,0
33.69000000,57.61624543,57.39495388,57.24013405,57.37453286,0,0
33.70000000,57.62534724,57.41930713,57.26641340,57.38165264,0,0
33.71000000,57.62580696,57.41352948,57.25576155,57.38223879,0,0
33.72000000,57.63420737,57.43654141,57.26014552,57.34855396,0,0
33.73000000,57.64535865,57.47917633,57.26999985,57.32041993,0,0
33.74000000,57.67596962,57.50141461,57.30641804,57.36867981,0,0
33.75000000,57.69261668,57.48547478,57.29016251,57.36829303,0,0
33.76000000,57.70493147,57.47892477,57.30860819,57.38829692,0,0
33.77000000,57.69470511,57.51136518,57.34110982,57.41665432,0,0
33.78000000,57.70370466,57.54543768,57.32990650,57.42378814,0,0
33.79000000,57.73946817,57.55683890,57.30851180,57.41774274,0,0
33.80000000,57.73703177,57.54063465,57.29055283,57.42491997,0,0
33.81000000,57.73892096,57.50394315,57.30449428,57.45435627,0,0
33.82000000,57.78353038,57.52584452,57.33114387,57.44875327,0,0
33.83000000,57.79378391,57.56885184,57.33928666,57.47204743,0,0
33.84000000,57.78944172,57.60659952,57.35852154,57.49969327,0,0
33.85000000,57.78495649,57.58761603,57.32892501,57.48160158,0,0
33.86000000,57.74398593,57.60486512,57.38017239,57.49483382,0,0
33.87000000,57.82950422,57.61196913,57.42285408,57.52914177,0,0
33.88000000,57.89443466,57.62253783,57.42445547,57.48716694,0,0
33.89000000,57.87231142,57.62296982,57.44840794,57.53652031,0,0
33.90000000,57.83091494,57.62708240,57.44367640,57.55634322,0,0
33.91000000,57.79894843,57.65448957,57.45070425,57.58760084,0,0
33.92000000,57.86487035,57.68279202,57.49633159,57.60577822,0,0
33.93000000,57.92685227,57.68675578,57.52278878,57.59912107,0,0
33.94000000,57.89026715,57.66060580,57.52662211,57.61334566,0,0
33.95000000,57.87885719,57.62244003,57.50561318,57.60319242,0,0
33.96000000,57.91821240,57.70576287,57.53575393,57.65243083,0,0
33.97000000,58.01583316,57.73324075,57.53328680,57.67703009,0,0
33.98000000,58.00198166,57.72105569,57.57282603,57.67156340,0,0
33.99000000,57.95688389,57.67397375,57.57891557,57.66968724,0,0
34.00000000,57.91416053,57.68741161,57.61362579,57.65711305,0,0
34.01000000,57.94400831,57.75546395,57.57407813,57.67100916,0,0
34.02000000,58.00441375,57.75868936,57.60350615,57.68099532,0,0
34.03000000,57.96416894,57.73590312,57.53826335,57.62098546,0,0
34.04000000,58.00790313,57.71153075,57.57536549,57.68799718,0,0
34.05000000,57.99215786,57.73750225,57.66918739,57.64340740,0,0
34.06000000,58.03071692,57.79329039,57.67844796,57.66699597,0,0
34.07000000,58.04845000,57.76491369,57.63824528,57.70039684,0,0
34.08000000,58.05303584,57.73968538,57.64182815,57.66764353,0,0
34.09000000,58.04452123,57.78901828,57.67353306,57.71500095,0,0
34.10000000,58.05500857,57.80319279,57.72552242,57.71440299,0,0
34.11000000,58.07014124,57.81584866,57.64523963,57.73184555,0,0
34.12000000,58.07627038,57.81163295,57.62446641,57.73210818,0,0
34.13000000,58.11076816,57.82173203,57.64100172,57.75730079,0,0
34.14000000,58.06048285,57.84680365,57.69377511,57.80723159,0,0
34.15000000,58.10325230,57.83035952,57.78718777,57.75402182,0,0
34.16000000,58.06742856,57.86943321,57.76874136,57.80445304,0,0
34.17000000,58.12276786,57.84834803,57.77305822,57.78486748,0,0
34.18000000,58.13505380,57.86295314,57.72383424,57.81655821,0,0
34.19000000,58.16885850,57.87414991,57.76718982,57.84640874,0,0
34.20000000,58.15893765,57.91133118,57.76017332,57.84123639,0,0
34.21000000,58.12654080,57.91571491,57.82647688,57.87981790,0,0
34.22000000,58.15029665,57.93038127,57.78349903,57.86911696,0,0
34.23000000,58.14206351,57.93653956,57.78874962,57.86818481,0,0
34.24000000,58.21918237,57.90484249,57.79028199,57.88484358,0,0
34.25000000,58.21523202,57.95329401,57.79841431,57.86045190,0,0
34.26000000,58.28144191,57.96494939,57.85799632,57.87632554,0,0
34.27000000,58.25602889,57.96662949,57.82186732,57.88929831,0,0
34.28000000,58.23185889,57.97727404,57.83436040,57.84069484,0,0
34.29000000,58.22009853,58.01723105,57.84303662,57.89486267,0,0
34.30000000,58.26294464,58.02945397,57.89080282,57.88146982,0,0
34.31000000,58.30484411,58.00919499,57.89231729,57.92935865,0,0
34.32000000,58.26970259,58.00912477,57.88398365,57.95453340,0,0
34.33000000,58.24866415,58.04350767,57.88270508,57.94552028,0,0
34.34000000,58.28049289,58.04641122,57.88206910,57.99401147,0,0
34.35000000,58.32743797,58.09161604,57.92732992,57.98169304,0,0
34.36000000,58.33972899,58.02465990,57.97893049,57.99054523,0,0
34.37000000,58.30820672,57.99643290,58.00731561,57.98128066,0,0
34.38000000,58.32384863,58.03754188,57.95708962,58.01708926,0,0
34.39000000,58.33522819,58.07730209,57.93991585,58.01831731,0,0
34.40000000,58.40359316,58.12896185,57.90544830,58.03964411,0,0
34.41000000,58.38616200,58.14559204,57.92270128,58.01011796,0,0
34.42000000,58.40903371,58.11097904,57.96298868,58.01732679,0,0
34.43000000,58.35855465,58.10985097,58.02010862,58.04050413,0,0
34.44000000,58.38756872,58.12535306,58.02135032,58.03443301,0,0
34.45000000,58.39394624,58.16155630,58.00367220,58.05228365,0,0
34.46000000,58.42210780,58.17590309,57.99370987,58.05123637,0,0
34.47000000,58.39408291,58.15751759,58.03165149,58.08421035,0,0
34.48000000,58.44363107,58.15320661,58.08707656,58.11154736,0,0
34.49000000,58.44789387,58.16178383,58.06841157,58.11329931,0,0
34.50000000,58.41604474,58.19841471,58.03610665,58.14190342,0,0
34.51000000,58.41124112,58.24839462,58.06556626,58.17794677,0,0
34.52000000,58.43293423,58.24729547,58.08980585,58.20220753,0,0
34.53000000,58.50424823,58.23859193,58.12446453,58.21026117,0,0
34.54000000,58.49857720,58.22799895,58.12616626,58.19390989,0,0
34.55000000,58.50491168,58.24675299,58.08123133,58.18878052,0,0
34.56000000,58.49830656,58.29421274,58.07662060,58.18384587,0,0
34.57000000,58.50884284,58.29698720,58.10307924,58.17066462,0,0
34.58000000,58.50069454,58.28640255,58.12913013,58.18782027,0,0
34.59000000,58.50907321,58.27806111,58.14427602,58.18862457,0,0
34.60000000,58.52743447,58.29281115,58.11948613,58.18883369,0,0
34.61000000,58.54312897,58.32200679,58.11746974,58.19755268,0,0
34.62000000,58.54927211,58.32992886,58.12845424,58.21035139,0,0
34.63000000,58.55966272,58.32387041,58.14679537,58.22433387,0,0
34.64000000,58.57623042,58.32227083,58.18208969,58.22995505,0,0
34.65000000,58.57202618,58.32798200,58.22688750,58.24983797,0,0
34.66000000,58.55357913,58.36083343,58.21501417,58.24439085,0,0
34.67000000,58.57101377,58.35972489,58.16638717,58.25241666,0,0
34.68000000,58.58963408,58.34390397,58.15186364,58.27793957,0,0
34.69000000,58.60130114,58.32384768,58.17436528,58.29652525,0,0
34.70000000,58.61066199,58.36856798,58.20686553,58.29840280,0,0
34.71000000,58.63378547,58.40140445,58.21584885,58.29930799,0,0
34.72000000,58.63445311,58.42606092,58.23518629,58.30720022,0,0
34.73000000,58.65406256,58.40231168,58.24564380,58.32481524,0,0
34.74000000,58.68092995,58.42945721,58.27540826,58.33668405,0,0
34.75000000,58.68947785,58.41831858,58.30709009,58.34897632,0,0
34.76000000,58.63583523,58.47309789,58.29701811,58.37075655,0,0
34.77000000,58.63111488,58.46543445,58.28634883,58.37804116,0,0
34.78000000,58.63980667,58.43591277,58.28079162,58.38610280,0,0
34.79000000,58.73733429,58.45054737,58.29719426,58.39348278,0,0
34.80000000,58.76306757,58.42640166,58.33079704,58.42175977,0,0
34.81000000,58.74607091,58.45886331,58.34120832,58.41548230,0,0
34.82000000,58.69888019,58.45273121,58.34899582,58.41474516,0,0
34.83000000,58.68469880,58.51753176,58.33929924,58.41481889,0,0
34.84000000,58.75596471,58.54441200,58.33842936,58.43719108,0,0
34.85000000,58.76180104,58.51375680,58.33533835,58.44969356,0,0
34.86000000,58.75464202,58.47797400,58.32513355,58.41785616,0,0
34.87000000,58.72185682,58.49802840,58.35100254,58.45605324,0,0
34.88000000,58.75936891,58.54670935,58.34453513,58.45287651,0,0
34.89000000,58.78714269,58.56461566,58.39078949,58.47086899,0,0
34.90000000,58.80182551,58.52844710,58.37809966,58.45531715,0,0
34.91000000,58.75172289,58.46856618,58.43181333,58.49343229,0,0
34.92000000,58.82957229,58.49648394,58.49179875,58.49996286,0,0
34.93000000,58.80054452,58.53101896,58.41931079,58.50706879,0,0
34.94000000,58.83075348,58.61202741,58.40836279,58.52792743,0,0
34.95000000,58.81213276,58.59908150,58.35488981,58.48478430,0,0
34.96000000,58.83464340,58.54971722,58.43472290,58.52486291,0,0
34.97000000,58.86549609,58.56703835,58.48460417,58.54023817,0,0
34.98000000,58.80743810,58.58482205,58.51971209,58.53352251,0,0
34.99000000,58.75292996,58.56917407,58.48960377,58.52791744,0,0
35.00000000,58.80330560,58.59340452,58.47637132,58.54746679,0,0
35.01000000,58.87654200,58.57808808,58.48138341,58.55613348,0,0
35.02000000,58.90715783,58.60472676,58.49174273,58.57710920,0,0
35.03000000,58.88526469,58.59150486,58.49682272,58.57461338,0,0
35.04000000,58.85491262,58.65658143,58.48047807,58.58037719,0,0
35.05000000,58.83829573,58.66843637,58.49736963,58.58821666,0,0
35.06000000,58.90636650,58.61851317,58.49771639,58.62373859,0,0
35.07000000,58.94196305,58.61571336,58.50060245,58.62398565,0,0
35.08000000,58.92932302,58.65992600,58.51819226,58.62155234,0,0
35.09000000,58.90801036,58.71517610,58.53427273,58.57479242,0,0
35.10000000,58.90073810,58.70124831,58.51923459,58.58474292,0,0
35.11000000,58.94508784,58.70233128,58.52285545,58.57080713,0,0
35.12000000,58.96531383,58.65316469,58.55610890,58.65978281,0,0
35.13000000,58.90215316,58.64420507,58.59984856,58.62453393,0,0
35.14000000,58.91239346,58.65012395,58.63800598,58.66640724,0,0
35.15000000,58.93145492,58.75157325,58.60508511,58.69361549,0,0
35.16000000,58.97112363,58.75012607,58.55068365,58.65249370,0,0
35.17000000,58.96824436,58.71703768,58.56897203,58.67582016,0,0
35.18000000,58.96588847,58.71547160,58.59061552,58.66510055,0,0
35.19000000,58.96561518,58.67741495,58.60100067,58.67218682,0,0
35.20000000,58.95821075,58.77030489,58.59177709,58.68013364,0,0
35.21000000,58.93615553,58.76544186,58.56680595,58.69496530,0,0
35.22000000,58.94073648,58.76573233,58.53767859,58.70132891,0,0
35.23000000,58.99033593,58.73829237,58.56040262,58.67171897,0,0
35.24000000,59.01323607,58.72962477,58.57867092,58.69302205,0,0
35.25000000,59.03486285,58.78481818,58.57409192,58.66361854,0,0
35.26000000,58.95711963,58.78735960,58.58076703,58.71107219,0,0
35.27000000,58.96739705,58.78827093,58.58095095,58.69235613,0,0
35.28000000,58.99964933,58.76732020,58.62107537,58.73338052,0,0
35.29000000,59.02026091,58.79626249,58.67902283,58.76729843,0,0
35.30000000,59.02050098,58.79422064,58.64655645,58.76667982,0,0
35.31000000,58.99789880,58.82285647,58.64081947,58.75434853,0,0
35.32000000,58.96744106,58.82551476,58.65341715,58.80000524,0,0
35.33000000,59.05948870,58.86581264,58.64200033,58.81972057,0,0
35.34000000,59.12459941,58.85492926,58.68332877,58.77469031,0,0
35.35000000,59.10510336,58.78659788,58.69176354,58.81040816,0,0
35.36000000,59.09822309,58.82545095,58.73074564,58.77480671,0,0
35.37000000,59.02169306,58.87948759,58.71465512,58.78689083,0,0
35.38000000,59.08576380,58.94352993,58.69891894,58.80524059,0,0
35.39000000,59.10327036,58.89841799,58.66282268,58.80380301,0,0
35.40000000,59.08951399,58.86566934,58.68834885,58.82004058,0,0
35.41000000,59.07752830,58.88137699,58.71379014,58.83575346,0,0
35.42000000,59.08321056,58.90225203,58.73955059,58.85563901,0,0
35.43000000,59.12580450,58.94559613,58.72203255,58.87255191,0,0
35.44000000,59.13445750,58.90222167,58.70539487,58.84309924,0,0
35.45000000,59.12135011,58.85590373,58.71689695,58.83003474,0,0
35.46000000,59.09890127,58.86063397,58.72543627,58.84636904,0,0
35.47000000,59.10059586,58.89668522,58.71752468,58.81352425,0,0
35.48000000,59.11473578,58.92070310,58.65934490,58.83113976,0,0
35.49000000,59.14615258,58.92571382,58.62008987,58.84620872,0,0
35.50000000,59.12697314,58.91132570,58.67778923,58.87088885,0,0
35.51000000,59.11868073,58.94130631,58.78560010,58.91219835,0,0
35.52000000,59.08973816,58.93294846,58.79240078,58.86736938,0,0
35.53000000,59.10939716,58.92586152,58.80964583,58.89301313,0,0
35.54000000,59.13236805,58.92799987,58.74613284,58.89613644,0,0
35.55000000,59.15087601,58.92275423,58.76148991,58.89994867,0,0
35.56000000,59.14138456,58.93599766,58.78967610,58.91189570,0,0
35.57000000,59.16259901,58.92653045,58.78636538,58.90534800,0,0
35.58000000,59.17963996,58.95844754,58.80115567,58.93127991,0,0
35.59000000,59.17672694,58.98031303,58.79940716,58.92867932,0,0
35.60000000,59.14119917,58.96616254,58.80671599,58.94680231,0,0
35.61000000,59.12000236,58.97387206,58.82257377,58.98071687,0,0
35.62000000,59.12413733,58.98677260,58.83976503,58.98877463,0,0
35.63000000,59.07839006,58.96937538,58.81137608,58.97617838,0,0
35.64000000,59.10242873,58.99979504,58.81172908,58.94633332,0,0
35.65000000,59.14188623,58.99348101,58.80117970,58.94566422,0,0
35.66000000,59.18381685,59.02351809,58.80925558,58.94897438,0,0
35.67000000,59.21941764,59.00738435,58.82832356,58.95240515,0,0
35.68000000,59.26450371,59.03471457,58.81408832,58.98710985,0,0
35.69000000,59.22989091,59.02734419,58.80088395,58.95746189,0,0
35.70000000,59.20425811,59.06126818,58.77856029,58.96484841,0,0
35.71000000,59.21138766,59.10653006,58.78617730,58.98820358,0,0
35.72000000,59.20606773,59.10680014,58.77041288,58.99821723,0,0
35.73000000,59.22127759,59.03034091,58.77482320,59.00709088,0,0
35.74000000,59.22719987,59.02227323,58.84454649,58.98151516,0,0
35.75000000,59.25199021,59.04709072,58.90032731,59.00904360,0,0
35.76000000,59.27720105,59.08671304,58.93466023,59.03685734,0,0
35.77000000,59.26986184,59.10227293,58.97396124,59.02280303,0,0
35.78000000,59.26433533,59.08547385,58.99287646,59.07625736,0,0
35.79000000,59.27930246,59.07227123,58.97874138,59.06895116,0,0
35.80000000,59.26976132,59.09033193,58.92027674,59.04313903,0,0
35.81000000,59.31339030,59.13967432,58.86863024,59.07128355,0,0
35.82000000,59.30468386,59.12162551,58.78720131,59.05092187,0,0
35.83000000,59.32375774,59.13472386,58.81415026,59.06666522,0,0
35.84000000,59.32919125,59.14385253,58.83819024,59.05661026,0,0
35.85000000,59.34695215,59.16865300,58.93621975,59.06775360,0,0
35.86000000,59.34627872,59.12718489,58.93636191,59.07140132,0,0
35.87000000,59.34651551,59.13144264,58.92334781,59.07578965,0,0
35.88000000,59.31882703,59.12547500,58.92433543,59.12933367,0,0
35.89000000,59.38701020,59.17192423,58.93807626,59.14042002,0,0
35.90000000,59.36999362,59.17412720,58.94227758,59.12838515,0,0
35.91000000,59.37894620,59.19023175,58.95750668,59.10491015,0,0
35.92000000,59.37144594,59.17812756,58.97815814,59.13376015,0,0
35.93000000,59.39061332,59.28403500,58.98170593,59.11644536,0,0
35.94000000,59.37967034,59.35431113,59.00013928,59.16144020,0,0
35.95000000,59.39594251,59.18022476,59.01671406,59.17111590,0,0
35.96000000,59.41635739,59.07448770,59.04487485,59.15484297,0,0
35.97000000,59.48164435,59.01652853,58.99260107,59.14881640,0,0
35.98000000,59.46082462,59.15549717,58.98593942,59.13484856,0,0
35.99000000,59.39634576,59.25195912,58.99653354,59.14243977,0,0
36.00000000,59.35792919,59.30212429,58.97533709,59.13080949,0,0
36.01000000,59.37398242,59.23390167,59.04401206,59.10910031,0,0
36.02000000,59.45494842,59.15845400,59.06220979,59.14749252,0,0
36.03000000,59.52329086,59.11882604,59.04429466,59.12568117,0,0
36.04000000,59.44456384,59.13229946,59.04972858,59.14219088,0,0
36.05000000,59.40643118,59.18114382,59.02316712,59.15396063,0,0
36.06000000,59.39039099,59.23807353,59.12485284,59.13191914,0,0
36.07000000,59.42731919,59.22886459,59.09499072,59.04825656,0,0
36.08000000,59.50854303,59.20941615,59.09910813,59.10108659,0,0
36.09000000,59.46815093,59.20401629,59.07280561,59.14840001,0,0
36.10000000,59.47473684,59.13903499,59.07420361,59.24104393,0,0
36.11000000,59.44685453,59.19853910,59.06336171,59.38950281,0,0
36.12000000,59.48247247,59.21561653,59.12359534,59.30049742,0,0
36.13000000,59.49675714,59.26386739,59.13520058,59.20132467,0,0
36.14000000,59.54288689,59.28517207,59.18623247,59.15994190,0,0
36.15000000,59.53026539,59.25858410,59.14933554,59.15414012,0,0
36.16000000,59.54223322,59.23788183,59.13147507,59.21864040,0,0
36.17000000,59.53719591,59.21881981,59.14570409,59.25487492,0,0
36.18000000,59.52233530,59.26308531,59.14839754,59.26755972,0,0
36.19000000,59.53911571,59.28240429,59.18551916,59.22556660,0,0
36.20000000,59.54612182,59.27486883,59.18177200,59.21014371,0,0
36.21000000,59.54560052,59.23186053,59.19549032,59.21632504,0,0
36.22000000,59.56405722,59.24739535,59.17445330,59.23017562,0,0
36.23000000,59.56667066,59.28053844,59.18869881,59.24971346,0,0
36.24000000,59.56597857,59.34199768,59.17667710,59.22511145,0,0
36.25000000,59.56874908,59.33035116,59.19663396,59.19541448,0,0
36.26000000,59.60758673,59.28500741,59.18496668,59.22754781,0,0
36.27000000,59.58167323,59.28828009,59.18315080,59.22726595,0,0
36.28000000,59.58992557,59.30033542,59.15851286,59.25128155,0,0
36.29000000,59.58226081,59.35918494,59.19250936,59.25257140,0,0
36.30000000,59.59001335,59.34509669,59.18356287,59.25933196,0,0
36.31000000,59.58928284,59.31742151,59.20130626,59.27671451,0,0
36.32000000,59.63017091,59.27383079,59.20247516,59.28343776,0,0
36.33000000,59.63372243,59.29523195,59.22876935,59.28093744,0,0
36.34000000,59.61449706,59.33133718,59.22728092,59.28872994,0,0
36.35000000,59.57134010,59.37846356,59.24326188,59.28500524,0,0
36.36000000,59.57387070,59.36215956,59.26702785,59.29321605,0,0
36.37000000,59.61760239,59.35683714,59.26671402,59.31182455,0,0
36.38000000,59.66478714,59.32931870,59.25591363,59.29741206,0,0
36.39000000,59.67475795,59.35497566,59.24496941,59.31830670,0,0
36.40000000,59.64786593,59.38541112,59.26329724,59.33621623,0,0
36.41000000,59.59591456,59.39189445,59.26922751,59.32993646,0,0
36.42000000,59.63045233,59.40789955,59.29127869,59.34467864,0,0
36.43000000,59.69327964,59.39149694,59.30587041,59.34030729,0,0
36.44000000,59.67690798,59.36739252,59.27297781,59.32241792,0,0
36.45000000,59.66795919,59.39914557,59.26235138,59.33083256,0,0
36.46000000,59.65506664,59.42693220,59.26709943,59.35128920,0,0
36.47000000,59.65198460,59.42251272,59.27788944,59.36141310,0,0
36.48000000,59.68203720,59.43317449,59.29597620,59.37145431,0,0
36.49000000,59.71059305,59.42413769,59.33377931,59.39884784,0,0
36.50000000,59.68287688,59.41367290,59.34811930,59.37057274,0,0
36.51000000,59.71617698,59.41653294,59.32174025,59.36657687,0,0
36.52000000,59.74955075,59.44771998,59.31474668,59.37410872,0,0
36.53000000,59.78209998,59.44795124,59.30439186,59.38876809,0,0
36.54000000,59.76478546,59.43248842,59.32400368,59.41097581,0,0
36.55000000,59.75709252,59.46923103,59.35875894,59.40115066,0,0
36.56000000,59.71283861,59.49602559,59.39174879,59.40270451,0,0
36.57000000,59.76031664,59.49652328,59.36899325,59.40864200,0,0
36.58000000,59.78489928,59.48544878,59.34006673,59.39405355,0,0
36.59000000,59.79988442,59.45112779,59.35314688,59.41467030,0,0
36.60000000,59.74348189,59.47011846,59.39058846,59.41344793,0,0
36.61000000,59.75817971,59.52699842,59.39680613,59.39910133,0,0
36.62000000,59.75366728,59.51006851,59.39024792,59.42135135,0,0
36.63000000,59.77796948,59.48247264,59.37709962,59.41770806,0,0
36.64000000,59.77600016,59.43234700,59.35833360,59.44670903,0,0
36.65000000,59.75501126,59.46305734,59.34443469,59.45614050,0,0
36.66000000,59.74623195,59.52041346,59.35883303,59.46441434,0,0
36.67000000,59.79190507,59.62968435,59.32182671,59.44885737,0,0
36.68000000,59.77645488,59.53215414,59.34586849,59.44799480,0,0
36.69000000,59.81564528,59.45243672,59.38816758,59.46410981,0,0
36.70000000,59.77115477,59.43921487,59.43893398,59.49050311,0,0
36.71000000,59.77898705,59.54708061,59.44273318,59.47855738,0,0
36.72000000,59.79790943,59.58896298,59.44123128,59.51634171,0,0
36.73000000,59.82893994,59.58304799,59.41958960,59.52190250,0,0
36.74000000,59.79828639,59.50093824,59.40921500,59.48425500,0,0
36.75000000,59.83803519,59.54405122,59.45956963,59.54895388,0,0
36.76000000,59.83132308,59.55944459,59.46782255,59.52865270,0,0
36.77000000,59.79029267,59.58337956,59.47711036,59.54721103,0,0
36.78000000,59.77264221,59.52081316,59.50608866,59.55149433,0,0
36.79000000,59.77754763,59.51957574,59.50807393,59.53960516,0,0
36.80000000,59.81896217,59.52847261,59.51601855,59.52719417,0,0
36.81000000,59.85526970,59.56134659,59.50150832,59.50009038,0,0
36.82000000,59.83988261,59.60619135,59.45608781,59.48322307,0,0
36.83000000,59.80684383,59.61308601,59.45225012,59.50642169,0,0
36.84000000,59.80737397,59.59033521,59.48367998,59.57780594,0,0
36.85000000,59.83960616,59.55486376,59.42189297,59.54888363,0,0
36.86000000,59.83181875,59.50719430,59.45294820,59.55684093,0,0
36.87000000,59.88312260,59.53912970,59.42343890,59.52096785,0,0
36.88000000,59.82555593,59.59746745,59.42814439,59.49845955,0,0
36.89000000,59.82158014,59.60289921,59.47375489,59.50483938,0,0
36.90000000,59.84698986,59.58145193,59.50630542,59.54014519,0,0
36.91000000,59.79203699,59.57705151,59.50881641,59.57229941,0,0
36.92000000,59.87231324,59.57617156,59.54961735,59.63054916,0,0
36.93000000,59.88612168,59.61616604,59.58107483,59.65066845,0,0
36.94000000,59.87735592,59.55212371,59.56442789,59.63773121,0,0
36.95000000,59.83688895,59.59921884,59.54305756,59.60635874,0,0
36.96000000,59.87428461,59.61282680,59.51216801,59.60966455,0,0
36.97000000,59.90013497,59.63530633,59.51581692,59.60135282,0,0
36.98000000,59.85862227,59.64663471,59.51192749,59.54673045,0,0
36.99000000,59.91677783,59.64259627,59.54421039,59.57772842,0,0
37.00000000,59.87182412,59.65844954,59.51830776,59.61319600,0,0
37.01000000,59.91982201,59.63227341,59.47268523,59.64612722,0,0
37.02000000,59.91796302,59.66765696,59.48748687,59.63773903,0,0
37.03000000,59.88018360,59.61898793,59.48749715,59.63554152,0,0
37.04000000,59.90777059,59.69630175,59.55165810,59.62370053,0,0
37.05000000,59.93589774,59.66941460,59.56215130,59.64126208,0,0
37.06000000,59.96048931,59.69286535,59.52959428,59.60210388,0,0
37.07000000,59.93191464,59.66104840,59.53190998,59.62720414,0,0
37.08000000,59.93763376,59.63964167,59.48582442,59.68343291,0,0
37.09000000,59.88489415,59.70569230,59.58391442,59.64784873,0,0
37.10000000,59.98081616,59.73523501,59.58782580,59.65312669,0,0
37.11000000,59.99369303,59.77495902,59.58582612,59.60285874,0,0
37.12000000,60.01463144,59.75930981,59.52554685,59.60707456,0,0
37.13000000,59.92390817,59.71212200,59.55014131,59.62341829,0,0
37.14000000,59.94914954,59.75768087,59.58019452,59.64683648,0,0
37.15000000,59.97522962,59.76562857,59.58183529,59.64576744,0,0
37.16000000,60.04515531,59.83035456,59.59111798,59.66644376,0,0
37.17000000,60.01467258,59.75567443,59.57835654,59.71530351,0,0
37.18000000,60.04672253,59.76373379,59.55264930,59.69533034,0,0
37.19000000,60.01691859,59.73158003,59.55855541,59.70081456,0,0
37.20000000,60.04884100,59.78621274,59.57261786,59.70745450,0,0
37.21000000,60.03811279,59.81048356,59.59573384,59.70302512,0,0
37.22000000,60.03026792,59.78633789,59.64394061,59.72267060,0,0
37.23000000,60.03396056,59.84020160,59.65356737,59.74234458,0,0
37.24000000,60.05551355,59.82637310,59.64132616,59.74019136,0,0
37.25000000,60.07222953,59.83605132,59.61058337,59.71287402,0,0
37.26000000,60.03295190,59.81559513,59.63594141,59.72190079,0,0
37.27000000,60.01644279,59.79172021,59.66721103,59.70020068,0,0
37.28000000,60.03571463,59.79345464,59.71741365,59.75527630,0,0
37.29000000,60.10404787,59.81037544,59.67572331,59.78751384,0,0
37.30000000,60.07631394,59.81275924,59.61911285,59.74464758,0,0
37.31000000,60.10557199,59.82109401,59.60878731,59.74438295,0,0
37.32000000,60.06730357,59.83007120,59.61169709,59.74411049,0,0
37.33000000,60.05495010,59.83310991,59.64002726,59.76730862,0,0
37.34000000,60.04197515,59.82193778,59.64865164,59.79075432,0,0
37.35000000,60.05267320,59.78751734,59.67034490,59.81152441,0,0
37.36000000,60.08396786,59.80104637,59.66276604,59.78264364,0,0
37.37000000,60.09482915,59.81997506,59.69583871,59.77566917,0,0
37.38000000,60.13821834,59.83703029,59.67857007,59.78312421,0,0
37.39000000,60.07866373,59.77959411,59.70928073,59.77035511,0,0
37.40000000,60.07679989,59.78331952,59.74924480,59.79610550,0,0
37.41000000,60.05271856,59.83525452,59.77860719,59.78650224,0,0
37.42000000,60.08098088,59.85868307,59.76375243,59.79897927,0,0
37.43000000,60.11221776,59.85094747,59.74809965,59.81712871,0,0
37.44000000,60.08147557,59.81421460,59.70100148,59.82411384,0,0
37.45000000,60.08332800,59.77706186,59.74785859,59.84132975,0,0
37.46000000,60.07810344,59.80657797,59.76923628,59.83278902,0,0
37.47000000,60.11188054,59.84197433,59.78577671,59.81585917,0,0
37.48000000,60.13361366,59.87091464,59.81440172,59.82987995,0,0
37.49000000,60.17017574,59.86120031,59.78546252,59.84128733,0,0
37.50000000,60.14895429,59.81728668,59.76586864,59.87960647,0,0
37.51000000,60.14101522,59.85999452,59.75167925,59.87568480,0,0
37.52000000,60.09227003,59.90531890,59.77549432,59.89234655,0,0
37.53000000,60.08877649,59.89732127,59.76476036,59.87490053,0,0
37.54000000,60.13919021,59.88598653,59.78854415,59.86732982,0,0
37.55000000,60.18258978,59.87792362,59.80061844,59.87909288,0,0
37.56000000,60.22162296,59.84517892,59.77662877,59.85380438,0,0
37.57000000,60.16663325,59.92574437,59.80785752,59.84918526,0,0
37.58000000,60.14167871,59.94353396,59.81042648,59.89615525,0,0
37.59000000,60.12785699,59.98679813,59.84636692,59.89607922,0,0
37.60000000,60.18589607,59.92337623,59.84176464,59.89009820,0,0
37.61000000,60.20894983,59.92194155,59.78596760,59.90442164,0,0
37.62000000,60.21775642,59.91977493,59.75231722,59.87244071,0,0
37.63000000,60.19343923,59.97562767,59.74583636,59.87667664,0,0
37.64000000,60.17088093,59.98237145,59.78490374,59.85200820,0,0
37.65000000,60.18172037,59.94741252,59.81740402,59.86992418,0,0
37.66000000,60.21740745,59.91628922,59.84573242,59.90052999,0,0
37.67000000,60.22857364,59.93582969,59.86085589,59.88388426,0,0
37.68000000,60.16884447,59.98008735,59.84748683,59.90842780,0,0
37.69000000,60.16642189,60.03969627,59.76757092,59.94764781,0,0
37.70000000,60.23317197,60.03979916,59.78907083,59.91287437,0,0
37.71000000,60.28030651,59.95892854,59.83877760,59.94769724,0,0
37.72000000,60.29004265,59.94093886,59.87025478,59.95835516,0,0
37.73000000,60.23270391,59.97551636,59.85848711,59.91168765,0,0
37.74000000,60.20779063,60.01350885,59.85723325,59.93752427,0,0
37.75000000,60.24133598,60.03296342,59.84462758,59.95808986,0,0
37.76000000,60.26316127,60.03103207,59.84989022,59.96174552,0,0
37.77000000,60.29344490,59.99455049,59.86472220,59.96363261,0,0
37.78000000,60.24877168,60.05909037,59.88281240,59.98975455,0,0
37.79000000,60.24942234,60.07314920,59.86207917,59.97448950,0,0
37.80000000,60.23053383,60.08766935,59.86167447,59.99497127,0,0
37.81000000,60.24858270,60.01121323,59.83245660,59.99857660,0,0
37.82000000,60.30264600,60.00993976,59.89397140,59.95430129,0,0
37.83000000,60.33816561,60.01962331,59.90473806,59.96279219,0,0
37.84000000,60.31038380,60.03236692,59.88393246,59.93876208,0,0
37.85000000,60.24935632,60.03391337,59.79025325,59.93314526,0,0
37.86000000,60.22465261,60.00827998,59.82418997,60.00278652,0,0
37.87000000,60.25537511,60.01681930,59.91566803,60.04051852,0,0
37.88000000,60.33733490,60.01537860,59.90852839,60.02878641,0,0
37.89000000,60.26888029,60.04885887,59.95266249,60.00749535,0,0
37.90000000,60.24950147,60.06321162,59.89768323,60.03404886,0,0
37.91000000,60.24561094,60.02758674,59.91891848,59.96425924,0,0
37.92000000,60.30924886,60.07611345,59.93912902,59.97791296,0,0
37.93000000,60.33998647,60.02958997,59.99340646,60.03180578,0,0
37.94000000,60.28624276,60.06064177,59.98261185,60.02991352,0,0
37.95000000,60.34947799,60.03572771,60.01372535,60.03857031,0,0
37.96000000,60.31303452,60.12269737,59.95861111,60.06964070,0,0
37.97000000,60.37111177,60.11714592,59.92489569,60.08704806,0,0
37.98000000,60.32042857,60.07700092,59.91713630,60.10351568,0,0
37.99000000,60.36096618,60.10748341,59.96267940,60.11160066,0,0
38.00000000,60.34686580,60.11891483,60.05507236,60.11429748,0,0
38.01000000,60.41195660,60.19214536,59.99453891,60.09860163,0,0
38.02000000,60.38387644,60.12712522,60.02110100,60.10094104,0,0
38.03000000,60.41234027,60.13940702,59.97995080,60.09242588,0,0
38.04000000,60.36186664,60.15028302,60.05081414,60.13591225,0,0
38.05000000,60.41818732,60.23141923,60.07042982,60.10479498,0,0
38.06000000,60.42463036,60.20610899,60.01536808,60.10805345,0,0
38.07000000,60.44595510,60.15680722,60.00380135,60.10631783,0,0
38.08000000,60.42327865,60.13824710,59.96092170,60.10146391,0,0
38.09000000,60.42986325,60.17831055,59.99072321,60.13563112,0,0
38.10000000,60.45109930,60.26432133,59.96926426,60.15432028,0,0
38.11000000,60.43781788,60.26046539,59.99248327,60.12884271,0,0
38.12000000,60.46419756,60.17052741,60.03663431,60.09801012,0,0
38.13000000,60.42206081,60.12190095,59.98446300,60.10865168,0,0
38.14000000,60.42932414,60.11098741,59.98982529,60.09961374,0,0
38.15000000,60.42539627,60.19484596,59.99336941,60.11202060,0,0
38.16000000,60.41078629,60.22359954,60.01682551,60.09823183,0,0
38.17000000,60.45006961,60.15886859,60.03432255,60.08015899,0,0
38.18000000,60.41670899,60.11392183,60.03798466,60.07787516,0,0
38.19000000,60.42618677,60.14731627,60.03459573,60.10824458,0,0
38.20000000,60.38887494,60.20165587,60.00660187,60.13834193,0,0
38.21000000,60.42585640,60.21629939,60.01392632,60.16181606,0,0
38.22000000,60.41858099,60.19097866,60.03626037,60.17662209,0,0
38.23000000,60.41839217,60.08813572,60.05686386,60.13557186,0,0
38.24000000,60.40347613,60.07017279,60.04178741,60.13427709,0,0
38.25000000,60.39199632,60.10146294,60.04353236,60.15698134,0,0
38.26000000,60.39061504,60.16194841,60.04875758,60.16709760,0,0
38.27000000,60.41001552,60.18761072,60.09161129,60.19593215,0,0
38.28000000,60.42006106,60.14207165,60.10264006,60.16456935,0,0
38.29000000,60.40433164,60.14663493,60.09771439,60.17382172,0,0
38.30000000,60.40525551,60.12745714,60.05725798,60.19455167,0,0
38.31000000,60.41099905,60.18339902,60.06885702,60.17668470,0,0
38.32000000,60.37998688,60.18670087,60.07886601,60.20333579,0,0
38.33000000,60.40731178,60.17388219,60.09608758,60.17489668,0,0
38.34000000,60.40646545,60.11889290,60.09765921,60.14210294,0,0
38.35000000,60.44442545,60.11971198,60.07608714,60.13215766,0,0
38.36000000,60.44047658,60.15262459,60.03685472,60.16843709,0,0
38.37000000,60.42650644,60.15282063,60.06837475,60.17735245,0,0
38.38000000,60.38291904,60.16019420,60.09625537,60.18479787,0,0
38.39000000,60.38363236,60.15726204,60.08698096,60.19302674,0,0
38.40000000,60.42247558,60.14879457,60.05308062,60.16819235,0,0
38.41000000,60.43402450,60.14766683,60.03961305,60.16619242,0,0
38.42000000,60.40254676,60.17222283,60.03761115,60.13531463,0,0
38.43000000,60.38221929,60.17430866,60.05577512,60.12911648,0,0
38.44000000,60.38656794,60.16420545,60.07747522,60.13410650,0,0
38.45000000,60.40312099,60.11970038,60.06125821,60.12429769,0,0
38.46000000,60.41533615,60.08968223,60.04130421,60.15444060,0,0
38.47000000,60.45237785,60.12647775,60.06089990,60.15885838,0,0
38.48000000,60.43816871,60.17566656,60.04538769,60.16295363,0,0
38.49000000,60.45794592,60.22346859,60.05543875,60.15839130,0,0
38.50000000,60.41216178,60.17791522,60.03243646,60.17614582,0,0
38.51000000,60.42469546,60.16449331,60.04837594,60.16145748,0,0
38.52000000,60.41888822,60.14815776,60.08756452,60.20463959,0,0
38.53000000,60.43244870,60.14982938,60.07512944,60.18430927,0,0
38.54000000,60.43382168,60.16928274,60.07312830,60.15993215,0,0
38.55000000,60.46057490,60.18656041,60.04708090,60.13836592,0,0
38.56000000,60.44877968,60.18536341,60.07166581,60.15444012,0,0
38.57000000,60.42789095,60.19305670,60.09484744,60.17467326,0,0
38.58000000,60.45049650,60.17212976,60.10796596,60.16619417,0,0
38.59000000,60.47420039,60.21221304,60.10500020,60.16616169,0,0
38.60000000,60.47952015,60.20843308,60.08615002,60.19905462,0,0
38.61000000,60.44805243,60.23778471,60.02221581,60.17549943,0,0
38.62000000,60.46827617,60.24120544,60.01587607,60.18430469,0,0
38.63000000,60.51472249,60.25013612,60.02913804,60.16023913,0,0
38.64000000,60.47994150,60.22371348,60.07516044,60.14755102,0,0
38.65000000,60.44304658,60.21512840,60.03066231,60.15534533,0,0
38.66000000,60.39122512,60.17339727,60.06597917,60.15926552,0,0
38.67000000,60.46172888,60.20400059,60.02509149,60.16600259,0,0
38.68000000,60.48442863,60.20901693,60.02512433,60.16314515,0,0
38.69000000,60.49940265,60.18199071,60.01456848,60.13092311,0,0
38.70000000,60.43356974,60.15587706,60.06395294,60.11355626,0,0
38.71000000,60.43190431,60.17031825,60.07209751,60.16921876,0,0
38.72000000,60.44791455,60.22461742,60.06044131,60.17106216,0,0
38.73000000,60.49102361,60.27413364,60.06447516,60.18780099,0,0
38.74000000,60.49527057,60.21430502,60.03759167,60.13638206,0,0
38.75000000,60.41676322,60.16402981,60.06180256,60.08590818,0,0
38.76000000,60.39249907,60.16438395,60.06984390,60.12515456,0,0
38.77000000,60.44676911,60.16955021,60.03853517,60.14520171,0,0
38.78000000,60.45039663,60.19247901,60.04008913,60.17514106,0,0
38.79000000,60.45015702,60.15225921,60.08238591,60.16246807,0,0
38.80000000,60.40465351,60.16409878,60.10606322,60.15276041,0,0
38.81000000,60.44100285,60.15446258,60.09734812,60.15965800,0,0
38.82000000,60.43424848,60.23440371,60.05654397,60.24609581,0,0
38.83000000,60.45806038,60.19990865,60.00772070,60.23030484,0,0
38.84000000,60.46369555,60.17519591,60.11166379,60.26434166,0,0
38.85000000,60.41396250,60.19815902,60.10767810,60.25124714,0,0
38.86000000,60.47720546,60.18281801,60.10732482,60.17209760,0,0
38.87000000,60.43852882,60.19078770,60.06930222,60.17323984,0,0
38.88000000,60.43190474,60.15750397,60.04456703,60.17506129,0,0
38.89000000,60.41557836,60.16971178,60.10674759,60.18669014,0,0
38.90000000,60.47926305,60.24448040,60.12738226,60.21743072,0,0
38.91000000,60.48691540,60.19295464,60.14199991,60.21308935,0,0
38.92000000,60.48990548,60.18079969,60.09565707,60.16056313,0,0
38.93000000,60.45936016,60.18189526,60.06260527,60.20872648,0,0
38.94000000,60.46486311,60.17111765,60.06267236,60.19690620,0,0
38.95000000,60.45935163,60.25155368,60.09126224,60.15523493,0,0
38.96000000,60.43722664,60.20620365,60.06029123,60.15022377,0,0
38.97000000,60.45856006,60.19036424,60.05348287,60.13957013,0,0
38.98000000,60.44742309,60.15619002,60.04596160,60.14714644,0,0
38.99000000,60.44119145,60.12554342,60.06891861,60.20355482,0,0
39.00000000,60.47022384,60.20121319,60.08828401,60.20263041,0,0
39.01000000,60.43403874,60.23066353,60.11062769,60.17474437,0,0
39.02000000,60.48148945,60.23450143,60.11832149,60.19893060,0,0
39.03000000,60.46589268,60.19438769,60.10700569,60.18169477,0,0
39.04000000,60.51780061,60.18041431,60.07470885,60.19555350,0,0
39.05000000,60.46741695,60.17313765,60.05775275,60.21766232,0,0
39.06000000,60.47170503,60.21273770,60.07113781,60.19999864,0,0
39.07000000,60.45369852,60.16547185,60.10265584,60.20100973,0,0
39.08000000,60.47925779,60.21735657,60.11485660,60.19451042,0,0
39.09000000,60.49806447,60.16233960,60.09586145,60.18228424,0,0
39.10000000,60.47688729,60.21485973,60.11457202,60.22254124,0,0
39.11000000,60.49039148,60.20743409,60.10419713,60.19774641,0,0
39.12000000,60.48170591,60.22451801,60.13031643,60.21001937,0,0
39.13000000,60.49706654,60.19898402,60.13639426,60.20809928,0,0
39.14000000,60.45974406,60.22455618,60.12825578,60.21086138,0,0
39.15000000,60.45772876,60.23848549,60.07740009,60.20545912,0,0
39.16000000,60.48187717,60.25259329,60.10617558,60.17106853,0,0
39.17000000,60.50435745,60.26223288,60.09845857,60.18626186,0,0
39.18000000,60.51383824,60.19294105,60.08260698,60.18421512,0,0
39.19000000,60.50447000,60.16337919,60.07330007,60.20090693,0,0
39.20000000,60.45907815,60.19525895,60.08244479,60.22537076,0,0
39.21000000,60.47546837,60.24984043,60.09845631,60.20653822,0,0
39.22000000,60.47464751,60.23314685,60.09316925,60.18849445,0,0
39.23000000,60.48233099,60.21116650,60.13198538,60.18923489,0,0
39.24000000,60.49289282,60.17422499,60.10341246,60.17755832,0,0
39.25000000,60.52957938,60.21964183,60.09614648,60.18958762,0,0
39.26000000,60.50686493,60.25912272,60.09892261,60.20988765,0,0
39.27000000,60.48304245,60.25982554,60.10885968,60.19193768,0,0
39.28000000,60.45639109,60.21240157,60.13419369,60.18223524,0,0
39.29000000,60.46236505,60.21215737,60.14028776,60.16849748,0,0
39.30000000,60.49490514,60.20710736,60.11466987,60.18254009,0,0
39.31000000,60.47452740,60.25457769,60.07777545,60.22153716,0,0
39.32000000,60.45637956,60.23868034,60.09787243,60.21171534,0,0
39.33000000,60.45774103,60.23728271,60.14277800,60.24360897,0,0
39.34000000,60.53403407,60.22121908,60.15883499,60.24534032,0,0
39.35000000,60.57110684,60.24957859,60.15871510,60.26795290,0,0
39.36000000,60.52839806,60.28532501,60.11096190,60.25422497,0,0
39.37000000,60.48872995,60.28566729,60.10473247,60.24641463,0,0
39.38000000,60.47738267,60.31874894,60.12894521,60.23783452,0,0
39.39000000,60.53306912,60.23592552,60.12295080,60.22813127,0,0
39.40000000,60.56279004,60.21006369,60.11709885,60.22147666,0,0
39.41000000,60.55203819,60.22035137,60.14116092,60.25108528,0,0
39.42000000,60.53610596,60.29288739,60.17999700,60.26468071,0,0
39.43000000,60.49723265,60.33724856,60.18438613,60.25952471,0,0
39.44000000,60.51298824,60.28707466,60.21598492,60.24378069,0,0
39.45000000,60.55079278,60.25588020,60.19660642,60.23555173,0,0
39.46000000,60.57173079,60.24147811,60.17228842,60.25867543,0,0
39.47000000,60.54885000,60.30711661,60.12940768,60.26703517,0,0
39.48000000,60.53320620,60.30539215,60.10215336,60.27151574,0,0
39.49000000,60.54293222,60.32256599,60.09389795,60.21800370,0,0
39.50000000,60.58981515,60.27788313,60.08459526,60.19852672,0,0
39.51000000,60.58671989,60.24252061,60.13030029,60.19700077,0,0
39.52000000,60.53721281,60.24871130,60.12108250,60.22613115,0,0
39.53000000,60.54253399,60.27826021,60.13166794,60.27170019,0,0
39.54000000,60.53055229,60.29517782,60.11422566,60.22482508,0,0
39.55000000,60.50147137,60.22705956,60.13153362,60.23637272,0,0
39.56000000,60.51214274,60.27449276,60.14956748,60.18589255,0,0
39.57000000,60.52097685,60.21716870,60.13340562,60.22012635,0,0
39.58000000,60.55986513,60.25929657,60.16866919,60.25053893,0,0
39.59000000,60.51751010,60.21652849,60.15951213,60.28366658,0,0
39.60000000,60.50619604,60.26130107,60.16708196,60.22504229,0,0
39.61000000,60.46998018,60.25286804,60.14297687,60.22744424,0,0
39.62000000,60.50198620,60.23669095,60.12801709,60.23410041,0,0
39.63000000,60.54018091,60.25198037,60.12013482,60.22744552,0,0
39.64000000,60.50831355,60.23128485,60.09240471,60.22542396,0,0
39.65000000,60.49993450,60.21274836,60.12095515,60.20468397,0,0
39.66000000,60.47657048,60.16450488,60.13622600,60.23952094,0,0
39.67000000,60.46955471,60.21087356,60.14843686,60.23121171,0,0
39.68000000,60.52570880,60.29555101,60.16335532,60.30456342,0,0
39.69000000,60.50359988,60.30381794,60.20128487,60.26284252,0,0
39.70000000,60.49800027,60.26631771,60.20195792,60.30914475,0,0
39.71000000,60.46539535,60.26576542,60.18090709,60.28314020,0,0
39.72000000,60.51108616,60.23099335,60.15625998,60.28745134,0,0
39.73000000,60.50460185,60.20268549,60.11466079,60.34136680,0,0
39.74000000,60.52070973,60.25181700,60.11252009,60.27764285,0,0
39.75000000,60.50408734,60.22143520,60.16353252,60.22924276,0,0
39.76000000,60.55062342,60.24644366,60.13426545,60.21393619,0,0
39.77000000,60.54063047,60.23098107,60.11624755,60.19118522,0,0
39.78000000,60.53295804,60.27704802,60.10349130,60.24189606,0,0
39.79000000,60.50268433,60.28878126,60.12913679,60.29103159,0,0
39.80000000,60.50194410,60.28439643,60.18634919,60.24957838,0,0
39.81000000,60.51632690,60.20696059,60.17099193,60.27515936,0,0
39.82000000,60.58015136,60.29010149,60.14262682,60.20488410,0,0
39.83000000,60.58595839,60.23444249,60.12042064,60.16401353,0,0
39.84000000,60.53413405,60.25076411,60.11548432,60.16354978,0,0
39.85000000,60.46009251,60.25631042,60.15853643,60.17127484,0,0
39.86000000,60.49341010,60.25827385,60.20268226,60.20775481,0,0
39.87000000,60.58702548,60.31659653,60.17921808,60.23704249,0,0
39.88000000,60.59467518,60.24798180,60.11573705,60.26237771,0,0
39.89000000,60.53915394,60.28445841,60.09094347,60.28065510,0,0
39.90000000,60.51358340,60.23512528,60.09903998,60.25205456,0,0
39.91000000,60.53394061,60.32945434,60.11949497,60.27003755,0,0
39.92000000,60.54998060,60.32893425,60.17225921,60.23232593,0,0
39.93000000,60.55725948,60.29598072,60.15009832,60.24672608,0,0
39.94000000,60.52159320,60.25642376,60.14715513,60.28418956,0,0
39.95000000,60.52631486,60.23694967,60.11074219,60.28327238,0,0
39.96000000,60.52706305,60.27751455,60.10680300,60.27804003,0,0
39.97000000,60.53214546,60.32941993,60.13669466,60.26641216,0,0
39.98000000,60.47714515,60.32312378,60.14092642,60.23476637,0,0
39.99000000,60.49754539,60.30243727,60.17172701,60.30385409,0,0
40.00000000,60.52008092,60.30864188,60.14455359,60.29023321,0,0
40.01000000,60.53650889,60.28722000,60.10196548,60.25586770,0,0
40.02000000,60.55601450,60.28543354,60.12295223,60.23891939,0,0
40.03000000,60.51346889,60.28837393,60.13669504,60.24821719,0,0
40.04000000,60.49149906,60.28607561,60.16829192,60.28163512,0,0
40.05000000,60.51083372,60.26729558,60.16134505,60.26444294,0,0
40.06000000,60.50837744,60.27548959,60.14642437,60.27046846,0,0
40.07000000,60.48844117,60.30019652,60.17443999,60.25430966,0,0
40.08000000,60.46530043,60.27195808,60.20216032,60.36322781,0,0
40.09000000,60.52141930,60.28034401,60.21866355,60.56286992,0,0
40.10000000,60.57955436,60.28952798,60.20113934,60.73168232,0,0
40.11000000,60.61118668,60.32167441,60.19285577,60.90660633,0,0
40.12000000,60.50601834,60.29228053,60.22275705,60.96284467,0,0
40.13000000,60.49429220,60.30475087,60.27120451,60.94421519,0,0
40.14000000,60.53600184,60.36253342,60.26863276,61.02823667,0,0
40.15000000,60.62455757,60.38800178,60.21395627,61.08746972,0,0
40.16000000,60.62984022,60.40232985,60.17453082,61.12497081,0,0
40.17000000,60.57847918,60.38083497,60.15662036,61.15538307,0,0
40.18000000,60.52125474,60.39674918,60.20542611,61.10597657,0,0
40.19000000,60.53237702,60.44526840,60.22601837,61.06690042,0,0
40.20000000,60.57302859,60.46624825,60.20639564,60.95446434,0,0
40.21000000,60.60670898,60.45875579,60.15436734,60.84474003,0,0
40.22000000,60.62283581,60.43070829,60.13707469,60.71805900,0,0
40.23000000,60.58927434,60.40042330,60.09182626,60.58676517,0,0
40.24000000,60.56296867,60.41729522,60.05449930,60.61413703,0,0
40.25000000,60.52283455,60.38569996,60.01529130,60.63927580,0,0
40.26000000,60.48376358,60.39288889,60.04857490,60.65442891,0,0
40.27000000,60.45903517,60.37972598,60.07446542,60.70866179,0,0
40.28000000,60.44547204,60.38880801,60.08772090,60.76070342,0,0
40.29000000,60.47724637,60.33959925,60.02715139,60.69276586,0,0
40.30000000,60.48210797,60.30854061,60.04945233,60.68278603,0,0
40.31000000,60.53040556,60.33586847,60.08488228,60.70686640,0,0
40.32000000,60.49010010,60.35350351,60.13278344,60.65307659,0,1
40.33000000,60.41586069,60.34124578,60.13181416,60.64780341,0,1
40.34000000,60.34622072,60.27797918,60.09616823,60.67754830,0,1
40.35000000,60.37817788,60.22819680,60.04385508,60.74473742,0,1
40.36000000,60.45465177,60.23529612,60.00157246,60.76753305,0,1
40.37000000,60.46677902,60.23877042,59.98356552,60.78910014,0,1
40.38000000,60.41534039,60.24417958,60.02779902,60.80000299,0,1
40.39000000,60.34759046,60.26276789,60.06552756,60.75878551,0,1
40.40000000,60.34127161,60.22573054,60.10699614,60.68009109,0,1
40.41000000,60.40992428,60.20371022,60.09806184,60.72636888,0,1
40.42000000,60.42339814,60.23624551,60.09791844,60.79717368,0,1
40.43000000,60.42263025,60.21649465,60.06188691,60.75852183,0,1
40.44000000,60.37656239,60.20327720,60.07920449,60.73296613,0,1
40.45000000,60.41083605,60.20584934,60.07817607,60.75450423,0,1
40.46000000,60.37912087,60.17926160,60.07468162,60.75476637,0,1
40.47000000,60.40396755,60.15953319,60.09238805,60.74559432,0,1
40.48000000,60.39951498,60.14801281,60.14670240,60.80503024,0,1
40.49000000,60.39948907,60.17871551,60.15991544,60.83115563,0,1
40.50000000,60.36281947,60.19479480,60.11053021,60.78428281,0,1
40.51000000,60.34723767,60.16357819,60.09399323,60.76740552,0,1
40.52000000,60.38303151,60.19093640,60.04933495,60.77445185,0,1
40.53000000,60.44701225,60.19262345,60.11098731,60.73959448,0,1
40.54000000,60.44249025,60.22062710,60.09062252,60.70962162,0,1
40.55000000,60.38373577,60.19772704,60.12571307,60.70124490,0,1
40.56000000,60.34973312,60.21256658,60.08039986,60.71313700,0,1
40.57000000,60.34769659,60.18612536,60.06632377,60.73457903,0,1
40.58000000,60.42376269,60.14721851,60.03153133,60.74291559,0,1
40.59000000,60.41100674,60.16440358,60.01247748,60.78091203,0,1
40.60000000,60.43827938,60.20195061,60.07321348,60.76373881,0,1
40.61000000,60.39559875,60.22854310,60.05856231,60.74782659,0,1
40.62000000,60.37385691,60.18276785,60.08954656,60.72614050,0,1
40.63000000,60.36794550,60.19355771,60.05411836,60.76222784,0,1
40.64000000,60.40838192,60.20463035,60.07403809,60.72960232,0,1
40.65000000,60.41459588,60.20735082,60.10174064,60.70310532,0,1
40.66000000,60.40061215,60.21469048,60.11882911,60.70826093,0,1
40.67000000,60.40475880,60.16980078,60.00589969,60.70051410,0,1
40.68000000,60.35629837,60.16566361,60.04860088,60.72421021,0,1
40.69000000,60.38241290,60.17120146,60.03231488,60.73595073,0,1
40.70000000,60.32813481,60.15525507,60.09388485,60.74452491,0,1
40.71000000,60.33462639,60.16106266,60.09230877,60.76064947,0,1
40.72000000,60.31848954,60.15561657,60.07155753,60.65483626,0,1
40.73000000,60.40780995,60.18697370,60.00706150,60.67969529,0,1
40.74000000,60.42261044,60.19435966,60.00251701,60.75931328,0,1
40.75000000,60.39814275,60.21629800,59.98739258,60.64873163,0,1
40.76000000,60.33817447,60.13803546,60.03795118,60.68051576,0,1
40.77000000,60.33038326,60.12806419,60.07272891,60.70415800,0,1
40.78000000,60.39048642,60.08849085,60.05761233,60.63489412,0,1
40.79000000,60.37217661,60.16817948,59.98562477,60.70009415,0,1
40.80000000,60.35722486,60.16403898,59.98526187,60.70104191,0,1
40.81000000,60.27176208,60.13823629,60.00290036,60.66871367,0,1
40.82000000,60.30854483,60.10763506,60.02245912,60.70874523,0,1
40.83000000,60.32866496,60.14569956,60.05202967,60.67577242,0,1
40.84000000,60.37242205,60.14007740,60.03662545,60.66324089,0,1
40.85000000,60.36936731,60.17082753,60.02355168,60.69764431,0,1
40.86000000,60.33535481,60.16906742,60.01813018,60.58931283,0,1
40.87000000,60.30049891,60.12519909,59.99014188,60.65403894,0,1
40.88000000,60.31710804,60.13352551,59.98195872,60.63489383,0,1
40.89000000,60.34081485,60.07564586,59.93080102,60.61827572,0,1
40.90000000,60.34478459,60.09907497,59.96736893,60.71695644,0,1
40.91000000,60.32088511,60.12188017,59.96198514,60.64605428,0,1
40.92000000,60.29700782,60.16654319,59.98765528,60.62614615,0,1
40.93000000,60.26565706,60.12892727,59.97867592,60.63999786,0,1
40.94000000,60.34980973,60.08933961,59.98568969,60.64872631,0,1
40.95000000,60.34864379,60.10259324,60.00178975,60.66060771,0,1
40.96000000,60.34676835,60.11395283,59.98756554,60.61361068,0,1
40.97000000,60.28525476,60.11097338,59.99397661,60.62711966,0,1
40.98000000,60.25707862,60.14157850,59.98418010,60.61571714,0,1
40.99000000,60.26220718,60.11880147,59.97315994,60.56291947,0,1
41.00000000,60.30116874,60.08368917,59.97499127,60.66817615,0,1
41.01000000,60.34729281,60.10665197,59.99375306,60.67895935,0,1
41.02000000,60.33357735,60.08849447,59.99834126,60.62223532,0,1
41.03000000,60.29006907,60.10876669,59.97102024,60.64212483,0,1
41.04000000,60.27634607,60.12499431,59.93657685,60.56974193,0,1
41.05000000,60.30732103,60.14246100,59.92699190,60.56617746,0,1
41.06000000,60.32993223,60.10437586,59.94324012,60.63743483,0,1
41.07000000,60.34267484,60.09349181,59.94444414,60.58287218,0,1
41.08000000,60.29657261,60.08878286,59.93308926,60.58267689,0,1
41.09000000,60.26280424,60.10674774,59.93441065,60.62766121,0,1
41.10000000,60.27263703,60.09025216,59.95246229,60.59834456,0,1
41.11000000,60.33530243,60.07371505,59.99587656,60.60538678,0,1
41.12000000,60.39045017,60.07975023,59.97808974,60.62990653,0,1
41.13000000,60.36272551,60.08597920,59.99799550,60.62095139,0,1
41.14000000,60.28928460,60.10726265,60.00359741,60.59684837,0,1
41.15000000,60.25765076,60.13394493,59.97263367,60.56435368,0,1
41.16000000,60.25860594,60.11149182,59.93286641,60.55866369,0,1
41.17000000,60.25277216,60.05926202,59.93451239,60.53994540,0,1
41.18000000,60.23988335,60.07350614,59.92585016,60.53464771,0,1
41.19000000,60.27824166,60.07291878,59.97191415,60.59005184,0,1
41.20000000,60.31225832,60.09279413,59.92569589,60.54928706,0,1
41.21000000,60.32555475,60.06424069,59.90872238,60.57957713,0,1
41.22000000,60.25937323,60.03136265,59.92556703,60.61832805,0,1
41.23000000,60.21598995,60.02221920,59.93811583,60.60347464,0,1
41.24000000,60.21170684,60.05696258,59.93784677,60.64511935,0,1
41.25000000,60.25098058,60.09205277,59.88981344,60.62620591,0,1
41.26000000,60.30802026,60.09149458,59.85309545,60.63161755,0,1
41.27000000,60.29739226,60.09978243,59.82364397,60.58755736,0,1
41.28000000,60.28274899,60.04703089,59.92308679,60.55589043,0,1
41.29000000,60.25906450,60.01871134,60.01122511,60.58616807,0,1
41.30000000,60.26291163,60.06413829,60.03875456,60.56475718,0,1
41.31000000,60.24899360,60.01445711,60.02504488,60.55860407,0,1
41.32000000,60.22489017,60.04359830,60.01007405,60.60730309,0,1
41.33000000,60.23697200,60.03603857,59.94674829,60.61798250,0,1
41.34000000,60.23878878,60.04385032,59.93746645,60.55279369,0,1
41.35000000,60.27617895,59.98826252,59.92257044,60.61681810,0,1
41.36000000,60.21936354,60.02067451,59.97623835,60.58713881,0,1
41.37000000,60.26273595,60.00112332,59.97984875,60.55972838,0,1
41.38000000,60.30693841,60.00653155,59.99236859,60.56989715,0,1
41.39000000,60.31850213,60.06750655,59.94658627,60.52393052,0,1
41.40000000,60.29172242,60.08593263,59.93829687,60.52766604,0,1
41.41000000,60.23325057,60.08952755,59.92228252,60.55534689,0,1
41.42000000,60.29821570,60.03334653,59.91039179,60.58114190,0,1
41.43000000,60.31788438,60.02543328,59.92614330,60.55024421,0,1
41.44000000,60.28987852,59.96545698,59.89621552,60.57345869,0,1
41.45000000,60.28016629,59.98264149,59.94145669,60.55461712,0,1
41.46000000,60.19295727,60.02681199,59.91516843,60.50234430,0,1
41.47000000,60.25261277,60.11865221,59.97133740,60.58294481,0,1
41.48000000,60.29119541,60.12146990,59.90201914,60.53701348,0,1
41.49000000,60.35016392,60.05783196,59.91018715,60.47580984,0,1
41.50000000,60.27716800,59.94649246,59.93965382,60.60177453,0,1
41.51000000,60.25806460,60.01952971,59.89634208,60.54123040,0,1
41.52000000,60.25388072,60.04581130,59.91234701,60.49720828,0,1
41.53000000,60.26865414,60.12225698,59.78224391,60.58420403,0,1
41.54000000,60.30336835,60.02945555,59.88779969,60.54389234,0,1
41.55000000,60.27558461,60.03606651,59.90579733,60.49812851,0,1
41.56000000,60.28342302,59.97076891,59.90417348,60.56236836,0,1
41.57000000,60.22059810,59.99376046,59.92974529,60.53214180,0,1
41.58000000,60.30942114,60.00015764,59.87218271,60.55697518,0,1
41.59000000,60.24630505,60.00830467,59.95638595,60.44592904,0,1
41.60000000,60.27244278,60.02886049,59.90062304,60.48356791,0,1
41.61000000,60.19885720,60.04590232,59.92454158,60.55115219,0,1
41.62000000,60.20084236,59.98366621,59.91337574,60.47048348,0,1
41.63000000,60.21513415,60.02040560,59.84343962,60.53205087,0,1
41.64000000,60.27191456,59.93216675,59.86125358,60.52593143,0,1
41.65000000,60.21087332,59.97377830,59.88063462,60.43987594,0,1
41.66000000,60.21904736,59.96290601,59.90633628,60.47359044,0,1
41.67000000,60.17544145,59.93677937,59.85383777,60.45403062,0,1
41.68000000,60.18445728,59.95990984,59.85473681,60.48739899,0,1
41.69000000,60.22222641,59.93850508,59.85883685,60.52218112,0,1
41.70000000,60.20583721,59.93824185,59.83335511,60.44871457,0,1
41.71000000,60.20582633,59.95639137,59.91760095,60.50478014,0,1
41.72000000,60.22533724,59.97878939,59.91257756,60.47737539,0,1
41.73000000,60.19234121,60.00723823,59.91259045,60.45562450,0,1
41.74000000,60.22540466,59.96764268,59.91834004,60.58173181,0,1
41.75000000,60.21237485,59.98557951,59.94210290,60.53295902,0,1
41.76000000,60.19699062,59.93705345,59.96739499,60.51169377,0,1
41.77000000,60.13040381,59.97583465,59.97320727,60.49187812,0,1
41.78000000,60.16593639,59.98015419,59.88918279,60.49726214,0,1
41.79000000,60.17651553,59.99728528,59.83804993,60.44786701,0,1
41.80000000,60.24844163,59.99547456,59.85757896,60.49296048,0,1
41.81000000,60.23243122,59.92401657,59.84829225,60.51708087,0,1
41.82000000,60.23708571,59.96244380,59.87500879,60.50179658,0,1
41.83000000,60.18985344,59.98239976,59.91123118,60.52637539,0,1
41.84000000,60.19029473,60.01158972,59.83473151,60.50228723,0,1
41.85000000,60.22838133,59.98959528,59.80143937,60.51118704,0,1
41.86000000,60.23488733,59.95253384,59.80411689,60.50087981,0,1
41.87000000,60.22165336,59.93997115,59.84249268,60.48041569,0,1
41.88000000,60.19579506,59.94594776,59.85667569,60.47333503,0,1
41.89000000,60.14478450,59.99047040,59.87570205,60.41778566,0,1
41.90000000,60.16065244,59.99341218,59.86968952,60.42485576,0,1
41.91000000,60.17979385,59.96170064,59.85536343,60.38650007,0,1
41.92000000,60.22719164,59.96488110,59.88453176,60.39767481,0,1
41.93000000,60.21321496,59.94723016,59.88805932,60.43744031,0,1
41.94000000,60.18587744,59.96786571,59.83950908,60.46622119,0,1
41.95000000,60.17436917,59.96020662,59.84057474,60.46597909,0,1
41.96000000,60.15712230,59.94727073,59.81617146,60.49251823,0,1
41.97000000,60.20578067,59.96850947,59.85739724,60.51754077,0,1
41.98000000,60.20459182,59.96888685,59.84630833,60.46069120,0,1
41.99000000,60.20070763,59.97068767,59.84785175,60.48238062,0,1
42.00000000,60.16707763,59.97263743,59.80288441,60.51348248,0,1
42.01000000,60.18904843,59.96829105,59.82995297,60.47557307,0,1
42.02000000,60.19365292,59.96559086,59.84953227,60.44918773,0,1
42.03000000,60.17196390,59.92217457,59.89314949,60.48350476,0,1
42.04000000,60.15054173,59.91851649,59.91291247,60.47938621,0,1
42.05000000,60.16187312,59.93400060,59.87131147,60.48205515,0,1
42.06000000,60.19562889,59.96269661,59.80105666,60.52919522,0,1
42.07000000,60.20634163,59.93780118,59.79045692,60.48161717,0,1
42.08000000,60.17568619,59.92462402,59.80337148,60.45198904,0,1
42.09000000,60.13416441,59.93040408,59.83555174,60.46074388,0,1
42.10000000,60.13940080,59.91162825,59.84448839,60.44498476,0,1
42.11000000,60.20828458,59.96464382,59.80263534,60.44207830,0,1
42.12000000,60.21212214,59.96224369,59.76849985,60.40343595,0,1
42.13000000,60.15079414,59.92421336,59.77477403,60.34914447,0,1
42.14000000,60.12596398,59.86720996,59.82049933,60.39990032,0,1
42.15000000,60.08436438,59.87706226,59.82902510,60.38069266,0,1
42.16000000,60.13354328,59.90556175,59.83206300,60.42289606,0,1
42.17000000,60.15289226,59.87615433,59.80696283,60.45750264,0,1
42.18000000,60.15057210,59.87612488,59.81430542,60.41393743,0,1
42.19000000,60.14154699,59.88375528,59.83295074,60.42391393,0,1
42.20000000,60.07205140,59.88258385,59.83512021,60.42999738,0,1
42.21000000,60.09588361,59.92735724,59.80420387,60.41492439,0,1
42.22000000,60.10027093,59.91736434,59.78765535,60.39641634,0,1
42.23000000,60.15742971,59.88779418,59.79652200,60.42305194,0,1
42.24000000,60.12314164,59.88451118,59.79817956,60.41453279,0,1
42.25000000,60.09577488,59.90727325,59.79495244,60.38014961,0,1
42.26000000,60.07901589,59.87450579,59.76779841,60.44811328,0,1
42.27000000,60.11982314,59.89007619,59.76477835,60.44949344,0,1
42.28000000,60.11544611,59.82819285,59.82010530,60.42963940,0,1
42.29000000,60.09259548,59.88535130,59.83464379,60.45577255,0,1
42.30000000,60.07369786,59.87439223,59.83579905,60.46375767,0,1
42.31000000,60.09469986,59.90943350,59.85065152,60.42612130,0,1
42.32000000,60.13890127,59.87887089,59.75564700,60.44160003,0,1
42.33000000,60.13235566,59.85506339,59.77429550,60.41214019,0,1
42.34000000,60.12470574,59.87956456,59.80825214,60.36041500,0,1
42.35000000,60.10467795,59.88004594,59.83882624,60.39803963,0,1
42.36000000,60.08759981,59.92306680,59.85304690,60.40358432,0,1
42.37000000,60.13902957,59.91186754,59.77792947,60.39510793,0,1
42.38000000,60.14163146,59.90429035,59.78070161,60.42811455,0,1
42.39000000,60.13490844,59.89331526,59.77663474,60.44460491,0,1
42.40000000,60.14296963,59.91893077,59.80162216,60.42118825,0,1
42.41000000,60.08063913,59.89426289,59.78081826,60.39198637,0,1
42.42000000,60.11835477,59.86731887,59.76854597,60.42761702,0,1
42.43000000,60.11639098,59.87551163,59.73602316,60.34547956,0,1
42.44000000,60.16946258,59.86393554,59.75078662,60.33101308,0,1
42.45000000,60.10296430,59.93604712,59.70841347,60.41452648,0,1
42.46000000,60.08022288,59.89724771,59.73147460,60.37337243,0,1
42.47000000,60.08868777,59.86489742,59.74194502,60.34148614,0,1
42.48000000,60.14781959,59.83950877,59.73966107,60.47099685,0,1
42.49000000,60.13977487,59.89063579,59.74726498,60.35984971,0,1
42.50000000,60.09723048,59.92421504,59.76025746,60.35651770,0,1
42.51000000,60.04591593,59.92763586,59.73375325,60.40476297,0,1
42.52000000,60.05545846,59.87476690,59.77625266,60.32129305,0,1
42.53000000,60.10206801,59.83324928,59.71626652,60.36914228,0,1
42.54000000,60.18413547,59.89446006,59.74305560,60.36076181,0,1
42.55000000,60.15527210,59.91409596,59.74506772,60.30270636,0,1
42.56000000,60.07151429,59.93010855,59.74013860,60.40512360,0,1
42.57000000,60.03239911,59.86977574,59.78247510,60.38686378,0,1
42.58000000,60.11683739,59.86397080,59.79210705,60.32571611,0,1
42.59000000,60.12328340,59.88996802,59.76644151,60.46122632,0,1
42.60000000,60.17668405,59.94318268,59.74143893,60.44197679,0,1
42.61000000,60.03930758,59.88482479,59.76326374,60.33606447,0,1
42.62000000,60.06470255,59.88873535,59.76004819,60.40291187,0,1
42.63000000,60.04441213,59.84720637,59.76907119,60.37557735,0,1
42.64000000,60.13222973,59.87742495,59.77517216,60.36371314,0,1
42.65000000,60.14204177,59.88030656,59.77994402,60.38077032,0,1
42.66000000,60.10475412,59.87910270,59.73870553,60.38951928,0,1
42.67000000,60.09389380,59.84851566,59.78753195,60.38291883,0,1
42.68000000,60.08213766,59.89582329,59.74094381,60.38106769,0,1
42.69000000,60.11007991,59.87645528,59.76446907,60.38802790,0,1
42.70000000,60.07472864,59.85153809,59.73247868,60.40275549,0,1
42.71000000,60.06699496,59.80733539,59.72969001,60.38459112,0,1
42.72000000,60.07085438,59.81019889,59.75540982,60.37814174,0,1
42.73000000,60.05412313,59.85083282,59.72421378,60.36247550,0,1
42.74000000,60.03727243,59.87889394,59.72779800,60.32166818,0,1
42.75000000,60.05495459,59.84775763,59.74124355,60.33103304,0,1
42.76000000,60.08705606,59.85755968,59.71615077,60.29988004,0,1
42.77000000,60.08399393,59.81211550,59.74707446,60.35188866,0,1
42.78000000,60.07383703,59.80234930,59.73401110,60.35689415,0,1
42.79000000,60.03715795,59.82922230,59.69376164,60.34823339,0,1
42.80000000,60.02119093,59.87345527,59.69920213,60.39395383,0,1
42.81000000,60.08092258,59.85661335,59.71951812,60.34256398,0,1
42.82000000,60.08948129,59.81485849,59.75993905,60.37268543,0,1
42.83000000,60.07477686,59.84642007,59.74785149,60.38759151,0,1
42.84000000,60.03209166,59.82621992,59.76020278,60.34559647,0,1
42.85000000,60.02411143,59.85472201,59.74369040,60.38137246,0,1
42.86000000,60.05837122,59.86042894,59.75594052,60.34744990,0,1
42.87000000,60.06748140,59.83465870,59.73220130,60.33002851,0,1
42.88000000,60.08308435,59.85382081,59.76317765,60.38887549,0,1
42.89000000,60.06687388,59.82523580,59.74922573,60.37560230,0,1
42.90000000,60.07268327,59.89622778,59.72953113,60.40326498,0,1
42.91000000,60.07366854,59.85773168,59.71262362,60.43836367,0,1
42.92000000,60.04938443,59.84710468,59.70197095,60.33276766,0,1
42.93000000,60.03160344,59.87462673,59.72315697,60.34525996,0,1
42.94000000,60.04380851,59.86112522,59.72284910,60.40511505,0,1
42.95000000,60.06415632,59.83808305,59.70379826,60.33805516,0,1
42.96000000,60.07909484,59.84319944,59.66341051,60.27997396,0,1
42.97000000,60.04511069,59.81876025,59.63757818,60.31587344,0,1
42.98000000,60.02981283,59.84001575,59.68067805,60.29763824,0,1
42.99000000,60.03445814,59.82477816,59.69695517,60.24838207,0,1
43.00000000,60.03066486,59.80133642,59.72018069,60.32894175,0,1
43.01000000,60.00991115,59.79904206,59.69336830,60.32412400,0,1
43.02000000,60.01022046,59.81148151,59.65721933,60.31217534,0,1
43.03000000,59.98366010,59.83306163,59.66051406,60.31542840,0,1
43.04000000,60.00969007,59.82349219,59.69626963,60.28638766,0,1
43.05000000,59.98615844,59.74250882,59.68048045,60.32569102,0,1
43.06000000,59.97607133,59.74950849,59.69621545,60.27461264,0,1
43.07000000,59.98942501,59.80096867,59.71342613,60.27311035,0,1
43.08000000,60.01881130,59.84234865,59.69185585,60.32393317,0,1
43.09000000,60.00745662,59.81719929,59.67021061,60.27681016,0,1
43.10000000,59.98417103,59.77978772,59.68833218,60.31989458,0,1
43.11000000,59.99366542,59.79975574,59.70026358,60.37162128,0,1
43.12000000,60.01076892,59.83699738,59.68720412,60.33965099,0,1
43.13000000,60.02214426,59.83156546,59.66636759,60.34556511,0,1
43.14000000,60.00679314,59.76927177,59.67032489,60.34088013,0,1
43.15000000,59.99667138,59.77641033,59.67053050,60.32090606,0,1
43.16000000,60.02412401,59.75326370,59.69812366,60.35818254,0,1
43.17000000,59.99537116,59.81645455,59.69577433,60.30697357,0,1
43.18000000,59.98175195,59.79515328,59.65306613,60.28123682,0,1
43.19000000,59.99375440,59.74853291,59.64861314,60.27315069,0,1
43.20000000,59.98675675,59.74135024,59.65763495,60.28353537,0,1
43.21000000,60.03922828,59.76291418,59.68573280,60.29143757,0,1
43.22000000,60.04655092,59.75933748,59.65847873,60.28894886,0,1
43.23000000,60.03152195,59.74976274,59.64696973,60.29827818,0,1
43.24000000,59.95848768,59.76539286,59.65157156,60.22475232,0,1
43.25000000,59.88169562,59.76599272,59.66823171,60.23675819,0,1
43.26000000,59.90269568,59.78053056,59.68591707,60.28057091,0,1
43.27000000,59.97189422,59.76704780,59.62296749,60.23886579,0,1
43.28000000,60.00934232,59.72408818,59.61900498,60.20705526,0,1
43.29000000,60.01584238,59.70988220,59.61328923,60.25407522,0,1
43.30000000,59.98277071,59.75987007,59.61870784,60.24418150,0,1
43.31000000,59.95185370,59.75333920,59.63485789,60.21901847,0,1
43.32000000,59.92311487,59.74156636,59.64006045,60.33608647,0,1
43.33000000,59.87401938,59.73755853,59.64327213,60.30894657,0,1
43.34000000,59.90932516,59.71537533,59.57903902,60.26250806,0,1
43.35000000,59.93848443,59.73919999,59.57934054,60.31899827,0,1
43.36000000,59.94814574,59.73950558,59.61020816,60.32077007,0,1
43.37000000,59.93740602,59.75139667,59.61409048,60.27224874,0,1
43.38000000,59.94869204,59.69423915,59.67628609,60.27935543,0,1
43.39000000,59.97821985,59.72877455,59.75366931,60.28084316,0,1
43.40000000,59.94087553,59.71906438,59.73232184,60.25733580,0,1
43.41000000,59.91925223,59.78732595,59.69081772,60.26954441,0,1
43.42000000,59.95823895,59.77328551,59.60485685,60.28569827,0,1
43.43000000,59.96949961,59.78466936,59.62343560,60.28365714,0,1
43.44000000,59.96087937,59.71699124,59.59876623,60.28377059,0,1
43.45000000,59.97928857,59.72947653,59.60046734,60.28385911,0,1
43.46000000,59.95133180,59.70974905,59.60508101,60.22001155,0,1
43.47000000,59.98219253,59.76418594,59.64442725,60.25893911,0,1
43.48000000,59.93749438,59.75681432,59.65179970,60.28939277,0,1
43.49000000,59.96395651,59.71761543,59.62286982,60.14916201,0,1
43.50000000,59.95040031,59.74249221,59.56283067,60.19037008,0,1
43.51000000,60.01550599,59.73628222,59.55822339,60.24940191,0,1
43.52000000,59.96817443,59.80497585,59.56167898,60.21031664,0,1
43.53000000,59.94759448,59.74107333,59.54665254,60.24799364,0,1
43.54000000,59.90860519,59.68501546,59.60033541,60.26981272,0,1
43.55000000,59.94454590,59.73703262,59.60580168,60.19071962,0,1
43.56000000,60.00573174,59.71672455,59.61132958,60.23397130,0,1
43.57000000,60.00593949,59.77904772,59.57320585,60.18430970,0,1
43.58000000,59.92455599,59.69300959,59.56224174,60.19402975,0,1
43.59000000,59.87714557,59.69514938,59.59632002,60.21550879,0,1
43.60000000,59.91593259,59.71978621,59.59869407,60.16423390,0,1
43.61000000,59.97568272,59.73554400,59.60364761,60.18220152,0,1
43.62000000,59.95707092,59.71114444,59.58299738,60.22644401,0,1
43.63000000,59.93418357,59.73595620,59.59682154,60.22493726,0,1
43.64000000,59.92609561,59.69042991,59.61360349,60.20496741,0,1
43.65000000,59.94024487,59.71055472,59.60453096,60.25872736,0,1
43.66000000,59.91946188,59.72691821,59.58476043,60.22654223,0,1
43.67000000,59.95376710,59.69716015,59.60507801,60.21788292,0,1
43.68000000,59.91646231,59.70001435,59.65702912,60.21331292,0,1
43.69000000,59.96150503,59.70653269,59.63995399,60.21711856,0,1
43.70000000,59.90979841,59.66013825,59.59197755,60.18971110,0,1
43.71000000,59.92320560,59.72440607,59.56553489,60.12748710,0,1
43.72000000,59.91916860,59.75733476,59.56158623,60.23209463,0,1
43.73000000,59.91241744,59.69776658,59.61022584,60.20987754,0,1
43.74000000,59.89311501,59.68531687,59.61552040,60.19130083,0,1
43.75000000,59.90336951,59.64160609,59.59351287,60.24590078,0,1
43.76000000,59.92552454,59.68035537,59.55345171,60.19260716,0,1
43.77000000,59.96023161,59.69115503,59.53943621,60.17098000,0,1
43.78000000,59.93174062,59.69996122,59.54522495,60.19867426,0,1
43.79000000,59.85301421,59.66270392,59.58513811,60.15814633,0,1
43.80000000,59.81518709,59.62568478,59.58758489,60.19084997,0,1
43.81000000,59.84795185,59.64786452,59.57280603,60.15408714,0,1
43.82000000,59.91949414,59.65567910,59.53328396,60.13035909,0,1
43.83000000,59.93026360,59.64842919,59.52302414,60.18230201,0,1
43.84000000,59.90331972,59.66473866,59.56849966,60.13231390,0,1
43.85000000,59.86498837,59.68012457,59.60543576,60.15587786,0,1
43.86000000,59.82289431,59.66912869,59.61619031,60.24308682,0,1
43.87000000,59.86574419,59.64242500,59.59728644,60.15195375,0,1
43.88000000,59.91299512,59.62762305,59.57849485,60.12199211,0,1
43.89000000,59.88268342,59.61633724,59.57425427,60.19419593,0,1
43.90000000,59.82331926,59.61298173,59.56576295,60.16403262,0,1
43.91000000,59.79755273,59.65083379,59.54800036,60.14448406,0,1
43.92000000,59.85604487,59.65026396,59.54290322,60.19238552,0,1
43.93000000,59.90942075,59.66239160,59.54152127,60.19716123,0,1
43.94000000,59.90730143,59.63037220,59.60634220,60.17181355,0,1
43.95000000,59.87895399,59.61800698,59.61567282,60.17155760,0,1
43.96000000,59.87734561,59.62551754,59.59330892,60.23359946,0,1
43.97000000,59.88702595,59.67740673,59.55246395,60.21083856,0,1
43.98000000,59.86465985,59.65949787,59.49863183,60.18183557,0,1
43.99000000,59.84107235,59.62415368,59.51734962,60.21043324,0,1
44.00000000,59.86437462,59.62911711,59.54913981,60.17217323,0,1
44.01000000,59.90119009,59.62213461,59.55931593,60.14539070,0,1
44.02000000,59.89607560,59.64655387,59.52417717,60.10586055,0,1
44.03000000,59.85713208,59.62407074,59.48158056,60.11869092,0,1
44.04000000,59.87693689,59.60316629,59.51226691,60.09126958,0,1
44.05000000,59.87149038,59.61442734,59.53889211,60.11177485,0,1
44.06000000,59.84272156,59.61691135,59.54157742,60.15279943,0,1
44.07000000,59.80449605,59.60833689,59.47313651,60.12620183,0,1
44.08000000,59.79766503,59.61691004,59.45791788,60.12429212,0,1
44.09000000,59.86731794,59.63298477,59.44075186,60.09410450,0,1
44.10000000,59.90759970,59.64958748,59.48620772,60.10841344,0,1
44.11000000,59.89342522,59.62104153,59.49297475,60.12451551,0,1
44.12000000,59.79708115,59.57976476,59.52925946,60.11030503,0,1
44.13000000,59.80096500,59.59183083,59.51559584,60.04002330,0,1
44.14000000,59.83721030,59.58884890,59.52152436,60.10584396,0,1
44.15000000,59.86474127,59.59837485,59.48624186,60.14139959,0,1
44.16000000,59.83528535,59.57798432,59.48610133,60.08982873,0,1
44.17000000,59.81412468,59.62075512,59.51759924,60.17771661,0,1
44.18000000,59.81745044,59.59290341,59.54423535,60.15116436,0,1
44.19000000,59.86046883,59.61349601,59.53477171,60.12702254,0,1
44.20000000,59.87617168,59.60072236,59.50382555,60.12342704,0,1
44.21000000,59.84087917,59.58224279,59.59117458,60.12274442,0,1
44.22000000,59.80177502,59.56126801,59.53250991,60.14525542,0,1
44.23000000,59.79500120,59.61333223,59.50967433,60.08928668,0,1
44.24000000,59.82593486,59.58247388,59.43204223,60.04473882,0,1
44.25000000,59.88718540,59.57148478,59.40690550,60.07913075,0,1
44.26000000,59.88103985,59.57973396,59.43700582,60.06095599,0,1
44.27000000,59.79702235,59.60423534,59.47938587,60.05881852,0,1
44.28000000,59.72428577,59.60482217,59.52184307,60.15387793,0,1
44.29000000,59.80383662,59.54804119,59.51038257,60.09576241,0,1
44.30000000,59.84771843,59.55573753,59.45688537,60.04750723,0,1
44.31000000,59.88803462,59.57202730,59.46441263,60.11568698,0,1
44.32000000,59.80170022,59.55275980,59.46945425,60.06668398,0,1
44.33000000,59.66466847,59.54011695,59.49206202,60.03845614,0,1
44.34000000,59.74376196,59.57331339,59.46729496,60.05554720,0,1
44.35000000,59.81343299,59.60041410,59.46985108,60.04184335,0,1
44.36000000,59.88437235,59.54686483,59.45620050,60.04708640,0,1
44.37000000,59.77251738,59.53200280,59.47467704,60.08597800,0,1
44.38000000,59.76137429,59.54405395,59.47177078,60.09823435,0,1
44.39000000,59.75565578,59.59239478,59.47752209,60.09481863,0,1
44.40000000,59.82631185,59.60784984,59.48807311,60.07027449,0,1
44.41000000,59.84172489,59.55990444,59.45302163,60.12134974,0,1
44.42000000,59.80521584,59.48544822,59.53285189,60.09362147,0,1
44.43000000,59.77473504,59.57688092,59.52885550,60.08059299,0,1
44.44000000,59.78180582,59.57880451,59.52525877,60.11219941,0,1
44.45000000,59.76545525,59.59109749,59.43265254,60.09051902,0,1
44.46000000,59.81592703,59.55111123,59.49836484,60.04853559,0,1
44.47000000,59.78874074,59.52765574,59.49400517,60.10514567,0,1
44.48000000,59.83394918,59.56498643,59.54127696,60.12994247,0,1
44.49000000,59.82136548,59.59542569,59.49857570,60.14533870,0,1
44.50000000,59.78050160,59.62195952,59.46375495,60.09933931,0,1
44.51000000,59.74875692,59.52744405,59.43565607,60.08409915,0,1
44.52000000,59.80683269,59.57604514,59.46744579,60.08177091,0,1
44.53000000,59.85689679,59.60718556,59.47753096,60.08733834,0,1
44.54000000,59.82890939,59.59759891,59.44329673,60.10763506,0,1
44.55000000,59.76896239,59.51384863,59.41842955,60.08106368,0,1
44.56000000,59.72527785,59.50770859,59.39921562,59.99275222,0,1
44.57000000,59.77469251,59.51826325,59.41261426,60.02564732,0,1
44.58000000,59.81297801,59.56786301,59.45649101,60.07904885,0,1
44.59000000,59.75424845,59.54555413,59.44134016,59.99998523,0,1
44.60000000,59.70653833,59.49435483,59.43318695,60.08723217,0,1
44.61000000,59.67056812,59.44351087,59.44109996,60.08450275,0,1
44.62000000,59.74211927,59.48339834,59.41459463,60.01663364,0,1
44.63000000,59.77064611,59.44038392,59.42833383,60.01819144,0,1
44.64000000,59.72889193,59.44246932,59.43292273,60.03637960,0,1
44.65000000,59.63542919,59.39203823,59.45162416,59.99790854,0,1
44.66000000,59.64430120,59.38607639,59.43987392,59.94997711,0,1
44.67000000,59.65091067,59.40017397,59.39935174,59.96388748,0,1
44.68000000,59.67254376,59.38226784,59.36510272,60.01755054,0,1
44.69000000,59.64195676,59.37794960,59.37648386,59.98596389,0,1
44.70000000,59.63804931,59.37227263,59.39986170,60.01081042,0,1
44.71000000,59.66167402,59.41595857,59.39616056,60.05498415,0,1
44.72000000,59.67660816,59.41256935,59.37558211,59.96800066,0,1
44.73000000,59.69109029,59.38209148,59.32886657,59.94596919,0,1
44.74000000,59.60331388,59.34229953,59.34008233,59.97357709,0,1
44.75000000,59.55801376,59.32251549,59.33466431,59.95867557,0,1
44.76000000,59.55263441,59.28695436,59.28787533,59.91413428,0,1
44.77000000,59.55044846,59.25582043,59.25462590,59.86489654,0,1
44.78000000,59.50382750,59.22429213,59.21525680,59.83294664,0,1
44.79000000,59.43050334,59.18935003,59.24287676,59.82739997,0,1
44.80000000,59.43357193,59.19383359,59.27288341,59.83503319,0,1
44.81000000,59.47019316,59.16836901,59.25078893,59.88244702,0,1
44.82000000,59.47637389,59.15105832,59.23404912,59.86934572,0,1
44.83000000,59.42184822,59.17584092,59.19319050,59.79586587,0,1
44.84000000,59.38849099,59.17598974,59.13586876,59.72548748,0,1
44.85000000,59.35740559,59.15341398,59.11015848,59.66909308,0,1
44.86000000,59.36787670,59.09934661,59.05846167,59.69297105,0,1
44.87000000,59.36789297,59.02555054,59.04296454,59.64630152,0,1
44.88000000,59.34792283,58.96175037,59.04153301,59.61199635,0,1
44.89000000,59.29137520,58.97107222,59.04739500,59.64975823,0,1
44.90000000,59.23937324,58.98740113,59.02898125,59.56820289,0,1
44.91000000,59.24181614,58.97942481,59.00534273,59.52687635,0,1
44.92000000,59.23969501,58.90138679,58.97194720,59.62360638,0,1
44.93000000,59.18204211,58.87100596,58.96162600,59.62159763,0,1
44.94000000,59.14710697,58.88384614,58.92754036,59.54960329,0,1
44.95000000,59.10432828,58.92443859,58.89586458,59.51725548,0,1
44.96000000,59.08274032,58.86054552,58.89111280,59.44680326,0,1
44.97000000,59.06639984,58.77107172,58.88441386,59.42124668,0,1
44.98000000,59.04024213,58.70274733,58.87408480,59.45927190,0,1
44.99000000,59.05683481,58.71466013,58.82550332,59.43829495,0,1
45.00000000,58.98870505,58.72653230,58.78798688,59.39971501,0,1
45.01000000,58.97004219,58.71830963,58.73413116,59.37462282,0,1
45.02000000,58.90030298,58.65333375,58.66960333,59.35258913,0,1
45.03000000,58.86906994,58.59830218,58.63858309,59.32186000,0,1
45.04000000,58.82622587,58.59168887,58.63654967,59.39421486,0,1
45.05000000,58.88081473,58.59152138,58.60549965,59.31604685,0,1
45.06000000,58.76091164,58.53775655,58.56029263,59.18538549,0,1
45.07000000,58.71761321,58.51340401,58.55900650,59.11664596,0,1
45.08000000,58.68238231,58.46387726,58.52593576,59.11135415,0,1
45.09000000,58.68267614,58.42044344,58.48836400,59.04523282,0,1
45.10000000,58.66646535,58.38358749,58.42591269,59.08902107,0,1
45.11000000,58.61994956,58.36543772,58.42161624,59.04443841,0,1
45.12000000,58.59998068,58.33136383,58.38955389,58.96044185,0,1
45.13000000,58.60084091,58.30634514,58.37872165,58.99891366,0,1
45.14000000,58.58017915,58.29058193,58.31723146,58.97422125,0,1
45.15000000,58.49764220,58.24157837,58.25778848,58.95014597,0,1
45.16000000,58.46281627,58.19289769,58.21813226,58.88830751,0,1
45.17000000,58.40902383,58.24668404,58.22949597,58.79135464,0,1
45.18000000,58.42118564,58.17963826,58.25939876,58.75808388,0,1
45.19000000,58.40406819,58.14318183,58.19137506,58.77733994,0,1
45.20000000,58.39068025,57.98526713,58.10634654,58.69215765,0,1
45.21000000,58.33936717,57.99907743,58.03424473,58.67478028,0,1
45.22000000,58.25957702,58.06341720,58.15331660,58.70847442,0,1
45.23000000,58.25430033,58.06315668,58.07769112,58.60212523,0,1
45.24000000,58.26800344,58.01465953,58.01476991,58.60529484,0,1
45.25000000,58.28024154,57.86278825,57.94850638,58.67635324,0,1
45.26000000,58.20759529,57.87338397,57.93300747,58.63117083,0,1
45.27000000,58.18577515,57.93376223,57.84636345,58.48418196,0,1
45.28000000,58.04843634,57.94427482,57.86437059,58.48698261,0,1
45.29000000,58.05763152,57.78458072,57.88065726,58.43505269,0,1
45.30000000,58.06732662,57.74685789,57.87762656,58.39691722,0,1
45.31000000,58.07781023,57.72043009,57.78282071,58.39077036,0,1
45.32000000,58.03878527,57.73156437,57.71989529,58.40925587,0,1
45.33000000,57.94261272,57.72655501,57.71378390,58.31090964,0,1
45.34000000,57.88757933,57.73016893,57.70839227,58.25196467,0,1
45.35000000,57.93918144,57.63525029,57.70211633,58.29395016,0,1
45.36000000,57.96011866,57.65121493,57.64776392,58.31955272,0,1
45.37000000,57.93175452,57.60308685,57.58877485,58.31112948,0,1
45.38000000,57.86764347,57.63086355,57.51400273,58.21816126,0,1
45.39000000,57.76217406,57.59144989,57.53282910,58.15339550,0,1
45.40000000,57.78337283,57.49969617,57.55994538,58.10658672,0,1
45.41000000,57.76596364,57.53320679,57.50314830,58.08172819,0,1
45.42000000,57.78247117,57.52498734,57.49454277,58.08742446,0,1
45.43000000,57.78911554,57.46439559,57.44046059,58.14303481,0,1
45.44000000,57.67088618,57.45581251,57.44373409,58.05380841,0,1
45.45000000,57.64048859,57.42331353,57.43065770,57.99386333,0,1
45.46000000,57.61108741,57.43325867,57.44121891,58.07165189,0,1
45.47000000,57.64627114,57.35500266,57.40232663,58.01366385,0,1
45.48000000,57.56079322,57.35219194,57.39152118,57.97159434,0,1
45.49000000,57.50642242,57.25563856,57.35361510,58.00015829,0,1
45.50000000,57.42423759,57.21185093,57.31799990,57.89600138,0,1
45.51000000,57.36458986,57.11214024,57.32026313,57.86228826,0,1
45.52000000,57.35645338,57.15762757,57.27549374,57.86552175,0,1
45.53000000,57.31954917,57.11909755,57.25329618,57.78065030,0,1
45.54000000,57.32960818,57.16900258,57.19742673,57.81729465,0,1
45.55000000,57.36778264,57.20065609,57.17791360,57.79699635,0,1
45.56000000,57.35793297,57.16763639,57.09139676,57.73565600,0,1
45.57000000,57.37228788,57.12385547,57.05457352,57.76255350,0,1
45.58000000,57.34201813,57.05636833,57.02504611,57.72824316,0,1
45.59000000,57.28463329,57.09266075,57.03136187,57.69653902,0,1
45.60000000,57.28335155,57.11494603,57.04379435,57.67656452,0,1
45.61000000,57.30175467,57.10552802,57.00358625,57.65328196,0,1
45.62000000,57.28579639,57.06787871,56.98381344,57.61057615,0,1
45.63000000,57.22484244,57.02905785,56.95527944,57.58999456,0,1
45.64000000,57.12248180,56.94524149,56.97246526,57.58469322,0,1
45.65000000,57.07644341,56.92917563,56.93052427,57.55675401,0,1
45.66000000,57.12417173,56.93484568,56.87716564,57.55564158,0,1
45.67000000,57.12038079,56.91940431,56.87244828,57.51468415,0,1
45.68000000,57.08233973,56.86736389,56.84772827,57.48537347,0,1
45.69000000,57.04753889,56.78760105,56.86423319,57.49358231,0,1
45.70000000,57.06696329,56.78695882,56.85332656,57.45547364,0,1
45.71000000,57.07283626,56.78260701,56.78737209,57.42471723,0,1
45.72000000,57.00451721,56.81440370,56.76515187,57.39032019,0,1
45.73000000,56.90632758,56.81356302,56.75190593,57.34627953,0,1
45.74000000,56.87856016,56.79207882,56.72629187,57.28260015,0,1
45.75000000,56.90349307,56.75728931,56.69037114,57.25689100,0,1
45.76000000,56.94332311,56.69821063,56.61240210,57.26940557,0,1
45.77000000,56.93667306,56.67015207,56.54191089,57.28548293,0,1
45.78000000,56.85725611,56.66731522,56.60333712,57.30698002,0,1
45.79000000,56.80191574,56.66169865,56.64686776,57.26199496,0,1
45.80000000,56.80492573,56.60784126,56.67017693,57.25114511,0,1
45.81000000,56.82439865,56.53942837,56.62437787,57.26737849,0,1
45.82000000,56.82467452,56.56015587,56.54685368,57.23742541,0,1
45.83000000,56.78591122,56.59405948,56.52235041,57.21364285,0,1
45.84000000,56.73113854,56.58444033,56.52120738,57.24407970,0,1
45.85000000,56.72704728,56.55384901,56.49079937,57.15205122,0,1
45.86000000,56.66544589,56.50903052,56.48784062,57.03246873,0,1
45.87000000,56.64984715,56.45706451,56.46144483,57.06135384,0,1
45.88000000,56.65682641,56.46910026,56.43531902,57.07637477,0,1
45.89000000,56.61065752,56.44926356,56.40266093,57.03240096,0,1
45.90000000,56.63190047,56.42173198,56.36991845,57.01311808,0,1
45.91000000,56.61844931,56.37455223,56.36502921,57.02546082,0,1
45.92000000,56.60041079,56.35398947,56.33907650,56.97158468,0,1
45.93000000,56.56796223,56.37122896,56.32134489,56.91774878,0,1
45.94000000,56.53431024,56.35278340,56.30770986,56.95844922,0,1
45.95000000,56.51389617,56.31281145,56.29144568,56.98376136,0,1
45.96000000,56.49277364,56.28071926,56.27255345,56.85829611,0,1
45.97000000,56.47765015,56.28485124,56.25827667,56.78573417,0,1
45.98000000,56.44529367,56.28881669,56.21130895,56.86643327,0,1
45.99000000,56.40096522,56.27890571,56.17744721,56.81298667,0,1
46.00000000,56.37667426,56.20008056,56.14367966,56.78831635,0,1
46.01000000,56.41256609,56.15092918,56.15121719,56.84447806,0,1
46.02000000,56.44048317,56.15177056,56.17680464,56.82278334,0,1
46.03000000,56.40330484,56.16379044,56.13687173,56.73397158,0,1
46.04000000,56.33354654,56.18220921,56.09113342,56.73541935,0,1
46.05000000,56.32850211,56.11862780,56.04631592,56.71357506,0,1
46.06000000,56.30275700,56.12329622,56.04716499,56.69845861,0,1
46.07000000,56.30905894,56.07299626,56.06704230,56.71629259,0,1
46.08000000,56.24681755,56.09632968,56.07523286,56.64200538,0,1
46.09000000,56.21087886,56.04802229,56.05261222,56.64704015,0,1
46.10000000,56.19573236,56.02291679,55.99068905,56.63486870,0,1
46.11000000,56.25172459,56.02981527,55.95365670,56.59852703,0,1
46.12000000,56.21426265,55.96337410,55.93247973,56.57344756,0,1
46.13000000,56.23412293,55.95502687,55.92641081,56.58798791,0,1
46.14000000,56.18389724,55.93824127,55.96068115,56.58755243,0,1
46.15000000,56.19066939,55.95891035,55.93874544,56.53619088,0,1
46.16000000,56.19081827,55.97042566,55.87340451,56.48193912,0,1
46.17000000,56.10165582,55.92782875,55.78844674,56.45466633,0,1
46.18000000,56.09811336,55.87451845,55.78371220,56.46113220,0,1
46.19000000,56.07481009,55.82284443,55.83750970,56.39564902,0,1
46.20000000,56.04978637,55.85832401,55.85417368,56.34387620,0,1
46.21000000,56.05771557,55.84347586,55.80160673,56.38592924,0,1
46.22000000,56.01618151,55.77976943,55.75277647,56.37281287,0,1
46.23000000,56.03061508,55.73540777,55.78229279,56.33015788,0,1
46.24000000,55.97862776,55.72650642,55.77711410,56.36257228,0,1
46.25000000,55.99030830,55.68292919,55.77271451,56.34411114,0,1
46.26000000,55.92294809,55.69422773,55.74318954,56.34385643,0,1
46.27000000,55.95281086,55.71105539,55.64913286,56.25768633,0,1
46.28000000,55.93153981,55.66135182,55.59876991,56.20772297,0,1
46.29000000,55.90287766,55.63091627,55.58445769,56.20939756,0,1
46.30000000,55.84619084,55.58675920,55.61119531,56.15777083,0,1
46.31000000,55.80222483,55.60985903,55.62800903,56.08746538,0,1
46.32000000,55.77563894,55.55647025,55.62431617,56.14134060,0,1
46.33000000,55.80175052,55.53659585,55.54480985,56.10401745,0,1
46.34000000,55.74368137,55.48177875,55.52518866,56.10245318,0,1
46.35000000,55.75364810,55.45285132,55.51101132,56.11623075,0,1
46.36000000,55.73948543,55.48633240,55.52567126,56.12565504,0,1
46.37000000,55.75481625,55.48059856,55.48485777,56.09103420,0,1
46.38000000,55.67660652,55.46459162,55.46481281,56.06695982,0,1
46.39000000,55.69722107,55.43450663,55.41946436,56.02175782,0,1
46.40000000,55.65148346,55.42534698,55.42077739,56.00772510,0,1
46.41000000,55.64210586,55.40236850,55.40251881,55.96911126,0,1
46.42000000,55.57725488,55.35710550,55.38897941,55.92199196,0,1
46.43000000,55.56622955,55.33982212,55.36278325,55.89908203,0,1
46.44000000,55.57126803,55.29358574,55.34189174,55.89988697,0,1
46.45000000,55.57600807,55.28990523,55.30179070,55.87986107,0,1
46.46000000,55.47379508,55.24753304,55.28926161,55.87979685,0,1
46.47000000,55.43780180,55.22965741,55.28815809,55.87599407,0,1
46.48000000,55.47070344,55.24903437,55.29514170,55.84482028,0,1
46.49000000,55.49194458,55.25294546,55.26536155,55.84044536,0,1
46.50000000,55.47313975,55.22077716,55.23087776,55.80331159,0,1
46.51000000,55.42380726,55.17891076,55.19791011,55.77279076,0,1
46.52000000,55.38528245,55.15571811,55.14749276,55.74144883,0,1
46.53000000,55.35355289,55.11125706,55.18073406,55.68308459,0,1
46.54000000,55.32303138,55.09366425,55.18168392,55.62842060,0,1
46.55000000,55.26460471,55.06891970,55.17426079,55.65331263,0,1
46.56000000,55.27344208,55.05365565,55.10354821,55.65927104,0,1
46.57000000,55.25952274,55.07455448,55.05133689,55.65533460,0,1
46.58000000,55.20253249,55.02494755,55.04374388,55.66208299,0,1
46.59000000,55.25461860,54.96447381,55.00895110,55.67796117,0,1
46.60000000,55.22472489,54.92408826,54.99411966,55.60570166,0,1
46.61000000,55.20063647,54.94384828,55.00932262,55.57050705,0,1
46.62000000,55.18873061,54.96733753,54.99763323,55.57124439,0,1
46.63000000,55.18177397,54.99093817,54.95641202,55.51849717,0,1
46.64000000,55.15217453,54.94284414,54.92407295,55.49439659,0,1
46.65000000,55.11387932,54.92293039,54.92351453,55.48683694,0,1
46.66000000,55.07501809,54.88983256,54.90893371,55.45117056,0,1
46.67000000,55.04519321,54.86031108,54.85978055,55.47201181,0,1
46.68000000,55.03813534,54.86105670,54.82928819,55.46638288,0,1
46.69000000,55.04532359,54.81535007,54.80806017,55.42988926,0,1
46.70000000,55.02674057,54.76493368,54.83528444,55.44939476,0,1
46.71000000,55.03044628,54.75766676,54.83022675,55.41880622,0,1
46.72000000,55.00951202,54.75756754,54.80814002,55.38271145,0,1
46.73000000,55.02191418,54.76832010,54.78034579,55.37661352,0,1
46.74000000,54.97929512,54.73309303,54.65078858,55.29739733,0,1
46.75000000,54.89834234,54.67542444,54.66112170,55.27472403,0,1
46.76000000,54.88580877,54.67619133,54.65793373,55.21787994,0,1
46.77000000,54.87466133,54.70253209,54.66894679,55.10850472,0,1
46.78000000,54.84993563,54.65992634,54.63831866,55.13976474,0,1
46.79000000,54.84653740,54.65152319,54.56765562,55.16441804,0,1
46.80000000,54.83869944,54.59135722,54.53037790,55.13105349,0,1
46.81000000,54.77238020,54.58250567,54.59009787,55.16530972,0,1
46.82000000,54.82362140,54.54353662,54.58700466,55.14675715,0,1
46.83000000,54.78930213,54.49863617,54.57822381,55.13167554,0,1
46.84000000,54.78867371,54.46550589,54.58013382,55.11829663,0,1
46.85000000,54.73426952,54.50432107,54.53136829,55.08269352,0,1
46.86000000,54.69763031,54.50468175,54.46916684,55.05385340,0,1
46.87000000,54.68133801,54.48174172,54.47159003,55.05176879,0,1
46.88000000,54.62528073,54.39719879,54.44925075,54.97786013,0,1
46.89000000,54.59035551,54.39373142,54.43643301,54.93562874,0,1
46.90000000,54.57910655,54.35919069,54.43970368,54.99894320,0,1
46.91000000,54.62568372,54.41840677,54.36826273,54.94322309,0,1
46.92000000,54.57719675,54.39975946,54.33728521,54.92124214,0,1
46.93000000,54.56157869,54.35135615,54.31963653,54.96851970,0,1
46.94000000,54.57865854,54.29782500,54.34216708,54.87925337,0,1
46.95000000,54.58470187,54.27624409,54.33253849,54.94967762,0,1
46.96000000,54.55826502,54.30398608,54.29273687,54.88567818,0,1
46.97000000,54.48278697,54.25530212,54.24281908,54.83356690,0,1
46.98000000,54.45461260,54.32399970,54.25141060,54.86112709,0,1
46.99000000,54.46828438,54.30930026,54.24661213,54.81367535,0,1
47.00000000,54.43876603,54.22722471,54.26450962,54.70831098,0,1
47.01000000,54.38135038,54.18317020,54.24042516,54.78222395,0,1
47.02000000,54.42721386,54.12347835,54.24624275,54.80446652,0,1
47.03000000,54.40057416,54.21169111,54.14922015,54.75981862,0,1
47.04000000,54.37651325,54.14684855,54.16354603,54.68814343,0,1
47.05000000,54.31641829,54.11238335,54.15650235,54.73828635,0,1
47.06000000,54.38646027,54.04712465,54.11882736,54.68719928,0,1
47.07000000,54.32415325,54.02316932,54.09946632,54.63074953,0,1
47.08000000,54.31736891,54.10201546,54.03540152,54.63870709,0,1
47.09000000,54.24377528,54.05047953,53.99838079,54.62056591,0,1
47.10000000,54.17549691,54.01565767,53.92570861,54.54749218,0,1
47.11000000,54.30640612,53.96899079,53.97652655,54.49429549,0,1
47.12000000,54.19896636,53.96963950,53.98045320,54.47512202,0,1
47.13000000,54.13846313,53.95442265,53.94816009,54.43966199,0,1
47.14000000,54.05770542,53.95001258,53.95123383,54.51656641,0,1
47.15000000,54.07984501,53.96367921,53.87042195,54.53676530,0,1
47.16000000,54.12323706,53.91504012,53.86449589,54.39933813,0,1
47.17000000,54.09597924,53.88854217,53.85053119,54.47434592,0,1
47.18000000,54.14339420,53.86374943,53.87807290,54.46533794,0,1
47.19000000,54.00703501,53.81294049,53.79516953,54.35997281,0,1
47.20000000,54.10045641,53.81767483,53.83153832,54.39287395,0,1
47.21000000,53.98737972,53.78766400,53.76063509,54.38957407,0,1
47.22000000,53.96070875,53.84910149,53.74038284,54.35903095,0,1
47.23000000,53.95527749,53.81619315,53.72826519,54.26529511,0,1
47.24000000,53.92955512,53.75594207,53.78322676,54.26880519,0,1
47.25000000,53.91440702,53.70685574,53.76624469,54.34741274,0,1
47.26000000,53.90300186,53.68365463,53.68880852,54.28090926,0,1
47.27000000,53.91057324,53.69894410,53.63707865,54.27784633,0,1
47.28000000,53.82857702,53.67437344,53.64419977,54.28366254,0,1
47.29000000,53.86057948,53.62569475,53.69010862,54.19903730,0,1
47.30000000,53.83500137,53.59088847,53.70660389,54.21303329,0,1
47.31000000,53.82534787,53.60139373,53.63762759,54.21067561,0,1
47.32000000,53.81564493,53.62562531,53.60936480,54.16155431,0,1
47.33000000,53.78292409,53.63816902,53.48432797,54.14237443,0,1
47.34000000,53.76771000,53.59433756,53.48732874,54.11918274,0,1
47.35000000,53.72821306,53.52898613,53.50041920,54.03247770,0,1
47.36000000,53.70291072,53.49469743,53.53696418,54.02092720,0,1
47.37000000,53.64795013,53.51223860,53.52653373,54.05614429,0,1
47.38000000,53.66404254,53.50913213,53.48066273,54.06608815,0,1
47.39000000,53.67804111,53.50057125,53.38807416,54.05302878,0,1
47.40000000,53.63218557,53.40909666,53.37027303,54.02471500,0,1
47.41000000,53.62528207,53.36572922,53.35980512,54.02403375,0,1
47.42000000,53.59079907,53.38197305,53.38942140,53.96873368,0,1
47.43000000,53.56292637,53.36938292,53.34884215,53.91880886,0,1
47.44000000,53.57462420,53.38018869,53.31183854,53.96583769,0,1
47.45000000,53.52011394,53.33632667,53.27512317,53.93039509,0,1
47.46000000,53.51773796,53.32684124,53.28960708,53.83298416,0,1
47.47000000,53.45285591,53.28717946,53.29557847,53.80517872,0,1
47.48000000,53.45388210,53.29196241,53.31767952,53.81441386,0,1
47.49000000,53.44485530,53.27553525,53.27094150,53.80187675,0,1
47.50000000,53.45339925,53.22290761,53.22919979,53.83139386,0,1
47.51000000,53.43319856,53.24224043,53.15948261,53.81164776,0,1
47.52000000,53.36595321,53.22055590,53.17517024,53.78108892,0,1
47.53000000,53.37964698,53.18364508,53.18075696,53.74990396,0,1
47.54000000,53.36555238,53.16119939,53.17809941,53.72059803,0,1
47.55000000,53.35867575,53.12442616,53.15347218,53.72365149,0,1
47.56000000,53.36466354,53.11069406,53.08304902,53.71466939,0,1
47.57000000,53.31955954,53.11210055,53.04481442,53.68066518,0,1
47.58000000,53.27553978,53.10374534,53.05945137,53.64123053,0,1
47.59000000,53.23802573,53.07151697,53.09232904,53.60288695,0,1
47.60000000,53.22212367,53.06036289,53.10519345,53.60447038,0,1
47.61000000,53.23901845,53.05112860,53.08139884,53.61970733,0,1
47.62000000,53.25021451,53.04161404,52.99553583,53.62999099,0,1
47.63000000,53.26724503,53.04591968,52.92589105,53.61016789,0,1
47.64000000,53.21254286,53.04120384,52.95249285,53.58758463,0,1
47.65000000,53.22531798,53.00346564,52.96436627,53.56787316,0,1
47.66000000,53.19916500,52.94879878,52.94566711,53.50661942,0,1
47.67000000,53.17969898,52.93989668,52.94043182,53.53883545,0,1
47.68000000,53.18542196,52.94078283,52.90590135,53.51683596,0,1
47.69000000,53.13847085,52.92995451,52.88220023,53.43866450,0,1
47.70000000,53.11247741,52.94681830,52.86186290,53.40228835,0,1
47.71000000,53.06971514,52.91543850,52.87363030,53.38245372,0,1
47.72000000,53.04625596,52.90352436,52.86141368,53.35680535,0,1
47.73000000,53.03127049,52.87947795,52.84135405,53.39784292,0,1
47.74000000,53.06494350,52.84337259,52.79612983,53.40371777,0,1
47.75000000,53.04349226,52.83345562,52.75264133,53.39304714,0,1
47.76000000,53.00937988,52.81869523,52.76331102,53.36585015,0,1
47.77000000,53.01416690,52.80394818,52.79006287,53.34552519,0,1
47.78000000,53.00919833,52.76689450,52.79489337,53.32600512,0,1
47.79000000,52.97817676,52.76316601,52.76911604,53.29623998,0,1
47.80000000,52.97037859,52.77770776,52.70753626,53.32553205,0,1
47.81000000,52.93751931,52.73802295,52.68849355,53.32655727,0,1
47.82000000,52.93611108,52.73516942,52.69531085,53.25308232,0,1
47.83000000,52.90837608,52.72235012,52.70501307,53.22493866,0,1
47.84000000,52.91069970,52.71838193,52.67179576,53.26422269,0,1
47.85000000,52.85209664,52.70605750,52.68443047,53.21530310,0,1
47.86000000,52.87803785,52.69421966,52.58777927,53.20274012,0,1
47.87000000,52.92838470,52.71813973,52.60742443,53.30249125,0,1
47.88000000,52.87351787,52.62701777,52.58561127,53.23741305,0,1
47.89000000,52.85095930,52.63604040,52.61025874,53.16328526,0,1
47.90000000,52.77365995,52.58441146,52.60340634,53.18251788,0,1
47.91000000,52.77943574,52.61786474,52.57486054,53.14659724,0,1
47.92000000,52.87821951,52.58100224,52.53338222,53.08998374,0,1
47.93000000,52.79936911,52.52848007,52.50382808,53.08603484,0,1
47.94000000,52.74948110,52.52018777,52.47387839,53.02902273,0,1
47.95000000,52.70817744,52.53714713,52.54030928,52.98587732,0,1
47.96000000,52.71125540,52.59353119,52.53072662,53.02527459,0,1
47.97000000,52.63295625,52.54254456,52.51409961,53.01797731,0,1
47.98000000,52.66823060,52.46747664,52.44848639,52.96356838,0,1
47.99000000,52.64667765,52.46717063,52.35961392,53.05319153,0,1
48.00000000,52.67371677,52.49448048,52.40222709,53.05320182,0,1
48.01000000,52.66595961,52.46431177,52.38211833,52.94026483,0,1
48.02000000,52.61011646,52.43636967,52.38671230,52.98128134,0,1
48.03000000,52.57985115,52.38553393,52.33849121,52.95114351,0,1
48.04000000,52.64640685,52.43826525,52.33408250,52.90648230,0,1
48.05000000,52.58735622,52.36153899,52.29885823,52.91134183,0,1
48.06000000,52.50198712,52.33927148,52.37247119,52.90744835,0,1
48.07000000,52.42988966,52.34205551,52.34274185,52.82086430,0,1
48.08000000,52.62726665,52.32926806,52.30740094,52.88188653,0,1
48.09000000,52.53553295,52.33611927,52.29007252,52.86067943,0,1
48.10000000,52.48567983,52.25098186,52.27249272,52.83768198,0,1
48.11000000,52.38510771,52.26454635,52.23135987,52.84861126,0,1
48.12000000,52.35923320,52.24271748,52.24929058,52.86027512,0,1
48.13000000,52.44910706,52.27355169,52.23375325,52.78323327,0,1
48.14000000,52.47781786,52.24201677,52.26495088,52.76462382,0,1
48.15000000,52.45725954,52.14167270,52.24069752,52.73119592,0,1
48.16000000,52.46828767,52.14710463,52.18721197,52.72760386,0,1
48.17000000,52.41382495,52.17706547,52.16125935,52.72502620,0,1
48.18000000,52.30985574,52.19334337,52.12335259,52.69407219,0,1
48.19000000,52.28383854,52.15642290,52.13273855,52.64497392,0,1
48.20000000,52.35936388,52.14172431,52.14243021,52.66238655,0,1
48.21000000,52.37447810,52.15867470,52.10637526,52.64211470,0,1
48.22000000,52.39823011,52.12976811,52.10370611,52.62290803,0,1
48.23000000,52.33900691,52.11930085,52.00477624,52.63587797,0,1
48.24000000,52.32081615,52.13641745,52.00213641,52.65986367,0,1
48.25000000,52.30554738,52.10533518,51.97783329,52.60713305,0,1
48.26000000,52.35539343,52.12582384,52.02125998,52.62540643,0,1
48.27000000,52.29234517,52.09658093,52.11561624,52.61271826,0,1
48.28000000,52.30669876,52.09734929,52.06831051,52.58890790,0,1
48.29000000,52.30926532,52.07292535,52.01507350,52.52091813,0,1
48.30000000,52.29267115,52.02525408,51.96255315,52.58748609,0,1
48.31000000,52.27928919,52.03493420,51.96022168,52.53314080,0,1
48.32000000,52.21653454,52.07132001,51.97780863,52.52421764,0,1
48.33000000,52.21716146,52.07055389,52.01465987,52.57289988,0,1
48.34000000,52.20535242,52.07378403,52.01758364,52.52916761,0,1
48.35000000,52.26341678,52.02468746,52.00860839,52.50837601,0,1
48.36000000,52.24747199,51.99473702,51.95876001,52.56653530,0,1
48.37000000,52.24500015,51.99781474,51.91799668,52.56659261,0,1
48.38000000,52.21483460,52.02145310,51.90798289,52.49942346,0,1
48.39000000,52.15426290,51.99379472,51.92698252,52.50527228,0,1
48.40000000,52.17597350,51.97723182,51.93296622,52.47634224,0,1
48.41000000,52.22910503,51.97689464,51.90366716,52.43500286,0,1
48.42000000,52.18733951,51.95291713,51.85109364,52.40623742,0,1
48.43000000,52.14586510,51.94155932,51.84505407,52.38192330,0,1
48.44000000,52.12239793,51.94224137,51.87005927,52.41021924,0,1
48.45000000,52.09314600,51.96001635,51.88592359,52.40599550,0,1
48.46000000,52.11166937,51.95459069,51.84692555,52.38647171,0,1
48.47000000,52.13266488,51.91443515,51.84485717,52.39842003,0,1
48.48000000,52.10799187,51.89540072,51.79849334,52.44045311,0,1
48.49000000,52.07654992,51.90157199,51.83451619,52.43648516,0,1
48.50000000,52.13007092,51.95605755,51.84865342,52.40484125,0,1
48.51000000,52.19521117,52.00320646,51.84502867,52.41484214,0,1
48.52000000,52.23194251,52.01741729,51.83317153,52.36249127,0,1
48.53000000,52.20023826,52.01402097,51.81604264,52.33558076,0,1
48.54000000,52.12085565,51.96479633,51.79133842,52.34452976,0,1
48.55000000,52.07811589,51.94576715,51.81448766,52.32786192,0,1
48.56000000,52.08987640,51.90089448,51.84391280,52.36352779,0,1
48.57000000,52.10048865,51.88286908,51.83893069,52.39714264,0,1
48.58000000,52.08234322,51.89411101,51.82459015,52.36591553,0,1
48.59000000,52.07268265,51.91006931,51.80007057,52.34898786,0,1
48.60000000,52.04643205,51.93756710,51.77159403,52.39531043,0,1
48.61000000,52.05850266,51.89242585,51.78221003,52.40797184,0,1
48.62000000,52.11444318,51.85221409,51.78138948,52.41659496,0,1
48.63000000,52.10096734,51.89475947,51.76518535,52.39973994,0,1
48.64000000,52.04227771,51.86856898,51.78891972,52.35241912,0,1
48.65000000,52.04242370,51.90689160,51.77949515,52.34422059,0,1
48.66000000,52.08936933,51.88740885,51.77254098,52.32071822,0,1
48.67000000,52.11802893,51.90514792,51.73340439,52.27364020,0,1
48.68000000,52.10790199,51.87296893,51.72400341,52.26828257,0,1
48.69000000,52.03900518,51.90758493,51.76444905,52.30634943,0,1
48.70000000,51.97961936,51.94755747,51.80466920,52.31242071,0,1
48.71000000,52.10000403,51.98851402,51.81840744,52.31686083,0,1
48.72000000,52.12115684,51.95329055,51.73092009,52.32759041,0,1
48.73000000,52.10258437,51.92214734,51.72060204,52.34879208,0,1
48.74000000,52.13063753,51.86420325,51.75865266,52.36138960,0,1
48.75000000,52.11455823,51.95421336,51.81832453,52.32551836,0,1
48.76000000,52.05232132,51.92190459,51.84302837,52.39665910,0,1
48.77000000,52.04463291,51.94409421,51.78812498,52.38194380,0,1
48.78000000,52.04765891,51.89867281,51.77417462,52.33388698,0,1
48.79000000,52.08487273,51.88123802,51.72355141,52.34453531,0,1
48.80000000,52.15700213,51.87753946,51.78068534,52.33354276,0,1
48.81000000,52.13954398,51.94971493,51.81593914,52.36963127,0,1
48.82000000,52.10127267,51.95930621,51.84655631,52.37736862,0,1
48.83000000,52.12194589,52.03031631,51.81666803,52.38707689,0,1
48.84000000,52.15580768,51.95576126,51.82296747,52.39096930,0,1
48.85000000,52.15960124,52.00623022,51.82185625,52.40227235,0,1
48.86000000,52.18706759,51.99816559,51.82960298,52.37586071,0,1
48.87000000,52.22991097,52.07072184,51.81095416,52.42561495,0,1
48.88000000,52.15439811,52.03281329,51.89462407,52.40898925,0,1
48.89000000,52.22355669,52.04685966,51.83805768,52.38475106,0,1
48.90000000,52.21700457,52.04402830,51.92148026,52.39130300,0,1
48.91000000,52.22925221,51.99102789,51.83690410,52.34331201,0,1
48.92000000,52.20325724,52.05224219,51.81443115,52.37322366,0,1
48.93000000,52.17875560,52.02469368,51.90120836,52.43951135,0,1
48.94000000,52.17234671,52.05269974,51.92859912,52.47274447,0,1
48.95000000,52.18921372,52.05264293,51.92469328,52.47075032,0,1
48.96000000,52.27328754,51.97888392,51.88828714,52.41900603,0,1
48.97000000,52.23902752,52.04681761,51.81824834,52.47416043,0,1
48.98000000,52.23249412,52.04675384,51.82843481,52.49922378,0,1
48.99000000,52.21017866,52.07647311,51.88635666,52.47596630,0,1
49.00000000,52.21548528,52.10937474,51.97099289,52.45859946,0,1
49.01000000,52.24407950,52.09832898,51.96298654,52.53112299,0,1
49.02000000,52.30690942,52.05485644,51.98046126,52.43771007,0,1
49.03000000,52.27781032,52.05894792,51.92686983,52.45819585,0,1
49.04000000,52.25132311,52.09293773,51.93902305,52.48782081,0,1
49.05000000,52.26008605,52.09829128,51.99407573,52.49012379,0,1
49.06000000,52.28026573,52.12593456,52.06838153,52.53215791,0,1
49.07000000,52.29668476,52.14164787,52.05825111,52.57414646,0,1
49.08000000,52.32280301,52.08903421,52.03035947,52.49320494,0,1
49.09000000,52.32885502,52.16405059,51.90471828,52.58912611,0,1
49.10000000,52.31466176,52.13952308,51.94584277,52.63553414,0,1
49.11000000,52.35451901,52.19435194,51.99268976,52.59202109,0,1
49.12000000,52.34999780,52.22490163,52.11037311,52.61995766,0,1
49.13000000,52.36314798,52.23319777,52.09261304,52.60133498,0,1
49.14000000,52.41711867,52.20180684,52.06128592,52.56438360,0,1
49.15000000,52.36487401,52.18396122,52.00011824,52.62276926,0,1
49.16000000,52.39802918,52.19696327,52.03617954,52.57574232,0,1
49.17000000,52.37126196,52.21285305,52.04917513,52.64397432,0,1
49.18000000,52.39835342,52.20596640,52.09596421,52.65647482,0,1
49.19000000,52.38023797,52.21123752,52.13420103,52.59301919,0,1
49.20000000,52.43128950,52.21785151,52.12603098,52.64440704,0,1
49.21000000,52.47893069,52.24741094,52.11093640,52.64563674,0,1
49.22000000,52.43782093,52.24881037,52.06394447,52.64917303,0,1
49.23000000,52.48533927,52.29600531,52.11184889,52.70798078,0,1
49.24000000,52.48300088,52.29035367,52.14004604,52.66343233,0,1
49.25000000,52.47080326,52.32717303,52.17114966,52.63403340,0,1
49.26000000,52.46653444,52.29241456,52.16852389,52.67830778,0,1
49.27000000,52.43655158,52.29507748,52.14579046,52.58760814,0,1
49.28000000,52.44377798,52.29350664,52.11768474,52.59791088,0,1
49.29000000,52.49155683,52.30314211,52.11333885,52.69613530,0,1
49.30000000,52.49329487,52.31502487,52.15730730,52.67326537,0,1
49.31000000,52.50405280,52.30135729,52.21005600,52.68226819,0,1
49.32000000,52.52340446,52.33055901,52.24524423,52.76084639,0,1
49.33000000,52.53310415,52.32977008,52.21436329,52.76227332,0,1
49.34000000,52.52435486,52.37754081,52.15617475,52.75220517,0,1
49.35000000,52.52332549,52.36661765,52.19611908,52.81913978,0,1
49.36000000,52.54550199,52.37897451,52.24270761,52.81717993,0,1
49.37000000,52.54139965,52.39308067,52.26816410,52.78869100,0,1
49.38000000,52.58825951,52.38894901,52.26176329,52.80258726,0,1
49.39000000,52.55712959,52.37379093,52.24221892,52.79170965,0,1
49.40000000,52.51911210,52.36641231,52.22515681,52.75010878,0,1
49.41000000,52.52599352,52.34856776,52.23774126,52.77911477,0,1
49.42000000,52.57589095,52.35446282,52.32816062,52.82954611,0,1
49.43000000,52.59999832,52.39693595,52.37253264,52.79430667,0,1
49.44000000,52.61656337,52.40883665,52.37306382,52.82433150,0,1
49.45000000,52.60648667,52.40667650,52.32591823,52.84884650,0,1
49.46000000,52.59509872,52.41198664,52.25155605,52.84971905,0,1
49.47000000,52.62830716,52.43549189,52.29991814,52.88752997,0,1
49.48000000,52.66117352,52.48170486,52.32021915,52.89415665,0,1
49.49000000,52.62882162,52.51663793,52.30927246,52.87132325,0,1
49.50000000,52.63891249,52.50946938,52.33906411,52.87824364,0,1
49.51000000,52.65241286,52.48489621,52.34486341,52.88081243,0,1
49.52000000,52.66734945,52.46437978,52.33787354,52.83968334,0,1
49.53000000,52.68474146,52.46744392,52.34113180,52.85020085,0,1
49.54000000,52.68770436,52.47098881,52.35541126,52.90256725,0,1
49.55000000,52.68468545,52.52437059,52.38016355,52.93068355,0,1
49.56000000,52.68047307,52.50449676,52.41199176,52.92860165,0,1
49.57000000,52.71753653,52.50458777,52.41660809,52.94675888,0,1
49.58000000,52.71990404,52.51136606,52.35451512,52.95984810,0,1
49.59000000,52.74003001,52.56291138,52.35903199,52.98688281,0,1
49.60000000,52.73578431,52.58054386,52.38578281,52.99315503,0,1
49.61000000,52.72681048,52.56872851,52.46575984,52.97950204,0,1
49.62000000,52.72864281,52.58852910,52.48218774,52.95045681,0,1
49.63000000,52.75111719,52.57279867,52.47277992,52.97156672,0,1
49.64000000,52.76501004,52.58684940,52.42788285,52.89432399,0,1
49.65000000,52.75903323,52.59457049,52.38238439,52.92811268,0,1
49.66000000,52.80171211,52.57524429,52.43079898,53.04006299,0,1
49.67000000,52.80106351,52.60122097,52.49747313,53.01584054,0,1
49.68000000,52.80372214,52.65303188,52.48777992,53.00986265,0,1
49.69000000,52.82080222,52.62305976,52.50580380,53.05599387,0,1
49.70000000,52.77772721,52.65447658,52.45740537,53.06805820,0,1
49.71000000,52.83025341,52.65978565,52.45851837,53.09625911,0,1
49.72000000,52.89114076,52.69580534,52.52574699,53.11301674,0,1
49.73000000,52.88812143,52.72002091,52.53594292,53.09290081,0,1
49.74000000,52.90129828,52.64954742,52.59204310,53.07593140,0,1
49.75000000,52.84293419,52.70581168,52.57137781,53.09102751,0,1
49.76000000,52.82345547,52.67915542,52.57184341,53.05973979,0,1
49.77000000,52.85179699,52.67954576,52.55670609,53.08433695,0,1
49.78000000,52.88152004,52.67756526,52.58821223,53.12138056,0,1
49.79000000,52.89795709,52.68457807,52.60918441,53.12759792,0,1
49.80000000,52.92089778,52.71135957,52.60412297,53.11880814,0,1
49.81000000,52.98402553,52.77493597,52.65199879,53.15108335,0,1
49.82000000,52.92334207,52.75722539,52.55747147,53.17090323,0,1
49.83000000,52.92960604,52.81149816,52.58537006,53.18099205,0,1
49.84000000,52.96481756,52.79838360,52.59274574,53.16150090,0,1
49.85000000,52.98171406,52.83140364,52.64727152,53.17585790,0,1
49.86000000,53.00898265,52.85319375,52.65917420,53.15084699,0,1
49.87000000,53.10471435,52.83448779,52.66155538,53.18213631,0,1
49.88000000,52.99046182,52.84934027,52.63852081,53.14525490,0,1
49.89000000,53.01848190,52.79947654,52.63707238,53.16333982,0,1
49.90000000,52.99471232,52.84872387,52.69226723,53.21110207,0,1
49.91000000,53.02213363,52.87233000,52.75636334,53.24356992,0,1
49.92000000,53.05650580,52.86268035,52.78312091,53.29701456,0,1
49.93000000,53.06523912,52.89410051,52.78474417,53.29681971,0,1
49.94000000,53.13990167,52.91181658,52.75682330,53.32669064,0,1
49.95000000,53.08252348,52.92812343,52.72424500,53.39561578,0,1
49.96000000,53.15729348,52.92768502,52.75353263,53.33653944,0,1
49.97000000,53.08797387,52.98404213,52.79785721,53.32347897,0,1
49.98000000,53.08775791,52.95134127,52.80609901,53.38282401,0,1
49.99000000,53.12107859,52.99774275,52.82578712,53.33898487,0,1
