time_s,wheel0_corrected_rad_s,wheel1_corrected_rad_s,wheel2_corrected_rad_s,wheel3_corrected_rad_s,FL_blowout_signal,RR_blowout_signal
0.00000000,59.08822281,58.87813309,58.71819083,58.88916147,0,0
0.01000000,59.10522061,58.89436703,58.72341173,58.89927975,0,0
0.02000000,59.17434377,58.87791464,58.72602605,58.90834408,0,0
0.03000000,59.20728216,58.89968428,58.75215593,58.89346985,0,0
0.04000000,59.16973329,58.90021052,58.74969446,58.87078353,0,0
0.05000000,59.10995685,58.87094526,58.72406629,58.89182685,0,0
0.06000000,59.09670988,58.84707527,58.72837820,58.87905320,0,0
0.07000000,59.14535332,58.85707686,58.75619859,58.88873630,0,0
0.08000000,59.13956996,58.88025007,58.76906482,58.88060889,0,0
0.09000000,59.09777776,58.91354365,58.79751179,58.87814352,0,0
0.10000000,59.08879146,58.90607220,58.80697443,58.87302171,0,0
0.11000000,59.09903417,58.88643589,58.81139244,58.89101270,0,0
0.12000000,59.16452673,58.88682445,58.77318998,58.88435195,0,0
0.13000000,59.19560330,58.87592747,58.75784565,58.84541748,0,0
0.14000000,59.16893070,58.90422506,58.76352546,58.88612789,0,0
0.15000000,59.11263962,58.91379727,58.81617120,58.86746250,0,0
0.16000000,59.13237552,58.94234566,58.73435377,58.89042009,0,0
0.17000000,59.15927933,58.88858998,58.69827585,58.87218633,0,0
0.18000000,59.17134923,58.87784614,58.67115806,58.87143453,0,0
0.19000000,59.12137004,58.92294085,58.69319187,58.86063029,0,0
0.20000000,59.11318004,58.93982405,58.75791916,58.86956316,0,0
0.21000000,59.12751370,58.91740158,58.77021279,58.89512749,0,0
0.22000000,59.15309679,58.89586984,58.76644898,58.88380771,0,0
0.23000000,59.16175577,58.84160148,58.76346466,58.85809541,0,0
0.24000000,59.13249119,58.86636321,58.77921987,58.84923651,0,0
0.25000000,59.12465936,58.93871043,58.81207072,58.85893282,0,0
0.26000000,59.15311498,58.94894976,58.77033493,58.83825373,0,0
0.27000000,59.15850443,58.91035827,58.74805300,58.86526943,0,0
0.28000000,59.08964742,58.82531858,58.73578573,58.85758295,0,0
0.29000000,59.05865767,58.85612295,58.71458250,58.85809110,0,0
0.30000000,59.07151199,58.87073094,58.76736169,58.85698860,0,0
0.31000000,59.17348724,58.93304393,58.77076874,58.86845800,0,0
0.32000000,59.10387615,58.89416769,58.75623290,58.83979903,0,0
0.33000000,59.08764468,58.86950717,58.72485951,58.83918132,0,0
0.34000000,59.05358258,58.89573332,58.73525886,58.86459860,0,0
0.35000000,59.12679463,58.92982349,58.72036745,58.84251890,0,0
0.36000000,59.16850948,58.92734241,58.72452620,58.90008670,0,0
0.37000000,59.15477187,58.88440579,58.70109912,58.91162939,0,0
0.38000000,59.09461308,58.86068462,58.73691318,58.89261464,0,0
0.39000000,59.13778989,58.83970924,58.76506887,58.94784393,0,0
0.40000000,59.18483814,58.95180720,58.75252606,58.88916464,0,0
0.41000000,59.10589660,58.89817749,58.76699132,58.85257024,0,0
0.42000000,59.12701740,58.88593377,58.77532405,58.86980556,0,0
0.43000000,59.08635194,58.81930606,58.86756756,58.89184634,0,0
0.44000000,59.11349658,58.92860298,58.87021734,58.95629879,0,0
0.45000000,59.17459416,58.90363836,58.79360462,58.92785721,0,0
0.46000000,59.15158839,58.95627579,58.74002473,58.88836946,0,0
0.47000000,59.11988529,58.93256897,58.73443573,58.85485712,0,0
0.48000000,59.10826074,58.82639523,58.78158441,58.82705768,0,0
0.49000000,59.14102175,58.85595722,58.76103439,58.83806281,0,0
0.50000000,59.11293021,58.88213224,58.73327636,58.84248351,0,0
0.51000000,59.14656271,58.91942137,58.66589893,58.83520389,0,0
0.52000000,59.13203890,58.88741033,58.71123532,58.85608637,0,0
0.53000000,59.17038090,58.92106039,58.72913371,58.84104880,0,0
0.54000000,59.13487895,58.85152624,58.75019259,58.85450351,0,0
0.55000000,59.08703789,58.84489103,58.73274122,58.88946167,0,0
0.56000000,59.05843084,58.85755274,58.73984610,58.87802088,0,0
0.57000000,59.10341645,58.89202847,58.78119614,58.90414491,0,0
0.58000000,59.12208104,58.92641910,58.75843695,58.88341750,0,0
0.59000000,59.13899600,58.87519126,58.78054032,58.90384808,0,0
0.60000000,59.10240739,58.88065631,58.80099106,58.86099354,0,0
0.61000000,59.10952368,58.86491053,58.76355341,58.88798338,0,0
0.62000000,59.13925710,58.90772017,58.77386532,58.89605822,0,0
0.63000000,59.13144481,58.93029621,58.78105341,58.88118536,0,0
0.64000000,59.10974804,58.86768054,58.76725375,58.89624729,0,0
0.65000000,59.07545919,58.85552769,58.74605196,58.88122057,0,0
0.66000000,59.12458246,58.89887498,58.73710296,58.86317598,0,0
0.67000000,59.18980598,58.92483701,58.72047500,58.87472092,0,0
0.68000000,59.14415621,58.90085821,58.70525415,58.90774630,0,0
0.69000000,59.15775107,58.89914936,58.77040272,58.87388929,0,0
0.70000000,59.10086638,58.93541843,58.82256695,58.89425623,0,0
0.71000000,59.15171493,58.94773595,58.85749570,58.91332188,0,0
0.72000000,59.13996044,58.90396566,58.81449558,58.88577109,0,0
0.73000000,59.16673536,58.86029942,58.76098245,58.88764744,0,0
0.74000000,59.14930258,58.89414979,58.76915237,58.87149863,0,0
0.75000000,59.16140454,58.93527333,58.77524477,58.89034826,0,0
0.76000000,59.11609328,58.95184677,58.77467157,58.88143886,0,0
0.77000000,59.09659145,58.94937161,58.74305099,58.87451548,0,0
0.78000000,59.15674008,58.91259176,58.75638455,58.89290436,0,0
0.79000000,59.19717056,58.91696372,58.76742037,58.87713381,0,0
0.80000000,59.22018774,58.91228960,58.75288387,58.89267882,0,0
0.81000000,59.14978923,58.93027173,58.74812022,58.87371846,0,0
0.82000000,59.10205295,58.94606235,58.72694605,58.86308523,0,0
0.83000000,59.11817074,58.95093958,58.71936101,58.84112863,0,0
0.84000000,59.15932895,58.94279404,58.75952639,58.86579321,0,0
0.85000000,59.16748850,58.93306897,58.76543153,58.85951386,0,0
0.86000000,59.13841887,58.91752902,58.77987480,58.87210684,0,0
0.87000000,59.11542996,58.91559856,58.77481808,58.92165889,0,0
0.88000000,59.14824036,58.94710701,58.75754202,58.91795824,0,0
0.89000000,59.16355220,58.96471320,58.74976501,58.92697803,0,0
0.90000000,59.18922973,58.92034287,58.75617077,58.90598240,0,0
0.91000000,59.15185353,58.88087672,58.79853429,58.88762242,0,0
0.92000000,59.10393263,58.91719858,58.80602436,58.92479985,0,0
0.93000000,59.06431658,58.88339186,58.78407801,58.93322245,0,0
0.94000000,59.14857476,58.99622530,58.74308707,58.91314950,0,0
0.95000000,59.12456705,58.97317577,58.75099706,58.92627867,0,0
0.96000000,59.16270711,58.96435814,58.78655480,58.91400811,0,0
0.97000000,59.09780294,58.84339726,58.79419413,58.87104113,0,0
0.98000000,59.12473626,58.84333892,58.81020881,58.87399360,0,0
0.99000000,59.13115462,58.91655972,58.76078876,58.88082382,0,0
1.00000000,59.09545293,58.95218456,58.73931490,58.90746727,0,0
1.01000000,59.14238584,58.97902209,58.71535004,58.90803028,0,0
1.02000000,59.13559279,58.91575482,58.74265531,58.89057450,0,0
1.03000000,59.15250802,58.90521722,58.76765377,58.90860519,0,0
1.04000000,59.15298673,58.88199367,58.75321827,58.94459072,0,0
1.05000000,59.13673011,58.98564328,58.77596849,58.94543746,0,0
1.06000000,59.13987480,58.94390587,58.79496247,58.95796791,0,0
1.07000000,59.16220630,58.90393072,58.85409258,58.98966624,0,0
1.08000000,59.13822285,58.87151724,58.83340748,58.87470853,0,0
1.09000000,59.11859816,58.90958023,58.89871261,58.92716663,0,0
1.10000000,59.13513108,58.98879947,58.79670021,58.90481131,0,0
1.11000000,59.13412444,58.99000587,58.86387627,58.91735575,0,0
1.12000000,59.17334200,58.90451684,58.76651183,58.97209528,0,0
1.13000000,59.15203943,58.88836275,58.77695081,58.99707079,0,0
1.14000000,59.21200021,58.98446675,58.76340947,58.94614888,0,0
1.15000000,59.18028038,58.99859289,58.77017374,58.89287023,0,0
1.16000000,59.17514170,58.93638422,58.78724551,58.91860805,0,0
1.17000000,59.15159720,58.94149297,58.69321917,58.87863722,0,0
1.18000000,59.16188495,58.89061527,58.75545016,58.92015636,0,0
1.19000000,59.21304302,58.96253511,58.78474176,58.88068329,0,0
1.20000000,59.12517673,58.95466341,58.74324335,58.90640026,0,0
1.21000000,59.08385235,58.99827367,58.72773715,58.88619377,0,0
1.22000000,59.12305462,58.90605919,58.73256448,58.92794584,0,0
1.23000000,59.19078999,58.93890631,58.74270415,58.93541619,0,0
1.24000000,59.20661685,58.89697926,58.80423642,58.93557263,0,0
1.25000000,59.14465299,58.89468156,58.77711318,58.90448617,0,0
1.26000000,59.04332026,58.90668720,58.77748703,58.92301720,0,0
1.27000000,59.05702646,59.00102609,58.78065950,58.93938652,0,0
1.28000000,59.13106089,58.98511094,58.77886935,58.94172876,0,0
1.29000000,59.19658525,58.96897868,58.76716502,58.92666831,0,0
1.30000000,59.14382664,58.87324655,58.72386803,58.90335793,0,0
1.31000000,59.06924081,58.89318360,58.74342678,58.91940002,0,0
1.32000000,59.08334405,58.93625173,58.75514427,58.97219607,0,0
1.33000000,59.08846343,58.94777985,58.77983558,58.93376334,0,0
1.34000000,59.12635270,58.88883780,58.76048164,58.94572002,0,0
1.35000000,59.16841479,58.91449573,58.78170643,58.92642679,0,0
1.36000000,59.16965092,58.94108754,58.79067600,58.94693623,0,0
1.37000000,59.15388873,58.97862261,58.79302985,58.93784231,0,0
1.38000000,59.12209030,58.95759357,58.78633630,58.96376392,0,0
1.39000000,59.15633331,58.89383805,58.78110744,58.95323289,0,0
1.40000000,59.16542938,58.89398664,58.83392903,58.94108465,0,0
1.41000000,59.20059269,58.96371041,58.85373103,58.92687252,0,0
1.42000000,59.14344949,58.99547661,58.84100192,58.90232778,0,0
1.43000000,59.12075489,58.97890979,58.77925799,58.88205816,0,0
1.44000000,59.12179075,58.90376262,58.76248597,58.92168254,0,0
1.45000000,59.16386809,58.93929912,58.75094335,58.93320805,0,0
1.46000000,59.22935235,58.97894732,58.79724064,58.95057152,0,0
1.47000000,59.22069892,58.99050813,58.81973472,58.97541056,0,0
1.48000000,59.15959015,58.94278062,58.78488353,58.96250963,0,0
1.49000000,59.12789583,58.93593250,58.77886801,58.95574591,0,0
1.50000000,59.19037683,58.95210335,58.77045001,58.95222247,0,0
1.51000000,59.23291588,58.99432413,58.74710647,58.87664074,0,0
1.52000000,59.21491604,58.98546984,58.77491736,58.89271348,0,0
1.53000000,59.14242346,58.93865222,58.78311367,58.93996606,0,0
1.54000000,59.18277212,58.97115125,58.78260900,58.93334326,0,0
1.55000000,59.17723647,58.97992149,58.79140420,58.94294772,0,0
1.56000000,59.24200181,58.99383435,58.79584702,58.92886708,0,0
1.57000000,59.16008924,58.92331671,58.78642369,58.90472881,0,0
1.58000000,59.16599211,58.90060754,58.84546036,58.92153977,0,0
1.59000000,59.14468103,58.91667722,58.83044382,58.94593582,0,0
1.60000000,59.17275766,58.97713934,58.80645194,58.94504705,0,0
1.61000000,59.18108427,58.98793345,58.76117550,58.92052151,0,0
1.62000000,59.16641912,58.94301325,58.74656271,58.92240439,0,0
1.63000000,59.20603478,58.93117893,58.79119079,58.91744144,0,0
1.64000000,59.22344652,58.97042586,58.82759420,58.93198895,0,0
1.65000000,59.20765712,58.97762831,58.77173161,58.90647561,0,0
1.66000000,59.12947335,58.97956618,58.74504426,58.88872933,0,0
1.67000000,59.13665635,58.94358939,58.73294535,58.90683006,0,0
1.68000000,59.17165431,58.96882211,58.73779308,58.88365042,0,0
1.69000000,59.20543381,58.92435878,58.77843556,58.91106856,0,0
1.70000000,59.21854767,58.92985700,58.76188358,58.91015436,0,0
1.71000000,59.10770178,58.90276709,58.82035840,58.96187670,0,0
1.72000000,59.15110909,58.95349186,58.80182727,58.98297902,0,0
1.73000000,59.17121254,58.95061631,58.85842964,58.98081891,0,0
1.74000000,59.21247527,58.94502216,58.88475829,58.94533498,0,0
1.75000000,59.19378786,58.94202222,58.90161031,58.97540232,0,0
1.76000000,59.14455944,58.93258808,58.87059956,58.96956674,0,0
1.77000000,59.21065354,58.96772794,58.86565457,58.97128748,0,0
1.78000000,59.24221261,58.94013011,58.81350993,58.96073513,0,0
1.79000000,59.14385053,58.95288524,58.78997041,58.91977910,0,0
1.80000000,59.15518022,58.95462381,58.83169741,58.91649155,0,0
1.81000000,59.11587306,58.96494131,58.84051594,58.91683189,0,0
1.82000000,59.22946204,58.95127039,58.85583961,58.93097492,0,0
1.83000000,59.23518979,58.93962896,58.79648595,58.95743370,0,0
1.84000000,59.27467386,58.91793319,58.77226044,58.90600547,0,0
1.85000000,59.19112257,58.92344471,58.82539178,58.93117297,0,0
1.86000000,59.13384936,58.98898966,58.82057672,58.91115133,0,0
1.87000000,59.13930740,58.97729140,58.85793007,58.91204154,0,0
1.88000000,59.18795175,58.93506218,58.81343865,58.92640704,0,0
1.89000000,59.21093208,58.93267960,58.77514909,58.91702672,0,0
1.90000000,59.23679233,58.88511168,58.78431085,58.94475302,0,0
1.91000000,59.18461857,58.92314930,58.81327629,58.92873017,0,0
1.92000000,59.11418063,58.94126156,58.83188991,58.92009668,0,0
1.93000000,59.14680168,58.92523100,58.84325802,58.95379265,0,0
1.94000000,59.16049742,58.95862150,58.85023498,58.90359762,0,0
1.95000000,59.23887938,58.94945229,58.92548409,58.91803838,0,0
1.96000000,59.24491984,58.92719662,58.80217053,58.92126531,0,0
1.97000000,59.10180232,58.93117899,58.77152137,58.90298747,0,0
1.98000000,59.09642587,58.91532692,58.77866839,58.93440077,0,0
1.99000000,59.10397925,58.98631811,58.81233077,58.91716649,0,0
2.00000000,59.23081612,58.96566376,58.77486868,58.89958383,0,0
2.01000000,59.22062017,58.90970836,58.79943346,58.91560201,0,0
2.02000000,59.20658383,58.91292541,58.82061670,58.93890457,0,0
2.03000000,59.18296925,58.93672955,58.83104713,58.95600814,0,0
2.04000000,59.16769544,58.98424330,58.81783190,58.98696822,0,0
2.05000000,59.19782364,58.98426372,58.83198393,58.95797082,0,0
2.06000000,59.17198837,58.91972360,58.82766101,58.96785885,0,0
2.07000000,59.23923176,58.90314339,58.87008325,58.97307469,0,0
2.08000000,59.21410330,58.95054064,58.86172406,58.93204822,0,0
2.09000000,59.20129811,59.03320943,58.82199650,58.92724136,0,0
2.10000000,59.15908446,59.01796228,58.84077686,58.91184225,0,0
2.11000000,59.15384970,58.93810004,58.83769940,58.91384642,0,0
2.12000000,59.20989751,58.91309017,58.87443929,58.94155790,0,0
2.13000000,59.25017093,58.91408054,58.91686349,58.94146577,0,0
2.14000000,59.20603814,58.94566807,58.83174685,58.94340438,0,0
2.15000000,59.15597344,58.97467816,58.77637223,58.91788817,0,0
2.16000000,59.21761789,58.97939056,58.75048914,58.93174842,0,0
2.17000000,59.24743927,58.99048605,58.77588545,58.91894342,0,0
2.18000000,59.25091229,58.94747885,58.80114620,58.89562149,0,0
2.19000000,59.17777326,58.88888304,58.78960661,58.90155668,0,0
2.20000000,59.14482406,58.91129665,58.78825050,58.91215002,0,0
2.21000000,59.16722450,58.93816813,58.76603969,58.91818951,0,0
2.22000000,59.19332391,58.99048319,58.79038983,58.93284255,0,0
2.23000000,59.19405279,58.96988378,58.78656874,58.89985690,0,0
2.24000000,59.17281541,58.91227466,58.83243418,58.88649399,0,0
2.25000000,59.16543966,58.91298871,58.88838477,58.93150258,0,0
2.26000000,59.16699702,58.91478797,58.86948838,58.96176262,0,0
2.27000000,59.15764731,58.95139404,58.85198752,58.97979337,0,0
2.28000000,59.15331373,58.94034414,58.82490986,58.95357873,0,0
2.29000000,59.15855283,58.92730561,58.81338729,58.93236882,0,0
2.30000000,59.20313235,58.93685738,58.82395155,58.91097891,0,0
2.31000000,59.15326561,58.94274972,58.81227008,58.91372644,0,0
2.32000000,59.18454496,58.95417157,58.76877489,58.91214154,0,0
2.33000000,59.17349195,58.93235289,58.78333698,58.95211901,0,0
2.34000000,59.19472763,58.94989045,58.83592808,58.95159645,0,0
2.35000000,59.21592898,58.94924361,58.84583451,58.96726288,0,0
2.36000000,59.17663324,58.97051614,58.86554544,58.95037834,0,0
2.37000000,59.16226434,58.95435011,58.82967340,58.92565992,0,0
2.38000000,59.19252476,58.96082283,58.84246097,58.94068209,0,0
2.39000000,59.17044278,58.93277809,58.84199181,58.91803944,0,0
2.40000000,59.17814124,58.91583905,58.84849204,58.93875926,0,0
2.41000000,59.15825089,58.97422872,58.85652162,58.93469216,0,0
2.42000000,59.20797103,59.00219405,58.84584089,58.94209396,0,0
2.43000000,59.25800366,59.00323667,58.83161871,58.94102451,0,0
2.44000000,59.26857787,58.96566570,58.77987644,58.91626985,0,0
2.45000000,59.23839506,58.93636165,58.79681735,58.93501594,0,0
2.46000000,59.18243259,58.98371348,58.78100661,58.91863159,0,0
2.47000000,59.18708241,58.96868685,58.86721672,58.93932771,0,0
2.48000000,59.18646043,58.98848969,58.83138208,58.94047095,0,0
2.49000000,59.21905787,58.94505722,58.80468566,58.91186088,0,0
2.50000000,59.18815354,58.95042424,58.81961412,58.92234235,0,0
2.51000000,59.21509464,58.96364055,58.79130764,58.91682523,0,0
2.52000000,59.19419906,58.95047602,58.82732127,58.93664337,0,0
2.53000000,59.18141494,59.00924362,58.86402185,58.92464129,0,0
2.54000000,59.19340488,58.94564968,58.83930465,58.95070266,0,0
2.55000000,59.21751154,58.99681103,58.87684641,58.95803126,0,0
2.56000000,59.22002033,58.94918671,58.80114358,58.92408048,0,0
2.57000000,59.22802565,59.00910042,58.80323241,58.93539931,0,0
2.58000000,59.20101840,58.95723104,58.81185819,58.93724179,0,0
2.59000000,59.22326479,58.99101252,58.78765358,58.94193074,0,0
2.60000000,59.22666591,58.99366355,58.83722491,58.97643405,0,0
2.61000000,59.25083092,58.96610726,58.85117575,58.94096853,0,0
2.62000000,59.24666180,58.96673721,58.85334210,58.94404286,0,0
2.63000000,59.12347967,58.94295104,58.85541072,58.95910757,0,0
2.64000000,59.18994351,58.95842916,58.84215712,58.94987937,0,0
2.65000000,59.19902586,58.96405503,58.87279243,58.95913456,0,0
2.66000000,59.26445494,58.97639370,58.84001330,58.94596211,0,0
2.67000000,59.22165666,58.97620360,58.82845627,58.93341822,0,0
2.68000000,59.21766398,58.95603646,58.83056686,58.94749125,0,0
2.69000000,59.22160645,58.96976112,58.86605835,58.92017662,0,0
2.70000000,59.19904490,58.97799187,58.82489297,58.94962252,0,0
2.71000000,59.20753161,58.97845612,58.83668983,58.93089552,0,0
2.72000000,59.22885463,58.98519744,58.81669514,58.93931659,0,0
2.73000000,59.18688798,58.96489557,58.79007128,58.90109055,0,0
2.74000000,59.17299403,58.82186724,58.79439119,58.89697569,0,0
2.75000000,59.15457041,58.85806763,58.78583610,58.91788121,0,0
2.76000000,59.16119232,58.91424988,58.80665936,58.90299321,0,0
2.77000000,59.14699753,59.00048951,58.81211812,58.92462966,0,0
2.78000000,59.22457275,59.01860228,58.84060164,58.92433850,0,0
2.79000000,59.19354027,58.92562338,58.87833898,58.94831504,0,0
2.80000000,59.17728416,58.90896698,58.84402038,58.96154492,0,0
2.81000000,59.21790570,58.89053715,58.84208854,58.98359671,0,0
2.82000000,59.18244174,58.96119276,58.83853827,58.96798647,0,0
2.83000000,59.19453655,58.98612784,58.84956972,58.94070953,0,0
2.84000000,59.18471103,58.95942592,58.85260228,58.92670565,0,0
2.85000000,59.15650283,58.92708944,58.85898128,58.91726407,0,0
2.86000000,59.22480688,58.89003447,58.88291740,58.92432944,0,0
2.87000000,59.19570319,58.91906566,58.86340267,58.96160759,0,0
2.88000000,59.17626324,58.94656436,58.86304168,58.99033339,0,0
2.89000000,59.16382522,58.97296467,58.89741771,59.00834527,0,0
2.90000000,59.21753460,58.96991636,58.92728424,59.03507846,0,0
2.91000000,59.25942419,58.97298769,58.94621394,58.98673262,0,0
2.92000000,59.25425042,58.92871804,58.89178975,58.92934805,0,0
2.93000000,59.18867901,58.89330032,58.83872947,58.94500913,0,0
2.94000000,59.14212475,58.91679723,58.82227653,58.92401711,0,0
2.95000000,59.20828777,58.97530137,58.82105547,58.92510226,0,0
2.96000000,59.23817744,58.98287703,58.83337722,58.87654748,0,0
2.97000000,59.21172425,58.96104560,58.79772961,58.87440438,0,0
2.98000000,59.14656315,58.89746361,58.81155448,58.89206949,0,0
2.99000000,59.13466898,58.91502948,58.82585661,58.88486212,0,0
3.00000000,59.21813191,58.97028524,58.81596568,58.94394024,0,0
3.01000000,59.24455205,58.98830017,58.84553029,58.93465760,0,0
3.02000000,59.22400835,58.93469858,58.82089608,58.92780188,0,0
3.03000000,59.20095109,58.90294156,58.83217276,58.92084378,0,0
3.04000000,59.16823381,58.96026078,58.83145333,58.89413654,0,0
3.05000000,59.21631708,58.98293482,58.78381383,58.89391468,0,0
3.06000000,59.17877372,58.97564143,58.76884765,58.92845474,0,0
3.07000000,59.19893922,58.88280398,58.82737837,58.95144193,0,0
3.08000000,59.19372363,58.90567898,58.89398912,58.96551609,0,0
3.09000000,59.27986348,58.96855913,58.89194116,59.00615010,0,0
3.10000000,59.27003842,59.06334910,58.85626527,58.95348129,0,0
3.11000000,59.26020433,59.06082685,58.80366712,58.92658065,0,0
3.12000000,59.21875592,59.02294035,58.83966436,58.94315250,0,0
3.13000000,59.17718591,58.95590460,58.90596811,58.95610320,0,0
3.14000000,59.25819372,58.96737180,58.91302718,58.97661196,0,0
3.15000000,59.29203418,58.98748719,58.85835466,58.94862539,0,0
3.16000000,59.25385935,58.98302418,58.79508568,58.90789735,0,0
3.17000000,59.16557244,58.95765396,58.75922181,58.89535208,0,0
3.18000000,59.16534912,58.94719930,58.82075411,58.89173744,0,0
3.19000000,59.21853746,59.00680419,58.81977745,58.92254295,0,0
3.20000000,59.26453328,58.98037946,58.86841346,58.89222837,0,0
3.21000000,59.26902083,58.96109345,58.77891371,58.93689612,0,0
3.22000000,59.21638053,58.96978567,58.80814184,58.95388639,0,0
3.23000000,59.23234680,59.00423794,58.77392494,58.96071422,0,0
3.24000000,59.20888966,59.00851508,58.84612573,58.92450883,0,0
3.25000000,59.24321107,59.02202461,58.81783220,58.88643001,0,0
3.26000000,59.20603581,58.92934786,58.83301760,58.88071877,0,0
3.27000000,59.22409547,58.97487635,58.86543214,58.91945832,0,0
3.28000000,59.24319234,58.93388315,58.83984882,58.90842643,0,0
3.29000000,59.22405696,58.98364803,58.86417159,58.98969540,0,0
3.30000000,59.20244288,59.00183988,58.80455924,58.95090153,0,0
3.31000000,59.17294145,58.97507388,58.87858961,58.96204317,0,0
3.32000000,59.20243158,58.93812817,58.94616435,59.00901610,0,0
3.33000000,59.21127630,58.90826217,58.92359788,58.96281836,0,0
3.34000000,59.24227539,58.97465178,58.83921210,58.98705797,0,0
3.35000000,59.18619963,59.00083086,58.82667232,58.95581304,0,0
3.36000000,59.20255067,59.00415015,58.87543584,58.97327434,0,0
3.37000000,59.19734236,58.97731519,58.87439437,58.96631418,0,0
3.38000000,59.23842038,58.93025120,58.87796633,58.96668739,0,0
3.39000000,59.25825320,58.93641726,58.86599249,58.95252651,0,0
3.40000000,59.27154401,59.01177810,58.85625571,58.97880299,0,0
3.41000000,59.24782820,59.00564792,58.83086949,58.92237944,0,0
3.42000000,59.22281703,59.02051144,58.84966273,58.95153504,0,0
3.43000000,59.20652742,59.01184285,58.85512438,58.95795579,0,0
3.44000000,59.26233455,58.98236669,58.84479432,58.96594105,0,0
3.45000000,59.29834672,58.98859411,58.87570810,58.96313093,0,0
3.46000000,59.24938686,58.98918401,58.87944816,58.95976613,0,0
3.47000000,59.22289493,58.99233866,58.87610288,59.00411106,0,0
3.48000000,59.22835423,58.99354142,58.87172575,58.97430340,0,0
3.49000000,59.25118057,59.03121491,58.89981567,58.97575621,0,0
3.50000000,59.23267727,58.99791789,58.87721602,58.97013407,0,0
3.51000000,59.24445291,59.00842710,58.86774242,58.95055960,0,0
3.52000000,59.25852812,58.97068883,58.86184336,58.97810181,0,0
3.53000000,59.29791484,58.96905521,58.85679800,58.97365102,0,0
3.54000000,59.27138910,58.90858853,58.86509367,58.96111484,0,0
3.55000000,59.25859013,59.02227201,58.83625686,58.94821903,0,0
3.56000000,59.24583150,59.04670535,58.86189592,58.93397665,0,0
3.57000000,59.22917434,59.06208876,58.88834329,58.92471383,0,0
3.58000000,59.22963774,58.99745187,58.90425956,58.95467629,0,0
3.59000000,59.27496805,58.95346351,58.89970666,58.97756401,0,0
3.60000000,59.29997549,58.97149257,58.85820846,58.97950384,0,0
3.61000000,59.28416667,58.99788860,58.86261275,58.98944022,0,0
3.62000000,59.22911930,59.02856492,58.88456302,58.96829114,0,0
3.63000000,59.21998564,59.03610814,58.91039173,58.95027009,0,0
3.64000000,59.24623870,59.01958558,58.89258146,58.95239855,0,0
3.65000000,59.26864829,58.96939399,58.88397988,58.96149753,0,0
3.66000000,59.24246565,58.97703756,58.87224269,58.99218463,0,0
3.67000000,59.18501744,58.96874734,58.85811093,59.01903390,0,0
3.68000000,59.13356187,58.97523463,58.85486275,59.03211477,0,0
3.69000000,59.18246493,59.00551108,58.89888154,59.00321885,0,0
3.70000000,59.22900312,58.98184227,58.88140518,58.98391047,0,0
3.71000000,59.20594610,58.93664009,58.84546988,58.92770489,0,0
3.72000000,59.17585338,58.91579634,58.82730338,58.89734192,0,0
3.73000000,59.17358522,59.01491212,58.82760530,58.94946181,0,0
3.74000000,59.19589448,58.99885872,58.81939720,58.94645795,0,0
3.75000000,59.23587431,58.99052009,58.79607003,58.96527855,0,0
3.76000000,59.15782282,58.93810241,58.79338735,58.94875031,0,0
3.77000000,59.14446191,58.93666865,58.81294939,58.93014501,0,0
3.78000000,59.18899963,58.90882256,58.86266271,58.96042305,0,0
3.79000000,59.20030690,58.93479510,58.88775576,58.96200631,0,0
3.80000000,59.20258813,58.93953911,58.91225547,58.98952513,0,0
3.81000000,59.12952500,58.90561364,58.95627111,59.05516265,0,0
3.82000000,59.07995955,58.94713511,58.96620503,59.04434177,0,0
3.83000000,59.14418805,58.95991591,58.96927266,59.01949158,0,0
3.84000000,59.17132797,58.96810573,58.95533193,59.04694360,0,0
3.85000000,59.27415449,58.89694541,58.92248945,58.99456414,0,0
3.86000000,59.21834988,58.91042660,58.89697798,58.97431564,0,0
3.87000000,59.28393079,58.94517141,58.93142006,58.96283254,0,0
3.88000000,59.27927938,59.03155373,58.90696894,58.96977531,0,0
3.89000000,59.27052639,59.00773155,58.84591310,58.91118204,0,0
3.90000000,59.21732957,58.98517246,58.87264810,58.95912216,0,0
3.91000000,59.20272256,58.98113805,58.85810087,58.95700974,0,0
3.92000000,59.24711874,58.98425488,58.89586489,58.98995207,0,0
3.93000000,59.27925371,58.95565976,58.85078578,58.98822065,0,0
3.94000000,59.26075796,58.95406795,58.81656260,58.97351097,0,0
3.95000000,59.23860336,58.91176477,58.89933079,58.96154464,0,0
3.96000000,59.22760575,58.99559148,58.89533983,58.93298943,0,0
3.97000000,59.22410215,59.00303418,58.97126194,58.92523359,0,0
3.98000000,59.29923490,59.07556857,58.88277908,58.95087447,0,0
3.99000000,59.33287752,59.01756142,58.74951594,58.94439770,0,0
4.00000000,59.24662311,58.93434624,58.79104970,58.93829766,0,0
4.01000000,59.20789095,59.01399696,58.73449787,58.94288895,0,0
4.02000000,59.23936921,59.04715845,58.80642285,58.97327003,0,0
4.03000000,59.32890580,58.99169582,58.78489377,58.91446217,0,0
4.04000000,59.28587511,59.01994673,58.81560851,58.90742201,0,0
4.05000000,59.22605108,58.98712453,58.83100284,58.91840776,0,0
4.06000000,59.17071656,59.02518879,58.86993696,58.93159230,0,0
4.07000000,59.19550066,59.02989428,58.86568240,58.96342424,0,0
4.08000000,59.25992171,58.97501507,58.85333428,58.97210024,0,0
4.09000000,59.26728262,58.99997074,58.87099584,59.00190821,0,0
4.10000000,59.30052186,58.98590803,58.86595442,58.96523319,0,0
4.11000000,59.26866627,59.06394615,58.89351042,58.99046269,0,0
4.12000000,59.20535227,59.02365142,58.89505761,58.93525555,0,0
4.13000000,59.21867456,58.99810915,58.91383803,58.95871980,0,0
4.14000000,59.25221537,58.99349569,58.87505656,58.95728481,0,0
4.15000000,59.30288890,59.01228656,58.92156232,58.96561026,0,0
4.16000000,59.27556125,59.03490826,58.94188997,58.99293704,0,0
4.17000000,59.19267536,59.01462492,58.87101042,58.97161296,0,0
4.18000000,59.18084512,58.97137158,58.81287923,58.92156214,0,0
4.19000000,59.23768647,58.98396814,58.86754750,58.95091019,0,0
4.20000000,59.30372004,59.01195331,58.93361951,58.92240791,0,0
4.21000000,59.25175403,58.95794851,58.93580384,58.93253380,0,0
4.22000000,59.22131337,58.99400951,58.89427614,58.97819995,0,0
4.23000000,59.20560017,59.04713184,58.88305820,58.99773168,0,0
4.24000000,59.26843426,59.11499837,58.84203451,58.98941040,0,0
4.25000000,59.26235561,59.05467223,58.84076130,58.98225133,0,0
4.26000000,59.25832381,58.87127647,58.87296275,58.99714680,0,0
4.27000000,59.26224817,58.85662736,58.88949898,59.01392235,0,0
4.28000000,59.26854683,58.94671140,58.92820712,59.02948852,0,0
4.29000000,59.26626231,59.08576503,58.87856796,59.02176867,0,0
4.30000000,59.21291444,59.09603677,58.86829662,58.98584663,0,0
4.31000000,59.24987971,59.03822419,58.91812631,58.97784337,0,0
4.32000000,59.30480754,58.98410678,58.94868215,59.00964426,0,0
4.33000000,59.32344876,58.98530307,58.98959694,59.03569751,0,0
4.34000000,59.27183038,59.01833630,58.93618296,59.03035637,0,0
4.35000000,59.16756933,59.05388184,58.89309231,59.02687199,0,0
4.36000000,59.16131947,59.04444586,58.89762756,58.98298362,0,0
4.37000000,59.21528937,59.02420695,58.94466503,58.98156615,0,0
4.38000000,59.29826194,58.99647335,58.91215992,58.96898959,0,0
4.39000000,59.31958917,58.98581301,58.89122836,58.94360321,0,0
4.40000000,59.29549913,58.99896767,58.83594208,59.00798335,0,0
4.41000000,59.26680294,58.98284732,58.84135966,59.01901539,0,0
4.42000000,59.27566478,59.05429890,58.86740043,59.06711459,0,0
4.43000000,59.29013763,59.06802151,58.87338891,59.03234608,0,0
4.44000000,59.27783837,59.05646141,58.89905947,58.95188731,0,0
4.45000000,59.25376707,58.96938384,58.91432044,58.97042478,0,0
4.46000000,59.24752482,58.98031708,58.89107839,58.99804620,0,0
4.47000000,59.26674273,58.99218661,58.87052766,58.99637118,0,0
4.48000000,59.24750414,59.04580285,58.89981393,58.96706067,0,0
4.49000000,59.22580969,59.02819713,58.94939464,58.98499605,0,0
4.50000000,59.21127428,59.02282558,58.98305582,58.97698262,0,0
4.51000000,59.25919368,59.02269520,58.96649263,59.00045828,0,0
4.52000000,59.29373285,59.01101866,58.94315365,59.03562703,0,0
4.53000000,59.32317012,59.02352027,58.87596689,59.00335681,0,0
4.54000000,59.29004132,59.02926395,58.85811105,59.01140176,0,0
4.55000000,59.22722286,59.03013582,58.85605576,59.02555889,0,0
4.56000000,59.24762552,59.01668178,58.90131091,59.01041960,0,0
4.57000000,59.26123662,59.05090211,58.90034971,59.02956812,0,0
4.58000000,59.25845312,59.03164327,58.88634577,59.01609947,0,0
4.59000000,59.22046548,59.01490144,58.87615989,59.01994366,0,0
4.60000000,59.26345224,59.00338256,58.89637210,59.03329358,0,0
4.61000000,59.23819212,58.99613884,58.92557178,59.08508338,0,0
4.62000000,59.31579413,59.04053858,58.93588064,59.00633047,0,0
4.63000000,59.24856913,59.00697800,58.89432012,58.96686123,0,0
4.64000000,59.24152112,59.06991033,58.93282445,58.96427610,0,0
4.65000000,59.25645220,59.01047573,58.85793812,58.97947700,0,0
4.66000000,59.25824451,59.06039271,58.89102888,58.96979406,0,0
4.67000000,59.25998450,59.04049073,58.87525030,58.96049721,0,0
4.68000000,59.26744281,59.03264293,58.86492925,58.99885646,0,0
4.69000000,59.25477629,59.03114518,58.83756582,58.97315060,0,0
4.70000000,59.29421834,58.97887257,58.87735078,58.99539134,0,0
4.71000000,59.20632356,58.99738007,58.90893967,59.00028804,0,0
4.72000000,59.18144550,59.00954124,58.89029314,59.02885980,0,0
4.73000000,59.27362509,59.02289541,58.91489949,58.99875633,0,0
4.74000000,59.22316907,59.04244220,58.88126086,59.02772431,0,0
4.75000000,59.28074768,58.94605486,58.86414057,59.00138991,0,0
4.76000000,59.26350153,59.01929081,58.86478341,58.99468481,0,0
4.77000000,59.27437529,58.98791015,58.91013822,59.03452316,0,0
4.78000000,59.24241028,59.04809111,58.90397611,58.98540458,0,0
4.79000000,59.24778242,59.06213697,58.94127303,59.01775165,0,0
4.80000000,59.25890336,59.04269735,58.91238314,58.97878763,0,0
4.81000000,59.23211127,59.01425678,58.87398280,58.99215364,0,0
4.82000000,59.29750742,58.97765566,58.88509444,58.97578930,0,0
4.83000000,59.25161474,59.00340425,58.85351621,59.00547790,0,0
4.84000000,59.27114539,59.03466957,58.86519273,59.01122249,0,0
4.85000000,59.23370614,59.05616033,58.87290986,58.98939163,0,0
4.86000000,59.27262738,59.03234556,58.89656113,59.00842615,0,0
4.87000000,59.30833809,58.99008498,58.92894410,59.00286982,0,0
4.88000000,59.28240139,58.98004454,58.90907115,58.99128365,0,0
4.89000000,59.27916487,59.04051466,58.88429483,59.00314605,0,0
4.90000000,59.25478304,59.09889143,58.89906757,59.02875358,0,0
4.91000000,59.25301352,59.06709361,58.88960385,59.04276097,0,0
4.92000000,59.21897404,58.98140983,58.85988675,58.98291582,0,0
4.93000000,59.22976804,58.93933810,58.88872384,58.98728141,0,0
4.94000000,59.26076941,58.98401309,58.87065358,58.97481394,0,0
4.95000000,59.26812208,59.04135576,58.88472260,58.97029032,0,0
4.96000000,59.23606498,59.08343319,58.84340689,58.98868915,0,0
4.97000000,59.24435836,59.05440226,58.85318293,58.96950308,0,0
4.98000000,59.33369698,59.00330661,58.83242766,58.96190193,0,0
4.99000000,59.22786275,58.96675716,58.86299353,58.98173524,0,0
5.00000000,59.17777645,58.97574291,58.88142035,58.95366851,0,0
5.01000000,59.11800855,58.98461784,58.85461433,58.97557201,0,0
5.02000000,59.21969432,59.00014844,58.83345888,58.99320000,0,0
5.03000000,59.25688984,59.01749041,58.82973308,58.96471686,0,0
5.04000000,59.27173680,58.99248939,58.85114059,58.94386436,0,0
5.05000000,59.22005561,58.99162138,58.87685516,58.97273169,0,0
5.06000000,59.20994103,58.99988817,58.91367965,58.98920716,0,0
5.07000000,59.21775659,58.99056579,58.95314400,59.03097322,0,0
5.08000000,59.26182402,58.99308160,58.95403340,59.05124966,0,0
5.09000000,59.31393920,59.00351483,58.91185924,58.98547557,0,0
5.10000000,59.29271971,59.01146472,58.87176957,58.99114100,0,0
5.11000000,59.22110572,59.06756415,58.88217444,58.97405166,0,0
5.12000000,59.18940441,59.08057890,58.89954178,58.97764772,0,0
5.13000000,59.21868199,59.02226400,58.91739865,59.02342998,0,0
5.14000000,59.27005395,58.97373671,58.92119716,59.03855218,0,0
5.15000000,59.28356506,58.95582202,58.98683534,59.06266025,0,0
5.16000000,59.30442276,59.04459270,58.95463870,59.08662509,0,0
5.17000000,59.30275107,59.08477807,58.87141920,59.02951878,0,0
5.18000000,59.24157051,59.06092536,58.83468235,58.99245178,0,0
5.19000000,59.24261299,59.00718968,58.85332885,58.96919831,0,0
5.20000000,59.26417606,58.97303339,58.87138898,58.95380706,0,0
5.21000000,59.27913069,59.00713109,58.85698427,58.97985966,0,0
5.22000000,59.29992898,59.07310745,58.83356520,58.99611524,0,0
5.23000000,59.25662405,59.06984036,58.83196457,58.97914082,0,0
5.24000000,59.24219526,59.00158803,58.81441660,58.96555097,0,0
5.25000000,59.24161788,58.97322980,58.83301925,58.93947918,0,0
5.26000000,59.24369076,58.98571838,58.87815311,58.94589239,0,0
5.27000000,59.27115073,59.00913805,58.94745609,58.96727325,0,0
5.28000000,59.26254507,59.03511466,58.92794987,58.96820817,0,0
5.29000000,59.23980944,59.02146650,58.86237173,59.01653112,0,0
5.30000000,59.24097962,59.01609720,58.88332978,58.98738212,0,0
5.31000000,59.31899443,59.00696139,58.86674335,58.98152621,0,0
5.32000000,59.31567698,59.04257279,58.90910685,58.97074354,0,0
5.33000000,59.24126644,59.03674923,58.88398415,58.97838531,0,0
5.34000000,59.23976865,59.03529779,59.00486226,59.03196021,0,0
5.35000000,59.22449175,59.01913994,58.91333785,59.02225424,0,0
5.36000000,59.23336362,58.99281619,58.88321870,59.00605040,0,0
5.37000000,59.24571888,58.99184515,58.85885339,59.00045051,0,0
5.38000000,59.23283009,59.03475134,58.87495399,59.01344097,0,0
5.39000000,59.24617271,59.01150343,58.88505165,59.00659898,0,0
5.40000000,59.28586435,59.01405735,58.90043544,58.99696305,0,0
5.41000000,59.33036081,59.02228450,58.86702091,59.01336280,0,0
5.42000000,59.31989683,59.03008620,58.87679152,58.96826080,0,0
5.43000000,59.32887935,59.02989814,58.85403931,59.00382965,0,0
5.44000000,59.24312678,59.02237757,58.89330963,58.96800265,0,0
5.45000000,59.27169166,59.08348793,58.92999250,59.00253864,0,0
5.46000000,59.21882171,59.08125040,58.88374631,58.97727106,0,0
5.47000000,59.22917651,59.06258016,58.87445892,58.96849522,0,0
5.48000000,59.20562256,58.96610825,58.87813687,58.97916048,0,0
5.49000000,59.25187468,58.99577210,58.94151114,59.00485631,0,0
5.50000000,59.27213110,58.96617240,58.93624115,58.99863333,0,0
5.51000000,59.24019896,58.99321424,58.93083155,59.02715412,0,0
5.52000000,59.25734206,58.97621387,58.92872125,58.99201929,0,0
5.53000000,59.28864704,59.01724421,58.86491962,58.98840573,0,0
5.54000000,59.25670805,59.04430668,58.86962685,58.99383781,0,0
5.55000000,59.21634830,59.05873433,58.83696550,59.01653399,0,0
5.56000000,59.19146761,59.01637049,58.81942398,59.01588920,0,0
5.57000000,59.25815221,59.00095210,58.81720226,59.00381381,0,0
5.58000000,59.26747749,58.99209280,58.84859216,58.98639265,0,0
5.59000000,59.24113158,59.00071418,58.87924085,58.96206197,0,0
5.60000000,59.20366343,59.01864532,58.95891013,58.98579130,0,0
5.61000000,59.20470714,59.00100483,58.95668149,58.98055473,0,0
5.62000000,59.29054672,59.00237655,58.99180327,59.03718700,0,0
5.63000000,59.30172502,58.99559687,58.98518504,59.04120441,0,0
5.64000000,59.27696698,58.98207908,58.94202258,59.07707672,0,0
5.65000000,59.23135606,59.02868356,58.92027919,59.05785291,0,0
5.66000000,59.24052440,59.09376421,58.95836629,59.08562788,0,0
5.67000000,59.29305582,59.09702824,58.93631809,59.08046736,0,0
5.68000000,59.32282729,59.07145697,58.90233366,59.04311762,0,0
5.69000000,59.29757211,59.00906889,58.89030801,59.01247389,0,0
5.70000000,59.26845156,58.99737933,58.90173491,58.98725187,0,0
5.71000000,59.25904913,59.02142735,58.87989094,58.98606975,0,0
5.72000000,59.26990710,59.02718707,58.88924143,59.00385006,0,0
5.73000000,59.28045263,59.06232570,58.86975248,58.98709765,0,0
5.74000000,59.31608801,59.12860494,58.87260123,58.97963239,0,0
5.75000000,59.31087838,59.04056280,58.88852975,58.99623457,0,0
5.76000000,59.30756664,59.00723256,58.85779956,58.98238093,0,0
5.77000000,59.29262784,59.02722607,58.84889332,59.00239637,0,0
5.78000000,59.30382056,59.08189276,58.88118864,59.00448810,0,0
5.79000000,59.29004512,59.09047323,58.91153002,58.97738667,0,0
5.80000000,59.25116600,59.03738994,58.90244514,58.94024155,0,0
5.81000000,59.25092966,58.97243380,58.87968781,58.93960039,0,0
5.82000000,59.29430633,58.95930621,58.87796965,58.94434061,0,0
5.83000000,59.31182660,59.01243678,58.88102735,58.98855804,0,0
5.84000000,59.24901537,59.06104159,58.92595072,59.01113724,0,0
5.85000000,59.20392098,59.06712311,58.95637455,59.02816167,0,0
5.86000000,59.22460596,59.04063934,58.95236381,59.04326043,0,0
5.87000000,59.28840545,59.00879394,58.93340559,59.03593913,0,0
5.88000000,59.32978223,59.00082385,58.90402715,59.01900260,0,0
5.89000000,59.31320712,59.02825994,58.89753046,59.03485030,0,0
5.90000000,59.27024879,59.02725292,58.88579921,59.00875167,0,0
5.91000000,59.24604023,59.01729957,58.88853177,59.03638944,0,0
5.92000000,59.25047168,59.05459066,58.88914023,59.03906707,0,0
5.93000000,59.28563029,59.03059802,58.88780660,58.97973594,0,0
5.94000000,59.27007362,58.97512906,58.87113509,59.02336631,0,0
5.95000000,59.28594228,58.97791479,58.91184487,59.04803770,0,0
5.96000000,59.28713784,59.00079626,58.90931046,59.06727296,0,0
5.97000000,59.30077779,59.04595932,58.90542306,59.03897767,0,0
5.98000000,59.20277390,59.04116391,58.90160534,59.02496428,0,0
5.99000000,59.18008533,59.02923740,58.96710333,59.00738762,0,0
6.00000000,59.22567997,59.04116624,59.04364268,59.01746831,0,0
6.01000000,59.29411339,58.98953042,59.01030734,59.04154424,0,0
6.02000000,59.28926158,58.98708912,58.92145744,59.01425386,0,0
6.03000000,59.26704084,58.99624069,58.91371276,59.04615020,0,0
6.04000000,59.27042059,59.05676914,58.88737525,59.04351182,0,0
6.05000000,59.31384715,59.08169552,58.92469050,59.05384242,0,0
6.06000000,59.32273849,59.06170185,58.94130025,59.04099497,0,0
6.07000000,59.31819282,59.03980680,58.92555213,59.05022447,0,0
6.08000000,59.27946843,59.00982518,58.91296601,59.03512792,0,0
6.09000000,59.28185639,59.05837916,58.90435455,59.02847361,0,0
6.10000000,59.29402214,59.08574411,58.92565808,59.05391499,0,0
6.11000000,59.28278669,59.02133115,58.94859736,59.00979114,0,0
6.12000000,59.30431150,59.00814857,59.00009479,59.01988481,0,0
6.13000000,59.33250422,59.02047927,59.01631960,59.00476130,0,0
6.14000000,59.29963156,59.06603604,59.00235206,59.04258261,0,0
6.15000000,59.31737695,59.11713687,58.94799537,59.02594168,0,0
6.16000000,59.29718691,59.08132073,58.88249920,59.02467508,0,0
6.17000000,59.32692747,59.05765719,58.94873350,59.10015876,0,0
6.18000000,59.37911259,59.04692026,58.90640504,58.99723375,0,0
6.19000000,59.39789504,59.12517077,58.89009977,59.00567703,0,0
6.20000000,59.36056993,59.10843225,58.85363966,58.99479366,0,0
6.21000000,59.35837695,59.10303855,58.88481903,58.97389766,0,0
6.22000000,59.30900729,59.12359650,58.92487962,59.00592800,0,0
6.23000000,59.34979717,59.04000874,59.00014414,59.05333506,0,0
6.24000000,59.30045377,59.08834516,58.98141481,59.03862008,0,0
6.25000000,59.33538283,59.08111884,58.97216529,59.06712572,0,0
6.26000000,59.36088303,59.17047447,58.94042084,59.09787971,0,0
6.27000000,59.35964193,59.12182786,58.94947016,59.07600514,0,0
6.28000000,59.31790365,59.07248769,58.97566383,59.09910236,0,0
6.29000000,59.32671284,59.06419540,58.97704391,59.06685382,0,0
6.30000000,59.36158170,59.05295274,58.99736173,59.06686893,0,0
6.31000000,59.34931936,59.10228127,58.93798353,59.04716071,0,0
6.32000000,59.31828548,59.08723768,58.92269179,59.04362752,0,0
6.33000000,59.24382665,59.07569918,58.91807963,59.03080615,0,0
6.34000000,59.29335486,59.07904623,58.93653933,59.02971439,0,0
6.35000000,59.33096384,59.07168719,58.92093461,59.02191719,0,0
6.36000000,59.37478581,59.08300938,58.94748887,59.02740345,0,0
6.37000000,59.25243849,59.02065561,58.93359702,59.05685648,0,0
6.38000000,59.26963124,59.07367887,58.98623223,59.04626280,0,0
6.39000000,59.27413790,59.07800191,58.95949143,59.06534442,0,0
6.40000000,59.32641911,59.08242284,58.97241346,59.01465801,0,0
6.41000000,59.30550504,59.07142351,58.91064485,58.99929933,0,0
6.42000000,59.30340944,59.03595456,58.92851573,59.02221232,0,0
6.43000000,59.31345515,59.06084460,58.97161761,59.06312258,0,0
6.44000000,59.23737244,59.07777695,58.99362474,59.10382537,0,0
6.45000000,59.21883239,59.08024441,58.97986536,59.11036932,0,0
6.46000000,59.22154318,59.03894349,58.96284772,59.11081818,0,0
6.47000000,59.29271804,59.05494577,58.97341015,59.13310167,0,0
6.48000000,59.33667608,59.07136729,58.98708278,59.12764890,0,0
6.49000000,59.32798322,59.07986630,58.95713428,59.11960132,0,0
6.50000000,59.26559971,59.03445453,58.93251955,59.13192440,0,0
6.51000000,59.25339150,59.05891752,58.92886888,59.11798397,0,0
6.52000000,59.30662201,59.09264909,58.94078154,59.06276035,0,0
6.53000000,59.33151470,59.08614953,58.96729466,59.07167899,0,0
6.54000000,59.35391601,59.09905360,58.93757096,59.04946876,0,0
6.55000000,59.26823377,59.06500599,58.91691779,59.02939574,0,0
6.56000000,59.25676141,59.07317312,58.96262747,59.06096488,0,0
6.57000000,59.29102869,59.08370555,58.94525674,59.02895354,0,0
6.58000000,59.30290047,59.07794491,58.95636820,59.03721551,0,0
6.59000000,59.30885855,59.05904334,59.00193606,59.04017286,0,0
6.60000000,59.30172535,59.03720513,59.03636758,59.05015892,0,0
6.61000000,59.33483902,59.04436491,59.00800020,59.07388923,0,0
6.62000000,59.35389513,59.05292122,58.94431268,59.06242614,0,0
6.63000000,59.36608938,59.08582429,58.93742437,59.05872495,0,0
6.64000000,59.31663998,59.13761361,58.95941361,59.06028413,0,0
6.65000000,59.35638352,59.12542358,58.97001859,59.03736808,0,0
6.66000000,59.34780532,59.14431129,58.97431540,59.06529757,0,0
6.67000000,59.37397699,59.09537264,58.94785010,59.04757787,0,0
6.68000000,59.38576070,59.03086231,58.90273233,59.03353191,0,0
6.69000000,59.35426280,59.10831321,58.90277182,59.06538215,0,0
6.70000000,59.39468037,59.09802783,58.94210692,59.07210767,0,0
6.71000000,59.36268881,59.17460956,58.99965932,59.06355537,0,0
6.72000000,59.33987240,59.10068040,58.97423665,59.06400258,0,0
6.73000000,59.36054956,59.05197740,58.92138123,59.05901961,0,0
6.74000000,59.38340958,59.07477031,58.94460727,59.09024923,0,0
6.75000000,59.37735921,59.13784856,58.94351815,59.10147310,0,0
6.76000000,59.34535572,59.16479940,58.97154934,59.11353428,0,0
6.77000000,59.33790238,59.14635192,58.99908586,59.10455090,0,0
6.78000000,59.37011918,59.06579523,59.02798006,59.08709356,0,0
6.79000000,59.39295401,59.11887938,58.98905564,59.04166938,0,0
6.80000000,59.37043730,59.10649678,58.97588228,59.01780138,0,0
6.81000000,59.33754625,59.16711000,58.92799856,59.07589957,0,0
6.82000000,59.34151289,59.10426827,58.92655468,59.06028817,0,0
6.83000000,59.39516612,59.11285129,58.96040088,59.06780524,0,0
6.84000000,59.42930049,59.05177409,58.96747761,59.10694294,0,0
6.85000000,59.36570645,59.06122761,58.97479613,59.03852774,0,0
6.86000000,59.30336212,59.07965138,58.96772556,59.08536627,0,0
6.87000000,59.36098577,59.13303969,58.98053175,59.05375403,0,0
6.88000000,59.34368157,59.11450345,59.06189139,59.08719558,0,0
6.89000000,59.37331605,59.12553731,59.01410516,59.11391441,0,0
6.90000000,59.30117766,59.05552690,58.98959886,59.03871658,0,0
6.91000000,59.35260764,59.08495390,59.03650975,59.06464754,0,0
6.92000000,59.35898164,59.07284883,59.03759489,59.08904296,0,0
6.93000000,59.36292113,59.09333324,58.99327556,59.06887394,0,0
6.94000000,59.31681346,59.07236166,59.00461867,59.09020935,0,0
6.95000000,59.35930446,59.10293775,59.01575909,59.07294009,0,0
6.96000000,59.37301474,59.10474118,58.97963393,59.09126905,0,0
6.97000000,59.40444658,59.10619904,59.00249048,59.10908329,0,0
6.98000000,59.38638037,59.09179268,58.99538587,59.09294342,0,0
6.99000000,59.34502984,59.12622104,59.02958761,59.11595268,0,0
7.00000000,59.31128325,59.13814046,59.03341574,59.12173800,0,0
7.01000000,59.34811823,59.15025657,59.02621315,59.09372002,0,0
7.02000000,59.36695150,59.15110972,59.04770407,59.10054659,0,0
7.03000000,59.30946268,59.06685847,58.97944783,59.07678181,0,0
7.04000000,59.34644799,59.06113474,59.02289666,59.07394435,0,0
7.05000000,59.35174689,59.09472879,59.01289879,59.07306130,0,0
7.06000000,59.39882326,59.14582278,58.99661652,59.10097116,0,0
7.07000000,59.34809681,59.11100573,58.98196037,59.09788830,0,0
7.08000000,59.36649032,59.11869403,58.99575297,59.10757965,0,0
7.09000000,59.34663835,59.10421393,59.01919478,59.10705471,0,0
7.10000000,59.38227867,59.12289448,58.98499193,59.07398543,0,0
7.11000000,59.34736597,59.09573282,58.96820395,59.07650603,0,0
7.12000000,59.32612026,59.10721738,58.95306829,59.07761597,0,0
7.13000000,59.33539303,59.08404940,58.99679360,59.06831584,0,0
7.14000000,59.37736964,59.12217172,58.99668336,59.08557117,0,0
7.15000000,59.39564536,59.14323955,59.01276520,59.04888875,0,0
7.16000000,59.33865485,59.14528974,59.02080933,59.04990791,0,0
7.17000000,59.37387993,59.11345454,58.99351650,59.09169686,0,0
7.18000000,59.34958124,59.10148679,59.02111503,59.10211065,0,0
7.19000000,59.38816426,59.12968938,59.03008368,59.10648134,0,0
7.20000000,59.35913873,59.14658370,58.97825997,59.11267225,0,0
7.21000000,59.33095773,59.07921609,58.98587084,59.09827827,0,0
7.22000000,59.32617119,59.06804284,58.99360682,59.08966736,0,0
7.23000000,59.37162664,59.13771238,59.01831164,59.11158903,0,0
7.24000000,59.43298727,59.18966505,58.99975964,59.14418753,0,0
7.25000000,59.39684400,59.18550834,59.02603383,59.13115047,0,0
7.26000000,59.34032332,59.09627182,59.03266393,59.13228209,0,0
7.27000000,59.31007362,59.02479002,59.04473541,59.14521330,0,0
7.28000000,59.38769859,59.12170018,59.03316761,59.14420435,0,0
7.29000000,59.38238647,59.14038920,59.01817605,59.11492039,0,0
7.30000000,59.36809675,59.06633274,58.99521379,59.07055941,0,0
7.31000000,59.33768527,59.07614001,58.99651033,59.07749011,0,0
7.32000000,59.39637292,59.11008469,59.03447636,59.06852296,0,0
7.33000000,59.40882863,59.16181309,59.00754254,59.07433777,0,0
7.34000000,59.31814149,59.14760598,59.00641669,59.07212159,0,0
7.35000000,59.30284269,59.14973207,59.00308898,59.07344611,0,0
7.36000000,59.33175341,59.12031503,58.99914623,59.09294026,0,0
7.37000000,59.43498888,59.10315100,58.99167904,59.08353978,0,0
7.38000000,59.41036973,59.09568745,58.97876390,59.07429116,0,0
7.39000000,59.36484859,59.05670573,58.93923510,59.02286574,0,0
7.40000000,59.29337538,59.03361527,58.95499373,59.04502254,0,0
7.41000000,59.36273192,59.12196202,58.98279685,59.10680616,0,0
7.42000000,59.36143876,59.12101831,59.03242061,59.11592456,0,0
7.43000000,59.35014156,59.08994336,59.03746663,59.13576001,0,0
7.44000000,59.32340434,59.06691147,59.01155650,59.14259316,0,0
7.45000000,59.31558891,59.08117371,59.01261110,59.12562514,0,0
7.46000000,59.37099928,59.15748083,58.96909114,59.17124496,0,0
7.47000000,59.36760918,59.13590372,58.99650846,59.05390372,0,0
7.48000000,59.36983933,59.09333613,58.99146471,59.04150260,0,0
7.49000000,59.32789683,59.04675498,59.04297360,59.05367721,0,0
7.50000000,59.41879034,59.07794090,59.04715354,59.07667282,0,0
7.51000000,59.44336562,59.12325138,58.98773464,59.06570210,0,0
7.52000000,59.44258851,59.16672192,58.96262813,59.08619090,0,0
7.53000000,59.34181590,59.09624875,58.99335745,59.12020814,0,0
7.54000000,59.37866980,59.07664027,59.06751215,59.11008570,0,0
7.55000000,59.41476236,59.08300806,59.07087258,59.10574842,0,0
7.56000000,59.41286403,59.11632237,59.06189095,59.08899237,0,0
7.57000000,59.42098197,59.12054791,58.99115624,59.03801190,0,0
7.58000000,59.38664949,59.12459981,59.02696560,59.06540089,0,0
7.59000000,59.42438989,59.10140776,59.05271013,59.05950643,0,0
7.60000000,59.43764442,59.14180250,59.06743225,59.03929990,0,0
7.61000000,59.39797191,59.00249742,59.06294692,59.06302435,0,0
7.62000000,59.35352664,59.06622532,59.00952423,59.06271292,0,0
7.63000000,59.34657189,59.00485482,59.00460977,59.04758414,0,0
7.64000000,59.36500942,59.05346808,58.99499589,59.12113262,0,0
7.65000000,59.35770316,58.98218383,59.02538285,59.06985924,0,0
7.66000000,59.35702165,58.94178125,58.92830010,59.01663190,0,0
7.67000000,59.34711090,58.91231348,58.98171732,59.01994947,0,0
7.68000000,59.38387269,58.91146414,58.97211812,58.99953769,0,0
7.69000000,59.33810904,58.95958650,59.00973070,59.00848493,0,0
7.70000000,59.31140439,58.91584884,59.00433151,59.01321089,0,0
7.71000000,59.35559784,58.93523711,58.98400220,58.93736006,0,0
7.72000000,59.26804292,58.83974843,58.96362152,58.93762295,0,0
7.73000000,59.21393216,58.84627765,58.95902236,58.92141574,0,0
7.74000000,59.22485383,58.77391480,58.98439617,58.91044520,0,0
7.75000000,59.17101498,58.82029172,58.96565551,58.89553409,0,0
7.76000000,59.19528908,58.78591260,58.98646256,58.85001732,0,0
7.77000000,59.17904811,58.75040143,58.94393013,58.87724040,0,0
7.78000000,59.09434594,58.63257897,58.86075192,58.85241645,0,0
7.79000000,58.96306618,58.49719093,58.84413406,58.85637694,0,0
7.80000000,58.82573992,58.46540403,58.82508709,58.79801330,0,0
7.81000000,58.86442004,58.46956262,58.79860419,58.73969200,0,0
7.82000000,58.96669079,58.45363354,58.72825617,58.69169786,0,0
7.83000000,58.97890313,58.39996352,58.66908819,58.61951668,0,0
7.84000000,58.96045098,58.36903496,58.61148660,58.62920854,0,0
7.85000000,58.88706104,58.40340881,58.58876685,58.54516444,0,0
7.86000000,58.78960781,58.39632590,58.58046483,58.48964962,0,0
7.87000000,58.72859831,58.34101734,58.53338900,58.38909178,0,0
7.88000000,58.74397746,58.26287871,58.57484920,58.38453870,0,0
7.89000000,58.75724698,58.17866882,58.47584194,58.35929890,0,0
7.90000000,58.75500572,58.16354165,58.35260218,58.35203922,0,0
7.91000000,58.61779475,58.09647296,58.33450623,58.27682802,0,0
7.92000000,58.52402609,58.08229716,58.33872850,58.18387627,0,0
7.93000000,58.50486368,58.03492240,58.32647551,58.13083609,0,0
7.94000000,58.49450573,57.96597567,58.28037257,58.10358882,0,0
7.95000000,58.42910538,57.91297011,58.20988787,58.10245753,0,0
7.96000000,58.37672037,57.87292698,58.10608730,58.04905403,0,0
7.97000000,58.27908611,57.84358647,58.02706157,57.95143529,0,0
7.98000000,58.21298620,57.79747365,58.01287112,57.88410140,0,0
7.99000000,58.23485974,57.70931497,57.95168010,57.82271254,0,0
8.00000000,58.18113802,57.62999627,57.88809237,57.83070786,0,0
8.01000000,58.12465310,57.57796658,57.82488105,57.82463726,0,0
8.02000000,58.01599836,57.56736364,57.81175151,57.72922392,0,0
8.03000000,57.94129218,57.51493566,57.78644481,57.63264287,0,0
8.04000000,57.98714162,57.46856335,57.73758450,57.55314686,0,0
8.05000000,57.93378428,57.38418841,57.67153675,57.54763416,0,0
8.06000000,57.89514904,57.32421201,57.65436124,57.58459203,0,0
8.07000000,57.79069499,57.35520318,57.65207598,57.58680900,0,0
8.08000000,57.69940061,57.36760083,57.60064391,57.44797154,0,0
8.09000000,57.63838488,57.35486888,57.50305826,57.30306170,0,0
8.10000000,57.70249094,57.22281010,57.43163159,57.26442954,0,0
8.11000000,57.70927555,57.13135150,57.33698735,57.27565220,0,0
8.12000000,57.69585300,57.12373541,57.29632191,57.29989092,0,0
8.13000000,57.58879229,57.11391707,57.28527973,57.26368492,0,0
8.14000000,57.49097775,57.08870213,57.29369906,57.16843603,0,0
8.15000000,57.49555521,57.01379843,57.27729205,57.06061751,0,0
8.16000000,57.49572462,56.95452072,57.21147619,57.00523057,0,0
8.17000000,57.46667191,56.88498193,57.14385938,57.06815210,0,0
8.18000000,57.32562324,56.86854333,57.05847494,57.04165141,0,0
8.19000000,57.30130617,56.83887097,57.03452293,56.94187790,0,0
8.20000000,57.12763549,56.81874496,56.94029097,56.80743949,0,0
8.21000000,57.26066213,56.78103880,56.89317065,56.70828092,0,0
8.22000000,57.18581382,56.67560956,56.79538917,56.69833703,0,0
8.23000000,57.13805293,56.54353412,56.71025978,56.71818973,0,0
8.24000000,57.06952450,56.62512152,56.72544426,56.69968130,0,0
8.25000000,56.96605027,56.57658427,56.73103269,56.61347134,0,0
8.26000000,57.01595396,56.58658977,56.65972284,56.48663957,0,0
8.27000000,57.02728022,56.49270007,56.55526454,56.42062970,0,0
8.28000000,56.93653811,56.28866486,56.44856012,56.44502594,0,0
8.29000000,56.79592583,56.19635013,56.48777087,56.45756645,0,0
8.30000000,56.74609071,56.26315731,56.50454127,56.45431386,0,0
8.31000000,56.61596585,56.35162124,56.45145307,56.30337962,0,0
8.32000000,56.66401974,56.29729661,56.44994593,56.18046886,0,0
8.33000000,56.66151055,56.10866307,56.27390732,56.13080607,0,0
8.34000000,56.57595897,56.04576244,56.23700981,56.19352480,0,0
8.35000000,56.53537487,55.97176671,56.15747861,56.25035355,0,0
8.36000000,56.39157208,56.10139045,56.23807089,56.16368219,0,0
8.37000000,56.36336555,56.00373439,56.20020228,56.02148631,0,0
8.38000000,56.42696414,55.95145987,56.15567336,55.89489919,0,0
8.39000000,56.49305968,55.79196022,56.07976524,55.96491646,0,0
8.40000000,56.41403677,55.77427013,56.02290225,56.02594117,0,0
8.41000000,56.32993548,55.81648339,55.98929523,55.96218919,0,0
8.42000000,56.14410350,55.81137280,55.96088038,55.87898603,0,0
8.43000000,56.13258277,55.78657445,55.96699868,55.76591690,0,0
8.44000000,56.20294538,55.63661616,55.90238791,55.71464918,0,0
8.45000000,56.20263257,55.56542860,55.82205518,55.74414102,0,0
8.46000000,56.17103963,55.57093713,55.75108066,55.80921687,0,0
8.47000000,56.11684245,55.62727797,55.77561935,55.75157543,0,0
8.48000000,56.03156977,55.66439471,55.81339210,55.65021658,0,0
8.49000000,56.00201518,55.57736269,55.80736166,55.56246722,0,0
8.50000000,55.92938298,55.48417446,55.72923644,55.47305889,0,0
8.51000000,55.87028458,55.31905316,55.63675129,55.50101008,0,0
8.52000000,55.79695102,55.31230726,55.61363868,55.58255446,0,0
8.53000000,55.79332076,55.26553036,55.54904256,55.51724848,0,0
8.54000000,55.69261826,55.23470054,55.55213775,55.44404433,0,0
8.55000000,55.70106192,55.16612826,55.47858782,55.33906373,0,0
8.56000000,55.65602613,55.05320296,55.42420696,55.31158643,0,0
8.57000000,55.58514503,55.02680805,55.34969973,55.34342939,0,0
8.58000000,55.49367988,55.02325804,55.35946465,55.36918772,0,0
8.59000000,55.45134741,55.04399790,55.36880067,55.36150029,0,0
8.60000000,55.41123440,55.00476703,55.35248478,55.25872379,0,0
8.61000000,55.43151658,54.94396213,55.32104309,55.13415909,0,0
8.62000000,55.43408633,54.85733236,55.20476933,55.11126941,0,0
8.63000000,55.34153151,54.81899370,55.13691596,55.11546082,0,0
8.64000000,55.30407723,54.78486133,55.15379606,55.10924601,0,0
8.65000000,55.20232480,54.73393572,55.18024927,55.09551809,0,0
8.66000000,55.17447486,54.67179720,55.18642086,55.00948658,0,0
8.67000000,55.08442768,54.60945630,55.14011584,54.93333009,0,0
8.68000000,55.06500581,54.56126197,55.01460485,54.87635832,0,0
8.69000000,54.99459514,54.52370614,54.89693365,54.84287904,0,0
8.70000000,54.95767328,54.49796063,54.85000431,54.83490567,0,0
8.71000000,54.90378578,54.42648049,54.81757359,54.80577253,0,0
8.72000000,54.80014344,54.43320827,54.83758196,54.73739734,0,0
8.73000000,54.81066800,54.38928326,54.80623428,54.65945351,0,0
8.74000000,54.79220087,54.33608030,54.71335585,54.62447452,0,0
8.75000000,54.76427267,54.27191393,54.62917643,54.52980480,0,0
8.76000000,54.72974895,54.18760978,54.53654764,54.50827137,0,0
8.77000000,54.66217789,54.16918305,54.48268900,54.46346411,0,0
8.78000000,54.60881269,54.18857056,54.46701721,54.38265439,0,0
8.79000000,54.58848483,54.13749244,54.46184231,54.36621834,0,0
8.80000000,54.52973836,54.04113839,54.37672591,54.30340799,0,0
8.81000000,54.39347932,53.98177911,54.29868679,54.26221591,0,0
8.82000000,54.39986503,53.93389899,54.29251301,54.26601253,0,0
8.83000000,54.34930608,53.94934626,54.27248621,54.20439008,0,0
8.84000000,54.26970101,53.87215458,54.19726868,54.11011312,0,0
8.85000000,54.21234770,53.84392219,54.10971215,54.02618976,0,0
8.86000000,54.21414323,53.73165958,54.02378976,53.97146966,0,0
8.87000000,54.14414799,53.68931305,53.98746984,53.89633898,0,0
8.88000000,54.22089536,53.70542530,53.96239810,53.87735081,0,0
8.89000000,54.06670034,53.64362553,53.88464749,53.85810996,0,0
8.90000000,53.94907428,53.55913684,53.85970066,53.78971438,0,0
8.91000000,53.91602290,53.48181915,53.83158808,53.80350525,0,0
8.92000000,53.87118567,53.46757748,53.80792442,53.73445473,0,0
8.93000000,53.87751776,53.41847574,53.71189476,53.70190629,0,0
8.94000000,53.82412742,53.32962818,53.67749820,53.65178155,0,0
8.95000000,53.80535110,53.34206071,53.62972889,53.57158489,0,0
8.96000000,53.69970308,53.31503873,53.61940149,53.53608185,0,0
8.97000000,53.69080429,53.27136202,53.61169914,53.52959551,0,0
8.98000000,53.66562287,53.35750351,53.57758362,53.47520665,0,0
8.99000000,53.53313050,53.15036310,53.46496374,53.41877612,0,0
9.00000000,53.60571929,53.11998551,53.39124165,53.37695062,0,0
9.01000000,53.53033687,53.01171953,53.36486980,53.35844094,0,0
9.02000000,53.51431465,53.00099565,53.35164384,53.28957248,0,0
9.03000000,53.41368191,52.97757059,53.23113982,53.21123819,0,0
9.04000000,53.35405461,52.94966799,53.20970251,53.15795993,0,0
9.05000000,53.29520769,52.89874294,53.12268188,53.09218024,0,0
9.06000000,53.23566415,52.81416629,53.15003005,53.03227955,0,0
9.07000000,53.29683339,52.71547886,53.06027535,52.98955302,0,0
9.08000000,53.12983570,52.67485416,53.00396068,52.97766152,0,0
9.09000000,53.14055854,52.67034132,53.02573339,52.91260669,0,0
9.10000000,53.11479176,52.70033558,52.89398385,52.85464966,0,0
9.11000000,53.01750740,52.62133171,52.81896468,52.81981343,0,0
9.12000000,52.96978627,52.56868915,52.76916930,52.73635767,0,0
9.13000000,52.92821349,52.46663917,52.78995187,52.69201152,0,0
9.14000000,52.86445209,52.42294115,52.76852811,52.68775981,0,0
9.15000000,52.83623124,52.40008235,52.71643152,52.60902479,0,0
9.16000000,52.72587596,52.33268054,52.66182442,52.56177441,0,0
9.17000000,52.62316691,52.28858296,52.53636437,52.57330417,0,0
9.18000000,52.66392940,52.20148290,52.51489324,52.51026909,0,0
9.19000000,52.69887706,52.18128538,52.49181983,52.46403406,0,0
9.20000000,52.64930237,52.11467483,52.46758328,52.38468249,0,0
9.21000000,52.52411199,52.10400799,52.41595343,52.33507500,0,0
9.22000000,52.52112081,52.08782177,52.31902037,52.26629527,0,0
9.23000000,52.42912011,51.98109102,52.24552915,52.24144401,0,0
9.24000000,52.45052074,51.95818862,52.25353604,52.22537967,0,0
9.25000000,52.40759937,51.91860525,52.23329238,52.22354679,0,0
9.26000000,52.31031562,51.89613328,52.21545075,52.18158060,0,0
9.27000000,52.21029621,51.84493523,52.17114623,52.07686505,0,0
9.28000000,52.14138809,51.76332705,52.11160029,52.00828943,0,0
9.29000000,52.12995175,51.66322236,52.03558225,51.93029178,0,0
9.30000000,52.08086706,51.58785087,52.00615022,51.89971054,0,0
9.31000000,52.09307540,51.60713267,51.97525158,51.85831471,0,0
9.32000000,52.02762802,51.63268931,51.94830256,51.84565286,0,0
9.33000000,51.92217316,51.62683410,51.88248541,51.81082495,0,0
9.34000000,51.90735985,51.57586912,51.76427321,51.72685224,0,0
9.35000000,51.89315290,51.46445947,51.67053418,51.66491689,0,0
9.36000000,51.84390902,51.38995772,51.60447713,51.61010498,0,0
9.37000000,51.84427186,51.32097573,51.58662377,51.55486625,0,0
9.38000000,51.81821209,51.27116413,51.56326184,51.54922706,0,0
9.39000000,51.71386400,51.27382041,51.53650095,51.50409592,0,0
9.40000000,51.61849433,51.22043520,51.46778909,51.41108154,0,0
9.41000000,51.53140945,51.13409164,51.40902379,51.38051076,0,0
9.42000000,51.45164271,51.07707318,51.39963739,51.30754113,0,0
9.43000000,51.45529599,51.04204050,51.38924364,51.24974898,0,0
9.44000000,51.48888856,50.99520072,51.39190521,51.24032707,0,0
9.45000000,51.36256104,50.92512341,51.31066626,51.21590945,0,0
9.46000000,51.28960050,50.89472415,51.20448744,51.18258164,0,0
9.47000000,51.29626581,50.87657578,51.12713138,51.14210126,0,0
9.48000000,51.27151686,50.87427669,51.06076716,51.07266779,0,0
9.49000000,51.22540456,50.78110251,51.06249458,50.97072705,0,0
9.50000000,51.23911681,50.73812371,51.02974191,50.91270398,0,0
9.51000000,51.11844083,50.64545379,51.02562385,50.90071824,0,0
9.52000000,51.07172635,50.61678055,50.96051266,50.85534958,0,0
9.53000000,51.00056185,50.59277404,50.89204607,50.81249008,0,0
9.54000000,50.94838799,50.47679757,50.78936155,50.79764194,0,0
9.55000000,50.92025488,50.43307707,50.76248915,50.70620353,0,0
9.56000000,50.93874781,50.42346369,50.75914683,50.62016598,0,0
9.57000000,50.84628336,50.44859662,50.80359782,50.62297824,0,0
9.58000000,50.74034221,50.38395572,50.78097997,50.57996173,0,0
9.59000000,50.69136431,50.25390699,50.74490798,50.52151697,0,0
9.60000000,50.74240970,50.23287565,50.58212997,50.49241903,0,0
9.61000000,50.70989510,50.17058257,50.56147248,50.46670212,0,0
9.62000000,50.59640271,50.12991869,50.48427255,50.39399334,0,0
9.63000000,50.61547067,50.16664145,50.40198277,50.37737514,0,0
9.64000000,50.51539665,50.07238028,50.36725820,50.31262287,0,0
9.65000000,50.50618593,50.02643441,50.29040420,50.23392803,0,0
9.66000000,50.45912347,49.97732175,50.22340774,50.14484300,0,0
9.67000000,50.36605471,49.91363481,50.18338407,50.09207215,0,0
9.68000000,50.30948362,49.85783112,50.10874845,50.03933670,0,0
9.69000000,50.34264447,49.85394615,50.15443837,50.02470222,0,0
9.70000000,50.28323348,49.70528250,50.12294279,49.97047675,0,0
9.71000000,50.08836999,49.65835342,50.06869292,49.93264995,0,0
9.72000000,50.10335469,49.72982065,50.04851475,49.86742176,0,0
9.73000000,50.03372162,49.82977043,49.89968875,49.84768625,0,0
9.74000000,50.08540528,49.71413781,49.89468540,49.78352577,0,0
9.75000000,50.00922195,49.50106688,49.78474823,49.71072166,0,0
9.76000000,50.09575046,49.33395095,49.85915706,49.69958483,0,0
9.77000000,49.93960289,49.30285250,49.75685708,49.72388610,0,0
9.78000000,49.86075952,49.36764164,49.74442234,49.70512180,0,0
9.79000000,49.73944858,49.26440496,49.64222442,49.64212807,0,0
9.80000000,49.68005747,49.27298050,49.62319620,49.55801215,0,0
9.81000000,49.68742800,49.24800865,49.54338906,49.45230723,0,0
9.82000000,49.79770687,49.26479102,49.51776565,49.38226934,0,0
9.83000000,49.64920559,49.14673142,49.49258705,49.34448671,0,0
9.84000000,49.45403221,48.97672987,49.44791484,49.30605118,0,0
9.85000000,49.46515648,48.88948917,49.39700273,49.23491497,0,0
9.86000000,49.45548264,49.00943760,49.23756433,49.27490245,0,0
9.87000000,49.48618980,49.08355753,49.27698699,49.22043236,0,0
9.88000000,49.39616106,49.05525785,49.25145540,49.13456401,0,0
9.89000000,49.39422746,48.93789560,49.25948094,49.05720448,0,0
9.90000000,49.26996538,48.76557641,49.17694754,49.03604772,0,0
9.91000000,49.23325049,48.73681432,49.12623251,48.93052770,0,0
9.92000000,49.19913683,48.71705082,49.03658356,48.97873229,0,0
9.93000000,49.13572984,48.64435804,48.97052574,48.97699530,0,0
9.94000000,49.06977836,48.63816319,48.92075801,48.92102890,0,0
9.95000000,49.09867812,48.55696054,48.92451794,48.92520750,0,0
9.96000000,49.05540122,48.51272893,48.87902855,48.80487163,0,0
9.97000000,48.92088484,48.46958051,48.82373418,48.73844438,0,0
9.98000000,48.90844873,48.41864115,48.78317682,48.70923283,0,0
9.99000000,48.91449746,48.33391110,48.72447382,48.59851831,0,0
10.00000000,48.85354587,48.32227203,48.71755535,48.51084326,0,0
10.01000000,48.87151045,48.26703680,48.69464475,48.47704146,0,0
10.02000000,48.81024426,48.21919245,48.64276870,48.45885431,0,0
10.03000000,48.67785952,48.15797618,48.57562360,48.38637079,0,0
10.04000000,48.61649522,48.08068997,48.51721974,48.29466297,0,0
10.05000000,48.65185857,48.06591108,48.47231861,48.17057264,0,0
10.06000000,48.59367210,48.01866623,48.37803618,48.06539920,0,0
10.07000000,48.46475159,47.96012459,48.30555062,48.05484920,0,0
10.08000000,48.37682329,47.89374512,48.28085485,48.05709409,0,0
10.09000000,48.35830374,47.81590947,48.30867265,48.09435510,0,0
10.10000000,48.31897698,47.76157275,48.28626831,48.10514588,0,0
10.11000000,48.29508292,47.72733535,48.21046893,48.06853428,0,0
10.12000000,48.28825321,47.66955413,48.10062108,47.99841274,0,0
10.13000000,48.23342684,47.65526262,48.02917280,47.91417770,0,0
10.14000000,48.13831816,47.66398545,48.01090616,47.83729391,0,0
10.15000000,48.20416321,47.59697011,47.97628852,47.77816584,0,0
10.16000000,48.08435751,47.50519932,47.91617055,47.75365754,0,0
10.17000000,48.03826708,47.38619206,47.84155608,47.71579881,0,0
10.18000000,47.97593346,47.34366449,47.80130958,47.67614532,0,0
10.19000000,47.89207747,47.34575227,47.80218786,47.61284717,0,0
10.20000000,47.75578851,47.31073761,47.75083341,47.54745096,0,0
10.21000000,47.75620257,47.25736920,47.66490565,47.50229598,0,0
10.22000000,47.82264436,47.14884554,47.67144667,47.46920063,0,0
10.23000000,47.77861597,47.07658089,47.60774362,47.40420371,0,0
10.24000000,47.73473381,47.03376724,47.60388247,47.35374733,0,0
10.25000000,47.57095730,47.03055406,47.52755113,47.25971491,0,0
10.26000000,47.54637455,47.03282759,47.50407908,47.19210209,0,0
10.27000000,47.49959185,46.92732921,47.38636730,47.16286118,0,0
10.28000000,47.50997812,46.82831356,47.42640219,47.08397184,0,0
10.29000000,47.50808500,46.75933307,47.36493184,47.05148001,0,0
10.30000000,47.39135619,46.77628754,47.32497738,47.04034671,0,0
10.31000000,47.29771336,46.75379063,47.26242812,46.97494212,0,0
10.32000000,47.25084681,46.74716689,47.14867392,46.91948042,0,0
10.33000000,47.19771587,46.62742844,47.12679861,46.86898201,0,0
10.34000000,47.15203317,46.43193008,46.98970183,46.82369014,0,0
10.35000000,47.13133413,46.42296543,47.00575083,46.79810149,0,0
10.36000000,47.12423698,46.39568224,46.97226575,46.73665923,0,0
10.37000000,47.00525566,46.45966882,46.88065585,46.66299479,0,0
10.38000000,46.90310246,46.41754251,46.84821619,46.58188434,0,0
10.39000000,47.00858582,46.38481255,46.87239694,46.55502881,0,0
10.40000000,46.90051662,46.24910601,46.74444622,46.51514347,0,0
10.41000000,46.79008690,46.18189996,46.62940188,46.46320843,0,0
10.42000000,46.69909288,46.11861511,46.65035190,46.44155333,0,0
10.43000000,46.69090889,46.07615508,46.62942702,46.35213735,0,0
10.44000000,46.68299303,46.08527716,46.59013954,46.37221991,0,0
10.45000000,46.53573379,45.95895917,46.58588937,46.29407046,0,0
10.46000000,46.54956026,45.91823943,46.41526663,46.18408255,0,0
10.47000000,46.41784432,45.86687485,46.38702945,46.13392649,0,0
10.48000000,46.32438784,45.81192182,46.27985388,46.07174393,0,0
10.49000000,46.36788110,45.78093687,46.30828176,46.01204981,0,0
10.50000000,46.34734929,45.68141824,46.26060046,45.97715065,0,0
10.51000000,46.19587633,45.64638094,46.19691082,45.94059933,0,0
10.52000000,46.10395658,45.57486344,46.10687046,45.87353667,0,0
10.53000000,46.20278054,45.54295443,46.06832763,45.77582239,0,0
10.54000000,46.04314729,45.49209413,45.90333378,45.76184308,0,0
10.55000000,46.03692557,45.41257735,45.90183183,45.65260887,0,0
10.56000000,46.00349127,45.32211053,45.86005296,45.61245503,0,0
10.57000000,45.95572598,45.31709014,45.83837839,45.55930329,0,0
10.58000000,45.84359015,45.26908247,45.83556906,45.51393818,0,0
10.59000000,45.81549108,45.18348971,45.77241932,45.45823579,0,0
10.60000000,45.78770836,45.12728457,45.71196684,45.42672530,0,0
10.61000000,45.70605770,45.07277031,45.58206761,45.37811257,0,0
10.62000000,45.62315410,44.97322884,45.52190776,45.33777448,0,0
10.63000000,45.56461283,44.96244247,45.48244601,45.26094947,0,0
10.64000000,45.57780417,44.88686077,45.49108398,45.18703011,0,0
10.65000000,45.47623349,44.83658568,45.46814197,45.10967027,0,0
10.66000000,45.34420851,44.79741137,45.34656111,44.99933987,0,0
10.67000000,45.39032337,44.69156226,45.28564246,44.99928803,0,0
10.68000000,45.31383829,44.67040636,45.22224879,44.94475035,0,0
10.69000000,45.30385726,44.64629101,45.16201412,44.87709732,0,0
10.70000000,45.25533451,44.56589760,45.11483250,44.82416292,0,0
10.71000000,45.20379734,44.55307581,45.06022677,44.73432552,0,0
10.72000000,45.15641560,44.44416256,44.99904881,44.73165897,0,0
10.73000000,45.04748094,44.42715446,44.95079742,44.70578224,0,0
10.74000000,45.00458524,44.36593725,44.92274678,44.60790890,0,0
10.75000000,44.87125433,44.28639030,44.86878797,44.50432903,0,0
10.76000000,44.86056162,44.23646679,44.76054633,44.41763409,0,0
10.77000000,44.86859202,44.10962902,44.69392564,44.38661110,0,0
10.78000000,44.83896125,44.04520835,44.64678211,44.36000596,0,0
10.79000000,44.69334865,43.97051036,44.60059039,44.34722783,0,0
10.80000000,44.49721810,43.94532667,44.52207435,44.30123299,0,0
10.81000000,44.53536676,43.98382814,44.55269815,44.23435796,0,0
10.82000000,44.55697771,43.84408705,44.45820494,44.12792806,0,0
10.83000000,44.53894891,43.73876137,44.36527243,44.03603148,0,0
10.84000000,44.50066562,43.69556753,44.28305688,43.96750106,0,0
10.85000000,44.42757609,43.70777291,44.25502617,43.89444568,0,0
10.86000000,44.32461904,43.67137161,44.20859840,43.86782861,0,0
10.87000000,44.17513289,43.61716755,44.23812188,43.83620939,0,0
10.88000000,44.16181476,43.49747323,44.14526401,43.80175267,0,0
10.89000000,44.19674704,43.40925887,44.03983467,43.75668349,0,0
10.90000000,44.13555523,43.39215814,43.97583923,43.64682273,0,0
10.91000000,44.04584946,43.31677665,43.87872083,43.59605944,0,0
10.92000000,43.95342215,43.28387083,43.86104592,43.50633868,0,0
10.93000000,43.84948183,43.23760612,43.87604157,43.46393396,0,0
10.94000000,43.82443304,43.15000741,43.82058350,43.43860910,0,0
10.95000000,43.78056588,43.09518780,43.71211499,43.36601093,0,0
10.96000000,43.76959978,43.04984233,43.68507569,43.36267501,0,0
10.97000000,43.73095986,43.02271345,43.61525284,43.28545094,0,0
10.98000000,43.61133903,42.97427961,43.57111234,43.17261866,0,0
10.99000000,43.60235321,42.93205894,43.63135549,43.14769402,0,0
11.00000000,43.57427993,42.84425717,43.52173354,43.06257408,0,0
11.01000000,43.52859629,42.77978028,43.40081591,43.00884606,0,0
11.02000000,43.43251393,42.70667286,43.31166862,43.00679308,0,0
11.03000000,43.37753993,42.66590756,43.30497901,42.97136433,0,0
11.04000000,43.32936546,42.68797533,43.22481598,42.89589463,0,0
11.05000000,43.24837615,42.55623121,43.12725939,42.74969270,0,0
11.06000000,43.14660097,42.47939548,43.05700237,42.72454648,0,0
11.07000000,43.16756237,42.32442865,43.02507638,42.65424222,0,0
11.08000000,43.15054085,42.37509962,43.03440106,42.62773711,0,0
11.09000000,43.03078142,42.34512453,42.99487446,42.60768528,0,0
11.10000000,42.86699284,42.30867372,42.88030333,42.51441182,0,0
11.11000000,42.88309410,42.19119312,42.85841094,42.43807941,0,0
11.12000000,42.87823101,42.09063288,42.75447214,42.35102497,0,0
11.13000000,42.87743876,42.02298455,42.63185402,42.32819592,0,0
11.14000000,42.78967408,42.04579265,42.63646229,42.24475932,0,0
11.15000000,42.72114394,42.03873460,42.53373208,42.20591498,0,0
11.16000000,42.60967215,41.87421687,42.57421874,42.18511137,0,0
11.17000000,42.57384733,41.87971951,42.49551477,42.14278987,0,0
11.18000000,42.56024795,41.81169074,42.45997990,42.10520053,0,0
11.19000000,42.51270222,41.73277464,42.32440140,42.00962693,0,0
11.20000000,42.32305306,41.75157113,42.26378019,41.90680227,0,0
11.21000000,42.25932987,41.62093434,42.17988044,41.84107175,0,0
11.22000000,42.26341107,41.49419534,42.18730592,41.78561363,0,0
11.23000000,42.27084741,41.48169035,42.15412456,41.73408611,0,0
11.24000000,42.17360471,41.41634113,42.07737965,41.70157567,0,0
11.25000000,42.00140989,41.36112348,42.00191083,41.65053757,0,0
11.26000000,41.97876363,41.31286271,42.00594549,41.58348741,0,0
11.27000000,42.06599864,41.34808724,41.94711805,41.54635633,0,0
11.28000000,41.96265768,41.19824474,41.85553989,41.44469632,0,0
11.29000000,41.89158231,41.17462199,41.79381422,41.38252939,0,0
11.30000000,41.80883453,41.15960242,41.72825296,41.31641983,0,0
11.31000000,41.77396742,41.11215439,41.72944193,41.27874492,0,0
11.32000000,41.70581434,40.99932993,41.66966397,41.25445895,0,0
11.33000000,41.70909439,40.96281537,41.62677918,41.19346109,0,0
11.34000000,41.68143172,40.80092185,41.46143227,41.14812503,0,0
11.35000000,41.50449999,40.77524855,41.41752625,41.06280845,0,0
11.36000000,41.46083465,40.75094257,41.33648310,41.00465964,0,0
11.37000000,41.33560894,40.68462407,41.34442335,40.90820725,0,0
11.38000000,41.34802537,40.56072413,41.31805502,40.86822165,0,0
11.39000000,41.34010204,40.43346720,41.29087781,40.77973993,0,0
11.40000000,41.25896898,40.40745045,41.23561446,40.71616756,0,0
11.41000000,41.16722699,40.38873183,41.11884613,40.69497588,0,0
11.42000000,41.15375855,40.42007582,41.12553378,40.64051067,0,0
11.43000000,41.05298584,40.35065534,41.00377094,40.54363892,0,0
11.44000000,40.99914798,40.26566426,40.95803551,40.49952692,0,0
11.45000000,40.95504416,40.14820712,40.87307762,40.44836715,0,0
11.46000000,40.99104252,40.13724674,40.80559416,40.37579503,0,0
11.47000000,40.89707739,40.09399349,40.75866719,40.29378616,0,0
11.48000000,40.80425459,40.04188041,40.67633149,40.27568555,0,0
11.49000000,40.73242259,39.94484248,40.65634234,40.21781031,0,0
11.50000000,40.72052221,39.84287275,40.57414175,40.13174647,0,0
11.51000000,40.63678439,39.81128523,40.54415014,40.05800389,0,0
11.52000000,40.61835725,39.81549383,40.45366930,40.01091329,0,0
11.53000000,40.58970767,39.80167722,40.36092542,39.95569198,0,0
11.54000000,40.49288923,39.69218035,40.35340596,39.96855394,0,0
11.55000000,40.39900716,39.61686760,40.36340218,39.91844436,0,0
11.56000000,40.31487682,39.50862230,40.35599450,39.83920818,0,0
11.57000000,40.23906217,39.47233763,40.30523202,39.83099602,0,0
11.58000000,40.29889558,39.49092083,40.27035131,39.76242335,0,0
11.59000000,40.33010592,39.40550521,40.14663920,39.64498382,0,0
11.60000000,40.25103923,39.32470427,40.02921226,39.59082685,0,0
11.61000000,40.12722424,39.23196283,40.01986321,39.52315943,0,0
11.62000000,40.08502598,39.25346251,39.93144489,39.44614263,0,0
11.63000000,40.07176772,39.20790121,39.93954289,39.37763891,0,0
11.64000000,39.96737786,39.16824753,39.86464736,39.29446422,0,0
11.65000000,39.91707018,39.08645990,39.81355529,39.27058881,0,0
11.66000000,39.81721072,39.00395872,39.75907079,39.24849954,0,0
11.67000000,39.75335020,38.92613966,39.61354890,39.17060413,0,0
11.68000000,39.69801282,38.88454367,39.57030992,39.05797725,0,0
11.69000000,39.65134536,38.84542622,39.43281736,39.01303837,0,0
11.70000000,39.60783702,38.70535986,39.43788614,38.86372018,0,0
11.71000000,39.54991408,38.61021352,39.43582237,38.84799612,0,0
11.72000000,39.45709186,38.65343464,39.34976130,38.86736724,0,0
11.73000000,39.30339723,38.63098032,39.26295652,38.79461286,0,0
11.74000000,39.38109347,38.57461172,39.22210467,38.74856830,0,0
11.75000000,39.36270708,38.43643515,39.19235432,38.66268372,0,0
11.76000000,39.26916945,38.33743913,39.01454108,38.56045209,0,0
11.77000000,39.17836951,38.28483094,39.10206054,38.52061678,0,0
11.78000000,39.08413999,38.34602881,38.98424889,38.43886183,0,0
11.79000000,39.03040974,38.29641807,38.89947355,38.33176084,0,0
11.80000000,38.92306361,38.11880503,38.86320106,38.32061247,0,0
11.81000000,38.96109999,37.97700276,38.77503868,38.26147974,0,0
11.82000000,38.87988273,37.91761912,38.77619425,38.27880788,0,0
11.83000000,38.85979724,37.95426746,38.65281344,38.28983016,0,0
11.84000000,38.71065972,37.90331668,38.62175789,38.21460060,0,0
11.85000000,38.61458505,37.86033541,38.58405923,38.05644233,0,0
11.86000000,38.52150633,37.70999176,38.51900964,38.03925515,0,0
11.87000000,38.56093568,37.62886630,38.56119531,37.92552191,0,0
11.88000000,38.52005691,37.51298380,38.45708182,37.88691701,0,0
11.89000000,38.35944484,37.56153376,38.41508548,37.85884360,0,0
11.90000000,38.25195971,37.43388412,38.31251473,37.74700470,0,0
11.91000000,38.34275803,37.42998135,38.28629929,37.75372575,0,0
11.92000000,38.30366586,37.33208188,38.21251676,37.67004013,0,0
11.93000000,38.23540774,37.30210005,38.05785361,37.60028957,0,0
11.94000000,38.12178366,37.18858459,38.08844482,37.51888267,0,0
11.95000000,38.07857217,37.11353975,37.93570416,37.45852703,0,0
11.96000000,38.05421823,37.14830926,37.98960582,37.36699212,0,0
11.97000000,37.92513542,37.07746707,37.94371827,37.27342018,0,0
11.98000000,37.88637985,37.06126212,37.84084910,37.26678990,0,0
11.99000000,37.90409672,36.88978123,37.82368281,37.22561117,0,0
12.00000000,37.81848854,36.89902573,37.62891836,37.17162270,0,0
12.01000000,37.84440759,36.79031126,37.65760793,37.09145317,0,0
12.02000000,37.73043407,36.77797919,37.58484374,37.00943230,0,0
12.03000000,37.66850549,36.88778449,37.55695434,36.98325129,0,0
12.04000000,37.67123942,36.80178052,37.51413368,36.87413141,0,0
12.05000000,37.60086911,36.71474638,37.46621693,36.84403681,0,0
12.06000000,37.55163337,36.61692400,37.38748198,36.79174219,0,0
12.07000000,37.49894299,36.54760974,37.37293069,36.78714163,0,0
12.08000000,37.52678497,36.46785584,37.34119626,36.73292223,0,0
12.09000000,37.45477498,36.49926837,37.27574676,36.63938061,0,0
12.10000000,37.34327351,36.52575834,37.15810708,36.60243445,0,0
12.11000000,37.28684121,36.44817601,37.14781951,36.54159339,0,0
12.12000000,37.27544227,36.36433816,37.10638596,36.49329759,0,0
12.13000000,37.27618285,36.28125611,37.10091812,36.45934369,0,0
12.14000000,37.17213978,36.25659652,37.06212443,36.38909833,0,0
12.15000000,37.15565810,36.22323492,37.01216922,36.35618156,0,0
12.16000000,37.07804207,36.16499048,36.94257077,36.33582409,0,0
12.17000000,36.99996387,36.14167865,36.90462937,36.30557274,0,0
12.18000000,36.94657654,36.11761918,36.84577821,36.29981254,0,0
12.19000000,36.95743191,36.04750978,36.81478059,36.22445934,0,0
12.20000000,36.91391989,35.97492403,36.77486158,36.16113920,0,0
12.21000000,36.92493446,35.92088445,36.73735307,36.08335707,0,0
12.22000000,36.83366720,35.87478920,36.72513471,36.01896639,0,0
12.23000000,36.75218444,35.79270713,36.63425725,35.97970468,0,0
12.24000000,36.70089279,35.77321947,36.56601454,35.97604907,0,0
12.25000000,36.67572743,35.73585627,36.55906410,35.88384007,0,0
12.26000000,36.70138507,35.63731867,36.51509222,35.83508997,0,0
12.27000000,36.65890984,35.61500985,36.42631785,35.81643310,0,0
12.28000000,36.60549142,35.61761891,36.38430318,35.69274404,0,0
12.29000000,36.51796859,35.58153034,36.39903498,35.63723525,0,0
12.30000000,36.50211893,35.52615489,36.30545932,35.62931981,0,0
12.31000000,36.48830167,35.47998457,36.31078930,35.59176382,0,0
12.32000000,36.41240928,35.42051445,36.30371528,35.55623811,0,0
12.33000000,36.40087425,35.36354401,36.25752809,35.50646848,0,0
12.34000000,36.31458050,35.32142509,36.19167623,35.49311880,0,0
12.35000000,36.25210024,35.25647826,36.11339543,35.47371968,0,0
12.36000000,36.19550466,35.28768317,36.02234782,35.43333263,0,0
12.37000000,36.19394569,35.23208783,36.03823458,35.42734060,0,0
12.38000000,36.10763475,35.19171258,36.00774102,35.34832287,0,0
12.39000000,36.15452938,35.11869962,36.02404005,35.32993045,0,0
12.40000000,36.12456108,35.11815040,36.00910840,35.23297674,0,0
12.41000000,36.05770621,34.99996050,35.94076729,35.21013906,0,0
12.42000000,35.94041539,34.90678955,35.84014612,35.17890085,0,0
12.43000000,35.88958219,34.92219717,35.79762686,35.15036127,0,0
12.44000000,35.95209503,34.85856969,35.81611366,35.08067499,0,0
12.45000000,35.95622281,34.87970540,35.70771817,35.02706023,0,0
12.46000000,35.96250876,34.87023185,35.63140911,34.93102826,0,0
12.47000000,35.81672965,34.80328068,35.64863913,34.90729849,0,0
12.48000000,35.85642608,34.70408800,35.56131755,34.83597829,0,0
12.49000000,35.77710467,34.68908320,35.64555551,34.83384586,0,0
12.50000000,35.79819463,34.67190156,35.61513609,34.79442808,0,0
12.51000000,35.74206681,34.66348373,35.57400734,34.72393885,0,0
12.52000000,35.66022232,34.63945211,35.50333165,34.67369355,0,0
12.53000000,35.58960251,34.57615686,35.43811839,34.69463130,0,0
12.54000000,35.61845779,34.55291067,35.35100098,34.62161875,0,0
12.55000000,35.64524600,34.47554839,35.37801862,34.63246012,0,0
12.56000000,35.56346343,34.45806196,35.32813724,34.50822813,0,0
12.57000000,35.59181439,34.39311370,35.27416645,34.48661057,0,0
12.58000000,35.55670079,34.51080258,35.32497298,34.45972613,0,0
12.59000000,35.56219476,34.50142203,35.30082228,34.40136640,0,0
12.60000000,35.47678250,34.42882428,35.22922696,34.37612023,0,0
12.61000000,35.48388295,34.36289867,35.24491049,34.33627727,0,0
12.62000000,35.63191176,34.36160297,35.20028350,34.31515471,0,0
12.63000000,35.53311929,34.39138331,35.20447546,34.28040706,0,0
12.64000000,35.51101292,34.36600716,35.07096193,34.29566511,0,0
12.65000000,35.36353373,34.26607391,35.16880045,34.32418028,0,0
12.66000000,35.43195203,34.29055540,35.09547076,34.20783733,0,0
12.67000000,35.37988630,34.19038243,35.17691423,34.25195183,0,0
12.68000000,35.32550816,34.12008555,35.15459863,34.23530105,0,0
12.69000000,35.27914541,34.14517267,35.10697077,34.16023642,0,0
12.70000000,35.30490567,34.13212781,35.06079316,34.11253489,0,0
12.71000000,35.29087035,34.17334828,34.99507319,34.07689045,0,0
12.72000000,35.25192368,34.09268687,34.92129987,34.13653309,0,0
12.73000000,35.28531837,34.07383848,34.92833225,34.09019822,0,0
12.74000000,35.14594372,34.00394705,34.95400295,34.12906467,0,0
12.75000000,35.15014493,33.89053059,34.97370320,34.04508261,0,0
12.76000000,35.13230645,33.97018422,34.98009172,34.06102546,0,0
12.77000000,35.13017992,33.95720450,34.96271100,33.99198947,0,0
12.78000000,35.08911222,33.98192109,34.89627169,33.98082774,0,0
12.79000000,35.02166670,33.91798412,34.90329965,34.03664601,0,0
12.80000000,35.09637809,33.89477860,34.91025588,33.98863767,0,0
12.81000000,35.06827213,33.85542479,34.92728902,34.01506860,0,0
12.82000000,35.08242037,33.82733479,34.79781445,33.93302497,0,0
12.83000000,34.98106259,33.79472262,34.76640254,33.85232197,0,0
12.84000000,34.97068393,33.79315774,34.75840541,33.80646465,0,0
12.85000000,34.96796002,33.80360244,34.74839918,33.75658166,0,0
12.86000000,34.89770103,33.78686965,34.77436586,33.74149152,0,0
12.87000000,34.91892311,33.76961473,34.77852877,33.73502476,0,0
12.88000000,34.87991000,33.75546844,34.71991990,33.69157560,0,0
12.89000000,34.88383016,33.68718918,34.67495711,33.68320221,0,0
12.90000000,34.82288334,33.63180133,34.61544395,33.69341210,0,0
12.91000000,34.79901331,33.62844805,34.60775883,33.73426171,0,0
12.92000000,34.76709298,33.61920885,34.62430879,33.76808378,0,0
12.93000000,34.73817709,33.61175417,34.60067400,33.72037449,0,0
12.94000000,34.74101926,33.54533110,34.56412948,33.61074050,0,0
12.95000000,34.74215235,33.53087525,34.51431537,33.58354276,0,0
12.96000000,34.74323551,33.58370562,34.46868198,33.51445363,0,0
12.97000000,34.66626678,33.58746465,34.44762358,33.49550446,0,0
12.98000000,34.62840451,33.48954336,34.46557047,33.53704389,0,0
12.99000000,34.62781566,33.39320520,34.48907714,33.54779868,0,0
13.00000000,34.65250203,33.42114043,34.48724020,33.50609670,0,0
13.01000000,34.65972115,33.41599379,34.36634709,33.48800751,0,0
13.02000000,34.62655760,33.41962093,34.29836887,33.45528926,0,0
13.03000000,34.60091558,33.38607871,34.38155721,33.41924689,0,0
13.04000000,34.58652487,33.34491422,34.36207413,33.35217783,0,0
13.05000000,34.54960679,33.33612676,34.41850912,33.36647185,0,0
13.06000000,34.54769164,33.30900757,34.39761622,33.37011756,0,0
13.07000000,34.57660255,33.31905737,34.34601264,33.33621164,0,0
13.08000000,34.56627693,33.28267589,34.34529332,33.32173732,0,0
13.09000000,34.48039573,33.24902295,34.29329621,33.30072809,0,0
13.10000000,34.41449016,33.20785538,34.27439955,33.29928602,0,0
13.11000000,34.33719592,33.18132822,34.26820395,33.32267216,0,0
13.12000000,34.34052516,33.18177678,34.23434449,33.23973643,0,0
13.13000000,34.42121229,33.19549095,34.20190455,33.19298601,0,0
13.14000000,34.46347355,33.13482344,34.17514133,33.14535478,0,0
13.15000000,34.44045153,33.12211419,34.16397652,33.17422696,0,0
13.16000000,34.33990448,33.10772126,34.15274578,33.13365365,0,0
13.17000000,34.36329710,33.10889596,34.16743938,33.13652104,0,0
13.18000000,34.38614889,33.03661587,34.14636583,33.10435436,0,0
13.19000000,34.34467385,33.04093098,34.15496681,33.10230023,0,0
13.20000000,34.32896871,33.02420251,34.00695778,33.05068972,0,0
13.21000000,34.26694012,32.97253423,34.06381757,33.03689076,0,0
13.22000000,34.26399284,32.95573342,34.00286070,33.01534937,0,0
13.23000000,34.29903654,32.97485400,34.01546797,32.93340280,0,0
13.24000000,34.20851771,32.94972165,34.05553428,32.90637598,0,0
13.25000000,34.21836867,32.95032119,33.99426504,32.86503441,0,0
13.26000000,34.16712304,32.84937628,33.98952849,32.87288774,0,0
13.27000000,34.17568719,32.83422883,33.93463834,32.87859943,0,0
13.28000000,34.12426548,32.83326857,33.90714969,32.85786849,0,0
13.29000000,34.09327162,32.84256682,33.87237287,32.78436574,0,0
13.30000000,34.01560048,32.78524117,33.86903371,32.85115098,0,0
13.31000000,34.01803683,32.76487483,33.81517947,32.77619841,0,0
13.32000000,34.08748380,32.75316496,33.83062711,32.78583870,0,0
13.33000000,34.09648301,32.68326128,33.81322724,32.74576590,0,0
13.34000000,33.96860318,32.63669953,33.83496869,32.73699606,0,0
13.35000000,33.83845989,32.68465010,33.80255576,32.68109062,0,0
13.36000000,33.88339192,32.62254922,33.82529591,32.59254129,0,0
13.37000000,33.99615790,32.58257266,33.77556110,32.62332065,0,0
13.38000000,33.95247092,32.47981706,33.78541593,32.58424853,0,0
13.39000000,33.93543528,32.47710059,33.59432242,32.64653542,0,0
13.40000000,33.79784837,32.47702970,33.65360707,32.59155163,0,0
13.41000000,33.85682262,32.49502446,33.60723386,32.58170865,0,0
13.42000000,33.80615791,32.51398697,33.60716661,32.54139447,0,0
13.43000000,33.83361408,32.43260027,33.63496704,32.47814305,0,0
13.44000000,33.76214119,32.42575321,33.61191564,32.44466390,0,0
13.45000000,33.78306721,32.37558715,33.64137180,32.43282183,0,0
13.46000000,33.75715630,32.30202677,33.61802814,32.42624371,0,0
13.47000000,33.71960636,32.37051650,33.55326104,32.43150745,0,0
13.48000000,33.70197378,32.33905566,33.48004764,32.32171174,0,0
13.49000000,33.63469049,32.31576950,33.49417585,32.32729779,0,0
13.50000000,33.63306011,32.23763580,33.46691133,32.32311746,0,0
13.51000000,33.64618167,32.28088307,33.47387696,32.33358903,0,0
13.52000000,33.62078282,32.25808667,33.46444242,32.30028877,0,0
13.53000000,33.59708624,32.22690413,33.45411450,32.24808859,0,0
13.54000000,33.51727209,32.18681794,33.37847089,32.20565337,0,0
13.55000000,33.53014827,32.17221137,33.40859198,32.17864844,0,0
13.56000000,33.60883057,32.17877210,33.36882668,32.14557992,0,0
13.57000000,33.57588090,32.10130896,33.36726465,32.13913762,0,0
13.58000000,33.55593882,32.03800156,33.27746842,32.13626279,0,0
13.59000000,33.47057198,32.03294001,33.27462351,32.12552992,0,0
13.60000000,33.48431341,32.05030628,33.27466303,32.07865478,0,0
13.61000000,33.50348593,32.06414752,33.22672573,32.07403726,0,0
13.62000000,33.48902204,32.05547820,33.23644244,32.05987339,0,0
13.63000000,33.48184614,32.00655356,33.19595032,32.04201326,0,0
13.64000000,33.45137163,31.99111552,33.24525914,32.03778612,0,0
13.65000000,33.45589116,31.96347831,33.27886998,31.98926013,0,0
13.66000000,33.41012704,31.98861922,33.22463361,31.93233437,0,0
13.67000000,33.38183582,31.96882514,33.17792056,31.91257469,0,0
13.68000000,33.39375818,31.97280126,33.15178008,31.88346373,0,0
13.69000000,33.35604519,31.98068028,33.16781139,31.85968847,0,0
13.70000000,33.34462117,31.93540602,33.14618703,31.93688660,0,0
13.71000000,33.37307323,31.91592492,33.12319616,31.95400394,0,0
13.72000000,33.35916873,31.91309010,33.12605446,31.95933273,0,0
13.73000000,33.34527401,31.87114752,33.10968120,31.89070066,0,0
13.74000000,33.26713041,31.83722501,33.08477617,31.82471992,0,0
13.75000000,33.31754814,31.85112617,33.05860029,31.81042138,0,0
13.76000000,33.31845333,31.87194363,33.07670127,31.77809316,0,0
13.77000000,33.31314029,31.81083956,33.09291441,31.77439306,0,0
13.78000000,33.30745254,31.73931379,32.98896678,31.75194775,0,0
13.79000000,33.25230748,31.72692061,32.95817411,31.74531870,0,0
13.80000000,33.26665340,31.74604715,32.99068640,31.69701570,0,0
13.81000000,33.24574773,31.73697502,32.91611368,31.68566225,0,0
13.82000000,33.18420926,31.75569380,32.97224617,31.71233972,0,0
13.83000000,33.17564672,31.74473071,32.96828998,31.67305093,0,0
13.84000000,33.23348011,31.71374508,32.97494130,31.68160321,0,0
13.85000000,33.17098965,31.66548366,32.91972000,31.65401203,0,0
13.86000000,33.10632673,31.64589938,32.89550596,31.62208746,0,0
13.87000000,33.07686025,31.66452997,32.81745766,31.57627297,0,0
13.88000000,33.07588100,31.68576987,32.86400276,31.59646680,0,0
13.89000000,33.10984612,31.63188735,32.85196728,31.55671358,0,0
13.90000000,33.18637485,31.60915320,32.89062463,31.58741463,0,0
13.91000000,33.12111644,31.55431322,32.86241757,31.62087083,0,0
13.92000000,33.08142703,31.59562898,32.90534632,31.57645214,0,0
13.93000000,32.99208897,31.55139187,32.82533766,31.57167614,0,0
13.94000000,33.02453548,31.56642163,32.78663037,31.46786995,0,0
13.95000000,33.15989982,31.52964390,32.83092129,31.49091659,0,0
13.96000000,33.05921176,31.50144916,32.81015931,31.46666146,0,0
13.97000000,32.99212749,31.48435132,32.83351712,31.41421001,0,0
13.98000000,32.93462920,31.41717748,32.65245499,31.40378828,0,0
13.99000000,32.97925549,31.42154665,32.80940726,31.40476196,0,0
14.00000000,33.16173308,31.46271182,32.67720609,31.41889704,0,0
14.01000000,32.98861294,31.46794204,32.73102098,31.40751855,0,0
14.02000000,32.99016681,31.38090942,32.74481557,31.36276163,0,0
14.03000000,32.90354134,31.38770905,32.75092644,31.39538296,0,0
14.04000000,33.01741563,31.32084676,32.75825082,31.32878604,0,0
14.05000000,32.97918996,31.34565961,32.74360717,31.29678562,0,0
14.06000000,33.06166572,31.28606284,32.66787381,31.30095504,0,0
14.07000000,32.91859766,31.31963375,32.65370702,31.30162564,0,0
14.08000000,32.88944440,31.36733956,32.70027782,31.27766630,0,0
14.09000000,32.82868025,31.33193321,32.68467138,31.25298753,0,0
14.10000000,32.91775989,31.32756862,32.68443133,31.15801334,0,0
14.11000000,32.90797427,31.20415655,32.67656208,31.24306431,0,0
14.12000000,32.95247533,31.23490029,32.67781820,31.22485291,0,0
14.13000000,32.80055482,31.25736430,32.66393040,31.30303564,0,0
14.14000000,32.82526277,31.27637486,32.65889403,31.29570455,0,0
14.15000000,32.88362550,31.18598630,32.55360671,31.18674581,0,0
14.16000000,32.88359820,31.18618554,32.64521041,31.17331938,0,0
14.17000000,32.88533492,31.16547715,32.58134193,31.06666742,0,0
14.18000000,32.81768466,31.16229336,32.49338503,31.09306587,0,0
14.19000000,32.75185581,31.14708364,32.54892303,31.11801701,0,0
14.20000000,32.73854729,31.11926238,32.47554157,31.11643203,0,0
14.21000000,32.70161378,31.09778283,32.51909743,31.13450663,0,0
14.22000000,32.83106553,31.05336800,32.54484022,31.09179482,0,0
14.23000000,32.86014636,31.07148738,32.57501126,31.09486037,0,0
14.24000000,32.83592693,31.08680213,32.53318078,31.04689271,0,0
14.25000000,32.69949151,31.07110123,32.49126334,31.03447593,0,0
14.26000000,32.67089298,31.07016263,32.41104556,31.00097348,0,0
14.27000000,32.68768059,30.99763087,32.43297955,30.96099557,0,0
14.28000000,32.74068128,30.98276437,32.46967448,30.92841947,0,0
14.29000000,32.69100553,30.96806448,32.45421344,30.92075718,0,0
14.30000000,32.68847845,30.96482147,32.44049058,30.91554595,0,0
14.31000000,32.64512555,31.01200427,32.36929888,30.91546181,0,0
14.32000000,32.61754754,30.99400217,32.38673484,30.95423489,0,0
14.33000000,32.60378770,30.95340566,32.39138576,30.92893886,0,0
14.34000000,32.59875059,30.93670159,32.40745898,30.89407923,0,0
14.35000000,32.53877515,30.84762946,32.45037324,30.87951193,0,0
14.36000000,32.56507816,30.89903330,32.47259195,30.82832650,0,0
14.37000000,32.55138805,30.90905661,32.43181052,30.82004878,0,0
14.38000000,32.54519313,30.86729464,32.34466810,30.84240347,0,0
14.39000000,32.53462126,30.83793590,32.32341201,30.80556670,0,0
14.40000000,32.61118995,30.76765909,32.31116318,30.78302945,0,0
14.41000000,32.54010817,30.77084936,32.33005208,30.80002942,0,0
14.42000000,32.52536001,30.78120686,32.34902643,30.77552063,0,0
14.43000000,32.49024571,30.78927826,32.32436630,30.74291371,0,0
14.44000000,32.41346245,30.82757922,32.23214799,30.76080397,0,0
14.45000000,32.39785899,30.81289199,32.22590561,30.74788087,0,0
14.46000000,32.45250967,30.76985226,32.17113782,30.68151874,0,0
14.47000000,32.49088601,30.69894910,32.13808296,30.66953538,0,0
14.48000000,32.44375361,30.64878302,32.09972629,30.67342492,0,0
14.49000000,32.40202591,30.67790961,32.04243324,30.64039707,0,0
14.50000000,32.36457253,30.71614154,32.04177761,30.61159073,0,0
14.51000000,32.35981892,30.72934430,32.06775048,30.65970020,0,0
14.52000000,32.35233753,30.69024107,32.13652874,30.60005776,0,0
14.53000000,32.35680778,30.62601313,32.17697898,30.65320285,0,0
14.54000000,32.27479369,30.57757451,32.13386808,30.66938883,0,0
14.55000000,32.29839319,30.64728961,32.14186625,30.64080693,0,0
14.56000000,32.29623510,30.66188903,32.17444770,30.63986049,0,0
14.57000000,32.31994117,30.67638047,32.12829656,30.59128571,0,0
14.58000000,32.29975148,30.61196145,32.03745824,30.55163195,0,0
14.59000000,32.31256377,30.57057230,32.06087600,30.52936735,0,0
14.60000000,32.21283449,30.58063919,32.02401635,30.50580180,0,0
14.61000000,32.17588677,30.57581525,32.03394656,30.53400981,0,0
14.62000000,32.21604268,30.57293947,32.04427287,30.54123240,0,0
14.63000000,32.25812250,30.57145564,32.09660221,30.54986100,0,0
14.64000000,32.25177402,30.53080908,31.99725693,30.57347178,0,0
14.65000000,32.15619143,30.53291371,31.98005965,30.56489060,0,0
14.66000000,32.18450270,30.60094723,31.96515274,30.60202817,0,0
14.67000000,32.17539169,30.54860573,31.92048027,30.53262424,0,0
14.68000000,32.23619179,30.52500845,31.95219386,30.48188976,0,0
14.69000000,32.21085194,30.43072797,31.99055463,30.47741233,0,0
14.70000000,32.23362578,30.46910594,32.00905517,30.44489646,0,0
14.71000000,32.14224146,30.61094850,31.94697467,30.41364035,0,0
14.72000000,32.15054582,30.58975652,32.05029095,30.40283513,0,0
14.73000000,32.09771468,30.59621142,31.93563512,30.34967586,0,0
14.74000000,32.18623635,30.51519641,31.88168461,30.40448969,0,0
14.75000000,32.26194559,30.48801069,31.86516433,30.45142266,0,0
14.76000000,32.14651661,30.51559882,31.87431663,30.46517979,0,0
14.77000000,32.07784805,30.51572211,31.89937995,30.48234002,0,0
14.78000000,32.00588590,30.44874710,31.77866797,30.39676954,0,0
14.79000000,32.10014312,30.49096262,31.81123568,30.38151878,0,0
14.80000000,32.18064831,30.47206724,31.77602402,30.34668334,0,0
14.81000000,32.05401255,30.50346841,31.75892001,30.33009860,0,0
14.82000000,32.07046051,30.38260182,31.83157827,30.32816664,0,0
14.83000000,32.00188791,30.38944477,31.81819908,30.34276222,0,0
14.84000000,32.01930267,30.39292904,31.74710924,30.34027093,0,0
14.85000000,31.95024330,30.36596997,31.76053294,30.29017584,0,0
14.86000000,31.96512810,30.36419359,31.75580783,30.34008237,0,0
14.87000000,32.00077304,30.33427170,31.69748453,30.34249582,0,0
14.88000000,31.95861093,30.33582781,31.76795666,30.29502271,0,0
14.89000000,31.93937173,30.33230429,31.69903108,30.23460140,0,0
14.90000000,31.89727064,30.33865195,31.71402631,30.22586877,0,0
14.91000000,31.86174790,30.34930636,31.66215675,30.23702389,0,0
14.92000000,31.86834316,30.33904352,31.68592784,30.20829686,0,0
14.93000000,31.89631107,30.34163018,31.67661433,30.22309760,0,0
14.94000000,31.85729980,30.30812054,31.60328208,30.15293265,0,0
14.95000000,31.88810959,30.19828762,31.64199389,30.18250336,0,0
14.96000000,31.84154416,30.17443614,31.58276732,30.24137105,0,0
14.97000000,31.83490372,30.19313001,31.64899436,30.24270581,0,0
14.98000000,31.77683147,30.21263353,31.60933519,30.25172034,0,0
14.99000000,31.76099225,30.12739341,31.53348560,30.20365094,0,0
15.00000000,31.74056742,30.11734873,31.54740029,30.12750892,0,0
15.01000000,31.67996665,30.15767321,31.53221371,30.14388916,0,0
15.02000000,31.70661407,30.15953764,31.53149159,30.09751972,0,0
15.03000000,31.68098423,30.14263174,31.57750647,30.03987604,0,0
15.04000000,31.65756080,30.03532420,31.52231370,30.09378783,0,0
15.05000000,31.61734958,30.02194875,31.48812489,30.09943900,0,0
15.06000000,31.63721671,30.03116503,31.43875094,30.08108762,0,0
15.07000000,31.60443625,30.06072170,31.39696891,30.06158463,0,0
15.08000000,31.53833214,30.00860270,31.38515879,30.05058851,0,0
15.09000000,31.52458251,29.97207765,31.39774829,29.98280210,0,0
15.10000000,31.56230138,29.98013298,31.34612929,29.94599104,0,0
15.11000000,31.57787203,29.96626448,31.31947509,29.96445215,0,0
15.12000000,31.57314438,29.92996715,31.29629685,29.92554941,0,0
15.13000000,31.46003112,29.91815652,31.31469635,29.90761525,0,0
15.14000000,31.41387283,29.88679133,31.32016543,29.93851190,0,0
15.15000000,31.42243824,29.90555856,31.30709712,29.90353648,0,0
15.16000000,31.49405619,29.94647175,31.30552697,29.84095849,0,0
15.17000000,31.45935311,29.87040858,31.25672056,29.86054088,0,0
15.18000000,31.43691976,29.79836840,31.28396289,29.87719269,0,0
15.19000000,31.40026323,29.70083795,31.16345573,29.86009770,0,0
15.20000000,31.32195483,29.69676181,31.13462038,29.85062133,0,0
15.21000000,31.17388062,29.75382201,31.14729916,29.81304847,0,0
15.22000000,31.25970369,29.84541018,31.03718115,29.77062695,0,0
15.23000000,31.30701024,29.89228377,31.09674552,29.76707694,0,0
15.24000000,31.39074781,29.75944882,31.05136304,29.73194065,0,0
15.25000000,31.37299478,29.66891988,31.02630090,29.71069233,0,0
15.26000000,31.21889382,29.58996836,31.07216321,29.73973593,0,0
15.27000000,31.15570277,29.67245251,31.03308693,29.75204295,0,0
15.28000000,31.12164728,29.78911578,31.01038216,29.67973800,0,0
15.29000000,31.14933626,29.74111519,30.94430716,29.60837301,0,0
15.30000000,31.15910668,29.66048332,30.98801230,29.61063301,0,0
15.31000000,31.22119081,29.57487463,30.93717159,29.60838784,0,0
15.32000000,31.16293334,29.57177595,30.96586034,29.55904358,0,0
15.33000000,31.18058245,29.62960971,30.92824383,29.57628346,0,0
15.34000000,31.11612296,29.56448177,30.95966932,29.53202686,0,0
15.35000000,30.99663484,29.55188720,30.92080997,29.49035418,0,0
15.36000000,31.04450312,29.52791919,30.90110003,29.48140635,0,0
15.37000000,31.06962871,29.54832585,30.89164393,29.54202417,0,0
15.38000000,31.15976397,29.59949250,30.77316783,29.46599258,0,0
15.39000000,31.06940090,29.53294781,30.85180756,29.51339967,0,0
15.40000000,30.92458327,29.41855911,30.72691007,29.48936235,0,0
15.41000000,30.92720666,29.45466305,30.72129542,29.50681981,0,0
15.42000000,30.94656127,29.43690253,30.81495631,29.52832854,0,0
15.43000000,30.97099915,29.42810004,30.71348175,29.42061431,0,0
15.44000000,31.06756766,29.42026020,30.73405119,29.39553820,0,0
15.45000000,30.89137271,29.40232134,30.71871987,29.35638156,0,0
15.46000000,30.86588165,29.34690373,30.73583632,29.36625774,0,0
15.47000000,30.81464774,29.39227969,30.79123558,29.44247577,0,0
15.48000000,30.73732936,29.35385670,30.82998673,29.40754318,0,0
15.49000000,30.71395721,29.27027377,30.63029031,29.39905362,0,0
15.50000000,30.75295659,29.27726082,30.72616049,29.30685229,0,0
15.51000000,30.85028718,29.23559786,30.50604107,29.19828207,0,0
15.52000000,30.93692704,29.28885966,30.44542043,29.21595345,0,0
15.53000000,30.85140167,29.26702046,30.48870027,29.18735489,0,0
15.54000000,30.79995909,29.21005092,30.48511942,29.12208863,0,0
15.55000000,30.66761594,29.19311482,30.55591089,29.10576040,0,0
15.56000000,30.62444905,29.15870924,30.50412373,29.07911784,0,0
15.57000000,30.64259682,29.16324105,30.38166766,29.05230161,0,0
15.58000000,30.65813010,29.18510456,30.41243501,29.08359212,0,0
15.59000000,30.54940303,29.17582517,30.31042324,29.11771777,0,0
15.60000000,30.60473090,29.21142136,30.40303794,29.08140840,0,0
15.61000000,30.71368180,29.16290152,30.30663602,29.10497957,0,0
15.62000000,30.74368829,29.08775139,30.29362086,29.12366375,0,0
15.63000000,30.66957726,29.05247205,30.38593286,29.10813034,0,0
15.64000000,30.42085677,29.02198121,30.32520419,29.07556017,0,0
15.65000000,30.48811647,29.01836865,30.38833294,29.01846265,0,0
15.66000000,30.52424209,29.01435527,30.35061455,28.99058970,0,0
15.67000000,30.59094236,29.00763588,30.37033771,28.99769474,0,0
15.68000000,30.50740376,28.96826287,30.27387598,28.95696972,0,0
15.69000000,30.43757572,28.97124756,30.27871643,28.97436074,0,0
15.70000000,30.39771278,28.93734575,30.22961788,28.98378073,0,0
15.71000000,30.41331223,28.91852667,30.18995806,28.95761357,0,0
15.72000000,30.39059472,28.91901276,30.21939505,28.89879985,0,0
15.73000000,30.44072014,28.84978474,30.20537214,28.87559152,0,0
15.74000000,30.41393529,28.85601906,30.24021246,28.87824046,0,0
15.75000000,30.41030374,28.87700322,30.19560068,28.86470352,0,0
15.76000000,30.39453046,28.86251693,30.31295440,28.78527347,0,0
15.77000000,30.31004268,28.84341493,30.27765237,28.77025623,0,0
15.78000000,30.33968277,28.75193308,30.23403871,28.78996190,0,0
15.79000000,30.41939642,28.71563642,30.11871769,28.79984000,0,0
15.80000000,30.41049838,28.70474859,30.00289922,28.80823052,0,0
15.81000000,30.35991631,28.76083297,29.98905792,28.83236712,0,0
15.82000000,30.25723344,28.76012045,30.04229389,28.74931897,0,0
15.83000000,30.24533370,28.72929685,30.02010539,28.69379321,0,0
15.84000000,30.29241230,28.72479722,30.11185022,28.70695845,0,0
15.85000000,30.28905306,28.66136093,30.09664933,28.68198445,0,0
15.86000000,30.24935246,28.68312012,30.03110102,28.67124345,0,0
15.87000000,30.22834552,28.60153868,29.98669742,28.63679603,0,0
15.88000000,30.23446721,28.62579885,29.89902361,28.54743991,0,0
15.89000000,30.16670253,28.64740095,29.84375260,28.48886528,0,0
15.90000000,30.15029471,28.63184931,29.81265122,28.41894628,0,0
15.91000000,30.11797483,28.54624261,29.77240243,28.39038256,0,0
15.92000000,30.05729039,28.51521597,29.85626303,28.42911336,0,0
15.93000000,30.02984108,28.44398269,29.89021464,28.46968889,0,0
15.94000000,30.02798052,28.49065434,29.89785638,28.54598349,0,0
15.95000000,30.01910380,28.45060900,29.81368987,28.52607089,0,0
15.96000000,30.00978166,28.45526159,29.78038172,28.50695566,0,0
15.97000000,29.98112361,28.38331983,29.82932929,28.50397922,0,0
15.98000000,29.91961995,28.35602232,29.84632044,28.48988960,0,0
15.99000000,29.89561585,28.40097235,29.85388207,28.45628960,0,0
16.00000000,29.94489926,28.41752724,29.78001171,28.38122486,0,0
16.01000000,29.93029625,28.42369125,29.77152008,28.35685947,0,0
16.02000000,29.92308183,28.34598824,29.71793113,28.32048443,0,0
16.03000000,29.85934806,28.31024847,29.71879326,28.32186780,0,0
16.04000000,29.80412268,28.30103001,29.66546271,28.32947411,0,0
16.05000000,29.87026436,28.36518786,29.53941816,28.25817364,0,0
16.06000000,29.85869665,28.31896811,29.67985917,28.25878538,0,0
16.07000000,29.82152143,28.28810732,29.60362625,28.28440402,0,0
16.08000000,29.73550478,28.22415557,29.56070483,28.24932019,0,0
16.09000000,29.78145825,28.20265472,29.65000000,28.28408223,0,0
16.10000000,29.79497682,28.24259193,29.58837537,28.26090359,0,0
16.11000000,29.69974137,28.20595920,29.60646630,28.20455625,0,0
16.12000000,29.74752991,28.20495729,29.58190346,28.16977755,0,0
16.13000000,29.69030730,28.17591967,29.52023286,28.12927324,0,0
16.14000000,29.70601238,28.16220031,29.44938820,28.11157364,0,0
16.15000000,29.62678473,28.15735040,29.45924467,28.07037760,0,0
16.16000000,29.64096150,28.13032692,29.41725106,28.12549480,0,0
16.17000000,29.60700923,28.13199913,29.40511970,28.12561408,0,0
16.18000000,29.65436103,28.06904786,29.38212752,28.09683747,0,0
16.19000000,29.60921967,28.06444486,29.33844492,28.02998257,0,0
16.20000000,29.55432084,28.02851570,29.45101988,28.09333160,0,0
16.21000000,29.57860154,28.05448965,29.37361874,27.99465858,0,0
16.22000000,29.56275252,28.04770984,29.40243539,27.96902489,0,0
16.23000000,29.57198244,28.03858147,29.36642314,27.94996106,0,0
16.24000000,29.55203359,27.97763486,29.29350942,27.91636735,0,0
16.25000000,29.51999771,27.91856152,29.39201727,27.94746347,0,0
16.26000000,29.42724068,27.94257663,29.27774826,27.91056858,0,0
16.27000000,29.50209541,27.95728506,29.16841833,27.91850094,0,0
16.28000000,29.46900323,27.96638817,29.23851911,27.86013526,0,0
16.29000000,29.41771197,27.95279951,29.18293510,27.81393042,0,0
16.30000000,29.40743662,27.87244038,29.22151124,27.87836434,0,0
16.31000000,29.37863434,27.88543000,29.20534984,27.88023269,0,0
16.32000000,29.43730791,27.90819327,29.20523861,27.84783999,0,0
16.33000000,29.34562227,27.86762375,29.14878566,27.89045547,0,0
16.34000000,29.29321588,27.82243616,29.11654832,27.79510349,0,0
16.35000000,29.24672578,27.79746768,29.08486708,27.77136897,0,0
16.36000000,29.34598163,27.76308372,29.05462691,27.71583909,0,0
16.37000000,29.33220603,27.77843184,29.07277470,27.71412176,0,0
16.38000000,29.38638173,27.75983721,29.01888021,27.71055428,0,0
16.39000000,29.24573203,27.69054277,29.02244694,27.73153965,0,0
16.40000000,29.24636010,27.67454489,28.99706878,27.70450599,0,0
16.41000000,29.16298555,27.67238907,28.94596752,27.64852223,0,0
16.42000000,29.20671696,27.66377159,29.03113006,27.61717793,0,0
16.43000000,29.27096652,27.61135357,28.97377682,27.62713746,0,0
16.44000000,29.25433592,27.59505587,28.98494138,27.61218962,0,0
16.45000000,29.18928072,27.61796584,28.98890844,27.55862023,0,0
16.46000000,29.14818572,27.61511514,28.93134667,27.51958311,0,0
16.47000000,29.12959591,27.62392765,28.98876355,27.46512235,0,0
16.48000000,29.10900795,27.54826281,28.96188573,27.48183608,0,0
16.49000000,29.13286009,27.53031330,28.81799831,27.52485893,0,0
16.50000000,29.12607710,27.56216796,28.82836711,27.50784714,0,0
16.51000000,29.16810363,27.55931394,28.88406164,27.46615137,0,0
16.52000000,29.14194018,27.54285637,28.85705904,27.40249651,0,0
16.53000000,29.11525664,27.49543224,28.89499959,27.42520725,0,0
16.54000000,29.11365768,27.47023574,28.87145038,27.45581475,0,0
16.55000000,29.06215506,27.50049691,28.85809829,27.45753163,0,0
16.56000000,29.02823312,27.56567657,28.83578377,27.47536149,0,0
16.57000000,29.01777032,27.52348949,28.81520226,27.44728775,0,0
16.58000000,29.08626484,27.50560643,28.76922411,27.35012977,0,0
16.59000000,29.07896724,27.45458782,28.72790332,27.33486203,0,0
16.60000000,29.03183757,27.45607456,28.73472178,27.35209742,0,0
16.61000000,29.00508460,27.46699341,28.78295592,27.30747411,0,0
16.62000000,29.00153137,27.44375814,28.76633779,27.31166821,0,0
16.63000000,29.05319215,27.45810871,28.78246564,27.30467677,0,0
16.64000000,29.00366605,27.43517483,28.73394196,27.32898027,0,0
16.65000000,28.94420461,27.42700799,28.74655029,27.33287127,0,0
16.66000000,28.97393990,27.42357820,28.66890119,27.34074501,0,0
16.67000000,29.05977387,27.39320243,28.73710538,27.34352899,0,0
16.68000000,29.01065061,27.37522898,28.75163435,27.32146891,0,0
16.69000000,29.03998240,27.37906997,28.73054419,27.28215117,0,0
16.70000000,28.93379190,27.38011152,28.75987923,27.25643058,0,0
16.71000000,28.90914803,27.35121435,28.76282197,27.27174429,0,0
16.72000000,28.95248003,27.32595516,28.59153424,27.29040490,0,0
16.73000000,28.95441860,27.35940884,28.69300365,27.27165819,0,0
16.74000000,28.96564937,27.40771963,28.66723722,27.27830924,0,0
16.75000000,29.00163899,27.37581556,28.67210084,27.25868112,0,0
16.76000000,28.94950488,27.40577931,28.77352062,27.19993135,0,0
16.77000000,28.94808274,27.28205202,28.73179027,27.28693429,0,0
16.78000000,28.84240546,27.37531753,28.74270212,27.30285662,0,0
16.79000000,28.86171463,27.38585829,28.66420004,27.24004607,0,0
16.80000000,28.87783504,27.35588982,28.68929355,27.34554603,0,0
16.81000000,28.88783304,27.27667651,28.57934500,27.25395691,0,0
16.82000000,28.88114442,27.24087650,28.59728391,27.25307245,0,0
16.83000000,28.90317875,27.26995739,28.63773291,27.25455814,0,0
16.84000000,28.87115890,27.24702750,28.66330406,27.21216176,0,0
16.85000000,28.86934205,27.35484555,28.65335188,27.18958135,0,0
16.86000000,28.88595839,27.30971672,28.58426676,27.14919462,0,0
16.87000000,28.82606569,27.25687968,28.62522871,27.17454901,0,0
16.88000000,28.88588026,27.22905602,28.59317727,27.17461100,0,0
16.89000000,28.99439333,27.24375595,28.58809984,27.17950292,0,0
16.90000000,28.92829134,27.26705658,28.60253083,27.18070197,0,0
16.91000000,28.90019220,27.22436629,28.59351875,27.19542553,0,0
16.92000000,28.77646505,27.23388253,28.61825808,27.15847948,0,0
16.93000000,28.79964816,27.23253511,28.68567707,27.10249017,0,0
16.94000000,28.89839657,27.22192864,28.49778117,27.06780066,0,0
16.95000000,28.86575331,27.28012758,28.57209529,27.06842461,0,0
16.96000000,28.85951457,27.25998039,28.57777938,27.09587608,0,0
16.97000000,28.85191266,27.26156482,28.47449598,27.08829812,0,0
16.98000000,28.83576629,27.21381306,28.54201633,27.13423090,0,0
16.99000000,28.89989434,27.19227982,28.59403898,27.05378081,0,0
17.00000000,28.77475174,27.17253755,28.64181863,27.07031662,0,0
17.01000000,28.78377486,27.17095791,28.59096761,27.14430296,0,0
17.02000000,28.70951819,27.22430586,28.54493581,27.08423093,0,0
17.03000000,28.77439246,27.13919292,28.54369652,27.15770432,0,0
17.04000000,28.61692342,27.00056875,28.45648363,27.11759688,0,0
17.05000000,28.65289505,26.98267973,28.45865390,27.09354121,0,0
17.06000000,28.68888678,27.06664472,28.50296916,27.05485754,0,0
17.07000000,28.70818732,27.09785970,28.52905163,27.02520773,0,0
17.08000000,28.77680934,27.10742136,28.52637001,26.95726125,0,0
17.09000000,28.66314188,27.12983453,28.48598083,26.96416425,0,0
17.10000000,28.65957635,27.02299406,28.51215503,26.96443473,0,0
17.11000000,28.73246052,27.04790373,28.47461878,27.04067708,0,0
17.12000000,28.75159151,27.08657646,28.46930600,27.01130735,0,0
17.13000000,28.74938477,27.07539455,28.48348513,26.98370577,0,0
17.14000000,28.62205331,27.06364254,28.40906315,26.95914895,0,0
17.15000000,28.65217653,27.05070517,28.48975665,26.98589784,0,0
17.16000000,28.65246666,27.03466584,28.50611612,26.90706814,0,0
17.17000000,28.67729447,27.00405876,28.39598108,26.94973243,0,0
17.18000000,28.65099476,27.03739107,28.37242140,26.90388799,0,0
17.19000000,28.58466326,27.05766122,28.37636783,26.90018259,0,0
17.20000000,28.61776460,27.05059358,28.37020403,26.92118431,0,0
17.21000000,28.60590281,27.04458570,28.38179991,26.90865535,0,0
17.22000000,28.62048203,27.01252455,28.43388098,26.94418520,0,0
17.23000000,28.57388380,26.99867560,28.41028540,26.93421826,0,0
17.24000000,28.51305359,26.99643804,28.38470354,26.88525754,0,0
17.25000000,28.54149465,26.96690156,28.39404030,26.93274005,0,0
17.26000000,28.54333952,26.99828103,28.32606587,26.92531439,0,0
17.27000000,28.53339217,26.99507575,28.31014733,26.91709674,0,0
17.28000000,28.51380744,26.99867851,28.28154446,26.97448048,0,0
17.29000000,28.49832120,26.96125136,28.28697598,26.93416352,0,0
17.30000000,28.48729354,26.97972410,28.28575123,26.92246095,0,0
17.31000000,28.50659633,26.97715666,28.21022325,26.92274825,0,0
17.32000000,28.48026556,26.99313011,28.23993643,26.89090427,0,0
17.33000000,28.45863316,26.96342199,28.26568139,26.83165205,0,0
17.34000000,28.48608616,26.91553175,28.25974133,26.88034323,0,0
17.35000000,28.49458437,26.89051130,28.24206147,26.85731113,0,0
17.36000000,28.53383339,26.94220678,28.22468905,26.86132664,0,0
17.37000000,28.43429778,26.91976052,28.23495080,26.85012688,0,0
17.38000000,28.43389905,26.88838802,28.19823342,26.82662729,0,0
17.39000000,28.40508156,26.87443991,28.23028611,26.86759303,0,0
17.40000000,28.47091932,26.93344673,28.13645654,26.84417107,0,0
17.41000000,28.37727890,26.95307268,28.13567784,26.77975879,0,0
17.42000000,28.31734795,26.92449523,28.16278916,26.78356823,0,0
17.43000000,28.31509790,26.85661496,28.09393291,26.73313285,0,0
17.44000000,28.38673549,26.78488779,28.17757348,26.79360077,0,0
17.45000000,28.43461485,26.85749338,28.18842419,26.76574718,0,0
17.46000000,28.34135069,26.91404532,28.13581958,26.79758733,0,0
17.47000000,28.24514155,26.91292840,28.12800528,26.77664610,0,0
17.48000000,28.28905015,26.88812838,28.07852862,26.73323897,0,0
17.49000000,28.33938958,26.79880614,28.15965209,26.77729659,0,0
17.50000000,28.40318319,26.79587455,28.04636165,26.76613841,0,0
17.51000000,28.34393036,26.85583903,28.07079259,26.78406560,0,0
17.52000000,28.29796375,26.82089578,28.01569268,26.77069741,0,0
17.53000000,28.27056370,26.81366159,28.09251876,26.70298317,0,0
17.54000000,28.33063018,26.72999699,28.04043042,26.68332681,0,0
17.55000000,28.30459272,26.74985679,28.00839242,26.71003296,0,0
17.56000000,28.26200871,26.75386004,28.00484971,26.70217769,0,0
17.57000000,28.25277638,26.76830876,27.98393930,26.72869366,0,0
17.58000000,28.22770127,26.75568542,28.06230864,26.68050722,0,0
17.59000000,28.27677251,26.70722048,28.12178305,26.76243761,0,0
17.60000000,28.25116885,26.67112178,27.99054828,26.67598111,0,0
17.61000000,28.18224841,26.66624672,28.08857419,26.66766862,0,0
17.62000000,28.15339356,26.71575372,28.00920416,26.59185833,0,0
17.63000000,28.21597127,26.74032641,27.88742536,26.62621189,0,0
17.64000000,28.19927854,26.68229185,27.94885784,26.59571738,0,0
17.65000000,28.22499445,26.67366323,27.98643526,26.59545775,0,0
17.66000000,28.13544628,26.69384327,27.90600018,26.58106642,0,0
17.67000000,28.15257635,26.69459784,27.95108851,26.58839722,0,0
17.68000000,28.10353383,26.65804925,27.95718451,26.61227403,0,0
17.69000000,28.18654160,26.64565957,27.98293162,26.56582623,0,0
17.70000000,28.17074944,26.61778380,27.96675039,26.57772309,0,0
17.71000000,28.18644112,26.60906976,27.88361877,26.58920014,0,0
17.72000000,28.13615428,26.67576835,27.89043822,26.54923160,0,0
17.73000000,28.08767207,26.68089956,27.89499912,26.56007325,0,0
17.74000000,28.11717751,26.63396166,27.87378286,26.61136103,0,0
17.75000000,28.09921774,26.64072037,27.90121190,26.57921752,0,0
17.76000000,28.13318894,26.60264754,27.86507639,26.60172015,0,0
17.77000000,28.10053381,26.58822882,27.90993830,26.58328687,0,0
17.78000000,28.05320123,26.61996647,27.82695611,26.49227957,0,0
17.79000000,28.03276387,26.60237994,27.89171026,26.49726268,0,0
17.80000000,28.05686272,26.61543807,27.78474915,26.47081938,0,0
17.81000000,28.09883279,26.57984468,27.83806040,26.47258238,0,0
17.82000000,28.11427852,26.57950261,27.84404391,26.49569233,0,0
17.83000000,28.04247657,26.57036131,27.83526318,26.49328360,0,0
17.84000000,27.96945478,26.55549070,27.82953200,26.49300142,0,0
17.85000000,28.03237962,26.50876250,27.84105625,26.48607507,0,0
17.86000000,28.10728776,26.53610829,27.75471827,26.44807102,0,0
17.87000000,28.09419013,26.53218336,27.77399127,26.47352059,0,0
17.88000000,28.00149385,26.51347231,27.74639808,26.50903829,0,0
17.89000000,27.98111004,26.49687233,27.76833248,26.48556229,0,0
17.90000000,28.02088178,26.54121289,27.74696705,26.47817435,0,0
17.91000000,28.03818552,26.54180387,27.82887656,26.45663872,0,0
17.92000000,28.01574351,26.50611007,27.85589897,26.44098654,0,0
17.93000000,27.95101553,26.49902056,27.81225137,26.43427270,0,0
17.94000000,27.96739818,26.52241481,27.77276692,26.43267185,0,0
17.95000000,27.98395952,26.51395220,27.73851126,26.44042187,0,0
17.96000000,27.97120918,26.54138062,27.70657869,26.41095605,0,0
17.97000000,27.94549831,26.49310368,27.73853345,26.37509076,0,0
17.98000000,27.99296818,26.46852708,27.75839166,26.43949360,0,0
17.99000000,28.03524078,26.50607209,27.75022902,26.42862451,0,0
18.00000000,27.99207778,26.51329079,27.70994601,26.44799994,0,0
18.01000000,27.92416703,26.50467626,27.66865887,26.43508661,0,0
18.02000000,27.87861557,26.44070515,27.67205166,26.40919853,0,0
18.03000000,27.97885950,26.40472201,27.72704419,26.36593878,0,0
18.04000000,28.01535874,26.45572167,27.75794033,26.37649660,0,0
18.05000000,28.00185093,26.48655152,27.70321927,26.39793168,0,0
18.06000000,27.93929553,26.48136477,27.71325332,26.35324968,0,0
18.07000000,27.89803126,26.40399050,27.67716304,26.37046429,0,0
18.08000000,27.88492661,26.37671509,27.79409964,26.38495443,0,0
18.09000000,28.00737779,26.44349865,27.73553513,26.38114898,0,0
18.10000000,27.99264280,26.43929158,27.65442549,26.34238175,0,0
18.11000000,27.97124176,26.46576653,27.67565416,26.32696535,0,0
18.12000000,27.92230545,26.47261203,27.59757867,26.31967468,0,0
18.13000000,27.92107829,26.48378479,27.60215773,26.34274242,0,0
18.14000000,27.88366429,26.45771215,27.64539292,26.26081666,0,0
18.15000000,27.85667489,26.40348047,27.70131004,26.28138682,0,0
18.16000000,27.87491539,26.41062871,27.69866567,26.28893075,0,0
18.17000000,27.89879851,26.35672665,27.70080183,26.31833006,0,0
18.18000000,27.89714400,26.42664907,27.66565469,26.33084889,0,0
18.19000000,27.85234571,26.39849263,27.65109157,26.34472718,0,0
18.20000000,27.86130022,26.39415264,27.64335086,26.34809290,0,0
18.21000000,27.87598844,26.38686605,27.68576303,26.24832704,0,0
18.22000000,27.93020597,26.34730079,27.61889503,26.31176293,0,0
18.23000000,27.92581793,26.32917145,27.61531512,26.33463205,0,0
18.24000000,27.84122908,26.37383461,27.61220090,26.32116961,0,0
18.25000000,27.79793072,26.31562397,27.57408217,26.33581746,0,0
18.26000000,27.90312920,26.29969313,27.66543705,26.34411359,0,0
18.27000000,27.87946110,26.28735499,27.64361239,26.31019168,0,0
18.28000000,27.89266142,26.31460842,27.61654654,26.23498658,0,0
18.29000000,27.84068517,26.33445718,27.54598404,26.29015994,0,0
18.30000000,27.82411848,26.34346992,27.59386809,26.18317564,0,0
18.31000000,27.79619340,26.27956416,27.64571170,26.18831774,0,0
18.32000000,27.85003870,26.27289443,27.70593715,26.17674588,0,0
18.33000000,27.86607672,26.31376262,27.52302728,26.22194005,0,0
18.34000000,27.84086499,26.30434526,27.54647927,26.24412516,0,0
18.35000000,27.93381903,26.28319818,27.57195905,26.23634526,0,0
18.36000000,27.84817959,26.24111853,27.51969715,26.13467824,0,0
18.37000000,27.86912898,26.23763366,27.60190207,26.24605898,0,0
18.38000000,27.69920253,26.27193808,27.65212736,26.20348033,0,0
18.39000000,27.78111736,26.33113657,27.59055288,26.16568673,0,0
18.40000000,27.76990478,26.27897771,27.56940615,26.15751092,0,0
18.41000000,27.85699502,26.21627784,27.55944990,26.15930668,0,0
18.42000000,27.76846742,26.18496568,27.56332852,26.13292701,0,0
18.43000000,27.75241578,26.25279948,27.59339319,26.17557101,0,0
18.44000000,27.80153026,26.23094387,27.56321522,26.10420067,0,0
18.45000000,27.76387210,26.27420561,27.55748593,26.10074714,0,0
18.46000000,27.83192430,26.25485799,27.56338384,26.02102321,0,0
18.47000000,27.73865912,26.24405625,27.53468646,26.09337422,0,0
18.48000000,27.69222961,26.27171429,27.50308185,26.16428266,0,0
18.49000000,27.71671139,26.27429252,27.55657000,26.17091038,0,0
18.50000000,27.85126425,26.19258665,27.52620304,26.17541991,0,0
18.51000000,27.81552116,26.13502305,27.52947758,26.22721944,0,0
18.52000000,27.80135490,26.17225868,27.52924028,26.14711090,0,0
18.53000000,27.70295755,26.24390537,27.53775784,26.11883311,0,0
18.54000000,27.68397266,26.26898077,27.44885611,26.10800796,0,0
18.55000000,27.68344312,26.21564720,27.55367752,26.08460178,0,0
18.56000000,27.77036978,26.17974106,27.51885913,26.06532524,0,0
18.57000000,27.77899080,26.14492660,27.34692130,26.09656143,0,0
18.58000000,27.75940783,26.17512364,27.42920587,26.10646292,0,0
18.59000000,27.67771022,26.14840111,27.39968195,26.12352302,0,0
18.60000000,27.68951257,26.15225101,27.47701957,26.07290995,0,0
18.61000000,27.72290386,26.14988557,27.52516725,26.10515751,0,0
18.62000000,27.74287927,26.15028585,27.54664842,26.10165649,0,0
18.63000000,27.69047792,26.14623492,27.51186341,26.06070724,0,0
18.64000000,27.64373831,26.18906382,27.48814150,26.05210151,0,0
18.65000000,27.64132536,26.18609923,27.45004125,26.02189839,0,0
18.66000000,27.60162447,26.12837224,27.43071721,26.01017566,0,0
18.67000000,27.68449520,26.13557596,27.40159311,26.00577161,0,0
18.68000000,27.69761928,26.12713052,27.39524189,26.00459796,0,0
18.69000000,27.68470290,26.12982398,27.43561395,26.03970549,0,0
18.70000000,27.68810973,26.13373843,27.43986573,26.01414497,0,0
18.71000000,27.61910131,26.16001681,27.40289122,25.98803006,0,0
18.72000000,27.66247807,26.09270270,27.36710798,26.03490936,0,0
18.73000000,27.65496006,26.07217693,27.44198544,26.07788369,0,0
18.74000000,27.66463094,26.13246771,27.43388684,26.04889456,0,0
18.75000000,27.59554710,26.07473097,27.36303931,26.06787984,0,0
18.76000000,27.62183418,26.05587096,27.44302217,26.05276822,0,0
18.77000000,27.61337995,26.04278473,27.37074876,25.98718013,0,0
18.78000000,27.63196726,26.13243505,27.38316065,25.97750264,0,0
18.79000000,27.61679761,26.11667575,27.40580719,26.00091210,0,0
18.80000000,27.59710586,26.07031256,27.35329448,25.97341791,0,0
18.81000000,27.62074259,26.01539513,27.27403008,25.96373527,0,0
18.82000000,27.63317697,26.00120529,27.33164863,25.94324270,0,0
18.83000000,27.58496074,26.05070926,27.28343720,25.99013005,0,0
18.84000000,27.49537282,25.97522681,27.34252831,25.97133623,0,0
18.85000000,27.48484754,25.93140473,27.35806022,25.93486384,0,0
18.86000000,27.47337034,25.89936708,27.39741505,25.90040019,0,0
18.87000000,27.55211502,25.93448667,27.32795262,25.94848148,0,0
18.88000000,27.52681976,26.02635611,27.31525583,25.89200630,0,0
18.89000000,27.52661381,26.03331156,27.25555545,25.87138679,0,0
18.90000000,27.48846357,26.00123411,27.24688759,25.82582687,0,0
18.91000000,27.53779841,25.92025636,27.29377713,25.90483982,0,0
18.92000000,27.57119367,25.90998814,27.24086764,25.85483706,0,0
18.93000000,27.55457475,26.00329740,27.23224744,25.82309200,0,0
18.94000000,27.46219239,25.98998040,27.25546769,25.88392202,0,0
18.95000000,27.39304275,25.97463211,27.26234732,25.82457964,0,0
18.96000000,27.42591747,25.93830408,27.23329017,25.81068135,0,0
18.97000000,27.53399273,25.90955530,27.34974446,25.85258120,0,0
18.98000000,27.47657998,25.91852441,27.26135179,25.92417590,0,0
18.99000000,27.48841741,25.94803829,27.22531233,25.87232637,0,0
19.00000000,27.38948877,25.92503459,27.17709259,25.91377830,0,0
19.01000000,27.39094410,25.86976900,27.19900692,25.86508660,0,0
19.02000000,27.40087797,25.90377662,27.10180272,25.79033222,0,0
19.03000000,27.51281614,25.86344318,27.29140376,25.77342232,0,0
19.04000000,27.43645210,25.88448672,27.12192331,25.78632937,0,0
19.05000000,27.37467993,25.88264876,27.19428958,25.75917004,0,0
19.06000000,27.39212661,25.83847580,27.19181777,25.82161557,0,0
19.07000000,27.42366940,25.84196761,27.11736796,25.79615206,0,0
19.08000000,27.39954874,25.85152578,27.13435452,25.79711175,0,0
19.09000000,27.35316414,25.79576837,27.19809779,25.80968404,0,0
19.10000000,27.39153329,25.78163218,27.14910726,25.80645922,0,0
19.11000000,27.43498685,25.87739903,27.13147099,25.70573524,0,0
19.12000000,27.45521480,25.89704535,27.10801251,25.76944026,0,0
19.13000000,27.33358933,25.81602682,27.04865480,25.71703750,0,0
19.14000000,27.33377653,25.73275870,27.08655265,25.71659640,0,0
19.15000000,27.25811820,25.79790334,27.11012410,25.70156138,0,0
19.16000000,27.35778035,25.78206334,27.15763382,25.70291842,0,0
19.17000000,27.38955271,25.87033396,27.12197964,25.67494587,0,0
19.18000000,27.33373566,25.76268498,27.05613441,25.66389011,0,0
19.19000000,27.25132329,25.75260481,27.02954668,25.66535836,0,0
19.20000000,27.29509514,25.78331545,27.03560984,25.64346914,0,0
19.21000000,27.35299879,25.77858410,27.12913180,25.61754508,0,0
19.22000000,27.34506771,25.78939197,27.10113893,25.64397314,0,0
19.23000000,27.33601422,25.77858063,27.08945557,25.68686242,0,0
19.24000000,27.23251507,25.73158614,27.08058406,25.70260244,0,0
19.25000000,27.24189915,25.70977683,27.01666623,25.73383035,0,0
19.26000000,27.25197561,25.75577275,27.05459112,25.72429035,0,0
19.27000000,27.31417900,25.73088435,27.13562533,25.64553529,0,0
19.28000000,27.28367287,25.71512590,26.96690584,25.65759582,0,0
19.29000000,27.28236100,25.70858176,26.95868685,25.62876030,0,0
19.30000000,27.23195902,25.71527875,26.98834370,25.60885572,0,0
19.31000000,27.25231614,25.71308606,26.95917130,25.60402744,0,0
19.32000000,27.21581968,25.67140672,26.99858670,25.59543923,0,0
19.33000000,27.19404183,25.63801670,27.01811143,25.59515175,0,0
19.34000000,27.21485048,25.62999862,27.01864353,25.61859656,0,0
19.35000000,27.22188697,25.63606551,27.02427162,25.59095441,0,0
19.36000000,27.17200783,25.66842900,26.97140641,25.56476997,0,0
19.37000000,27.10473164,25.66190940,26.98724642,25.54280445,0,0
19.38000000,27.16447856,25.65215601,26.93851449,25.54738581,0,0
19.39000000,27.21237774,25.62884459,26.93559650,25.53374244,0,0
19.40000000,27.23817185,25.61224806,26.94656010,25.53921913,0,0
19.41000000,27.20920141,25.59510921,26.92209629,25.50106397,0,0
19.42000000,27.12552468,25.59594996,26.88365677,25.49014632,0,0
19.43000000,27.13666189,25.61289498,26.83889737,25.45891235,0,0
19.44000000,27.18004064,25.60124301,26.86672271,25.44590927,0,0
19.45000000,27.18981157,25.59962005,26.96820343,25.45950351,0,0
19.46000000,27.12567232,25.57285159,26.93539061,25.44212730,0,0
19.47000000,27.10906514,25.54634546,26.92215339,25.45949336,0,0
19.48000000,27.03534355,25.57523096,26.91198497,25.50456524,0,0
19.49000000,27.04271952,25.59349131,26.85027190,25.52971540,0,0
19.50000000,27.09817869,25.57038558,26.89566290,25.50067657,0,0
19.51000000,27.09191817,25.54917968,26.93156013,25.54342231,0,0
19.52000000,27.10395870,25.51063877,26.81284099,25.51243187,0,0
19.53000000,27.08899139,25.53215034,26.76443582,25.47940880,0,0
19.54000000,27.10691748,25.51714849,26.81986428,25.46451052,0,0
19.55000000,27.05929093,25.55735527,26.75136361,25.41130921,0,0
19.56000000,27.04998061,25.53544494,26.83548786,25.38334150,0,0
19.57000000,27.01918514,25.48474102,26.83570920,25.39807609,0,0
19.58000000,26.96170276,25.45065012,26.83612433,25.38662771,0,0
19.59000000,27.03184981,25.46365341,26.79862397,25.39581702,0,0
19.60000000,26.99655969,25.48077692,26.82821528,25.38553232,0,0
19.61000000,27.00615941,25.47539410,26.76091448,25.36139354,0,0
19.62000000,27.04204999,25.45938625,26.78445604,25.38475509,0,0
19.63000000,27.01094743,25.46269810,26.74599214,25.46165159,0,0
19.64000000,27.03964018,25.42257658,26.77834586,25.41419855,0,0
19.65000000,27.01053287,25.40893524,26.70459725,25.37011212,0,0
19.66000000,26.87130929,25.42638714,26.78975317,25.33729825,0,0
19.67000000,26.89472427,25.42180988,26.71467827,25.31198236,0,0
19.68000000,26.99660041,25.41349104,26.75399160,25.32312638,0,0
19.69000000,26.99599486,25.42980694,26.75940401,25.31489053,0,0
19.70000000,26.99654042,25.38650051,26.77753921,25.32500452,0,0
19.71000000,26.97268194,25.40004143,26.72831264,25.30515162,0,0
19.72000000,26.86884122,25.41329776,26.71352116,25.25975078,0,0
19.73000000,26.87118065,25.38674131,26.66906164,25.33317452,0,0
19.74000000,26.93101485,25.42354769,26.62184273,25.36874622,0,0
19.75000000,26.93145539,25.38844641,26.76579903,25.30027131,0,0
19.76000000,26.90308694,25.37880169,26.67752461,25.34912827,0,0
19.77000000,26.87294750,25.33520515,26.58208426,25.29571139,0,0
19.78000000,26.86183844,25.36811185,26.67907014,25.26920592,0,0
19.79000000,26.93696554,25.34575222,26.60391236,25.25952359,0,0
19.80000000,26.87795804,25.31009691,26.60126221,25.25678701,0,0
19.81000000,26.82603728,25.34606845,26.63948001,25.22971681,0,0
19.82000000,26.78777652,25.35393572,26.70940277,25.25125599,0,0
19.83000000,26.85479898,25.32052185,26.59560043,25.25338286,0,0
19.84000000,26.87689962,25.29110760,26.61068930,25.27539136,0,0
19.85000000,26.81587473,25.28807105,26.56901110,25.25637539,0,0
19.86000000,26.81640704,25.26962388,26.58666866,25.24438954,0,0
19.87000000,26.79216768,25.33179846,26.63111552,25.18134633,0,0
19.88000000,26.84231521,25.32330381,26.62736143,25.19369846,0,0
19.89000000,26.87440295,25.30129511,26.64031636,25.24825766,0,0
19.90000000,26.82964460,25.21833594,26.60129372,25.15219987,0,0
19.91000000,26.79668878,25.27626440,26.56458291,25.15668364,0,0
19.92000000,26.78046588,25.29161592,26.52355897,25.14033143,0,0
19.93000000,26.87442290,25.27984558,26.55039754,25.13488849,0,0
19.94000000,26.85153993,25.32955538,26.53723489,25.12582932,0,0
19.95000000,26.85050063,25.29379364,26.52619083,25.10881715,0,0
19.96000000,26.74896024,25.27091629,26.51017713,25.14554616,0,0
19.97000000,26.69528620,25.28493231,26.55033661,25.11536541,0,0
19.98000000,26.77341483,25.24087003,26.45725377,25.07553477,0,0
19.99000000,26.83604509,25.20079364,26.59646492,25.10472149,0,0
20.00000000,26.83751723,25.22043043,26.51931260,25.15840543,0,0
20.01000000,26.76870697,25.25070308,26.44142860,25.18640702,0,0
20.02000000,26.69309392,25.23952262,26.40146865,25.18721604,0,0
20.03000000,26.70833784,25.21460407,26.46222665,25.20193060,0,0
20.04000000,26.75649352,25.25229522,26.45320829,25.12282317,0,0
20.05000000,26.76527578,25.22332007,26.50529431,25.13125819,0,0
20.06000000,26.70803828,25.18113884,26.54302962,25.14197853,0,0
20.07000000,26.69262226,25.22292672,26.55246903,25.11964637,0,0
20.08000000,26.70897935,25.21697697,26.54564737,25.09152104,0,0
20.09000000,26.73738107,25.16179731,26.53848384,25.11202156,0,0
20.10000000,26.73752986,25.09726852,26.46604596,25.12409802,0,0
20.11000000,26.75071672,25.14971060,26.47350055,25.09847703,0,0
20.12000000,26.82118445,25.24340699,26.46274954,25.11423512,0,0
20.13000000,26.83357224,25.31635512,26.52135425,25.06198598,0,0
20.14000000,26.76120846,25.31185414,26.51392430,25.08198144,0,0
20.15000000,26.68811343,25.21735601,26.49940293,25.08390725,0,0
20.16000000,26.72808074,25.20656183,26.46178143,25.05947738,0,0
20.17000000,26.82974193,25.20520174,26.44825494,25.04264306,0,0
20.18000000,26.80510812,25.19768686,26.50462937,25.05298986,0,0
20.19000000,26.76225139,25.23017321,26.55384251,25.04737375,0,0
20.20000000,26.74875340,25.22146808,26.51955349,25.06348555,0,0
20.21000000,26.75716640,25.22309607,26.46659817,25.05333158,0,0
20.22000000,26.75737861,25.22075562,26.50286524,25.07722745,0,0
20.23000000,26.81281112,25.28400461,26.44522211,25.10238661,0,0
20.24000000,26.76855376,25.26002487,26.55987456,25.04428772,0,0
20.25000000,26.75442623,25.25527324,26.54366901,25.12683651,0,0
20.26000000,26.76091278,25.30410332,26.43619062,25.14740374,0,0
20.27000000,26.77196913,25.30726092,26.49850310,25.13116676,0,0
20.28000000,26.83832597,25.33613441,26.46491323,25.14914482,0,0
20.29000000,26.87693813,25.32673704,26.44891730,25.14684398,0,0
20.30000000,26.89550865,25.37662554,26.53972941,25.07817071,0,0
20.31000000,26.88038104,25.39215526,26.53478039,25.08757573,0,0
20.32000000,26.87370259,25.43673414,26.51596007,25.17874183,0,0
20.33000000,26.88533013,25.41275936,26.57192399,25.11086965,0,0
20.34000000,26.88855623,25.38900607,26.57253801,25.15364837,0,0
20.35000000,26.94263652,25.41547938,26.59753890,25.14795809,0,0
20.36000000,26.93735382,25.43697778,26.57184263,25.20390072,0,0
20.37000000,26.97399137,25.45479148,26.54127394,25.21772056,0,0
20.38000000,26.99673687,25.44561313,26.66451462,25.23151223,0,0
20.39000000,26.94345593,25.50806436,26.66676477,25.20222258,0,0
20.40000000,27.00618166,25.52105558,26.66784585,25.28008426,0,0
20.41000000,27.04873881,25.57057338,26.65389085,25.32653751,0,0
20.42000000,27.07924045,25.56553654,26.64317316,25.26538125,0,0
20.43000000,27.08207111,25.55484386,26.77988928,25.30231414,0,0
20.44000000,27.06822546,25.48028665,26.78526469,25.26099409,0,0
20.45000000,27.06326122,25.54742098,26.82010175,25.32867713,0,0
20.46000000,27.09880509,25.65055351,26.86829683,25.34667647,0,0
20.47000000,27.18276186,25.71058261,26.74199942,25.36248970,0,0
20.48000000,27.18098654,25.72728296,26.82661171,25.40459114,0,0
20.49000000,27.20798212,25.69253869,26.88767950,25.39428076,0,0
20.50000000,27.26532804,25.69157603,26.75178856,25.39539244,0,0
20.51000000,27.22063553,25.77922211,26.86450031,25.51117416,0,0
20.52000000,27.32586459,25.82070935,26.89789577,25.56872360,0,0
20.53000000,27.26039889,25.81405476,26.93443097,25.54518976,0,0
20.54000000,27.31987707,25.78316023,26.99258328,25.62900398,0,0
20.55000000,27.34304277,25.83632057,27.01661765,25.58322195,0,0
20.56000000,27.41231605,25.91188719,27.08983913,25.61057307,0,0
20.57000000,27.47566524,25.96120043,27.13232840,25.65092682,0,0
20.58000000,27.48772167,25.96162922,27.17468586,25.66116106,0,0
20.59000000,27.49421691,25.91494582,27.08973617,25.69013109,0,0
20.60000000,27.46476837,25.97462375,27.17964561,25.69274298,0,0
20.61000000,27.52259458,25.96407883,27.16986756,25.80756535,0,0
20.62000000,27.52882055,26.01198061,27.25430042,25.81538729,0,0
20.63000000,27.51794531,26.02203264,27.28592606,25.82015059,0,0
20.64000000,27.64248355,26.08073003,27.34571785,25.81764258,0,0
20.65000000,27.66391899,26.06759502,27.31291536,25.83377725,0,0
20.66000000,27.75639880,26.09379934,27.40305499,25.89869756,0,0
20.67000000,27.72684353,26.15071942,27.39327924,25.86801851,0,0
20.68000000,27.67069286,26.17130816,27.44194494,25.85598032,0,0
20.69000000,27.71453037,26.20023407,27.42494645,25.91923802,0,0
20.70000000,27.76462867,26.21270484,27.50205927,25.95967127,0,0
20.71000000,27.90937905,26.24015618,27.43746434,25.97816787,0,0
20.72000000,27.86319087,26.25366660,27.59790479,26.02700947,0,0
20.73000000,27.88534095,26.30666915,27.57959761,26.05546316,0,0
20.74000000,27.88216410,26.29927301,27.52698563,26.04989942,0,0
20.75000000,27.96541330,26.36174737,27.60719654,26.08016289,0,0
20.76000000,27.97968440,26.42003426,27.62801978,26.16768861,0,0
20.77000000,27.96923519,26.41572378,27.70244798,26.19867641,0,0
20.78000000,27.99699027,26.40522702,27.65920724,26.20798548,0,0
20.79000000,28.05224009,26.44229247,27.73628145,26.24185554,0,0
20.80000000,28.10687609,26.48448053,27.75990637,26.21267003,0,0
20.81000000,28.07374886,26.53629906,27.79374789,26.21946656,0,0
20.82000000,28.08236267,26.58473409,27.80620386,26.23309768,0,0
20.83000000,28.12896046,26.56309112,27.82660032,26.28446864,0,0
20.84000000,28.19070282,26.57468997,27.82788391,26.31483759,0,0
20.85000000,28.21546722,26.58307636,27.86135574,26.31063384,0,0
20.86000000,28.16331693,26.61922724,27.89514449,26.36982537,0,0
20.87000000,28.22444665,26.64121117,27.90577053,26.40342898,0,0
20.88000000,28.35886337,26.69137962,27.97577785,26.40278715,0,0
20.89000000,28.38193501,26.71747683,28.01372563,26.39508761,0,0
20.90000000,28.38283842,26.67443032,28.11446375,26.47892530,0,0
20.91000000,28.34256357,26.65314076,28.13354297,26.50623694,0,0
20.92000000,28.32752328,26.76363310,28.16821955,26.52708394,0,0
20.93000000,28.41959401,26.82063859,28.17293791,26.54475050,0,0
20.94000000,28.47462971,26.85714405,28.19585998,26.54268500,0,0
20.95000000,28.49502515,26.85530939,28.18577866,26.57601693,0,0
20.96000000,28.53808609,26.86280691,28.28407510,26.60590210,0,0
20.97000000,28.58044992,26.95955102,28.16434068,26.63055763,0,0
20.98000000,28.53325468,26.95855090,28.15595733,26.66154104,0,0
20.99000000,28.58229275,26.97358926,28.25596342,26.68100430,0,0
21.00000000,28.60503853,27.00602020,28.24395630,26.66982071,0,0
21.01000000,28.67434227,27.04009084,28.34548130,26.77663553,0,0
21.02000000,28.68267568,27.07684263,28.40710074,26.83165938,0,0
21.03000000,28.69525165,27.04905563,28.42361623,26.84401503,0,0
21.04000000,28.65673205,27.14510857,28.42473273,26.89807812,0,0
21.05000000,28.78562696,27.16120313,28.42245149,26.88312866,0,0
21.06000000,28.79898228,27.14881405,28.40189261,26.84120566,0,0
21.07000000,28.85508620,27.19125001,28.43800117,26.94202128,0,0
21.08000000,28.79312960,27.22483512,28.50060050,26.87797870,0,0
21.09000000,28.75734325,27.26863603,28.55662025,26.95710715,0,0
21.10000000,28.88683585,27.26464157,28.59454192,26.99316188,0,0
21.11000000,28.95925130,27.15565084,28.60548428,27.01786583,0,0
21.12000000,28.96877919,27.25828982,28.55983034,27.05130992,0,0
21.13000000,28.98527765,27.31457983,28.65400293,27.03006229,0,0
21.14000000,28.98266829,27.38133072,28.68513034,27.12949670,0,0
21.15000000,29.00622206,27.36429589,28.75231719,27.19639045,0,0
21.16000000,29.09115405,27.35520818,28.81046814,27.14320071,0,0
21.17000000,29.08739886,27.36915420,28.69616129,27.18492010,0,0
21.18000000,29.09897445,27.40830149,28.80903100,27.16181411,0,0
21.19000000,29.14149340,27.53883000,28.87349315,27.16264284,0,0
21.20000000,29.18569682,27.54098557,28.75507026,27.20083334,0,0
21.21000000,29.25203062,27.52102159,28.96749847,27.19861002,0,0
21.22000000,29.27348574,27.51337582,28.92297888,27.29658734,0,0
21.23000000,29.30598779,27.54755200,28.93637069,27.25917266,0,0
21.24000000,29.28563143,27.68457526,28.99638668,27.28618996,0,0
21.25000000,29.26334155,27.72555843,29.04656048,27.40038389,0,0
21.26000000,29.26765021,27.66339171,29.03802489,27.35332310,0,0
21.27000000,29.41172847,27.60668412,29.09923750,27.44565640,0,0
21.28000000,29.46728786,27.69709771,29.07351291,27.46554776,0,0
21.29000000,29.46933177,27.79779986,29.07800980,27.41834870,0,0
21.30000000,29.43045167,27.78624581,29.06207928,27.42705654,0,0
21.31000000,29.44309950,27.79283733,29.15459021,27.48683787,0,0
21.32000000,29.51986354,27.75086725,29.17184922,27.48055761,0,0
21.33000000,29.60923351,27.77760479,29.19994065,27.52851606,0,0
21.34000000,29.65485578,27.80329522,29.20294087,27.54119484,0,0
21.35000000,29.66344876,27.85906360,29.28566445,27.60869463,0,0
21.36000000,29.65608986,27.90934513,29.38011392,27.58598065,0,0
21.37000000,29.62123315,27.89776728,29.31369034,27.60070141,0,0
21.38000000,29.71942604,27.94045674,29.43637818,27.68043153,0,0
21.39000000,29.76893829,27.97887718,29.34686957,27.70882057,0,0
21.40000000,29.76704816,27.98909715,29.43616081,27.76444643,0,0
21.41000000,29.76997031,27.98340749,29.49410138,27.76781957,0,0
21.42000000,29.83171281,28.01835735,29.46903209,27.76137624,0,0
21.43000000,29.90478891,28.07928593,29.54533317,27.81769072,0,0
21.44000000,29.92537333,28.17573326,29.55350219,27.84674461,0,0
21.45000000,29.91054555,28.20139838,29.54042385,27.83040510,0,0
21.46000000,29.95515273,28.19462717,29.62188836,27.87902251,0,0
21.47000000,29.99170067,28.18710475,29.69472225,27.87556431,0,0
21.48000000,29.99663894,28.20014708,29.69249584,27.93227488,0,0
21.49000000,30.03691102,28.22245171,29.68134416,27.97700949,0,0
21.50000000,30.03907372,28.24027008,29.70506823,27.97730485,0,0
21.51000000,30.12611944,28.29218723,29.71667367,28.06132327,0,0
21.52000000,30.11411265,28.35807561,29.74989255,28.05791227,0,0
21.53000000,30.09058691,28.35200318,29.81178569,28.05338572,0,0
21.54000000,30.13457792,28.38876357,29.81274797,28.06036276,0,0
21.55000000,30.20034296,28.41917176,29.91040847,28.09042485,0,0
21.56000000,30.25508341,28.43476017,29.87279143,28.10617506,0,0
21.57000000,30.29067468,28.44582573,29.92114032,28.15511749,0,0
21.58000000,30.29854655,28.47651946,30.01118939,28.19642226,0,0
21.59000000,30.28441319,28.53551025,29.96446795,28.20529050,0,0
21.60000000,30.34252161,28.60286754,30.04616351,28.19295229,0,0
21.61000000,30.39406045,28.58665752,30.03779827,28.21351440,0,0
21.62000000,30.47058289,28.58966662,30.07531800,28.26363829,0,0
21.63000000,30.51472889,28.60256242,30.10791547,28.24133901,0,0
21.64000000,30.48544156,28.64167653,30.01990135,28.25951013,0,0
21.65000000,30.47973500,28.69691107,30.07054119,28.28777150,0,0
21.66000000,30.50745519,28.70096006,30.15650069,28.36649707,0,0
21.67000000,30.54612351,28.72307392,30.19885408,28.38149883,0,0
21.68000000,30.58733002,28.73943426,30.29507913,28.43526812,0,0
21.69000000,30.56449454,28.71411667,30.30921789,28.47347023,0,0
21.70000000,30.53669805,28.83546576,30.32687022,28.41933292,0,0
21.71000000,30.63825823,28.85917850,30.33275039,28.51267900,0,0
21.72000000,30.71558036,28.85886332,30.36753888,28.61725598,0,0
21.73000000,30.83891309,28.87926766,30.36999080,28.65149798,0,0
21.74000000,30.72587483,28.83641443,30.36988426,28.72794431,0,0
21.75000000,30.72057751,28.95294459,30.46707572,28.67391641,0,0
21.76000000,30.78483860,28.93838491,30.44522558,28.68308048,0,0
21.77000000,30.83894400,29.02398324,30.49033029,28.72523679,0,0
21.78000000,30.86519237,29.07516540,30.51062411,28.71132650,0,0
21.79000000,30.87465692,29.03813299,30.57537503,28.69926085,0,0
21.80000000,30.86440318,29.02159398,30.58622757,28.78301690,0,0
21.81000000,31.01165723,29.13104199,30.64746951,28.82324744,0,0
21.82000000,31.00199560,29.19975880,30.71029444,28.83892455,0,0
21.83000000,31.02498003,29.19579464,30.64146958,28.85381479,0,0
21.84000000,31.04748602,29.18473136,30.77647064,28.84235240,0,0
21.85000000,31.13021691,29.19417758,30.68952319,28.95684991,0,0
21.86000000,31.16347297,29.25256421,30.74220315,28.94980184,0,0
21.87000000,31.08033283,29.31179178,30.84836755,28.94412935,0,0
21.88000000,31.12430089,29.35090164,30.78116625,29.01208759,0,0
21.89000000,31.19813588,29.32432802,30.89066257,28.98381958,0,0
21.90000000,31.26134824,29.40356513,30.91161751,29.04420460,0,0
21.91000000,31.27339674,29.35102045,30.93146463,29.12130075,0,0
21.92000000,31.24486665,29.42271897,30.95277821,29.07433657,0,0
21.93000000,31.26874736,29.54594409,30.96797089,29.12982499,0,0
21.94000000,31.30886026,29.55075089,30.98041238,29.17784641,0,0
21.95000000,31.37379160,29.52150806,31.00901960,29.21313728,0,0
21.96000000,31.41973808,29.55817427,30.97322268,29.29376817,0,0
21.97000000,31.45934005,29.58332759,31.09524444,29.32064280,0,0
21.98000000,31.42959890,29.63480238,31.07200081,29.30059385,0,0
21.99000000,31.45850443,29.65542231,31.06373344,29.29964721,0,0
22.00000000,31.48147604,29.66281862,31.17039071,29.29588281,0,0
22.01000000,31.51996734,29.69534708,31.16059955,29.32120102,0,0
22.02000000,31.56966584,29.69088695,31.24318036,29.38733436,0,0
22.03000000,31.54239096,29.77372247,31.36824185,29.52131768,0,0
22.04000000,31.59292071,29.82597762,31.41494884,29.53526229,0,0
22.05000000,31.66206132,29.83392240,31.46534139,29.51654083,0,0
22.06000000,31.71661205,29.84611182,31.30383727,29.60094990,0,0
22.07000000,31.78658757,29.91143611,31.38184736,29.59379958,0,0
22.08000000,31.76992622,29.93166717,31.38868963,29.62387961,0,0
22.09000000,31.81371711,29.93657715,31.44670143,29.64116594,0,0
22.10000000,31.77034228,29.99349023,31.48308246,29.60473622,0,0
22.11000000,31.77648537,30.05995552,31.47311814,29.66011205,0,0
22.12000000,31.83297298,30.08182369,31.54726740,29.66135684,0,0
22.13000000,31.92213370,30.06759166,31.53872268,29.71944151,0,0
22.14000000,31.93099289,30.07586945,31.63521979,29.71538737,0,0
22.15000000,31.90918345,30.15065760,31.53489601,29.75489145,0,0
22.16000000,31.88769852,30.21374643,31.58198010,29.82773133,0,0
22.17000000,32.01304946,30.23099466,31.64731660,29.87587134,0,0
22.18000000,32.01353476,30.24215308,31.66095492,29.92330701,0,0
22.19000000,32.09458551,30.26972571,31.71884363,29.91893058,0,0
22.20000000,32.12027027,30.26454980,31.73819840,29.94537996,0,0
22.21000000,32.10119382,30.31845889,31.78332620,30.01030986,0,0
22.22000000,32.08808873,30.32549518,31.77485620,30.01151576,0,0
22.23000000,32.10469272,30.39028114,31.84404864,30.02388313,0,0
22.24000000,32.23933959,30.41504947,31.80927809,30.11030408,0,0
22.25000000,32.24744307,30.37823504,31.90978632,30.16044875,0,0
22.26000000,32.30137554,30.47142126,31.89428411,30.20792359,0,0
22.27000000,32.27740171,30.45967195,31.88719504,30.20838792,0,0
22.28000000,32.27062372,30.52295129,31.91604354,30.26089863,0,0
22.29000000,32.30163177,30.58320446,31.96668479,30.24745804,0,0
22.30000000,32.32956186,30.57738621,32.00937483,30.22693832,0,0
22.31000000,32.36573548,30.55098652,32.06364717,30.27100174,0,0
22.32000000,32.40563135,30.61994441,32.10354538,30.26318430,0,0
22.33000000,32.44144373,30.70267645,32.10524958,30.32144363,0,0
22.34000000,32.43815043,30.74290398,32.08428451,30.37204574,0,0
22.35000000,32.46473270,30.66091549,32.07010018,30.43825570,0,0
22.36000000,32.46849475,30.71100800,32.14677128,30.47068470,0,0
22.37000000,32.51014554,30.78708164,32.22976351,30.50295156,0,0
22.38000000,32.55621641,30.82802952,32.33391824,30.59908771,0,0
22.39000000,32.55949142,30.90171745,32.35689458,30.60385065,0,0
22.40000000,32.58495020,30.92265067,32.33997693,30.64547697,0,0
22.41000000,32.60525403,30.85274809,32.34839898,30.64763450,0,0
22.42000000,32.67303593,30.85208843,32.33463148,30.68101909,0,0
22.43000000,32.73984863,30.98232628,32.35155833,30.66989337,0,0
22.44000000,32.70068413,31.14211475,32.41662702,30.66180557,0,0
22.45000000,32.73628476,31.14991084,32.42331269,30.66498613,0,0
22.46000000,32.77668294,31.11050800,32.51967148,30.74359404,0,0
22.47000000,32.83711281,31.10628825,32.44712259,30.82593905,0,0
22.48000000,32.83056729,31.08885903,32.50455641,30.85878500,0,0
22.49000000,32.80805402,31.13255531,32.50103531,30.91405350,0,0
22.50000000,32.86136889,31.16054379,32.54754004,30.92666540,0,0
22.51000000,32.87982764,31.26402917,32.60032075,30.90588881,0,0
22.52000000,32.94518339,31.29439552,32.68741470,30.92499508,0,0
22.53000000,32.93084711,31.29100325,32.64733926,30.97622270,0,0
22.54000000,32.90684248,31.36863630,32.61503359,31.02078327,0,0
22.55000000,32.96051178,31.34905849,32.70627827,31.07931423,0,0
22.56000000,32.98514920,31.37412045,32.62193222,31.15519345,0,0
22.57000000,33.12536862,31.46547281,32.79354372,31.12001763,0,0
22.58000000,33.04937552,31.49662275,32.73288867,31.19584482,0,0
22.59000000,33.01319653,31.50431436,32.79313356,31.27101234,0,0
22.60000000,33.06555507,31.54195101,32.78053699,31.28912303,0,0
22.61000000,33.04914410,31.62650652,32.89646936,31.34585475,0,0
22.62000000,33.21763650,31.67479019,32.82276855,31.30905754,0,0
22.63000000,33.18824269,31.61255101,32.90814452,31.33141326,0,0
22.64000000,33.20265023,31.64053851,32.91195651,31.37741917,0,0
22.65000000,33.19219669,31.73147173,32.96409051,31.37449247,0,0
22.66000000,33.28333482,31.80562935,32.98712676,31.47983038,0,0
22.67000000,33.25069169,31.81533994,32.84462807,31.57673340,0,0
22.68000000,33.26089001,31.81986828,33.03231388,31.61016455,0,0
22.69000000,33.25202667,31.86140565,32.91828078,31.59708097,0,0
22.70000000,33.32942742,31.89299131,33.08575750,31.61023910,0,0
22.71000000,33.38054896,31.89042677,33.06855745,31.64696085,0,0
22.72000000,33.35084572,31.99492001,33.20136018,31.60796812,0,0
22.73000000,33.36216237,32.05375223,33.09252232,31.65969013,0,0
22.74000000,33.40028691,32.05439456,33.22422224,31.77123701,0,0
22.75000000,33.33295420,32.09252336,33.14783393,31.84522074,0,0
22.76000000,33.39719612,32.07785180,33.19578405,31.92609393,0,0
22.77000000,33.45762510,32.18263109,33.23731642,31.94936712,0,0
22.78000000,33.45437751,32.25193553,33.26278940,31.92010532,0,0
22.79000000,33.50836625,32.26829722,33.26069391,31.98698212,0,0
22.80000000,33.45234162,32.28172074,33.28996945,32.04154442,0,0
22.81000000,33.50951457,32.35349129,33.26313214,32.10191346,0,0
22.82000000,33.49758568,32.39249688,33.27289441,32.14271989,0,0
22.83000000,33.54697338,32.40471488,33.29716059,32.12596171,0,0
22.84000000,33.57559827,32.44430305,33.34593498,32.18177152,0,0
22.85000000,33.56038298,32.49421881,33.42976290,32.15188704,0,0
22.86000000,33.59726970,32.57333082,33.39091608,32.21450506,0,0
22.87000000,33.54989661,32.58583749,33.35550747,32.37380735,0,0
22.88000000,33.61901575,32.64068611,33.33141885,32.40761613,0,0
22.89000000,33.68356983,32.66163713,33.36120271,32.46236584,0,0
22.90000000,33.67968799,32.68498896,33.39690160,32.49101488,0,0
22.91000000,33.63484334,32.71969875,33.47435586,32.54919544,0,0
22.92000000,33.60624792,32.81609057,33.43509914,32.58148710,0,0
22.93000000,33.64987564,32.86359223,33.49030155,32.59184789,0,0
22.94000000,33.66839831,32.92860857,33.47889671,32.64214525,0,0
22.95000000,33.73586511,32.92910862,33.46072028,32.72017043,0,0
22.96000000,33.76168805,32.94908085,33.51218601,32.79287947,0,0
22.97000000,33.78814000,33.00713998,33.53939151,32.79822368,0,0
22.98000000,33.72883870,33.06481446,33.56473579,32.83252633,0,0
22.99000000,33.73120138,33.13280343,33.57308085,32.90716514,0,0
23.00000000,33.80601674,33.14418578,33.58490332,32.96174842,0,0
23.01000000,33.84130527,33.19813313,33.60207466,33.00948891,0,0
23.02000000,33.85253077,33.22262834,33.63114592,33.04478829,0,0
23.03000000,33.86057339,33.24805680,33.68919092,33.03134877,0,0
23.04000000,33.87585456,33.27764702,33.70810178,33.08925080,0,0
23.05000000,33.85871468,33.33836607,33.73095608,33.08255624,0,0
23.06000000,33.86321035,33.39284958,33.65418296,33.13877061,0,0
23.07000000,33.90308900,33.41892151,33.69795017,33.27180703,0,0
23.08000000,33.93692469,33.42461685,33.70778861,33.29709837,0,0
23.09000000,33.90594354,33.45019644,33.72138758,33.32372848,0,0
23.10000000,33.94736864,33.48653676,33.82091291,33.37323062,0,0
23.11000000,34.02542768,33.54170528,33.75903138,33.38062037,0,0
23.12000000,34.11115253,33.63198750,33.82167080,33.37892048,0,0
23.13000000,34.01993884,33.64721253,33.77165617,33.43096712,0,0
23.14000000,33.98956057,33.64193030,33.75736735,33.46883987,0,0
23.15000000,34.06761396,33.69028226,33.82135254,33.52372507,0,0
23.16000000,34.15235431,33.76611009,33.89020178,33.56029500,0,0
23.17000000,34.13111049,33.82235818,33.91931355,33.57723552,0,0
23.18000000,34.12117840,33.75307594,33.98836648,33.60015337,0,0
23.19000000,34.17583621,33.77100356,33.99343674,33.72751092,0,0
23.20000000,34.26009447,33.84147691,33.96140530,33.73805557,0,0
23.21000000,34.30343289,33.98611682,33.98998817,33.78881343,0,0
23.22000000,34.21303477,34.02751255,34.03467354,33.77782500,0,0
23.23000000,34.25626338,33.92217324,34.05979669,33.81560718,0,0
23.24000000,34.29249042,33.96900751,34.10990524,33.85587868,0,0
23.25000000,34.33381254,33.97459265,34.00127449,33.90034084,0,0
23.26000000,34.42464509,34.00665428,34.07866084,33.92720218,0,0
23.27000000,34.40750639,34.11894839,34.08491363,34.05200030,0,0
23.28000000,34.40191751,34.13063786,34.09149966,34.03028856,0,0
23.29000000,34.40885149,34.18155513,34.26822992,34.11087175,0,0
23.30000000,34.51499838,34.19433994,34.28913534,34.17441150,0,0
23.31000000,34.50172169,34.20005226,34.31281119,34.13760905,0,0
23.32000000,34.48898198,34.27653861,34.33416242,34.16158345,0,0
23.33000000,34.49356971,34.30474744,34.29190601,34.18741809,0,0
23.34000000,34.64987942,34.36623159,34.33377457,34.16528717,0,0
23.35000000,34.60911832,34.35771601,34.35303125,34.23251579,0,0
23.36000000,34.62603722,34.48339442,34.38454382,34.28270992,0,0
23.37000000,34.57845386,34.43770346,34.36075850,34.24556349,0,0
23.38000000,34.60590293,34.49449405,34.44564686,34.36334991,0,0
23.39000000,34.66817786,34.53480644,34.43455662,34.41053001,0,0
23.40000000,34.68452325,34.58804345,34.46395685,34.42582397,0,0
23.41000000,34.69969558,34.61637796,34.48269943,34.41972407,0,0
23.42000000,34.74172275,34.59299704,34.51094514,34.47562864,0,0
23.43000000,34.82210725,34.71923653,34.54131342,34.50604495,0,0
23.44000000,34.74198996,34.75230070,34.44067862,34.53010812,0,0
23.45000000,34.75109258,34.80897475,34.54382021,34.62608426,0,0
23.46000000,34.81106298,34.79577982,34.50335303,34.62016517,0,0
23.47000000,34.83954741,34.80405279,34.58089868,34.70032767,0,0
23.48000000,34.89630420,34.80304550,34.71498199,34.74224866,0,0
23.49000000,34.90841462,34.85165613,34.69367101,34.77619884,0,0
23.50000000,34.93117724,34.92128038,34.63926322,34.81831815,0,0
23.51000000,34.88479274,34.94435836,34.67578706,34.77724693,0,0
23.52000000,35.00101102,34.98456639,34.63459476,34.81354569,0,0
23.53000000,35.04004057,34.98992279,34.70043294,34.84822120,0,0
23.54000000,35.06330426,35.04671032,34.75941722,34.85951219,0,0
23.55000000,35.01318841,35.05363018,34.79666886,34.87103352,0,0
23.56000000,34.98892111,35.08811316,34.80708820,34.93880441,0,0
23.57000000,35.12106809,35.11897139,34.84382325,34.98809748,0,0
23.58000000,35.12922832,35.17236053,34.81542651,35.05163802,0,0
23.59000000,35.14443939,35.21265679,34.90476349,35.08476484,0,0
23.60000000,35.13050806,35.20691609,34.91989943,35.10211624,0,0
23.61000000,35.17664519,35.23650969,35.04470488,35.10958469,0,0
23.62000000,35.21706745,35.29097722,35.01992975,35.12826691,0,0
23.63000000,35.22966325,35.34074322,35.00968162,35.19734696,0,0
23.64000000,35.27852312,35.34231471,35.02465876,35.24977411,0,0
23.65000000,35.33171080,35.36104747,34.99602555,35.27653249,0,0
23.66000000,35.37816618,35.37915831,35.07157708,35.30661996,0,0
23.67000000,35.36923575,35.38708618,35.10753073,35.29685484,0,0
23.68000000,35.38982553,35.42253922,35.19877690,35.33656923,0,0
23.69000000,35.46314554,35.45980114,35.13261015,35.34567937,0,0
23.70000000,35.46767253,35.48733153,35.19729687,35.39446227,0,0
23.71000000,35.50513184,35.49720344,35.17668906,35.46734087,0,0
23.72000000,35.56952148,35.56527450,35.21114264,35.48492944,0,0
23.73000000,35.55903127,35.62908028,35.25716433,35.53134758,0,0
23.74000000,35.61857268,35.62363440,35.30321315,35.51661808,0,0
23.75000000,35.61511295,35.61359670,35.34223304,35.57808685,0,0
23.76000000,35.70144074,35.61185133,35.35146426,35.62853480,0,0
23.77000000,35.69469391,35.69181177,35.34455289,35.64392268,0,0
23.78000000,35.70429587,35.72962090,35.38555382,35.61161216,0,0
23.79000000,35.76721043,35.71309244,35.47688473,35.63394864,0,0
23.80000000,35.77060034,35.76641436,35.54060615,35.67828349,0,0
23.81000000,35.82638083,35.81088388,35.44897160,35.69550534,0,0
23.82000000,35.81097212,35.86549707,35.51555845,35.75763876,0,0
23.83000000,35.84352456,35.87602312,35.54199853,35.78661163,0,0
23.84000000,35.91141732,35.88082579,35.59483559,35.82129695,0,0
23.85000000,35.96041291,35.88315404,35.69672651,35.78593586,0,0
23.86000000,35.97585851,35.88378490,35.74194621,35.86928926,0,0
23.87000000,35.99443139,35.97313022,35.82309774,35.83076637,0,0
23.88000000,35.98783816,36.00843519,35.68440781,35.85158257,0,0
23.89000000,36.04622141,35.99119789,35.68466373,35.92747510,0,0
23.90000000,36.07760514,36.01635576,35.73160273,35.92896792,0,0
23.91000000,36.12024398,36.05920845,35.73982085,36.00246268,0,0
23.92000000,36.14859915,36.05342639,35.82262883,35.97599979,0,0
23.93000000,36.12923145,36.06623601,35.81445002,36.05052965,0,0
23.94000000,36.16345867,36.14810938,35.85475956,36.06911562,0,0
23.95000000,36.15363796,36.22982585,35.87293211,36.06771403,0,0
23.96000000,36.32239114,36.28854753,35.93513394,36.07900430,0,0
23.97000000,36.29216685,36.26280928,35.97531355,36.10161125,0,0
23.98000000,36.29243023,36.25711563,36.05114093,36.15317330,0,0
23.99000000,36.28482226,36.25985862,35.93062948,36.14681168,0,0
24.00000000,36.33593711,36.29025526,36.03574944,36.23046281,0,0
24.01000000,36.34547101,36.32155490,36.05968431,36.25235649,0,0
24.02000000,36.37402369,36.37451022,36.05376949,36.25922098,0,0
24.03000000,36.41947789,36.36313535,36.20248391,36.29945015,0,0
24.04000000,36.48604193,36.35848250,36.21792565,36.29275305,0,0
24.05000000,36.50398987,36.40938639,36.27547488,36.33211502,0,0
24.06000000,36.47795277,36.43188941,36.33973676,36.28722892,0,0
24.07000000,36.57499266,36.48033449,36.27830122,36.37214251,0,0
24.08000000,36.66514448,36.51486447,36.27952815,36.34609980,0,0
24.09000000,36.61494589,36.56131202,36.33335434,36.39532467,0,0
24.10000000,36.68248557,36.55226727,36.35319660,36.44003884,0,0
24.11000000,36.67192901,36.59917913,36.44638425,36.52856867,0,0
24.12000000,36.76941086,36.62086552,36.47824366,36.56333898,0,0
24.13000000,36.73806162,36.69811927,36.49024348,36.57765313,0,0
24.14000000,36.79790732,36.66650900,36.50142905,36.56346777,0,0
24.15000000,36.90206164,36.67523221,36.54079942,36.61843583,0,0
24.16000000,36.84025190,36.72361860,36.58708723,36.58203460,0,0
24.17000000,36.87267005,36.75266824,36.49584450,36.61805846,0,0
24.18000000,36.84215884,36.80977549,36.65457845,36.66009174,0,0
24.19000000,36.92177002,36.86378839,36.60735537,36.66110630,0,0
24.20000000,36.97809790,36.83515852,36.68496888,36.66847501,0,0
24.21000000,37.01880300,36.79355906,36.77172311,36.74993241,0,0
24.22000000,37.01296623,36.88333689,36.79328931,36.75775102,0,0
24.23000000,36.98619901,36.93137965,36.81769270,36.75895947,0,0
24.24000000,37.08411717,36.97859337,36.81308722,36.75654229,0,0
24.25000000,37.19440678,36.98159572,36.79116482,36.77543888,0,0
24.26000000,37.19218321,36.98305102,36.91336696,36.82693662,0,0
24.27000000,37.16576196,37.00178760,36.88248961,36.83695209,0,0
24.28000000,37.13539500,37.02036211,36.87933869,36.88642582,0,0
24.29000000,37.22874980,37.09918342,36.97784375,36.93877228,0,0
24.30000000,37.25363128,37.11488590,36.96724290,37.04487154,0,0
24.31000000,37.28612867,37.15103809,36.99943189,37.03218249,0,0
24.32000000,37.32089993,37.10982403,36.97854596,37.04428374,0,0
24.33000000,37.31313521,37.11387247,37.10363805,37.06317681,0,0
24.34000000,37.37515276,37.16199538,37.08937740,37.04645348,0,0
24.35000000,37.37348573,37.25614700,37.03192441,37.08295064,0,0
24.36000000,37.39078099,37.30396132,37.05944611,37.11280478,0,0
24.37000000,37.45660295,37.32471883,37.10150442,37.15286118,0,0
24.38000000,37.47706663,37.28698975,37.18402447,37.18636006,0,0
24.39000000,37.54222999,37.29686689,37.23496229,37.22223114,0,0
24.40000000,37.51585798,37.33829133,37.27466309,37.21769402,0,0
24.41000000,37.50429535,37.38326733,37.33114041,37.21952858,0,0
24.42000000,37.62170614,37.41258649,37.31339357,37.27033460,0,0
24.43000000,37.65849766,37.37934700,37.28051815,37.26941849,0,0
24.44000000,37.62542456,37.43666087,37.36527835,37.30594631,0,0
24.45000000,37.64223784,37.45798237,37.39582033,37.32537630,0,0
24.46000000,37.66969359,37.49219689,37.46381171,37.37725325,0,0
24.47000000,37.70342406,37.50164184,37.42465724,37.43044353,0,0
24.48000000,37.70668587,37.52487691,37.51137079,37.45629817,0,0
24.49000000,37.73642943,37.52752484,37.45585422,37.45832809,0,0
24.50000000,37.78733670,37.49849691,37.55277940,37.48743784,0,0
24.51000000,37.78020568,37.54985503,37.62335970,37.51213543,0,0
24.52000000,37.77814935,37.57606327,37.59265724,37.49920932,0,0
24.53000000,37.79800601,37.59355610,37.56239955,37.56822297,0,0
24.54000000,37.87569468,37.60788794,37.59341882,37.59663092,0,0
24.55000000,37.86286545,37.64912125,37.61975899,37.59639770,0,0
24.56000000,37.85484134,37.65387817,37.68623702,37.59204189,0,0
24.57000000,37.81831085,37.66272693,37.71590798,37.60681018,0,0
24.58000000,37.79413271,37.63731981,37.74462019,37.60844064,0,0
24.59000000,37.80725583,37.57817423,37.71999162,37.62172386,0,0
24.60000000,37.89328540,37.60894167,37.67047045,37.63746572,0,0
24.61000000,37.87734061,37.59087512,37.71869774,37.62876198,0,0
24.62000000,37.89052747,37.68103317,37.69369408,37.63984127,0,0
24.63000000,37.87933669,37.65369119,37.74313281,37.67613748,0,0
24.64000000,37.88424104,37.68602909,37.73197077,37.71966808,0,0
24.65000000,37.85935599,37.69536000,37.80020343,37.75839371,0,0
24.66000000,37.82303661,37.66134021,37.70896156,37.75970639,0,0
24.67000000,37.82738018,37.61735210,37.70944388,37.68773026,0,0
24.68000000,37.87519294,37.60777498,37.82298139,37.73316690,0,0
24.69000000,37.84834404,37.61338781,37.71679200,37.69226004,0,0
24.70000000,37.85155396,37.62229800,37.67748197,37.67751449,0,0
24.71000000,37.83174563,37.65933927,37.74658969,37.78038336,0,0
24.72000000,37.85914530,37.72421531,37.67963105,37.73582672,0,0
24.73000000,37.89664716,37.67971251,37.78182984,37.76791599,0,0
24.74000000,37.91504813,37.64595778,37.67005335,37.77434042,0,0
24.75000000,37.80410975,37.58331007,37.75357094,37.68436900,0,0
24.76000000,37.80465111,37.61316607,37.72083949,37.74223676,0,0
24.77000000,37.92047476,37.65510684,37.64056866,37.65896024,0,0
24.78000000,37.82037935,37.68774089,37.65376588,37.61312866,0,0
24.79000000,37.85491463,37.71696692,37.60401749,37.63600683,0,0
24.80000000,37.81438221,37.59357771,37.66737950,37.59208531,0,0
24.81000000,37.90045172,37.63931805,37.71359633,37.71310480,0,0
24.82000000,37.78038824,37.66614834,37.73346923,37.71336404,0,0
24.83000000,37.75878565,37.68455451,37.67617049,37.75025671,0,0
24.84000000,37.83664175,37.64107504,37.59065216,37.64565939,0,0
24.85000000,37.83367791,37.70024607,37.62869249,37.62110880,0,0
24.86000000,37.82208108,37.65677746,37.58861912,37.59021039,0,0
24.87000000,37.81707773,37.64192579,37.54271610,37.60503497,0,0
24.88000000,37.74669100,37.62345439,37.55616756,37.65515065,0,0
24.89000000,37.77019812,37.60290970,37.56315578,37.64508821,0,0
24.90000000,37.78265666,37.55806574,37.63043014,37.66440954,0,0
24.91000000,37.84815565,37.51792432,37.64009050,37.68836194,0,0
24.92000000,37.72820241,37.56631846,37.60037488,37.66491552,0,0
24.93000000,37.72850808,37.62739935,37.57589566,37.64383411,0,0
24.94000000,37.80308748,37.59606005,37.51563246,37.62742445,0,0
24.95000000,37.80684645,37.57288109,37.53704356,37.58538659,0,0
24.96000000,37.84010842,37.63617285,37.51124677,37.61493518,0,0
24.97000000,37.83866915,37.68133733,37.51526043,37.60355454,0,0
24.98000000,37.92633388,37.75688027,37.55378963,37.65475091,0,0
24.99000000,37.87255974,37.79840940,37.58245518,37.67685039,0,0
25.00000000,37.81424717,37.72318158,37.58702668,37.67554930,0,0
25.01000000,37.74674250,37.58714563,37.60592640,37.61858566,0,0
25.02000000,37.73711349,37.58430616,37.61299375,37.62173125,0,0
25.03000000,37.74684202,37.64039737,37.62960808,37.62243577,0,0
25.04000000,37.72900386,37.63364255,37.47174631,37.59573212,0,0
25.05000000,37.74386853,37.61669360,37.51574827,37.60873004,0,0
25.06000000,37.80685807,37.59338016,37.51120511,37.59752247,0,0
25.07000000,37.85278341,37.58902085,37.52994097,37.60285659,0,0
25.08000000,37.84357341,37.58607382,37.61933905,37.60652877,0,0
25.09000000,37.71593836,37.61718252,37.58262067,37.58129267,0,0
25.10000000,37.73131328,37.57668443,37.57499547,37.55490066,0,0
25.11000000,37.75824814,37.59647449,37.53383006,37.64796532,0,0
25.12000000,37.76539226,37.66849751,37.49156924,37.69032869,0,0
25.13000000,37.75852720,37.64653652,37.53462228,37.72000775,0,0
25.14000000,37.74501649,37.59106088,37.51551602,37.71654678,0,0
25.15000000,37.75906713,37.59907717,37.55409061,37.70199156,0,0
25.16000000,37.80449843,37.66139642,37.56660891,37.73572538,0,0
25.17000000,37.79355543,37.66771215,37.53180866,37.70204604,0,0
25.18000000,37.79975796,37.63793010,37.51177148,37.63135537,0,0
25.19000000,37.74939313,37.60911475,37.52520270,37.64127631,0,0
25.20000000,37.72604241,37.64488778,37.57163813,37.64481872,0,0
25.21000000,37.70546611,37.62688214,37.50194188,37.59249580,0,0
25.22000000,37.73251589,37.63370622,37.52830654,37.65707023,0,0
25.23000000,37.74882672,37.56075710,37.41451486,37.66403005,0,0
25.24000000,37.79377374,37.59119065,37.51446815,37.63396966,0,0
25.25000000,37.77125524,37.54905296,37.50153862,37.63341610,0,0
25.26000000,37.71796806,37.61293276,37.55987091,37.61311790,0,0
25.27000000,37.67569540,37.58583484,37.51268009,37.58425911,0,0
25.28000000,37.69256842,37.60179133,37.47190603,37.57537713,0,0
25.29000000,37.80053845,37.57085520,37.38886661,37.58789695,0,0
25.30000000,37.68933211,37.52154343,37.42242100,37.55654495,0,0
25.31000000,37.73379125,37.58882819,37.42591708,37.57680082,0,0
25.32000000,37.66782568,37.54343850,37.52139582,37.58079753,0,0
25.33000000,37.71516375,37.56958972,37.55563618,37.63206511,0,0
25.34000000,37.64104091,37.60526736,37.54551829,37.57101340,0,0
25.35000000,37.67300075,37.59044900,37.52263134,37.56851208,0,0
25.36000000,37.68904296,37.54680121,37.52802648,37.50985033,0,0
25.37000000,37.72879859,37.54060431,37.55421349,37.56153884,0,0
25.38000000,37.70999985,37.55273389,37.43254379,37.53679594,0,0
25.39000000,37.69683094,37.58292088,37.39324006,37.60368491,0,0
25.40000000,37.70272384,37.56931273,37.46871415,37.58755545,0,0
25.41000000,37.72693535,37.55035335,37.43572135,37.57584111,0,0
25.42000000,37.68593616,37.48869454,37.45160360,37.58804133,0,0
25.43000000,37.72115401,37.53272230,37.53136900,37.54131823,0,0
25.44000000,37.66560714,37.60275369,37.47867411,37.53604223,0,0
25.45000000,37.69180941,37.58207060,37.50277522,37.55617627,0,0
25.46000000,37.72179168,37.50488444,37.44931260,37.53854061,0,0
25.47000000,37.72302337,37.48140894,37.47801703,37.59319723,0,0
25.48000000,37.73540330,37.54289085,37.46236697,37.57685900,0,0
25.49000000,37.72475380,37.61653956,37.46037640,37.54339414,0,0
25.50000000,37.78504816,37.46795318,37.49161945,37.61122374,0,0
25.51000000,37.64121953,37.57972858,37.50390371,37.61495113,0,0
25.52000000,37.69372478,37.53257563,37.50535866,37.59978318,0,0
25.53000000,37.68466610,37.55011482,37.54123984,37.56241770,0,0
25.54000000,37.74204520,37.49627024,37.54737199,37.58019942,0,0
25.55000000,37.68406090,37.53960686,37.57391695,37.52736202,0,0
25.56000000,37.70154561,37.50636325,37.39895127,37.51314420,0,0
25.57000000,37.69765188,37.56258998,37.50534639,37.55173323,0,0
25.58000000,37.71513351,37.55044032,37.41416839,37.52717093,0,0
25.59000000,37.70432459,37.55153874,37.48362253,37.53685848,0,0
25.60000000,37.71313832,37.47460599,37.41283982,37.53918783,0,0
25.61000000,37.73222462,37.50717766,37.43786981,37.50660404,0,0
25.62000000,37.65880323,37.56237489,37.46581477,37.50855869,0,0
25.63000000,37.72938676,37.51227156,37.38333595,37.49175968,0,0
25.64000000,37.66306299,37.49785837,37.43578794,37.47495818,0,0
25.65000000,37.73380637,37.49365745,37.42675730,37.48743846,0,0
25.66000000,37.71598372,37.49831932,37.45504301,37.47135252,0,0
25.67000000,37.72313358,37.51518017,37.46393541,37.50530139,0,0
25.68000000,37.64018767,37.55512797,37.45964225,37.53450659,0,0
25.69000000,37.64174177,37.53704187,37.43759362,37.51124190,0,0
25.70000000,37.70749789,37.46897158,37.43430980,37.49431480,0,0
25.71000000,37.69240249,37.48674650,37.42565628,37.50729675,0,0
25.72000000,37.66642512,37.46128428,37.45921760,37.52472613,0,0
25.73000000,37.63581621,37.48715962,37.36259502,37.49612441,0,0
25.74000000,37.67941209,37.51587996,37.41750560,37.53121988,0,0
25.75000000,37.67669612,37.49074515,37.39794717,37.51210974,0,0
25.76000000,37.67573627,37.48823131,37.42218064,37.49000379,0,0
25.77000000,37.69447952,37.44938585,37.48967437,37.50255213,0,0
25.78000000,37.66014972,37.49171960,37.51530063,37.48814417,0,0
25.79000000,37.67005370,37.47663448,37.46539164,37.46700156,0,0
25.80000000,37.71524029,37.43413368,37.48173500,37.44911843,0,0
25.81000000,37.70094927,37.40566013,37.43863752,37.44175466,0,0
25.82000000,37.70354635,37.41778587,37.49475458,37.46671040,0,0
25.83000000,37.67698178,37.43844728,37.47216496,37.46107229,0,0
25.84000000,37.71661059,37.42592114,37.52105741,37.43771808,0,0
25.85000000,37.69432193,37.43194408,37.50969314,37.50395351,0,0
25.86000000,37.72447927,37.43934699,37.52940406,37.49228549,0,0
25.87000000,37.76446104,37.41894522,37.50165236,37.44437136,0,0
25.88000000,37.74984720,37.31739434,37.48252764,37.40166436,0,0
25.89000000,37.75584198,37.30830204,37.49976580,37.37879109,0,0
25.90000000,37.68091130,37.39224345,37.48576213,37.39802477,0,0
25.91000000,37.72262181,37.42434696,37.43639913,37.38798304,0,0
25.92000000,37.77718527,37.43333574,37.49073802,37.41032667,0,0
25.93000000,37.82106572,37.40639925,37.45528035,37.36698016,0,0
25.94000000,37.77760515,37.33861788,37.52220407,37.38592040,0,0
25.95000000,37.76868916,37.29631257,37.53807411,37.38596379,0,0
25.96000000,37.77391811,37.34633259,37.58129009,37.35221428,0,0
25.97000000,37.82261428,37.37481437,37.46944652,37.36647506,0,0
25.98000000,37.80424543,37.30575033,37.52989817,37.33686142,0,0
25.99000000,37.75401382,37.32348173,37.48793636,37.32303417,0,0
26.00000000,37.79659554,37.36927561,37.52537519,37.31764211,0,0
26.01000000,37.80799585,37.33424093,37.51928640,37.28863774,0,0
26.02000000,37.86174168,37.34053569,37.56212911,37.35731062,0,0
26.03000000,37.69375916,37.33571112,37.55297199,37.34759874,0,0
26.04000000,37.71844469,37.33977341,37.54077599,37.36184955,0,0
26.05000000,37.83027911,37.34031390,37.52401463,37.35200536,0,0
26.06000000,37.87364803,37.37990590,37.58756733,37.35019523,0,0
26.07000000,37.83082384,37.36282689,37.56030062,37.28589889,0,0
26.08000000,37.74063532,37.33394292,37.46430174,37.30357834,0,0
26.09000000,37.75419237,37.42527487,37.52588055,37.38508161,0,0
26.10000000,37.83745747,37.44867343,37.53544519,37.39717966,0,0
26.11000000,37.88937290,37.39422536,37.53428587,37.42215272,0,0
26.12000000,37.83360366,37.37240800,37.64205910,37.42366007,0,0
26.13000000,37.79363861,37.45212837,37.60116881,37.34509885,0,0
26.14000000,37.80412153,37.47128407,37.62791024,37.32349178,0,0
26.15000000,37.93077514,37.52383811,37.55099296,37.30145348,0,0
26.16000000,37.81900240,37.46038199,37.52300790,37.28972049,0,0
26.17000000,37.84561864,37.53967557,37.54494572,37.34794185,0,0
26.18000000,37.86759632,37.48627744,37.56245140,37.33086745,0,0
26.19000000,37.90096917,37.54584496,37.62285706,37.41388872,0,0
26.20000000,37.92269271,37.55253970,37.64119223,37.48256021,0,0
26.21000000,37.90974185,37.52908665,37.67470400,37.47391409,0,0
26.22000000,37.88368597,37.57182974,37.66266230,37.43776347,0,0
26.23000000,37.97362708,37.52430681,37.67755095,37.45514297,0,0
26.24000000,37.89805063,37.67372153,37.71098933,37.45869924,0,0
26.25000000,37.96527911,37.62963554,37.54757391,37.47898948,0,0
26.26000000,37.91310580,37.66684608,37.70381470,37.51279297,0,0
26.27000000,37.98991362,37.67875991,37.69652309,37.52425797,0,0
26.28000000,38.07674097,37.71129530,37.74409444,37.53779203,0,0
26.29000000,38.04398276,37.69765071,37.72024400,37.61756355,0,0
26.30000000,37.95558232,37.70434414,37.78410550,37.60340631,0,0
26.31000000,37.97597139,37.74691835,37.80557213,37.60281955,0,0
26.32000000,38.01228327,37.80667531,37.80943714,37.63813887,0,0
26.33000000,38.02126880,37.87323464,37.70248588,37.61791453,0,0
26.34000000,38.12089544,37.87295588,37.69534526,37.66425854,0,0
26.35000000,38.03110708,37.80996280,37.70998982,37.65158559,0,0
26.36000000,38.04321259,37.80214829,37.78974046,37.71824729,0,0
26.37000000,38.03079472,37.86563584,37.86590452,37.76690159,0,0
26.38000000,38.10377134,38.00746323,37.88833920,37.80862312,0,0
26.39000000,38.11423786,38.01190632,37.83727166,37.79702089,0,0
26.40000000,38.13984781,37.97928098,37.86426301,37.80745575,0,0
26.41000000,38.13961171,37.96989993,37.87769903,37.80893783,0,0
26.42000000,38.13736477,38.03648760,37.80114711,37.84501672,0,0
26.43000000,38.16944904,38.08239533,37.86295595,37.90738576,0,0
26.44000000,38.25201789,38.15375548,37.85113003,37.92024319,0,0
26.45000000,38.27738159,38.12586410,37.88604476,37.97616573,0,0
26.46000000,38.26200818,38.12922592,38.00732751,37.99932595,0,0
26.47000000,38.19324922,38.19964176,37.98696797,38.05404560,0,0
26.48000000,38.20595036,38.21085647,38.04184985,38.05997035,0,0
26.49000000,38.27844208,38.21546850,38.02631488,38.10280269,0,0
26.50000000,38.32206338,38.25502988,37.99722035,38.13946726,0,0
26.51000000,38.30482189,38.29478505,37.96552010,38.15853085,0,0
26.52000000,38.34387333,38.33191034,38.03127335,38.18863490,0,0
26.53000000,38.38222431,38.32535857,38.06545571,38.22338615,0,0
26.54000000,38.36574389,38.38029900,38.17300794,38.28513421,0,0
26.55000000,38.49856883,38.41405938,38.16308020,38.29644670,0,0
26.56000000,38.48030043,38.40949239,38.18421489,38.29846327,0,0
26.57000000,38.43413190,38.42069573,38.18916821,38.31490268,0,0
26.58000000,38.47983703,38.50534418,38.23178898,38.34949827,0,0
26.59000000,38.54402810,38.54688900,38.15601078,38.33286898,0,0
26.60000000,38.64517647,38.55044038,38.17135883,38.35841452,0,0
26.61000000,38.62500224,38.60443348,38.16760520,38.38809403,0,0
26.62000000,38.64263977,38.58375065,38.22030754,38.41682902,0,0
26.63000000,38.58371050,38.57236663,38.29771007,38.46025983,0,0
26.64000000,38.60773771,38.57406532,38.40367288,38.51508398,0,0
26.65000000,38.65939242,38.63128515,38.36700046,38.54602824,0,0
26.66000000,38.75724505,38.68547840,38.37604924,38.57404189,0,0
26.67000000,38.68653866,38.71237583,38.35988287,38.57056072,0,0
26.68000000,38.73417182,38.74178334,38.36054764,38.59896693,0,0
26.69000000,38.82533857,38.76612967,38.39186575,38.55507063,0,0
26.70000000,38.90313244,38.73477591,38.52429045,38.61551240,0,0
26.71000000,38.84551068,38.77250660,38.57680387,38.69258153,0,0
26.72000000,38.83082601,38.88605922,38.62743783,38.71042683,0,0
26.73000000,38.85708028,38.91336176,38.64726717,38.75348579,0,0
26.74000000,38.91464681,38.90411135,38.65333496,38.75219915,0,0
26.75000000,38.99828920,38.96576890,38.67203703,38.78387378,0,0
26.76000000,39.06705104,38.99089906,38.58179568,38.77615744,0,0
26.77000000,39.10317585,39.09336195,38.52327469,38.85334385,0,0
26.78000000,39.07810033,39.05944292,38.67255659,38.89371022,0,0
26.79000000,39.11737509,39.10688472,38.72344366,38.91869352,0,0
26.80000000,39.06648588,39.03628492,38.86362768,39.01090958,0,0
26.81000000,39.12930616,39.15495157,38.86702443,38.96334802,0,0
26.82000000,39.19200609,39.16383977,38.84994363,39.01099497,0,0
26.83000000,39.25144750,39.21693284,38.85337124,39.02645483,0,0
26.84000000,39.23007142,39.22999112,38.84525031,39.08252202,0,0
26.85000000,39.28053257,39.26666063,38.98058387,39.12767264,0,0
26.86000000,39.34056068,39.28666048,38.90394140,39.11008933,0,0
26.87000000,39.31471727,39.33232180,38.98531091,39.20629846,0,0
26.88000000,39.29114684,39.43073806,39.01159638,39.20374322,0,0
26.89000000,39.35551330,39.41057338,39.04739742,39.28418447,0,0
26.90000000,39.54432851,39.45618922,39.06198968,39.22952719,0,0
26.91000000,39.52486994,39.46416538,39.06944669,39.31399521,0,0
26.92000000,39.53822313,39.56509798,39.08258833,39.31937036,0,0
26.93000000,39.53531588,39.65832698,38.99964101,39.33213592,0,0
26.94000000,39.65513317,39.67503906,39.20712420,39.41721067,0,0
26.95000000,39.66470325,39.71145842,39.23601987,39.45837382,0,0
26.96000000,39.76329450,39.64392855,39.37820444,39.47327841,0,0
26.97000000,39.68221424,39.65128641,39.40428588,39.54768470,0,0
26.98000000,39.67952534,39.66273664,39.45856129,39.54990990,0,0
26.99000000,39.71454717,39.69565147,39.46053135,39.61520325,0,0
27.00000000,39.67304419,39.81339405,39.41203582,39.62245524,0,0
27.01000000,39.79829548,39.83691208,39.51028145,39.68126273,0,0
27.02000000,39.84777298,39.91690859,39.51823272,39.67417054,0,0
27.03000000,39.96053906,39.83159467,39.58090185,39.72464091,0,0
27.04000000,39.91382846,39.93417816,39.59732556,39.83328588,0,0
27.05000000,39.94566640,39.99579590,39.67437196,39.85616382,0,0
27.06000000,40.01672848,40.04464501,39.67048147,39.89869434,0,0
27.07000000,40.07256773,40.04040828,39.71980140,39.87474636,0,0
27.08000000,40.11520709,40.09539247,39.81568523,39.87890551,0,0
27.09000000,40.10539704,40.17163606,39.77999622,39.86280994,0,0
27.10000000,40.16482756,40.17646861,39.77117280,39.95866775,0,0
27.11000000,40.22689939,40.20258220,39.73537858,39.98112852,0,0
27.12000000,40.23556625,40.20328511,39.77958499,40.02306686,0,0
27.13000000,40.22432333,40.22255943,39.87600413,40.10310708,0,0
27.14000000,40.26799735,40.25174465,39.96423877,40.10312966,0,0
27.15000000,40.34513714,40.30963376,40.05409571,40.13825814,0,0
27.16000000,40.36006916,40.32203436,40.03460562,40.19360016,0,0
27.17000000,40.41483937,40.39131928,39.99496858,40.22433929,0,0
27.18000000,40.50177064,40.46884459,40.03813989,40.26848763,0,0
27.19000000,40.54064592,40.48555366,40.09846577,40.28375497,0,0
27.20000000,40.48833153,40.50212980,40.22242998,40.36369855,0,0
27.21000000,40.49059740,40.53814769,40.29811661,40.42241881,0,0
27.22000000,40.57163418,40.56710558,40.34291051,40.44706775,0,0
27.23000000,40.59271435,40.63677424,40.27993593,40.47112789,0,0
27.24000000,40.65204468,40.68100209,40.31481502,40.51478411,0,0
27.25000000,40.65997063,40.68375059,40.32079641,40.52411197,0,0
27.26000000,40.73921835,40.72011533,40.30535508,40.55523178,0,0
27.27000000,40.81967613,40.77708428,40.37598068,40.60251366,0,0
27.28000000,40.87243066,40.80207315,40.37650087,40.63976421,0,0
27.29000000,40.82961916,40.81658001,40.44675120,40.69037390,0,0
27.30000000,40.80784136,40.86571782,40.53685012,40.72402230,0,0
27.31000000,40.94076586,40.89378488,40.61910222,40.75555197,0,0
27.32000000,40.98785364,40.93063755,40.62284319,40.76945133,0,0
27.33000000,40.99776110,40.96851594,40.60228232,40.78606210,0,0
27.34000000,41.02208208,41.02363510,40.60504007,40.80710472,0,0
27.35000000,41.06670782,41.08287087,40.64867636,40.82142949,0,0
27.36000000,41.08647232,41.08554654,40.73430722,40.89227571,0,0
27.37000000,41.13418322,41.15259605,40.75149757,40.93915375,0,0
27.38000000,41.15748470,41.13593354,40.72347813,40.99881559,0,0
27.39000000,41.16420796,41.17592304,40.73868418,40.96596792,0,0
27.40000000,41.17455011,41.25930391,40.77849902,41.05856457,0,0
27.41000000,41.28302319,41.26043746,40.87679639,41.02660679,0,0
27.42000000,41.29590398,41.25662768,40.90091982,41.11702640,0,0
27.43000000,41.33479461,41.29228428,40.99309257,41.14965561,0,0
27.44000000,41.32676253,41.34297739,40.99542244,41.17119063,0,0
27.45000000,41.38085187,41.35678192,41.02303447,41.25686924,0,0
27.46000000,41.40317239,41.41123825,41.10997812,41.23646518,0,0
27.47000000,41.50312977,41.46441835,41.13586089,41.26697490,0,0
27.48000000,41.50205406,41.45879178,41.15407816,41.31085889,0,0
27.49000000,41.54786323,41.49000321,41.13447144,41.32119356,0,0
27.50000000,41.57638623,41.54466864,41.20912908,41.36337774,0,0
27.51000000,41.61957133,41.53069131,41.22773874,41.40057036,0,0
27.52000000,41.59763463,41.62954186,41.33879043,41.52337765,0,0
27.53000000,41.63268780,41.69755570,41.40379239,41.52693412,0,0
27.54000000,41.71195526,41.68589539,41.36281680,41.52525491,0,0
27.55000000,41.71585770,41.72401697,41.38852544,41.53516947,0,0
27.56000000,41.74446247,41.74737618,41.48402764,41.59272512,0,0
27.57000000,41.75773982,41.80028299,41.47058202,41.59542555,0,0
27.58000000,41.90936527,41.83928429,41.49622013,41.67136105,0,0
27.59000000,41.92884117,41.90779691,41.54824772,41.69600917,0,0
27.60000000,41.92747140,41.86672662,41.59098056,41.72633813,0,0
27.61000000,41.84620217,41.89278559,41.63171884,41.81422279,0,0
27.62000000,42.02603455,41.95535100,41.65792178,41.78283724,0,0
27.63000000,42.05636059,42.00075673,41.68249469,41.84864452,0,0
27.64000000,42.09383830,42.06064275,41.72195630,41.86717568,0,0
27.65000000,42.08253025,42.14178708,41.67698927,41.80213159,0,0
27.66000000,42.16430322,42.10227723,41.76135221,41.90679316,0,0
27.67000000,42.16501260,42.15034131,41.79148897,41.97210645,0,0
27.68000000,42.21337160,42.22024869,41.86697741,42.07935676,0,0
27.69000000,42.30648697,42.24511447,41.89806194,42.12947930,0,0
27.70000000,42.34457094,42.28795065,41.92224346,42.12930564,0,0
27.71000000,42.31204733,42.26439871,41.96541626,42.20480565,0,0
27.72000000,42.34456266,42.34961784,42.00041963,42.16723133,0,0
27.73000000,42.38915647,42.38886606,42.02979847,42.22392906,0,0
27.74000000,42.46940528,42.47101402,42.07471839,42.23791856,0,0
27.75000000,42.48914763,42.45115861,42.11706250,42.25026108,0,0
27.76000000,42.49006103,42.49081144,42.17913206,42.28393309,0,0
27.77000000,42.55653750,42.49455810,42.25101102,42.34041503,0,0
27.78000000,42.68071317,42.54266020,42.24140347,42.32539963,0,0
27.79000000,42.65308286,42.62510546,42.25172110,42.37414551,0,0
27.80000000,42.62084799,42.64844242,42.23788532,42.42638290,0,0
27.81000000,42.71326735,42.69284156,42.33569914,42.42340808,0,0
27.82000000,42.75051193,42.69349065,42.35896719,42.45222707,0,0
27.83000000,42.82308016,42.73617996,42.46687610,42.56881422,0,0
27.84000000,42.85168639,42.80094812,42.47800411,42.57628644,0,0
27.85000000,42.85001275,42.81968798,42.46454850,42.58214906,0,0
27.86000000,42.86274187,42.86457354,42.49952416,42.61249800,0,0
27.87000000,42.92980632,42.86338489,42.61605707,42.59584842,0,0
27.88000000,42.98794574,42.91445621,42.51939409,42.65479339,0,0
27.89000000,43.05445936,42.95063520,42.53704967,42.71209095,0,0
27.90000000,43.03988145,42.94661984,42.58935552,42.80352701,0,0
27.91000000,43.05152599,42.97188780,42.67361551,42.85899748,0,0
27.92000000,43.07039638,43.02131392,42.78722415,42.85606839,0,0
27.93000000,43.14207613,43.08199359,42.84369312,42.87133661,0,0
27.94000000,43.21505290,43.09647812,42.85825876,42.89961093,0,0
27.95000000,43.24548012,43.15324204,42.84496395,42.92043106,0,0
27.96000000,43.26594298,43.13300846,42.87550036,42.94745715,0,0
27.97000000,43.26793643,43.18566063,42.91585849,43.02572451,0,0
27.98000000,43.30432918,43.31056291,42.97418106,43.09874309,0,0
27.99000000,43.34804301,43.36044795,43.09426488,43.16650709,0,0
28.00000000,43.39045836,43.30192106,43.13855632,43.15729161,0,0
28.01000000,43.44437680,43.31821658,43.14806875,43.13530616,0,0
28.02000000,43.49107937,43.37661497,43.18319877,43.20856300,0,0
28.03000000,43.51800105,43.45400879,43.16366340,43.21510038,0,0
28.04000000,43.55778393,43.51052434,43.12751680,43.26720852,0,0
28.05000000,43.56207310,43.52332368,43.19090885,43.29802785,0,0
28.06000000,43.57197346,43.53508251,43.26123851,43.34859882,0,0
28.07000000,43.64431817,43.59319688,43.30378835,43.40448178,0,0
28.08000000,43.75931588,43.63740300,43.32653172,43.44357309,0,0
28.09000000,43.71432769,43.66488584,43.37074497,43.47304453,0,0
28.10000000,43.74940355,43.68276679,43.39017809,43.49128585,0,0
28.11000000,43.78819969,43.75742849,43.40713692,43.52029554,0,0
28.12000000,43.88722366,43.76232260,43.40325370,43.54617093,0,0
28.13000000,43.83306659,43.81706536,43.45649608,43.64320898,0,0
28.14000000,43.91356517,43.86868526,43.51144734,43.69966338,0,0
28.15000000,43.92296973,43.85187581,43.54644182,43.69763832,0,0
28.16000000,43.94709317,43.88289908,43.59483490,43.72369754,0,0
28.17000000,43.96296827,43.90251630,43.68236888,43.72335749,0,0
28.18000000,44.00335740,43.98623384,43.71969249,43.74418402,0,0
28.19000000,44.09768578,44.03925801,43.63487969,43.78706428,0,0
28.20000000,44.19523274,44.05137265,43.73071167,43.85080109,0,0
28.21000000,44.13052999,44.06675589,43.74508329,43.88874878,0,0
28.22000000,44.09828974,44.09780555,43.83375666,43.89192542,0,0
28.23000000,44.15686750,44.12889777,43.87975373,43.96903977,0,0
28.24000000,44.20550372,44.18992474,43.95039269,44.01772937,0,0
28.25000000,44.28253264,44.26039292,43.94407485,44.01578183,0,0
28.26000000,44.40891327,44.29561050,43.92217813,44.01482985,0,0
28.27000000,44.35839360,44.28246184,43.95540443,44.04968423,0,0
28.28000000,44.36814701,44.37316804,44.04301840,44.14999856,0,0
28.29000000,44.35378059,44.35748024,44.08123659,44.20877140,0,0
28.30000000,44.43002909,44.37215963,44.12359064,44.19601957,0,0
28.31000000,44.46519811,44.41280211,44.08160811,44.21919540,0,0
28.32000000,44.51776265,44.48409994,44.25121989,44.24142996,0,0
28.33000000,44.55767825,44.50269574,44.13458277,44.25712206,0,0
28.34000000,44.63637165,44.55291830,44.20471713,44.34450629,0,0
28.35000000,44.58186437,44.53715592,44.23405947,44.38957723,0,0
28.36000000,44.64649770,44.59009721,44.31738818,44.44759408,0,0
28.37000000,44.74874183,44.68474805,44.34791743,44.46793558,0,0
28.38000000,44.74995287,44.69826961,44.31971450,44.46003247,0,0
28.39000000,44.72553911,44.72374362,44.40794024,44.51025229,0,0
28.40000000,44.77375838,44.75198153,44.37741113,44.54969820,0,0
28.41000000,44.87223374,44.79465404,44.43780923,44.56955230,0,0
28.42000000,44.86153947,44.84823618,44.53052085,44.62020170,0,0
28.43000000,44.88661578,44.89357458,44.62136400,44.74251807,0,0
28.44000000,44.91946117,44.91658164,44.59293426,44.70134329,0,0
28.45000000,44.92126079,44.92965705,44.53622180,44.69035449,0,0
28.46000000,44.96730180,45.02013376,44.59080658,44.77224172,0,0
28.47000000,45.04225466,45.00293042,44.56885496,44.72583511,0,0
28.48000000,45.05705645,45.05460033,44.66168215,44.84382837,0,0
28.49000000,45.09766393,45.02589568,44.72755588,44.90282791,0,0
28.50000000,45.10779172,45.09965800,44.74877122,44.97329448,0,0
28.51000000,45.20424231,45.14322851,44.77670828,44.96545799,0,0
28.52000000,45.27118049,45.17929057,44.85485428,44.99689175,0,0
28.53000000,45.22738938,45.22665756,44.88619511,45.01623084,0,0
28.54000000,45.22109068,45.31046275,44.85958368,45.03496344,0,0
28.55000000,45.31639167,45.32251445,44.89280346,45.07583525,0,0
28.56000000,45.34876382,45.31571799,44.87718268,45.12893757,0,0
28.57000000,45.38743314,45.37347057,44.94145627,45.20085138,0,0
28.58000000,45.40794343,45.39061146,45.05555479,45.24093438,0,0
28.59000000,45.42186540,45.36757360,45.09763355,45.25979539,0,0
28.60000000,45.45336843,45.44634322,45.11333461,45.24682369,0,0
28.61000000,45.48202529,45.47966889,45.15793489,45.27972470,0,0
28.62000000,45.59879931,45.54676905,45.14784496,45.29556315,0,0
28.63000000,45.63647177,45.57115786,45.19784718,45.35118788,0,0
28.64000000,45.60095377,45.59432689,45.27781337,45.40355544,0,0
28.65000000,45.61199794,45.60637994,45.32218137,45.43808401,0,0
28.66000000,45.70963782,45.65212693,45.40338177,45.46997176,0,0
28.67000000,45.77424148,45.67412561,45.40558248,45.47954556,0,0
28.68000000,45.77474246,45.72684433,45.44373173,45.51247602,0,0
28.69000000,45.80976886,45.78401641,45.42643035,45.55680003,0,0
28.70000000,45.80255136,45.83576195,45.40621059,45.57013420,0,0
28.71000000,45.87895734,45.87460496,45.47452439,45.62001681,0,0
28.72000000,45.95441068,45.88999949,45.52329054,45.67007289,0,0
28.73000000,45.95419781,45.90367779,45.63995036,45.68270543,0,0
28.74000000,45.94842827,45.91900648,45.66582025,45.68376102,0,0
28.75000000,45.96200232,45.94851799,45.69555838,45.75459050,0,0
28.76000000,46.06397210,46.01679398,45.68970414,45.78713425,0,0
28.77000000,46.12126471,46.06384071,45.63316604,45.88182144,0,0
28.78000000,46.11933864,46.06433066,45.69551375,45.92928684,0,0
28.79000000,46.11312053,46.06556119,45.74382734,45.97403566,0,0
28.80000000,46.18610832,46.11983867,45.86190848,46.02540151,0,0
28.81000000,46.23211780,46.13737357,45.87248457,46.00580703,0,0
28.82000000,46.24573412,46.20473178,45.86823681,45.98691409,0,0
28.83000000,46.28531902,46.21950141,45.84478113,46.02680847,0,0
28.84000000,46.35740239,46.26076609,45.93085352,46.05555157,0,0
28.85000000,46.38954548,46.35492179,45.91041178,46.09840699,0,0
28.86000000,46.38170802,46.38252418,46.00566620,46.14669744,0,0
28.87000000,46.43275787,46.36999191,46.09143386,46.20332956,0,0
28.88000000,46.44873834,46.39418971,46.08287241,46.19115183,0,0
28.89000000,46.50126213,46.44779726,46.18095816,46.21612736,0,0
28.90000000,46.57304780,46.51936916,46.19191674,46.25891397,0,0
28.91000000,46.64302786,46.58575646,46.17455775,46.29536363,0,0
28.92000000,46.60153951,46.54929277,46.20164776,46.36371866,0,0
28.93000000,46.55648850,46.60930750,46.25922629,46.42556294,0,0
28.94000000,46.72785065,46.62712939,46.33860929,46.43883548,0,0
28.95000000,46.75459413,46.68572494,46.40270543,46.45280039,0,0
28.96000000,46.77864901,46.71219913,46.41642247,46.49958029,0,0
28.97000000,46.82895179,46.80404556,46.43306295,46.51065939,0,0
28.98000000,46.88282100,46.78764851,46.41368317,46.53961749,0,0
28.99000000,46.89156663,46.85571034,46.43791628,46.63018157,0,0
29.00000000,46.96295461,46.86974316,46.54308884,46.72931377,0,0
29.01000000,46.93602988,46.88157153,46.56672371,46.72017118,0,0
29.02000000,46.96453192,46.93565851,46.58161601,46.73719478,0,0
29.03000000,47.06946604,46.99251852,46.59874254,46.75550356,0,0
29.04000000,47.12181027,47.06768498,46.63444614,46.74639472,0,0
29.05000000,47.18526848,47.04600417,46.62241239,46.79720501,0,0
29.06000000,47.10640337,47.05861520,46.71957248,46.83581928,0,0
29.07000000,47.16012450,47.05924585,46.74517281,46.89287818,0,0
29.08000000,47.24287356,47.09441341,46.81541764,46.90082053,0,0
29.09000000,47.30399294,47.14692434,46.83705216,46.94794275,0,0
29.10000000,47.34561385,47.24366085,46.88091122,46.94919264,0,0
29.11000000,47.36416172,47.28160477,46.91713880,46.95047315,0,0
29.12000000,47.38626729,47.26191477,46.98829445,46.98681013,0,0
29.13000000,47.41094876,47.35505766,47.01064623,47.04943105,0,0
29.14000000,47.46602488,47.32452180,47.09313061,47.14997206,0,0
29.15000000,47.47101001,47.33574184,47.19135982,47.13566855,0,0
29.16000000,47.47169753,47.34715289,47.10221488,47.16460212,0,0
29.17000000,47.50697001,47.37212210,47.19844261,47.17228582,0,0
29.18000000,47.62051152,47.45316189,47.14520110,47.22218490,0,0
29.19000000,47.58830583,47.45965062,47.13867586,47.22978358,0,0
29.20000000,47.60032333,47.46608836,47.21082699,47.24926945,0,0
29.21000000,47.62463845,47.48437138,47.27390595,47.23452899,0,0
29.22000000,47.75614470,47.53483758,47.33387135,47.27321490,0,0
29.23000000,47.74828089,47.52521166,47.32146650,47.31359795,0,0
29.24000000,47.74517053,47.57551468,47.40797405,47.40136030,0,0
29.25000000,47.79750998,47.58406909,47.45508688,47.49347446,0,0
29.26000000,47.79692558,47.67575993,47.48755075,47.50618899,0,0
29.27000000,47.85447695,47.73798339,47.51075770,47.59241304,0,0
29.28000000,47.88850079,47.69910114,47.56262064,47.62895894,0,0
29.29000000,47.95335725,47.73932037,47.58011596,47.59008059,0,0
29.30000000,47.97485234,47.76751789,47.61995061,47.56212520,0,0
29.31000000,48.01227412,47.84517796,47.66681277,47.56653578,0,0
29.32000000,48.02411098,47.89739104,47.61399549,47.60039896,0,0
29.33000000,48.04050360,47.90407606,47.72386109,47.71422633,0,0
29.34000000,48.05475501,47.94435536,47.76191593,47.83592275,0,0
29.35000000,48.12456357,47.99265533,47.85918346,47.87538264,0,0
29.36000000,48.20757968,48.01290168,47.92045927,47.92944754,0,0
29.37000000,48.22016597,48.07476086,47.92420496,47.93998208,0,0
29.38000000,48.23623730,48.13595830,47.95166396,47.91745955,0,0
29.39000000,48.27471425,48.19512202,47.93851516,47.98937835,0,0
29.40000000,48.33409141,48.26166764,47.94622299,48.06738122,0,0
29.41000000,48.43185821,48.28661300,47.99874522,48.15417461,0,0
29.42000000,48.48871984,48.24469844,48.09522265,48.19365129,0,0
29.43000000,48.46360991,48.30267050,48.10816927,48.18242572,0,0
29.44000000,48.48264517,48.38272345,48.13474201,48.17009220,0,0
29.45000000,48.55738148,48.46565011,48.11499121,48.14856633,0,0
29.46000000,48.60230629,48.50380074,48.10735145,48.12765884,0,0
29.47000000,48.63564359,48.51613835,48.08503378,48.16281359,0,0
29.48000000,48.69891570,48.50610003,48.17416152,48.22367769,0,0
29.49000000,48.77958895,48.59598498,48.19488227,48.25638720,0,0
29.50000000,48.68138543,48.65956219,48.30823183,48.28590188,0,0
29.51000000,48.75440789,48.70126368,48.34832420,48.29560628,0,0
29.52000000,48.86445381,48.69593364,48.35343042,48.29521350,0,0
29.53000000,48.84339284,48.66983414,48.31211933,48.32627907,0,0
29.54000000,48.89849055,48.73062397,48.34631045,48.41232194,0,0
29.55000000,48.84785248,48.75489975,48.42443770,48.50662454,0,0
29.56000000,48.92469278,48.81200030,48.51031469,48.52786247,0,0
29.57000000,48.92351429,48.82452016,48.56470376,48.49938008,0,0
29.58000000,49.02527579,48.83243314,48.56352065,48.49987687,0,0
29.59000000,49.04332106,48.82281799,48.47762483,48.53597399,0,0
29.60000000,49.03054906,48.86674343,48.49947997,48.58603126,0,0
29.61000000,49.01041659,48.93824007,48.62193105,48.65537390,0,0
29.62000000,49.04039950,48.98784954,48.67785975,48.70585947,0,0
29.63000000,49.11442021,48.96642398,48.77483076,48.71673370,0,0
29.64000000,49.17790390,48.97547725,48.70264054,48.77220848,0,0
29.65000000,49.26070456,49.02503615,48.79477828,48.84697838,0,0
29.66000000,49.22172054,48.99514862,48.73671131,48.83064012,0,0
29.67000000,49.23834677,49.08595863,48.88691631,48.91280221,0,0
29.68000000,49.24423237,49.12495896,48.93866186,48.96471395,0,0
29.69000000,49.32394830,49.12620902,49.04504704,48.97604519,0,0
29.70000000,49.30157889,49.17554405,48.99801777,49.00886921,0,0
29.71000000,49.33375231,49.18414043,48.99822385,49.05875845,0,0
29.72000000,49.39247242,49.26654909,49.05201323,49.11518918,0,0
29.73000000,49.46453672,49.26141062,48.96285070,49.16718936,0,0
29.74000000,49.42378135,49.29094800,49.16526589,49.16524361,0,0
29.75000000,49.54261103,49.36702829,49.12534365,49.23068315,0,0
29.76000000,49.53392743,49.39665982,49.23716522,49.24451451,0,0
29.77000000,49.53547088,49.41584197,49.17562763,49.28064304,0,0
29.78000000,49.63490269,49.46965800,49.31484163,49.36521537,0,0
29.79000000,49.66174901,49.48658859,49.32860498,49.37584192,0,0
29.80000000,49.70176048,49.55536862,49.35063701,49.35723389,0,0
29.81000000,49.67662484,49.54220671,49.38092438,49.44067264,0,0
29.82000000,49.74066125,49.56581922,49.33937509,49.43401956,0,0
29.83000000,49.69999106,49.57786979,49.35331028,49.44427735,0,0
29.84000000,49.82438108,49.66798553,49.36840094,49.49867507,0,0
29.85000000,49.89928449,49.73359794,49.38851960,49.49221539,0,0
29.86000000,49.92943376,49.75969879,49.39366304,49.50268868,0,0
29.87000000,49.86724650,49.78320793,49.51102780,49.52966666,0,0
29.88000000,49.95140111,49.82298908,49.54131471,49.56529981,0,0
29.89000000,49.94845566,49.84195050,49.62556798,49.59329802,0,0
29.90000000,50.02279309,49.88367919,49.63567648,49.68980634,0,0
29.91000000,49.99633957,49.91865440,49.64710650,49.70431639,0,0
29.92000000,50.06539782,49.91912334,49.62306091,49.69920379,0,0
29.93000000,50.15363621,50.01988136,49.71044055,49.76034038,0,0
29.94000000,50.15972196,49.99424975,49.71866812,49.79809887,0,0
29.95000000,50.12408078,50.01983881,49.81180824,49.84532183,0,0
29.96000000,50.12123119,49.98983768,49.76719141,49.87309746,0,0
29.97000000,50.15473833,50.10316667,49.81603864,49.90246221,0,0
29.98000000,50.23863191,50.13295649,49.81232498,49.93566620,0,0
29.99000000,50.30163940,50.17627857,49.83157655,49.93784884,0,0
30.00000000,50.27477482,50.15320456,49.82838326,49.97251891,0,0
30.01000000,50.36020517,50.18900686,49.86493784,50.00433068,0,0
30.02000000,50.35950419,50.24545681,49.97675598,50.03947499,0,0
30.03000000,50.39555371,50.29217120,49.96466785,50.04792145,0,0
30.04000000,50.45949433,50.34502196,50.01208630,50.05827905,0,0
30.05000000,50.43582239,50.31001669,50.05594780,50.07608005,0,0
30.06000000,50.42868202,50.35061096,50.04294810,50.12146526,0,0
30.07000000,50.49245155,50.39565969,50.11487673,50.20295002,0,0
30.08000000,50.51426681,50.42746664,50.14720934,50.27281715,0,0
30.09000000,50.53459435,50.44726410,50.15353676,50.26674160,0,0
30.10000000,50.60864388,50.46924990,50.19803537,50.30153708,0,0
30.11000000,50.67671424,50.52337255,50.20777160,50.31654554,0,0
30.12000000,50.57467421,50.51603334,50.24589660,50.34432784,0,0
30.13000000,50.60145767,50.48993642,50.31512684,50.42623214,0,0
30.14000000,50.71956143,50.57325120,50.38429469,50.43134851,0,0
30.15000000,50.83381717,50.64728272,50.39754983,50.47450924,0,0
30.16000000,50.80355236,50.70450763,50.44274893,50.48048143,0,0
30.17000000,50.79493819,50.71540571,50.40376376,50.49175541,0,0
30.18000000,50.77806277,50.70563751,50.41124606,50.49185260,0,0
30.19000000,50.87299168,50.70628224,50.43055221,50.52605130,0,0
30.20000000,50.91429062,50.77298393,50.44270957,50.58106280,0,0
30.21000000,50.96356286,50.73967853,50.52567656,50.60730245,0,0
30.22000000,50.90405716,50.81514176,50.54890281,50.63848284,0,0
30.23000000,50.90230704,50.85050924,50.58802753,50.66211795,0,0
30.24000000,50.94893334,50.91378350,50.62679315,50.67764125,0,0
30.25000000,51.05088700,50.92987416,50.60371152,50.69820576,0,0
30.26000000,51.00530389,50.87825338,50.65323785,50.74338496,0,0
30.27000000,51.10747815,50.87928572,50.64501520,50.77558575,0,0
30.28000000,51.08868635,50.96138875,50.70821394,50.80414260,0,0
30.29000000,51.14797361,51.05838005,50.72997126,50.85035624,0,0
30.30000000,51.18372665,51.05647008,50.79843839,50.88807814,0,0
30.31000000,51.14802012,51.01540691,50.76971744,50.86899950,0,0
30.32000000,51.22966262,51.09676987,50.79330742,50.89015325,0,0
30.33000000,51.26589294,51.13744152,50.82801062,50.90145454,0,0
30.34000000,51.27712335,51.16853237,50.88069962,50.95298527,0,0
30.35000000,51.25076703,51.12487433,50.92769441,50.98913408,0,0
30.36000000,51.27053421,51.17469609,50.94161306,51.03441919,0,0
30.37000000,51.34077742,51.21568611,50.90980585,51.08865006,0,0
30.38000000,51.39914564,51.23172260,50.94381788,51.09133313,0,0
30.39000000,51.44450813,51.26169114,50.99140422,51.10966228,0,0
30.40000000,51.39245301,51.32594344,51.09391379,51.13407470,0,0
30.41000000,51.44258937,51.32999276,51.12994689,51.14336976,0,0
30.42000000,51.48145328,51.40479126,51.23426641,51.22396364,0,0
30.43000000,51.58489374,51.43874619,51.07489935,51.27542029,0,0
30.44000000,51.58375267,51.45819220,51.18928378,51.29008853,0,0
30.45000000,51.64806001,51.45051251,51.15117594,51.33956059,0,0
30.46000000,51.66192614,51.53295976,51.20811806,51.34676220,0,0
30.47000000,51.65724748,51.50688352,51.22114322,51.32111100,0,0
30.48000000,51.61107850,51.60277697,51.21286335,51.32874165,0,0
30.49000000,51.71915111,51.57416239,51.40182237,51.36152573,0,0
30.50000000,51.71462473,51.63814248,51.26197770,51.34836823,0,0
30.51000000,51.78611050,51.64042034,51.26557447,51.43708856,0,0
30.52000000,51.83561076,51.72110909,51.33164455,51.46343607,0,0
30.53000000,51.82668870,51.70037596,51.40751590,51.50294856,0,0
30.54000000,51.78747095,51.67198503,51.43774439,51.50267138,0,0
30.55000000,51.88563993,51.72179598,51.44618107,51.54658556,0,0
30.56000000,51.86912432,51.67036193,51.46032191,51.52796229,0,0
30.57000000,51.90351686,51.71605643,51.45209732,51.54926744,0,0
30.58000000,51.94252530,51.78334977,51.54230357,51.58676390,0,0
30.59000000,51.95641479,51.82206810,51.53448753,51.61139441,0,0
30.60000000,51.92420405,51.83414151,51.57242299,51.63032283,0,0
30.61000000,51.98866293,51.83819768,51.56594632,51.66297448,0,0
30.62000000,51.99263444,51.87543262,51.57992186,51.65659588,0,0
30.63000000,52.04905620,51.91711763,51.59622474,51.70797246,0,0
30.64000000,52.15357805,51.91990001,51.68364322,51.69605204,0,0
30.65000000,52.14785254,51.98303001,51.71065481,51.77029681,0,0
30.66000000,52.16816801,51.98710139,51.81099988,51.75345199,0,0
30.67000000,52.18024057,52.06629237,51.80719545,51.80934249,0,0
30.68000000,52.19077578,52.08061370,51.82494927,51.81045744,0,0
30.69000000,52.17255152,52.03629711,51.78580677,51.84903627,0,0
30.70000000,52.21661276,52.09076782,51.83856990,51.96589009,0,0
30.71000000,52.29173525,52.05302453,51.88000201,52.09525540,0,0
30.72000000,52.32057995,52.12577593,52.01775527,52.16631080,0,0
30.73000000,52.31993303,52.16248745,52.05627858,52.16471128,0,0
30.74000000,52.36143119,52.16251147,52.02232872,52.14842461,0,0
30.75000000,52.38491443,52.20197010,51.98452191,52.13472075,0,0
30.76000000,52.45608956,52.23417616,51.98665426,52.11272195,0,0
30.77000000,52.53154753,52.29017726,52.03000525,52.13693420,0,0
30.78000000,52.49824209,52.34515569,52.09822924,52.16735210,0,0
30.79000000,52.52318858,52.32708454,52.07284005,52.13827789,0,0
30.80000000,52.57410945,52.36785178,52.07668911,52.09007493,0,0
30.81000000,52.60181393,52.34237580,52.04700578,52.05661306,0,0
30.82000000,52.58045273,52.35892158,52.05316480,52.06649650,0,0
30.83000000,52.59116541,52.34861954,52.08146043,52.12517164,0,0
30.84000000,52.59449781,52.40811702,52.17879316,52.14784709,0,0
30.85000000,52.65609681,52.42423912,52.27250505,52.19888854,0,0
30.86000000,52.73526374,52.43203126,52.33535452,52.23509039,0,0
30.87000000,52.78423882,52.42414366,52.34776357,52.26997235,0,0
30.88000000,52.72830530,52.41846524,52.28994192,52.27420750,0,0
30.89000000,52.71010949,52.43837680,52.32925831,52.30152261,0,0
30.90000000,52.76144524,52.46270887,52.36575576,52.35077105,0,0
30.91000000,52.82538665,52.52805668,52.43860571,52.35546665,0,0
30.92000000,52.84326537,52.55160288,52.49316184,52.41410014,0,0
30.93000000,52.86199139,52.53356767,52.50113206,52.39299926,0,0
30.94000000,52.86277460,52.55472533,52.50839953,52.42631874,0,0
30.95000000,52.89743150,52.57376683,52.51401464,52.44723900,0,0
30.96000000,52.89466122,52.57176526,52.52254563,52.50944584,0,0
30.97000000,52.91562707,52.62154832,52.58475453,52.51569175,0,0
30.98000000,52.92903744,52.63861626,52.62471544,52.56071659,0,0
30.99000000,52.98967367,52.66733087,52.70989900,52.59779901,0,0
31.00000000,53.02791613,52.70491630,52.72393292,52.61504132,0,0
31.01000000,53.04796804,52.67374227,52.64477144,52.63403181,0,0
31.02000000,53.05385262,52.71583556,52.63875913,52.61554596,0,0
31.03000000,53.07743501,52.76783288,52.59265911,52.61354811,0,0
31.04000000,53.07029670,52.84054843,52.71910499,52.61537560,0,0
31.05000000,53.12223150,52.87197065,52.77476386,52.68935300,0,0
31.06000000,53.14241817,52.81742329,52.81931583,52.70804882,0,0
31.07000000,53.20370768,52.84036663,52.80639007,52.69918397,0,0
31.08000000,53.21402414,52.80995911,52.76574691,52.74155954,0,0
31.09000000,53.17915502,52.90164508,52.84953620,52.73943395,0,0
31.10000000,53.22851826,52.95333587,52.89134081,52.72752651,0,0
31.11000000,53.25340178,52.98490455,52.91673594,52.77633963,0,0
31.12000000,53.28815375,52.99088648,52.91774975,52.76654856,0,0
31.13000000,53.26188334,52.93093100,52.93023401,52.80941648,0,0
31.14000000,53.35305104,52.95143510,52.91903663,52.85016381,0,0
31.15000000,53.30941864,53.00756289,52.95663759,52.81287629,0,0
31.16000000,53.40590440,53.10504292,52.96904469,52.84129857,0,0
31.17000000,53.38454632,53.11384860,53.00988876,52.86834513,0,0
31.18000000,53.40412614,53.15794354,53.02560958,52.91116193,0,0
31.19000000,53.37396914,53.09587618,53.04044916,52.89467428,0,0
31.20000000,53.48647098,53.11555825,53.04361946,52.97112721,0,0
31.21000000,53.44839520,53.21140774,53.05501738,53.00870755,0,0
31.22000000,53.48526162,53.20884518,53.13128496,52.96836607,0,0
31.23000000,53.48186848,53.21275480,53.04606470,53.01787300,0,0
31.24000000,53.48152322,53.26168628,53.14198318,53.05922792,0,0
31.25000000,53.51209604,53.27670080,53.07546767,53.09433473,0,0
31.26000000,53.56325643,53.32945829,53.14950750,53.08716977,0,0
31.27000000,53.59517796,53.29226289,53.17285584,53.15503655,0,0
31.28000000,53.60812351,53.32064880,53.19551207,53.14178486,0,0
31.29000000,53.62375263,53.39159531,53.29630252,53.23394843,0,0
31.30000000,53.65741078,53.42149864,53.23929112,53.23093178,0,0
31.31000000,53.61739142,53.43254124,53.25833950,53.26531578,0,0
31.32000000,53.69320509,53.45420569,53.24883738,53.32625380,0,0
31.33000000,53.70271492,53.42049222,53.29447494,53.32584148,0,0
31.34000000,53.73538935,53.54187676,53.36664907,53.33730348,0,0
31.35000000,53.76350669,53.53110885,53.39625667,53.35103775,0,0
31.36000000,53.76277549,53.54107565,53.39352643,53.32883704,0,0
31.37000000,53.74481835,53.49337592,53.34698439,53.37331249,0,0
31.38000000,53.82560668,53.54142592,53.35145693,53.39518508,0,0
31.39000000,53.82635654,53.65590307,53.42641628,53.40794972,0,0
31.40000000,53.86256451,53.65320021,53.48659325,53.42676799,0,0
31.41000000,53.92470952,53.67043054,53.51067160,53.44442347,0,0
31.42000000,53.91925534,53.67166073,53.53004823,53.45347877,0,0
31.43000000,53.98011247,53.68589674,53.47622322,53.47099863,0,0
31.44000000,53.92791562,53.73862624,53.49548451,53.55730032,0,0
31.45000000,53.91031734,53.75253328,53.52049168,53.57974250,0,0
31.46000000,53.92601519,53.72444270,53.61363016,53.58998414,0,0
31.47000000,53.98209537,53.71963643,53.62363403,53.60163846,0,0
31.48000000,54.04568388,53.74540791,53.64303574,53.61670731,0,0
31.49000000,54.04987559,53.79267049,53.61713768,53.62220336,0,0
31.50000000,54.06555581,53.83689767,53.61726546,53.63871154,0,0
31.51000000,54.06834804,53.82714450,53.64128376,53.67224321,0,0
31.52000000,54.08257952,53.83968222,53.71780506,53.71335198,0,0
31.53000000,54.15827199,53.84177190,53.80372698,53.77737700,0,0
31.54000000,54.16682368,53.90331499,53.84344023,53.80073620,0,0
31.55000000,54.16619960,53.97305401,53.84284005,53.78284522,0,0
31.56000000,54.18163439,53.97324050,53.76522198,53.75530698,0,0
31.57000000,54.16850432,53.99849727,53.77115310,53.80720977,0,0
31.58000000,54.21484754,53.96138529,53.79491174,53.85883265,0,0
31.59000000,54.25925011,53.96650486,53.85805992,53.85104404,0,0
31.60000000,54.26191869,53.97888977,53.92261084,53.85677091,0,0
31.61000000,54.27877883,54.02029522,53.94524841,53.87941757,0,0
31.62000000,54.32407523,54.06775914,53.95472129,53.89508411,0,0
31.63000000,54.36194849,54.09866024,53.97007808,53.97075442,0,0
31.64000000,54.36314827,54.11353550,53.96729417,54.02144188,0,0
31.65000000,54.38315452,54.11127693,54.00555457,54.01148363,0,0
31.66000000,54.42248017,54.11608039,54.01459235,54.01971898,0,0
31.67000000,54.42705373,54.16831340,54.01291505,54.02963816,0,0
31.68000000,54.45193243,54.24436556,54.03264455,54.00262133,0,0
31.69000000,54.45112242,54.22838550,53.99560767,54.02068971,0,0
31.70000000,54.44758150,54.20747890,54.05383453,54.05885700,0,0
31.71000000,54.44348338,54.16144613,54.08639386,54.06751096,0,0
31.72000000,54.49226095,54.21563666,54.13528307,54.05388938,0,0
31.73000000,54.48904506,54.26452479,54.13806318,54.08012740,0,0
31.74000000,54.53414126,54.32386024,54.14892732,54.08554220,0,0
31.75000000,54.53280818,54.30413708,54.13070307,54.08834100,0,0
31.76000000,54.57386073,54.31315953,54.14777219,54.19228964,0,0
31.77000000,54.60994000,54.29995868,54.21737979,54.23893792,0,0
31.78000000,54.62706770,54.27363275,54.19584861,54.23980343,0,0
31.79000000,54.62439251,54.29284274,54.20679655,54.20275624,0,0
31.80000000,54.59721534,54.33477344,54.18660992,54.22176170,0,0
31.81000000,54.57987744,54.40732977,54.25335829,54.24908271,0,0
31.82000000,54.66041245,54.41706614,54.29529654,54.24700909,0,0
31.83000000,54.70419565,54.45495588,54.30752872,54.29748755,0,0
31.84000000,54.71153964,54.37932097,54.34363802,54.26428526,0,0
31.85000000,54.68780757,54.31182768,54.33967626,54.29154093,0,0
31.86000000,54.75354090,54.45881709,54.38279574,54.32303198,0,0
31.87000000,54.69707155,54.49302347,54.41979322,54.34934712,0,0
31.88000000,54.77308566,54.53753778,54.46375274,54.39553841,0,0
31.89000000,54.80812969,54.42126215,54.43848716,54.35471997,0,0
31.90000000,54.77854052,54.50034403,54.51561283,54.38321968,0,0
31.91000000,54.79484185,54.57699440,54.49275045,54.37767110,0,0
31.92000000,54.82964309,54.60326148,54.49189230,54.42974885,0,0
31.93000000,54.87738239,54.57929684,54.49078950,54.53121425,0,0
31.94000000,54.92626631,54.52932021,54.52838028,54.51359162,0,0
31.95000000,54.95696674,54.60713066,54.54800533,54.60796153,0,0
31.96000000,54.94035921,54.60138391,54.59125780,54.56908661,0,0
31.97000000,54.91937291,54.66432814,54.58187400,54.53696767,0,0
31.98000000,54.99223079,54.68811216,54.58632548,54.45131918,0,0
31.99000000,55.01915151,54.71233082,54.57044434,54.51416155,0,0
32.00000000,55.01324271,54.70696700,54.59960539,54.54695773,0,0
32.01000000,55.04256381,54.76182434,54.62062729,54.54585165,0,0
32.02000000,55.04312189,54.76443629,54.65404331,54.64231266,0,0
32.03000000,55.06996314,54.76985783,54.63845557,54.54872124,0,0
32.04000000,55.04367335,54.76587582,54.66857461,54.59823650,0,0
32.05000000,55.07447224,54.75451187,54.67945245,54.64765784,0,0
32.06000000,55.07773312,54.82637485,54.75984305,54.67366043,0,0
32.07000000,55.10906478,54.84000689,54.75910122,54.64431812,0,0
32.08000000,55.11971303,54.84608718,54.76826182,54.64427698,0,0
32.09000000,55.09553948,54.78245474,54.65622064,54.70974616,0,0
32.10000000,55.19104383,54.85440273,54.67289451,54.71370850,0,0
32.11000000,55.14786154,54.89394530,54.74031422,54.76776056,0,0
32.12000000,55.18047244,54.98482850,54.79775382,54.74590879,0,0
32.13000000,55.14666122,54.99915867,54.79893335,54.76943849,0,0
32.14000000,55.16712286,54.98453816,54.82411318,54.76940266,0,0
32.15000000,55.19101760,54.94477786,54.78586325,54.80153402,0,0
32.16000000,55.19912692,54.96843826,54.79158711,54.83778059,0,0
32.17000000,55.22288149,55.02493719,54.85825589,54.91296608,0,0
32.18000000,55.17757308,55.06659131,54.89086677,54.91251377,0,0
32.19000000,55.22195645,55.09872365,54.92728501,54.91395224,0,0
32.20000000,55.22991174,55.08571694,54.92085193,54.97287089,0,0
32.21000000,55.25088031,55.10637663,54.90783410,54.99834491,0,0
32.22000000,55.30140781,55.12580961,54.91508085,55.04462619,0,0
32.23000000,55.31291843,55.18237989,54.92521402,55.10002925,0,0
32.24000000,55.34538615,55.20543710,55.00288894,55.12186505,0,0
32.25000000,55.33190993,55.19422914,55.00507725,55.10535394,0,0
32.26000000,55.36160958,55.23694475,54.98987617,55.12901495,0,0
32.27000000,55.38019218,55.24842526,54.97306283,55.08792118,0,0
32.28000000,55.37118362,55.29752802,54.94707749,55.06673924,0,0
32.29000000,55.37617843,55.34408615,55.00193371,55.09319965,0,0
32.30000000,55.40292378,55.34568269,55.02228559,55.12354329,0,0
32.31000000,55.44762575,55.34736492,55.05039669,55.15620451,0,0
32.32000000,55.48442448,55.33600605,55.04684196,55.21275295,0,0
32.33000000,55.51625432,55.34269938,55.03413741,55.24405725,0,0
32.34000000,55.48722187,55.38709003,55.05777024,55.22231921,0,0
32.35000000,55.43127603,55.44096076,55.09345936,55.23773662,0,0
32.36000000,55.47807694,55.48911755,55.14520755,55.27682990,0,0
32.37000000,55.54458796,55.47398527,55.15155320,55.26371580,0,0
32.38000000,55.59889918,55.46912636,55.15337164,55.31270251,0,0
32.39000000,55.57018359,55.45668068,55.10759374,55.31592227,0,0
32.40000000,55.54984212,55.46943316,55.08866816,55.34978633,0,0
32.41000000,55.57025652,55.50972037,55.15653630,55.39218170,0,0
32.42000000,55.60810278,55.55123450,55.19520157,55.37596008,0,0
32.43000000,55.61265637,55.55516886,55.21776787,55.38491224,0,0
32.44000000,55.60827604,55.54382749,55.22885612,55.34104532,0,0
32.45000000,55.63063430,55.50950848,55.20263780,55.41005462,0,0
32.46000000,55.60817704,55.51653541,55.22758376,55.40965421,0,0
32.47000000,55.70808898,55.54366658,55.22893382,55.50251545,0,0
32.48000000,55.69696281,55.57998487,55.24546110,55.54476828,0,0
32.49000000,55.68003278,55.59069290,55.30793193,55.48852216,0,0
32.50000000,55.74343537,55.60684434,55.38992751,55.52814111,0,0
32.51000000,55.73385584,55.58945548,55.40830960,55.53664095,0,0
32.52000000,55.71921973,55.63715497,55.42001823,55.57626694,0,0
32.53000000,55.74564971,55.54953430,55.39112940,55.56909595,0,0
32.54000000,55.82799635,55.64041510,55.40605993,55.57592872,0,0
32.55000000,55.81625803,55.66663235,55.43044269,55.63136061,0,0
32.56000000,55.80842803,55.68391370,55.48789458,55.58277961,0,0
32.57000000,55.80757098,55.69454492,55.46796149,55.58947491,0,0
32.58000000,55.82198502,55.69032829,55.51767413,55.62365758,0,0
32.59000000,55.91247711,55.75681390,55.48617575,55.64397491,0,0
32.60000000,55.94877002,55.74583927,55.54832444,55.67853546,0,0
32.61000000,55.86840052,55.74991502,55.58831859,55.73815226,0,0
32.62000000,55.90456826,55.73506936,55.53799974,55.70468175,0,0
32.63000000,55.92888618,55.74124097,55.54510449,55.78554131,0,0
32.64000000,55.96091770,55.81688651,55.48617707,55.71956570,0,0
32.65000000,55.99636213,55.78965145,55.55566161,55.75373584,0,0
32.66000000,55.98156150,55.81265646,55.56654714,55.75658528,0,0
32.67000000,56.01009428,55.84875123,55.58288585,55.73528131,0,0
32.68000000,55.98647978,55.86729034,55.64557418,55.77555700,0,0
32.69000000,56.01948048,55.85888557,55.62050577,55.75673646,0,0
32.70000000,56.14437929,55.91246908,55.58961016,55.81508561,0,0
32.71000000,56.08642553,55.87203421,55.59229562,55.75146449,0,0
32.72000000,56.05118709,55.90569976,55.68882003,55.79052624,0,0
32.73000000,55.95747497,55.92970714,55.75525632,55.78926958,0,0
32.74000000,56.04150029,55.92818478,55.75862351,55.77537796,0,0
32.75000000,56.10813914,55.95346444,55.70058891,55.79898571,0,0
32.76000000,56.19077554,55.96714674,55.69365286,55.86797676,0,0
32.77000000,56.14890483,55.97592895,55.71599429,55.89173789,0,0
32.78000000,56.12921029,55.94227531,55.77127231,55.91710707,0,0
32.79000000,56.13402816,56.01662305,55.82347191,55.95445849,0,0
32.80000000,56.18346703,56.07877085,55.79853496,55.92479201,0,0
32.81000000,56.22428417,56.07018941,55.79482877,55.94553160,0,0
32.82000000,56.20371452,56.05192577,55.76556087,55.97116684,0,0
32.83000000,56.21644358,56.01877623,55.81330780,55.97930518,0,0
32.84000000,56.27392818,56.10360685,55.82181610,55.96785978,0,0
32.85000000,56.28159041,56.11364967,55.84008441,55.98702935,0,0
32.86000000,56.26158284,56.10428633,55.76623411,55.97639959,0,0
32.87000000,56.21252266,56.08399956,55.87703026,55.99877116,0,0
32.88000000,56.24669820,56.10889197,56.00700298,56.03822133,0,0
32.89000000,56.26168421,56.16566583,55.97717340,56.04423356,0,0
32.90000000,56.32014555,56.14611302,55.95996667,56.05168260,0,0
32.91000000,56.36821911,56.15544187,55.92821303,56.05168449,0,0
32.92000000,56.38889321,56.15030127,55.89720847,56.05042278,0,0
32.93000000,56.37877175,56.20366978,55.94758436,56.07293438,0,0
32.94000000,56.37917417,56.24589808,55.97370338,56.08404389,0,0
32.95000000,56.38809924,56.23592437,55.98735954,56.11407610,0,0
32.96000000,56.38692840,56.21206212,55.99451530,56.08329913,0,0
32.97000000,56.40605348,56.20370493,55.99569641,56.08807070,0,0
32.98000000,56.41947989,56.22001417,56.00936924,56.16301929,0,0
32.99000000,56.42478331,56.25205336,56.00509893,56.17872437,0,0
33.00000000,56.45835137,56.27663512,56.03548494,56.17935144,0,0
33.01000000,56.44996556,56.26101722,56.06026687,56.17405437,0,0
33.02000000,56.47352122,56.26965408,56.12316765,56.18421714,0,0
33.03000000,56.49564248,56.32172320,56.14556566,56.20935008,0,0
33.04000000,56.47072938,56.35299308,56.14770330,56.23223661,0,0
33.05000000,56.52974676,56.30239301,56.14396916,56.23134044,0,0
33.06000000,56.51843565,56.32859248,56.10224194,56.23854905,0,0
33.07000000,56.52988072,56.31790906,56.11232388,56.27923700,0,0
33.08000000,56.54724128,56.34589409,56.13524602,56.27927592,0,0
33.09000000,56.55700120,56.39724027,56.18996807,56.28722019,0,0
33.10000000,56.57839711,56.39919050,56.18414241,56.31204955,0,0
33.11000000,56.57025837,56.39309410,56.18611432,56.31949313,0,0
33.12000000,56.57513385,56.36317738,56.18869565,56.34354697,0,0
33.13000000,56.58481275,56.40518334,56.24401500,56.34424304,0,0
33.14000000,56.64295622,56.43812733,56.24894565,56.33876568,0,0
33.15000000,56.66306865,56.45055674,56.20446315,56.34657704,0,0
33.16000000,56.63593827,56.51393566,56.24297669,56.36479312,0,0
33.17000000,56.68021470,56.51758941,56.24626183,56.37199752,0,0
33.18000000,56.67521781,56.52834508,56.28873023,56.39905011,0,0
33.19000000,56.70070138,56.48576992,56.33662097,56.41109895,0,0
33.20000000,56.69548962,56.46460623,56.30599662,56.39289296,0,0
33.21000000,56.65008231,56.47915807,56.30003565,56.43177058,0,0
33.22000000,56.71493725,56.51461582,56.27342821,56.44024944,0,0
33.23000000,56.73272658,56.55457933,56.33031879,56.44256653,0,0
33.24000000,56.74969711,56.53244352,56.32551739,56.44956062,0,0
33.25000000,56.71803163,56.52805968,56.34800690,56.46816710,0,0
33.26000000,56.75275204,56.51863542,56.34579307,56.43766528,0,0
33.27000000,56.71557521,56.60040579,56.39381514,56.48080435,0,0
33.28000000,56.77953222,56.59333979,56.39292343,56.48711301,0,0
33.29000000,56.80930617,56.64513136,56.39430275,56.49891304,0,0
33.30000000,56.82686052,56.58777711,56.40685418,56.50371120,0,0
33.31000000,56.80751136,56.57294640,56.43987859,56.48997913,0,0
33.32000000,56.78786730,56.58948261,56.43137635,56.48751909,0,0
33.33000000,56.77778614,56.64747717,56.43626390,56.51943772,0,0
33.34000000,56.87888481,56.67529328,56.40465578,56.54063377,0,0
33.35000000,56.83402505,56.60354016,56.48266724,56.59549581,0,0
33.36000000,56.85500650,56.59717656,56.46051241,56.59724118,0,0
33.37000000,56.82607146,56.67634174,56.46597962,56.58975367,0,0
33.38000000,56.88450634,56.70085666,56.49048075,56.61648047,0,0
33.39000000,56.90355953,56.70866301,56.50045404,56.61830305,0,0
33.40000000,56.92206474,56.66340530,56.51003217,56.61556506,0,0
33.41000000,56.92002483,56.72017939,56.58084570,56.63396868,0,0
33.42000000,56.89388060,56.71712155,56.59992652,56.64798118,0,0
33.43000000,56.92526936,56.81277358,56.57921237,56.65287234,0,0
33.44000000,56.92156811,56.76159683,56.53006442,56.65350263,0,0
33.45000000,56.97525853,56.76123348,56.53408912,56.71140730,0,0
33.46000000,56.98163670,56.76001468,56.55044028,56.67676512,0,0
33.47000000,56.95281830,56.76510598,56.61126514,56.72653995,0,0
33.48000000,56.98260940,56.77419770,56.58080078,56.71801652,0,0
33.49000000,56.97669141,56.76994671,56.58940259,56.69888427,0,0
33.50000000,57.00600933,56.77856719,56.59696095,56.73177856,0,0
33.51000000,57.03999258,56.80211440,56.63108060,56.74299242,0,0
33.52000000,57.04352482,56.83988567,56.66588510,56.74603529,0,0
33.53000000,57.02207776,56.88411004,56.67433101,56.74622118,0,0
33.54000000,57.01276790,56.83374582,56.64755763,56.73995478,0,0
33.55000000,57.05133786,56.80611787,56.64314726,56.76418405,0,0
33.56000000,57.07967081,56.84197079,56.65840208,56.77266351,0,0
33.57000000,57.07031876,56.85007608,56.68825399,56.76714326,0,0
33.58000000,57.02661689,56.88595446,56.67608441,56.75256973,0,0
33.59000000,57.03988723,56.90542517,56.69792599,56.75345334,0,0
33.60000000,57.06637191,56.86135261,56.66431040,56.78395576,0,0
33.61000000,57.09851282,56.86465874,56.67327501,56.81639111,0,0
33.62000000,57.10099433,56.89349686,56.72474430,56.85148386,0,0
33.63000000,57.07377297,56.94205812,56.75288655,56.86857282,0,0
33.64000000,57.09701128,56.93572296,56.79099994,56.90491611,0,0
33.65000000,57.09524468,56.95237068,56.78725400,56.91745786,0,0
33.66000000,57.16797482,56.92483698,56.77250088,56.91085200,0,0
33.67000000,57.15254175,56.94896676,56.75483211,56.93507141,0,0
33.68000000,57.17725417,56.94691884,56.77180315,56.93361556,0,0
33.69000000,57.18917253,56.97414061,56.81906075,56.92489041,0,0
33.70000000,57.17076595,56.98313957,56.83276692,56.93175039,0,0
33.71000000,57.21036204,56.98762971,56.83815265,56.94519457,0,0
33.72000000,57.22830748,57.02154414,56.81785070,56.92240285,0,0
33.73000000,57.23507408,57.06021594,56.82869552,56.89785128,0,0
33.74000000,57.23072099,57.09022839,56.86841628,56.92930991,0,0
33.75000000,57.24757127,57.05828274,56.87460630,56.93863139,0,0
33.76000000,57.26322651,57.05647777,56.89832055,56.94809724,0,0
33.77000000,57.24951438,57.05703879,56.91188278,57.01289951,0,0
33.78000000,57.27850390,57.08812248,56.89859170,57.00701592,0,0
33.79000000,57.28728053,57.13777054,56.87400484,57.01619091,0,0
33.80000000,57.32984303,57.11603898,56.89007417,56.98992610,0,0
33.81000000,57.32260909,57.08736858,56.89206855,57.01437217,0,0
33.82000000,57.34365356,57.08077132,56.92094212,57.02105069,0,0
33.83000000,57.36484822,57.11873987,56.90941851,57.04046659,0,0
33.84000000,57.36873546,57.17562939,56.91353388,57.07548402,0,0
33.85000000,57.38763510,57.21182198,56.91159200,57.06764409,0,0
33.86000000,57.35200664,57.17283789,56.92880099,57.04651674,0,0
33.87000000,57.33348738,57.19750434,56.99710246,57.05842254,0,0
33.88000000,57.43296581,57.16718403,57.00386109,57.05188999,0,0
33.89000000,57.44660790,57.18836457,57.00233023,57.09155992,0,0
33.90000000,57.44436255,57.21963549,57.02211760,57.13791393,0,0
33.91000000,57.35704247,57.19988414,57.02730418,57.14351905,0,0
33.92000000,57.38704235,57.23432001,57.06098313,57.18913967,0,0
33.93000000,57.44912194,57.22196794,57.09503709,57.17415608,0,0
33.94000000,57.50865949,57.25311986,57.10739756,57.18206568,0,0
33.95000000,57.45455557,57.22069225,57.05638229,57.20298981,0,0
33.96000000,57.46753531,57.23026514,57.04798209,57.17256999,0,0
33.97000000,57.50837793,57.29947488,57.08697172,57.25708147,0,0
33.98000000,57.59304719,57.29370776,57.10459574,57.21974193,0,0
33.99000000,57.57559172,57.28013712,57.15055338,57.20664266,0,0
34.00000000,57.49714519,57.24720734,57.12732850,57.22686997,0,0
34.01000000,57.46726390,57.27220639,57.17223851,57.21981050,0,0
34.02000000,57.50625807,57.32867574,57.13814670,57.23899059,0,0
34.03000000,57.57129858,57.32401644,57.19522870,57.24915413,0,0
34.04000000,57.55270339,57.30142351,57.12493372,57.17612535,0,0
34.05000000,57.60206778,57.27814345,57.17646672,57.27365208,0,0
34.06000000,57.54340355,57.29888939,57.26896918,57.21773956,0,0
34.07000000,57.60764240,57.36562845,57.27140586,57.27555133,0,0
34.08000000,57.60357462,57.33483112,57.23795139,57.31589811,0,0
34.09000000,57.63256136,57.33347156,57.23140199,57.26306212,0,0
34.10000000,57.61876105,57.37565792,57.23469073,57.28493314,0,0
34.11000000,57.63319240,57.36329091,57.29371959,57.27021470,0,0
34.12000000,57.63270243,57.38210242,57.19214822,57.31217703,0,0
34.13000000,57.65009630,57.38344122,57.19342524,57.30068122,0,0
34.14000000,57.67486217,57.38651073,57.20687542,57.33123461,0,0
34.15000000,57.62269661,57.41271697,57.26705267,57.35141421,0,0
34.16000000,57.67222401,57.40401556,57.36173387,57.31598435,0,0
34.17000000,57.62237064,57.43961464,57.34933005,57.36695683,0,0
34.18000000,57.69065072,57.42465202,57.32881785,57.35714719,0,0
34.19000000,57.71744631,57.41263607,57.26758524,57.37678188,0,0
34.20000000,57.73199262,57.44164939,57.31996325,57.40295913,0,0
34.21000000,57.72586889,57.48443253,57.32590709,57.39620161,0,0
34.22000000,57.69089223,57.49451763,57.38684683,57.42920948,0,0
34.23000000,57.71287880,57.50223079,57.36043232,57.45052126,0,0
34.24000000,57.70972055,57.49294551,57.35446626,57.42502795,0,0
34.25000000,57.78069400,57.47354783,57.35025250,57.45634575,0,0
34.26000000,57.79049700,57.50959712,57.36366782,57.43056988,0,0
34.27000000,57.84042364,57.53129086,57.40591362,57.44441766,0,0
34.28000000,57.80150975,57.53326202,57.42410045,57.47297657,0,0
34.29000000,57.78392599,57.53163236,57.42280937,57.42981028,0,0
34.30000000,57.77154778,57.56767841,57.41716768,57.45947529,0,0
34.31000000,57.84086877,57.59117719,57.46357901,57.47167695,0,0
34.32000000,57.86557915,57.57659746,57.45555901,57.48768127,0,0
34.33000000,57.84542802,57.57719811,57.45771339,57.51786662,0,0
34.34000000,57.79729351,57.59668749,57.46459732,57.53216265,0,0
34.35000000,57.83954831,57.62767523,57.44910589,57.55049076,0,0
34.36000000,57.87502557,57.63767854,57.49131081,57.54496375,0,0
34.37000000,57.91974725,57.64003953,57.51074662,57.54756499,0,0
34.38000000,57.89927822,57.57616198,57.55116344,57.52979539,0,0
34.39000000,57.89864613,57.60004755,57.52608569,57.55957997,0,0
34.40000000,57.87828946,57.61134795,57.52091754,57.58545038,0,0
34.41000000,57.90638582,57.65975980,57.46954806,57.57759038,0,0
34.42000000,57.93994168,57.69569751,57.47167510,57.59378623,0,0
34.43000000,57.96328557,57.70712913,57.50981951,57.57853278,0,0
34.44000000,57.97727402,57.68331853,57.56403306,57.59757797,0,0
34.45000000,57.94818026,57.69162518,57.61083342,57.61722119,0,0
34.46000000,57.98147378,57.68908740,57.57059424,57.63248173,0,0
34.47000000,57.99178903,57.74424671,57.57188425,57.62623509,0,0
34.48000000,57.94232999,57.72374137,57.57263413,57.63369726,0,0
34.49000000,57.94084468,57.72788738,57.62019720,57.64259642,0,0
34.50000000,57.97984410,57.72018270,57.67016136,57.66143930,0,0
34.51000000,58.03508114,57.73629587,57.62175220,57.66903351,0,0
34.52000000,57.97465546,57.75514068,57.59095033,57.68796467,0,0
34.53000000,57.98328544,57.79751653,57.59579268,57.73545678,0,0
34.54000000,57.98805642,57.80792699,57.65382457,57.74616666,0,0
34.55000000,58.07764066,57.81016274,57.68198425,57.78706057,0,0
34.56000000,58.06689919,57.79712681,57.71395750,57.75832467,0,0
34.57000000,58.06653157,57.81281576,57.68875690,57.77449251,0,0
34.58000000,58.06851123,57.86039872,57.63503406,57.76240016,0,0
34.59000000,58.08973475,57.86563629,57.64701845,57.73939615,0,0
34.60000000,58.06853762,57.85052753,57.63808777,57.75815285,0,0
34.61000000,58.06688776,57.84800376,57.70290019,57.73282155,0,0
34.62000000,58.05837738,57.82788415,57.71242967,57.76843853,0,0
34.63000000,58.10766514,57.90476039,57.72332516,57.74991607,0,0
34.64000000,58.10890128,57.91015229,57.75568106,57.80420875,0,0
34.65000000,58.16518542,57.90955592,57.72108518,57.81187189,0,0
34.66000000,58.13688884,57.89298666,57.72274872,57.79965766,0,0
34.67000000,58.13056570,57.88915728,57.77999701,57.83593221,0,0
34.68000000,58.10371262,57.92335336,57.82218912,57.82437921,0,0
34.69000000,58.10210480,57.90447247,57.74213827,57.82830191,0,0
34.70000000,58.17536822,57.95815571,57.69420041,57.82487485,0,0
34.71000000,58.16644944,57.86712468,57.69649616,57.86173464,0,0
34.72000000,58.19258499,57.92640777,57.71744468,57.83734951,0,0
34.73000000,58.18990254,57.94906456,57.78001365,57.84874947,0,0
34.74000000,58.17030231,57.96866714,57.77955489,57.84784636,0,0
34.75000000,58.20517082,57.96383344,57.79916461,57.85969753,0,0
34.76000000,58.21025898,57.95397404,57.83765990,57.90656442,0,0
34.77000000,58.28132753,58.02692607,57.85280115,57.87809555,0,0
34.78000000,58.24915970,57.98918117,57.88697332,57.91499869,0,0
34.79000000,58.16970289,58.08910646,57.85695089,57.93034571,0,0
34.80000000,58.20817805,57.99090334,57.84186332,57.94321960,0,0
34.81000000,58.17046923,57.98879717,57.85940521,57.97629513,0,0
34.82000000,58.34725037,58.00591130,57.89585745,57.97785607,0,0
34.83000000,58.28757792,57.97775745,57.96174680,58.01903631,0,0
34.84000000,58.30788155,58.03052689,57.91358887,57.97588424,0,0
34.85000000,58.23223801,58.01913232,57.91781316,57.98800457,0,0
34.86000000,58.28828438,58.10512272,57.86705492,57.96587244,0,0
34.87000000,58.35973826,58.09226764,57.88379043,58.02020930,0,0
34.88000000,58.33715483,58.08521451,57.88621081,58.02115579,0,0
34.89000000,58.32240262,58.03937383,57.91682166,57.98621135,0,0
34.90000000,58.25836706,58.08526025,57.93726167,58.03656315,0,0
34.91000000,58.33177313,58.10582576,57.91184984,58.02262371,0,0
34.92000000,58.35847850,58.13862646,57.94860492,58.02916520,0,0
34.93000000,58.37585895,58.08453612,57.92325784,58.00019114,0,0
34.94000000,58.31720460,58.02299908,58.00573562,58.04728700,0,0
34.95000000,58.37724200,58.05406762,58.07350907,58.05722869,0,0
34.96000000,58.36563012,58.10662490,58.01685165,58.07789307,0,0
34.97000000,58.38099670,58.18313103,57.99365663,58.09306156,0,0
34.98000000,58.40811765,58.18750319,57.92543229,58.06317893,0,0
34.99000000,58.38749401,58.12615229,57.95890394,58.08619658,0,0
35.00000000,58.43980783,58.12272232,58.02975085,58.09850947,0,0
35.01000000,58.37791547,58.12925636,58.05834565,58.10701103,0,0
35.02000000,58.34675397,58.15060892,58.04606931,58.10328842,0,0
35.03000000,58.34471119,58.15371451,58.02970509,58.10892302,0,0
35.04000000,58.41984176,58.14172485,58.06201171,58.12195341,0,0
35.05000000,58.44345880,58.14808081,58.04813786,58.11725658,0,0
35.06000000,58.43752315,58.16302073,58.06784517,58.12597414,0,0
35.07000000,58.40465565,58.20267767,58.05025440,58.14022248,0,0
35.08000000,58.41066341,58.23108477,58.04703553,58.14794780,0,0
35.09000000,58.45960701,58.20750954,58.05856825,58.17788567,0,0
35.10000000,58.50742082,58.18569869,58.06336719,58.18803832,0,0
35.11000000,58.49442727,58.20175649,58.08050197,58.16653111,0,0
35.12000000,58.45868786,58.25950180,58.08733760,58.15138261,0,0
35.13000000,58.44347803,58.26734989,58.09436948,58.14358110,0,0
35.14000000,58.50271443,58.26223333,58.06300284,58.15144956,0,0
35.15000000,58.52566952,58.23085353,58.11219420,58.19348201,0,0
35.16000000,58.49213899,58.20511101,58.13482590,58.20826953,0,0
35.17000000,58.44346204,58.20527807,58.19604785,58.21594032,0,0
35.18000000,58.46576509,58.24887280,58.21191996,58.24994929,0,0
35.19000000,58.50832456,58.32050208,58.17303232,58.25528420,0,0
35.20000000,58.54762162,58.29695514,58.14044058,58.24356897,0,0
35.21000000,58.53862485,58.29988664,58.15906039,58.23254711,0,0
35.22000000,58.53659881,58.27788025,58.16600843,58.22649520,0,0
35.23000000,58.54042889,58.27791911,58.16922536,58.24274666,0,0
35.24000000,58.52247053,58.32612110,58.12947157,58.25159162,0,0
35.25000000,58.50298934,58.32809234,58.11895132,58.26668935,0,0
35.26000000,58.50870126,58.31916256,58.11251484,58.25577621,0,0
35.27000000,58.55031813,58.30411195,58.13178483,58.23566247,0,0
35.28000000,58.57190306,58.30526574,58.13439916,58.23583514,0,0
35.29000000,58.58464609,58.34131807,58.12420279,58.23581400,0,0
35.30000000,58.51868522,58.35441111,58.11620271,58.27283831,0,0
35.31000000,58.55475524,58.35240885,58.15535849,58.27707310,0,0
35.32000000,58.56700914,58.33685910,58.20377510,58.29560522,0,0
35.33000000,58.58351751,58.35668334,58.25043831,58.32381564,0,0
35.34000000,58.55159885,58.34170022,58.21142945,58.33310371,0,0
35.35000000,58.54676129,58.39745464,58.19877121,58.30656124,0,0
35.36000000,58.54469554,58.40209550,58.19319557,58.35925029,0,0
35.37000000,58.64585802,58.44663860,58.19096451,58.36335893,0,0
35.38000000,58.71903854,58.41843381,58.22504531,58.32225554,0,0
35.39000000,58.64200175,58.33507962,58.24781698,58.35679238,0,0
35.40000000,58.65609446,58.37473780,58.29750479,58.33755658,0,0
35.41000000,58.54583723,58.42695164,58.28533224,58.34570469,0,0
35.42000000,58.64605484,58.51700671,58.26782551,58.38707762,0,0
35.43000000,58.65329690,58.46062043,58.23538913,58.36221790,0,0
35.44000000,58.66415916,58.40336411,58.26001615,58.39036942,0,0
35.45000000,58.60194525,58.43072388,58.28603178,58.41330358,0,0
35.46000000,58.65154606,58.43967853,58.31054096,58.43302999,0,0
35.47000000,58.67350096,58.52697983,58.31290113,58.45015797,0,0
35.48000000,58.72995136,58.49391696,58.30553072,58.45357660,0,0
35.49000000,58.64946070,58.42451642,58.29457789,58.36941325,0,0
35.50000000,58.66352288,58.42217664,58.30170074,58.43006995,0,0
35.51000000,58.68346306,58.44360208,58.24651697,58.37396497,0,0
35.52000000,58.68039458,58.48977744,58.21047486,58.37017858,0,0
35.53000000,58.73498745,58.51243675,58.16618497,58.41214100,0,0
35.54000000,58.67860425,58.44897859,58.18687624,58.40262731,0,0
35.55000000,58.70675452,58.53020882,58.34604939,58.47990200,0,0
35.56000000,58.65685979,58.49776660,58.34219034,58.45968328,0,0
35.57000000,58.68365370,58.50185259,58.37735220,58.44182410,0,0
35.58000000,58.66546903,58.48432967,58.33895404,58.44935479,0,0
35.59000000,58.70823930,58.47066781,58.30553333,58.44340890,0,0
35.60000000,58.67282189,58.49385192,58.35393138,58.46142605,0,0
35.61000000,58.71887400,58.48660456,58.34364071,58.42954444,0,0
35.62000000,58.70446050,58.48672483,58.34404775,58.47248263,0,0
35.63000000,58.74387003,58.53220589,58.37770544,58.48180541,0,0
35.64000000,58.71967381,58.54625880,58.35459982,58.47155477,0,0
35.65000000,58.70795961,58.52246790,58.39425016,58.52112688,0,0
35.66000000,58.69289690,58.54754564,58.37336756,58.55925358,0,0
35.67000000,58.66080974,58.52222520,58.39048116,58.55919775,0,0
35.68000000,58.63298236,58.53371651,58.37591833,58.53892576,0,0
35.69000000,58.65663024,58.55969579,58.35621597,58.49463325,0,0
35.70000000,58.70794736,58.56341644,58.34633849,58.51838276,0,0
35.71000000,58.75352907,58.55638782,58.35867155,58.48485001,0,0
35.72000000,58.76457361,58.55648563,58.38393947,58.52124243,0,0
35.73000000,58.79870403,58.59932790,58.38586729,58.55747664,0,0
35.74000000,58.77431320,58.59508856,58.36443105,58.53080625,0,0
35.75000000,58.78843507,58.64116891,58.36143994,58.54573237,0,0
35.76000000,58.78617825,58.64768528,58.36268807,58.56304845,0,0
35.77000000,58.76755349,58.64141222,58.35302333,58.56842605,0,0
35.78000000,58.78014231,58.59845021,58.36767169,58.58452128,0,0
35.79000000,58.78486910,58.59204918,58.41037397,58.55279989,0,0
35.80000000,58.80636441,58.63812439,58.45965810,58.56232919,0,0
35.81000000,58.83604056,58.62706516,58.49109891,58.59608695,0,0
35.82000000,58.84336428,58.65846515,58.53094982,58.57859139,0,0
35.83000000,58.83613902,58.65238704,58.55560662,58.61452620,0,0
35.84000000,58.84340462,58.66949109,58.53078246,58.63334713,0,0
35.85000000,58.83342039,58.66020070,58.49772843,58.59448184,0,0
35.86000000,58.86964486,58.69322108,58.43507175,58.61656350,0,0
35.87000000,58.88520858,58.69179914,58.38709482,58.62692904,0,0
35.88000000,58.87309406,58.67479871,58.36825032,58.61502329,0,0
35.89000000,58.88140343,58.69612932,58.39069814,58.62369343,0,0
35.90000000,58.88449293,58.72451484,58.43826475,58.63465176,0,0
35.91000000,58.91803635,58.71204333,58.49640488,58.63089445,0,0
35.92000000,58.90653644,58.67047659,58.47976478,58.63654585,0,0
35.93000000,58.88158931,58.70110610,58.47464256,58.65469984,0,0
35.94000000,58.89906243,58.70548802,58.48365037,58.68827553,0,0
35.95000000,58.96800938,58.76605178,58.49921052,58.68594862,0,0
35.96000000,58.96138129,58.73429352,58.49994883,58.66681370,0,0
35.97000000,58.92111696,58.71728778,58.51537355,58.66827215,0,0
35.98000000,58.90862073,58.76139342,58.53108451,58.67794945,0,0
35.99000000,58.91746265,58.87561697,58.55359487,58.69444707,0,0
36.00000000,58.96365872,58.88986111,58.57872481,58.73332371,0,0
36.01000000,58.93727423,58.68790376,58.59739766,58.73565508,0,0
36.02000000,58.99539499,58.56797550,58.60025496,58.71962387,0,0
36.03000000,59.01559324,58.59402935,58.57281336,58.71406538,0,0
36.04000000,59.00397432,58.74491273,58.56316007,58.71233042,0,0
36.05000000,58.94588202,58.85117007,58.55423783,58.71110675,0,0
36.06000000,58.92012443,58.85676048,58.54987664,58.67091079,0,0
36.07000000,58.94014745,58.76623436,58.60542408,58.67766715,0,0
36.08000000,59.03787886,58.71089548,58.61618292,58.70249588,0,0
36.09000000,59.07456812,58.69196440,58.57920660,58.67481901,0,0
36.10000000,59.00765283,58.69874876,58.58265922,58.72398765,0,0
36.11000000,58.94921447,58.73984388,58.58861966,58.72090984,0,0
36.12000000,58.94210706,58.78522190,58.71110130,58.68797122,0,0
36.13000000,59.00267223,58.77209460,58.70369088,58.63287888,0,0
36.14000000,59.06359766,58.76989518,58.65826740,58.62538046,0,0
36.15000000,59.00210299,58.75533374,58.63856926,58.71210103,0,0
36.16000000,59.01423041,58.71814655,58.63577877,58.81017735,0,0
36.17000000,59.01407720,58.75377157,58.64844493,58.95077508,0,0
36.18000000,59.06943096,58.77761163,58.67112374,58.86579503,0,0
36.19000000,59.07383747,58.80891387,58.68708482,58.75061141,0,0
36.20000000,59.10258851,58.84601103,58.74052888,58.71073023,0,0
36.21000000,59.09335957,58.80961074,58.69345943,58.70513750,0,0
36.22000000,59.09327371,58.81606516,58.69191557,58.77155588,0,0
36.23000000,59.10242207,58.80498552,58.69247263,58.79892184,0,0
36.24000000,59.08025323,58.82952684,58.67793188,58.81616747,0,0
36.25000000,59.09764308,58.85111862,58.72676542,58.77999508,0,0
36.26000000,59.09811302,58.82646604,58.72210275,58.76467073,0,0
36.27000000,59.11856446,58.80206052,58.78254330,58.77887791,0,0
36.28000000,59.12696844,58.79724700,58.75005361,58.79428478,0,0
36.29000000,59.13052642,58.83973198,58.77757738,58.80932496,0,0
36.30000000,59.12080436,58.88995596,58.75373004,58.81048089,0,0
36.31000000,59.11846023,58.90832452,58.77324933,58.77430073,0,0
36.32000000,59.16485277,58.84770648,58.73232672,58.78269652,0,0
36.33000000,59.13861795,58.83140088,58.74334256,58.81170203,0,0
36.34000000,59.15712857,58.83277097,58.71392236,58.80127330,0,0
36.35000000,59.11122344,58.88570384,58.73293912,58.78490492,0,0
36.36000000,59.14078907,58.92198853,58.71973357,58.77816330,0,0
36.37000000,59.13328813,58.88626007,58.73363272,58.79121228,0,0
36.38000000,59.18244605,58.84841218,58.74044456,58.80296454,0,0
36.39000000,59.19310207,58.83088507,58.77185556,58.82013835,0,0
36.40000000,59.15272873,58.85307732,58.77623937,58.84905048,0,0
36.41000000,59.13514628,58.92100041,58.79322122,58.87179868,0,0
36.42000000,59.10388445,58.92526972,58.80971178,58.87001015,0,0
36.43000000,59.13892185,58.90940143,58.82782661,58.88445934,0,0
36.44000000,59.17353891,58.90350299,58.83619210,58.87265258,0,0
36.45000000,59.21799399,58.90143668,58.82309239,58.87568269,0,0
36.46000000,59.20635114,58.95028695,58.81395607,58.90007030,0,0
36.47000000,59.20986084,58.94017286,58.82884722,58.90120659,0,0
36.48000000,59.14332264,58.93225339,58.82938859,58.90793250,0,0
36.49000000,59.19998719,58.93949905,58.87330743,58.91026848,0,0
36.50000000,59.26150689,58.95192405,58.86555567,58.90678432,0,0
36.51000000,59.27439477,58.94772026,58.83692297,58.89367116,0,0
36.52000000,59.23819740,58.97611095,58.81078508,58.89738992,0,0
36.53000000,59.20626869,58.96839334,58.82520529,58.91890445,0,0
36.54000000,59.19212776,58.96666294,58.85804389,58.90343934,0,0
36.55000000,59.23880136,58.98501137,58.89423200,58.93451881,0,0
36.56000000,59.24870598,58.98898976,58.90962538,58.93746973,0,0
36.57000000,59.24423832,58.99658638,58.90726826,58.91290897,0,0
36.58000000,59.25325286,58.98130229,58.87316691,58.89075593,0,0
36.59000000,59.31479322,59.00346773,58.87355615,58.90591527,0,0
36.60000000,59.35005015,58.99566305,58.86766316,58.91413642,0,0
36.61000000,59.33904263,58.99594863,58.86357019,58.96020230,0,0
36.62000000,59.30190806,59.02733619,58.89308711,58.98345503,0,0
36.63000000,59.27863759,59.05703087,58.91349364,58.98468644,0,0
36.64000000,59.29970208,59.05622569,58.91515666,58.98595069,0,0
36.65000000,59.35646934,59.04209656,58.85786025,58.94894143,0,0
36.66000000,59.33410480,59.02107902,58.86733649,58.97314114,0,0
36.67000000,59.31847935,59.00559886,58.93400987,58.98207858,0,0
36.68000000,59.28623640,59.07997173,58.97808799,58.95964267,0,0
36.69000000,59.30727184,59.07702002,58.96037991,58.98125516,0,0
36.70000000,59.31463816,59.04968469,58.95546302,58.98908246,0,0
36.71000000,59.35918873,59.00563868,58.94469884,58.98000797,0,0
36.72000000,59.34091822,59.01436416,58.91783619,59.00701390,0,0
36.73000000,59.32121244,59.03777449,58.91865813,59.01471901,0,0
36.74000000,59.31960579,59.13258773,58.91986423,59.02709136,0,0
36.75000000,59.32696937,59.14912000,58.88002025,59.00950344,0,0
36.76000000,59.32413835,59.04268186,58.93888394,59.01134955,0,0
36.77000000,59.35220954,58.99854631,58.96053665,59.00601966,0,0
36.78000000,59.31985302,59.05118451,59.00033239,59.04827889,0,0
36.79000000,59.34738025,59.13949225,58.97294689,59.01679634,0,0
36.80000000,59.38445926,59.14667502,58.99930555,59.08067459,0,0
36.81000000,59.38022777,59.12356894,58.97924677,59.06324474,0,0
36.82000000,59.36447321,59.05398441,58.98550171,59.04020533,0,0
36.83000000,59.41352160,59.11677211,59.03180058,59.14461737,0,0
36.84000000,59.38857973,59.12301883,59.02445471,59.10153428,0,0
36.85000000,59.36027873,59.12768842,59.03054692,59.12265744,0,0
36.86000000,59.31882031,59.06107633,59.03743840,59.12364814,0,0
36.87000000,59.35609393,59.07679771,59.05572013,59.09860932,0,0
36.88000000,59.37126125,59.10027883,59.09583276,59.09315615,0,0
36.89000000,59.40214966,59.10830984,59.07427788,59.04277817,0,0
36.90000000,59.39115345,59.17875912,59.05830429,59.03645757,0,0
36.91000000,59.37332490,59.17826464,59.03040323,59.05363286,0,0
36.92000000,59.37087424,59.16938648,59.06015613,59.12859764,0,0
36.93000000,59.39231077,59.12495185,58.96616512,59.08136126,0,0
36.94000000,59.39289622,59.05789032,59.01816998,59.12095124,0,0
36.95000000,59.44173220,59.11289668,58.96953463,59.08754753,0,0
36.96000000,59.38735834,59.16393022,58.98555618,59.06223752,0,0
36.97000000,59.37773594,59.16078842,59.00440468,59.07664241,0,0
36.98000000,59.39543514,59.11368519,59.03225794,59.08771073,0,0
36.99000000,59.32838531,59.11618662,59.03461240,59.11808341,0,0
37.00000000,59.41812886,59.13246013,59.08948119,59.18309995,0,0
37.01000000,59.43873984,59.17609309,59.12333882,59.20258429,0,0
37.02000000,59.44059925,59.13334582,59.12292469,59.20514873,0,0
37.03000000,59.41144717,59.15769490,59.11291001,59.17992365,0,0
37.04000000,59.42112694,59.16486834,59.09578961,59.18193649,0,0
37.05000000,59.43431927,59.18498396,59.09527893,59.17293494,0,0
37.06000000,59.40601981,59.17740614,59.09012437,59.10959138,0,0
37.07000000,59.43923820,59.17684016,59.11520697,59.11697597,0,0
37.08000000,59.42983826,59.17967669,59.09473310,59.14468341,0,0
37.09000000,59.46710424,59.17681321,59.04318506,59.17756237,0,0
37.10000000,59.45840122,59.21551477,59.04677253,59.19197318,0,0
37.11000000,59.44305040,59.19016275,59.05945930,59.19979079,0,0
37.12000000,59.45492567,59.24932880,59.10473543,59.20524869,0,0
37.13000000,59.48204287,59.24502110,59.13168417,59.22261059,0,0
37.14000000,59.51889396,59.22988475,59.10242342,59.19736620,0,0
37.15000000,59.49640672,59.23120921,59.08648864,59.18011412,0,0
37.16000000,59.48892571,59.20279391,59.04442815,59.22450465,0,0
37.17000000,59.46819035,59.26760720,59.09323669,59.21288204,0,0
37.18000000,59.50199172,59.27694905,59.12656762,59.19430682,0,0
37.19000000,59.53817083,59.30845795,59.13270164,59.16105667,0,0
37.20000000,59.56291306,59.31244758,59.10082579,59.16232559,0,0
37.21000000,59.53387238,59.28810681,59.09341619,59.17214975,0,0
37.22000000,59.48755916,59.30725371,59.12045617,59.19809302,0,0
37.23000000,59.50999536,59.33931110,59.13517513,59.20905972,0,0
37.24000000,59.56702114,59.37337435,59.13037489,59.20484295,0,0
37.25000000,59.59360334,59.34977083,59.15091708,59.24083376,0,0
37.26000000,59.60096155,59.31613171,59.13038233,59.26002391,0,0
37.27000000,59.58615517,59.29166236,59.12195660,59.25080029,0,0
37.28000000,59.57050464,59.30920956,59.13125139,59.25971453,0,0
37.29000000,59.59542907,59.34213045,59.13034816,59.26738871,0,0
37.30000000,59.59079387,59.34991862,59.14724325,59.24706738,0,0
37.31000000,59.59977432,59.35460807,59.19488429,59.27302060,0,0
37.32000000,59.59768012,59.37375276,59.19923864,59.27215462,0,0
37.33000000,59.60410364,59.38895141,59.18727354,59.27031782,0,0
37.34000000,59.59817458,59.37580000,59.18135199,59.29051076,0,0
37.35000000,59.58209435,59.37498646,59.19025785,59.28372760,0,0
37.36000000,59.57887813,59.34346664,59.22172371,59.25387619,0,0
37.37000000,59.60079178,59.35594904,59.26145668,59.29658500,0,0
37.38000000,59.64933202,59.35110640,59.23729950,59.32842475,0,0
37.39000000,59.61134964,59.35825133,59.17510476,59.30069681,0,0
37.40000000,59.63248075,59.37164412,59.15024754,59.29940146,0,0
37.41000000,59.62178662,59.39166584,59.16530746,59.30481346,0,0
37.42000000,59.61009359,59.38420871,59.19832242,59.32636912,0,0
37.43000000,59.60671091,59.38485194,59.22358495,59.34245978,0,0
37.44000000,59.62926788,59.36013342,59.22896713,59.37244416,0,0
37.45000000,59.64985865,59.37789250,59.19143386,59.36420935,0,0
37.46000000,59.62870980,59.37516897,59.25275214,59.33936284,0,0
37.47000000,59.63085626,59.35817226,59.22665798,59.36954212,0,0
37.48000000,59.62180696,59.32839684,59.30280973,59.32010367,0,0
37.49000000,59.63780668,59.34066937,59.30461247,59.36363230,0,0
37.50000000,59.66682021,59.40056174,59.33966697,59.34250258,0,0
37.51000000,59.63337936,59.42207786,59.27877194,59.33727323,0,0
37.52000000,59.65063913,59.38978795,59.31393312,59.36126664,0,0
37.53000000,59.62557128,59.36658085,59.27638787,59.35656678,0,0
37.54000000,59.61069028,59.37803338,59.30526320,59.40728795,0,0
37.55000000,59.65071398,59.35155986,59.33245511,59.39372576,0,0
37.56000000,59.66555537,59.40559345,59.28525079,59.38786370,0,0
37.57000000,59.68733719,59.38442805,59.31188465,59.36011055,0,0
37.58000000,59.69370475,59.41282390,59.34635213,59.37651334,0,0
37.59000000,59.70103084,59.37721551,59.33506896,59.39778727,0,0
37.60000000,59.65136687,59.35944648,59.34887066,59.44085077,0,0
37.61000000,59.67115313,59.43671487,59.35952228,59.44026727,0,0
37.62000000,59.71062058,59.46130187,59.34674314,59.43895403,0,0
37.63000000,59.68470827,59.46918367,59.32240892,59.43638072,0,0
37.64000000,59.71633120,59.43535218,59.31926694,59.39781233,0,0
37.65000000,59.69090427,59.41316540,59.34990979,59.41848650,0,0
37.66000000,59.75165724,59.43684640,59.34151086,59.41990490,0,0
37.67000000,59.72102592,59.49231846,59.38911283,59.42278951,0,0
37.68000000,59.71940492,59.49581619,59.39097827,59.46479892,0,0
37.69000000,59.68686937,59.52417960,59.40495835,59.43600666,0,0
37.70000000,59.77368227,59.47811341,59.38254658,59.45047206,0,0
37.71000000,59.78029146,59.50347595,59.32812990,59.46299987,0,0
37.72000000,59.77216426,59.48420085,59.30617327,59.43556278,0,0
37.73000000,59.73633309,59.53461069,59.31742248,59.44883157,0,0
37.74000000,59.70416249,59.53076186,59.37547454,59.42109351,0,0
37.75000000,59.74542823,59.51254157,59.36384904,59.43914729,0,0
37.76000000,59.78940344,59.51238589,59.35496419,59.44820447,0,0
37.77000000,59.77451548,59.49158562,59.33929013,59.42480851,0,0
37.78000000,59.68570500,59.51781956,59.37924209,59.46427088,0,0
37.79000000,59.72471127,59.56691939,59.37006553,59.47606065,0,0
37.80000000,59.78808872,59.57885278,59.38182974,59.47437463,0,0
37.81000000,59.84352323,59.52461749,59.39201586,59.47608191,0,0
37.82000000,59.80999574,59.49569497,59.39063782,59.49971649,0,0
37.83000000,59.79065883,59.53675333,59.37268298,59.46015054,0,0
37.84000000,59.75352036,59.56611535,59.39504967,59.47752757,0,0
37.85000000,59.80953230,59.60750788,59.39944776,59.49745806,0,0
37.86000000,59.81623422,59.56981213,59.41318558,59.51173278,0,0
37.87000000,59.83509038,59.53854509,59.43836763,59.53133117,0,0
37.88000000,59.79853503,59.60542763,59.43233335,59.54687811,0,0
37.89000000,59.80775310,59.61746085,59.43523333,59.53403011,0,0
37.90000000,59.77426314,59.63747815,59.43208989,59.54335102,0,0
37.91000000,59.78768476,59.55644804,59.44719193,59.55124266,0,0
37.92000000,59.84020067,59.56216698,59.45641003,59.54081378,0,0
37.93000000,59.91871604,59.58519877,59.47286260,59.54825971,0,0
37.94000000,59.85330129,59.59772340,59.42486592,59.51898774,0,0
37.95000000,59.81169272,59.59393808,59.40639480,59.51611395,0,0
37.96000000,59.73984878,59.57678924,59.37406998,59.52947506,0,0
37.97000000,59.82892308,59.60304359,59.44652825,59.57537303,0,0
37.98000000,59.88852395,59.58172375,59.44647536,59.58730065,0,0
37.99000000,59.88764106,59.58021998,59.45573128,59.56965029,0,0
38.00000000,59.80638133,59.58546778,59.45614735,59.56208062,0,0
38.01000000,59.78910240,59.58589159,59.46776721,59.54970900,0,0
38.02000000,59.80742587,59.59297500,59.47465784,59.52395476,0,0
38.03000000,59.87606128,59.61394997,59.51287791,59.54291129,0,0
38.04000000,59.88332465,59.59765092,59.53733852,59.59037395,0,0
38.05000000,59.86131340,59.59940789,59.54511072,59.59342820,0,0
38.06000000,59.88431660,59.62491829,59.54480522,59.60859513,0,0
38.07000000,59.88611643,59.67992937,59.51409855,59.64412404,0,0
38.08000000,59.90058069,59.67235037,59.49215082,59.65500491,0,0
38.09000000,59.89985980,59.65388548,59.54923030,59.66807384,0,0
38.10000000,59.92524821,59.67011695,59.56456932,59.65810342,0,0
38.11000000,59.93587121,59.68051719,59.59120819,59.65386485,0,0
38.12000000,59.95368543,59.72529355,59.53189078,59.63738712,0,0
38.13000000,59.94223010,59.68315297,59.53138848,59.64732294,0,0
38.14000000,59.93187389,59.69879804,59.52926186,59.65509028,0,0
38.15000000,59.90969228,59.71180948,59.60324505,59.67990866,0,0
38.16000000,59.95514151,59.78480046,59.60691228,59.65306423,0,0
38.17000000,59.98606765,59.74919957,59.57039774,59.66047302,0,0
38.18000000,60.00105493,59.68434496,59.53943747,59.66259247,0,0
38.19000000,59.95410039,59.68664876,59.50566654,59.65341772,0,0
38.20000000,59.96985622,59.72754012,59.55192853,59.68692045,0,0
38.21000000,59.99983305,59.82084595,59.55057315,59.70870076,0,0
38.22000000,59.98784121,59.81177892,59.54441216,59.67248835,0,0
38.23000000,60.02845281,59.71940937,59.57577474,59.63278694,0,0
38.24000000,59.96261821,59.66829678,59.52100167,59.65715300,0,0
38.25000000,59.98348821,59.67867474,59.54296946,59.66261348,0,0
38.26000000,59.97305727,59.73407909,59.55158058,59.67516344,0,0
38.27000000,59.96443649,59.78509689,59.58502154,59.65203318,0,0
38.28000000,59.98788944,59.69089986,59.60670405,59.65268381,0,0
38.29000000,59.94499211,59.65911973,59.58818158,59.61994692,0,0
38.30000000,59.96670027,59.67481497,59.59469518,59.66299920,0,0
38.31000000,59.96005974,59.74625013,59.56497788,59.68866641,0,0
38.32000000,59.98001529,59.74872407,59.56432015,59.68946285,0,0
38.33000000,59.97903895,59.73780734,59.58535883,59.73642777,0,0
38.34000000,59.94905014,59.67373924,59.62163285,59.68156147,0,0
38.35000000,59.95723126,59.64159468,59.59327277,59.67220928,0,0
38.36000000,59.95701627,59.64511905,59.59015873,59.69847064,0,0
38.37000000,59.94627337,59.69034605,59.59170971,59.69987152,0,0
38.38000000,59.95733486,59.74781800,59.60793502,59.74928978,0,0
38.39000000,59.95429539,59.72335614,59.64520580,59.74674307,0,0
38.40000000,59.95156237,59.72465679,59.65373099,59.68394979,0,0
38.41000000,59.94451212,59.69824858,59.61534638,59.79330940,0,0
38.42000000,59.98731725,59.68747282,59.62678231,59.71148115,0,0
38.43000000,59.93687752,59.73854628,59.61964367,59.76213796,0,0
38.44000000,59.96723195,59.72302632,59.64277954,59.75689956,0,0
38.45000000,59.94575465,59.71398514,59.62485283,59.71248354,0,0
38.46000000,59.97539022,59.68273558,59.65099742,59.69696412,0,0
38.47000000,59.98518794,59.70504527,59.60816415,59.71252239,0,0
38.48000000,60.00152824,59.70665432,59.62195292,59.73719621,0,0
38.49000000,59.95680692,59.70883486,59.65082234,59.73904299,0,0
38.50000000,59.95494586,59.71318681,59.65788542,59.75314021,0,0
38.51000000,59.93673653,59.69122705,59.64012767,59.71816808,0,0
38.52000000,59.97442718,59.68593761,59.59025943,59.69423753,0,0
38.53000000,59.97010546,59.72814048,59.60672745,59.67076296,0,0
38.54000000,59.95101186,59.74199737,59.59774046,59.66044277,0,0
38.55000000,59.94098939,59.75023131,59.61281919,59.66920479,0,0
38.56000000,59.93807740,59.70421580,59.61394462,59.69638906,0,0
38.57000000,59.96084811,59.68144550,59.59148822,59.69296646,0,0
38.58000000,59.98687499,59.62723497,59.57214181,59.71570518,0,0
38.59000000,60.02185450,59.69081110,59.59570091,59.70730157,0,0
38.60000000,59.97723780,59.73510340,59.59944910,59.72241424,0,0
38.61000000,59.98416597,59.77092999,59.61562790,59.70864078,0,0
38.62000000,59.95672879,59.71130744,59.59015644,59.73369368,0,0
38.63000000,59.97500275,59.68110995,59.59738463,59.74059087,0,0
38.64000000,59.97025665,59.69149384,59.62600369,59.75687615,0,0
38.65000000,59.98111627,59.71324535,59.62308412,59.76182128,0,0
38.66000000,60.00114710,59.75341650,59.65378276,59.70681769,0,0
38.67000000,59.99171666,59.74018237,59.62903371,59.68166194,0,0
38.68000000,60.01389888,59.73374403,59.64574755,59.68488977,0,0
38.69000000,59.99190922,59.71577055,59.64137646,59.71323883,0,0
38.70000000,59.99252385,59.74083770,59.65480234,59.72539665,0,0
38.71000000,60.01568804,59.76325060,59.64157449,59.74536933,0,0
38.72000000,60.00554876,59.77969458,59.64198086,59.73713986,0,0
38.73000000,59.99931619,59.75089393,59.58962924,59.74388689,0,0
38.74000000,60.00168120,59.77983813,59.57053452,59.72491801,0,0
38.75000000,60.05434822,59.78875021,59.57534167,59.73266368,0,0
38.76000000,60.05287333,59.80114118,59.60000906,59.72039021,0,0
38.77000000,60.01447127,59.78947720,59.62028727,59.71589024,0,0
38.78000000,59.97705314,59.76023307,59.60886810,59.70836946,0,0
38.79000000,59.99528104,59.71958826,59.62759322,59.70523615,0,0
38.80000000,60.04400016,59.77330294,59.56242719,59.71969640,0,0
38.81000000,60.03252316,59.73185030,59.55776698,59.69618212,0,0
38.82000000,60.00175079,59.71147919,59.59494296,59.68126748,0,0
38.83000000,59.95594463,59.70003365,59.63390582,59.68409591,0,0
38.84000000,59.99703025,59.74606941,59.62527208,59.71313151,0,0
38.85000000,60.04048423,59.83367693,59.61701855,59.72143684,0,0
38.86000000,60.05612654,59.82264259,59.61026512,59.73555860,0,0
38.87000000,60.01462223,59.74602528,59.61410411,59.67393861,0,0
38.88000000,59.95655021,59.67955251,59.64556173,59.65975311,0,0
38.89000000,59.97860208,59.72759108,59.63363068,59.68969369,0,0
38.90000000,59.98415408,59.73979458,59.58335967,59.70404711,0,0
38.91000000,59.99493578,59.75556869,59.57352767,59.71239976,0,0
38.92000000,59.96472872,59.71398685,59.61965914,59.71196210,0,0
38.93000000,59.97485435,59.69468386,59.64588298,59.70082852,0,0
38.94000000,59.99361526,59.70615265,59.64513871,59.74010047,0,0
38.95000000,59.99356953,59.78359566,59.60444955,59.79485976,0,0
38.96000000,59.99786222,59.72895182,59.56903562,59.78828151,0,0
38.97000000,59.99645607,59.72018952,59.65110654,59.80972664,0,0
38.98000000,59.98214420,59.75862303,59.65195949,59.77336507,0,0
38.99000000,60.03731152,59.75762297,59.66396068,59.69752029,0,0
39.00000000,59.97940473,59.75497623,59.60816732,59.71416046,0,0
39.01000000,59.97696867,59.70767100,59.61628635,59.74738371,0,0
39.02000000,59.96985721,59.71571760,59.65657910,59.75751475,0,0
39.03000000,60.05201681,59.80239055,59.69358073,59.77719436,0,0
39.04000000,60.03830171,59.73536932,59.71589029,59.75836104,0,0
39.05000000,60.04261354,59.75069273,59.64235922,59.70177713,0,0
39.06000000,59.97737540,59.73722819,59.60811872,59.76221117,0,0
39.07000000,60.01559949,59.72985250,59.61027207,59.75710008,0,0
39.08000000,60.03287382,59.80521619,59.65032543,59.72443772,0,0
39.09000000,60.00802814,59.75642406,59.64089344,59.72529682,0,0
39.10000000,60.01976987,59.76516456,59.61543743,59.72066173,0,0
39.11000000,59.98682859,59.73050524,59.60247035,59.73198196,0,0
39.12000000,59.97071850,59.70509437,59.62318435,59.76839598,0,0
39.13000000,60.01228952,59.72705579,59.64118040,59.75104208,0,0
39.14000000,59.97261835,59.70858241,59.67489158,59.70976927,0,0
39.15000000,60.05070718,59.77155483,59.66878755,59.74396388,0,0
39.16000000,59.99783126,59.71763715,59.64602015,59.72383624,0,0
39.17000000,60.08893715,59.80667496,59.61741215,59.72795168,0,0
39.18000000,60.00897445,59.73227107,59.60415902,59.74203613,0,0
39.19000000,60.00513959,59.77757166,59.61386083,59.73525441,0,0
39.20000000,60.00796991,59.69507198,59.67021358,59.73001056,0,0
39.21000000,60.02479266,59.74021888,59.65902946,59.76041302,0,0
39.22000000,60.07236904,59.72610141,59.65933987,59.73364367,0,0
39.23000000,60.01348920,59.74727752,59.62879284,59.75492091,0,0
39.24000000,60.02397226,59.72870067,59.65531532,59.74411168,0,0
39.25000000,59.99510774,59.78526777,59.69020163,59.73183061,0,0
39.26000000,60.05507928,59.79542462,59.69330657,59.76824461,0,0
39.27000000,59.99666195,59.70103336,59.71275168,59.78367345,0,0
39.28000000,60.03621635,59.77676945,59.63559963,59.80839481,0,0
39.29000000,60.00795548,59.75351451,59.64157948,59.78964626,0,0
39.30000000,60.12362848,59.89328666,59.64951936,59.72290057,0,0
39.31000000,60.04595958,59.81877959,59.65168047,59.75739608,0,0
39.32000000,60.05089102,59.75905443,59.64089199,59.73859262,0,0
39.33000000,60.01470748,59.71408581,59.63200261,59.76285853,0,0
39.34000000,60.04385435,59.74815699,59.67111996,59.78462677,0,0
39.35000000,60.05976169,59.78553019,59.62638357,59.74582172,0,0
39.36000000,60.00756664,59.78667225,59.63625418,59.71349686,0,0
39.37000000,59.99446920,59.73975959,59.66809946,59.71239126,0,0
39.38000000,60.01713883,59.74588237,59.65477992,59.72062793,0,0
39.39000000,60.10098966,59.80172872,59.66461328,59.72534171,0,0
39.40000000,60.08903243,59.81084653,59.66664457,59.76256427,0,0
39.41000000,60.03113144,59.78209403,59.65067693,59.72801581,0,0
39.42000000,59.99876628,59.79125051,59.70697683,59.79077783,0,0
39.43000000,60.02733343,59.81518576,59.64198815,59.72027216,0,0
39.44000000,60.05097889,59.75743987,59.68507441,59.72564690,0,0
39.45000000,60.05218856,59.77486811,59.62335118,59.75853837,0,0
39.46000000,60.00958259,59.75207112,59.65608773,59.75425655,0,0
39.47000000,60.01552762,59.79669583,59.67456376,59.78292099,0,0
39.48000000,60.08255493,59.81625957,59.68690732,59.79960093,0,0
39.49000000,60.08711314,59.81058980,59.71615320,59.79681905,0,0
39.50000000,60.07225048,59.83421477,59.70496670,59.81341063,0,0
39.51000000,60.03946402,59.82085945,59.68966600,59.81049359,0,0
39.52000000,60.06423040,59.84376428,59.67516132,59.80772872,0,0
39.53000000,60.06746757,59.82095958,59.66772890,59.79337527,0,0
39.54000000,60.10848440,59.76185893,59.65759235,59.77742187,0,0
39.55000000,60.07975296,59.75661109,59.68517968,59.77785029,0,0
39.56000000,60.09630448,59.81673547,59.72792913,59.80806000,0,0
39.57000000,60.07708393,59.87514671,59.73897322,59.81283345,0,0
39.58000000,60.06438992,59.85852484,59.73838990,59.80074909,0,0
39.59000000,60.08036564,59.82787655,59.76832684,59.83735555,0,0
39.60000000,60.11386730,59.82561084,59.72168099,59.79226054,0,0
39.61000000,60.11899102,59.81543563,59.70392030,59.80080672,0,0
39.62000000,60.07685676,59.86853880,59.67680452,59.81669879,0,0
39.63000000,60.07164554,59.83550767,59.64022042,59.79869850,0,0
39.64000000,60.08832587,59.84978204,59.66714916,59.74948820,0,0
39.65000000,60.13060699,59.78642185,59.65386962,59.74747911,0,0
39.66000000,60.10934488,59.79317130,59.68708746,59.76019205,0,0
39.67000000,60.06825808,59.79985490,59.66243544,59.80569786,0,0
39.68000000,60.09939984,59.83783689,59.68567833,59.82687460,0,0
39.69000000,60.07406359,59.86551558,59.65615921,59.77290847,0,0
39.70000000,60.03218327,59.75402510,59.68433331,59.77947608,0,0
39.71000000,60.06744787,59.82541978,59.70805525,59.73046023,0,0
39.72000000,60.06738953,59.73477953,59.68223845,59.78405828,0,0
39.73000000,60.13627159,59.83685691,59.71106597,59.79332962,0,0
39.74000000,60.05472214,59.75944144,59.69114593,59.82556101,0,0
39.75000000,60.06684452,59.83473706,59.73691937,59.76060617,0,0
39.76000000,60.00250130,59.77276487,59.72624228,59.78773449,0,0
39.77000000,60.05464406,59.78694562,59.70951461,59.79007641,0,0
39.78000000,60.09412571,59.79619005,59.69524908,59.80595529,0,0
39.79000000,60.05868525,59.79493378,59.65864947,59.79887279,0,0
39.80000000,60.01034042,59.75647750,59.69374866,59.77753858,0,0
39.81000000,60.04412774,59.72079242,59.71401254,59.81998462,0,0
39.82000000,60.01476834,59.77381634,59.70693213,59.76712688,0,0
39.83000000,60.11245667,59.83799242,59.71886371,59.85964467,0,0
39.84000000,60.04824583,59.87815829,59.74097659,59.80729318,0,0
39.85000000,60.05176100,59.80697895,59.74159665,59.84600346,0,0
39.86000000,60.01614267,59.80925465,59.71458476,59.83424112,0,0
39.87000000,60.06613386,59.79968431,59.67940757,59.82326649,0,0
39.88000000,60.07164837,59.76819460,59.64615594,59.87202117,0,0
39.89000000,60.08444093,59.81664948,59.64647459,59.82681403,0,0
39.90000000,60.04272241,59.78835789,59.68265361,59.77345434,0,0
39.91000000,60.07915849,59.79864737,59.68593384,59.75660586,0,0
39.92000000,60.07561155,59.78200183,59.66687161,59.74998610,0,0
39.93000000,60.08505870,59.81635992,59.65409572,59.78783880,0,0
39.94000000,60.07708077,59.83912799,59.67052521,59.82845626,0,0
39.95000000,60.05258371,59.83324024,59.71989437,59.80152642,0,0
39.96000000,60.07085175,59.76877407,59.72688189,59.82479615,0,0
39.97000000,60.10459837,59.82798343,59.69520897,59.75872423,0,0
39.98000000,60.12948570,59.81676186,59.68439790,59.73054736,0,0
39.99000000,60.09024882,59.79714473,59.67220677,59.71563456,0,0
40.00000000,60.02919927,59.80279511,59.70584156,59.72864377,0,0
40.01000000,60.02222027,59.77297897,59.74569870,59.75426939,0,0
40.02000000,60.11553589,59.82800024,59.75016769,59.77210386,0,0
40.03000000,60.16515796,59.81719662,59.67508291,59.79145196,0,0
40.04000000,60.11439026,59.85079294,59.65928346,59.81943319,0,0
40.05000000,60.06451351,59.81268864,59.66604110,59.80479540,0,0
40.06000000,60.05915859,59.84959601,59.69004878,59.81719672,0,0
40.07000000,60.09630348,59.87619123,59.72283538,59.80980803,0,0
40.08000000,60.10478200,59.84873936,59.69876955,59.79518055,0,0
40.09000000,60.10468519,59.82633428,59.67870644,59.82250956,0,0
40.10000000,60.06847146,59.81108264,59.67032406,59.84518323,0,0
40.11000000,60.07195762,59.81292631,59.65148173,59.83121499,0,0
40.12000000,60.06939962,59.85526346,59.67418653,59.80915463,0,0
40.13000000,60.04626163,59.87194872,59.69143466,59.79830501,0,0
40.14000000,60.04043172,59.87099126,59.71306297,59.83298858,0,0
40.15000000,60.08457457,59.86997843,59.70617382,59.87218951,0,0
40.16000000,60.10587260,59.85577821,59.68708380,59.86027519,0,0
40.17000000,60.06608092,59.82515618,59.65620493,59.81994826,0,0
40.18000000,60.07727042,59.84256647,59.67088874,59.79167661,0,0
40.19000000,60.02840784,59.86153553,59.69477088,59.79108722,0,0
40.20000000,60.07197426,59.84909594,59.72005436,59.79545301,0,0
40.21000000,60.06348423,59.81715351,59.72555977,59.80698198,0,0
40.22000000,60.05725266,59.79106805,59.71552588,59.81996375,0,0
40.23000000,60.01172374,59.83288967,59.73929904,59.83293737,0,0
40.24000000,60.00466782,59.83213388,59.76480969,59.94575090,0,0
40.25000000,60.06865752,59.84502221,59.77209472,60.11649345,0,0
40.26000000,60.13688013,59.82901835,59.75112011,60.27205866,0,0
40.27000000,60.12410979,59.82367349,59.75625387,60.41828558,0,0
40.28000000,60.07593958,59.85223578,59.75962066,60.50829613,0,0
40.29000000,60.06731402,59.87048192,59.79159747,60.47281393,0,0
40.30000000,60.10751278,59.95083833,59.80255130,60.54303849,0,0
40.31000000,60.14877726,59.92108531,59.75697771,60.62076275,0,0
40.32000000,60.18349861,59.94235295,59.78148040,60.64235149,0,0
40.33000000,60.16157387,59.92888232,59.72125898,60.70136407,0,0
40.34000000,60.08136709,59.94627141,59.74048888,60.66748997,0,0
40.35000000,60.05341117,59.98536537,59.76838196,60.63846296,0,0
40.36000000,60.07415676,59.99303953,59.76497150,60.56667842,0,0
40.37000000,60.16292608,59.99223579,59.75101052,60.41728918,0,0
40.38000000,60.17796375,59.98916223,59.70084219,60.34038485,0,0
40.39000000,60.17085490,59.98314442,59.67644860,60.17358716,0,0
40.40000000,60.09584141,59.95870184,59.60577588,60.14239415,0,0
40.41000000,60.08191987,59.95555455,59.59267054,60.20813386,0,0
40.42000000,60.03981196,59.90976286,59.58936879,60.19309330,0,0
40.43000000,60.04309343,59.97486852,59.64643953,60.21908159,0,0
40.44000000,60.01068568,59.90858649,59.59238993,60.27745243,0,0
40.45000000,60.00359164,59.98079482,59.56992477,60.28676829,0,0
40.46000000,60.03659026,59.85588305,59.54363635,60.19348042,0,0
40.47000000,60.05483077,59.83754048,59.61327998,60.24211701,0,0
40.48000000,60.10362360,59.86566112,59.65993845,60.24144535,0,1
40.49000000,59.98682612,59.89901449,59.73271574,60.18175272,0,1
40.50000000,59.91915312,59.90491896,59.66972209,60.20439300,0,1
40.51000000,59.87014692,59.83153416,59.61701704,60.23308451,0,1
40.52000000,59.97007309,59.77338303,59.56344200,60.30987940,0,1
40.53000000,60.02178158,59.79251084,59.57443814,60.30294159,0,1
40.54000000,60.00031735,59.76536058,59.55599517,60.34880873,0,1
40.55000000,59.94427828,59.80516960,59.62322268,60.37231465,0,1
40.56000000,59.90387335,59.80935360,59.63122353,60.30419701,0,1
40.57000000,59.91302396,59.77478272,59.65392505,60.21363168,0,1
40.58000000,59.96182603,59.74787112,59.64970492,60.26457872,0,1
40.59000000,59.97932669,59.80139416,59.63306694,60.35332978,0,1
40.60000000,59.96629639,59.79018691,59.60122561,60.30309669,0,1
40.61000000,59.94087750,59.74999710,59.61672229,60.27512392,0,1
40.62000000,59.96944779,59.75713894,59.62310351,60.33828727,0,1
40.63000000,59.94425126,59.74520942,59.63400985,60.29718480,0,1
40.64000000,59.93539690,59.70335159,59.67249010,60.27994167,0,1
40.65000000,59.92756703,59.68257383,59.70274574,60.35827805,0,1
40.66000000,59.94722152,59.70124195,59.72347424,60.38170983,0,1
40.67000000,59.92507434,59.73190387,59.65583512,60.33630631,0,1
40.68000000,59.92827431,59.73970266,59.66600974,60.31530205,0,1
40.69000000,59.91193182,59.78177426,59.61487851,60.32812939,0,1
40.70000000,59.98768679,59.77308725,59.65166595,60.29020472,0,1
40.71000000,59.98396123,59.76897703,59.64644413,60.27290682,0,1
40.72000000,59.97403384,59.75009428,59.65318525,60.23620928,0,1
40.73000000,59.92194813,59.75994886,59.62731997,60.24041652,0,1
40.74000000,59.91656985,59.76320857,59.60941390,60.27400861,0,1
40.75000000,59.94398440,59.71925110,59.58507115,60.28291511,0,1
40.76000000,59.97887769,59.73778756,59.57541798,60.32088430,0,1
40.77000000,59.96706463,59.74376059,59.61215967,60.32905374,0,1
40.78000000,59.96205184,59.75919265,59.62525117,60.31534446,0,1
40.79000000,59.92444973,59.73283250,59.64284046,60.31969502,0,1
40.80000000,59.91229774,59.74104068,59.62948045,60.31678143,0,1
40.81000000,59.95644023,59.74459614,59.61760305,60.28722995,0,1
40.82000000,59.94835060,59.75075658,59.64701288,60.22837683,0,1
40.83000000,59.94469195,59.75285890,59.65490681,60.22147248,0,1
40.84000000,59.95739642,59.73240686,59.61836268,60.23005239,0,1
40.85000000,59.92570694,59.72869165,59.57579213,60.25949943,0,1
40.86000000,59.96482957,59.72541770,59.59191810,60.27892167,0,1
40.87000000,59.90025848,59.71669830,59.60574806,60.28810993,0,1
40.88000000,59.87685628,59.69982875,59.64450978,60.29660138,0,1
40.89000000,59.85308195,59.69287011,59.64009163,60.26380685,0,1
40.90000000,59.90060927,59.73529760,59.60774408,60.22944152,0,1
40.91000000,59.94570937,59.74394156,59.54507857,60.25876160,0,1
40.92000000,59.96592282,59.75834811,59.55519775,60.26941010,0,1
40.93000000,59.91477774,59.72696637,59.55959588,60.21306855,0,1
40.94000000,59.90208500,59.67763708,59.61142272,60.24471939,0,1
40.95000000,59.90108763,59.67317380,59.64298019,60.25298663,0,1
40.96000000,59.95046470,59.65513895,59.59876909,60.23018592,0,1
40.97000000,59.91292246,59.69521919,59.55587814,60.27365395,0,1
40.98000000,59.88117349,59.71708342,59.52695341,60.25072076,0,1
40.99000000,59.83483171,59.68318951,59.55291810,60.21721057,0,1
41.00000000,59.86640665,59.68550927,59.58334128,60.24851512,0,1
41.01000000,59.88522680,59.69781711,59.58202516,60.20717802,0,1
41.02000000,59.91270118,59.68912491,59.60271323,60.20815105,0,1
41.03000000,59.91722626,59.72730643,59.58301731,60.21972312,0,1
41.04000000,59.87196803,59.72520235,59.57338932,60.12651894,0,1
41.05000000,59.84448532,59.66661136,59.56180431,60.18772006,0,1
41.06000000,59.86857291,59.69084537,59.54872385,60.19168867,0,1
41.07000000,59.90890858,59.63406594,59.47636176,60.17941527,0,1
41.08000000,59.90005279,59.65524592,59.51772104,60.28006729,0,1
41.09000000,59.89157901,59.65861314,59.49067706,60.20492953,0,1
41.10000000,59.83388927,59.71376126,59.53652246,60.16847676,0,1
41.11000000,59.81844151,59.69473600,59.54736682,60.18345981,0,1
41.12000000,59.89804279,59.64071112,59.53402651,60.21659622,0,1
41.13000000,59.90106469,59.65573441,59.57138308,60.20532843,0,1
41.14000000,59.90033039,59.67209004,59.51145557,60.13727027,0,1
41.15000000,59.83905472,59.66848664,59.55872698,60.16959673,0,1
41.16000000,59.82382812,59.70010785,59.54013953,60.19364645,0,1
41.17000000,59.80627741,59.71140354,59.53534716,60.09047666,0,1
41.18000000,59.82577859,59.63264089,59.51221593,60.19952070,0,1
41.19000000,59.88654780,59.64828661,59.54304418,60.27049488,0,1
41.20000000,59.90008876,59.61275862,59.55352850,60.14789854,0,1
41.21000000,59.87147551,59.67971353,59.51052318,60.19301952,0,1
41.22000000,59.86552574,59.65409118,59.47931068,60.15220506,0,1
41.23000000,59.89105624,59.72372288,59.46703387,60.03371572,0,1
41.24000000,59.83366536,59.65258678,59.49711661,60.20416348,0,1
41.25000000,59.87158395,59.65348158,59.53102678,60.15984668,0,1
41.26000000,59.82445652,59.66170501,59.50948994,60.08950224,0,1
41.27000000,59.87103557,59.63166316,59.49328808,60.19041235,0,1
41.28000000,59.83762162,59.66722757,59.48480822,60.16610259,0,1
41.29000000,59.84910320,59.60138819,59.52152032,60.11033440,0,1
41.30000000,59.87379267,59.62848898,59.56618844,60.19235893,0,1
41.31000000,59.92849312,59.65199572,59.52624780,60.18085502,0,1
41.32000000,59.86843272,59.64449316,59.57420020,60.15391284,0,1
41.33000000,59.82576893,59.67972921,59.54156973,60.14642623,0,1
41.34000000,59.81489408,59.65578534,59.50090442,60.11514818,0,1
41.35000000,59.84376017,59.64848922,59.45689942,60.11561740,0,1
41.36000000,59.83458230,59.62824117,59.47241272,60.10482520,0,1
41.37000000,59.80914850,59.64079371,59.47663234,60.07835527,0,1
41.38000000,59.79968075,59.61533044,59.50949561,60.12984211,0,1
41.39000000,59.85338644,59.60966046,59.49697929,60.09658780,0,1
41.40000000,59.86335475,59.62940430,59.50559864,60.14002035,0,1
41.41000000,59.83929222,59.60059893,59.47519721,60.17270138,0,1
41.42000000,59.74073967,59.60297490,59.51048746,60.16464166,0,1
41.43000000,59.73519838,59.62229629,59.48931876,60.21105638,0,1
41.44000000,59.79536430,59.66913935,59.48010965,60.18584258,0,1
41.45000000,59.88253195,59.64892863,59.45191200,60.18838303,0,1
41.46000000,59.88335884,59.64971619,59.40175890,60.13500366,0,1
41.47000000,59.83972009,59.59198753,59.46475008,60.12465643,0,1
41.48000000,59.81017685,59.57743763,59.51825826,60.15115306,0,1
41.49000000,59.80636503,59.62129952,59.54639539,60.11641358,0,1
41.50000000,59.82355699,59.58616300,59.53158847,60.08331603,0,1
41.51000000,59.77616719,59.58304969,59.53313751,60.13869255,0,1
41.52000000,59.78301988,59.58214910,59.50516315,60.14271827,0,1
41.53000000,59.79612386,59.60077721,59.50440864,60.11571749,0,1
41.54000000,59.81363619,59.56330157,59.49346780,60.15192478,0,1
41.55000000,59.78130716,59.56079267,59.50336817,60.14335103,0,1
41.56000000,59.78727617,59.56747172,59.56729804,60.10307035,0,1
41.57000000,59.84437352,59.55088947,59.58673391,60.10308887,0,1
41.58000000,59.87744306,59.61976686,59.53932212,60.08777412,0,1
41.59000000,59.84615471,59.61613033,59.50470380,60.07553201,0,1
41.60000000,59.83388554,59.62514987,59.47787451,60.11300776,0,1
41.61000000,59.81188553,59.59127008,59.46150755,60.14769759,0,1
41.62000000,59.86731826,59.57142087,59.47830138,60.11925159,0,1
41.63000000,59.83175310,59.56958775,59.44820711,60.10111412,0,1
41.64000000,59.82815928,59.53311286,59.46075830,60.10678325,0,1
41.65000000,59.78962286,59.54238630,59.46752423,60.05614119,0,1
41.66000000,59.78628915,59.59809068,59.48413107,60.08074335,0,1
41.67000000,59.82415229,59.66737909,59.52155617,60.14827427,0,1
41.68000000,59.86286781,59.66030685,59.46665032,60.07496494,0,1
41.69000000,59.85966594,59.56837287,59.49260328,60.09360609,0,1
41.70000000,59.81731675,59.51248520,59.49606917,60.15126002,0,1
41.71000000,59.81393709,59.55978356,59.45677043,60.05470825,0,1
41.72000000,59.81609736,59.61004810,59.42661792,60.07682598,0,1
41.73000000,59.82258936,59.66630841,59.36250626,60.11915457,0,1
41.74000000,59.83862624,59.58435448,59.44614366,60.09817100,0,1
41.75000000,59.81344086,59.58958113,59.44043915,60.05412173,0,1
41.76000000,59.83739060,59.50351606,59.45513235,60.07971857,0,1
41.77000000,59.80118534,59.54533074,59.47558843,60.05584026,0,1
41.78000000,59.84771361,59.54283125,59.45457050,60.07997587,0,1
41.79000000,59.78772986,59.56744068,59.49272312,60.00973418,0,1
41.80000000,59.80979395,59.62102536,59.43699912,60.04857797,0,1
41.81000000,59.76668571,59.61254746,59.46697862,60.08334611,0,1
41.82000000,59.77304800,59.55570411,59.45692335,60.02576230,0,1
41.83000000,59.76910844,59.54702467,59.40547021,60.08328179,0,1
41.84000000,59.81773520,59.48133489,59.41713661,60.09929594,0,1
41.85000000,59.75991875,59.52680089,59.42669505,60.00387648,0,1
41.86000000,59.79506957,59.53191608,59.46793207,60.04010701,0,1
41.87000000,59.73050360,59.50543591,59.44055592,60.01459126,0,1
41.88000000,59.72208025,59.51049374,59.43388918,60.03093840,0,1
41.89000000,59.76181816,59.48920863,59.42141317,60.08375433,0,1
41.90000000,59.77748949,59.50512871,59.40242630,59.98363488,0,1
41.91000000,59.78596115,59.51609611,59.45404917,60.05620076,0,1
41.92000000,59.75741841,59.51374088,59.46433167,60.01996842,0,1
41.93000000,59.72411744,59.56376480,59.46722250,59.95142795,0,1
41.94000000,59.77140657,59.52829478,59.45226837,60.10095258,0,1
41.95000000,59.80251520,59.58734062,59.47595064,60.03415710,0,1
41.96000000,59.76053897,59.50022048,59.47495033,60.04247633,0,1
41.97000000,59.68519902,59.51112083,59.52619953,60.05269617,0,1
41.98000000,59.71056840,59.51667466,59.45485584,60.07168802,0,1
41.99000000,59.73577183,59.51516968,59.39099912,60.02917161,0,1
42.00000000,59.79882420,59.57788128,59.41106466,60.04598800,0,1
42.01000000,59.77518286,59.48484042,59.40935079,60.07649760,0,1
42.02000000,59.76027467,59.49593493,59.42017587,60.05028621,0,1
42.03000000,59.73617564,59.53692137,59.50754660,60.08707621,0,1
42.04000000,59.73382024,59.55081574,59.41614320,60.08183869,0,1
42.05000000,59.77938789,59.53640395,59.36466728,60.05258177,0,1
42.06000000,59.77735025,59.48512662,59.34615300,60.04059804,0,1
42.07000000,59.76967785,59.52591012,59.39579883,60.04601713,0,1
42.08000000,59.77997865,59.52728002,59.41127402,60.01674891,0,1
42.09000000,59.70933589,59.51384264,59.41559559,59.97529494,0,1
42.10000000,59.71941228,59.52964632,59.41622625,59.99065035,0,1
42.11000000,59.69156543,59.48794856,59.40823979,59.96472064,0,1
42.12000000,59.77337741,59.55264103,59.41817828,59.95304169,0,1
42.13000000,59.77505607,59.50704531,59.45241710,59.97597920,0,1
42.14000000,59.76082709,59.54797536,59.41667142,60.01223102,0,1
42.15000000,59.73635889,59.49209617,59.41861174,60.02796258,0,1
42.16000000,59.73844765,59.53371550,59.38356654,60.01195229,0,1
42.17000000,59.75342324,59.51587924,59.40664422,60.06379160,0,1
42.18000000,59.75780057,59.56936772,59.42093490,60.06588345,0,1
42.19000000,59.76360183,59.51577639,59.41869956,59.99642524,0,1
42.20000000,59.74887768,59.51711010,59.38087447,60.04673247,0,1
42.21000000,59.74361418,59.52825542,59.36492630,60.04980462,0,1
42.22000000,59.74026481,59.52667769,59.39674701,60.00759132,0,1
42.23000000,59.70810312,59.50665328,59.40313399,59.99154970,0,1
42.24000000,59.70438623,59.46757256,59.45181096,60.05525565,0,1
42.25000000,59.70242388,59.47937289,59.45826237,60.01321824,0,1
42.26000000,59.72441464,59.49309327,59.42061033,60.02992145,0,1
42.27000000,59.75664442,59.51317406,59.33610489,60.05459656,0,1
42.28000000,59.73791239,59.48654215,59.33563725,60.03005819,0,1
42.29000000,59.74653874,59.47653687,59.35627399,60.01564981,0,1
42.30000000,59.68855435,59.48254470,59.38207646,60.02068067,0,1
42.31000000,59.71054909,59.47102710,59.38764831,59.99511425,0,1
42.32000000,59.74084009,59.50665340,59.34662882,59.98843438,0,1
42.33000000,59.76107481,59.51659013,59.32106969,59.94973400,0,1
42.34000000,59.70612151,59.45719706,59.33851440,59.92082210,0,1
42.35000000,59.65295440,59.41902655,59.37906604,59.94120702,0,1
42.36000000,59.62455694,59.40146291,59.42344450,59.96103848,0,1
42.37000000,59.64602450,59.44857540,59.41579015,59.96844499,0,1
42.38000000,59.70947591,59.45940729,59.40072384,60.00846702,0,1
42.39000000,59.71371910,59.43180970,59.38597947,59.99747065,0,1
42.40000000,59.69155580,59.44379242,59.40512841,59.97329454,0,1
42.41000000,59.63996878,59.43105636,59.37760825,59.99784087,0,1
42.42000000,59.64118031,59.46547589,59.34368628,59.97580065,0,1
42.43000000,59.66577521,59.47426649,59.33221921,59.95140678,0,1
42.44000000,59.70756521,59.46161166,59.31954373,59.94707243,0,1
42.45000000,59.67435550,59.43315566,59.33261096,59.96013776,0,1
42.46000000,59.65443601,59.44428725,59.32955560,59.93166953,0,1
42.47000000,59.64043895,59.46134710,59.34205780,59.94264220,0,1
42.48000000,59.66667135,59.42494220,59.33320616,60.00909366,0,1
42.49000000,59.66985002,59.44320612,59.37049403,60.00747272,0,1
42.50000000,59.67519534,59.39202852,59.41814543,59.98317355,0,1
42.51000000,59.67025456,59.46896414,59.38462682,60.01580066,0,1
42.52000000,59.67051850,59.46597360,59.37494797,60.01143159,0,1
42.53000000,59.66249093,59.48144408,59.36803017,59.96114837,0,1
42.54000000,59.64990935,59.40701506,59.30855083,59.99070287,0,1
42.55000000,59.66874516,59.38687077,59.36680951,59.93958581,0,1
42.56000000,59.70794205,59.42562077,59.38960537,59.91937605,0,1
42.57000000,59.67831645,59.44862726,59.34734849,59.95050997,0,1
42.58000000,59.64866449,59.48492157,59.35055797,59.94577967,0,1
42.59000000,59.61065922,59.46234855,59.30632321,59.94680160,0,1
42.60000000,59.67895937,59.48588375,59.37136800,59.99480336,0,1
42.61000000,59.76926320,59.44212970,59.33056843,59.99318547,0,1
42.62000000,59.74759272,59.46238846,59.33754962,59.97525330,0,1
42.63000000,59.65853072,59.40721669,59.29533908,59.91266356,0,1
42.64000000,59.60777525,59.42418720,59.30012753,59.95214005,0,1
42.65000000,59.64449149,59.44388213,59.28062340,59.85931092,0,1
42.66000000,59.71418042,59.44202557,59.31284730,59.85975851,0,1
42.67000000,59.66592252,59.48351671,59.30585054,59.95651006,0,1
42.68000000,59.61814546,59.42106963,59.33313368,59.93445609,0,1
42.69000000,59.62513136,59.40749932,59.32633909,59.92069511,0,1
42.70000000,59.69190321,59.41096614,59.31638437,60.04186305,0,1
42.71000000,59.68536540,59.47325305,59.32482465,59.94439771,0,1
42.72000000,59.64871562,59.46750000,59.35199560,59.91902984,0,1
42.73000000,59.60148334,59.47122349,59.31127817,59.95398546,0,1
42.74000000,59.61620193,59.42919676,59.32426696,59.89485400,0,1
42.75000000,59.67153225,59.39812780,59.20534055,59.92175265,0,1
42.76000000,59.72402970,59.45561617,59.19801007,59.91820278,0,1
42.77000000,59.72719445,59.46328080,59.31285310,59.85591670,0,1
42.78000000,59.62049899,59.47518179,59.30065308,59.94096908,0,1
42.79000000,59.57971930,59.42940537,59.34457605,59.93673778,0,1
42.80000000,59.62868483,59.41019383,59.35199495,59.88023266,0,1
42.81000000,59.67182990,59.43392510,59.33954191,59.98397539,0,1
42.82000000,59.72253841,59.50611662,59.30820064,60.00109974,0,1
42.83000000,59.62665272,59.44738419,59.33417718,59.90315108,0,1
42.84000000,59.61915459,59.43269026,59.32624725,59.92574361,0,1
42.85000000,59.60800727,59.42620885,59.33091418,59.93194240,0,1
42.86000000,59.68555857,59.44384611,59.32429925,59.91413386,0,1
42.87000000,59.72588493,59.45622608,59.31799675,59.91198884,0,1
42.88000000,59.68348472,59.41876270,59.29048765,59.92474495,0,1
42.89000000,59.66379309,59.39137348,59.32500311,59.93828474,0,1
42.90000000,59.60512129,59.41478243,59.30130794,59.92708211,0,1
42.91000000,59.63609825,59.46257351,59.34284680,59.94801184,0,1
42.92000000,59.61697725,59.42863295,59.29886289,59.95624179,0,1
42.93000000,59.61620343,59.40281268,59.31694731,59.95884813,0,1
42.94000000,59.65076231,59.33323869,59.31605726,59.94406160,0,1
42.95000000,59.64403877,59.35449418,59.29708330,59.93758048,0,1
42.96000000,59.62419190,59.41014498,59.28045947,59.89184315,0,1
42.97000000,59.61126022,59.42052146,59.27576477,59.88515658,0,1
42.98000000,59.63496747,59.43797166,59.26581466,59.85281081,0,1
42.99000000,59.65496695,59.45279207,59.25557835,59.84637191,0,1
43.00000000,59.63045799,59.37190893,59.28115689,59.89264031,0,1
43.01000000,59.60067918,59.37317475,59.26749520,59.89667639,0,1
43.02000000,59.57192107,59.34841693,59.25856394,59.93373437,0,1
43.03000000,59.57668812,59.42073490,59.27780683,59.95636385,0,1
43.04000000,59.62493083,59.39956293,59.30479348,59.89523883,0,1
43.05000000,59.62098017,59.39648423,59.34509567,59.91657442,0,1
43.06000000,59.59538038,59.38727062,59.34030866,59.91227183,0,1
43.07000000,59.58729983,59.36119763,59.30433591,59.90806194,0,1
43.08000000,59.59646464,59.38668780,59.28571234,59.93844522,0,1
43.09000000,59.62513777,59.43222179,59.27522883,59.92377956,0,1
43.10000000,59.61723866,59.39772306,59.28087889,59.89475031,0,1
43.11000000,59.59580257,59.41381656,59.29699943,59.93414579,0,1
43.12000000,59.59750297,59.37214992,59.28613026,59.91446356,0,1
43.13000000,59.63315092,59.42795686,59.25847906,59.94007034,0,1
43.14000000,59.63483923,59.42414110,59.27703571,59.98165043,0,1
43.15000000,59.60357925,59.40344689,59.26435435,59.89625075,0,1
43.16000000,59.56073250,59.44970385,59.31869119,59.87998018,0,1
43.17000000,59.59101768,59.41841048,59.29876056,59.95554769,0,1
43.18000000,59.60210845,59.37440795,59.28500097,59.90589093,0,1
43.19000000,59.64996612,59.39349203,59.23166792,59.86219084,0,1
43.20000000,59.59933312,59.36101473,59.19593229,59.86265959,0,1
43.21000000,59.59412077,59.38658246,59.23374899,59.90796221,0,1
43.22000000,59.57923410,59.38656159,59.27283674,59.81648119,0,1
43.23000000,59.60458332,59.38750808,59.27537557,59.84470411,0,1
43.24000000,59.57689554,59.34971643,59.25998823,59.91407412,0,1
43.25000000,59.54030368,59.35215975,59.19873652,59.82301727,0,1
43.26000000,59.52313337,59.36943519,59.20229638,59.90068169,0,1
43.27000000,59.53901465,59.37052703,59.23180587,59.81565903,0,1
43.28000000,59.59451340,59.35701020,59.25204563,59.82069023,0,1
43.29000000,59.54596427,59.28214096,59.20563938,59.84049952,0,1
43.30000000,59.56168147,59.36388729,59.23994178,59.74652354,0,1
43.31000000,59.52720190,59.36649132,59.23014281,59.82738682,0,1
43.32000000,59.60858237,59.42137265,59.21892829,59.90839053,0,1
43.33000000,59.54332323,59.32570844,59.22864792,59.81293715,0,1
43.34000000,59.54312107,59.31281247,59.25990859,59.94546952,0,1
43.35000000,59.54729985,59.36525371,59.25344412,59.92749291,0,1
43.36000000,59.55884817,59.39522651,59.23079490,59.87972630,0,1
43.37000000,59.57562627,59.39092727,59.22570692,59.90640957,0,1
43.38000000,59.57340153,59.30828839,59.26002624,59.89456186,0,1
43.39000000,59.56153943,59.32544675,59.26695679,59.86323603,0,1
43.40000000,59.57955736,59.31217527,59.29201022,59.91517890,0,1
43.41000000,59.53460348,59.39533081,59.26261934,59.83950520,0,1
43.42000000,59.54519123,59.37813240,59.19045420,59.83999384,0,1
43.43000000,59.56652846,59.30623808,59.18981752,59.82327576,0,1
43.44000000,59.54409212,59.31110226,59.21321772,59.82433716,0,1
43.45000000,59.60288950,59.30076483,59.22652575,59.83482307,0,1
43.46000000,59.58085902,59.31413026,59.19327777,59.83701033,0,1
43.47000000,59.59123186,59.28500621,59.18007600,59.85626071,0,1
43.48000000,59.49840833,59.32991666,59.19373642,59.78587702,0,1
43.49000000,59.45144192,59.33134001,59.23301216,59.81010807,0,1
43.50000000,59.45504665,59.36271803,59.21299907,59.81269988,0,1
43.51000000,59.51177639,59.31260900,59.17862601,59.77510299,0,1
43.52000000,59.57047515,59.25957832,59.16310202,59.74988640,0,1
43.53000000,59.58405918,59.23688257,59.18888335,59.79507740,0,1
43.54000000,59.56576774,59.33740457,59.19330574,59.80637978,0,1
43.55000000,59.48543490,59.35545429,59.20345220,59.77221437,0,1
43.56000000,59.45093112,59.31367781,59.20326548,59.85145499,0,1
43.57000000,59.40946535,59.26142344,59.20872501,59.84448518,0,1
43.58000000,59.45495241,59.20843570,59.14834008,59.82111034,0,1
43.59000000,59.48878086,59.26504727,59.14671341,59.86284264,0,1
43.60000000,59.50676313,59.30604403,59.16548175,59.89456638,0,1
43.61000000,59.48164365,59.32061775,59.17077196,59.83806534,0,1
43.62000000,59.48374582,59.27639136,59.19699472,59.81787125,0,1
43.63000000,59.53588113,59.27802971,59.28901367,59.82583757,0,1
43.64000000,59.52495814,59.26688515,59.28920683,59.83212298,0,1
43.65000000,59.46950516,59.31161508,59.26046032,59.83527434,0,1
43.66000000,59.47429331,59.32405388,59.19258932,59.86758635,0,1
43.67000000,59.52261449,59.33672459,59.15534879,59.85162890,0,1
43.68000000,59.52774557,59.31629072,59.16814206,59.82414842,0,1
43.69000000,59.55204620,59.28448227,59.17924072,59.82285154,0,1
43.70000000,59.51213018,59.28653970,59.19477918,59.79703188,0,1
43.71000000,59.51488564,59.29904685,59.21734119,59.81519075,0,1
43.72000000,59.52868923,59.31871546,59.22474256,59.85183278,0,1
43.73000000,59.50997263,59.30714309,59.19746823,59.78221703,0,1
43.74000000,59.52249105,59.28911292,59.15392320,59.71803053,0,1
43.75000000,59.51861880,59.30537739,59.10251134,59.77070376,0,1
43.76000000,59.54624117,59.33357612,59.10236996,59.78040338,0,1
43.77000000,59.52161730,59.32120995,59.10909229,59.77543219,0,1
43.78000000,59.50347421,59.26650765,59.11070342,59.79750292,0,1
43.79000000,59.46810702,59.24606162,59.15098008,59.77716623,0,1
43.80000000,59.49798325,59.26356087,59.16330293,59.76248262,0,1
43.81000000,59.54921773,59.30077921,59.14260736,59.75804222,0,1
43.82000000,59.54524984,59.33676046,59.10209021,59.73746429,0,1
43.83000000,59.46745873,59.25628829,59.11481562,59.73391881,0,1
43.84000000,59.44979989,59.24719500,59.14287334,59.74377949,0,1
43.85000000,59.48488175,59.24910906,59.16304919,59.72009640,0,1
43.86000000,59.50378296,59.28914878,59.14776000,59.73994091,0,1
43.87000000,59.51506464,59.27607998,59.13544663,59.78307416,0,1
43.88000000,59.46878892,59.27766151,59.16372395,59.77010512,0,1
43.89000000,59.49096405,59.25038781,59.17985487,59.75825888,0,1
43.90000000,59.48683590,59.24803793,59.15136828,59.80780975,0,1
43.91000000,59.46775354,59.29733645,59.14404288,59.78270525,0,1
43.92000000,59.47776765,59.23257638,59.16408874,59.77941923,0,1
43.93000000,59.46816535,59.25325337,59.22600107,59.78493283,0,1
43.94000000,59.53498473,59.26752720,59.22294904,59.77509535,0,1
43.95000000,59.47300436,59.22244851,59.17923978,59.75105940,0,1
43.96000000,59.50015259,59.29744048,59.11301054,59.67930732,0,1
43.97000000,59.48359481,59.31581692,59.09924933,59.75899816,0,1
43.98000000,59.47459823,59.26130012,59.15325322,59.78349237,0,1
43.99000000,59.45788414,59.23946511,59.18984893,59.72677118,0,1
44.00000000,59.44740859,59.19732739,59.16442190,59.81386601,0,1
44.01000000,59.49180596,59.23406932,59.13872607,59.78137865,0,1
44.02000000,59.52035443,59.26034823,59.08752938,59.67407867,0,1
44.03000000,59.51124539,59.26034320,59.07179784,59.76944086,0,1
44.04000000,59.40182320,59.23740762,59.13741240,59.70065409,0,1
44.05000000,59.36933836,59.17607124,59.14799551,59.71292137,0,1
44.06000000,59.37455070,59.18082827,59.15335942,59.75278407,0,1
44.07000000,59.47309019,59.22813654,59.07605161,59.61568949,0,1
44.08000000,59.51596743,59.19422490,59.05735367,59.74298094,0,1
44.09000000,59.42060519,59.21348558,59.05267345,59.70693858,0,1
44.10000000,59.42421158,59.22009137,59.15716827,59.61352009,0,1
44.11000000,59.37781267,59.22556413,59.16773451,59.81532261,0,1
44.12000000,59.39976532,59.21458470,59.15806507,59.78339887,0,1
44.13000000,59.47657631,59.18576003,59.13937195,59.63959858,0,1
44.14000000,59.42077639,59.18453849,59.12341671,59.75087567,0,1
44.15000000,59.41626089,59.16871932,59.12982912,59.75089348,0,1
44.16000000,59.32375441,59.16827577,59.13345088,59.69052287,0,1
44.17000000,59.40229654,59.21396454,59.13490727,59.72762825,0,1
44.18000000,59.44153758,59.17727024,59.11875109,59.74373744,0,1
44.19000000,59.50589959,59.22483907,59.12375775,59.74305245,0,1
44.20000000,59.44739218,59.19827251,59.17629702,59.71836694,0,1
44.21000000,59.39759178,59.19944038,59.15617238,59.73095436,0,1
44.22000000,59.42205156,59.18491269,59.15620670,59.79806391,0,1
44.23000000,59.44398451,59.26479164,59.10660938,59.74592007,0,1
44.24000000,59.45356158,59.20329067,59.09078738,59.75575851,0,1
44.25000000,59.43132259,59.18789563,59.08237149,59.78249179,0,1
44.26000000,59.44410433,59.20721164,59.08921513,59.70103100,0,1
44.27000000,59.40324070,59.14986716,59.10713940,59.69749709,0,1
44.28000000,59.43457530,59.20481490,59.08751008,59.66696258,0,1
44.29000000,59.40677587,59.16970314,59.04801392,59.67176786,0,1
44.30000000,59.45055811,59.18868553,59.05673601,59.64545836,0,1
44.31000000,59.43626099,59.16773139,59.06831045,59.68000043,0,1
44.32000000,59.40341822,59.16806625,59.06868425,59.70654099,0,1
44.33000000,59.35866115,59.17374478,58.98851114,59.67151200,0,1
44.34000000,59.37162867,59.17661482,59.02635166,59.65750070,0,1
44.35000000,59.41518299,59.18312120,59.02532433,59.64551773,0,1
44.36000000,59.44895236,59.18925742,59.06713349,59.64206877,0,1
44.37000000,59.43698677,59.17035227,59.07386299,59.67285322,0,1
44.38000000,59.38050414,59.13486221,59.05794532,59.66028275,0,1
44.39000000,59.34494600,59.15579349,59.05102873,59.60690953,0,1
44.40000000,59.38546755,59.15713315,59.06573386,59.64041312,0,1
44.41000000,59.38794383,59.15166874,59.06653168,59.69739675,0,1
44.42000000,59.39756332,59.11613491,59.10355911,59.68176284,0,1
44.43000000,59.37445459,59.18299050,59.07664528,59.68850117,0,1
44.44000000,59.37253558,59.16367112,59.07974466,59.70549222,0,1
44.45000000,59.41585507,59.14750846,59.07458574,59.68716287,0,1
44.46000000,59.40188927,59.14370842,59.06078297,59.66528750,0,1
44.47000000,59.41832149,59.12974442,59.10751951,59.68087557,0,1
44.48000000,59.37586005,59.11529504,59.12084852,59.70788157,0,1
44.49000000,59.36400445,59.14585729,59.07282568,59.67713092,0,1
44.50000000,59.35719299,59.16645057,59.02924054,59.60978952,0,1
44.51000000,59.37922258,59.15820931,58.98270577,59.62183910,0,1
44.52000000,59.41605351,59.14504299,58.98309304,59.63240250,0,1
44.53000000,59.42050828,59.16112948,59.01430922,59.62077676,0,1
44.54000000,59.37096467,59.15855623,59.07774433,59.64670018,0,1
44.55000000,59.32972413,59.12575000,59.08079643,59.68344646,0,1
44.56000000,59.33667400,59.11806084,59.05810610,59.61553282,0,1
44.57000000,59.37748575,59.13054146,59.02806113,59.63371154,0,1
44.58000000,59.41494569,59.13943604,59.00432162,59.65930865,0,1
44.59000000,59.35614416,59.10425311,59.02018573,59.63132287,0,1
44.60000000,59.26672047,59.11685288,59.00811770,59.62252172,0,1
44.61000000,59.30487829,59.14773617,59.01960288,59.61155058,0,1
44.62000000,59.35433152,59.12913501,59.01553305,59.60267511,0,1
44.63000000,59.41900516,59.10928942,59.02289092,59.60442958,0,1
44.64000000,59.34680004,59.07620878,59.04412014,59.62519085,0,1
44.65000000,59.32660831,59.11040025,59.04095026,59.62689724,0,1
44.66000000,59.31699102,59.13687069,59.07258026,59.63765952,0,1
44.67000000,59.36499584,59.15919555,59.04735052,59.63415823,0,1
44.68000000,59.40055335,59.12904924,59.02626439,59.67939862,0,1
44.69000000,59.37655090,59.07127438,59.06448790,59.66235132,0,1
44.70000000,59.31851640,59.12281455,59.07667144,59.63524628,0,1
44.71000000,59.32061805,59.12160646,59.10629679,59.65979811,0,1
44.72000000,59.33808437,59.15149924,58.98546080,59.63067263,0,1
44.73000000,59.38353239,59.12626698,59.02118376,59.59591701,0,1
44.74000000,59.36362296,59.09117964,59.01132977,59.63125606,0,1
44.75000000,59.37439487,59.11601368,59.10155962,59.67419300,0,1
44.76000000,59.39104308,59.13303965,59.06516300,59.68137315,0,1
44.77000000,59.37006503,59.21126705,59.05362439,59.68951840,0,1
44.78000000,59.30507225,59.09151121,58.99670963,59.65379873,0,1
44.79000000,59.33700255,59.11351958,59.02779633,59.64941758,0,1
44.80000000,59.38292227,59.15262979,59.03977618,59.65767087,0,1
44.81000000,59.39604336,59.16095452,59.00359755,59.66134340,0,1
44.82000000,59.35711012,59.08909557,58.98146154,59.64420717,0,1
44.83000000,59.28378736,59.04734602,58.95873933,59.52323196,0,1
44.84000000,59.29844539,59.05409138,58.96890170,59.54974384,0,1
44.85000000,59.35097770,59.11664676,59.00589751,59.64752007,0,1
44.86000000,59.34025143,59.12770814,59.01211782,59.55542729,0,1
44.87000000,59.28262203,59.09166355,58.95625536,59.60609694,0,1
44.88000000,59.22512916,58.98155800,59.00641282,59.65059539,0,1
44.89000000,59.26227642,59.05635637,58.97086456,59.58333278,0,1
44.90000000,59.33064882,58.99648184,58.98704713,59.57375389,0,1
44.91000000,59.30246511,58.99327200,58.97107889,59.59759338,0,1
44.92000000,59.23222397,58.97656042,58.98586777,59.57193948,0,1
44.93000000,59.14880193,58.91000571,59.03492883,59.53079333,0,1
44.94000000,59.23614727,58.96237193,59.00255656,59.49236873,0,1
44.95000000,59.21594383,58.94158298,58.94072032,59.56888776,0,1
44.96000000,59.25086208,58.96135769,58.94337601,59.56733367,0,1
44.97000000,59.17942911,58.95773256,58.93394127,59.53640019,0,1
44.98000000,59.19163892,58.93532047,58.97951061,59.61526777,0,1
44.99000000,59.20021132,58.95219644,58.98416357,59.58050830,0,1
45.00000000,59.24762702,58.94682833,58.93893992,59.52474287,0,1
45.01000000,59.23927486,58.94315179,58.88992576,59.52537440,0,1
45.02000000,59.14393886,58.89405333,58.88285204,59.52295911,0,1
45.03000000,59.10042562,58.88097938,58.85613987,59.47828254,0,1
45.04000000,59.09095386,58.82397935,58.84370232,59.44350931,0,1
45.05000000,59.10062713,58.79723776,58.80058019,59.38433927,0,1
45.06000000,59.03472919,58.75552360,58.79027064,59.39147782,0,1
45.07000000,58.99781648,58.74608940,58.77759841,59.37950106,0,1
45.08000000,58.99183773,58.75743058,58.80652511,59.38075717,0,1
45.09000000,59.05364912,58.74851303,58.76365449,59.42813578,0,1
45.10000000,59.02170107,58.73147713,58.79134900,59.38082894,0,1
45.11000000,58.97359465,58.73654621,58.74749297,59.35561893,0,1
45.12000000,58.93636354,58.71148731,58.69762538,59.28114431,0,1
45.13000000,58.91632604,58.69817627,58.68006419,59.25593237,0,1
45.14000000,58.92755910,58.67116931,58.63720533,59.28167450,0,1
45.15000000,58.93668575,58.60016120,58.61246687,59.20211510,0,1
45.16000000,58.89331075,58.51595510,58.61982302,59.15528083,0,1
45.17000000,58.85345921,58.52082744,58.61874190,59.20656778,0,1
45.18000000,58.81272869,58.55500359,58.62247319,59.16337994,0,1
45.19000000,58.82072958,58.58197497,58.58889848,59.10303441,0,1
45.20000000,58.81516621,58.50361430,58.55726913,59.17702486,0,1
45.21000000,58.76324387,58.43775788,58.53132663,59.21116845,0,1
45.22000000,58.69939233,58.43612193,58.46412310,59.11410993,0,1
45.23000000,58.69306979,58.45580868,58.44292130,59.05202883,0,1
45.24000000,58.62880988,58.46496417,58.42414333,59.01506097,0,1
45.25000000,58.64568679,58.36387490,58.43686332,58.94381657,0,1
45.26000000,58.59642475,58.29233921,58.43377465,58.98536623,0,1
45.27000000,58.62022634,58.25469785,58.39322533,58.99787510,0,1
45.28000000,58.59993566,58.29596985,58.35230593,58.95543491,0,1
45.29000000,58.52090588,58.27442604,58.30803706,58.94863212,0,1
45.30000000,58.50867489,58.27108539,58.27070791,58.91076437,0,1
45.31000000,58.45279920,58.18482399,58.23575912,58.92202203,0,1
45.32000000,58.41704520,58.15971629,58.20441846,58.90555182,0,1
45.33000000,58.39692546,58.15819324,58.18941381,58.92525459,0,1
45.34000000,58.40985224,58.13292460,58.12499612,58.80586012,0,1
45.35000000,58.26550422,58.06610223,58.12438267,58.70124578,0,1
45.36000000,58.26966560,58.05793028,58.11228982,58.69837044,0,1
45.37000000,58.24518094,58.02078883,58.09074845,58.65607179,0,1
45.38000000,58.24582573,57.96794255,58.03198375,58.60447346,0,1
45.39000000,58.20937887,57.95157898,57.98227835,58.64111476,0,1
45.40000000,58.16520052,57.90970118,57.97257604,58.58155101,0,1
45.41000000,58.15138591,57.88279967,57.94867198,58.52650334,0,1
45.42000000,58.17601170,57.86517695,57.93464290,58.57448898,0,1
45.43000000,58.11739622,57.82779823,57.86349437,58.53577058,0,1
45.44000000,58.03279102,57.80247996,57.80936116,58.50294165,0,1
45.45000000,58.00744554,57.78589535,57.77608826,58.42257904,0,1
45.46000000,57.98570486,57.81439054,57.79950833,58.34205444,0,1
45.47000000,57.99726311,57.72671221,57.84002690,58.32861761,0,1
45.48000000,57.97036359,57.67189912,57.75968251,58.33553418,0,1
45.49000000,57.93892083,57.51592119,57.67597700,58.24618744,0,1
45.50000000,57.88362113,57.59099814,57.60555587,58.23783590,0,1
45.51000000,57.83868455,57.64988653,57.73116526,58.27163487,0,1
45.52000000,57.81021482,57.63208611,57.63246608,58.15651766,0,1
45.53000000,57.84938914,57.56995007,57.57171630,58.16266964,0,1
45.54000000,57.83435096,57.41602558,57.52907989,58.23913231,0,1
45.55000000,57.77231675,57.42550233,57.49275834,58.19733852,0,1
45.56000000,57.72043631,57.48913293,57.42805981,58.06631990,0,1
45.57000000,57.60866835,57.51973895,57.43148555,58.05511880,0,1
45.58000000,57.63153786,57.38292549,57.45187858,57.99894722,0,1
45.59000000,57.66431745,57.30826094,57.44155002,57.95339041,0,1
45.60000000,57.65514314,57.29344658,57.35796177,57.93314648,0,1
45.61000000,57.60381776,57.30240016,57.28106449,57.97061060,0,1
45.62000000,57.51107072,57.31425550,57.29837226,57.91111411,0,1
45.63000000,57.48275227,57.30943257,57.28908239,57.83916314,0,1
45.64000000,57.51579027,57.22625894,57.28324500,57.86365236,0,1
45.65000000,57.55421851,57.20475881,57.22538207,57.87740332,0,1
45.66000000,57.48438165,57.17247456,57.15309120,57.88385410,0,1
45.67000000,57.43279852,57.20445389,57.10319469,57.80938638,0,1
45.68000000,57.32113357,57.18499359,57.09461783,57.74147119,0,1
45.69000000,57.37093268,57.09149381,57.15322134,57.68872052,0,1
45.70000000,57.36688654,57.09930292,57.10867728,57.66487315,0,1
45.71000000,57.36708687,57.10909312,57.09444009,57.64878769,0,1
45.72000000,57.38069161,57.06201755,57.03858461,57.70810556,0,1
45.73000000,57.28995037,57.05644874,57.01970191,57.67060760,0,1
45.74000000,57.23693885,57.00530683,57.01048937,57.58491312,0,1
45.75000000,57.18194468,57.01910622,57.03075178,57.60779580,0,1
45.76000000,57.22496878,56.97418315,56.97669040,57.60311569,0,1
45.77000000,57.18012560,56.93270166,56.96716908,57.53515359,0,1
45.78000000,57.11455880,56.87166337,56.90222828,57.57283832,0,1
45.79000000,57.05038315,56.80941849,56.88340552,57.50817650,0,1
45.80000000,56.98010833,56.74988986,56.89210028,57.43140282,0,1
45.81000000,56.94479410,56.74629439,56.90744497,57.43752033,0,1
45.82000000,56.91614697,56.72531980,56.86767350,57.38866265,0,1
45.83000000,56.87898140,56.71482351,56.80827171,57.36848295,0,1
45.84000000,56.91594145,56.74219378,56.75033830,57.40047989,0,1
45.85000000,56.93506173,56.75953837,56.70729290,57.34073126,0,1
45.86000000,56.93270190,56.75006090,56.65588646,57.33043110,0,1
45.87000000,56.93961686,56.68949215,56.63877816,57.33810043,0,1
45.88000000,56.92259470,56.62686482,56.61594420,57.30282631,0,1
45.89000000,56.85446320,56.63376200,56.60063104,57.26035868,0,1
45.90000000,56.84893778,56.66334177,56.59491746,57.24887009,0,1
45.91000000,56.84816434,56.67127664,56.56696896,57.21332384,0,1
45.92000000,56.85767256,56.65595850,56.56793948,57.17818402,0,1
45.93000000,56.79564661,56.59794762,56.54400234,57.17293274,0,1
45.94000000,56.71106056,56.51598144,56.55851406,57.13906802,0,1
45.95000000,56.64669249,56.50306759,56.49329148,57.11889618,0,1
45.96000000,56.69425781,56.52629881,56.46442165,57.10383534,0,1
45.97000000,56.70619475,56.50718070,56.45285333,57.07511896,0,1
45.98000000,56.63145653,56.41708426,56.46134599,57.06106242,0,1
45.99000000,56.60718279,56.37967683,56.46197968,57.06649064,0,1
46.00000000,56.61142161,56.35991927,56.43392636,57.04464888,0,1
46.01000000,56.65321631,56.37449217,56.34789346,57.00131799,0,1
46.02000000,56.62385698,56.37630376,56.31408548,56.99046608,0,1
46.03000000,56.50166216,56.37025594,56.33070777,56.94153674,0,1
46.04000000,56.46642246,56.36568883,56.34951599,56.91608384,0,1
46.05000000,56.45231020,56.35594518,56.30436828,56.84989777,0,1
46.06000000,56.51013329,56.30602412,56.22552827,56.85347922,0,1
46.07000000,56.52214136,56.24798493,56.10505269,56.84961455,0,1
46.08000000,56.49414797,56.22535252,56.13248853,56.87426087,0,1
46.09000000,56.38737278,56.25459459,56.24598435,56.84614385,0,1
46.10000000,56.39803365,56.23111176,56.23263264,56.79040807,0,1
46.11000000,56.36662201,56.17585889,56.24389822,56.81956476,0,1
46.12000000,56.40617881,56.09759343,56.12395105,56.81427873,0,1
46.13000000,56.36572044,56.15904698,56.13254925,56.76914343,0,1
46.14000000,56.35628901,56.16165943,56.12215387,56.78959504,0,1
46.15000000,56.31591792,56.18548681,56.07508050,56.79748777,0,1
46.16000000,56.28419415,56.11532577,56.03649781,56.67433751,0,1
46.17000000,56.20444578,56.06570107,56.02099066,56.58752118,0,1
46.18000000,56.23711369,56.02392201,56.00660428,56.66943611,0,1
46.19000000,56.24946837,56.06684802,56.01742928,56.65430603,0,1
46.20000000,56.18337876,55.98919559,55.97901570,56.59348722,0,1
46.21000000,56.20304256,55.97614605,55.93167531,56.60668403,0,1
46.22000000,56.17789502,55.93721561,55.92478134,56.60002263,0,1
46.23000000,56.17948198,55.94693435,55.90796664,56.53385049,0,1
46.24000000,56.13599662,55.95844783,55.92159577,56.46268563,0,1
46.25000000,56.08203142,55.93391092,55.90497734,56.55464790,0,1
46.26000000,56.07188929,55.88052015,55.89953128,56.56617004,0,1
46.27000000,56.10337113,55.86281900,55.85711261,56.40863471,0,1
46.28000000,56.06985071,55.86110508,55.81265726,56.34500145,0,1
46.29000000,56.02127745,55.88009104,55.78013821,56.46423657,0,1
46.30000000,55.96287195,55.85134792,55.75153109,56.36691115,0,1
46.31000000,55.95050186,55.77926205,55.75901354,56.35162271,0,1
46.32000000,56.00830331,55.72552390,55.71245396,56.43727954,0,1
46.33000000,56.03957486,55.73736878,55.73328156,56.39309995,0,1
46.34000000,55.98691707,55.74639162,55.70873726,56.30667665,0,1
46.35000000,55.89677993,55.76260390,55.68709221,56.33784031,0,1
46.36000000,55.90356788,55.72123506,55.65663716,56.30903644,0,1
46.37000000,55.89127434,55.72151344,55.64767166,56.27530584,0,1
46.38000000,55.90959533,55.66781696,55.63689972,56.28695920,0,1
46.39000000,55.84452961,55.65908168,55.66444176,56.21796754,0,1
46.40000000,55.78003209,55.61601088,55.63679101,56.21662149,0,1
46.41000000,55.78621135,55.62104231,55.57550565,56.21365587,0,1
46.42000000,55.83038399,55.63601758,55.52866543,56.17548239,0,1
46.43000000,55.84067439,55.56979847,55.50650636,56.15007393,0,1
46.44000000,55.82634493,55.53693545,55.50306709,56.14887656,0,1
46.45000000,55.77772765,55.51402702,55.52980265,56.16159199,0,1
46.46000000,55.72843526,55.52215092,55.54038862,56.14066753,0,1
46.47000000,55.75668595,55.55837143,55.47353619,56.08086681,0,1
46.48000000,55.70484251,55.53120152,55.40877229,56.05302639,0,1
46.49000000,55.69230871,55.48477461,55.37611303,56.03691247,0,1
46.50000000,55.67289400,55.40883917,55.42654885,56.00407154,0,1
46.51000000,55.61833295,55.43024514,55.45005726,55.94913331,0,1
46.52000000,55.61925822,55.42475863,55.41872426,55.96257433,0,1
46.53000000,55.59525397,55.39842288,55.36450300,55.98500134,0,1
46.54000000,55.62985366,55.35006659,55.36073749,55.95205593,0,1
46.55000000,55.60537509,55.30440031,55.36853051,55.93867233,0,1
46.56000000,55.58962345,55.26988170,55.34638095,55.93490951,0,1
46.57000000,55.54236035,55.27889644,55.31931526,55.92762421,0,1
46.58000000,55.52578680,55.30389341,55.26116185,55.89173667,0,1
46.59000000,55.53501889,55.29372925,55.22070020,55.82071425,0,1
46.60000000,55.49603951,55.24402926,55.19120154,55.78756329,0,1
46.61000000,55.46063647,55.18277388,55.22290131,55.77825516,0,1
46.62000000,55.40669093,55.17988531,55.21511896,55.70311652,0,1
46.63000000,55.37486900,55.17529757,55.21982903,55.68601900,0,1
46.64000000,55.40069259,55.14526796,55.18838539,55.70624902,0,1
46.65000000,55.33459459,55.09870342,55.12900080,55.67346493,0,1
46.66000000,55.32801598,55.04884750,55.13506774,55.69211492,0,1
46.67000000,55.32574327,55.06691310,55.11289350,55.70902259,0,1
46.68000000,55.35556346,55.10224215,55.09018779,55.70541362,0,1
46.69000000,55.33103302,55.08008010,55.03769465,55.67660678,0,1
46.70000000,55.28097894,55.05296236,55.00845311,55.64326102,0,1
46.71000000,55.26855587,55.00560481,55.00769470,55.60900252,0,1
46.72000000,55.24557973,55.00545370,55.00817311,55.59067484,0,1
46.73000000,55.23290217,54.98917920,54.99010625,55.53266542,0,1
46.74000000,55.15900043,54.93667610,54.97211259,55.50038152,0,1
46.75000000,55.18542783,54.97013857,54.95579443,55.47782422,0,1
46.76000000,55.15802459,54.87409343,54.91967397,55.48337338,0,1
46.77000000,55.15444300,54.84924410,54.89076821,55.46441473,0,1
46.78000000,55.05343496,54.82390495,54.88026040,55.48107890,0,1
46.79000000,55.03161019,54.81352345,54.89857587,55.47296305,0,1
46.80000000,55.07144240,54.87246913,54.92092941,55.43451651,0,1
46.81000000,55.06402633,54.84614425,54.87154433,55.42942949,0,1
46.82000000,55.02060041,54.81347799,54.82734511,55.37377819,0,1
46.83000000,55.01511927,54.75732573,54.78606906,55.34535300,0,1
46.84000000,54.98581480,54.74824505,54.72558407,55.33517555,0,1
46.85000000,54.98227926,54.71004514,54.76505724,55.29429936,0,1
46.86000000,54.93551205,54.68263016,54.75225285,55.21591240,0,1
46.87000000,54.84701513,54.68048156,54.76305466,55.23253652,0,1
46.88000000,54.84047602,54.61475091,54.70188025,55.23060594,0,1
46.89000000,54.85816296,54.67613708,54.61399216,55.24498610,0,1
46.90000000,54.81123248,54.63329341,54.61851456,55.21935593,0,1
46.91000000,54.82265155,54.55180107,54.60786219,55.27500134,0,1
46.92000000,54.85879739,54.53045065,54.60839542,55.26266651,0,1
46.93000000,54.75340517,54.54494912,54.59102959,55.13640942,0,1
46.94000000,54.77404277,54.51473790,54.62074212,55.14993758,0,1
46.95000000,54.73305721,54.52469110,54.58178374,55.13936392,0,1
46.96000000,54.75368322,54.52917071,54.53028548,55.05672028,0,1
46.97000000,54.71852702,54.49817650,54.51971953,55.08519627,0,1
46.98000000,54.69631971,54.52143587,54.50312492,55.05036525,0,1
46.99000000,54.66576493,54.49419072,54.46838240,55.02223083,0,1
47.00000000,54.65472311,54.48608021,54.43283074,55.07863526,0,1
47.01000000,54.66737230,54.46344352,54.40606077,55.02313156,0,1
47.02000000,54.60970319,54.38784122,54.42691030,55.01646477,0,1
47.03000000,54.62137986,54.36221553,54.43807729,55.06256014,0,1
47.04000000,54.61090418,54.33465653,54.41172163,54.98721149,0,1
47.05000000,54.60806682,54.35972575,54.38465761,54.95486907,0,1
47.06000000,54.59290908,54.35249869,54.31588902,54.93834957,0,1
47.07000000,54.53305118,54.30784651,54.25313253,54.86857189,0,1
47.08000000,54.46685308,54.24670350,54.26528829,54.87644795,0,1
47.09000000,54.48661538,54.24928832,54.27795402,54.82840682,0,1
47.10000000,54.46803045,54.30626436,54.26621296,54.73053318,0,1
47.11000000,54.42764612,54.25852276,54.21565690,54.75513949,0,1
47.12000000,54.44007708,54.25285698,54.13935430,54.74190988,0,1
47.13000000,54.40730395,54.18278004,54.12805105,54.72409632,0,1
47.14000000,54.37800909,54.17161921,54.18640922,54.74760822,0,1
47.15000000,54.42481162,54.13958921,54.17958292,54.71380089,0,1
47.16000000,54.38180116,54.11538702,54.16215577,54.70603945,0,1
47.17000000,54.38097076,54.08143042,54.16657090,54.68773601,0,1
47.18000000,54.33781312,54.07788455,54.10842324,54.66704958,0,1
47.19000000,54.30111815,54.08336182,54.08399072,54.64719504,0,1
47.20000000,54.27534553,54.08330773,54.07513336,54.64507117,0,1
47.21000000,54.22263462,54.02649640,54.05224995,54.57444353,0,1
47.22000000,54.18318792,54.00318420,54.02001930,54.54127984,0,1
47.23000000,54.18455205,53.95510721,54.01750295,54.57073033,0,1
47.24000000,54.21183921,53.98578344,53.97993157,54.55212750,0,1
47.25000000,54.19008306,53.98758414,53.93694650,54.51258690,0,1
47.26000000,54.12464960,53.94788747,53.92523574,54.52879305,0,1
47.27000000,54.16221013,53.91208049,53.92262404,54.49903838,0,1
47.28000000,54.17662206,53.88191085,53.93669337,54.50021266,0,1
47.29000000,54.16342525,53.86724606,53.90467361,54.48142400,0,1
47.30000000,54.10451401,53.85817887,53.84749750,54.43993410,0,1
47.31000000,54.04948254,53.88146687,53.84248802,54.44636292,0,1
47.32000000,54.06029526,53.92005181,53.84728438,54.44186070,0,1
47.33000000,54.04285778,53.86322612,53.85177518,54.36022983,0,1
47.34000000,54.01348399,53.79600568,53.86801178,54.34968529,0,1
47.35000000,53.98489303,53.74615329,53.84825527,54.38697123,0,1
47.36000000,54.01176424,53.76682788,53.79633421,54.37956505,0,1
47.37000000,53.97196796,53.79694533,53.73195987,54.31898160,0,1
47.38000000,53.94766358,53.72093166,53.73817582,54.30048363,0,1
47.39000000,53.92459972,53.68069235,53.73618596,54.31147300,0,1
47.40000000,53.96886977,53.63544103,53.71847461,54.25203119,0,1
47.41000000,53.92565075,53.64327033,53.66550740,54.23552139,0,1
47.42000000,53.90145317,53.67670387,53.60710533,54.22897601,0,1
47.43000000,53.81183172,53.61740939,53.55962688,54.18387273,0,1
47.44000000,53.78736961,53.59340291,53.53587547,54.12335328,0,1
47.45000000,53.87977152,53.57586013,53.57362580,54.08238841,0,1
47.46000000,53.78410325,53.57888853,53.57620206,54.05076076,0,1
47.47000000,53.70284254,53.54864094,53.53799851,54.05569132,0,1
47.48000000,53.66030913,53.54211390,53.53637073,54.10279981,0,1
47.49000000,53.69655098,53.53844263,53.47233643,54.09434576,0,1
47.50000000,53.72858754,53.51386945,53.48595918,54.00208346,0,1
47.51000000,53.70585264,53.47607469,53.46661467,54.06207243,0,1
47.52000000,53.71858171,53.45302471,53.46405050,54.03289208,0,1
47.53000000,53.60872071,53.42712686,53.39700876,53.95186228,0,1
47.54000000,53.70509280,53.42832583,53.41630720,53.99052997,0,1
47.55000000,53.55693829,53.41491452,53.35330099,53.98189326,0,1
47.56000000,53.55174096,53.41578968,53.32514605,53.96666911,0,1
47.57000000,53.51233790,53.38498871,53.35833916,53.87874850,0,1
47.58000000,53.56309805,53.37523586,53.37929936,53.87142622,0,1
47.59000000,53.51945977,53.32546952,53.37684107,53.95294781,0,1
47.60000000,53.52132458,53.28913135,53.26332316,53.86773460,0,1
47.61000000,53.49698627,53.27979204,53.24489946,53.86873950,0,1
47.62000000,53.42473332,53.26946961,53.23988333,53.90499537,0,1
47.63000000,53.49202559,53.24730287,53.27843112,53.79773981,0,1
47.64000000,53.45697213,53.21391302,53.29570746,53.81075365,0,1
47.65000000,53.40770601,53.19707558,53.22433808,53.80857111,0,1
47.66000000,53.41169463,53.20788731,53.24015141,53.75815881,0,1
47.67000000,53.40457072,53.26318434,53.10519985,53.72443466,0,1
47.68000000,53.39175117,53.20448093,53.11226949,53.71813536,0,1
47.69000000,53.28671076,53.14584550,53.09962893,53.63820636,0,1
47.70000000,53.29584551,53.10733198,53.16803467,53.60754691,0,1
47.71000000,53.24923458,53.10607985,53.14004387,53.65158360,0,1
47.72000000,53.29758325,53.10391903,53.11609629,53.67202298,0,1
47.73000000,53.28503388,53.10158666,52.97472531,53.65281342,0,1
47.74000000,53.23920526,53.02610344,52.96039759,53.62039562,0,1
47.75000000,53.20416846,52.96766298,52.94117989,53.64894087,0,1
47.76000000,53.23291572,53.00865758,52.99229966,53.61023543,0,1
47.77000000,53.16322326,52.97803093,52.97093225,53.51374941,0,1
47.78000000,53.20137669,52.97451138,52.92353441,53.53006809,0,1
47.79000000,53.11507235,52.93849571,52.86194138,53.55889616,0,1
47.80000000,53.14465718,52.95484355,52.88879410,53.48156658,0,1
47.81000000,53.08537366,52.94295576,52.89424397,53.39811305,0,1
47.82000000,53.05437217,52.89486534,52.95024836,53.43185405,0,1
47.83000000,53.03255941,52.89523828,52.92449187,53.39003562,0,1
47.84000000,53.04385165,52.83604294,52.92663326,53.43242760,0,1
47.85000000,53.09465162,52.84305263,52.76566766,53.41997909,0,1
47.86000000,53.02766988,52.84955712,52.75601203,53.41434219,0,1
47.87000000,52.91696953,52.78024107,52.77461298,53.40386970,0,1
47.88000000,52.94810056,52.77689633,52.80217335,53.34635526,0,1
47.89000000,52.94923593,52.74746289,52.77906645,53.32031928,0,1
47.90000000,53.02200192,52.74730106,52.72781812,53.32538114,0,1
47.91000000,52.97389951,52.69925986,52.65515442,53.30277590,0,1
47.92000000,52.91852272,52.69962713,52.64198277,53.26806397,0,1
47.93000000,52.84685869,52.70461407,52.68453958,53.23594898,0,1
47.94000000,52.85590128,52.71639197,52.70578253,53.18815524,0,1
47.95000000,52.83208342,52.69616907,52.70093317,53.17782770,0,1
47.96000000,52.83244331,52.65516947,52.66706027,53.19335948,0,1
47.97000000,52.84229093,52.60299532,52.60144102,53.22624860,0,1
47.98000000,52.84811517,52.65112055,52.54339392,53.22246926,0,1
47.99000000,52.83634378,52.65557440,52.55122136,53.20721829,0,1
48.00000000,52.80372572,52.61176903,52.56920394,53.17418572,0,1
48.01000000,52.81603445,52.54466671,52.56562772,53.12580635,0,1
48.02000000,52.79437510,52.53439235,52.59551311,53.14758037,0,1
48.03000000,52.80418833,52.55374286,52.52063903,53.14406680,0,1
48.04000000,52.75491007,52.55336898,52.46295613,53.06125106,0,1
48.05000000,52.71433977,52.53547160,52.44135446,53.01698016,0,1
48.06000000,52.70094451,52.52856176,52.48442269,52.98729500,0,1
48.07000000,52.66691057,52.50857115,52.46480233,52.94374456,0,1
48.08000000,52.63564805,52.50125897,52.45574708,52.97199328,0,1
48.09000000,52.63812828,52.46600946,52.41838772,52.97860467,0,1
48.10000000,52.64151616,52.43408132,52.35578254,52.97613819,0,1
48.11000000,52.62668305,52.42884271,52.37584631,52.98508670,0,1
48.12000000,52.62151282,52.40889356,52.39457769,52.95221783,0,1
48.13000000,52.62744328,52.39378706,52.42191180,52.95550983,0,1
48.14000000,52.58842189,52.36591050,52.38777120,52.92748332,0,1
48.15000000,52.58746152,52.39603444,52.33058878,52.93075642,0,1
48.16000000,52.57595654,52.37738065,52.28017461,52.93973244,0,1
48.17000000,52.54413444,52.33796972,52.29097537,52.90058125,0,1
48.18000000,52.54936290,52.34586235,52.32452025,52.84258261,0,1
48.19000000,52.51605027,52.31899373,52.30610319,52.83886477,0,1
48.20000000,52.49909658,52.30666354,52.25824244,52.86108157,0,1
48.21000000,52.44767801,52.31712086,52.25235437,52.79533025,0,1
48.22000000,52.49065342,52.31667805,52.19664636,52.80614055,0,1
48.23000000,52.51380146,52.31619465,52.24542252,52.90544962,0,1
48.24000000,52.46994397,52.23399572,52.22245146,52.81285991,0,1
48.25000000,52.44367236,52.22832033,52.22849805,52.77085020,0,1
48.26000000,52.36711035,52.17951286,52.18692335,52.78642840,0,1
48.27000000,52.40846472,52.22318562,52.15313565,52.73345805,0,1
48.28000000,52.48132087,52.16333504,52.12900990,52.67506828,0,1
48.29000000,52.39259502,52.14250275,52.10699865,52.69241868,0,1
48.30000000,52.36483913,52.13548916,52.08992270,52.60660726,0,1
48.31000000,52.30975104,52.15337754,52.12818386,52.58191113,0,1
48.32000000,52.31401051,52.20593964,52.11788965,52.64525910,0,1
48.33000000,52.23286468,52.12900190,52.10654379,52.61313257,0,1
48.34000000,52.26524730,52.07286956,52.07390113,52.59135389,0,1
48.35000000,52.25150885,52.05766225,52.00357601,52.68311446,0,1
48.36000000,52.28868277,52.12287862,52.03612942,52.64529548,0,1
48.37000000,52.23813167,52.07657553,51.98497768,52.53551460,0,1
48.38000000,52.22549288,52.05704529,51.99743594,52.58357612,0,1
48.39000000,52.15733777,51.97463425,51.95197447,52.56356838,0,1
48.40000000,52.27625661,52.04840592,51.95804503,52.53252082,0,1
48.41000000,52.21377317,51.97331297,51.91119974,52.53471418,0,1
48.42000000,52.14736639,51.97339251,51.96522115,52.51836601,0,1
48.43000000,52.02766933,51.96723452,51.93201925,52.43145239,0,1
48.44000000,52.20783759,51.95151670,51.91340952,52.46642672,0,1
48.45000000,52.17418227,51.92383059,51.89794836,52.46520437,0,1
48.46000000,52.11943369,51.86059977,51.89137080,52.43787271,0,1
48.47000000,52.03829079,51.87351701,51.83644479,52.45424362,0,1
48.48000000,51.97374404,51.87393153,51.85585956,52.46280781,0,1
48.49000000,52.02700796,51.89303303,51.85614113,52.40244719,0,1
48.50000000,52.05757683,51.85625406,51.90077211,52.38256911,0,1
48.51000000,52.05689276,51.75741108,51.87856454,52.34225605,0,1
48.52000000,52.06743735,51.74617345,51.85079327,52.34409335,0,1
48.53000000,52.05890630,51.78328416,51.77594257,52.33681184,0,1
48.54000000,51.94258285,51.80104232,51.74373736,52.32421620,0,1
48.55000000,51.89252392,51.78593757,51.72766336,52.26766178,0,1
48.56000000,51.94075313,51.74716853,51.75114501,52.25346390,0,1
48.57000000,51.97569804,51.74874020,51.71830479,52.25374975,0,1
48.58000000,52.01477683,51.77262321,51.71023611,52.24658375,0,1
48.59000000,51.97496922,51.72972015,51.63154063,52.22873984,0,1
48.60000000,51.92497140,51.74634565,51.57831393,52.27165526,0,1
48.61000000,51.91523047,51.71272904,51.58228358,52.22642579,0,1
48.62000000,51.97845005,51.72774242,51.58231528,52.20845188,0,1
48.63000000,51.93334130,51.73160547,51.70656850,52.22192937,0,1
48.64000000,51.89750803,51.72881424,51.73299835,52.22831541,0,1
48.65000000,51.91516505,51.74448118,51.70731893,52.17128377,0,1
48.66000000,51.90606143,51.61560386,51.64223047,52.19637029,0,1
48.67000000,51.92674931,51.62519653,51.58867976,52.19285333,0,1
48.68000000,51.86563935,51.65850222,51.58661676,52.14095894,0,1
48.69000000,51.85092980,51.70330288,51.61111043,52.15942496,0,1
48.70000000,51.80051335,51.71064644,51.63700034,52.17811350,0,1
48.71000000,51.83505639,51.66914912,51.63065046,52.11408965,0,1
48.72000000,51.88140967,51.62874848,51.59122128,52.11915611,0,1
48.73000000,51.86440137,51.58438347,51.54459213,52.16119345,0,1
48.74000000,51.85976351,51.63802757,51.50798120,52.13492570,0,1
48.75000000,51.79666740,51.64723003,51.50023837,52.10381998,0,1
48.76000000,51.77675546,51.60190677,51.53017006,52.10080153,0,1
48.77000000,51.79881032,51.58408418,51.54181553,52.07769222,0,1
48.78000000,51.84360215,51.58769223,51.51785437,52.02648620,0,1
48.79000000,51.78152659,51.56034620,51.46508627,52.01224928,0,1
48.80000000,51.74842962,51.54692972,51.44738450,52.00232451,0,1
48.81000000,51.70719509,51.56331805,51.48496263,52.04196181,0,1
48.82000000,51.71804360,51.55885895,51.50666819,52.04626729,0,1
48.83000000,51.73680741,51.58740354,51.45274400,51.97496006,0,1
48.84000000,51.72367972,51.48843543,51.46454763,51.99345361,0,1
48.85000000,51.72737992,51.51237419,51.41873810,52.04030959,0,1
48.86000000,51.68586301,51.51509449,51.47122258,52.06709124,0,1
48.87000000,51.76150285,51.57290673,51.46292171,52.00683430,0,1
48.88000000,51.78418073,51.62143988,51.47720352,52.03368132,0,1
48.89000000,51.82898526,51.62884819,51.43811323,51.99771292,0,1
48.90000000,51.82572045,51.60272553,51.44233892,51.94447278,0,1
48.91000000,51.75487457,51.59883592,51.41752133,51.96699876,0,1
48.92000000,51.71016283,51.57125973,51.43090117,51.96244083,0,1
48.93000000,51.69237871,51.53218806,51.45970832,51.94634966,0,1
48.94000000,51.68744438,51.50212935,51.45974921,52.00762594,0,1
48.95000000,51.70279514,51.50478789,51.43467209,51.98082971,0,1
48.96000000,51.69847176,51.54818229,51.42562145,51.97388549,0,1
48.97000000,51.69906113,51.53176974,51.39787274,51.98785284,0,1
48.98000000,51.65364997,51.52814958,51.37125788,52.03301011,0,1
48.99000000,51.67939963,51.47689260,51.41808382,52.01180643,0,1
49.00000000,51.75565304,51.47448017,51.37669206,52.04022385,0,1
49.01000000,51.68893960,51.52025755,51.35894785,51.94272277,0,1
49.02000000,51.64911616,51.45844982,51.39814854,51.94356403,0,1
49.03000000,51.64548011,51.52490993,51.38324225,51.94006256,0,1
49.04000000,51.69439818,51.48973007,51.38533649,51.90091248,0,1
49.05000000,51.71854153,51.53447948,51.32898284,51.85495521,0,1
49.06000000,51.69308471,51.49272849,51.33356439,51.88846551,0,1
49.07000000,51.63526647,51.50223491,51.39539564,51.91039379,0,1
49.08000000,51.61454374,51.54438459,51.41891465,51.94176368,0,1
49.09000000,51.76123937,51.58966883,51.45074249,51.93647548,0,1
49.10000000,51.70523819,51.59094129,51.31508898,51.94750994,0,1
49.11000000,51.68365928,51.52890054,51.33446957,51.98273831,0,1
49.12000000,51.71205350,51.49034798,51.37150412,51.96776477,0,1
49.13000000,51.75191519,51.57780891,51.45547082,51.95508623,0,1
49.14000000,51.70044602,51.51849990,51.44021712,52.02032273,0,1
49.15000000,51.68810579,51.55610789,51.39825389,51.98584935,0,1
49.16000000,51.66800038,51.53197211,51.39086837,51.93358138,0,1
49.17000000,51.69494739,51.50893624,51.36605498,51.94681564,0,1
49.18000000,51.77903620,51.49307687,51.44151420,51.93399998,0,1
49.19000000,51.73655071,51.56585860,51.42738863,51.96238507,0,1
49.20000000,51.71793607,51.57219135,51.43643168,51.98304645,0,1
49.21000000,51.73675868,51.64037355,51.41320128,52.00405969,0,1
49.22000000,51.78259155,51.55883483,51.41595491,52.00806573,0,1
49.23000000,51.76472677,51.60355801,51.43416722,52.01477762,0,1
49.24000000,51.80024599,51.59726519,51.46449803,51.98365386,0,1
49.25000000,51.81656998,51.68551906,51.45137884,51.99581989,0,1
49.26000000,51.77301563,51.69127702,51.48007310,52.00970361,0,1
49.27000000,51.82015359,51.65444396,51.45376426,51.99506442,0,1
49.28000000,51.83126258,51.64105090,51.47964166,52.00802022,0,1
49.29000000,51.81835740,51.58896482,51.45459857,51.99061523,0,1
49.30000000,51.81486763,51.64397085,51.44775509,52.00389653,0,1
49.31000000,51.80094976,51.67097734,51.50618825,52.04610584,0,1
49.32000000,51.82290279,51.65688953,51.54981506,52.07218027,0,1
49.33000000,51.80842205,51.66880205,51.55718683,52.09936592,0,1
49.34000000,51.83967479,51.60859114,51.51692960,52.02837824,0,1
49.35000000,51.82707933,51.62521049,51.44242775,52.06307992,0,1
49.36000000,51.82138403,51.65796961,51.43796926,52.10534646,0,1
49.37000000,51.84112266,51.70073994,51.47711005,52.09529512,0,1
49.38000000,51.83473253,51.70861880,51.56437839,52.07119340,0,1
49.39000000,51.87747035,51.72004949,51.59613797,52.08924897,0,1
49.40000000,51.87884996,51.67213489,51.57485102,52.07930605,0,1
49.41000000,51.89591753,51.67330026,51.58213824,52.05076088,0,1
49.42000000,51.83961250,51.67673955,51.53655491,52.09380158,0,1
49.43000000,51.86132147,51.69503718,51.57993638,52.11560394,0,1
49.44000000,51.88201450,51.72553734,51.63096877,52.11418401,0,1
49.45000000,51.91954304,51.74726623,51.63998364,52.15877028,0,1
49.46000000,51.91968886,51.73578082,51.64421601,52.11944567,0,1
49.47000000,51.93893249,51.74526680,51.58690678,52.13171935,0,1
49.48000000,51.95252821,51.76560559,51.56924833,52.21979609,0,1
49.49000000,51.94496325,51.77659497,51.61058941,52.22823493,0,1
49.50000000,51.97059064,51.80841797,51.66549398,52.22691437,0,1
49.51000000,51.94982538,51.84219690,51.70766216,52.24761317,0,1
49.52000000,52.02778091,51.84668242,51.68658890,52.19418457,0,1
49.53000000,51.99998654,51.81819196,51.64870361,52.19432993,0,1
49.54000000,51.95012506,51.79373745,51.62646955,52.21039323,0,1
49.55000000,51.96333605,51.80275452,51.64562417,52.19664413,0,1
49.56000000,52.00816902,51.81104212,51.68332138,52.25825990,0,1
49.57000000,52.05101130,51.82439201,51.71227452,52.25285637,0,1
49.58000000,52.01325024,51.85045960,51.72745407,52.20764517,0,1
49.59000000,52.03048754,51.84268500,51.72258546,52.24135494,0,1
49.60000000,52.05827381,51.86138368,51.71151576,52.25659502,0,1
49.61000000,52.04773805,51.85588540,51.67292723,52.25571290,0,1
49.62000000,52.09161448,51.88131902,51.71286506,52.31909927,0,1
49.63000000,52.09342330,51.87865860,51.71984512,52.28107626,0,1
49.64000000,52.09266216,51.91981321,51.77133832,52.23048696,0,1
49.65000000,52.06520442,51.92202161,51.76409562,52.28437746,0,1
49.66000000,52.04201673,51.92430230,51.76290001,52.18849667,0,1
49.67000000,52.02177555,51.91416824,51.75110359,52.17678060,0,1
49.68000000,52.10443526,51.89617140,51.76911186,52.31413734,0,1
49.69000000,52.12185004,51.93477812,51.83435681,52.30493560,0,1
49.70000000,52.13525708,51.89201098,51.79608835,52.28194998,0,1
49.71000000,52.11052580,51.93740188,51.81689415,52.35389556,0,1
49.72000000,52.10787307,51.89979721,51.85408901,52.38374427,0,1
49.73000000,52.13634394,51.99572564,51.79378569,52.33376501,0,1
49.74000000,52.12167654,51.96157646,51.82064916,52.40395290,0,1
49.75000000,52.22241245,52.03190553,51.85257275,52.47035300,0,1
49.76000000,52.11017073,51.98200112,51.85331689,52.40574241,0,1
49.77000000,52.19169874,51.99250771,51.87472998,52.42680664,0,1
49.78000000,52.18448756,51.98915582,51.85175351,52.40462788,0,1
49.79000000,52.15969666,52.00779257,51.84648372,52.38365907,0,1
49.80000000,52.12749586,51.99970809,51.82684796,52.30525926,0,1
49.81000000,52.15974402,51.94542390,51.86698811,52.42840079,0,1
49.82000000,52.19638471,51.96941934,51.96657057,52.41511740,0,1
49.83000000,52.21260766,51.98889730,51.95671160,52.40099968,0,1
49.84000000,52.22272042,52.01781399,51.97824283,52.46526768,0,1
49.85000000,52.17860170,52.01696768,51.89525413,52.46244597,0,1
49.86000000,52.17392891,52.06089296,51.85918022,52.45790067,0,1
49.87000000,52.26964869,52.04909675,51.94932514,52.51759631,0,1
49.88000000,52.27819694,52.10125762,51.89354162,52.47462725,0,1
49.89000000,52.25483381,52.10646768,51.92153214,52.45620182,0,1
49.90000000,52.26366905,52.10479502,51.96216036,52.49010986,0,1
49.91000000,52.26142100,52.09774897,51.96948315,52.47187918,0,1
49.92000000,52.27038333,52.09647929,51.95144951,52.45748183,0,1
49.93000000,52.28915751,52.08708060,51.94938390,52.46740440,0,1
49.94000000,52.26863973,52.07610907,51.97310141,52.51510816,0,1
49.95000000,52.28698980,52.11904454,51.98985998,52.54343031,0,1
49.96000000,52.26897706,52.09198537,52.02520110,52.53697378,0,1
49.97000000,52.34399124,52.11159091,52.02205903,52.56738655,0,1
49.98000000,52.34479945,52.11874044,51.96308436,52.55472590,0,1
49.99000000,52.34586217,52.17028548,51.98463867,52.56845753,0,1
