time_s,wheel0_corrected_rad_s,wheel1_corrected_rad_s,wheel2_corrected_rad_s,wheel3_corrected_rad_s,FL_blowout_signal,RR_blowout_signal
0.00000000,69.50393027,69.28051494,69.00561765,69.18738920,0,0
0.01000000,69.52808365,69.29287279,69.04687318,69.19053376,0,0
0.02000000,69.54026303,69.24312073,69.05644550,69.17235823,0,0
0.03000000,69.53008179,69.21670020,69.03054992,69.18247371,0,0
0.04000000,69.55834049,69.23244169,69.05243580,69.18094058,0,0
0.05000000,69.58785041,69.25975355,69.07409538,69.23564437,0,0
0.06000000,69.55757578,69.35425538,69.11030059,69.23752611,0,0
0.07000000,69.51563838,69.29908944,69.10966578,69.24431034,0,0
0.08000000,69.49814207,69.25624333,69.10461807,69.26236144,0,0
0.09000000,69.56135957,69.20550488,69.11580712,69.22966156,0,0
0.10000000,69.56302805,69.24754160,69.12840026,69.25801963,0,0
0.11000000,69.50731753,69.24476361,69.15007691,69.22286953,0,0
0.12000000,69.52603864,69.27603174,69.14841127,69.20854173,0,0
0.13000000,69.55135326,69.23556746,69.13605455,69.20688820,0,0
0.14000000,69.55523761,69.24168422,69.07427948,69.21570698,0,0
0.15000000,69.54837938,69.22954953,69.10735629,69.25781379,0,0
0.16000000,69.50347515,69.26435569,69.12300139,69.26484348,0,0
0.17000000,69.49812289,69.27701794,69.11007706,69.22278590,0,0
0.18000000,69.53073492,69.26760100,69.11056949,69.20528418,0,0
0.19000000,69.53086913,69.22996644,69.13839144,69.20242430,0,0
0.20000000,69.53231790,69.23559437,69.14249336,69.22053934,0,0
0.21000000,69.55880393,69.27126751,69.09042500,69.29050360,0,0
0.22000000,69.56863359,69.31559918,69.10387640,69.29978810,0,0
0.23000000,69.56882327,69.27313156,69.11548657,69.29747215,0,0
0.24000000,69.56329763,69.25711714,69.10774159,69.25571267,0,0
0.25000000,69.59560540,69.26167508,69.11412492,69.24304532,0,0
0.26000000,69.59612756,69.30094603,69.09708176,69.32391579,0,0
0.27000000,69.55286064,69.33948401,69.12923798,69.25660777,0,0
0.28000000,69.52458514,69.31272697,69.11645077,69.25675658,0,0
0.29000000,69.50616450,69.29652567,69.20680992,69.24428287,0,0
0.30000000,69.60104330,69.23109274,69.15765072,69.24011531,0,0
0.31000000,69.55971678,69.30544236,69.09794838,69.28039592,0,0
0.32000000,69.58579046,69.28075318,69.07156374,69.26836144,0,0
0.33000000,69.51759179,69.31547643,69.09348865,69.23441971,0,0
0.34000000,69.52624953,69.30543146,69.08953798,69.23960496,0,0
0.35000000,69.52765598,69.30119512,69.09377396,69.24106834,0,0
0.36000000,69.55232900,69.27892173,69.09870342,69.27184267,0,0
0.37000000,69.57301882,69.28927463,69.09120625,69.29016014,0,0
0.38000000,69.54853005,69.27526852,69.10257083,69.22276987,0,0
0.39000000,69.57375565,69.24028084,69.12796325,69.23260113,0,0
0.40000000,69.55927906,69.25113259,69.12846337,69.24339621,0,0
0.41000000,69.55931505,69.29967251,69.14188067,69.28377424,0,0
0.42000000,69.58961647,69.34383953,69.13302936,69.30963617,0,0
0.43000000,69.56283389,69.32241673,69.09428569,69.27694392,0,0
0.44000000,69.55563780,69.28142933,69.13881934,69.25816232,0,0
0.45000000,69.58150799,69.30008195,69.10608473,69.24280103,0,0
0.46000000,69.56228697,69.29693432,69.20752523,69.21721160,0,0
0.47000000,69.53690589,69.31748186,69.17568179,69.25220508,0,0
0.48000000,69.56982493,69.25287018,69.12470568,69.26831246,0,0
0.49000000,69.55526083,69.28362304,69.12176118,69.33003362,0,0
0.50000000,69.61110295,69.26307109,69.07492018,69.32342989,0,0
0.51000000,69.57956511,69.35091811,69.08764850,69.34359990,0,0
0.52000000,69.52779528,69.29739799,69.06350147,69.31845399,0,0
0.53000000,69.53856478,69.28323734,69.06437817,69.27022048,0,0
0.54000000,69.56785461,69.32722515,69.07327142,69.19450513,0,0
0.55000000,69.53648391,69.30852982,69.06850506,69.20362388,0,0
0.56000000,69.48924344,69.27171717,69.07871134,69.22016419,0,0
0.57000000,69.54157462,69.23955630,69.09830827,69.21910931,0,0
0.58000000,69.57743036,69.24137955,69.10078412,69.25296290,0,0
0.59000000,69.53224366,69.26949760,69.12258364,69.27780108,0,0
0.60000000,69.47946596,69.27549145,69.10130101,69.29276121,0,0
0.61000000,69.46051258,69.22108498,69.11054548,69.29729048,0,0
0.62000000,69.54683887,69.28762072,69.12044483,69.27326726,0,0
0.63000000,69.57918808,69.31786508,69.13507855,69.26994157,0,0
0.64000000,69.51882094,69.30960343,69.15909241,69.28261701,0,0
0.65000000,69.50830382,69.29256669,69.19661366,69.28758223,0,0
0.66000000,69.58819445,69.33517015,69.16041237,69.29779926,0,0
0.67000000,69.62702076,69.19646488,69.12498584,69.28706839,0,0
0.68000000,69.58516607,69.21722636,69.15397075,69.27117986,0,0
0.69000000,69.56767975,69.24656388,69.11172360,69.30223049,0,0
0.70000000,69.55780204,69.37506539,69.09485287,69.29014559,0,0
0.71000000,69.52624528,69.37349802,69.11626367,69.31614556,0,0
0.72000000,69.52568215,69.31914494,69.18754520,69.28742126,0,0
0.73000000,69.47546365,69.27901712,69.17786339,69.32079839,0,0
0.74000000,69.60176255,69.28615318,69.13478028,69.26130658,0,0
0.75000000,69.68091126,69.33080099,69.10008415,69.23034145,0,0
0.76000000,69.61889194,69.26959377,69.06087189,69.22081242,0,0
0.77000000,69.58177818,69.27015826,69.08668806,69.22290217,0,0
0.78000000,69.52803267,69.27952683,69.08588573,69.28002243,0,0
0.79000000,69.56026786,69.31428142,69.07661834,69.30182224,0,0
0.80000000,69.51207063,69.28451208,69.05771495,69.32326614,0,0
0.81000000,69.54630260,69.28652285,69.07377991,69.27406271,0,0
0.82000000,69.56180656,69.26332898,69.10388337,69.19213380,0,0
0.83000000,69.56299514,69.27440359,69.12797295,69.18514037,0,0
0.84000000,69.51616396,69.23126469,69.15472662,69.24695315,0,0
0.85000000,69.52319224,69.25631674,69.12648695,69.25594357,0,0
0.86000000,69.54378991,69.26972273,69.11243583,69.25839905,0,0
0.87000000,69.57738982,69.29329505,69.06167362,69.26181965,0,0
0.88000000,69.51085961,69.26857824,69.03485491,69.23986606,0,0
0.89000000,69.49523793,69.30688774,69.09992837,69.25377820,0,0
0.90000000,69.54815114,69.27233489,69.07221999,69.24204188,0,0
0.91000000,69.52653159,69.24461962,69.14677165,69.29698598,0,0
0.92000000,69.54231684,69.21474955,69.11987070,69.26345133,0,0
0.93000000,69.54812937,69.27321024,69.13395275,69.32839665,0,0
0.94000000,69.57855328,69.34054111,69.11538894,69.27932511,0,0
0.95000000,69.59910754,69.36484932,69.10424458,69.28773134,0,0
0.96000000,69.56319015,69.28219267,69.13273302,69.31928692,0,0
0.97000000,69.57418830,69.23186431,69.11529241,69.23864835,0,0
0.98000000,69.61487276,69.27187086,69.11134493,69.25583403,0,0
0.99000000,69.59168912,69.31806011,69.11607566,69.23069486,0,0
1.00000000,69.55634407,69.33839315,69.12040218,69.22445626,0,0
1.01000000,69.51409297,69.29673097,69.10795569,69.21948949,0,0
1.02000000,69.55742328,69.27999823,69.08224358,69.24664509,0,0
1.03000000,69.63226733,69.27227232,69.09052344,69.28566928,0,0
1.04000000,69.58750878,69.29780041,69.13861596,69.28219394,0,0
1.05000000,69.56204329,69.27867436,69.10777302,69.25747022,0,0
1.06000000,69.51364765,69.28502731,69.07574208,69.21452172,0,0
1.07000000,69.55496471,69.28436010,69.07689569,69.21277500,0,0
1.08000000,69.59717614,69.34352803,69.11504292,69.21168758,0,0
1.09000000,69.49323370,69.28114111,69.07838094,69.22698246,0,0
1.10000000,69.53573800,69.17609142,69.08491723,69.25957415,0,0
1.11000000,69.51847417,69.26246772,69.06232029,69.26380876,0,0
1.12000000,69.62777540,69.27519448,69.11513829,69.29099309,0,0
1.13000000,69.62454495,69.32080555,69.10911756,69.27910424,0,0
1.14000000,69.43662685,69.23160889,69.11133764,69.30043134,0,0
1.15000000,69.41673746,69.22994924,69.11419418,69.29457807,0,0
1.16000000,69.50023572,69.26303671,69.10923377,69.29337462,0,0
1.17000000,69.57437544,69.29055937,69.15104545,69.28425526,0,0
1.18000000,69.58072511,69.28318294,69.17771103,69.27806414,0,0
1.19000000,69.55258085,69.26307175,69.15703843,69.26499061,0,0
1.20000000,69.57544515,69.27840195,69.11347705,69.28443950,0,0
1.21000000,69.58578840,69.27595896,69.10384551,69.30715760,0,0
1.22000000,69.55608202,69.32684548,69.13809920,69.28549810,0,0
1.23000000,69.53554412,69.28590436,69.10236216,69.29075400,0,0
1.24000000,69.54263906,69.29614523,69.10715308,69.25224038,0,0
1.25000000,69.56594151,69.28301097,69.13691981,69.25589755,0,0
1.26000000,69.53241048,69.26814619,69.15291262,69.24999220,0,0
1.27000000,69.45054967,69.26949199,69.27653365,69.23489497,0,0
1.28000000,69.58546252,69.29771950,69.10839842,69.26680238,0,0
1.29000000,69.54646669,69.30261821,69.02152542,69.26003203,0,0
1.30000000,69.53651525,69.21075501,69.03729823,69.25766258,0,0
1.31000000,69.50519001,69.27092221,69.04153330,69.25958088,0,0
1.32000000,69.56917572,69.27448359,69.03444447,69.23170924,0,0
1.33000000,69.57374782,69.32660085,69.01894204,69.24893268,0,0
1.34000000,69.56166420,69.24326332,69.04905769,69.21993526,0,0
1.35000000,69.50223018,69.23731749,69.12664874,69.24809959,0,0
1.36000000,69.47992256,69.26323997,69.15603470,69.23189207,0,0
1.37000000,69.50550934,69.28466982,69.13652819,69.25427605,0,0
1.38000000,69.52363125,69.26995868,69.12059122,69.25366827,0,0
1.39000000,69.57936329,69.23233952,69.13174873,69.26051627,0,0
1.40000000,69.62649533,69.25736981,69.13074872,69.23321562,0,0
1.41000000,69.56014369,69.29136541,69.10895140,69.25569733,0,0
1.42000000,69.53192713,69.30598529,69.12950768,69.27367826,0,0
1.43000000,69.50874919,69.30931773,69.09292959,69.27346349,0,0
1.44000000,69.56061852,69.28854684,69.07746548,69.24462707,0,0
1.45000000,69.59360697,69.31597317,69.08313621,69.27451547,0,0
1.46000000,69.54748744,69.27140297,69.09842979,69.26731592,0,0
1.47000000,69.60524667,69.30315153,69.09334524,69.28565095,0,0
1.48000000,69.55339813,69.25658516,69.09469624,69.27708536,0,0
1.49000000,69.59733657,69.26827405,69.08265567,69.23438470,0,0
1.50000000,69.54668596,69.32089908,69.12534245,69.22676922,0,0
1.51000000,69.63809259,69.35952692,69.05187039,69.22456610,0,0
1.52000000,69.55673597,69.33011441,69.05672667,69.21870357,0,0
1.53000000,69.50876410,69.25888023,69.08787872,69.22551205,0,0
1.54000000,69.48473004,69.21455089,69.13112096,69.25272642,0,0
1.55000000,69.56582366,69.22791021,69.15194179,69.28753622,0,0
1.56000000,69.58179553,69.33931502,69.09460637,69.25834522,0,0
1.57000000,69.55464826,69.30451943,69.12259661,69.26309631,0,0
1.58000000,69.54407719,69.30398059,69.10901642,69.24389580,0,0
1.59000000,69.53924546,69.27101412,69.09848352,69.25301080,0,0
1.60000000,69.57134651,69.29408704,69.07903417,69.32268752,0,0
1.61000000,69.56864533,69.30896167,69.10175236,69.28772295,0,0
1.62000000,69.54444295,69.30531786,69.12196248,69.24275588,0,0
1.63000000,69.53367807,69.26861005,69.13533220,69.24083512,0,0
1.64000000,69.57806728,69.28491919,69.14353804,69.23609367,0,0
1.65000000,69.55466497,69.25844802,69.18618572,69.28775428,0,0
1.66000000,69.49757479,69.28997205,69.18923430,69.34010080,0,0
1.67000000,69.50852562,69.28467980,69.13518037,69.29809330,0,0
1.68000000,69.53316345,69.28807025,69.11152219,69.27313818,0,0
1.69000000,69.63307533,69.25259073,69.12159574,69.23166653,0,0
1.70000000,69.54870178,69.25117337,69.09455076,69.22601229,0,0
1.71000000,69.52547042,69.30866288,69.12431634,69.25214749,0,0
1.72000000,69.56219463,69.30497904,69.11838005,69.23035195,0,0
1.73000000,69.62443159,69.32958579,69.11094463,69.28423834,0,0
1.74000000,69.60825438,69.25621322,69.06187386,69.27072055,0,0
1.75000000,69.52347097,69.23949644,69.06424722,69.27565163,0,0
1.76000000,69.54443448,69.26345876,69.16530182,69.28264746,0,0
1.77000000,69.57196811,69.29230969,69.20858503,69.26480398,0,0
1.78000000,69.57133625,69.32351077,69.18558293,69.26793266,0,0
1.79000000,69.55001030,69.30413579,69.15224871,69.26833779,0,0
1.80000000,69.56583746,69.27306168,69.12116879,69.24634249,0,0
1.81000000,69.57936501,69.24337350,69.11414845,69.27738751,0,0
1.82000000,69.63712127,69.26170448,69.14467685,69.31334381,0,0
1.83000000,69.61792048,69.26938620,69.12429341,69.26180703,0,0
1.84000000,69.59947515,69.27490906,69.13694804,69.25955182,0,0
1.85000000,69.58704696,69.28784029,69.08689163,69.26805715,0,0
1.86000000,69.54726727,69.32519378,69.14506696,69.26370941,0,0
1.87000000,69.59915601,69.33837100,69.18587131,69.29046974,0,0
1.88000000,69.57012198,69.32656635,69.19292862,69.28561985,0,0
1.89000000,69.56053062,69.24983494,69.16490346,69.26362558,0,0
1.90000000,69.58755723,69.25343408,69.14971103,69.26705421,0,0
1.91000000,69.68623976,69.33051586,69.19570072,69.27778012,0,0
1.92000000,69.58554151,69.27658458,69.10485241,69.26934793,0,0
1.93000000,69.61542861,69.29242538,69.12558075,69.28132247,0,0
1.94000000,69.60005270,69.25104000,69.11705323,69.26952792,0,0
1.95000000,69.58601493,69.32509260,69.10593782,69.23567015,0,0
1.96000000,69.59327011,69.31576297,69.06754727,69.26351595,0,0
1.97000000,69.57910207,69.31604344,69.10253633,69.22018453,0,0
1.98000000,69.57085523,69.28741470,69.15053128,69.21644895,0,0
1.99000000,69.61875209,69.29010400,69.18240834,69.21512322,0,0
2.00000000,69.61087904,69.32492089,69.17223479,69.23307115,0,0
2.01000000,69.58674557,69.27883018,69.15301641,69.29977313,0,0
2.02000000,69.59804469,69.27119200,69.15341637,69.30413815,0,0
2.03000000,69.58416661,69.19946128,69.13987246,69.25606582,0,0
2.04000000,69.56800934,69.22639991,69.14641740,69.28046330,0,0
2.05000000,69.61447513,69.27035358,69.18894491,69.28460886,0,0
2.06000000,69.57293777,69.32260214,69.16598371,69.27342192,0,0
2.07000000,69.54690965,69.36957125,69.18730766,69.28662339,0,0
2.08000000,69.55387865,69.24860386,69.15700393,69.24473357,0,0
2.09000000,69.52612632,69.26286167,69.16411074,69.23637288,0,0
2.10000000,69.61737899,69.21057479,69.10506307,69.26618500,0,0
2.11000000,69.60063151,69.33875746,69.14823361,69.23429783,0,0
2.12000000,69.59246748,69.32761402,69.10952201,69.25550265,0,0
2.13000000,69.61342862,69.32429612,69.11680540,69.28432588,0,0
2.14000000,69.65385001,69.31155417,69.13718588,69.28854128,0,0
2.15000000,69.61788179,69.27228208,69.13644350,69.32499507,0,0
2.16000000,69.62855268,69.28440888,69.20580536,69.31903760,0,0
2.17000000,69.58292253,69.27841545,69.19459012,69.27491086,0,0
2.18000000,69.54462816,69.33577468,69.18394360,69.23150728,0,0
2.19000000,69.59053648,69.31182952,69.15000937,69.24045838,0,0
2.20000000,69.55993618,69.26079508,69.18187244,69.23655794,0,0
2.21000000,69.52482276,69.18700970,69.16135350,69.27702384,0,0
2.22000000,69.53055238,69.27858950,69.13816018,69.28265527,0,0
2.23000000,69.61395041,69.38817607,69.11120371,69.23080056,0,0
2.24000000,69.60987055,69.33455692,69.03640200,69.20876122,0,0
2.25000000,69.58996746,69.20955566,69.03871276,69.19242205,0,0
2.26000000,69.53442863,69.17525216,69.06464857,69.18934377,0,0
2.27000000,69.54763389,69.22797875,69.07559168,69.25369726,0,0
2.28000000,69.55276011,69.28466100,69.08857169,69.28111394,0,0
2.29000000,69.49870826,69.30472170,69.08538199,69.25010388,0,0
2.30000000,69.50138141,69.23641225,69.13617888,69.24699872,0,0
2.31000000,69.54838718,69.20531795,69.15111715,69.24443349,0,0
2.32000000,69.54589510,69.24510075,69.15864265,69.28514177,0,0
2.33000000,69.51083558,69.33679924,69.18498034,69.30437980,0,0
2.34000000,69.48851333,69.32459832,69.20030519,69.30462166,0,0
2.35000000,69.51340166,69.27264300,69.11941429,69.25781854,0,0
2.36000000,69.54619514,69.19960208,69.09153275,69.27430534,0,0
2.37000000,69.55340895,69.19048078,69.08929628,69.30715413,0,0
2.38000000,69.52136426,69.19478686,69.14020339,69.29572000,0,0
2.39000000,69.55393433,69.25853042,69.15890794,69.29875400,0,0
2.40000000,69.56699981,69.28876816,69.15625871,69.28135838,0,0
2.41000000,69.55768914,69.26942911,69.14780133,69.29783333,0,0
2.42000000,69.55233193,69.23902112,69.12467039,69.27581339,0,0
2.43000000,69.54121649,69.22296936,69.13217700,69.23951600,0,0
2.44000000,69.54007729,69.26826162,69.14700602,69.23044872,0,0
2.45000000,69.58102815,69.28540037,69.12750498,69.20063640,0,0
2.46000000,69.57772349,69.24820398,69.12296278,69.17275959,0,0
2.47000000,69.54115888,69.22091410,69.09697866,69.24101204,0,0
2.48000000,69.56826411,69.25392963,69.10134013,69.28446260,0,0
2.49000000,69.56465548,69.26421128,69.11924801,69.28303374,0,0
2.50000000,69.56728937,69.27717438,69.08961978,69.27314942,0,0
2.51000000,69.57166693,69.27714630,69.10061204,69.24167846,0,0
2.52000000,69.61653765,69.21872201,69.12979477,69.19132755,0,0
2.53000000,69.58987982,69.26259534,69.11361789,69.23639109,0,0
2.54000000,69.64216779,69.25745055,69.09936107,69.22930868,0,0
2.55000000,69.54429666,69.29551609,69.08445579,69.24550215,0,0
2.56000000,69.56665700,69.26395149,69.11901362,69.22270019,0,0
2.57000000,69.55792901,69.23888637,69.08561799,69.18411433,0,0
2.58000000,69.55251113,69.23010605,69.12077189,69.20799322,0,0
2.59000000,69.54375730,69.26312397,69.08839060,69.22513037,0,0
2.60000000,69.55988862,69.27334405,69.09021943,69.22279577,0,0
2.61000000,69.56326788,69.24228567,69.11092912,69.18667827,0,0
2.62000000,69.57583275,69.19314358,69.09800078,69.20518591,0,0
2.63000000,69.62683719,69.22489214,69.07399535,69.21582619,0,0
2.64000000,69.60038806,69.30786210,69.08748246,69.20416796,0,0
2.65000000,69.53108418,69.29041654,69.08895351,69.20613072,0,0
2.66000000,69.54353609,69.25531922,69.09958757,69.19077071,0,0
2.67000000,69.60620327,69.26094032,69.09318413,69.22276330,0,0
2.68000000,69.57429837,69.32654816,69.14385700,69.21942677,0,0
2.69000000,69.53485498,69.26768578,69.11197648,69.24337904,0,0
2.70000000,69.51412000,69.23682844,69.15268848,69.24627026,0,0
2.71000000,69.58997444,69.29341322,69.12850302,69.26135212,0,0
2.72000000,69.64988234,69.24028327,69.10561874,69.26211906,0,0
2.73000000,69.67465969,69.28841965,69.12145636,69.25766957,0,0
2.74000000,69.57316311,69.21947623,69.12265771,69.25796841,0,0
2.75000000,69.43689854,69.27128194,69.14169087,69.23947410,0,0
2.76000000,69.53847771,69.29784693,69.12775160,69.24598783,0,0
2.77000000,69.54634906,69.30488402,69.17655890,69.23618523,0,0
2.78000000,69.61444687,69.28774563,69.14317324,69.25328434,0,0
2.79000000,69.60881159,69.27667055,69.12922811,69.26576791,0,0
2.80000000,69.60594704,69.30366104,69.15524696,69.25391820,0,0
2.81000000,69.59072947,69.29686310,69.17457528,69.25583723,0,0
2.82000000,69.57117789,69.26334927,69.16868361,69.25261129,0,0
2.83000000,69.53149011,69.26866418,69.12707153,69.27090703,0,0
2.84000000,69.53685701,69.27978333,69.05933646,69.27821035,0,0
2.85000000,69.59361224,69.29706845,69.09186360,69.25494551,0,0
2.86000000,69.55020979,69.27251336,69.13550365,69.21891800,0,0
2.87000000,69.54875973,69.25390533,69.25452212,69.25004492,0,0
2.88000000,69.61349064,69.27851728,69.26200392,69.23604322,0,0
2.89000000,69.53471397,69.29447965,69.14330235,69.22611712,0,0
2.90000000,69.52115398,69.25089994,69.06553738,69.27135306,0,0
2.91000000,69.49974945,69.24654268,69.06560020,69.24834705,0,0
2.92000000,69.58210550,69.28274084,69.10191362,69.28131309,0,0
2.93000000,69.59401902,69.29416346,69.16096409,69.26696562,0,0
2.94000000,69.60616753,69.27666529,69.16835351,69.25380802,0,0
2.95000000,69.54932411,69.29275698,69.12888404,69.28774673,0,0
2.96000000,69.52165693,69.29424898,69.12473065,69.28191842,0,0
2.97000000,69.60380185,69.29094854,69.16950461,69.27364567,0,0
2.98000000,69.63030099,69.26347278,69.18416273,69.26750821,0,0
2.99000000,69.60566178,69.26137712,69.15714167,69.25714523,0,0
3.00000000,69.56069195,69.30674805,69.13819894,69.26963551,0,0
3.01000000,69.52184155,69.30812840,69.14471609,69.24224828,0,0
3.02000000,69.54359950,69.28587492,69.18323352,69.27510336,0,0
3.03000000,69.63020989,69.26099855,69.15772630,69.26708900,0,0
3.04000000,69.61549358,69.24571794,69.09416284,69.26094299,0,0
3.05000000,69.60110918,69.30196789,69.09939631,69.23830421,0,0
3.06000000,69.54174720,69.31018603,69.13497385,69.25557641,0,0
3.07000000,69.58534332,69.29443101,69.13615241,69.26342668,0,0
3.08000000,69.55763776,69.26137697,69.13480143,69.26681548,0,0
3.09000000,69.58261109,69.23502494,69.09408703,69.27982392,0,0
3.10000000,69.58510801,69.25254641,69.12185511,69.25894289,0,0
3.11000000,69.55968637,69.30165340,69.11074793,69.23715597,0,0
3.12000000,69.54858571,69.26714353,69.20471886,69.22243126,0,0
3.13000000,69.53389090,69.27652048,69.22367770,69.27294327,0,0
3.14000000,69.56404525,69.26197525,69.17929544,69.25119364,0,0
3.15000000,69.58318263,69.26722945,69.12174399,69.30181789,0,0
3.16000000,69.60201183,69.27156705,69.06294496,69.30067333,0,0
3.17000000,69.59109880,69.29246017,69.13198026,69.26962011,0,0
3.18000000,69.57813485,69.27622635,69.11663321,69.25460706,0,0
3.19000000,69.54715139,69.27705066,69.16878408,69.25911312,0,0
3.20000000,69.57798973,69.27690412,69.20302825,69.30337836,0,0
3.21000000,69.59284983,69.29973231,69.16292422,69.31335641,0,0
3.22000000,69.58727987,69.27196902,69.13968260,69.30392440,0,0
3.23000000,69.56652938,69.26911371,69.15620148,69.27145981,0,0
3.24000000,69.56164387,69.28179013,69.19777796,69.24187504,0,0
3.25000000,69.57388430,69.30784858,69.20863422,69.26218794,0,0
3.26000000,69.65681696,69.30290280,69.18280441,69.29230190,0,0
3.27000000,69.62962673,69.25720755,69.14223979,69.25640047,0,0
3.28000000,69.58029253,69.28143668,69.11135223,69.30300131,0,0
3.29000000,69.57319441,69.30843415,69.09670125,69.29468764,0,0
3.30000000,69.57434591,69.31266740,69.14483625,69.25433515,0,0
3.31000000,69.55451684,69.35039243,69.13242092,69.27302628,0,0
3.32000000,69.60518078,69.28584525,69.16139095,69.23100303,0,0
3.33000000,69.61408148,69.29360058,69.13720390,69.26938021,0,0
3.34000000,69.62181564,69.30115408,69.16255340,69.27170231,0,0
3.35000000,69.57303080,69.30351260,69.15263174,69.28002590,0,0
3.36000000,69.63133155,69.30523310,69.16759422,69.25523751,0,0
3.37000000,69.56217250,69.30099395,69.15302745,69.27067575,0,0
3.38000000,69.60509856,69.34476214,69.13008002,69.26759321,0,0
3.39000000,69.62242327,69.33453202,69.11230005,69.28154705,0,0
3.40000000,69.64146008,69.31081392,69.13842200,69.26366326,0,0
3.41000000,69.63141952,69.30917916,69.18705421,69.27265786,0,0
3.42000000,69.63350126,69.32113181,69.18781648,69.24814969,0,0
3.43000000,69.61014248,69.30549282,69.13391914,69.29267941,0,0
3.44000000,69.62070305,69.33718584,69.14878956,69.28614580,0,0
3.45000000,69.62285847,69.30422584,69.15673655,69.28361615,0,0
3.46000000,69.60586928,69.31759126,69.15606662,69.27078612,0,0
3.47000000,69.61411301,69.33154310,69.16099304,69.27384826,0,0
3.48000000,69.58083726,69.32173563,69.12778504,69.26781735,0,0
3.49000000,69.60446128,69.30412481,69.12631312,69.23197242,0,0
3.50000000,69.63858949,69.31121464,69.12980003,69.22709010,0,0
3.51000000,69.54896382,69.31525718,69.11969475,69.23265488,0,0
3.52000000,69.58828276,69.12625767,69.10448129,69.25082991,0,0
3.53000000,69.58456857,69.19099053,69.07525825,69.23324665,0,0
3.54000000,69.52771853,69.19350262,69.13845902,69.25421787,0,0
3.55000000,69.55929714,69.37251859,69.14619958,69.27318107,0,0
3.56000000,69.52901123,69.31460530,69.17185271,69.27276311,0,0
3.57000000,69.54794452,69.26345705,69.12703613,69.29573725,0,0
3.58000000,69.57086715,69.24696589,69.17422379,69.27561610,0,0
3.59000000,69.58910577,69.30176831,69.18307010,69.29937111,0,0
3.60000000,69.52390801,69.32062959,69.20442805,69.26981606,0,0
3.61000000,69.48941207,69.29842064,69.16086699,69.26474295,0,0
3.62000000,69.55969010,69.20260685,69.14730404,69.28878873,0,0
3.63000000,69.56330175,69.22751593,69.14803228,69.29566572,0,0
3.64000000,69.54436446,69.27131070,69.18315131,69.32564893,0,0
3.65000000,69.58569201,69.31633903,69.20344795,69.42086883,0,0
3.66000000,69.62690901,69.30433574,69.18361416,69.33147737,0,0
3.67000000,69.58662088,69.25024344,69.18289420,69.26562990,0,0
3.68000000,69.51427677,69.22572941,69.18020880,69.25821678,0,0
3.69000000,69.56776748,69.26839726,69.16339121,69.26641166,0,0
3.70000000,69.57885464,69.32300257,69.14360333,69.27381052,0,0
3.71000000,69.57380182,69.28185876,69.12880428,69.22660677,0,0
3.72000000,69.48420576,69.23460782,69.17625019,69.22669158,0,0
3.73000000,69.50210679,69.27131723,69.15223783,69.25563418,0,0
3.74000000,69.54190380,69.26172825,69.15016227,69.27248581,0,0
3.75000000,69.51946806,69.18692214,69.08123207,69.28539084,0,0
3.76000000,69.49254139,69.18617459,69.13035382,69.24127223,0,0
3.77000000,69.49794067,69.15493872,69.05475272,69.17428214,0,0
3.78000000,69.44972052,69.18124060,69.03212566,69.21424016,0,0
3.79000000,69.49233487,69.08767273,69.08654008,69.24649465,0,0
3.80000000,69.51952262,69.09441823,69.09896623,69.26296333,0,0
3.81000000,69.48667972,69.14421898,69.10385128,69.19771581,0,0
3.82000000,69.46596229,69.20123868,69.01980658,69.19646298,0,0
3.83000000,69.40743597,69.16336421,69.05886250,69.19083702,0,0
3.84000000,69.39113090,69.09010434,69.06734709,69.18726666,0,0
3.85000000,69.44073040,69.05974434,69.07768469,69.15012538,0,0
3.86000000,69.41042457,69.08748531,69.01250444,69.09654556,0,0
3.87000000,69.36893913,69.07608391,68.91232766,69.09142460,0,0
3.88000000,69.30032358,69.01866365,68.94115205,69.08133244,0,0
3.89000000,69.31346616,68.95873576,68.91798859,69.04263273,0,0
3.90000000,69.32886124,68.91046243,68.87822656,69.01560363,0,0
3.91000000,69.20252963,68.87778660,68.83657555,69.01904160,0,0
3.92000000,69.08823984,68.83231420,68.82917956,68.99646298,0,0
3.93000000,69.13819568,68.85298613,68.81310972,68.94764558,0,0
3.94000000,69.21074131,68.82033733,68.80125249,68.87475448,0,0
3.95000000,69.18026193,68.80807192,68.85342675,68.83965770,0,0
3.96000000,69.11941996,68.79195635,68.82905348,68.88712193,0,0
3.97000000,69.09334724,68.79203712,68.74407052,68.93957424,0,0
3.98000000,69.10180438,68.73579929,68.71442252,68.88551777,0,0
3.99000000,69.06595581,68.67312782,68.82328684,68.88327505,0,0
4.00000000,69.01678646,68.66300717,68.75920569,68.87651646,0,0
4.01000000,69.03168135,68.71327196,68.66235237,68.87196386,0,0
4.02000000,69.06209000,68.71143928,68.63895423,68.81829051,0,0
4.03000000,69.02461171,68.69552466,68.60894139,68.76278981,0,0
4.04000000,68.94648066,68.62204402,68.55032664,68.68032739,0,0
4.05000000,68.94377083,68.63063835,68.54149315,68.66836845,0,0
4.06000000,68.92090645,68.58888442,68.52713846,68.64936201,0,0
4.07000000,68.91937775,68.50963123,68.51521259,68.61839612,0,0
4.08000000,68.83634382,68.38064248,68.44163001,68.60620150,0,0
4.09000000,68.72469925,68.38172552,68.44596611,68.58062783,0,0
4.10000000,68.72405869,68.41681621,68.43152468,68.54591844,0,0
4.11000000,68.74523474,68.41142808,68.39762305,68.53116997,0,0
4.12000000,68.74496948,68.31751385,68.35581100,68.43840095,0,0
4.13000000,68.54213617,68.30707886,68.29642618,68.42222404,0,0
4.14000000,68.51700654,68.29146748,68.27135455,68.39129741,0,0
4.15000000,68.56126559,68.19072536,68.25195399,68.38291515,0,0
4.16000000,68.71271558,68.13050393,68.21286420,68.34842792,0,0
4.17000000,68.56996648,68.02685755,68.18065087,68.24954943,0,0
4.18000000,68.41701882,68.13313370,68.10517145,68.23111391,0,0
4.19000000,68.37335073,68.15894300,68.09456348,68.21804603,0,0
4.20000000,68.46143383,68.18562119,68.10199227,68.17121853,0,0
4.21000000,68.48447088,68.06726007,68.04472122,68.09182670,0,0
4.22000000,68.40318648,67.97308449,67.95967311,68.08080310,0,0
4.23000000,68.31667849,67.93774815,67.90702605,68.05822369,0,0
4.24000000,68.25076480,67.96919983,67.95296019,68.02175304,0,0
4.25000000,68.29215699,67.92361295,67.94268988,68.00512278,0,0
4.26000000,68.20610509,67.79308582,67.88116418,67.93910440,0,0
4.27000000,68.05437289,67.69003058,67.78707748,67.93624003,0,0
4.28000000,67.97212999,67.71456341,67.74479660,67.96382631,0,0
4.29000000,68.02285636,67.74965214,67.76742399,67.90603450,0,0
4.30000000,68.01218273,67.72984159,67.74774863,67.82028167,0,0
4.31000000,67.94174582,67.59611648,67.62644647,67.68506437,0,0
4.32000000,67.78122413,67.59646766,67.55463282,67.66845687,0,0
4.33000000,67.80103763,67.51933702,67.50320840,67.73225192,0,0
4.34000000,67.95059350,67.50640858,67.45021198,67.68923848,0,0
4.35000000,67.77896656,67.37621282,67.39589365,67.54062724,0,0
4.36000000,67.66591798,67.27677612,67.39544394,67.53525673,0,0
4.37000000,67.56549890,67.27917632,67.37038012,67.54664908,0,0
4.38000000,67.72066741,67.32633875,67.37380302,67.50344574,0,0
4.39000000,67.56473148,67.32149553,67.40581247,67.45235481,0,0
4.40000000,67.46253896,67.24068613,67.35149907,67.42369293,0,0
4.41000000,67.38076824,67.19236777,67.30724726,67.40847254,0,0
4.42000000,67.47644981,67.13596023,67.25658281,67.40595935,0,0
4.43000000,67.60842920,67.08458691,67.24081851,67.36381771,0,0
4.44000000,67.59392064,67.02331981,67.21361993,67.24949848,0,0
4.45000000,67.42058375,67.01670336,67.17835716,67.22772194,0,0
4.46000000,67.33319138,67.09640577,67.06901900,67.20485365,0,0
4.47000000,67.38805962,67.11994363,67.06888159,67.21284251,0,0
4.48000000,67.40928919,67.04212679,67.02092311,67.16540455,0,0
4.49000000,67.39751483,66.93563700,66.94080486,67.09547056,0,0
4.50000000,67.32415677,66.87696144,66.91095903,67.05420258,0,0
4.51000000,67.27487598,66.90001752,66.94313190,67.03598216,0,0
4.52000000,67.29095785,66.95552553,67.00789020,67.00170630,0,0
4.53000000,67.33259436,66.91316449,66.97517518,66.97061448,0,0
4.54000000,67.26635094,66.88075643,66.74944756,66.93994895,0,0
4.55000000,67.06581688,66.80796069,66.64731564,66.95078459,0,0
4.56000000,67.13781084,66.83862152,66.64338184,66.92110658,0,0
4.57000000,67.13826735,66.78225510,66.69570592,66.87379966,0,0
4.58000000,67.12775891,66.69095827,66.71946538,66.78412164,0,0
4.59000000,66.99612881,66.63438041,66.78679119,66.76535184,0,0
4.60000000,66.89658195,66.61829845,66.70378888,66.79791247,0,0
4.61000000,66.88590347,66.60567987,66.63831773,66.82303012,0,0
4.62000000,66.87349503,66.55032914,66.60806239,66.82448047,0,0
4.63000000,66.84136878,66.47096187,66.61834354,66.75334611,0,0
4.64000000,66.76607501,66.40569819,66.53721474,66.71304173,0,0
4.65000000,66.73251550,66.35161078,66.52565660,66.63795844,0,0
4.66000000,66.65084347,66.31873173,66.50081221,66.57069783,0,0
4.67000000,66.66340301,66.31495841,66.50053920,66.53667072,0,0
4.68000000,66.65602772,66.31582041,66.50125578,66.53975049,0,0
4.69000000,66.62184645,66.27655908,66.38517086,66.50762530,0,0
4.70000000,66.57921986,66.25579178,66.28715008,66.44741025,0,0
4.71000000,66.55338286,66.21723093,66.25379814,66.45183740,0,0
4.72000000,66.51594171,66.19434575,66.28799816,66.36511636,0,0
4.73000000,66.45629373,66.14150298,66.28034110,66.37776663,0,0
4.74000000,66.36097142,66.19476391,66.16024740,66.35895208,0,0
4.75000000,66.39979108,66.17471572,66.10753859,66.27286080,0,0
4.76000000,66.42840316,66.15048048,66.05749166,66.24765627,0,0
4.77000000,66.39312755,65.88104060,66.07324102,66.21764635,0,0
4.78000000,66.40807054,65.95256894,66.07470796,66.21206267,0,0
4.79000000,66.24715620,65.94754058,66.04751163,66.21325001,0,0
4.80000000,66.22043852,66.05505022,65.96603598,66.16551290,0,0
4.81000000,66.14644556,66.00185091,65.93847184,66.10275777,0,0
4.82000000,66.13541381,65.84766769,65.92831091,66.05716524,0,0
4.83000000,66.13150293,65.77052291,65.90674658,66.05138504,0,0
4.84000000,66.13790371,65.76183406,65.84398530,66.06669696,0,0
4.85000000,66.06172359,65.75794559,65.82126609,65.98271244,0,0
4.86000000,66.00096130,65.75210535,65.81501161,65.88253368,0,0
4.87000000,65.95657278,65.72047802,65.72742351,65.78821434,0,0
4.88000000,65.95702762,65.68258601,65.66973963,65.76797400,0,0
4.89000000,65.97059086,65.59512576,65.59859656,65.81458251,0,0
4.90000000,65.84210172,65.52609102,65.55864828,65.86180123,0,0
4.91000000,65.77824864,65.52149429,65.53281563,65.83645141,0,0
4.92000000,65.75002182,65.50073231,65.52173911,65.66374523,0,0
4.93000000,65.71186294,65.41784561,65.49597954,65.66622451,0,0
4.94000000,65.74815418,65.38710040,65.41816985,65.57963174,0,0
4.95000000,65.65309704,65.32440037,65.42547329,65.55737745,0,0
4.96000000,65.64502023,65.37025114,65.39007843,65.57044322,0,0
4.97000000,65.60244730,65.30825562,65.35394448,65.46892104,0,0
4.98000000,65.59010572,65.30320022,65.35266577,65.43447606,0,0
4.99000000,65.51705003,65.24279425,65.32160531,65.37563438,0,0
5.00000000,65.45600900,65.23499243,65.26370647,65.37890858,0,0
5.01000000,65.39968594,65.14594668,65.18837553,65.39535454,0,0
5.02000000,65.38253218,65.07561965,65.13374601,65.37167663,0,0
5.03000000,65.37301056,65.02445886,65.11183414,65.32429257,0,0
5.04000000,65.38764066,65.00468502,65.10892767,65.30365004,0,0
5.05000000,65.35416711,64.98951851,65.05815759,65.24022953,0,0
5.06000000,65.27764741,64.96428034,65.01935557,65.20271051,0,0
5.07000000,65.20271116,64.93033042,64.98787758,65.19023386,0,0
5.08000000,65.19572251,64.86243032,64.96068540,65.11840119,0,0
5.09000000,65.12256741,64.84718395,64.90701989,65.05363329,0,0
5.10000000,65.07194485,64.82373137,64.82275438,65.01810753,0,0
5.11000000,64.99707887,64.80351780,64.77029363,64.96023464,0,0
5.12000000,65.01113205,64.73957846,64.78396565,64.91305802,0,0
5.13000000,65.00522041,64.67779007,64.72866566,64.90982163,0,0
5.14000000,64.99099249,64.61926138,64.73400989,64.84861646,0,0
5.15000000,64.96537385,64.56794901,64.68572338,64.84614119,0,0
5.16000000,64.84673799,64.62772460,64.64060270,64.76557904,0,0
5.17000000,64.91144768,64.62993448,64.58763124,64.80210058,0,0
5.18000000,64.80378704,64.54258232,64.62709493,64.74324489,0,0
5.19000000,64.75901465,64.43263933,64.56953040,64.69119009,0,0
5.20000000,64.70540504,64.41377046,64.54314861,64.69063792,0,0
5.21000000,64.67192019,64.39052066,64.46163020,64.64893442,0,0
5.22000000,64.68677678,64.43005982,64.42170220,64.61679182,0,0
5.23000000,64.65067609,64.35255380,64.37552282,64.53125541,0,0
5.24000000,64.60993346,64.25361652,64.33758195,64.48375110,0,0
5.25000000,64.60374448,64.21531743,64.32376394,64.44158370,0,0
5.26000000,64.53863136,64.24132541,64.25783878,64.41236235,0,0
5.27000000,64.46743766,64.22750489,64.22216697,64.42527374,0,0
5.28000000,64.40673990,64.18243346,64.19809295,64.35858987,0,0
5.29000000,64.43959872,64.12358784,64.18008894,64.32747605,0,0
5.30000000,64.39611570,64.05110936,64.12091481,64.29425240,0,0
5.31000000,64.38446699,64.04325368,64.03743781,64.25524950,0,0
5.32000000,64.33558030,63.96927905,64.04269354,64.23442204,0,0
5.33000000,64.18253170,63.88384915,64.02221248,64.14967695,0,0
5.34000000,64.22867617,63.87343805,63.97773605,64.08420470,0,0
5.35000000,64.14167910,63.78523496,63.93529597,64.06586278,0,0
5.36000000,64.18140516,63.87972598,63.88979818,64.08225506,0,0
5.37000000,64.08035255,63.84126674,63.83599837,64.00620894,0,0
5.38000000,64.08954628,63.80312170,63.80909865,63.98208809,0,0
5.39000000,64.04545210,63.61269490,63.75410247,63.94302921,0,0
5.40000000,63.83925475,63.57205128,63.73086503,63.87031566,0,0
5.41000000,63.77228535,63.56999791,63.68301774,63.86876700,0,0
5.42000000,63.83212885,63.63288440,63.63607065,63.83330832,0,0
5.43000000,63.88961967,63.59352756,63.61750794,63.75927034,0,0
5.44000000,63.86062592,63.49760780,63.56158136,63.67674598,0,0
5.45000000,63.77685744,63.41389359,63.52616729,63.65239647,0,0
5.46000000,63.67592342,63.42777694,63.54273030,63.65862643,0,0
5.47000000,63.62849252,63.42652172,63.56624853,63.63983799,0,0
5.48000000,63.60534741,63.35517000,63.47938422,63.59123688,0,0
5.49000000,63.60103688,63.29280260,63.38108936,63.54887352,0,0
5.50000000,63.53907018,63.25085904,63.31667455,63.49341567,0,0
5.51000000,63.50319752,63.26909015,63.24551817,63.47430083,0,0
5.52000000,63.45174577,63.20171232,63.27533759,63.43717098,0,0
5.53000000,63.39169004,63.12358010,63.30792392,63.43295432,0,0
5.54000000,63.44696367,63.04668564,63.34267066,63.34725804,0,0
5.55000000,63.44990591,63.02867054,63.20687147,63.27046191,0,0
5.56000000,63.33655860,63.04052699,63.00760335,63.24963181,0,0
5.57000000,63.15943045,62.97863625,62.99804869,63.19624693,0,0
5.58000000,63.12869139,62.94382712,62.99937257,63.15538065,0,0
5.59000000,63.11068341,62.86283369,62.96545153,63.14166686,0,0
5.60000000,63.19635000,62.82420337,62.85584748,63.10271594,0,0
5.61000000,63.15575915,62.76757976,62.79591287,63.04383398,0,0
5.62000000,63.05174743,62.68064357,62.76043306,62.97987663,0,0
5.63000000,62.96724283,62.68610996,62.77834710,62.91514919,0,0
5.64000000,62.96548335,62.68493808,62.78812588,62.81992219,0,0
5.65000000,62.94016873,62.67015904,62.73626614,62.77808017,0,0
5.66000000,62.86420715,62.58979592,62.64691360,62.75061940,0,0
5.67000000,62.77749741,62.52103160,62.54010877,62.73190013,0,0
5.68000000,62.74388061,62.49917985,62.54629452,62.72237964,0,0
5.69000000,62.71083545,62.43384357,62.49128319,62.71838567,0,0
5.70000000,62.68936408,62.41875682,62.58170338,62.64333410,0,0
5.71000000,62.67129528,62.34791839,62.53646151,62.61859042,0,0
5.72000000,62.55490265,62.29921402,62.44041987,62.57986138,0,0
5.73000000,62.64941783,62.28605661,62.35771146,62.54301235,0,0
5.74000000,62.53513022,62.26054653,62.25857148,62.48003151,0,0
5.75000000,62.50639642,62.18305961,62.21573171,62.39174320,0,0
5.76000000,62.40668550,62.14920285,62.21129663,62.40156713,0,0
5.77000000,62.39707213,62.16574016,62.17551114,62.29707854,0,0
5.78000000,62.41828269,62.07966066,62.08552084,62.28438757,0,0
5.79000000,62.28387415,62.00482396,62.02854605,62.24709838,0,0
5.80000000,62.21788928,61.94267783,62.01903851,62.20086409,0,0
5.81000000,62.21573049,61.90529994,62.02817176,62.16366467,0,0
5.82000000,62.17815807,61.90071543,61.97205452,62.10116455,0,0
5.83000000,62.16624349,61.81048355,61.90304402,62.01937491,0,0
5.84000000,62.02009506,61.76602247,61.86283564,61.97821935,0,0
5.85000000,61.90108347,61.71765478,61.82739541,61.93840196,0,0
5.86000000,61.88409427,61.71370631,61.78329555,61.91791587,0,0
5.87000000,61.89165532,61.66654560,61.75399587,61.85852180,0,0
5.88000000,61.92579180,61.57090329,61.66437671,61.84714956,0,0
5.89000000,61.83210947,61.50750088,61.59966298,61.79215895,0,0
5.90000000,61.78014315,61.50831089,61.53326504,61.74775290,0,0
5.91000000,61.68855671,61.44837871,61.49209635,61.69689914,0,0
5.92000000,61.68065161,61.38285181,61.48167661,61.65989162,0,0
5.93000000,61.62888691,61.33672637,61.47322980,61.63098330,0,0
5.94000000,61.57475032,61.30831480,61.43216170,61.52607424,0,0
5.95000000,61.53567108,61.26846285,61.35036633,61.52575114,0,0
5.96000000,61.49627431,61.22936071,61.33925260,61.51607237,0,0
5.97000000,61.42925406,61.17937145,61.37894977,61.44473386,0,0
5.98000000,61.41329805,61.13255618,61.29983423,61.44403101,0,0
5.99000000,61.25155932,61.05984428,61.23135189,61.39084967,0,0
6.00000000,61.28518924,61.05555916,61.12719202,61.34087681,0,0
6.01000000,61.36224789,61.01950238,61.02194855,61.28990230,0,0
6.02000000,61.27879834,60.92258063,61.00655112,61.20231109,0,0
6.03000000,61.20805719,60.87959170,60.95184265,61.10695117,0,0
6.04000000,61.12593530,60.84156599,60.97803216,61.04387106,0,0
6.05000000,61.06927330,60.79537040,60.91719771,61.02233339,0,0
6.06000000,61.04068149,60.80478656,60.85648918,61.02740517,0,0
6.07000000,61.02166678,60.79183210,60.81014467,60.95211421,0,0
6.08000000,60.92366672,60.63242857,60.72464773,60.93051052,0,0
6.09000000,60.85204388,60.54062440,60.69276868,60.85348935,0,0
6.10000000,60.83145504,60.53552078,60.61403187,60.79385713,0,0
6.11000000,60.86461513,60.54537470,60.61837970,60.75213461,0,0
6.12000000,60.81019651,60.45885670,60.59117606,60.67424589,0,0
6.13000000,60.73822164,60.39526568,60.51930247,60.65185629,0,0
6.14000000,60.64907981,60.36187873,60.41237134,60.55348059,0,0
6.15000000,60.67272212,60.34668311,60.36145112,60.53794525,0,0
6.16000000,60.59542956,60.31088561,60.33556658,60.54999836,0,0
6.17000000,60.47772145,60.29928723,60.35206454,60.44919544,0,0
6.18000000,60.39986992,60.19713272,60.23616274,60.46681121,0,0
6.19000000,60.39446974,60.11740060,60.17492863,60.35387742,0,0
6.20000000,60.33817693,60.04977188,60.13274812,60.30660824,0,0
6.21000000,60.31250630,60.02132719,60.06815853,60.27797838,0,0
6.22000000,60.18160906,59.95747106,60.10479778,60.21313313,0,0
6.23000000,60.18507415,59.90839638,60.04240156,60.23779297,0,0
6.24000000,60.16806476,59.92142174,60.01235626,60.18927934,0,0
6.25000000,60.08498985,59.82526005,59.86225603,60.05786798,0,0
6.26000000,60.03608327,59.75920899,59.83190590,60.07425842,0,0
6.27000000,59.94203342,59.77716119,59.87346074,60.00281654,0,0
6.28000000,59.89716063,59.73750272,59.81588078,59.93537296,0,0
6.29000000,59.83412009,59.66003558,59.75712940,59.86975058,0,0
6.30000000,59.70831482,59.57931843,59.68034316,59.80951853,0,0
6.31000000,59.82333336,59.53884345,59.65783390,59.82848911,0,0
6.32000000,59.71097696,59.46356050,59.65655175,59.78139686,0,0
6.33000000,59.76187206,59.42150479,59.61422967,59.74679824,0,0
6.34000000,59.69764108,59.41738280,59.47730066,59.69452483,0,0
6.35000000,59.59897401,59.41997241,59.41953233,59.54972446,0,0
6.36000000,59.56684297,59.30866315,59.36582629,59.53428020,0,0
6.37000000,59.48217564,59.29045491,59.35742005,59.44907987,0,0
6.38000000,59.48522350,59.14824813,59.31361379,59.44951499,0,0
6.39000000,59.39275068,59.16216368,59.24592441,59.43600192,0,0
6.40000000,59.33386140,59.15577055,59.18138704,59.40273697,0,0
6.41000000,59.32529968,59.07524999,59.14323732,59.37610353,0,0
6.42000000,59.28456928,59.03796847,59.14063700,59.28713114,0,0
6.43000000,59.23193522,58.91575432,59.10996276,59.25376125,0,0
6.44000000,59.25055067,58.92720419,59.09567367,59.18965249,0,0
6.45000000,59.17574407,58.91289540,58.95613702,59.12662230,0,0
6.46000000,59.10698847,58.85883781,58.86864300,59.07256559,0,0
6.47000000,59.03390943,58.81414217,58.85704302,59.05012713,0,0
6.48000000,59.00674715,58.78702121,58.80903603,58.95750997,0,0
6.49000000,58.99034167,58.75105044,58.74322837,58.90133607,0,0
6.50000000,58.90756274,58.68390054,58.67464696,58.83270372,0,0
6.51000000,58.85105715,58.64558537,58.63234999,58.81043006,0,0
6.52000000,58.81579804,58.59798533,58.58304762,58.78178418,0,0
6.53000000,58.77608415,58.50217991,58.57046894,58.72138102,0,0
6.54000000,58.72552217,58.40816700,58.50488074,58.67207259,0,0
6.55000000,58.74291719,58.41147647,58.44972492,58.61339309,0,0
6.56000000,58.58414005,58.35273409,58.40760021,58.54735860,0,0
6.57000000,58.58065837,58.32253525,58.38830086,58.52540049,0,0
6.58000000,58.38053513,58.23922877,58.32357419,58.46282209,0,0
6.59000000,58.39746576,58.24761895,58.32416430,58.41051384,0,0
6.60000000,58.36533906,58.15491685,58.20178342,58.41185592,0,0
6.61000000,58.33644431,58.08974381,58.15970263,58.38797579,0,0
6.62000000,58.23633978,57.99479963,58.10677871,58.26572935,0,0
6.63000000,58.26143661,57.95174576,58.05218942,58.23428188,0,0
6.64000000,58.18265644,57.93310983,58.05898973,58.14228890,0,0
6.65000000,58.20043407,57.95000458,58.00430281,58.14508141,0,0
6.66000000,58.08274316,57.85600737,57.87844706,58.05438092,0,0
6.67000000,57.96106710,57.75613967,57.86182964,58.00080732,0,0
6.68000000,57.96593678,57.70974886,57.80580943,58.00997222,0,0
6.69000000,57.96115315,57.71540316,57.78716181,57.93327246,0,0
6.70000000,57.88627918,57.64356403,57.72290186,57.88974360,0,0
6.71000000,57.78741268,57.58478068,57.65882957,57.84145139,0,0
6.72000000,57.69449781,57.52440832,57.63907135,57.81472729,0,0
6.73000000,57.73783861,57.52211538,57.62556457,57.76277746,0,0
6.74000000,57.66023940,57.43994518,57.56344067,57.72111146,0,0
6.75000000,57.57192212,57.32530022,57.48746157,57.67007388,0,0
6.76000000,57.63523217,57.31291080,57.41948320,57.66910943,0,0
6.77000000,57.50839285,57.27902435,57.36035547,57.55600030,0,0
6.78000000,57.54003399,57.30084369,57.32405086,57.51914916,0,0
6.79000000,57.39204668,57.19578301,57.24081444,57.47050068,0,0
6.80000000,57.27998019,57.16431231,57.26605748,57.34533733,0,0
6.81000000,57.26763353,57.07939614,57.20215318,57.36823518,0,0
6.82000000,57.25234323,57.05777149,57.14318750,57.33730986,0,0
6.83000000,57.23754661,56.98820979,57.02435146,57.30874174,0,0
6.84000000,57.20697725,56.89596187,56.95764606,57.22100203,0,0
6.85000000,57.08815691,56.82438063,57.00728265,57.15528181,0,0
6.86000000,57.06063573,56.82000596,56.97350093,57.09904300,0,0
6.87000000,57.09107407,56.85155050,56.87037510,57.01523250,0,0
6.88000000,56.97568134,56.77557955,56.86088297,56.92548384,0,0
6.89000000,56.92364332,56.69194916,56.80518639,56.90525564,0,0
6.90000000,56.86555814,56.61775684,56.80518229,56.87027316,0,0
6.91000000,56.83427033,56.59460919,56.68736902,56.80450213,0,0
6.92000000,56.82525858,56.56208574,56.60031890,56.77841335,0,0
6.93000000,56.69490205,56.53859953,56.54886156,56.70635983,0,0
6.94000000,56.64934586,56.45884550,56.52860839,56.65863839,0,0
6.95000000,56.72020729,56.48879893,56.48483148,56.63887974,0,0
6.96000000,56.61389716,56.33039640,56.45301973,56.56508551,0,0
6.97000000,56.64526033,56.28807897,56.33335315,56.59303534,0,0
6.98000000,56.54126739,56.21945826,56.27948625,56.49739374,0,0
6.99000000,56.44600321,56.21036504,56.19266134,56.42184717,0,0
7.00000000,56.45339947,56.20128422,56.25209873,56.39866509,0,0
7.01000000,56.29621431,56.14965094,56.18025411,56.32765576,0,0
7.02000000,56.25884068,56.05222431,56.14676677,56.23265871,0,0
7.03000000,56.27407835,55.98561327,56.02564855,56.25477207,0,0
7.04000000,56.19016741,55.94893632,56.00966064,56.21095597,0,0
7.05000000,56.10565876,55.91903156,55.95132980,56.13468147,0,0
7.06000000,56.08667184,55.87722240,55.95195908,56.09849916,0,0
7.07000000,56.03671728,55.77913603,55.89368318,56.01079206,0,0
7.08000000,56.07045319,55.73294591,55.86332179,55.97157773,0,0
7.09000000,56.02930618,55.71030064,55.79508347,55.90077429,0,0
7.10000000,55.91327741,55.64411753,55.69308837,55.79939831,0,0
7.11000000,55.82974617,55.56615001,55.68343355,55.76277611,0,0
7.12000000,55.77087698,55.51718861,55.63019651,55.75804818,0,0
7.13000000,55.72604912,55.50295855,55.62402856,55.72541498,0,0
7.14000000,55.69428338,55.40568169,55.49752670,55.66404460,0,0
7.15000000,55.57868539,55.37538007,55.46847355,55.63053987,0,0
7.16000000,55.50988242,55.27739952,55.41298211,55.56654633,0,0
7.17000000,55.57195954,55.28956761,55.38514641,55.51133535,0,0
7.18000000,55.43181459,55.14195067,55.37631227,55.49685854,0,0
7.19000000,55.48579341,55.13215783,55.28079551,55.42321898,0,0
7.20000000,55.41402552,55.06957210,55.25242644,55.37775366,0,0
7.21000000,55.32317642,55.04363929,55.15272515,55.26835818,0,0
7.22000000,55.31278756,55.02512667,55.15612546,55.22770535,0,0
7.23000000,55.17876516,54.95178019,55.08651888,55.21880078,0,0
7.24000000,55.10726114,54.90075709,55.05846557,55.12287359,0,0
7.25000000,55.13893886,54.84397227,54.97508730,55.13001290,0,0
7.26000000,55.08853825,54.78183208,54.88398546,55.09641137,0,0
7.27000000,54.97402567,54.77252467,54.90187442,55.04919675,0,0
7.28000000,54.98408387,54.70621364,54.84301168,54.98704452,0,0
7.29000000,54.93589593,54.67525431,54.82716994,54.91253810,0,0
7.30000000,54.94272529,54.59558304,54.78170940,54.88444069,0,0
7.31000000,54.93483633,54.53988451,54.67493823,54.79124923,0,0
7.32000000,54.77044436,54.44891464,54.63049616,54.69792593,0,0
7.33000000,54.74664111,54.44350762,54.60011491,54.66413514,0,0
7.34000000,54.72253935,54.39239557,54.56306751,54.62901410,0,0
7.35000000,54.63595665,54.35372202,54.51767033,54.56060528,0,0
7.36000000,54.61548768,54.29196306,54.40435456,54.51131745,0,0
7.37000000,54.55845733,54.22102698,54.32902698,54.46143034,0,0
7.38000000,54.43722406,54.16709281,54.35550650,54.44042875,0,0
7.39000000,54.47676411,54.10246145,54.23837244,54.37884022,0,0
7.40000000,54.42893522,54.04336559,54.24608287,54.33988323,0,0
7.41000000,54.31117519,53.90592028,54.19191903,54.23636954,0,0
7.42000000,54.36820737,53.90432562,54.11825045,54.22665130,0,0
7.43000000,54.28848536,53.88657415,54.06860605,54.10510523,0,0
7.44000000,54.21305906,53.87793479,54.01637041,53.99625588,0,0
7.45000000,54.14758959,53.78516334,53.99208427,54.00149322,0,0
7.46000000,54.04257417,53.67652126,53.96165146,53.91853314,0,0
7.47000000,54.04419880,53.63488160,53.90261265,53.90965003,0,0
7.48000000,54.01143491,53.58233258,53.82841384,53.90122995,0,0
7.49000000,53.90938785,53.55961876,53.75045090,53.83630381,0,0
7.50000000,53.88437717,53.48072932,53.69976430,53.80779363,0,0
7.51000000,53.91338555,53.42429468,53.70940797,53.70703962,0,0
7.52000000,53.84751058,53.31958258,53.68388621,53.64076905,0,0
7.53000000,53.83261776,53.31921705,53.64433788,53.61783430,0,0
7.54000000,53.75736346,53.24598289,53.58528233,53.57832792,0,0
7.55000000,53.68108617,53.24928832,53.54501127,53.45867224,0,0
7.56000000,53.64593219,53.14589619,53.54476432,53.46141317,0,0
7.57000000,53.55329051,53.09692510,53.44298804,53.40157247,0,0
7.58000000,53.47175302,53.08548523,53.47953394,53.25884747,0,0
7.59000000,53.48502378,52.98627158,53.26500801,53.21423471,0,0
7.60000000,53.42154981,52.81944029,53.23554911,53.18147917,0,0
7.61000000,53.26886485,52.76083385,53.20888860,53.15560565,0,0
7.62000000,53.39391858,52.79159805,53.19887001,53.11399255,0,0
7.63000000,53.31978707,52.83796482,53.11919607,53.07239812,0,0
7.64000000,53.19053761,52.75485901,53.11454502,52.97291046,0,0
7.65000000,53.18895249,52.64536749,53.02703186,52.94510797,0,0
7.66000000,53.11810874,52.56662796,52.92540361,52.82896650,0,0
7.67000000,53.14070623,52.49850289,52.87450317,52.73519102,0,0
7.68000000,53.09606255,52.45148618,52.83735311,52.71876886,0,0
7.69000000,52.90907279,52.40213963,52.82316779,52.65158557,0,0
7.70000000,52.86529123,52.37853310,52.79628686,52.58361351,0,0
7.71000000,52.84795028,52.31992095,52.66399373,52.58844136,0,0
7.72000000,52.77000295,52.23625618,52.66572800,52.52243395,0,0
7.73000000,52.71157641,52.13019973,52.61599510,52.49281436,0,0
7.74000000,52.71141553,52.12177233,52.57346703,52.44660266,0,0
7.75000000,52.57965016,52.12852438,52.53345966,52.39547508,0,0
7.76000000,52.59222664,52.04041021,52.47919599,52.39276471,0,0
7.77000000,52.57348068,51.92754485,52.37344479,52.34937638,0,0
7.78000000,52.45006486,51.92659409,52.28914292,52.13905664,0,0
7.79000000,52.48802000,51.87907098,52.24252606,52.04578107,0,0
7.80000000,52.35858145,51.84574432,52.29385766,52.07768581,0,0
7.81000000,52.23054843,51.79469783,52.21889517,51.95598144,0,0
7.82000000,52.27108739,51.73160733,52.18146453,51.93388685,0,0
7.83000000,52.23060139,51.70443693,51.97805296,51.93297841,0,0
7.84000000,52.12399071,51.63282084,51.95156958,51.92056855,0,0
7.85000000,52.02518491,51.55028752,51.92285395,51.86526115,0,0
7.86000000,52.05574611,51.49164745,51.94136747,51.78126410,0,0
7.87000000,52.02245340,51.48888016,51.89960708,51.71803775,0,0
7.88000000,52.01595245,51.42902802,51.86652764,51.68788157,0,0
7.89000000,51.98491805,51.36163442,51.75896164,51.61750795,0,0
7.90000000,51.83912153,51.31134231,51.69754112,51.49681978,0,0
7.91000000,51.85355309,51.26691554,51.72327763,51.43271739,0,0
7.92000000,51.78308566,51.21804449,51.63866527,51.45324078,0,0
7.93000000,51.63428599,51.15108626,51.56454466,51.35243176,0,0
7.94000000,51.58836922,51.11926084,51.49564075,51.33401353,0,0
7.95000000,51.57815077,51.06833035,51.37238574,51.28379913,0,0
7.96000000,51.42345055,51.00350619,51.37135236,51.26200141,0,0
7.97000000,51.47242649,50.89418436,51.30211961,51.19404011,0,0
7.98000000,51.50817151,50.85023567,51.28718892,51.11895319,0,0
7.99000000,51.34462241,50.81496650,51.19165404,51.03906113,0,0
8.00000000,51.39841581,50.73334325,51.21504851,51.03228548,0,0
8.01000000,51.30320476,50.68618933,51.11071794,50.98746614,0,0
8.02000000,51.18657961,50.62015479,51.04094223,50.87802195,0,0
8.03000000,51.18747541,50.57483395,51.02489380,50.79304032,0,0
8.04000000,51.07222107,50.49330163,50.99486990,50.75627686,0,0
8.05000000,51.05809399,50.44498685,50.93202473,50.70569106,0,0
8.06000000,50.94185763,50.43545996,50.91039626,50.65337953,0,0
8.07000000,50.87418696,50.39384885,50.74326641,50.62949345,0,0
8.08000000,50.79552140,50.30868416,50.75465846,50.59381083,0,0
8.09000000,50.84800062,50.23168025,50.70939780,50.52295002,0,0
8.10000000,50.92253127,50.19463530,50.73391126,50.45792816,0,0
8.11000000,50.77990903,50.15665370,50.70320972,50.41815651,0,0
8.12000000,50.71112572,50.10595984,50.58540577,50.36642470,0,0
8.13000000,50.63777355,50.05687338,50.53115868,50.34456455,0,0
8.14000000,50.58569954,49.97454911,50.40939891,50.25994546,0,0
8.15000000,50.57799230,49.92216221,50.35555454,50.17163006,0,0
8.16000000,50.50846514,49.87087248,50.36268845,50.16812890,0,0
8.17000000,50.37790084,49.81470497,50.24405656,50.08353632,0,0
8.18000000,50.31522955,49.83271026,50.27457487,50.00648836,0,0
8.19000000,50.33434074,49.79998711,50.14585907,50.01284333,0,0
8.20000000,50.22856394,49.70043733,50.11401739,49.93846323,0,0
8.21000000,50.16111627,49.64007788,50.06831293,49.88835726,0,0
8.22000000,50.24505711,49.50206910,50.05896007,49.81693398,0,0
8.23000000,50.09521711,49.55881577,50.01170725,49.74523327,0,0
8.24000000,50.05109974,49.47518943,49.99742725,49.68754595,0,0
8.25000000,50.09842729,49.41203289,49.82669106,49.66904048,0,0
8.26000000,49.99541188,49.30047745,49.72727490,49.59915925,0,0
8.27000000,49.84403191,49.27029191,49.71857097,49.47436912,0,0
8.28000000,49.84356145,49.24226691,49.69774503,49.45903204,0,0
8.29000000,49.70351959,49.21104612,49.67649349,49.44951389,0,0
8.30000000,49.70661462,49.17579056,49.60888114,49.37663542,0,0
8.31000000,49.67050104,49.08843594,49.50546591,49.31834192,0,0
8.32000000,49.55444354,48.99437251,49.41231897,49.26255494,0,0
8.33000000,49.42300446,48.96009350,49.39182795,49.23000744,0,0
8.34000000,49.46007278,48.88698843,49.36491831,49.18784701,0,0
8.35000000,49.44766274,48.86466483,49.33457343,49.09962046,0,0
8.36000000,49.35025535,48.81700458,49.24607826,49.05337411,0,0
8.37000000,49.35181177,48.73338164,49.15812213,48.99798309,0,0
8.38000000,49.20393846,48.64409509,49.08900546,48.98208237,0,0
8.39000000,49.11756078,48.59572800,49.03256042,48.85529506,0,0
8.40000000,49.19050273,48.56321913,49.03452436,48.75050566,0,0
8.41000000,49.02058360,48.56204330,48.99955082,48.82125678,0,0
8.42000000,48.94295964,48.45950667,48.91541551,48.76147591,0,0
8.43000000,48.86877462,48.45046177,48.96161585,48.66425364,0,0
8.44000000,48.90583266,48.40130903,48.83622301,48.66254226,0,0
8.45000000,48.79381720,48.32679005,48.78820604,48.60377840,0,0
8.46000000,48.74486794,48.32482567,48.66156290,48.56235142,0,0
8.47000000,48.77188166,48.27612932,48.65651337,48.50689242,0,0
8.48000000,48.70570851,48.27381533,48.63771424,48.48343317,0,0
8.49000000,48.71056933,48.19149912,48.60687585,48.40974453,0,0
8.50000000,48.68578344,48.05942555,48.51938094,48.34996067,0,0
8.51000000,48.58129743,47.98050013,48.44253108,48.31428887,0,0
8.52000000,48.50830203,47.98778471,48.37985192,48.19701296,0,0
8.53000000,48.49214382,48.00510345,48.37851398,48.16573360,0,0
8.54000000,48.38708458,47.96321435,48.35030302,48.17268297,0,0
8.55000000,48.31197714,47.87278353,48.31510851,48.06672786,0,0
8.56000000,48.32333955,47.85851942,48.18799640,48.02776353,0,0
8.57000000,48.31491656,47.81984718,48.10053217,47.99809692,0,0
8.58000000,48.12114675,47.73308133,48.01726543,47.91835764,0,0
8.59000000,48.17342314,47.68973333,48.04725761,47.86178658,0,0
8.60000000,48.18057601,47.62268696,47.97042129,47.79359560,0,0
8.61000000,48.06597436,47.66636162,47.94397813,47.76809362,0,0
8.62000000,48.08036882,47.57927543,47.87128877,47.69330543,0,0
8.63000000,48.00847658,47.39558695,47.79609007,47.65063163,0,0
8.64000000,47.88929730,47.38733665,47.69548678,47.56787969,0,0
8.65000000,47.87331957,47.35441904,47.66674077,47.44444972,0,0
8.66000000,47.87136426,47.39048204,47.61476249,47.42073801,0,0
8.67000000,47.73550880,47.25551994,47.56331116,47.45186380,0,0
8.68000000,47.64305922,47.18359663,47.51896164,47.39499055,0,0
8.69000000,47.65965205,47.16495408,47.51164064,47.37338337,0,0
8.70000000,47.55994643,47.10828454,47.38931804,47.33574655,0,0
8.71000000,47.47283170,47.04920360,47.37188422,47.24021122,0,0
8.72000000,47.46858681,46.97513528,47.31379832,47.14181600,0,0
8.73000000,47.46977073,46.89781548,47.32010330,47.08167103,0,0
8.74000000,47.35362022,46.84253372,47.24280767,47.07957492,0,0
8.75000000,47.30680679,46.82458921,47.18477279,47.03867261,0,0
8.76000000,47.27967708,46.70571390,47.12272084,47.03890622,0,0
8.77000000,47.18176568,46.65974051,47.01694515,46.93922343,0,0
8.78000000,47.20532873,46.62383052,47.04472167,46.77670665,0,0
8.79000000,47.11314468,46.56546094,47.01837923,46.75812607,0,0
8.80000000,46.98634876,46.56038010,46.98510030,46.80630921,0,0
8.81000000,46.88356912,46.44126551,46.96273327,46.75538789,0,0
8.82000000,47.01329117,46.51889226,46.90537704,46.66444804,0,0
8.83000000,46.86563096,46.41810451,46.70815364,46.59949922,0,0
8.84000000,46.76007942,46.33895318,46.69943945,46.55014864,0,0
8.85000000,46.76986847,46.29054205,46.64867823,46.51020395,0,0
8.86000000,46.74659910,46.25014892,46.66128109,46.45279286,0,0
8.87000000,46.68117803,46.21402684,46.60667786,46.43699932,0,0
8.88000000,46.67058117,46.17947592,46.53337056,46.37132466,0,0
8.89000000,46.67146913,46.12707557,46.43179433,46.34948127,0,0
8.90000000,46.57396905,46.04881763,46.40254677,46.29331731,0,0
8.91000000,46.51491386,46.02992662,46.37349165,46.21611776,0,0
8.92000000,46.45136539,45.98609561,46.38889751,46.15004035,0,0
8.93000000,46.38368444,45.93753186,46.30074803,46.18539599,0,0
8.94000000,46.34292734,45.87032301,46.26638270,46.14215571,0,0
8.95000000,46.35025619,45.91618635,46.17990148,46.02830135,0,0
8.96000000,46.31704418,45.90191509,46.05655149,46.00076149,0,0
8.97000000,46.19029734,45.85206961,46.05196474,45.92933495,0,0
8.98000000,46.12264826,45.76707701,46.01255785,45.91694705,0,0
8.99000000,46.16894368,45.66826576,45.99539872,45.86023200,0,0
9.00000000,46.09884301,45.66719869,45.99110030,45.85636866,0,0
9.01000000,46.03743120,45.65413091,45.88570472,45.77647207,0,0
9.02000000,46.12079426,45.67072405,45.85138128,45.75615906,0,0
9.03000000,45.94258670,45.52772039,45.81371709,45.74686335,0,0
9.04000000,45.92316493,45.51798326,45.70273488,45.68893291,0,0
9.05000000,45.93565954,45.49990941,45.75456011,45.55255085,0,0
9.06000000,45.85583469,45.45776527,45.68235083,45.57880382,0,0
9.07000000,45.74553464,45.41134865,45.66280347,45.58397683,0,0
9.08000000,45.73841982,45.38238099,45.63170324,45.51277088,0,0
9.09000000,45.77048875,45.34635933,45.58178916,45.47739302,0,0
9.10000000,45.70546742,45.33035224,45.45748969,45.50695964,0,0
9.11000000,45.56603750,45.30241589,45.45566865,45.42708101,0,0
9.12000000,45.61418621,45.26381402,45.42855109,45.39615153,0,0
9.13000000,45.61050062,45.19163298,45.38568331,45.34908653,0,0
9.14000000,45.55220088,45.16470475,45.36654527,45.27483586,0,0
9.15000000,45.54993763,45.14034923,45.29745517,45.23163176,0,0
9.16000000,45.50565393,45.08950376,45.29248465,45.25031355,0,0
9.17000000,45.44695320,45.04021539,45.23906928,45.16618599,0,0
9.18000000,45.46349270,45.00028528,45.24129342,45.08790908,0,0
9.19000000,45.40490143,45.02320967,45.20164210,44.99422119,0,0
9.20000000,45.31181878,44.99013688,45.13284315,45.05362780,0,0
9.21000000,45.24970681,44.90999251,45.12547422,45.07246266,0,0
9.22000000,45.28754471,44.88862968,45.13654187,44.93149051,0,0
9.23000000,45.28260701,44.86390204,44.93718759,44.99861459,0,0
9.24000000,45.13229130,44.84634296,44.95620211,44.91342011,0,0
9.25000000,45.03775845,44.83015726,44.88081107,44.91213201,0,0
9.26000000,45.21498022,44.80843586,44.92818789,44.87465156,0,0
9.27000000,45.15095368,44.72010400,44.93303728,44.84739033,0,0
9.28000000,45.11470074,44.65124082,44.91328585,44.79442845,0,0
9.29000000,45.06466431,44.69111159,44.87434400,44.79177592,0,0
9.30000000,45.04132426,44.63769827,44.79713165,44.75237347,0,0
9.31000000,44.96293860,44.55980990,44.74912398,44.71632270,0,0
9.32000000,44.97880923,44.52264534,44.71892852,44.64329565,0,0
9.33000000,44.94919905,44.52288508,44.76625932,44.60204627,0,0
9.34000000,44.90047719,44.56930123,44.68959422,44.63478583,0,0
9.35000000,44.89059871,44.55445784,44.67634395,44.59461390,0,0
9.36000000,44.94141693,44.62600624,44.61640435,44.53909052,0,0
9.37000000,44.96020327,44.57812203,44.54458074,44.50362019,0,0
9.38000000,44.82914352,44.57127764,44.55254224,44.52095684,0,0
9.39000000,44.90326445,44.54157382,44.53878999,44.51486869,0,0
9.40000000,44.79553438,44.50063282,44.56401242,44.47608856,0,0
9.41000000,44.78945798,44.37745038,44.57858310,44.50746253,0,0
9.42000000,44.73059598,44.38314687,44.58372195,44.44923746,0,0
9.43000000,44.82171911,44.42767233,44.52776858,44.46103610,0,0
9.44000000,44.72822081,44.32230516,44.44963161,44.49960683,0,0
9.45000000,44.64168217,44.32914443,44.39780375,44.45706878,0,0
9.46000000,44.72144450,44.27468302,44.45195828,44.36611610,0,0
9.47000000,44.65419143,44.27169591,44.48441419,44.32276563,0,0
9.48000000,44.62519439,44.25417148,44.44535989,44.41401029,0,0
9.49000000,44.62108518,44.25136700,44.42791098,44.36180307,0,0
9.50000000,44.58734664,44.21542692,44.39791010,44.32598204,0,0
9.51000000,44.56072676,44.22102206,44.33991735,44.31794899,0,0
9.52000000,44.50354481,44.17550361,44.33238436,44.27255078,0,0
9.53000000,44.55921079,44.16679945,44.30238035,44.22494263,0,0
9.54000000,44.57913321,44.14878516,44.33257439,44.20147376,0,0
9.55000000,44.47790239,44.10948833,44.32562571,44.24517570,0,0
9.56000000,44.46491328,44.19000271,44.29649736,44.15511730,0,0
9.57000000,44.52818068,44.16847350,44.26342915,44.17204401,0,0
9.58000000,44.44155065,44.08393780,44.25572104,44.15888432,0,0
9.59000000,44.42649396,43.98257125,44.12813292,44.13774282,0,0
9.60000000,44.40392025,43.98691348,44.21177821,44.03823697,0,0
9.61000000,44.36401195,43.98523116,44.13934414,44.04152216,0,0
9.62000000,44.29983608,43.96878257,44.14127420,44.08368317,0,0
9.63000000,44.30741122,43.99333376,44.13138608,44.02641260,0,0
9.64000000,44.30156133,43.93140589,44.12328694,43.97241574,0,0
9.65000000,44.28343940,43.96544534,43.93649274,44.04444417,0,0
9.66000000,44.17873756,43.91527125,44.02026808,44.00840736,0,0
9.67000000,44.25009495,43.89810964,43.97994585,43.99273246,0,0
9.68000000,44.24754351,43.85816846,43.98772192,43.93882984,0,0
9.69000000,44.20993155,43.81445885,43.97866590,43.92281194,0,0
9.70000000,44.18696978,43.83167482,43.97682757,43.92956546,0,0
9.71000000,44.24225609,43.85351616,43.93264494,43.87883449,0,0
9.72000000,44.14940977,43.81278917,43.87324954,43.89129516,0,0
9.73000000,44.11196507,43.74743415,43.90384103,43.88037087,0,0
9.74000000,44.10324189,43.71765450,43.91020109,43.79743777,0,0
9.75000000,44.07569591,43.72764104,43.94933978,43.78282185,0,0
9.76000000,44.05775646,43.73283160,43.86146696,43.81182208,0,0
9.77000000,44.02724219,43.70901505,43.87970507,43.79307506,0,0
9.78000000,44.01546776,43.71357768,43.81552922,43.75174675,0,0
9.79000000,43.95562791,43.68852591,43.75130891,43.77723915,0,0
9.80000000,43.93359842,43.65703988,43.77338439,43.75671400,0,0
9.81000000,43.99050242,43.60571715,43.72006302,43.74605613,0,0
9.82000000,43.98509052,43.60855194,43.79219370,43.72106634,0,0
9.83000000,43.91457902,43.56870653,43.75180821,43.66508774,0,0
9.84000000,43.90115213,43.57607107,43.81206987,43.62466994,0,0
9.85000000,43.96638296,43.58273748,43.67105248,43.58017139,0,0
9.86000000,43.89529180,43.53358909,43.62773733,43.61338247,0,0
9.87000000,43.87166648,43.49498055,43.58987127,43.60093643,0,0
9.88000000,43.87472618,43.49347822,43.61693471,43.52405134,0,0
9.89000000,43.83322581,43.47237772,43.63343658,43.47710085,0,0
9.90000000,43.73496532,43.44143063,43.57941946,43.51694663,0,0
9.91000000,43.74856170,43.42578174,43.57510471,43.51588420,0,0
9.92000000,43.75258377,43.44609408,43.58285425,43.48903433,0,0
9.93000000,43.75590148,43.46365566,43.46448742,43.50000840,0,0
9.94000000,43.65466529,43.42498422,43.43494381,43.49013950,0,0
9.95000000,43.68857557,43.37828546,43.42844141,43.45631859,0,0
9.96000000,43.70086869,43.33934461,43.48656102,43.45158616,0,0
9.97000000,43.68386228,43.30321436,43.48168436,43.44480399,0,0
9.98000000,43.61898189,43.29824917,43.44811179,43.39611250,0,0
9.99000000,43.72152507,43.33970155,43.38547377,43.40453427,0,0
10.00000000,43.58304558,43.25938813,43.35739915,43.40344105,0,0
10.01000000,43.57704520,43.16049632,43.34916523,43.37408143,0,0
10.02000000,43.58007481,43.14630820,43.39780182,43.32500419,0,0
10.03000000,43.52528302,43.17573734,43.38703557,43.17607217,0,0
10.04000000,43.51465658,43.15849171,43.33043894,43.27206538,0,0
10.05000000,43.45121098,43.23994578,43.30358206,43.25468835,0,0
10.06000000,43.50873050,43.17209106,43.34744876,43.18657286,0,0
10.07000000,43.45995120,43.14423299,43.19460309,43.19032782,0,0
10.08000000,43.35119496,43.12674067,43.21200437,43.18896488,0,0
10.09000000,43.38525076,43.08017596,43.16768029,43.18914566,0,0
10.10000000,43.46119475,43.07863963,43.19364997,43.16180208,0,0
10.11000000,43.40609780,43.03248092,43.19362471,43.13977113,0,0
10.12000000,43.37819050,42.99208651,43.16422247,43.09866050,0,0
10.13000000,43.36765737,43.00425650,43.14012908,43.07702572,0,0
10.14000000,43.35394089,43.01225216,43.09518414,43.09519259,0,0
10.15000000,43.31629558,42.95825071,43.08339042,43.07031093,0,0
10.16000000,43.33426237,42.91502326,43.05643540,43.02681307,0,0
10.17000000,43.28013636,42.87697209,43.09298411,42.94034752,0,0
10.18000000,43.20905863,42.89016929,43.08768431,43.00176813,0,0
10.19000000,43.17673030,42.92241573,43.03070584,43.06333370,0,0
10.20000000,43.19334540,42.84156733,43.10868431,42.98256261,0,0
10.21000000,43.19406982,42.85806906,43.01540567,42.99681024,0,0
10.22000000,43.14737706,42.90273913,42.92480993,42.96187336,0,0
10.23000000,43.08712933,42.83983792,42.89159257,42.90805314,0,0
10.24000000,43.20275230,42.81577573,42.93442601,42.86842191,0,0
10.25000000,43.13892182,42.78824365,42.86083951,42.83778475,0,0
10.26000000,43.13626706,42.69982502,42.92200120,42.81520044,0,0
10.27000000,43.11609612,42.73387276,42.89643278,42.76955939,0,0
10.28000000,43.09823524,42.74737940,42.81795115,42.80048399,0,0
10.29000000,42.91914670,42.69881112,42.81398555,42.75846519,0,0
10.30000000,42.97660970,42.62871049,42.74546467,42.75273023,0,0
10.31000000,42.97082117,42.60485044,42.80653219,42.69385073,0,0
10.32000000,43.03414070,42.55953616,42.80044546,42.65315295,0,0
10.33000000,43.02354189,42.64195124,42.77115183,42.68972040,0,0
10.34000000,42.95028142,42.63634836,42.76247823,42.66150051,0,0
10.35000000,42.83387819,42.62276801,42.69367988,42.63057305,0,0
10.36000000,42.79152937,42.62091511,42.65903592,42.62433982,0,0
10.37000000,42.76231616,42.57450672,42.65210803,42.64223161,0,0
10.38000000,42.89841698,42.56596196,42.65378362,42.61924801,0,0
10.39000000,42.80835774,42.54913198,42.64226117,42.61699989,0,0
10.40000000,42.68816333,42.45925814,42.62451211,42.57807760,0,0
10.41000000,42.71624814,42.47625073,42.61390911,42.60399203,0,0
10.42000000,42.97250080,42.55091088,42.51364952,42.53799027,0,0
10.43000000,42.79092775,42.48467166,42.50170929,42.56474992,0,0
10.44000000,42.66393414,42.37406097,42.43222946,42.55388251,0,0
10.45000000,42.61666646,42.37555481,42.44361099,42.53709959,0,0
10.46000000,42.65344418,42.42956986,42.52394287,42.42668740,0,0
10.47000000,42.66634738,42.42559926,42.50764558,42.50995494,0,0
10.48000000,42.70168895,42.37793168,42.40921049,42.51217899,0,0
10.49000000,42.68348796,42.36261967,42.48550525,42.48149247,0,0
10.50000000,42.67476444,42.38000324,42.38442307,42.45375605,0,0
10.51000000,42.57208656,42.41356669,42.27067916,42.42224616,0,0
10.52000000,42.55749075,42.36788444,42.25557706,42.35468703,0,0
10.53000000,42.60596563,42.29358904,42.24949848,42.37024780,0,0
10.54000000,42.58203886,42.25456977,42.38514904,42.28552889,0,0
10.55000000,42.51126068,42.20331848,42.41802059,42.27892198,0,0
10.56000000,42.53756055,42.21411286,42.38179755,42.24538299,0,0
10.57000000,42.52438719,42.23685764,42.31024398,42.23189292,0,0
10.58000000,42.47652977,42.17951628,42.33002732,42.22474754,0,0
10.59000000,42.48393703,42.11632596,42.24012799,42.20958103,0,0
10.60000000,42.44924838,42.14766790,42.30605326,42.14283749,0,0
10.61000000,42.37751344,42.04385669,42.19480921,42.10544954,0,0
10.62000000,42.33659931,42.03343116,42.15282450,42.17250850,0,0
10.63000000,42.36368670,42.10068654,42.13358767,42.15480832,0,0
10.64000000,42.34938334,42.03984086,42.25999890,42.10852220,0,0
10.65000000,42.28841640,42.08850837,42.04852799,42.11800923,0,0
10.66000000,42.19115360,42.01352672,42.04520263,42.03831612,0,0
10.67000000,42.26695725,41.97217559,41.97379401,42.02792857,0,0
10.68000000,42.28194161,41.95090678,41.91532963,42.00423506,0,0
10.69000000,42.20871141,41.94174453,41.92336813,41.99856627,0,0
10.70000000,42.21465528,41.85553809,41.97701439,41.98678248,0,0
10.71000000,42.23421008,41.89863610,41.97178462,41.94492861,0,0
10.72000000,42.18576407,41.87236325,41.97374580,41.94726071,0,0
10.73000000,42.12144840,41.85612991,41.91677970,41.97201051,0,0
10.74000000,42.10588552,41.80285380,41.92728600,41.97537160,0,0
10.75000000,42.06763277,41.74142711,41.94906208,41.90058273,0,0
10.76000000,42.01167621,41.74220534,41.96446843,41.94281843,0,0
10.77000000,42.00495470,41.77540639,41.88930025,41.93466392,0,0
10.78000000,42.05483971,41.73519704,41.91731290,41.90029230,0,0
10.79000000,42.06078249,41.71593288,41.82094966,41.84415998,0,0
10.80000000,41.91959783,41.67358646,41.77134519,41.84971188,0,0
10.81000000,41.89784141,41.64241093,41.76570242,41.80027173,0,0
10.82000000,41.97374494,41.65559164,41.77879040,41.82773726,0,0
10.83000000,41.98608385,41.67771163,41.81949844,41.76441289,0,0
10.84000000,41.92505138,41.61407471,41.75963113,41.69537194,0,0
10.85000000,41.95218705,41.57778004,41.77564338,41.67119516,0,0
10.86000000,41.97969183,41.57700124,41.73492750,41.67379877,0,0
10.87000000,41.90278283,41.61701738,41.75421322,41.60965452,0,0
10.88000000,41.87240150,41.45779246,41.70685521,41.64681107,0,0
10.89000000,41.86962651,41.50356587,41.60280067,41.59749264,0,0
10.90000000,41.83961555,41.41753052,41.62196856,41.48419053,0,0
10.91000000,41.80193911,41.45193434,41.60631707,41.51257152,0,0
10.92000000,41.81286098,41.49932811,41.60031853,41.54687944,0,0
10.93000000,41.80089924,41.48484412,41.62836668,41.46925538,0,0
10.94000000,41.75521199,41.44259233,41.57912421,41.41910694,0,0
10.95000000,41.69956403,41.35813819,41.50007792,41.44174478,0,0
10.96000000,41.72420329,41.30470661,41.48731153,41.42207185,0,0
10.97000000,41.75882518,41.29614936,41.43978884,41.44423761,0,0
10.98000000,41.67240638,41.28919056,41.46930796,41.38981168,0,0
10.99000000,41.61756847,41.25281995,41.47566834,41.38630793,0,0
11.00000000,41.70067813,41.25478641,41.52005352,41.35354383,0,0
11.01000000,41.69819333,41.24397365,41.45238272,41.27258739,0,0
11.02000000,41.58067945,41.24174575,41.40989864,41.29618906,0,0
11.03000000,41.61359615,41.15764636,41.33548780,41.27514049,0,0
11.04000000,41.56656706,41.12507465,41.37096172,41.25967394,0,0
11.05000000,41.57233525,41.07350752,41.40164609,41.13575561,0,0
11.06000000,41.56012525,41.11176840,41.35498050,41.17147669,0,0
11.07000000,41.48330050,41.14111861,41.34122350,41.26489979,0,0
11.08000000,41.49319991,41.09020105,41.33925155,41.17485706,0,0
11.09000000,41.44761827,41.02445264,41.28212679,41.13448215,0,0
11.10000000,41.41940951,41.04105717,41.20889488,41.16452653,0,0
11.11000000,41.42003991,41.03342607,41.18417807,41.06187720,0,0
11.12000000,41.47976298,41.00235040,41.20093195,41.06242591,0,0
11.13000000,41.39695479,40.99644220,41.22819623,41.02963281,0,0
11.14000000,41.36430182,40.98608544,41.21637438,41.02448957,0,0
11.15000000,41.39418601,40.94379356,41.19166248,41.02064712,0,0
11.16000000,41.37231230,40.94793054,41.13643388,41.02404681,0,0
11.17000000,41.34788655,40.93176573,41.14086431,41.06422267,0,0
11.18000000,41.34172515,40.87272677,41.11818288,41.05245718,0,0
11.19000000,41.32301412,40.86317754,41.11629151,40.99432423,0,0
11.20000000,41.21339823,40.81866875,41.07865566,40.86307536,0,0
11.21000000,41.20977339,40.84252177,41.04679246,40.91267846,0,0
11.22000000,41.23320612,40.84741431,40.97321195,40.89570536,0,0
11.23000000,41.28924851,40.83911641,41.08270511,40.85272443,0,0
11.24000000,41.16086585,40.77311554,40.93780487,40.84077951,0,0
11.25000000,41.04314274,40.76405253,40.91058575,40.83759193,0,0
11.26000000,41.08864071,40.75266387,40.91051734,40.82909253,0,0
11.27000000,41.20106315,40.73566544,40.94340384,40.81422413,0,0
11.28000000,41.14558341,40.70004315,40.94625025,40.78766160,0,0
11.29000000,41.02284137,40.72886084,40.92114427,40.77139517,0,0
11.30000000,41.08442735,40.64419314,40.92238941,40.78658168,0,0
11.31000000,41.11858931,40.69450454,40.84606001,40.72891102,0,0
11.32000000,41.08411709,40.66593876,40.84557505,40.71859758,0,0
11.33000000,41.05066368,40.58061244,40.81863521,40.70994441,0,0
11.34000000,40.98163397,40.57055529,40.80339686,40.68290025,0,0
11.35000000,40.92455441,40.56089613,40.81551636,40.57068540,0,0
11.36000000,40.94387649,40.55719192,40.77981249,40.56126137,0,0
11.37000000,40.96777321,40.53210969,40.70317834,40.62718963,0,0
11.38000000,40.98378758,40.48923620,40.73884340,40.57791587,0,0
11.39000000,40.85903783,40.43248320,40.71921850,40.56163929,0,0
11.40000000,40.79295273,40.47542017,40.67817269,40.54815854,0,0
11.41000000,40.86135622,40.46438093,40.60995339,40.47737981,0,0
11.42000000,40.93061570,40.44203014,40.61856688,40.51454566,0,0
11.43000000,40.81939268,40.35914292,40.63191349,40.42170987,0,0
11.44000000,40.76029990,40.35212259,40.64291599,40.44188596,0,0
11.45000000,40.86431179,40.28369629,40.68617114,40.46496994,0,0
11.46000000,40.83325887,40.37425851,40.61962140,40.41140575,0,0
11.47000000,40.73548340,40.37956916,40.62101521,40.39526767,0,0
11.48000000,40.75411455,40.28920233,40.55279344,40.35614347,0,0
11.49000000,40.75163085,40.16214364,40.49843781,40.37826113,0,0
11.50000000,40.71964249,40.18141199,40.54186229,40.32230212,0,0
11.51000000,40.63781185,40.24612249,40.46551745,40.23803331,0,0
11.52000000,40.60496321,40.31289819,40.45843184,40.33151807,0,0
11.53000000,40.63806506,40.25377583,40.46364215,40.28795762,0,0
11.54000000,40.63770268,40.16096650,40.51677256,40.26746232,0,0
11.55000000,40.56779289,40.13543028,40.39610346,40.28066352,0,0
11.56000000,40.55947490,40.18612601,40.35931677,40.21930424,0,0
11.57000000,40.59241427,40.17716329,40.30229703,40.21056939,0,0
11.58000000,40.53568085,40.12428790,40.35436185,40.22312553,0,0
11.59000000,40.49070232,40.07607435,40.34067629,40.17931576,0,0
11.60000000,40.54655800,40.02716178,40.35170455,40.21359957,0,0
11.61000000,40.61904577,40.02921883,40.28529862,40.14180243,0,0
11.62000000,40.45950664,40.10561726,40.24264607,40.09537725,0,0
11.63000000,40.44207275,40.02056731,40.25629135,40.10245572,0,0
11.64000000,40.43724636,39.91458043,40.17368934,40.07987386,0,0
11.65000000,40.41150137,39.92759183,40.28291062,40.02485906,0,0
11.66000000,40.40727793,39.92623196,40.20185974,39.94254438,0,0
11.67000000,40.32357230,39.97783550,40.18888874,40.01517643,0,0
11.68000000,40.34189800,39.91553440,40.10424995,40.00237838,0,0
11.69000000,40.32901672,39.88256436,40.21620477,39.97901324,0,0
11.70000000,40.30277884,39.83294253,40.07867472,39.90598770,0,0
11.71000000,40.21745145,39.85444272,40.08646925,39.93895129,0,0
11.72000000,40.31301813,39.90069594,40.05760833,39.82869298,0,0
11.73000000,40.29612411,39.88557436,40.08054350,39.85099606,0,0
11.74000000,40.22865411,39.78923038,40.08572366,39.83974079,0,0
11.75000000,40.19831701,39.75554207,40.06907862,39.84644554,0,0
11.76000000,40.23913185,39.76620270,40.02238643,39.86506448,0,0
11.77000000,40.21795857,39.81646514,39.96003478,39.81206090,0,0
11.78000000,40.20011286,39.78166366,40.00767036,39.82673111,0,0
11.79000000,40.18745367,39.64334330,39.96462248,39.80033338,0,0
11.80000000,40.13341380,39.61393750,39.93498832,39.78433971,0,0
11.81000000,40.06325752,39.62905015,39.90760348,39.68639681,0,0
11.82000000,40.03198286,39.67658419,39.89024111,39.68203002,0,0
11.83000000,40.06061566,39.59908761,39.83036379,39.73146534,0,0
11.84000000,40.05951513,39.62989310,39.92311734,39.68659494,0,0
11.85000000,40.02586786,39.54354303,39.84109969,39.64644745,0,0
11.86000000,39.93792546,39.59873512,39.75364378,39.67817423,0,0
11.87000000,39.98053135,39.57811206,39.78470920,39.61960271,0,0
11.88000000,40.07563120,39.58085610,39.65822550,39.62231113,0,0
11.89000000,39.96521760,39.46592761,39.81441318,39.60907050,0,0
11.90000000,39.91650005,39.55092694,39.76879570,39.60796072,0,0
11.91000000,39.92145897,39.48383177,39.76641878,39.54948498,0,0
11.92000000,39.90725614,39.47245468,39.67521165,39.52416031,0,0
11.93000000,39.87230425,39.46192477,39.67961883,39.49468327,0,0
11.94000000,39.87280018,39.39082068,39.63684565,39.48979161,0,0
11.95000000,39.85613320,39.34187088,39.64704825,39.46681840,0,0
11.96000000,39.73375040,39.32282277,39.61476603,39.42724801,0,0
11.97000000,39.65538047,39.32331466,39.61078596,39.31027166,0,0
11.98000000,39.70961605,39.32559337,39.51851775,39.32715136,0,0
11.99000000,39.77512713,39.25449698,39.52071527,39.41676735,0,0
12.00000000,39.76586764,39.19731890,39.57553497,39.35010368,0,0
12.01000000,39.57727580,39.10566343,39.47129649,39.35170794,0,0
12.02000000,39.53771811,39.17745144,39.46348080,39.32277282,0,0
12.03000000,39.55953770,39.20464751,39.39394063,39.26010303,0,0
12.04000000,39.54413723,39.18199856,39.41444698,39.27788585,0,0
12.05000000,39.52771846,39.04688438,39.39597152,39.22000176,0,0
12.06000000,39.49293259,39.04696578,39.40676853,39.18992820,0,0
12.07000000,39.53087378,38.90636574,39.28848724,39.17781585,0,0
12.08000000,39.41764192,38.99641849,39.22498744,39.12851100,0,0
12.09000000,39.38832240,38.97853229,39.25754971,39.06846620,0,0
12.10000000,39.35793374,38.96934098,39.24613823,39.05126823,0,0
12.11000000,39.40095432,38.85205059,39.21170905,39.03812872,0,0
12.12000000,39.35182083,38.79808614,39.22179247,38.96960862,0,0
12.13000000,39.22044349,38.79299482,39.15947319,38.86134438,0,0
12.14000000,39.20425456,38.82308324,39.12393359,38.93508403,0,0
12.15000000,39.22305571,38.78641816,39.11295166,38.91266992,0,0
12.16000000,39.21474033,38.72008713,39.07497746,38.86541751,0,0
12.17000000,39.15895810,38.66416490,39.01034675,38.86183761,0,0
12.18000000,39.13208014,38.63653196,38.95879645,38.80789119,0,0
12.19000000,39.14658838,38.62081081,38.91922043,38.79378865,0,0
12.20000000,39.07658965,38.60003885,38.91418870,38.78949533,0,0
12.21000000,38.99948771,38.55312948,38.92087243,38.74819490,0,0
12.22000000,39.02928580,38.53075853,38.92076533,38.71528557,0,0
12.23000000,39.07515800,38.50892039,38.93285295,38.67647286,0,0
12.24000000,39.00371872,38.51639263,38.85125875,38.61591276,0,0
12.25000000,38.96190233,38.48961306,38.90533855,38.56952977,0,0
12.26000000,38.96706859,38.42671457,38.79522392,38.52444868,0,0
12.27000000,38.96526148,38.22993042,38.77261292,38.49887509,0,0
12.28000000,38.82631193,38.33123505,38.77355810,38.47098054,0,0
12.29000000,38.84605792,38.29387213,38.73618990,38.32964562,0,0
12.30000000,38.80137737,38.32415620,38.67937100,38.42460298,0,0
12.31000000,38.77047520,38.26169620,38.62311259,38.35598358,0,0
12.32000000,38.72832185,38.14529485,38.60204105,38.31432218,0,0
12.33000000,38.65481747,38.06466426,38.54228169,38.25058452,0,0
12.34000000,38.64134609,38.10034388,38.48953696,38.25014948,0,0
12.35000000,38.70936247,38.13562470,38.47864791,38.20459074,0,0
12.36000000,38.59565410,38.08379797,38.47062202,38.18642778,0,0
12.37000000,38.50697067,38.01779118,38.41247993,38.15091940,0,0
12.38000000,38.52915557,37.93915386,38.40618521,38.11493228,0,0
12.39000000,38.51773199,37.88543425,38.37066191,38.10673473,0,0
12.40000000,38.45543161,37.90724998,38.31699174,38.02347211,0,0
12.41000000,38.41974602,37.87189830,38.26449713,37.99793788,0,0
12.42000000,38.39337454,37.73597186,38.22219837,37.93759181,0,0
12.43000000,38.32133664,37.66327115,38.17161838,37.86728022,0,0
12.44000000,38.26515452,37.63646396,38.16939998,37.82682778,0,0
12.45000000,38.18196215,37.64027481,38.10028027,37.65244232,0,0
12.46000000,38.20588537,37.61980672,37.94521930,37.74499578,0,0
12.47000000,38.25434498,37.54679185,38.01647862,37.68744238,0,0
12.48000000,38.11147896,37.54741660,37.95922709,37.72882023,0,0
12.49000000,37.93410021,37.44906312,37.83941451,37.60016546,0,0
12.50000000,37.99582447,37.43432799,37.85320457,37.66919872,0,0
12.51000000,38.04138233,37.40700548,37.86720702,37.54398719,0,0
12.52000000,37.99704226,37.35839262,37.83673826,37.50266615,0,0
12.53000000,37.90838492,37.29378240,37.81674037,37.51382098,0,0
12.54000000,37.81649391,37.23784396,37.78371773,37.43139143,0,0
12.55000000,37.84835701,37.20257390,37.75330660,37.45570253,0,0
12.56000000,37.83660924,37.15589052,37.68520117,37.37544292,0,0
12.57000000,37.79311925,37.14426084,37.64213585,37.29071696,0,0
12.58000000,37.66604183,37.09959498,37.56396719,37.18524304,0,0
12.59000000,37.61279533,36.97782946,37.55421842,37.16998898,0,0
12.60000000,37.58642129,36.94555435,37.53688653,37.15292909,0,0
12.61000000,37.58694228,36.88197930,37.47679108,37.00918682,0,0
12.62000000,37.53783205,36.85050161,37.38895417,37.03367102,0,0
12.63000000,37.47169031,36.86629138,37.34765189,37.02636903,0,0
12.64000000,37.37326171,36.80724512,37.37405620,37.04829677,0,0
12.65000000,37.30196149,36.79094315,37.28642888,36.92959042,0,0
12.66000000,37.28685259,36.73496865,37.17481354,36.91316748,0,0
12.67000000,37.43821826,36.79063486,37.14893517,36.87001786,0,0
12.68000000,37.28670105,36.66597850,37.05144719,36.81665770,0,0
12.69000000,37.20901724,36.55552611,37.11548774,36.76125436,0,0
12.70000000,37.11119879,36.48952322,37.11553502,36.71787444,0,0
12.71000000,37.27057595,36.49337105,37.07756203,36.65609226,0,0
12.72000000,37.20641125,36.47472392,36.98595315,36.63871960,0,0
12.73000000,37.02182397,36.46177817,36.85132986,36.58845376,0,0
12.74000000,36.98985358,36.45733097,36.82767848,36.51282959,0,0
12.75000000,36.98887377,36.42301593,36.84877689,36.49788361,0,0
12.76000000,36.89703066,36.31960546,36.82033195,36.44396352,0,0
12.77000000,36.83784592,36.19073390,36.78918975,36.39335019,0,0
12.78000000,36.81728556,36.09536495,36.70468282,36.29028123,0,0
12.79000000,36.83607661,36.07991326,36.64886087,36.29777061,0,0
12.80000000,36.76579562,36.13588359,36.63727642,36.29847771,0,0
12.81000000,36.62436623,36.15176735,36.67914498,36.24145475,0,0
12.82000000,36.50856168,36.07192781,36.49899045,36.13571873,0,0
12.83000000,36.64148523,35.93972740,36.42223336,36.14803089,0,0
12.84000000,36.63130050,35.84746319,36.40508008,36.08595686,0,0
12.85000000,36.62358936,35.78820341,36.41578550,36.03343420,0,0
12.86000000,36.52498746,35.82385042,36.45425692,35.96791064,0,0
12.87000000,36.39417059,35.78428664,36.38958630,35.88618265,0,0
12.88000000,36.50093712,35.73211128,36.35457306,35.81236834,0,0
12.89000000,36.41599550,35.62471253,36.20812692,35.81577027,0,0
12.90000000,36.37391519,35.55626600,36.20839622,35.78743583,0,0
12.91000000,36.28615737,35.56914196,36.16228988,35.72048653,0,0
12.92000000,36.29947500,35.54117979,36.13355541,35.70035043,0,0
12.93000000,36.20769567,35.42480640,36.10256789,35.68700697,0,0
12.94000000,36.19555041,35.33197033,36.08094738,35.57945353,0,0
12.95000000,36.10861907,35.31726369,36.04955750,35.45868631,0,0
12.96000000,36.08059403,35.31466081,36.00954936,35.38472463,0,0
12.97000000,36.04354489,35.28062099,35.99944097,35.33728947,0,0
12.98000000,36.02544690,35.19829031,35.99644870,35.30026670,0,0
12.99000000,35.93976865,35.10768345,35.87317204,35.31430794,0,0
13.00000000,35.92564586,35.03789071,35.85164872,35.28550641,0,0
13.01000000,35.94075336,35.06449405,35.68456355,35.28953328,0,0
13.02000000,35.86799319,35.07591505,35.70950274,35.19808044,0,0
13.03000000,35.76570352,35.05691598,35.71101395,35.13132805,0,0
13.04000000,35.71484825,34.93013948,35.72365689,35.08237881,0,0
13.05000000,35.83176417,34.85496831,35.65140381,35.05844727,0,0
13.06000000,35.68692942,34.85489810,35.55839207,35.03278767,0,0
13.07000000,35.64209039,34.76945641,35.45059786,35.05071508,0,0
13.08000000,35.57566942,34.75852841,35.48572919,34.99272997,0,0
13.09000000,35.57044713,34.79164161,35.42162834,34.92992384,0,0
13.10000000,35.49744507,34.78178396,35.38541233,34.95922348,0,0
13.11000000,35.46520342,34.62886371,35.35721077,34.87404005,0,0
13.12000000,35.40880863,34.58511794,35.31552857,34.78833119,0,0
13.13000000,35.35462270,34.52632526,35.29378641,34.65085717,0,0
13.14000000,35.37689929,34.52571576,35.30301965,34.67767683,0,0
13.15000000,35.31133283,34.55271926,35.22335328,34.67635804,0,0
13.16000000,35.21480340,34.50903593,35.14396432,34.66725384,0,0
13.17000000,35.17212765,34.42675175,35.02658005,34.58392352,0,0
13.18000000,35.18267744,34.35139186,35.01010507,34.54118880,0,0
13.19000000,35.14142382,34.36861580,34.98861061,34.49148542,0,0
13.20000000,35.09356921,34.35778072,34.91759910,34.46337523,0,0
13.21000000,35.01661319,34.31771544,34.92510937,34.42678906,0,0
13.22000000,35.10143616,34.22949309,34.83395555,34.40573519,0,0
13.23000000,35.04676427,34.23712305,34.82550544,34.32178729,0,0
13.24000000,34.91996039,34.16127737,34.76411826,34.30901668,0,0
13.25000000,34.83376119,34.14530590,34.75890993,34.20720904,0,0
13.26000000,34.86556071,34.12928021,34.74919162,34.15321864,0,0
13.27000000,34.86311880,34.05851943,34.64191407,34.09412196,0,0
13.28000000,34.77082738,34.08251882,34.59305754,34.10264232,0,0
13.29000000,34.69347148,33.94830798,34.60181252,34.07090013,0,0
13.30000000,34.59151849,33.96006104,34.55929152,34.07237408,0,0
13.31000000,34.64556507,33.85005985,34.51970716,33.91223347,0,0
13.32000000,34.62766142,33.75198273,34.48687131,33.91786711,0,0
13.33000000,34.62723649,33.75938544,34.47042677,33.91967703,0,0
13.34000000,34.47098668,33.77252585,34.35181111,33.89072230,0,0
13.35000000,34.45741433,33.77000351,34.31300434,33.84581162,0,0
13.36000000,34.47339743,33.64867864,34.27578138,33.76283945,0,0
13.37000000,34.45767819,33.57495733,34.27587790,33.76141307,0,0
13.38000000,34.45541904,33.50592360,34.20328657,33.67646376,0,0
13.39000000,34.38683826,33.50536101,34.22195574,33.65402548,0,0
13.40000000,34.38874922,33.45481192,34.15533287,33.60158400,0,0
13.41000000,34.37962132,33.39381226,34.16456727,33.50448092,0,0
13.42000000,34.33396315,33.34299958,34.09416119,33.48592842,0,0
13.43000000,34.23805982,33.26516581,34.09518118,33.43523951,0,0
13.44000000,34.21284111,33.21391307,34.03769484,33.36910898,0,0
13.45000000,34.08749657,33.19566228,33.96656407,33.32031953,0,0
13.46000000,34.11579861,33.14277451,33.89146556,33.26948308,0,0
13.47000000,34.14407442,33.02196697,33.95485411,33.19022376,0,0
13.48000000,34.09986756,32.96803732,33.88913777,33.23396100,0,0
13.49000000,34.05231122,32.92233561,33.85769524,33.00565594,0,0
13.50000000,33.99792919,32.88301345,33.79551264,33.02716211,0,0
13.51000000,33.96344837,32.81949283,33.80717544,32.98284407,0,0
13.52000000,33.90414759,32.77488998,33.74526861,32.93252918,0,0
13.53000000,33.84354788,32.71954117,33.63861285,32.94255365,0,0
13.54000000,33.86043015,32.68938015,33.68914401,32.85490047,0,0
13.55000000,33.82828077,32.64296143,33.60790446,32.82653832,0,0
13.56000000,33.83253409,32.59402472,33.57364705,32.79256226,0,0
13.57000000,33.77349958,32.53917913,33.58944046,32.74533020,0,0
13.58000000,33.80744905,32.48148526,33.54211405,32.69330782,0,0
13.59000000,33.76118231,32.42076042,33.57156378,32.63189491,0,0
13.60000000,33.65048018,32.37058954,33.51311303,32.54348000,0,0
13.61000000,33.63511274,32.36110002,33.54291273,32.54821844,0,0
13.62000000,33.67707758,32.29270601,33.46099462,32.46959648,0,0
13.63000000,33.57684675,32.24168017,33.38490114,32.40103743,0,0
13.64000000,33.55703589,32.23595143,33.25683062,32.39230855,0,0
13.65000000,33.49645399,32.20549175,33.35892320,32.35948859,0,0
13.66000000,33.51008548,32.09858937,33.31802147,32.24041632,0,0
13.67000000,33.39122607,32.00944060,33.28355168,32.22531439,0,0
13.68000000,33.32886333,32.01331639,33.27774091,32.05022573,0,0
13.69000000,33.29520367,31.96745537,33.28138006,32.03597787,0,0
13.70000000,33.31478719,31.99168797,33.23231006,32.05777569,0,0
13.71000000,33.27009678,31.91368800,33.06852813,32.08218156,0,0
13.72000000,33.26091886,31.85216471,33.02941464,32.01018952,0,0
13.73000000,33.25631129,31.77686609,33.02508959,31.90986167,0,0
13.74000000,33.16274742,31.75863541,32.96512105,31.85659278,0,0
13.75000000,33.12540100,31.77465583,33.00953816,31.81570045,0,0
13.76000000,33.05195712,31.74333669,32.95473144,31.79172638,0,0
13.77000000,33.15025776,31.67893753,32.95678558,31.78089172,0,0
13.78000000,33.10440655,31.62763225,32.92538696,31.76212514,0,0
13.79000000,33.06310332,31.58407255,32.86008342,31.67500002,0,0
13.80000000,32.95679164,31.57780621,32.81550152,31.66574904,0,0
13.81000000,32.90161738,31.51744344,32.75718390,31.58405681,0,0
13.82000000,32.86891610,31.47202973,32.66803602,31.52935794,0,0
13.83000000,32.86425521,31.47513070,32.67550893,31.51417871,0,0
13.84000000,32.84477492,31.41683644,32.65493554,31.48905187,0,0
13.85000000,32.73988972,31.36496069,32.60521063,31.43879691,0,0
13.86000000,32.72813878,31.31506550,32.56301917,31.45857984,0,0
13.87000000,32.73054298,31.33237568,32.52284830,31.32410340,0,0
13.88000000,32.73980943,31.25271791,32.54493098,31.23922225,0,0
13.89000000,32.61125171,31.19440390,32.55963418,31.26864609,0,0
13.90000000,32.55724578,31.16663936,32.27684096,31.26842287,0,0
13.91000000,32.67587127,31.15776683,32.36125315,31.26127378,0,0
13.92000000,32.61475268,31.16313319,32.25648578,31.20250173,0,0
13.93000000,32.59776244,31.05590020,32.32742772,31.08165038,0,0
13.94000000,32.50548252,31.04880068,32.32021379,31.08433456,0,0
13.95000000,32.52173662,31.06348301,32.27389172,31.02498044,0,0
13.96000000,32.52999491,31.08584848,32.25228245,31.03563238,0,0
13.97000000,32.49467537,31.04870213,32.20056506,31.01245173,0,0
13.98000000,32.45240821,30.92136380,32.17864452,30.97192162,0,0
13.99000000,32.40768829,30.86622982,32.18021692,30.92325320,0,0
14.00000000,32.38974027,30.86732177,32.11635226,30.90319114,0,0
14.01000000,32.33354145,30.85210670,32.10683703,30.84514755,0,0
14.02000000,32.34137176,30.84766220,32.04972979,30.80514366,0,0
14.03000000,32.25605266,30.81675800,32.09591123,30.75740603,0,0
14.04000000,32.23214684,30.77258405,32.11007670,30.76250952,0,0
14.05000000,32.24251534,30.70567088,32.06865851,30.75595359,0,0
14.06000000,32.24032111,30.67066112,32.03186444,30.72951149,0,0
14.07000000,32.23373480,30.63857355,32.01182296,30.60619089,0,0
14.08000000,32.18540864,30.58573916,32.04712641,30.53262488,0,0
14.09000000,32.10648746,30.61245387,31.81509620,30.62789594,0,0
14.10000000,32.21620993,30.61436033,31.89612256,30.61456800,0,0
14.11000000,32.14560019,30.57207221,31.82445203,30.62916088,0,0
14.12000000,32.14008912,30.55235833,31.87368110,30.53079789,0,0
14.13000000,32.06801270,30.47339309,31.88467029,30.46809608,0,0
14.14000000,32.03522529,30.41704236,31.83863773,30.48764666,0,0
14.15000000,32.11144136,30.41690397,31.79021088,30.44118742,0,0
14.16000000,32.07838574,30.43873346,31.75844685,30.44750688,0,0
14.17000000,32.00879882,30.40123667,31.75919925,30.40875397,0,0
14.18000000,31.96645587,30.35613390,31.75527729,30.39549964,0,0
14.19000000,31.96725210,30.32339418,31.80661804,30.32191960,0,0
14.20000000,31.96525574,30.33371086,31.75922364,30.33742326,0,0
14.21000000,31.87696667,30.27641374,31.69512698,30.32460886,0,0
14.22000000,31.87501092,30.26479820,31.72003280,30.29514813,0,0
14.23000000,31.82337339,30.24524898,31.72180045,30.27545095,0,0
14.24000000,31.85930327,30.24381897,31.67801419,30.29526081,0,0
14.25000000,31.86114986,30.21194143,31.67026697,30.23586733,0,0
14.26000000,31.85670326,30.14472027,31.56354613,30.20860569,0,0
14.27000000,31.81873824,30.14403609,31.67572849,30.15526217,0,0
14.28000000,31.65066312,30.14258277,31.51993775,30.04501649,0,0
14.29000000,31.77000873,30.08438913,31.50071068,30.08943013,0,0
14.30000000,31.78334007,30.08625865,31.52175199,30.09091211,0,0
14.31000000,31.78075395,30.01045416,31.46556125,30.10005582,0,0
14.32000000,31.68493994,30.02908931,31.48425956,30.08719790,0,0
14.33000000,31.62927388,30.03086038,31.48387119,30.00991516,0,0
14.34000000,31.66461386,30.01544899,31.47841724,30.01553637,0,0
14.35000000,31.70464948,29.98476121,31.43990086,29.93781837,0,0
14.36000000,31.66675091,29.96162034,31.40546594,29.93776766,0,0
14.37000000,31.59176890,29.96208966,31.32790034,29.92135102,0,0
14.38000000,31.51542278,29.92160820,31.32950510,29.89988507,0,0
14.39000000,31.53930552,29.91195034,31.31917020,29.85876203,0,0
14.40000000,31.55548495,29.90207625,31.28378074,29.84604431,0,0
14.41000000,31.49057627,29.88130392,31.25377037,29.87282346,0,0
14.42000000,31.44712258,29.80806905,31.26835376,29.83627077,0,0
14.43000000,31.41346831,29.81040825,31.23397247,29.77706570,0,0
14.44000000,31.42993056,29.84281946,31.24464820,29.74509142,0,0
14.45000000,31.44305106,29.79725582,31.22908937,29.74133995,0,0
14.46000000,31.38855237,29.73413620,31.17166446,29.73219702,0,0
14.47000000,31.27521484,29.71197354,31.25932784,29.73972993,0,0
14.48000000,31.27179602,29.71851027,31.06581346,29.62224141,0,0
14.49000000,31.31642780,29.65992414,31.13241713,29.53398365,0,0
14.50000000,31.29425859,29.64561344,30.99743281,29.58047949,0,0
14.51000000,31.35009846,29.59960025,30.98609968,29.57160267,0,0
14.52000000,31.20552961,29.58185422,31.01624125,29.61848262,0,0
14.53000000,31.13472020,29.58102273,30.99827702,29.59714645,0,0
14.54000000,31.18113850,29.55338355,31.00824709,29.52256261,0,0
14.55000000,31.18246717,29.56029714,30.96900463,29.58042776,0,0
14.56000000,31.15507054,29.51276847,30.91404165,29.50014774,0,0
14.57000000,31.16499830,29.50210210,30.88194689,29.47380192,0,0
14.58000000,31.12279155,29.50899981,30.90112436,29.48408828,0,0
14.59000000,31.07238294,29.47181977,30.90843802,29.49108117,0,0
14.60000000,31.06530058,29.43823744,30.86136767,29.42149630,0,0
14.61000000,31.03837555,29.43157766,30.78849324,29.40551109,0,0
14.62000000,31.00487482,29.39185613,30.80359155,29.39536098,0,0
14.63000000,30.93623427,29.38327807,30.72665672,29.36866819,0,0
14.64000000,30.93865844,29.41014139,30.74552176,29.29718277,0,0
14.65000000,30.94129621,29.38786569,30.66924861,29.28758466,0,0
14.66000000,30.96161346,29.31087450,30.71092020,29.29459024,0,0
14.67000000,30.87735644,29.24860542,30.75478177,29.28088252,0,0
14.68000000,30.81763424,29.19397190,30.60433016,29.25200932,0,0
14.69000000,30.84529922,29.24527023,30.66941286,29.15715721,0,0
14.70000000,30.87919694,29.25105665,30.58158029,29.08999981,0,0
14.71000000,30.85520675,29.19191078,30.51391835,29.20331261,0,0
14.72000000,30.78306015,29.16704423,30.58602669,29.15707355,0,0
14.73000000,30.67174615,29.12031869,30.58119901,29.20345294,0,0
14.74000000,30.75173793,29.15965060,30.56512104,29.16173621,0,0
14.75000000,30.77345729,29.10921344,30.54532312,29.05546499,0,0
14.76000000,30.73758951,29.04180984,30.48503665,29.07144946,0,0
14.77000000,30.67789367,29.03307859,30.42679456,29.06713228,0,0
14.78000000,30.63118798,29.06371659,30.43778926,29.06307525,0,0
14.79000000,30.64325964,29.04320767,30.45300017,29.06957557,0,0
14.80000000,30.62628114,28.97652460,30.40824501,29.04560919,0,0
14.81000000,30.62502716,28.94942303,30.30426308,28.96775198,0,0
14.82000000,30.57042297,28.95444652,30.35499224,28.92111269,0,0
14.83000000,30.52656837,28.96032280,30.30902185,28.92781384,0,0
14.84000000,30.52701596,28.91869345,30.32468294,28.86769491,0,0
14.85000000,30.54756411,28.89399410,30.28822295,28.82688137,0,0
14.86000000,30.55537669,28.83678155,30.21120651,28.79441343,0,0
14.87000000,30.45020928,28.82577730,30.31140897,28.78171594,0,0
14.88000000,30.33625800,28.80864185,30.18533456,28.81251170,0,0
14.89000000,30.41207209,28.74713965,30.15308209,28.80156714,0,0
14.90000000,30.44058513,28.70870520,30.24755507,28.73813627,0,0
14.91000000,30.46154806,28.68156825,30.09479062,28.57845756,0,0
14.92000000,30.38932553,28.65906066,30.12474290,28.61666211,0,0
14.93000000,30.24412256,28.69021810,30.14678844,28.67171135,0,0
14.94000000,30.28857252,28.68893557,30.11652119,28.64666125,0,0
14.95000000,30.32247400,28.65436807,30.09636075,28.65740812,0,0
14.96000000,30.31178613,28.61685309,30.03352570,28.56650884,0,0
14.97000000,30.26838412,28.54989746,30.00030488,28.57195793,0,0
14.98000000,30.21854974,28.54599538,29.95303567,28.57336014,0,0
14.99000000,30.21697653,28.59484656,30.03343208,28.51820014,0,0
15.00000000,30.14840247,28.59432051,29.93397177,28.51234896,0,0
15.01000000,30.15985153,28.56924074,29.90287875,28.48740613,0,0
15.02000000,30.13542896,28.50231641,29.89068532,28.49967042,0,0
15.03000000,30.10519724,28.46933963,29.93848172,28.45528660,0,0
15.04000000,30.08387759,28.46499489,29.93151235,28.47153074,0,0
15.05000000,30.08618177,28.46677466,29.87332349,28.42015548,0,0
15.06000000,30.11079536,28.41895983,29.78735954,28.40367839,0,0
15.07000000,30.05872174,28.41168273,29.80904465,28.38959999,0,0
15.08000000,29.95035397,28.37783134,29.82672267,28.38452945,0,0
15.09000000,30.01521015,28.41508718,29.70166948,28.38560253,0,0
15.10000000,30.01652962,28.39820333,29.82170042,28.36674385,0,0
15.11000000,30.07745334,28.36331698,29.74489483,28.33892910,0,0
15.12000000,30.03766252,28.30027330,29.67239336,28.24964607,0,0
15.13000000,29.95397516,28.33342550,29.71205309,28.21000488,0,0
15.14000000,29.95413563,28.37646332,29.77723434,28.27268721,0,0
15.15000000,29.99891057,28.37072981,29.71628647,28.27720048,0,0
15.16000000,29.98399237,28.28834119,29.68560335,28.31429522,0,0
15.17000000,29.97169376,28.29502841,29.67761841,28.27553288,0,0
15.18000000,29.92627560,28.26509217,29.66395543,28.24571993,0,0
15.19000000,29.92768155,28.28023288,29.72556585,28.24128421,0,0
15.20000000,29.92489819,28.33637077,29.69612574,28.23763635,0,0
15.21000000,29.88708778,28.33782352,29.71313859,28.20620529,0,0
15.22000000,29.91255512,28.27415941,29.61705414,28.20034196,0,0
15.23000000,29.86087734,28.28108387,29.62896062,28.17530304,0,0
15.24000000,29.85625755,28.27116854,29.62297825,28.19348444,0,0
15.25000000,29.83933958,28.28223015,29.61685559,28.15613871,0,0
15.26000000,29.88739646,28.27396354,29.63445576,28.18525871,0,0
15.27000000,29.86682866,28.27113138,29.61837625,28.14819226,0,0
15.28000000,29.85520027,28.22719353,29.60893557,28.11944959,0,0
15.29000000,29.77360552,28.25671890,29.58558110,28.06889699,0,0
15.30000000,29.85973240,28.28806446,29.43819787,28.06655000,0,0
15.31000000,29.87025665,28.25725538,29.63447764,28.11803474,0,0
15.32000000,29.89300549,28.22911904,29.52512427,28.10143578,0,0
15.33000000,29.88962903,28.13688050,29.52365174,28.13534171,0,0
15.34000000,29.77384596,28.18388713,29.55974603,28.09171814,0,0
15.35000000,29.81540232,28.17312087,29.52945014,28.02182245,0,0
15.36000000,29.85960501,28.18101015,29.56164742,28.08146335,0,0
15.37000000,29.89581577,28.19158648,29.51609822,28.08320315,0,0
15.38000000,29.79826633,28.16769103,29.48323518,28.14021864,0,0
15.39000000,29.79883921,28.17030295,29.46471539,28.11887663,0,0
15.40000000,29.77059793,28.14674020,29.48241744,28.05710086,0,0
15.41000000,29.74098495,28.14399717,29.50215025,28.02618451,0,0
15.42000000,29.76992591,28.14993447,29.46235247,28.00556687,0,0
15.43000000,29.79964866,28.15246761,29.43496501,28.00094548,0,0
15.44000000,29.73603206,28.13670530,29.46521123,28.01619759,0,0
15.45000000,29.71396387,28.08935412,29.49910895,28.02065283,0,0
15.46000000,29.71833457,28.05601887,29.46694460,28.04486995,0,0
15.47000000,29.76336492,28.07687319,29.47526793,27.96369921,0,0
15.48000000,29.74949791,28.03810242,29.46256938,28.01857205,0,0
15.49000000,29.67688917,28.05443038,29.55347866,28.00700534,0,0
15.50000000,29.66350387,28.04770844,29.52832288,27.97755850,0,0
15.51000000,29.77920506,28.15896702,29.35639108,27.93193804,0,0
15.52000000,29.78522200,28.16165367,29.47331595,27.91587403,0,0
15.53000000,29.84115462,28.15927353,29.41976275,27.93451610,0,0
15.54000000,29.78613499,28.15848926,29.42279300,27.94290075,0,0
15.55000000,29.77747602,28.08933889,29.45396561,27.93760951,0,0
15.56000000,29.80134253,28.10277857,29.44772044,27.91835054,0,0
15.57000000,29.75950723,28.06222016,29.47838275,27.82311564,0,0
15.58000000,29.71727417,28.01028810,29.44339853,27.87109225,0,0
15.59000000,29.70322974,28.02441796,29.41118376,27.89557758,0,0
15.60000000,29.73585104,28.02143053,29.41828178,27.96381290,0,0
15.61000000,29.72078969,28.04098834,29.47863835,27.97369661,0,0
15.62000000,29.71783326,28.04258449,29.45561426,27.92249691,0,0
15.63000000,29.72918868,28.01138745,29.45437554,27.91809885,0,0
15.64000000,29.73276448,28.01929763,29.38949916,27.92309704,0,0
15.65000000,29.64949199,28.05441073,29.51389225,27.90368143,0,0
15.66000000,29.65827519,28.07009804,29.42290061,27.93314774,0,0
15.67000000,29.72362275,28.04158783,29.46605500,27.94346343,0,0
15.68000000,29.76716775,27.98178105,29.48010043,27.92622080,0,0
15.69000000,29.73036185,28.06018740,29.41345210,27.88464926,0,0
15.70000000,29.60381272,28.06868160,29.51055207,27.93176076,0,0
15.71000000,29.69518613,28.04783406,29.52266795,27.97395768,0,0
15.72000000,29.76909495,28.02563589,29.38816677,27.88928306,0,0
15.73000000,29.86742337,28.04388608,29.51895868,27.93585864,0,0
15.74000000,29.78465293,28.02980893,29.39385026,27.89804530,0,0
15.75000000,29.51386288,28.04662071,29.43611262,27.97331983,0,0
15.76000000,29.55959669,28.04073356,29.46015843,27.96417938,0,0
15.77000000,29.69522903,28.01867181,29.50334601,27.96554073,0,0
15.78000000,29.81410510,28.04721640,29.48018038,27.90719297,0,0
15.79000000,29.84594944,28.01483303,29.43013004,27.80981870,0,0
15.80000000,29.77233432,27.99890372,29.41654914,27.85469977,0,0
15.81000000,29.71795392,28.06559241,29.45179292,27.90327083,0,0
15.82000000,29.73717151,28.12300943,29.47759049,27.96249450,0,0
15.83000000,29.72514983,28.11789924,29.42323669,27.98859130,0,0
15.84000000,29.77144385,28.05088330,29.45087913,27.95492216,0,0
15.85000000,29.83207575,28.02289871,29.39374200,27.98327412,0,0
15.86000000,29.84474969,28.11171042,29.54018981,27.96703658,0,0
15.87000000,29.78645374,28.14382099,29.48639079,27.94606278,0,0
15.88000000,29.72066047,28.16664382,29.43677900,27.93545609,0,0
15.89000000,29.79255426,28.19339242,29.56939792,27.97756715,0,0
15.90000000,29.81973352,28.16455762,29.43752969,27.98649860,0,0
15.91000000,29.77155348,28.18924812,29.63293107,27.97082714,0,0
15.92000000,29.76282980,28.10823288,29.59194672,27.99168531,0,0
15.93000000,29.84889162,28.10252869,29.44195791,28.01434417,0,0
15.94000000,29.85824547,28.12578664,29.61976362,27.94832280,0,0
15.95000000,29.85011508,28.17220162,29.50062331,27.99111054,0,0
15.96000000,29.76976637,28.16977641,29.54937802,27.97065591,0,0
15.97000000,29.83112976,28.19119138,29.58407182,28.01382964,0,0
15.98000000,29.86606857,28.15006861,29.64716147,28.01921253,0,0
15.99000000,29.87905210,28.12272733,29.58817073,28.03535301,0,0
16.00000000,29.87695876,28.12106219,29.60221178,27.99338983,0,0
16.01000000,29.87561166,28.18530006,29.63258460,27.91487272,0,0
16.02000000,29.84429326,28.17111558,29.70143923,27.96095420,0,0
16.03000000,29.86621176,28.20005382,29.75609331,28.02029503,0,0
16.04000000,29.91392329,28.20106231,29.69641883,28.07443065,0,0
16.05000000,29.95360181,28.20645533,29.58044297,28.09269211,0,0
16.06000000,29.91722166,28.16725476,29.45602495,28.01840340,0,0
16.07000000,29.86429333,28.19039825,29.50104993,28.04943626,0,0
16.08000000,29.88787865,28.19432085,29.54430090,28.06204255,0,0
16.09000000,29.90780607,28.19926683,29.56471816,27.99130932,0,0
16.10000000,29.92969729,28.22749947,29.60467716,27.99366004,0,0
16.11000000,29.82263938,28.23888191,29.48302914,27.98993169,0,0
16.12000000,29.84666606,28.18264187,29.67765100,28.04928124,0,0
16.13000000,29.96750042,28.31660145,29.61491436,28.04735131,0,0
16.14000000,30.02957546,28.38054000,29.53572720,28.01095688,0,0
16.15000000,30.03145997,28.39997017,29.70921522,28.14630964,0,0
16.16000000,29.96657439,28.29353648,29.58959723,28.09987319,0,0
16.17000000,29.95470981,28.25882880,29.70071447,28.11826626,0,0
16.18000000,29.98868978,28.26896409,29.68972452,28.15774200,0,0
16.19000000,30.02385294,28.34550423,29.75118777,28.17951879,0,0
16.20000000,30.03024721,28.36859539,29.75785213,28.18531052,0,0
16.21000000,30.01228147,28.36938698,29.73103746,28.24849140,0,0
16.22000000,30.07365740,28.34877833,29.72027227,28.21016987,0,0
16.23000000,30.07683407,28.36676587,29.73439678,28.17200258,0,0
16.24000000,30.05477281,28.40641740,29.80314383,28.22149796,0,0
16.25000000,30.07568184,28.41094063,29.79618447,28.23905988,0,0
16.26000000,30.09612939,28.39483261,29.76276004,28.28117799,0,0
16.27000000,30.07367313,28.41067589,29.76134326,28.29238092,0,0
16.28000000,30.08370560,28.41327681,29.84359101,28.24995665,0,0
16.29000000,30.10925423,28.44582183,29.78903756,28.28610035,0,0
16.30000000,30.14163140,28.49381111,29.83190783,28.27427684,0,0
16.31000000,30.17046678,28.46080800,29.90409846,28.25810080,0,0
16.32000000,30.12440044,28.50371881,29.81174805,28.26085876,0,0
16.33000000,30.14774195,28.48137018,29.96863561,28.34196894,0,0
16.34000000,30.23343882,28.48463924,29.88560667,28.38580220,0,0
16.35000000,30.17985523,28.53278983,29.88290207,28.32787067,0,0
16.36000000,30.21996018,28.58512982,29.95078986,28.33871337,0,0
16.37000000,30.17658338,28.57549028,29.90951578,28.37324253,0,0
16.38000000,30.22551953,28.57815575,29.96348819,28.34575034,0,0
16.39000000,30.31014799,28.62481647,29.96732661,28.35223219,0,0
16.40000000,30.30694074,28.63463484,29.93092946,28.30221613,0,0
16.41000000,30.29090603,28.62297293,29.85147772,28.29800629,0,0
16.42000000,30.29065947,28.57879346,29.82626134,28.24885597,0,0
16.43000000,30.24854058,28.61569576,29.85236673,28.26174404,0,0
16.44000000,30.28255291,28.60528984,29.93604482,28.25087270,0,0
16.45000000,30.28000782,28.62627419,30.00881931,28.29973659,0,0
16.46000000,30.33272308,28.62446385,30.00610729,28.46588781,0,0
16.47000000,30.30169526,28.63881261,30.04141159,28.53697069,0,0
16.48000000,30.32909841,28.59910478,30.03028226,28.60732279,0,0
16.49000000,30.34173711,28.60672559,30.13077306,28.56729889,0,0
16.50000000,30.32244030,28.65612533,30.05407596,28.51244712,0,0
16.51000000,30.41968069,28.69718929,30.13562597,28.58842606,0,0
16.52000000,30.37786170,28.76290559,30.08625255,28.55212991,0,0
16.53000000,30.33735760,28.66911985,30.15504025,28.56163790,0,0
16.54000000,30.43899234,28.72586828,30.19086815,28.57430989,0,0
16.55000000,30.50186117,28.65114587,30.11745260,28.62673579,0,0
16.56000000,30.50855029,28.70964497,30.11253067,28.60749350,0,0
16.57000000,30.46122186,28.83606345,30.16113409,28.57416437,0,0
16.58000000,30.40800129,28.77173995,30.14816055,28.59358878,0,0
16.59000000,30.51640117,28.75777732,30.22531689,28.64238009,0,0
16.60000000,30.57964063,28.78173124,30.28148098,28.54554953,0,0
16.61000000,30.56192636,28.78817906,30.28554145,28.62457666,0,0
16.62000000,30.57045154,28.82166876,30.26172359,28.62953359,0,0
16.63000000,30.58439975,28.83186089,30.30701524,28.67130334,0,0
16.64000000,30.61860893,28.82326631,30.27113717,28.65770760,0,0
16.65000000,30.63168860,28.80725889,30.31488815,28.62351044,0,0
16.66000000,30.66971961,28.80101127,30.32997210,28.54477698,0,0
16.67000000,30.64966062,28.83402803,30.30117802,28.54294387,0,0
16.68000000,30.62564281,28.91088470,30.30075881,28.63520354,0,0
16.69000000,30.62583454,28.88136297,30.38403170,28.69856911,0,0
16.70000000,30.66755102,28.88751688,30.37530792,28.73563372,0,0
16.71000000,30.75712014,28.88405518,30.39044850,28.72135339,0,0
16.72000000,30.73648255,28.85852117,30.41465757,28.69146789,0,0
16.73000000,30.66370578,28.91321599,30.29741345,28.75955313,0,0
16.74000000,30.72068369,28.95037529,30.56182903,28.69493174,0,0
16.75000000,30.74610801,29.00802963,30.44408148,28.75479277,0,0
16.76000000,30.78449774,28.95764585,30.41283803,28.72320111,0,0
16.77000000,30.83430408,28.94126226,30.44646709,28.74215104,0,0
16.78000000,30.76968091,28.98309061,30.39391789,28.75655653,0,0
16.79000000,30.80429748,29.01016548,30.47959834,28.75710394,0,0
16.80000000,30.87057703,29.03002060,30.53254273,28.79496792,0,0
16.81000000,30.86672958,29.07218341,30.56399638,28.81848172,0,0
16.82000000,30.85295677,29.03264443,30.54081202,28.82707010,0,0
16.83000000,30.84867961,29.04640089,30.51845298,28.84834102,0,0
16.84000000,30.86241061,29.07980486,30.52450578,28.88548932,0,0
16.85000000,30.87593956,29.10351940,30.61415038,28.89149368,0,0
16.86000000,30.88424112,29.07133540,30.63432565,28.93310104,0,0
16.87000000,30.90094097,29.06013427,30.61666983,28.86063091,0,0
16.88000000,30.87802982,29.07805229,30.55157926,28.82682832,0,0
16.89000000,30.93938682,29.15113721,30.63547856,28.92944788,0,0
16.90000000,30.93335116,29.12455009,30.63912557,28.92187775,0,0
16.91000000,30.97588178,29.12431925,30.66565793,28.96933218,0,0
16.92000000,30.96175895,29.13925039,30.69997980,28.95348783,0,0
16.93000000,30.90051288,29.21391365,30.59011234,28.91224739,0,0
16.94000000,30.95841046,29.18516451,30.74066736,29.01503180,0,0
16.95000000,31.03770898,29.20559869,30.73366772,28.98812632,0,0
16.96000000,31.03417994,29.16629220,30.65092648,28.95920714,0,0
16.97000000,31.05186648,29.23878858,30.69275041,29.04884014,0,0
16.98000000,30.91417531,29.19743388,30.65893784,29.06054855,0,0
16.99000000,30.98575355,29.29977993,30.69465401,29.08921349,0,0
17.00000000,31.14272811,29.29861134,30.80859108,29.06798384,0,0
17.01000000,31.19873438,29.25813706,30.83145517,29.08216334,0,0
17.02000000,31.13677127,29.24115185,30.79583199,29.11294265,0,0
17.03000000,31.03124624,29.30109337,30.74821657,29.08008843,0,0
17.04000000,31.07376412,29.36439058,30.74893605,29.08846966,0,0
17.05000000,31.14996049,29.35586030,30.80038590,29.10420922,0,0
17.06000000,31.19445434,29.33124351,30.81367311,29.13096175,0,0
17.07000000,31.15657464,29.31113931,30.86172428,29.12346266,0,0
17.08000000,31.14140453,29.33777983,30.80322091,29.13491207,0,0
17.09000000,31.20532427,29.38787618,30.86810950,29.10693773,0,0
17.10000000,31.19662888,29.39297331,30.95200218,29.12879992,0,0
17.11000000,31.24318759,29.37078321,30.91621367,29.19427886,0,0
17.12000000,31.16127250,29.39138253,30.91873553,29.27715012,0,0
17.13000000,31.14281154,29.42228312,30.83027293,29.29479745,0,0
17.14000000,31.18014701,29.42879977,30.98773939,29.26455669,0,0
17.15000000,31.26612570,29.45685589,30.98168692,29.23577371,0,0
17.16000000,31.33158154,29.40790972,30.84809119,29.31130658,0,0
17.17000000,31.29221876,29.45337199,30.93936910,29.24437256,0,0
17.18000000,31.25843876,29.52637359,30.89868261,29.30630554,0,0
17.19000000,31.30265641,29.53070245,31.01358517,29.34534710,0,0
17.20000000,31.36589334,29.55047311,31.04119037,29.31985407,0,0
17.21000000,31.35098110,29.53695994,31.07448731,29.32922081,0,0
17.22000000,31.31790155,29.55418263,31.09819861,29.33624277,0,0
17.23000000,31.35739383,29.57673715,31.09423941,29.34182959,0,0
17.24000000,31.40256327,29.60166406,31.07407989,29.30136655,0,0
17.25000000,31.37512336,29.60526317,31.06010651,29.37242121,0,0
17.26000000,31.40022547,29.60726511,31.08084682,29.37471256,0,0
17.27000000,31.40245452,29.58674287,31.04778766,29.40007059,0,0
17.28000000,31.37528930,29.62102485,31.04471734,29.45207210,0,0
17.29000000,31.42098008,29.59653004,31.10488027,29.42700416,0,0
17.30000000,31.44320020,29.64157341,31.15625053,29.37910550,0,0
17.31000000,31.46453829,29.66268173,31.17419169,29.36894378,0,0
17.32000000,31.36499203,29.63263219,31.16638682,29.49011184,0,0
17.33000000,31.46946097,29.69149270,31.14159487,29.52981503,0,0
17.34000000,31.56135854,29.75480911,31.28905031,29.54223206,0,0
17.35000000,31.50824956,29.76314546,31.23003461,29.48873353,0,0
17.36000000,31.48785648,29.71257273,31.08253061,29.50853401,0,0
17.37000000,31.44345932,29.69744238,31.21263197,29.53922960,0,0
17.38000000,31.46966368,29.71720333,31.16251725,29.52680712,0,0
17.39000000,31.58285984,29.77033592,31.28834315,29.50339602,0,0
17.40000000,31.54264776,29.72182667,31.25485391,29.56006553,0,0
17.41000000,31.53599056,29.78186286,31.31061178,29.59619287,0,0
17.42000000,31.59677748,29.83115105,31.25870342,29.57353372,0,0
17.43000000,31.64344339,29.80707136,31.20648145,29.63252643,0,0
17.44000000,31.58665669,29.78980189,31.21639696,29.64965861,0,0
17.45000000,31.56858341,29.85715645,31.28618206,29.64277730,0,0
17.46000000,31.62517249,29.89780430,31.38430398,29.65592380,0,0
17.47000000,31.63918739,29.88889789,31.38678989,29.64937364,0,0
17.48000000,31.61065914,29.83579238,31.34301842,29.68237227,0,0
17.49000000,31.59010113,29.84666618,31.36269052,29.71432652,0,0
17.50000000,31.66545349,29.87335924,31.37239932,29.68604171,0,0
17.51000000,31.73167056,29.92936082,31.31891093,29.61963528,0,0
17.52000000,31.58865030,29.93367223,31.38149873,29.67537678,0,0
17.53000000,31.65029395,29.90870017,31.30831168,29.72344751,0,0
17.54000000,31.72446518,29.92792071,31.51694205,29.82540349,0,0
17.55000000,31.83504230,29.99210997,31.37969864,29.80740397,0,0
17.56000000,31.79832609,29.92323706,31.42526232,29.80297905,0,0
17.57000000,31.69993125,30.02530578,31.47764239,29.80255392,0,0
17.58000000,31.67621492,30.01708624,31.39426364,29.83517128,0,0
17.59000000,31.77557679,30.09226736,31.51465177,29.84503481,0,0
17.60000000,31.78570566,30.11321131,31.47983881,29.86197623,0,0
17.61000000,31.83714003,30.04693599,31.51766274,29.86992112,0,0
17.62000000,31.83069735,30.08855016,31.52010874,29.86530474,0,0
17.63000000,31.83447572,30.13100956,31.58157931,29.89345867,0,0
17.64000000,31.81683680,30.15244444,31.50812588,29.95322060,0,0
17.65000000,31.82174996,30.16917770,31.56328532,29.94900437,0,0
17.66000000,31.83227896,30.17576698,31.57751021,29.97129317,0,0
17.67000000,31.86732369,30.18129736,31.59257843,29.98649764,0,0
17.68000000,31.89485070,30.18257042,31.61124517,30.02954540,0,0
17.69000000,31.92026918,30.19162924,31.64547608,30.03877534,0,0
17.70000000,31.93410980,30.19232139,31.63908950,30.05820814,0,0
17.71000000,31.84959989,30.22698398,31.65109959,30.04473373,0,0
17.72000000,31.92330361,30.25023280,31.62297068,29.95708122,0,0
17.73000000,31.97761341,30.27996326,31.58813361,30.07118605,0,0
17.74000000,31.96958332,30.22877266,31.72921572,29.98919401,0,0
17.75000000,31.97573003,30.30440242,31.47820038,30.11148173,0,0
17.76000000,31.94364744,30.28562007,31.66489924,30.09672580,0,0
17.77000000,31.94786475,30.33560575,31.58815348,30.11373631,0,0
17.78000000,32.00371062,30.33915962,31.67450735,30.16692841,0,0
17.79000000,32.01266637,30.32887024,31.71190089,30.11309236,0,0
17.80000000,32.03004404,30.39430810,31.72072965,30.16103881,0,0
17.81000000,31.99454412,30.38140712,31.69996741,30.18997000,0,0
17.82000000,32.00183520,30.42189774,31.74514270,30.20200010,0,0
17.83000000,31.98815340,30.41362366,31.73862307,30.18761815,0,0
17.84000000,32.07629929,30.38752778,31.80590209,30.19223914,0,0
17.85000000,32.05316522,30.42235336,31.79775892,30.27501735,0,0
17.86000000,32.02197602,30.48970011,31.77744472,30.28663648,0,0
17.87000000,32.03239168,30.52597595,31.75945966,30.27197063,0,0
17.88000000,32.09288918,30.50966380,31.74053517,30.28801667,0,0
17.89000000,32.09736552,30.46121503,31.79233195,30.31515891,0,0
17.90000000,32.06900200,30.46679977,31.77692675,30.34326546,0,0
17.91000000,32.02681478,30.46102614,31.82438207,30.38844196,0,0
17.92000000,32.12568092,30.51444249,31.80677642,30.33067423,0,0
17.93000000,32.12585543,30.58887059,31.92562573,30.33383666,0,0
17.94000000,32.15634092,30.57679638,31.84354637,30.42447143,0,0
17.95000000,32.22369554,30.57633544,31.76317610,30.43143689,0,0
17.96000000,32.07389681,30.60094952,31.87808985,30.50062350,0,0
17.97000000,32.22941602,30.59476300,31.85150366,30.42797852,0,0
17.98000000,32.13033360,30.62143515,31.94403151,30.42948189,0,0
17.99000000,32.26298275,30.66099313,31.97517035,30.45804294,0,0
18.00000000,32.17067182,30.65020495,31.97165758,30.45500085,0,0
18.01000000,32.24836026,30.66296182,31.97828282,30.53432922,0,0
18.02000000,32.21317891,30.65644050,31.91231093,30.51777814,0,0
18.03000000,32.23049942,30.76215245,31.89994234,30.55360677,0,0
18.04000000,32.25963902,30.75403066,31.98064812,30.55428761,0,0
18.05000000,32.28121930,30.74222020,32.00054487,30.62141040,0,0
18.06000000,32.27474446,30.78850438,32.01024386,30.62470946,0,0
18.07000000,32.28838086,30.83076466,32.00433367,30.60293929,0,0
18.08000000,32.33232786,30.85560072,32.06356921,30.63178440,0,0
18.09000000,32.33755706,30.80109319,32.05416222,30.64210474,0,0
18.10000000,32.33299826,30.80934399,32.11095999,30.67519741,0,0
18.11000000,32.30549198,30.85039389,32.02927152,30.69658086,0,0
18.12000000,32.34269765,30.82570333,32.20709059,30.63260801,0,0
18.13000000,32.40204456,30.90004276,32.13559703,30.56672532,0,0
18.14000000,32.46492006,30.80890408,32.00324889,30.68896662,0,0
18.15000000,32.33000594,30.89625427,32.07881068,30.71934409,0,0
18.16000000,32.41326781,30.88726386,31.99363149,30.81034189,0,0
18.17000000,32.44086109,30.95111632,32.14437674,30.78815647,0,0
18.18000000,32.49245504,30.99305282,32.18175672,30.80328289,0,0
18.19000000,32.45740687,30.90821608,32.21228009,30.83455854,0,0
18.20000000,32.47817446,30.96656940,32.16722169,30.81905921,0,0
18.21000000,32.46303357,30.92440054,32.23418245,30.86743599,0,0
18.22000000,32.52558589,31.04584730,32.21294874,30.88648990,0,0
18.23000000,32.50266684,31.07415071,32.26255480,30.89386047,0,0
18.24000000,32.51964132,31.01928671,32.26221267,30.86907092,0,0
18.25000000,32.52841209,30.99100397,32.24929748,30.91982331,0,0
18.26000000,32.55993640,31.08369200,32.22904675,30.94679904,0,0
18.27000000,32.65330005,31.09358923,32.27786449,30.88362237,0,0
18.28000000,32.63651982,31.08409311,32.26992841,30.86206174,0,0
18.29000000,32.51657293,31.05937433,32.31082118,30.90382840,0,0
18.30000000,32.59234455,31.10171210,32.33537363,30.92513259,0,0
18.31000000,32.64881694,31.12118710,32.38478882,30.95747503,0,0
18.32000000,32.70747444,31.14148212,32.43506901,30.90614996,0,0
18.33000000,32.69324574,31.12024019,32.27394484,30.92892545,0,0
18.34000000,32.63759734,31.09988720,32.40311004,30.95329934,0,0
18.35000000,32.68357614,31.21830265,32.32201746,31.01714620,0,0
18.36000000,32.76141897,31.22304624,32.44045588,31.11385356,0,0
18.37000000,32.73329123,31.25740606,32.46643170,31.01222553,0,0
18.38000000,32.79594018,31.26843978,32.47555812,31.04847251,0,0
18.39000000,32.80496235,31.27635184,32.49073187,31.12953348,0,0
18.40000000,32.77438940,31.34454259,32.44409280,31.05961431,0,0
18.41000000,32.77245022,31.32179460,32.46497207,31.12567055,0,0
18.42000000,32.88051080,31.35636370,32.50650607,31.11484988,0,0
18.43000000,32.87492692,31.41056600,32.56604002,31.14812838,0,0
18.44000000,32.85082285,31.42092432,32.57447903,31.17021287,0,0
18.45000000,32.91686314,31.40680918,32.61480210,31.20198084,0,0
18.46000000,32.94867780,31.48345132,32.58246298,31.23276694,0,0
18.47000000,32.92724177,31.52711244,32.63155148,31.21629745,0,0
18.48000000,32.92963447,31.48285875,32.63259568,31.22293059,0,0
18.49000000,33.01249035,31.48363442,32.63779788,31.27161347,0,0
18.50000000,33.08437863,31.51057114,32.70884803,31.29881561,0,0
18.51000000,33.12431124,31.51599386,32.79425435,31.32208507,0,0
18.52000000,33.12191787,31.53799500,32.66446301,31.26781013,0,0
18.53000000,33.04208141,31.54939888,32.87506363,31.26972349,0,0
18.54000000,33.12583494,31.59162903,32.71099718,31.38163341,0,0
18.55000000,33.13291482,31.62524752,32.87440067,31.41899994,0,0
18.56000000,33.27716672,31.61248564,32.85596387,31.44591533,0,0
18.57000000,33.22581440,31.58457537,32.88941945,31.39588503,0,0
18.58000000,33.27669713,31.65715263,32.91560127,31.46564864,0,0
18.59000000,33.24009643,31.67101023,32.98404612,31.45387169,0,0
18.60000000,33.31167226,31.81153750,32.96334644,31.48238960,0,0
18.61000000,33.36284722,31.68096509,33.01512751,31.51889260,0,0
18.62000000,33.38554032,31.71756974,33.01123198,31.55674416,0,0
18.63000000,33.40299371,31.78556008,33.02616024,31.54783372,0,0
18.64000000,33.40005571,31.81263266,33.06652910,31.56836817,0,0
18.65000000,33.40833459,31.80534001,33.12642224,31.60320741,0,0
18.66000000,33.43289960,31.84912898,33.14318160,31.59136125,0,0
18.67000000,33.48953406,31.83211296,33.18598767,31.56844734,0,0
18.68000000,33.57420338,31.81113949,33.19083593,31.61723179,0,0
18.69000000,33.61287143,31.86699034,33.29907414,31.62173310,0,0
18.70000000,33.66170251,31.86515897,33.32603440,31.60874370,0,0
18.71000000,33.59600759,31.86426145,33.23121601,31.60130211,0,0
18.72000000,33.64085905,31.92091064,33.28242204,31.58529034,0,0
18.73000000,33.68426604,31.88763572,33.24856876,31.65756064,0,0
18.74000000,33.73063732,31.97578461,33.33220087,31.67876975,0,0
18.75000000,33.77567552,31.90132962,33.31409280,31.77329660,0,0
18.76000000,33.79209821,31.90455242,33.39114563,31.76820090,0,0
18.77000000,33.75619870,31.91300306,33.38120858,31.71591944,0,0
18.78000000,33.75810287,31.95676608,33.43141099,31.81401240,0,0
18.79000000,33.78399062,32.05574520,33.43908579,31.76265903,0,0
18.80000000,33.82382342,32.05117386,33.49332271,31.78316353,0,0
18.81000000,33.84564194,32.02799125,33.45200651,31.82663944,0,0
18.82000000,33.89486559,32.09063814,33.48699971,31.83566913,0,0
18.83000000,33.88992944,32.08408203,33.50334063,31.82762560,0,0
18.84000000,33.93526727,32.02937149,33.57732677,31.82902958,0,0
18.85000000,33.88855564,32.09478764,33.57031509,31.87931750,0,0
18.86000000,33.98618106,32.15104853,33.60629747,31.87402917,0,0
18.87000000,34.01918568,32.15537297,33.69840822,31.87442674,0,0
18.88000000,34.00257300,32.18445189,33.79891412,31.91754231,0,0
18.89000000,33.92592384,32.17492884,33.73316830,31.90100227,0,0
18.90000000,34.01312134,32.17230414,33.74350840,31.94658126,0,0
18.91000000,34.10712005,32.21488385,33.70741132,31.88372177,0,0
18.92000000,34.15399523,32.28957282,33.73815820,31.89905989,0,0
18.93000000,34.07126887,32.24310429,33.80387353,31.97293172,0,0
18.94000000,34.09386307,32.30248778,33.82553497,32.01374928,0,0
18.95000000,34.15511161,32.27821408,33.82480430,32.06626984,0,0
18.96000000,34.13346376,32.27817271,33.84948492,32.00175185,0,0
18.97000000,34.14812211,32.38091368,33.74502060,32.09614917,0,0
18.98000000,34.16916734,32.36751924,33.95269384,32.04213833,0,0
18.99000000,34.21915641,32.38415390,33.90404596,32.11810069,0,0
19.00000000,34.27049688,32.37238230,33.93674190,32.19418884,0,0
19.01000000,34.26682903,32.45919637,33.97772341,32.23063675,0,0
19.02000000,34.22637664,32.46786049,34.00114842,32.23995625,0,0
19.03000000,34.21653117,32.46652824,34.00427291,32.21377793,0,0
19.04000000,34.29930304,32.52462798,33.97579769,32.25435062,0,0
19.05000000,34.38053337,32.55874265,34.01725666,32.20123315,0,0
19.06000000,34.40318067,32.50810217,34.05377217,32.22410206,0,0
19.07000000,34.38861031,32.46637665,33.97491153,32.25819759,0,0
19.08000000,34.39661265,32.51735007,33.95249602,32.27597429,0,0
19.09000000,34.42801188,32.55104238,33.98620031,32.31577263,0,0
19.10000000,34.44419659,32.60438746,34.03377740,32.27371578,0,0
19.11000000,34.48018128,32.62256291,34.12075936,32.23359497,0,0
19.12000000,34.54572795,32.55352789,34.17780020,32.31748731,0,0
19.13000000,34.50973909,32.60597653,34.17987473,32.39536138,0,0
19.14000000,34.49830523,32.65867104,34.18617715,32.43835649,0,0
19.15000000,34.56819723,32.75452549,34.16803052,32.40933332,0,0
19.16000000,34.55236725,32.69130914,34.16126355,32.41989033,0,0
19.17000000,34.56900216,32.71111254,34.22219851,32.43096024,0,0
19.18000000,34.60741358,32.66425667,34.21927842,32.45518317,0,0
19.19000000,34.65505583,32.71811481,34.28540120,32.48845475,0,0
19.20000000,34.64178291,32.77396249,34.34270308,32.53593903,0,0
19.21000000,34.58030949,32.76096291,34.36072914,32.50981113,0,0
19.22000000,34.71855864,32.75873250,34.36969154,32.47566496,0,0
19.23000000,34.74464770,32.81262321,34.38484895,32.55212833,0,0
19.24000000,34.72814881,32.86976709,34.41013265,32.51791541,0,0
19.25000000,34.70765569,32.83014599,34.41104076,32.51287756,0,0
19.26000000,34.75563101,32.79732475,34.38409972,32.54952926,0,0
19.27000000,34.81942727,32.85699393,34.42711841,32.58627829,0,0
19.28000000,34.86119933,32.89511191,34.45204463,32.60470434,0,0
19.29000000,34.83477197,32.88853873,34.49449597,32.57794157,0,0
19.30000000,34.84389138,32.90111590,34.47017861,32.56026866,0,0
19.31000000,34.89328344,32.87870579,34.52906319,32.63558030,0,0
19.32000000,34.89972021,32.96299418,34.48883952,32.70735832,0,0
19.33000000,34.96931431,33.04181714,34.53382497,32.71155439,0,0
19.34000000,34.93929295,32.98824110,34.58196194,32.68641841,0,0
19.35000000,34.95363597,32.98397727,34.61006321,32.72853655,0,0
19.36000000,34.98530393,33.05143228,34.63517392,32.78282864,0,0
19.37000000,35.02484698,32.98283965,34.59116876,32.75934853,0,0
19.38000000,34.97330803,33.01153123,34.62848669,32.78553326,0,0
19.39000000,34.95257382,33.11183356,34.66572692,32.76981918,0,0
19.40000000,35.05915419,33.07884413,34.69130967,32.79142858,0,0
19.41000000,35.04543283,33.07749775,34.75249135,32.84912948,0,0
19.42000000,35.14168575,33.12736496,34.81330159,32.90822984,0,0
19.43000000,35.12576158,33.12039266,34.71878569,32.87909729,0,0
19.44000000,35.14470669,33.15646800,34.64134247,32.92570572,0,0
19.45000000,35.12895848,33.17541340,34.77171111,32.93157497,0,0
19.46000000,35.14624698,33.23333977,34.83988442,32.95052811,0,0
19.47000000,35.26579100,33.20681002,34.93977402,32.90820823,0,0
19.48000000,35.29870271,33.20798473,34.91603917,32.89033027,0,0
19.49000000,35.23321519,33.24542644,34.89600917,32.85978171,0,0
19.50000000,35.22820418,33.26301734,34.89054901,32.95925222,0,0
19.51000000,35.19382145,33.31372153,34.90605363,33.03977109,0,0
19.52000000,35.27040419,33.32902844,34.96411436,33.03253235,0,0
19.53000000,35.38097535,33.28565488,35.00871537,32.95743044,0,0
19.54000000,35.39671537,33.27498522,34.97295573,33.03939638,0,0
19.55000000,35.33605597,33.40227086,35.01929212,33.03930898,0,0
19.56000000,35.25584254,33.35957074,35.07252476,33.06354000,0,0
19.57000000,35.33791434,33.44834410,35.03166115,33.12874596,0,0
19.58000000,35.48433616,33.38985719,35.02998073,33.14914330,0,0
19.59000000,35.43761444,33.41598457,35.02365451,33.15853894,0,0
19.60000000,35.48971471,33.48540690,35.15362669,33.17408055,0,0
19.61000000,35.38737583,33.50219089,35.04629983,33.21654112,0,0
19.62000000,35.50416242,33.48562928,35.11897730,33.21219396,0,0
19.63000000,35.57359492,33.49929625,35.12442100,33.23117504,0,0
19.64000000,35.59631735,33.48022932,35.13358752,33.29247494,0,0
19.65000000,35.56726841,33.49379121,35.20776637,33.29559308,0,0
19.66000000,35.55024913,33.53572155,35.22721067,33.28855444,0,0
19.67000000,35.57301123,33.55835877,35.26028427,33.17920957,0,0
19.68000000,35.60280137,33.55203199,35.23892191,33.21387080,0,0
19.69000000,35.59369291,33.53923049,35.22853444,33.28915360,0,0
19.70000000,35.58175835,33.53357171,35.27745929,33.31754790,0,0
19.71000000,35.56488925,33.57669953,35.27652023,33.34510361,0,0
19.72000000,35.63291365,33.59514276,35.27670604,33.32659415,0,0
19.73000000,35.55052554,33.61146303,35.35190712,33.36999903,0,0
19.74000000,35.59778829,33.53026904,35.32976529,33.39149894,0,0
19.75000000,35.68613665,33.55356258,35.30647585,33.39542107,0,0
19.76000000,35.60450107,33.64595347,35.32858827,33.42781359,0,0
19.77000000,35.77561998,33.66429795,35.39935737,33.42857537,0,0
19.78000000,35.60161513,33.60272915,35.35052747,33.36398465,0,0
19.79000000,35.69837116,33.62651448,35.29991972,33.45975743,0,0
19.80000000,35.61695030,33.69848502,35.38785375,33.42895999,0,0
19.81000000,35.73800368,33.69569742,35.36945337,33.41329292,0,0
19.82000000,35.71260601,33.64472992,35.46409480,33.45435916,0,0
19.83000000,35.83182755,33.63966616,35.43604632,33.47441498,0,0
19.84000000,35.80050431,33.63209225,35.47713085,33.47052146,0,0
19.85000000,35.74204668,33.74278093,35.39614480,33.46512097,0,0
19.86000000,35.72565286,33.74869188,35.39764707,33.40498675,0,0
19.87000000,35.76315635,33.70824721,35.43557745,33.46084035,0,0
19.88000000,35.85540352,33.69657450,35.47145758,33.52828214,0,0
19.89000000,35.84663094,33.71771540,35.46074988,33.55931174,0,0
19.90000000,35.75730728,33.76286565,35.44065499,33.54464254,0,0
19.91000000,35.78021461,33.85430898,35.49418137,33.56544740,0,0
19.92000000,35.83343079,33.83316885,35.50524211,33.54746585,0,0
19.93000000,35.86720087,33.80038709,35.50974209,33.53035519,0,0
19.94000000,35.89800818,33.83186299,35.55127584,33.57420220,0,0
19.95000000,35.86966660,33.76949385,35.62291264,33.59147725,0,0
19.96000000,35.88896946,33.81550411,35.47592964,33.60926804,0,0
19.97000000,35.99717981,33.86436070,35.58576317,33.63811870,0,0
19.98000000,35.81408654,33.95468690,35.57505558,33.67176629,0,0
19.99000000,35.92453004,33.89659498,35.67484483,33.66343268,0,0
20.00000000,35.99312132,33.82167574,35.60607410,33.64651497,0,0
20.01000000,36.06301179,33.88152017,35.68568709,33.67635589,0,0
20.02000000,36.01267283,33.89207309,35.66825536,33.66897227,0,0
20.03000000,35.94625126,33.92363131,35.71480839,33.65990755,0,0
20.04000000,35.93647234,33.98082787,35.64789115,33.59714685,0,0
20.05000000,36.05570655,33.97349572,35.70873324,33.66551626,0,0
20.06000000,36.10318852,33.91653942,35.62117036,33.72672864,0,0
20.07000000,36.02869801,33.94375351,35.67464912,33.74836701,0,0
20.08000000,36.01675289,33.99680525,35.71131858,33.69401312,0,0
20.09000000,36.10107905,33.99629391,35.79029166,33.68949124,0,0
20.10000000,36.10975823,33.94328239,35.78150837,33.75715015,0,0
20.11000000,36.09085371,33.94642194,35.72480557,33.76609827,0,0
20.12000000,36.07686407,34.02244582,35.81181765,33.76478327,0,0
20.13000000,36.10497853,34.06764554,35.67881116,33.81566034,0,0
20.14000000,36.15098034,34.07290125,35.74259317,33.77052017,0,0
20.15000000,36.02335832,34.04010631,35.71857508,33.78751002,0,0
20.16000000,36.08542168,34.03482236,35.74134947,33.81847100,0,0
20.17000000,36.11006870,34.08108118,35.79878995,33.81843758,0,0
20.18000000,36.13646684,34.01185997,35.76417832,33.80357115,0,0
20.19000000,36.14571848,34.09486703,35.80977466,33.83514552,0,0
20.20000000,36.16633495,34.03600802,35.82009558,33.86678218,0,0
20.21000000,36.13804440,34.05468197,35.77036910,33.88056447,0,0
20.22000000,36.15458813,34.11507907,35.81923719,33.79783708,0,0
20.23000000,36.15735557,34.10122617,35.85620827,33.71462876,0,0
20.24000000,36.17315650,34.10373451,35.84458478,33.87560240,0,0
20.25000000,36.12355041,34.10555418,35.89929430,33.90050497,0,0
20.26000000,36.23670511,34.10969842,35.92732553,33.92400629,0,0
20.27000000,36.26121728,34.11545008,35.88637995,33.91655162,0,0
20.28000000,36.20278979,34.14728372,35.89993545,33.93281770,0,0
20.29000000,36.20827675,34.14273452,35.97048571,33.91576219,0,0
20.30000000,36.26706826,34.15381122,35.90608385,33.93848722,0,0
20.31000000,36.31549048,34.18331473,35.89856610,34.01994374,0,0
20.32000000,36.30871248,34.20415092,35.87212376,34.02390458,0,0
20.33000000,36.28608326,34.28695224,35.96120347,34.00573470,0,0
20.34000000,36.27162803,34.30099978,35.97798595,34.06972588,0,0
20.35000000,36.25945368,34.23700999,36.02334919,34.01833655,0,0
20.36000000,36.36650195,34.25762192,35.98018235,33.97910708,0,0
20.37000000,36.39891723,34.29207559,36.10483134,34.00938724,0,0
20.38000000,36.33267626,34.30105340,36.06452006,34.06181077,0,0
20.39000000,36.35257826,34.33886354,36.13913996,34.05470838,0,0
20.40000000,36.42513320,34.43606929,36.02688752,34.02503821,0,0
20.41000000,36.48474002,34.41016280,35.96010454,34.04205280,0,0
20.42000000,36.38327567,34.35813173,36.06454494,34.12251615,0,0
20.43000000,36.46075421,34.35532238,36.10321776,34.17865602,0,0
20.44000000,36.47387604,34.43996095,36.11130486,34.20602505,0,0
20.45000000,36.50222090,34.49906756,36.11895174,34.17518070,0,0
20.46000000,36.54930244,34.53759749,36.15718445,34.21142989,0,0
20.47000000,36.55620624,34.49104414,36.16330379,34.20119607,0,0
20.48000000,36.57070191,34.47919031,36.09986299,34.22844381,0,0
20.49000000,36.55765989,34.57119636,36.12522812,34.29715737,0,0
20.50000000,36.57576847,34.54519989,36.13923516,34.28301824,0,0
20.51000000,36.63315005,34.57790273,36.19965692,34.29384086,0,0
20.52000000,36.63354147,34.60030202,36.25766993,34.32890692,0,0
20.53000000,36.60468845,34.62375254,36.28715036,34.33350626,0,0
20.54000000,36.61113281,34.62127505,36.32294217,34.31270383,0,0
20.55000000,36.57289902,34.62426336,36.27751624,34.37268748,0,0
20.56000000,36.65815169,34.64228030,36.31653187,34.36643094,0,0
20.57000000,36.70180819,34.68163831,36.31332512,34.39092799,0,0
20.58000000,36.70561419,34.74641673,36.28999365,34.35281105,0,0
20.59000000,36.49834726,34.70448339,36.30722245,34.22135316,0,0
20.60000000,36.64164857,34.73803222,36.36603208,34.34305225,0,0
20.61000000,36.86054941,34.65032694,36.29845586,34.46450852,0,0
20.62000000,36.79847245,34.75585092,36.41845306,34.47808700,0,0
20.63000000,36.73734809,34.75829451,36.41096572,34.50355758,0,0
20.64000000,36.78376749,34.77164273,36.50608080,34.52318188,0,0
20.65000000,36.83542384,34.72245455,36.38554904,34.50878625,0,0
20.66000000,36.81157626,34.82063666,36.50300616,34.55786186,0,0
20.67000000,36.85734309,34.86644088,36.49799566,34.55306132,0,0
20.68000000,36.86330193,34.85427792,36.59993203,34.58755743,0,0
20.69000000,36.88607470,34.87460655,36.54307600,34.58694701,0,0
20.70000000,36.90852706,34.89464118,36.55867614,34.63307534,0,0
20.71000000,36.91833067,34.90650580,36.54809712,34.63877912,0,0
20.72000000,36.95152202,34.91188820,36.57145116,34.62164429,0,0
20.73000000,36.92905083,34.99205534,36.61780050,34.65255604,0,0
20.74000000,37.02608318,34.93728432,36.60363047,34.68774301,0,0
20.75000000,37.02838374,34.95166368,36.58659263,34.74804367,0,0
20.76000000,36.85903174,34.93081866,36.61153985,34.70853967,0,0
20.77000000,37.02889503,34.98829971,36.65328479,34.68847628,0,0
20.78000000,37.11617179,35.03251215,36.64776004,34.76582529,0,0
20.79000000,37.08525759,35.03466359,36.73305031,34.77972461,0,0
20.80000000,36.99190824,35.02979256,36.78173641,34.80817376,0,0
20.81000000,37.02180776,35.06342960,36.85955948,34.71653599,0,0
20.82000000,37.10286625,35.12618414,36.70696208,34.84717567,0,0
20.83000000,37.17719719,35.12473233,36.77350053,34.84384940,0,0
20.84000000,37.22985731,35.09072750,36.69071433,34.85409084,0,0
20.85000000,37.16270622,35.09862996,36.74451436,34.92155000,0,0
20.86000000,37.13929307,35.11686860,36.77449492,34.92442375,0,0
20.87000000,37.11227476,35.23929205,36.86937848,34.91968896,0,0
20.88000000,37.20020140,35.28381289,36.90144685,34.95899793,0,0
20.89000000,37.23006225,35.20603661,36.89797297,34.93679496,0,0
20.90000000,37.22484748,35.20205469,36.88613591,34.91171004,0,0
20.91000000,37.29787078,35.24850756,36.86824543,34.96190423,0,0
20.92000000,37.25348570,35.27246672,36.92006805,34.95975915,0,0
20.93000000,37.21607585,35.27503809,36.98389440,35.01377338,0,0
20.94000000,37.31954481,35.29593825,37.02286055,35.01558896,0,0
20.95000000,37.36341435,35.34360918,36.94855649,35.00829176,0,0
20.96000000,37.36320869,35.37718307,36.96205507,35.08810625,0,0
20.97000000,37.26405634,35.39347684,37.07390990,35.14010484,0,0
20.98000000,37.37108897,35.37862992,37.04119867,35.12576902,0,0
20.99000000,37.42339216,35.45855404,37.01526764,35.13871035,0,0
21.00000000,37.51694947,35.47639551,37.07486922,35.19624522,0,0
21.01000000,37.41782300,35.45726561,37.05487431,35.15868552,0,0
21.02000000,37.48209423,35.47534408,37.14537396,35.20822561,0,0
21.03000000,37.39476753,35.48854582,37.15968327,35.25388267,0,0
21.04000000,37.48423091,35.56632691,37.21295383,35.28119737,0,0
21.05000000,37.53624255,35.60533984,37.13267542,35.29759018,0,0
21.06000000,37.56764138,35.61865116,37.16403051,35.31674175,0,0
21.07000000,37.53188050,35.57645438,37.26319694,35.33862139,0,0
21.08000000,37.54596962,35.62189271,37.26979342,35.36124239,0,0
21.09000000,37.50553752,35.68446188,37.21991887,35.41766365,0,0
21.10000000,37.60552850,35.66758040,37.26185763,35.44948719,0,0
21.11000000,37.67018887,35.67152430,37.23345809,35.40725164,0,0
21.12000000,37.71219992,35.70407238,37.29318399,35.36362717,0,0
21.13000000,37.64005811,35.73113887,37.37084946,35.37686987,0,0
21.14000000,37.70289200,35.77256607,37.38641940,35.44785797,0,0
21.15000000,37.75525052,35.80792449,37.33407261,35.46614083,0,0
21.16000000,37.77249427,35.84846739,37.36431767,35.47675822,0,0
21.17000000,37.71013679,35.81908234,37.40567844,35.55554412,0,0
21.18000000,37.74132913,35.79292824,37.47322865,35.52289014,0,0
21.19000000,37.81182684,35.88253669,37.46277895,35.55389172,0,0
21.20000000,37.85141317,35.86760486,37.51004474,35.62105067,0,0
21.21000000,37.82650101,35.92490817,37.48990097,35.68269266,0,0
21.22000000,37.85348273,35.99444346,37.43742657,35.67605289,0,0
21.23000000,37.90356403,36.01555850,37.52618036,35.73549916,0,0
21.24000000,37.86474233,36.00842847,37.58137603,35.73197557,0,0
21.25000000,37.89608015,35.99429833,37.54367908,35.73698009,0,0
21.26000000,37.87923956,36.05543301,37.61773503,35.75989795,0,0
21.27000000,38.07620455,36.03611303,37.60362298,35.76668272,0,0
21.28000000,38.03638056,36.07724943,37.65969663,35.76311463,0,0
21.29000000,37.98867750,36.10609381,37.69232547,35.71754956,0,0
21.30000000,38.00128485,36.08179607,37.77599132,35.78728747,0,0
21.31000000,38.04454978,36.14806724,37.71790004,35.88010453,0,0
21.32000000,38.09423204,36.21077540,37.66244879,35.90356747,0,0
21.33000000,38.15450898,36.25101773,37.66129803,35.88022623,0,0
21.34000000,38.13970360,36.23404483,37.76498167,35.96888048,0,0
21.35000000,38.08320389,36.24781264,37.81797211,35.98596027,0,0
21.36000000,38.04549749,36.31990183,37.83647346,35.99791124,0,0
21.37000000,38.08993325,36.36455720,37.90203434,36.05852660,0,0
21.38000000,38.15686159,36.37436168,37.80569576,36.03610497,0,0
21.39000000,38.26786287,36.39891970,37.84618400,36.06618282,0,0
21.40000000,38.22912861,36.43518707,37.86501672,36.10106006,0,0
21.41000000,38.17262022,36.43513521,37.84175548,36.13318359,0,0
21.42000000,38.14932823,36.46949933,37.93387442,36.15473208,0,0
21.43000000,38.30687064,36.46831384,37.97067598,36.16808029,0,0
21.44000000,38.25211046,36.47762473,38.04342904,36.25255236,0,0
21.45000000,38.22712331,36.53920017,38.01694919,36.26907851,0,0
21.46000000,38.30162685,36.58713640,38.00886762,36.24197013,0,0
21.47000000,38.35867101,36.58930468,38.10240400,36.25836760,0,0
21.48000000,38.33516441,36.60121032,38.00749510,36.36842925,0,0
21.49000000,38.33849901,36.66580822,38.03339339,36.40653942,0,0
21.50000000,38.34534766,36.73123664,37.99699496,36.42550920,0,0
21.51000000,38.33518381,36.74975071,38.08267230,36.47517062,0,0
21.52000000,38.38467406,36.70749722,38.06489183,36.50363735,0,0
21.53000000,38.42414139,36.74848764,38.08683350,36.48461823,0,0
21.54000000,38.38479637,36.79128573,38.08185924,36.51757040,0,0
21.55000000,38.35817985,36.89582318,38.09995136,36.53897503,0,0
21.56000000,38.45521185,36.97283356,38.20307801,36.55428781,0,0
21.57000000,38.45756343,36.97474251,38.21786951,36.64966082,0,0
21.58000000,38.38832889,36.90930728,38.24065805,36.67821603,0,0
21.59000000,38.48089362,36.90485329,38.21588165,36.68601858,0,0
21.60000000,38.45708734,36.99178659,38.27576398,36.76501757,0,0
21.61000000,38.50443701,37.09950461,38.22062696,36.82066638,0,0
21.62000000,38.51536534,37.14321114,38.33415940,36.81371579,0,0
21.63000000,38.56129815,37.16184493,38.40491750,36.78415301,0,0
21.64000000,38.56204407,37.12913680,38.28272360,36.84592725,0,0
21.65000000,38.56995559,37.18859839,38.26522188,36.94228888,0,0
21.66000000,38.67280460,37.24127466,38.33580515,36.99816282,0,0
21.67000000,38.67184653,37.26521989,38.36887055,36.98067303,0,0
21.68000000,38.62763578,37.33168728,38.39947826,37.03518657,0,0
21.69000000,38.63863160,37.38114685,38.40055614,37.12189165,0,0
21.70000000,38.67144278,37.44019036,38.43717317,37.15802458,0,0
21.71000000,38.65161906,37.42004917,38.44913558,37.22505618,0,0
21.72000000,38.66879147,37.49695851,38.44123779,37.23447083,0,0
21.73000000,38.72231822,37.58733658,38.43603972,37.26551596,0,0
21.74000000,38.74061783,37.59315527,38.42556206,37.34353525,0,0
21.75000000,38.79409018,37.55130661,38.51939898,37.39287764,0,0
21.76000000,38.79850166,37.59022275,38.57083116,37.40471412,0,0
21.77000000,38.79839142,37.60532248,38.55528575,37.45160494,0,0
21.78000000,38.75595296,37.75368380,38.56624751,37.47237531,0,0
21.79000000,38.86555803,37.74710841,38.58531034,37.50458861,0,0
21.80000000,38.86589368,37.79075048,38.47218494,37.43577693,0,0
21.81000000,38.89102611,37.75067393,38.62146715,37.51339781,0,0
21.82000000,38.91173625,37.85148495,38.54214627,37.56013877,0,0
21.83000000,38.96570812,37.91525044,38.62571472,37.57273406,0,0
21.84000000,38.85773726,37.92145239,38.68380214,37.56019980,0,0
21.85000000,38.82377529,37.98237475,38.66530368,37.70330617,0,0
21.86000000,38.91753065,38.06404567,38.68653076,37.76833355,0,0
21.87000000,39.01292771,38.09357412,38.61630810,37.79436522,0,0
21.88000000,39.01112681,38.09810538,38.66495325,37.87795710,0,0
21.89000000,38.95531470,38.07453618,38.72353378,37.86030281,0,0
21.90000000,38.92415574,38.11963935,38.79184122,37.89923748,0,0
21.91000000,39.03615313,38.15122769,38.87704373,37.94788602,0,0
21.92000000,39.07532146,38.20838919,38.83872172,37.95999660,0,0
21.93000000,39.07009281,38.22271842,38.87301114,38.01692864,0,0
21.94000000,39.07187423,38.24653024,38.86912433,38.04586050,0,0
21.95000000,39.16497770,38.30327987,38.93624867,38.10032227,0,0
21.96000000,39.18152240,38.38387458,38.81288485,38.07805680,0,0
21.97000000,39.13381269,38.33132034,38.89270716,38.14453662,0,0
21.98000000,39.15009534,38.35447798,38.88746127,38.26632677,0,0
21.99000000,39.24315403,38.41336166,38.93358315,38.27838046,0,0
22.00000000,39.22766496,38.50140407,39.02636247,38.28817459,0,0
22.01000000,39.28821193,38.51382898,38.99751635,38.43313511,0,0
22.02000000,39.29684195,38.55516692,39.07706408,38.41253257,0,0
22.03000000,39.35464011,38.60108851,38.99941634,38.45182033,0,0
22.04000000,39.32793574,38.64859510,39.08628215,38.49010221,0,0
22.05000000,39.29184837,38.70601916,39.09639802,38.50567477,0,0
22.06000000,39.37189913,38.70422424,39.12020437,38.49938588,0,0
22.07000000,39.50013372,38.69188103,39.19298994,38.54281179,0,0
22.08000000,39.45560251,38.76369382,39.19719612,38.56357557,0,0
22.09000000,39.40907983,38.86501511,39.18648971,38.59283225,0,0
22.10000000,39.41338903,38.91261949,39.23748543,38.69156292,0,0
22.11000000,39.49676665,38.87829086,39.28156650,38.67252066,0,0
22.12000000,39.49650029,38.88584830,39.20712739,38.67778627,0,0
22.13000000,39.57123911,38.96606474,39.22333743,38.72266671,0,0
22.14000000,39.63009753,39.08102540,39.27905656,38.82481411,0,0
22.15000000,39.62388252,39.05555443,39.37329928,38.87653075,0,0
22.16000000,39.55713812,39.03430811,39.39744896,38.87683760,0,0
22.17000000,39.54475265,39.07326957,39.42151103,38.98891456,0,0
22.18000000,39.63981273,39.18895121,39.42901580,38.98387341,0,0
22.19000000,39.73422424,39.27145982,39.43572214,39.02090227,0,0
22.20000000,39.74380200,39.27002512,39.44676901,39.05059352,0,0
22.21000000,39.72755146,39.31466538,39.41411491,39.06884161,0,0
22.22000000,39.85997707,39.36612925,39.49851145,39.14151032,0,0
22.23000000,39.84182863,39.33845394,39.54445610,39.19710042,0,0
22.24000000,39.75427864,39.38691169,39.58232446,39.26695085,0,0
22.25000000,39.79776059,39.41232117,39.58846563,39.25731569,0,0
22.26000000,39.93269086,39.45983438,39.59548869,39.27841393,0,0
22.27000000,39.96953856,39.51920123,39.64659831,39.35040973,0,0
22.28000000,39.96691300,39.53082256,39.60856873,39.31618548,0,0
22.29000000,39.96992303,39.54360216,39.72667222,39.31689000,0,0
22.30000000,40.01760818,39.59468794,39.80963866,39.45818408,0,0
22.31000000,40.00506045,39.66141658,39.83504758,39.47301320,0,0
22.32000000,40.02935683,39.69578545,39.81595168,39.49012523,0,0
22.33000000,40.03590034,39.72926593,39.79615587,39.51073817,0,0
22.34000000,40.11881931,39.77963152,39.79127428,39.55540475,0,0
22.35000000,40.22821456,39.78317896,39.79787659,39.55941379,0,0
22.36000000,40.20906965,39.82828589,39.85841258,39.63656127,0,0
22.37000000,40.16620383,39.87887771,39.95422455,39.68975298,0,0
22.38000000,40.32860661,39.91972379,40.02247106,39.74788894,0,0
22.39000000,40.25055085,39.91680039,40.01836953,39.73506196,0,0
22.40000000,40.27720482,39.96844566,39.99265533,39.80088689,0,0
22.41000000,40.32835349,39.98898104,39.93532454,39.82911666,0,0
22.42000000,40.51807147,39.98583519,40.12731338,39.84759405,0,0
22.43000000,40.44109892,40.04139850,40.02607168,39.87005384,0,0
22.44000000,40.41134904,40.06583577,40.08707224,39.75536434,0,0
22.45000000,40.44565459,40.12563355,40.13384830,39.93690377,0,0
22.46000000,40.47306028,40.16678393,40.18493435,40.00912627,0,0
22.47000000,40.49482465,40.19133707,40.25099950,40.02835682,0,0
22.48000000,40.57830593,40.20001159,40.24031557,40.04025006,0,0
22.49000000,40.54961255,40.25317821,40.31426396,40.10825816,0,0
22.50000000,40.61410356,40.30371914,40.31245587,40.12358317,0,0
22.51000000,40.63820343,40.35676757,40.36752686,40.15479077,0,0
22.52000000,40.64261391,40.39883634,40.34096175,40.17087576,0,0
22.53000000,40.72597899,40.37292170,40.40463233,40.26195431,0,0
22.54000000,40.75231607,40.35548952,40.45444599,40.29638821,0,0
22.55000000,40.74745379,40.41857131,40.45512242,40.32805485,0,0
22.56000000,40.78143704,40.47409351,40.44455360,40.34412218,0,0
22.57000000,40.90544765,40.52421539,40.52101770,40.36269344,0,0
22.58000000,40.83413821,40.58966081,40.46010965,40.38250860,0,0
22.59000000,40.90281818,40.61954886,40.57139147,40.31405807,0,0
22.60000000,40.90500881,40.60019461,40.55176692,40.40359599,0,0
22.61000000,40.97976831,40.62948746,40.65656042,40.51451063,0,0
22.62000000,40.88319601,40.61234648,40.68823069,40.61760627,0,0
22.63000000,40.98323769,40.70128939,40.66548148,40.56130247,0,0
22.64000000,41.04235861,40.80506915,40.75272438,40.65382478,0,0
22.65000000,41.07824427,40.81619668,40.73340612,40.63075536,0,0
22.66000000,41.08801546,40.83090043,40.80956762,40.64850203,0,0
22.67000000,41.05017815,40.85094744,40.77534084,40.68794958,0,0
22.68000000,41.14223357,40.91927121,40.82012001,40.72795129,0,0
22.69000000,41.19905341,40.91635476,40.92151893,40.78941370,0,0
22.70000000,41.17980011,40.96165457,40.92468576,40.78864175,0,0
22.71000000,41.21235371,40.97811756,40.93278975,40.79419307,0,0
22.72000000,41.29601073,41.03518477,40.95976389,40.87871124,0,0
22.73000000,41.33220909,41.07238227,41.00180002,40.90974774,0,0
22.74000000,41.33647899,41.06222353,40.99971084,40.91280607,0,0
22.75000000,41.36085794,41.09722886,41.04331157,40.95432243,0,0
22.76000000,41.40755785,41.17262422,41.10749667,41.02123636,0,0
22.77000000,41.35525426,41.26404899,41.14765713,41.04876708,0,0
22.78000000,41.43170517,41.25289312,41.17826002,41.04296932,0,0
22.79000000,41.47979927,41.25798383,41.24982070,41.10953443,0,0
22.80000000,41.55695310,41.29123824,41.18269209,41.12488538,0,0
22.81000000,41.47473326,41.33649022,41.23761296,41.22829063,0,0
22.82000000,41.46758499,41.45961051,41.22039481,41.24373539,0,0
22.83000000,41.67579361,41.51413308,41.22615412,41.23925510,0,0
22.84000000,41.64561776,41.44122928,41.34100472,41.31903368,0,0
22.85000000,41.64924435,41.44806016,41.36355233,41.30462627,0,0
22.86000000,41.62219737,41.50362656,41.38151966,41.32547756,0,0
22.87000000,41.76958807,41.56336532,41.43152590,41.42196936,0,0
22.88000000,41.75972087,41.59188924,41.47617727,41.40724045,0,0
22.89000000,41.79080725,41.58948449,41.36449686,41.38859238,0,0
22.90000000,41.77666662,41.58942910,41.43648843,41.40199899,0,0
22.91000000,41.80984852,41.64382151,41.47693921,41.53476351,0,0
22.92000000,41.79116132,41.68119610,41.54790171,41.55000306,0,0
22.93000000,41.83918789,41.73011360,41.54402702,41.58112517,0,0
22.94000000,41.88897643,41.74305122,41.57419400,41.60579067,0,0
22.95000000,41.95447266,41.78127025,41.54596460,41.65404698,0,0
22.96000000,41.89004520,41.82380522,41.60756345,41.67222374,0,0
22.97000000,41.93860402,41.89787168,41.64923535,41.69130293,0,0
22.98000000,42.06724517,41.91791515,41.70607397,41.73909116,0,0
22.99000000,42.02512414,41.86271953,41.71466358,41.76334944,0,0
23.00000000,42.01672197,41.90124046,41.77959297,41.81779807,0,0
23.01000000,42.05178735,41.91956887,41.76178508,41.79718874,0,0
23.02000000,42.18088058,42.00718002,41.84433402,41.85078260,0,0
23.03000000,42.11923110,41.97585138,41.83651788,41.92015917,0,0
23.04000000,42.15292290,42.02384768,41.80886653,41.85888849,0,0
23.05000000,42.17214774,41.96862493,41.93562589,41.91802692,0,0
23.06000000,42.18591742,42.01491917,41.91174853,42.00564679,0,0
23.07000000,42.18317360,42.07525366,41.96126049,42.02540361,0,0
23.08000000,42.22152214,42.10359640,41.97194642,42.03198580,0,0
23.09000000,42.26049362,42.17533667,42.03190180,42.06982264,0,0
23.10000000,42.29204346,42.17926628,42.05676205,42.09519505,0,0
23.11000000,42.20479736,42.14572225,42.05957240,42.09600786,0,0
23.12000000,42.23290655,42.13637458,42.03585351,42.11054625,0,0
23.13000000,42.33784974,42.12262874,42.04102762,42.12336516,0,0
23.14000000,42.31609851,42.13826257,42.08163944,42.12918126,0,0
23.15000000,42.27927971,42.14036262,42.07876215,42.14668659,0,0
23.16000000,42.27807543,42.15616303,42.07589239,42.15275637,0,0
23.17000000,42.30825018,42.14182786,42.16215262,42.16999298,0,0
23.18000000,42.26996220,42.15829588,42.09602994,42.21761376,0,0
23.19000000,42.34360598,42.10986427,42.11494520,42.13543887,0,0
23.20000000,42.34154985,42.11849107,42.08849287,42.21024862,0,0
23.21000000,42.26700327,42.08631528,42.15565202,42.26369490,0,0
23.22000000,42.31403142,42.13094335,42.17240614,42.21067381,0,0
23.23000000,42.25520074,42.11403045,42.15432654,42.25353083,0,0
23.24000000,42.29623556,42.12347302,42.16498325,42.28315936,0,0
23.25000000,42.28560365,42.01995904,42.07540116,42.23639161,0,0
23.26000000,42.21698339,42.04869140,42.11685935,42.23638635,0,0
23.27000000,42.35395415,42.13864950,42.07368716,42.19697871,0,0
23.28000000,42.34815935,42.14057648,42.12789425,42.16238736,0,0
23.29000000,42.28624488,42.11234290,42.12936088,42.14564665,0,0
23.30000000,42.25083013,42.07984091,42.14505043,42.14041766,0,0
23.31000000,42.34719465,42.09748385,42.12940968,42.18754217,0,0
23.32000000,42.30940513,42.08230482,42.16852692,42.19124877,0,0
23.33000000,42.26638496,42.10112789,42.05971163,42.12288544,0,0
23.34000000,42.23679727,42.05642629,42.01197418,42.07103853,0,0
23.35000000,42.18234945,42.00960469,42.04357381,42.10103740,0,0
23.36000000,42.17505871,42.00478286,42.06185999,42.11811504,0,0
23.37000000,42.24087888,41.99909988,42.06708838,42.08614827,0,0
23.38000000,42.30807076,42.03914926,42.04504033,42.09940102,0,0
23.39000000,42.37978506,42.03081647,42.03430782,42.13739287,0,0
23.40000000,42.24924871,42.04308824,42.05962655,42.15492407,0,0
23.41000000,42.17681296,42.08499900,42.01515132,42.14183424,0,0
23.42000000,42.29524378,42.02016856,42.00174964,42.11824611,0,0
23.43000000,42.30785480,42.01248220,42.05372099,42.15186168,0,0
23.44000000,42.32208282,42.11523598,42.01222915,42.10025754,0,0
23.45000000,42.45273674,42.20851626,42.00764023,42.10751517,0,0
23.46000000,42.55431118,42.33767161,42.07002794,42.11301145,0,0
23.47000000,42.42827238,42.21374729,42.07200991,42.10302035,0,0
23.48000000,42.31390377,42.12210264,42.00029285,42.02201504,0,0
23.49000000,42.35026264,42.10797284,42.04345744,42.01227237,0,0
23.50000000,42.26981692,42.13013232,42.01972997,42.09702177,0,0
23.51000000,42.29230389,42.06342991,42.07243389,42.10080633,0,0
23.52000000,42.31259925,42.03464859,42.08985038,42.05855967,0,0
23.53000000,42.36445070,42.05737923,42.08549397,42.08932745,0,0
23.54000000,42.33783976,42.05216300,42.06300030,42.08631306,0,0
23.55000000,42.26025017,42.09208399,42.04958419,42.10168689,0,0
23.56000000,42.29068697,42.16454931,42.01197734,42.14921818,0,0
23.57000000,42.31415592,42.16361735,42.07861736,42.19263172,0,0
23.58000000,42.32252355,42.08153388,42.11101555,42.23031863,0,0
23.59000000,42.24157487,42.07993106,42.10632478,42.21032914,0,0
23.60000000,42.41962443,42.06661213,42.07187291,42.19544695,0,0
23.61000000,42.37620740,42.05434724,42.17283202,42.20878661,0,0
23.62000000,42.36317272,42.14491125,41.99302729,42.03367195,0,0
23.63000000,42.33432946,42.14215524,42.01342492,42.05952196,0,0
23.64000000,42.35457082,42.18125209,41.98163978,42.08619123,0,0
23.65000000,42.32023351,42.08586451,42.11350053,42.14745450,0,0
23.66000000,42.34101584,42.07806805,42.11369502,42.19944716,0,0
23.67000000,42.41702659,42.10225761,42.09355641,42.13420356,0,0
23.68000000,42.34422555,42.09760367,42.10823143,42.15923128,0,0
23.69000000,42.33600320,42.10647251,42.04918348,42.10781011,0,0
23.70000000,42.26737873,42.09193795,42.04208177,42.10140450,0,0
23.71000000,42.37324572,42.10899846,41.99940821,42.11862207,0,0
23.72000000,42.40303430,42.04353301,42.04786540,42.14252807,0,0
23.73000000,42.32427573,42.04174135,42.08116409,42.09852012,0,0
23.74000000,42.33329863,42.05380682,42.12226394,42.08315677,0,0
23.75000000,42.38185650,42.05956240,42.15893343,42.07793984,0,0
23.76000000,42.35664279,42.05502862,42.21697302,42.05851234,0,0
23.77000000,42.35879306,42.05758372,42.09655594,41.97996468,0,0
23.78000000,42.39410298,42.00927840,42.11656799,42.00285164,0,0
23.79000000,42.40268758,42.02934791,42.06059529,42.11363468,0,0
23.80000000,42.37012790,42.00405834,42.12310160,42.06150908,0,0
23.81000000,42.41677025,42.02429785,42.13005364,42.02852131,0,0
23.82000000,42.40750302,41.96981640,42.16816648,42.04720199,0,0
23.83000000,42.39658403,41.96895755,42.14507557,41.98900696,0,0
23.84000000,42.34521473,41.96008160,42.12215241,42.02912413,0,0
23.85000000,42.36468432,42.02217036,42.11849879,42.03688913,0,0
23.86000000,42.49771406,41.99414737,42.05529796,42.02761510,0,0
23.87000000,42.43693107,41.89900511,42.18816502,42.08160512,0,0
23.88000000,42.43759918,41.93050277,42.18977380,42.00793419,0,0
23.89000000,42.47959787,41.94174004,42.22310677,42.05471570,0,0
23.90000000,42.50897058,41.95867177,42.22399503,42.05778239,0,0
23.91000000,42.43660727,41.92606866,42.24041805,42.00850228,0,0
23.92000000,42.45939140,41.93676763,42.16853136,41.95405658,0,0
23.93000000,42.50811255,41.95156149,42.21125031,41.93340134,0,0
23.94000000,42.46350137,41.95064739,42.23855740,42.00030601,0,0
23.95000000,42.48493957,41.95522074,42.25988711,41.96526694,0,0
23.96000000,42.51096665,41.93894683,42.24013745,41.94133116,0,0
23.97000000,42.53362358,41.94754332,42.22483984,41.96582945,0,0
23.98000000,42.48972003,41.91823363,42.17040990,41.94476351,0,0
23.99000000,42.40737721,41.96036270,42.18670177,41.97123833,0,0
24.00000000,42.50784139,41.97998326,42.13524790,41.94619968,0,0
24.01000000,42.52976608,41.96095105,42.21786777,41.92214311,0,0
24.02000000,42.50562605,41.92579946,42.23686148,41.97781959,0,0
24.03000000,42.48438699,41.94162669,42.23997527,41.92674267,0,0
24.04000000,42.57671508,41.98857353,42.12427500,41.93481787,0,0
24.05000000,42.45168927,41.97299178,42.31025595,41.95203420,0,0
24.06000000,42.46728944,41.94761558,42.17895476,41.93064726,0,0
24.07000000,42.53175018,41.94380211,42.16032286,41.85025895,0,0
24.08000000,42.45345715,41.90862036,42.14199873,41.91870784,0,0
24.09000000,42.43818315,42.00209084,42.14074089,41.93548906,0,0
24.10000000,42.44891026,41.96371906,42.21529006,41.95300001,0,0
24.11000000,42.49747612,41.94105691,42.26850085,41.91943332,0,0
24.12000000,42.48216142,41.95837839,42.25533667,41.95144331,0,0
24.13000000,42.42244182,41.96510028,42.22142741,41.95452434,0,0
24.14000000,42.37342195,41.98182995,42.20609119,41.95913429,0,0
24.15000000,42.45304461,42.01462639,42.19618290,41.96002734,0,0
24.16000000,42.50607932,41.97823584,42.23455803,41.95862128,0,0
24.17000000,42.45359178,41.96391954,42.28115615,41.96638867,0,0
24.18000000,42.51712867,41.99455221,42.25588770,41.96824929,0,0
24.19000000,42.49088531,42.01226806,42.28183838,41.99506953,0,0
24.20000000,42.48071847,41.99041102,42.31871254,41.99305745,0,0
24.21000000,42.50727077,42.00405651,42.19055508,41.96836246,0,0
24.22000000,42.47654832,41.88670668,42.20874346,41.85775376,0,0
24.23000000,42.37578941,41.93773666,42.19011497,41.98665023,0,0
24.24000000,42.37192189,42.02390362,42.27835897,41.97545576,0,0
24.25000000,42.51075384,42.07377382,42.26148939,41.94956380,0,0
24.26000000,42.48934169,42.03727628,42.23907717,41.96465201,0,0
24.27000000,42.49748773,41.98318065,42.20967682,41.95656485,0,0
24.28000000,42.41525484,41.94874663,42.20419294,41.96058908,0,0
24.29000000,42.48828088,42.01500784,42.22468128,42.04154188,0,0
24.30000000,42.46208545,42.06075051,42.18006178,41.99169913,0,0
24.31000000,42.39137044,42.04841527,42.21165423,41.96292497,0,0
24.32000000,42.47250002,41.97780361,42.18259681,41.99384676,0,0
24.33000000,42.52476273,42.00417159,42.18781033,41.97677230,0,0
24.34000000,42.45479287,41.99850827,42.24781784,42.01420865,0,0
24.35000000,42.36512838,42.02187017,42.21268290,42.03131975,0,0
24.36000000,42.42953205,42.04420709,42.16802426,41.95013301,0,0
24.37000000,42.48834128,42.01887114,42.14250213,41.95454076,0,0
24.38000000,42.41084818,41.98638326,42.17261493,42.00736402,0,0
24.39000000,42.34970900,42.02668696,42.17954864,42.05650308,0,0
24.40000000,42.37553795,42.03325974,42.18946592,42.04197529,0,0
24.41000000,42.47615802,42.08501882,42.21390174,42.10292578,0,0
24.42000000,42.44078439,42.06002151,42.20341890,42.00515680,0,0
24.43000000,42.36160128,42.02903333,42.15465197,42.06163403,0,0
24.44000000,42.47237992,42.11210956,42.11222864,42.02243064,0,0
24.45000000,42.37074453,42.12720505,42.17611987,41.99418045,0,0
24.46000000,42.40206558,42.12336873,42.13553144,42.09028607,0,0
24.47000000,42.39770195,42.04859960,42.17324867,42.06176457,0,0
24.48000000,42.46121121,42.12077594,42.12936885,42.08504027,0,0
24.49000000,42.43255530,42.12091300,42.23641964,42.12541037,0,0
24.50000000,42.42605435,42.15012113,42.16614520,42.08706813,0,0
24.51000000,42.43519345,42.10469107,42.14750060,42.02451657,0,0
24.52000000,42.40361594,42.11868525,42.15134801,42.04970466,0,0
24.53000000,42.38092118,42.14093371,42.15435376,42.13675988,0,0
24.54000000,42.39366713,42.13613305,42.20636723,42.13381185,0,0
24.55000000,42.43932597,42.12887900,42.18018310,42.12443663,0,0
24.56000000,42.41143240,42.13549908,42.13213808,42.12848001,0,0
24.57000000,42.35673750,42.15154918,42.14604293,42.14000960,0,0
24.58000000,42.41836918,42.19688572,42.16216840,42.15587600,0,0
24.59000000,42.42837166,42.25731590,42.17523286,42.16753015,0,0
24.60000000,42.43943656,42.26800743,42.12506090,42.16368431,0,0
24.61000000,42.34538642,42.15855488,42.12113931,42.15478694,0,0
24.62000000,42.43206149,42.17142892,42.13285087,42.17542308,0,0
24.63000000,42.39626948,42.17169082,42.14952791,42.15593359,0,0
24.64000000,42.45236984,42.29649432,42.24486944,42.18665810,0,0
24.65000000,42.40061626,42.31840125,42.06212897,42.13055701,0,0
24.66000000,42.42287078,42.24585385,42.09857031,42.09888928,0,0
24.67000000,42.33935806,42.20446544,42.08583226,42.15719952,0,0
24.68000000,42.38870760,42.22540424,42.14312380,42.27573245,0,0
24.69000000,42.44102746,42.26547147,42.18919343,42.21102282,0,0
24.70000000,42.42718327,42.33317973,42.12488969,42.24645373,0,0
24.71000000,42.36703984,42.36880954,42.14197391,42.28637699,0,0
24.72000000,42.37391946,42.33547433,42.12693483,42.27781311,0,0
24.73000000,42.45905576,42.35004723,42.14743211,42.32593663,0,0
24.74000000,42.46200339,42.37573179,42.14739667,42.34135002,0,0
24.75000000,42.34846288,42.36579454,42.22732785,42.34195050,0,0
24.76000000,42.41417629,42.37359294,42.20548088,42.33073086,0,0
24.77000000,42.52280783,42.38423637,42.19260443,42.35245461,0,0
24.78000000,42.59185207,42.41427757,42.24987925,42.34273890,0,0
24.79000000,42.48337699,42.35539799,42.20932027,42.37014436,0,0
24.80000000,42.46023925,42.38473520,42.22167941,42.30085180,0,0
24.81000000,42.47685810,42.40471599,42.19076495,42.32280670,0,0
24.82000000,42.54954489,42.49530825,42.26445098,42.42791501,0,0
24.83000000,42.62101909,42.48575730,42.24551835,42.38014534,0,0
24.84000000,42.59014778,42.44813903,42.26309170,42.34506325,0,0
24.85000000,42.56959270,42.44381093,42.26654793,42.40531232,0,0
24.86000000,42.50377774,42.47178181,42.34852548,42.44426922,0,0
24.87000000,42.62855193,42.50974616,42.26700225,42.48795577,0,0
24.88000000,42.72110453,42.59541649,42.24117451,42.46469160,0,0
24.89000000,42.58049942,42.60104923,42.25924746,42.46307008,0,0
24.90000000,42.64933883,42.52415550,42.31652900,42.46645356,0,0
24.91000000,42.74172763,42.51830485,42.35152526,42.43947263,0,0
24.92000000,42.74666430,42.51346062,42.39810707,42.47970472,0,0
24.93000000,42.68831809,42.58969057,42.44963702,42.52298484,0,0
24.94000000,42.64353459,42.61448598,42.41793206,42.48557488,0,0
24.95000000,42.67482412,42.60649196,42.42179747,42.47014499,0,0
24.96000000,42.73460063,42.60723156,42.40032229,42.50397195,0,0
24.97000000,42.73487236,42.62230405,42.35398935,42.56213300,0,0
24.98000000,42.75669944,42.62626828,42.42512406,42.56026736,0,0
24.99000000,42.79665376,42.68454325,42.44123739,42.61528762,0,0
25.00000000,42.76197696,42.70359923,42.50698502,42.62876461,0,0
25.01000000,42.76385707,42.72940632,42.45532934,42.61923668,0,0
25.02000000,42.87113055,42.73811349,42.45297685,42.65846052,0,0
25.03000000,42.84717475,42.80852453,42.45071962,42.64805180,0,0
25.04000000,42.77342324,42.72916577,42.56959610,42.72112276,0,0
25.05000000,42.84466838,42.76426476,42.59260799,42.69609692,0,0
25.06000000,42.86807755,42.74007224,42.57587314,42.73576168,0,0
25.07000000,42.83294626,42.82869931,42.57187887,42.74658279,0,0
25.08000000,42.87922390,42.79763672,42.55425137,42.73032819,0,0
25.09000000,42.99182752,42.87729085,42.45532548,42.71976935,0,0
25.10000000,42.94746635,42.79721898,42.48572057,42.67944730,0,0
25.11000000,42.88008936,42.87202804,42.44972747,42.78292425,0,0
25.12000000,42.87281154,42.87556870,42.62222542,42.80809967,0,0
25.13000000,42.94517998,42.88027813,42.71835065,42.81962191,0,0
25.14000000,43.03851757,42.92653636,42.70577640,42.84470180,0,0
25.15000000,42.98251300,42.93464813,42.67515050,42.86870932,0,0
25.16000000,42.94944926,42.94184890,42.67960426,42.89723916,0,0
25.17000000,42.98983416,43.05091766,42.65168567,42.90055595,0,0
25.18000000,42.95617825,43.04614500,42.72894434,42.92418091,0,0
25.19000000,42.99349435,43.00786856,42.75243178,42.90791098,0,0
25.20000000,43.11525623,42.95946785,42.76443084,42.90608253,0,0
25.21000000,43.03687309,42.96871265,42.76134624,42.96150935,0,0
25.22000000,43.05954832,42.99718561,42.88416884,42.98654398,0,0
25.23000000,43.09707535,43.11600559,42.78202993,43.01336769,0,0
25.24000000,43.11756484,43.07353540,42.85873317,42.91714379,0,0
25.25000000,43.07180725,43.12861419,42.80548974,43.00892878,0,0
25.26000000,43.12297318,43.13484418,42.86665803,43.07027668,0,0
25.27000000,43.19096182,43.15419081,42.85675688,43.01564634,0,0
25.28000000,43.23980178,43.18223131,42.82963475,43.05934115,0,0
25.29000000,43.17590860,43.24481254,42.84175534,43.09970807,0,0
25.30000000,43.19576772,43.21392613,42.90669197,43.09278718,0,0
25.31000000,43.24360595,43.27959070,42.93108214,43.19650027,0,0
25.32000000,43.30989063,43.28711403,42.91352060,43.19268442,0,0
25.33000000,43.30920267,43.27770721,42.94256071,43.23322136,0,0
25.34000000,43.39521710,43.30044431,42.98318194,43.22704115,0,0
25.35000000,43.33687961,43.30387255,43.03327779,43.22083174,0,0
25.36000000,43.26737414,43.32118783,43.16790501,43.26404525,0,0
25.37000000,43.30972203,43.35158907,43.13890626,43.26351459,0,0
25.38000000,43.37025333,43.35334105,43.07537745,43.20384185,0,0
25.39000000,43.40573169,43.39054871,43.01235249,43.29849995,0,0
25.40000000,43.40635135,43.42948122,43.06767755,43.34627694,0,0
25.41000000,43.48193058,43.47823352,43.09843216,43.33994436,0,0
25.42000000,43.53674338,43.50907157,43.12558276,43.37170263,0,0
25.43000000,43.50327258,43.56521220,43.14810686,43.38887236,0,0
25.44000000,43.42998280,43.52773171,43.16447868,43.43261922,0,0
25.45000000,43.61220382,43.55209323,43.18519226,43.49779668,0,0
25.46000000,43.58217487,43.68448750,43.15723508,43.48757970,0,0
25.47000000,43.60109544,43.61992351,43.22853637,43.53590164,0,0
25.48000000,43.57514835,43.62191877,43.21869335,43.51264247,0,0
25.49000000,43.69659338,43.60997968,43.26347731,43.50151629,0,0
25.50000000,43.62034981,43.65800710,43.23676091,43.59221421,0,0
25.51000000,43.63631916,43.67497242,43.34288831,43.57185888,0,0
25.52000000,43.67795153,43.67871524,43.22098629,43.53846819,0,0
25.53000000,43.68584865,43.68915910,43.26016150,43.55698708,0,0
25.54000000,43.73018729,43.72627119,43.34171336,43.63869936,0,0
25.55000000,43.78154225,43.76740699,43.42347383,43.67372730,0,0
25.56000000,43.80207401,43.79524519,43.48149984,43.69149713,0,0
25.57000000,43.78829829,43.83455156,43.43748087,43.70818396,0,0
25.58000000,43.74597520,43.85616519,43.43719676,43.74718729,0,0
25.59000000,43.83449455,43.89209172,43.45082383,43.76625583,0,0
25.60000000,43.88589577,43.93447400,43.44521275,43.77347398,0,0
25.61000000,43.87972220,43.88054743,43.53140715,43.80875968,0,0
25.62000000,43.89448394,43.89593438,43.59145980,43.81958108,0,0
25.63000000,43.98131120,43.87582428,43.57328271,43.82499383,0,0
25.64000000,43.89763864,43.95173644,43.62164550,43.90600872,0,0
25.65000000,43.95101400,44.00291159,43.69586897,43.91317996,0,0
25.66000000,43.98717371,44.02220491,43.60417904,43.92207010,0,0
25.67000000,44.01352732,43.98953348,43.67978096,43.86767909,0,0
25.68000000,44.04133947,44.05439962,43.67719096,44.00335929,0,0
25.69000000,44.10909965,44.08126777,43.74849382,44.01482355,0,0
25.70000000,44.19856581,44.13292974,43.75458422,44.00882443,0,0
25.71000000,44.15616886,44.18947349,43.81005087,44.07376795,0,0
25.72000000,44.08329634,44.15741022,43.83952841,44.11623979,0,0
25.73000000,44.21576494,44.22267270,43.85135286,44.11351251,0,0
25.74000000,44.31293987,44.30355113,43.86605265,44.15481088,0,0
25.75000000,44.29977212,44.33648140,43.88181897,44.13890590,0,0
25.76000000,44.31225826,44.32371166,43.94941347,44.18028677,0,0
25.77000000,44.36250404,44.35506533,43.99892652,44.21559697,0,0
25.78000000,44.39135924,44.35113602,43.99798452,44.29131312,0,0
25.79000000,44.43375127,44.39714816,44.03256259,44.32662432,0,0
25.80000000,44.45794009,44.40581556,44.02456176,44.34000419,0,0
25.81000000,44.42750130,44.41039187,44.03150285,44.39043476,0,0
25.82000000,44.45634324,44.45734160,44.11276907,44.40399228,0,0
25.83000000,44.57845451,44.55267398,44.16978939,44.40653863,0,0
25.84000000,44.60036701,44.57662564,44.19763913,44.37405399,0,0
25.85000000,44.60279396,44.59173734,44.19317068,44.41575312,0,0
25.86000000,44.56319006,44.62021388,44.24733830,44.46646361,0,0
25.87000000,44.75010696,44.60906054,44.23760213,44.52447809,0,0
25.88000000,44.78357424,44.78382566,44.26479735,44.50928001,0,0
25.89000000,44.69385140,44.73796791,44.24282714,44.56574809,0,0
25.90000000,44.71469133,44.76445032,44.41151125,44.55399131,0,0
25.91000000,44.82877252,44.74039333,44.45912136,44.58066329,0,0
25.92000000,44.84173429,44.77491317,44.46403423,44.64991990,0,0
25.93000000,44.84966144,44.80223474,44.47985617,44.63708699,0,0
25.94000000,44.84048336,44.82749091,44.45736532,44.62171039,0,0
25.95000000,44.86114145,44.84909239,44.46063999,44.62421684,0,0
25.96000000,44.92103522,44.92538847,44.50302732,44.72626804,0,0
25.97000000,45.02630376,44.93604723,44.52435425,44.76480218,0,0
25.98000000,45.04591631,44.96925112,44.56729480,44.79843752,0,0
25.99000000,45.00411249,44.99326010,44.64104840,44.86458614,0,0
26.00000000,44.97699822,45.04772069,44.70078002,44.91018450,0,0
26.01000000,45.13565358,45.13225339,44.74511592,44.93505452,0,0
26.02000000,45.23306819,45.18892787,44.70245865,44.92949335,0,0
26.03000000,45.17960429,45.11702160,44.76072984,44.97576201,0,0
26.04000000,45.23180357,45.13726145,44.88505323,45.02304265,0,0
26.05000000,45.19215075,45.20399727,44.90947195,45.11634990,0,0
26.06000000,45.21776661,45.25100910,44.97009531,45.10261526,0,0
26.07000000,45.30000847,45.27511783,45.04805017,45.21379663,0,0
26.08000000,45.40912615,45.27318688,44.93374111,45.04136699,0,0
26.09000000,45.38152927,45.33823812,45.03663695,45.11445478,0,0
26.10000000,45.40954329,45.42061493,44.98136440,45.23938263,0,0
26.11000000,45.43218149,45.42742583,45.08632206,45.18718069,0,0
26.12000000,45.51678296,45.48135512,45.12103148,45.26904017,0,0
26.13000000,45.49243272,45.50125498,45.15048436,45.32980975,0,0
26.14000000,45.51540627,45.56328925,45.16334281,45.35136356,0,0
26.15000000,45.63703327,45.59666985,45.15077462,45.42283719,0,0
26.16000000,45.62653162,45.63883874,45.17229413,45.43350944,0,0
26.17000000,45.68116136,45.63216318,45.25620181,45.48676276,0,0
26.18000000,45.74684963,45.66215216,45.33523008,45.50037706,0,0
26.19000000,45.74487690,45.71491492,45.34058191,45.54685727,0,0
26.20000000,45.75074783,45.75049660,45.39785423,45.58517016,0,0
26.21000000,45.79194337,45.75676211,45.36613805,45.57876202,0,0
26.22000000,45.80956427,45.72131892,45.38847819,45.52738949,0,0
26.23000000,45.80223413,45.79209587,45.50716653,45.66483293,0,0
26.24000000,45.88731695,45.89136924,45.53692842,45.69917464,0,0
26.25000000,46.03801062,45.94665960,45.54843194,45.67412623,0,0
26.26000000,46.00658779,45.97868758,45.54887594,45.80174864,0,0
26.27000000,45.91619574,45.97088616,45.65375159,45.79225300,0,0
26.28000000,46.03701714,46.07308083,45.68054087,45.86737279,0,0
26.29000000,46.08629114,46.12335596,45.76647955,45.90202505,0,0
26.30000000,46.13543942,46.12580509,45.70665012,45.95328585,0,0
26.31000000,46.26024504,46.16802541,45.79736146,45.94066764,0,0
26.32000000,46.25857278,46.19337314,45.83133061,45.96926611,0,0
26.33000000,46.22024753,46.22544948,45.88546985,46.04974053,0,0
26.34000000,46.22967538,46.21884394,45.93745002,46.05462414,0,0
26.35000000,46.32027484,46.22336361,45.92470742,46.04343704,0,0
26.36000000,46.33583995,46.28016318,45.91344667,46.07539877,0,0
26.37000000,46.38668081,46.36278539,45.99056809,46.18392276,0,0
26.38000000,46.44255432,46.39902775,46.06448637,46.19468435,0,0
26.39000000,46.45527869,46.45015620,46.10774462,46.23469504,0,0
26.40000000,46.46946346,46.48414738,46.15951132,46.30515580,0,0
26.41000000,46.57251230,46.53574592,46.15215348,46.34441075,0,0
26.42000000,46.64028835,46.60955948,46.14886118,46.35877772,0,0
26.43000000,46.59907630,46.63343547,46.17928353,46.40154554,0,0
26.44000000,46.64676253,46.61805201,46.26727802,46.45532476,0,0
26.45000000,46.78072526,46.65138904,46.37947401,46.45996487,0,0
26.46000000,46.73795846,46.69147274,46.44939678,46.54167642,0,0
26.47000000,46.78282028,46.77135231,46.43448547,46.56745305,0,0
26.48000000,46.79843267,46.76467786,46.41960646,46.49727791,0,0
26.49000000,46.81983188,46.81823019,46.35499744,46.55261043,0,0
26.50000000,46.84748113,46.83879834,46.42708398,46.61433115,0,0
26.51000000,46.92830937,46.89309439,46.54980783,46.69327382,0,0
26.52000000,46.97353275,46.90107329,46.62988170,46.74819753,0,0
26.53000000,46.94873311,46.96516410,46.57134663,46.79565459,0,0
26.54000000,47.01188294,47.01613637,46.64640468,46.83947464,0,0
26.55000000,47.10412617,47.08700070,46.66358757,46.88594912,0,0
26.56000000,47.08970035,47.12815237,46.68190493,46.90169979,0,0
26.57000000,47.08164119,47.09818460,46.71114160,46.94764522,0,0
26.58000000,47.18367658,47.13863310,46.76134683,46.93912382,0,0
26.59000000,47.23175674,47.21388128,46.77496283,47.00001681,0,0
26.60000000,47.26504170,47.25904466,46.83273971,47.05399183,0,0
26.61000000,47.28983254,47.21394229,46.89327126,47.05637874,0,0
26.62000000,47.28662930,47.22707860,46.88637788,47.03214412,0,0
26.63000000,47.31219516,47.28235340,46.92335094,47.11587690,0,0
26.64000000,47.43751569,47.37223709,46.98011502,47.15303430,0,0
26.65000000,47.40032196,47.39457606,47.07488191,47.13147685,0,0
26.66000000,47.41880875,47.45731928,47.08211757,47.20312320,0,0
26.67000000,47.37955641,47.43103994,47.14582595,47.26630108,0,0
26.68000000,47.62289101,47.48144277,47.12267211,47.29024941,0,0
26.69000000,47.56764850,47.55742728,47.14851351,47.37206028,0,0
26.70000000,47.56492231,47.53527664,47.19162535,47.43134819,0,0
26.71000000,47.65527930,47.62458703,47.28249511,47.38498890,0,0
26.72000000,47.68893198,47.65826604,47.35423647,47.42502892,0,0
26.73000000,47.72773549,47.69744391,47.34802413,47.43024082,0,0
26.74000000,47.78615752,47.68506960,47.46267345,47.43777738,0,0
26.75000000,47.76420822,47.69014996,47.38794086,47.43066101,0,0
26.76000000,47.79180839,47.75417035,47.40082734,47.53351808,0,0
26.77000000,47.83663727,47.79019135,47.44362913,47.67579304,0,0
26.78000000,47.90955356,47.85887238,47.51989411,47.69289372,0,0
26.79000000,47.86941903,47.89449723,47.55835403,47.75208830,0,0
26.80000000,47.93667592,47.91352296,47.60706579,47.83197119,0,0
26.81000000,48.04153213,47.98426289,47.59880568,47.81099629,0,0
26.82000000,48.04445500,48.03030686,47.61120749,47.83957400,0,0
26.83000000,48.07798806,47.99564524,47.63350565,47.86735546,0,0
26.84000000,48.20027543,48.06876917,47.74672917,47.87907962,0,0
26.85000000,48.17327722,48.11593195,47.77574261,47.91786669,0,0
26.86000000,48.24579218,48.18947724,47.82163099,47.96348410,0,0
26.87000000,48.24529718,48.20970022,47.84850178,47.98566246,0,0
26.88000000,48.22625715,48.16838093,47.81032663,47.82754097,0,0
26.89000000,48.28013384,48.27425778,47.89479591,48.04614179,0,0
26.90000000,48.38758356,48.30207022,47.95422065,48.09042855,0,0
26.91000000,48.42704360,48.33799044,48.04699684,48.12237446,0,0
26.92000000,48.39744847,48.38637854,48.08876372,48.22406199,0,0
26.93000000,48.44641670,48.40001436,48.10954293,48.21259777,0,0
26.94000000,48.54479845,48.49806032,48.11250414,48.26169859,0,0
26.95000000,48.55582554,48.55194036,48.12877974,48.31473662,0,0
26.96000000,48.59737272,48.52258186,48.17579077,48.34434769,0,0
26.97000000,48.67083205,48.56028804,48.27244449,48.38220405,0,0
26.98000000,48.68738996,48.57243739,48.31100030,48.44649216,0,0
26.99000000,48.74621241,48.64056098,48.33745771,48.48846325,0,0
27.00000000,48.79409122,48.69937570,48.34434526,48.46365433,0,0
27.01000000,48.81661422,48.74799379,48.29162824,48.43798502,0,0
27.02000000,48.87883287,48.77912962,48.32656085,48.50290923,0,0
27.03000000,48.95455625,48.79793227,48.43385642,48.53122458,0,0
27.04000000,48.96549844,48.84790439,48.53419376,48.55370602,0,0
27.05000000,48.88782845,48.88427395,48.54022712,48.65120279,0,0
27.06000000,49.00433978,48.83656934,48.59616259,48.65165506,0,0
27.07000000,49.06327564,48.92531968,48.59876308,48.73506321,0,0
27.08000000,49.08598158,48.99526610,48.60945427,48.72964507,0,0
27.09000000,49.16398641,49.03805172,48.69909180,48.80003905,0,0
27.10000000,49.20685008,49.06056371,48.82439750,48.79348460,0,0
27.11000000,49.17479589,49.07142049,48.85777001,48.82902536,0,0
27.12000000,49.26805442,49.07890564,48.89107174,48.87782647,0,0
27.13000000,49.24295660,49.11279614,48.92368367,48.86235602,0,0
27.14000000,49.27028722,49.13505795,48.83718985,48.85105050,0,0
27.15000000,49.34082318,49.15873267,48.92362285,48.99979536,0,0
27.16000000,49.38636905,49.21512266,48.97661430,48.98148182,0,0
27.17000000,49.37148288,49.25725695,48.99476434,48.98283505,0,0
27.18000000,49.38726933,49.27770545,48.99381929,49.04871288,0,0
27.19000000,49.49658809,49.30677287,49.00858731,49.06788567,0,0
27.20000000,49.50744296,49.36460237,49.05383731,49.13446408,0,0
27.21000000,49.51047432,49.36074858,49.12045652,49.22572611,0,0
27.22000000,49.55175637,49.39257225,49.20866408,49.26273389,0,0
27.23000000,49.56554456,49.45743016,49.29120344,49.30264148,0,0
27.24000000,49.64950346,49.48788494,49.27916778,49.34042662,0,0
27.25000000,49.71552801,49.50057679,49.37001914,49.34205058,0,0
27.26000000,49.74237129,49.52810646,49.29852287,49.24297015,0,0
27.27000000,49.71887444,49.56341911,49.34812323,49.36157879,0,0
27.28000000,49.75138193,49.61630864,49.40398022,49.48704110,0,0
27.29000000,49.82604191,49.66824605,49.51610815,49.43477407,0,0
27.30000000,49.75287576,49.73538690,49.57368264,49.61240348,0,0
27.31000000,49.93360877,49.73887830,49.63881746,49.64009255,0,0
27.32000000,50.02435323,49.83070495,49.63982497,49.69721020,0,0
27.33000000,49.98721960,49.83511076,49.64526366,49.69861102,0,0
27.34000000,50.05557839,49.89249987,49.68193172,49.72734815,0,0
27.35000000,50.14703519,49.96257860,49.75110521,49.74812884,0,0
27.36000000,50.20750404,50.01877728,49.80405119,49.82259281,0,0
27.37000000,50.30016472,50.02153431,49.86410485,49.88258490,0,0
27.38000000,50.27652872,50.04363344,49.88909144,49.85405346,0,0
27.39000000,50.26234442,50.12298912,49.84891282,49.85523288,0,0
27.40000000,50.33752127,50.16141983,49.85690887,49.92179998,0,0
27.41000000,50.45652852,50.25052579,49.89934483,49.88364639,0,0
27.42000000,50.45672038,50.24735753,49.93980822,49.91625941,0,0
27.43000000,50.53374920,50.27778878,50.00105276,49.96105114,0,0
27.44000000,50.58024837,50.32567859,50.03228415,50.00175287,0,0
27.45000000,50.50729265,50.35146319,50.11190814,50.02221595,0,0
27.46000000,50.60067776,50.40011483,50.07801594,50.07407616,0,0
27.47000000,50.65360436,50.43432133,50.15222697,50.07087000,0,0
27.48000000,50.67974249,50.46164050,50.22367052,50.10300386,0,0
27.49000000,50.71595941,50.44336521,50.22843427,50.18254530,0,0
27.50000000,50.75787416,50.48180688,50.39521549,50.18420925,0,0
27.51000000,50.72981826,50.52836413,50.26217552,50.11656702,0,0
27.52000000,50.83946566,50.59635461,50.27670148,50.23885590,0,0
27.53000000,50.85688210,50.59972448,50.29982104,50.33932127,0,0
27.54000000,50.87058537,50.65913004,50.42481665,50.34678403,0,0
27.55000000,50.81327171,50.67674851,50.47995904,50.43710155,0,0
27.56000000,50.92159287,50.71596853,50.56953134,50.46623785,0,0
27.57000000,50.94300137,50.76515260,50.52043172,50.48344287,0,0
27.58000000,50.99744421,50.75920493,50.49693893,50.55864888,0,0
27.59000000,51.05071424,50.78839939,50.52619085,50.56868461,0,0
27.60000000,51.04529947,50.82063499,50.67818139,50.62614515,0,0
27.61000000,51.10529488,50.86669687,50.77551178,50.71568311,0,0
27.62000000,51.11112395,50.88944774,50.86911050,50.69320986,0,0
27.63000000,51.07689425,50.94052834,50.80741207,50.71617747,0,0
27.64000000,51.13843734,51.00461937,50.80797933,50.77929838,0,0
27.65000000,51.25172732,51.01734198,50.82549231,50.85799851,0,0
27.66000000,51.27669256,51.09056472,50.91464873,50.85813461,0,0
27.67000000,51.26666630,51.07137898,50.91311002,50.94707131,0,0
27.68000000,51.34575070,51.13162759,50.97372391,50.96061628,0,0
27.69000000,51.31023982,51.21996967,50.96283621,51.04165987,0,0
27.70000000,51.35270438,51.23972556,51.00064326,51.03049707,0,0
27.71000000,51.53517342,51.25841710,51.09505729,51.11046531,0,0
27.72000000,51.49294550,51.30664601,51.16276942,51.08724550,0,0
27.73000000,51.53786566,51.32064226,51.22176827,51.20321117,0,0
27.74000000,51.61704105,51.39700776,51.24074107,51.23300405,0,0
27.75000000,51.61290844,51.42508854,51.24323003,51.20250715,0,0
27.76000000,51.66676810,51.47651112,51.23153161,51.21903139,0,0
27.77000000,51.71874644,51.49612119,51.25921954,51.30399137,0,0
27.78000000,51.73994711,51.59267881,51.30961783,51.27952122,0,0
27.79000000,51.72473183,51.62605053,51.36856772,51.30292281,0,0
27.80000000,51.77815740,51.66509835,51.40569314,51.35537927,0,0
27.81000000,51.81466020,51.69986805,51.44668947,51.41073305,0,0
27.82000000,51.84921906,51.67920671,51.38725643,51.47433586,0,0
27.83000000,51.96771453,51.77070511,51.41453237,51.51604034,0,0
27.84000000,51.97906825,51.80922909,51.53653494,51.52420446,0,0
27.85000000,52.00911642,51.83302046,51.58017685,51.58977264,0,0
27.86000000,52.00947130,51.85547981,51.63174768,51.63898392,0,0
27.87000000,51.96741908,51.84741109,51.57082563,51.59706400,0,0
27.88000000,52.03016903,52.00265445,51.56182674,51.70736626,0,0
27.89000000,52.12315973,51.92995915,51.60764482,51.75280868,0,0
27.90000000,52.11764347,52.06392520,51.68924963,51.70552167,0,0
27.91000000,52.14550562,52.02897814,51.69983449,51.81282735,0,0
27.92000000,52.25564079,52.11945684,51.74351714,51.83359196,0,0
27.93000000,52.21641757,52.16493524,51.79359169,51.84113775,0,0
27.94000000,52.23297429,52.14695637,51.79858338,51.88568682,0,0
27.95000000,52.36123639,52.17623707,51.85941342,51.95070969,0,0
27.96000000,52.33280088,52.22830376,51.99005627,51.98792375,0,0
27.97000000,52.39597653,52.32200694,52.01448859,52.06602100,0,0
27.98000000,52.39251184,52.30486427,52.02475236,52.11333546,0,0
27.99000000,52.42382901,52.33570612,51.99060870,52.06840841,0,0
28.00000000,52.48405294,52.38426021,52.01247253,52.14252285,0,0
28.01000000,52.54092459,52.42819903,52.07617992,52.20638127,0,0
28.02000000,52.48073585,52.41091004,52.18235355,52.25764708,0,0
28.03000000,52.60460694,52.46646967,52.24927313,52.27540352,0,0
28.04000000,52.67121677,52.58905618,52.26595193,52.31550143,0,0
28.05000000,52.67064931,52.70876334,52.25189023,52.33332677,0,0
28.06000000,52.70192456,52.61789302,52.23324978,52.42365199,0,0
28.07000000,52.72639651,52.59496588,52.27248439,52.41564570,0,0
28.08000000,52.79364214,52.62175427,52.34515246,52.50886570,0,0
28.09000000,52.90623038,52.72935165,52.39437978,52.50832165,0,0
28.10000000,52.88137235,52.75787295,52.47400405,52.55115879,0,0
28.11000000,52.82822972,52.78588050,52.43861070,52.46760438,0,0
28.12000000,52.85872314,52.82275590,52.46735091,52.57325931,0,0
28.13000000,53.00767402,52.88971357,52.55300302,52.66379836,0,0
28.14000000,52.97040673,52.87862065,52.56772193,52.62213011,0,0
28.15000000,52.99220650,52.87442627,52.58447407,52.70686382,0,0
28.16000000,53.04508541,52.93667160,52.65312072,52.77384801,0,0
28.17000000,53.11950830,53.04203944,52.67848697,52.79908540,0,0
28.18000000,53.24347443,53.04023344,52.67431766,52.85457963,0,0
28.19000000,53.19958110,53.06882654,52.70488653,52.83576843,0,0
28.20000000,53.18554955,53.11126567,52.77054681,52.86268518,0,0
28.21000000,53.25071228,53.19001706,52.88389434,52.92260043,0,0
28.22000000,53.29238471,53.19072314,52.91025146,52.90956785,0,0
28.23000000,53.30311650,53.16345552,52.88502002,52.96282769,0,0
28.24000000,53.35750144,53.19922796,52.87336803,53.05684714,0,0
28.25000000,53.39695610,53.28545314,52.96633559,53.09260526,0,0
28.26000000,53.44247270,53.39691519,53.02826743,53.12964981,0,0
28.27000000,53.50100642,53.40547029,53.09676924,53.19987372,0,0
28.28000000,53.47146638,53.47589077,53.16479396,53.21848205,0,0
28.29000000,53.52194257,53.44358930,53.22328967,53.31508243,0,0
28.30000000,53.72878815,53.53960708,53.12988818,53.34591446,0,0
28.31000000,53.68666334,53.54017701,53.25826054,53.36879076,0,0
28.32000000,53.75681067,53.58179091,53.23859456,53.40364876,0,0
28.33000000,53.74493081,53.62770402,53.25254555,53.37108186,0,0
28.34000000,53.74623391,53.67603511,53.28777360,53.33685155,0,0
28.35000000,53.81868488,53.75360821,53.29069504,53.41510912,0,0
28.36000000,53.82449042,53.68100565,53.34492642,53.44388751,0,0
28.37000000,53.83408492,53.77766274,53.39262169,53.48849294,0,0
28.38000000,53.92297962,53.87263058,53.44254822,53.58076018,0,0
28.39000000,54.02942643,53.94697376,53.51775915,53.62525624,0,0
28.40000000,54.01237303,53.89936637,53.54570807,53.65649794,0,0
28.41000000,54.04360482,53.82634128,53.53275936,53.65386425,0,0
28.42000000,54.06665608,53.88276221,53.58638965,53.69157111,0,0
28.43000000,54.12349633,53.98893178,53.65380208,53.70191746,0,0
28.44000000,54.19586755,54.07765673,53.70208043,53.74984408,0,0
28.45000000,54.14705280,54.05353159,53.73498375,53.75669051,0,0
28.46000000,54.16913446,54.05470084,53.70560531,53.78436967,0,0
28.47000000,54.25309834,54.08785687,53.67607944,53.84828089,0,0
28.48000000,54.27331806,54.20479880,53.79249846,53.89915197,0,0
28.49000000,54.34162514,54.22767836,53.90474748,53.88758980,0,0
28.50000000,54.43324182,54.22811109,53.94760348,53.99482564,0,0
28.51000000,54.40868639,54.31986527,54.06736017,54.02354708,0,0
28.52000000,54.45898981,54.36143902,54.05710864,54.07215013,0,0
28.53000000,54.50832610,54.37473782,54.07263025,54.14160877,0,0
28.54000000,54.46865209,54.39583714,54.04812416,54.14373661,0,0
28.55000000,54.58207056,54.42941177,54.12545225,54.24554950,0,0
28.56000000,54.60656927,54.46981195,54.18299476,54.40887572,0,0
28.57000000,54.61150396,54.52052666,54.26477793,54.41991150,0,0
28.58000000,54.65449014,54.53561257,54.22760757,54.44205771,0,0
28.59000000,54.74156990,54.60415988,54.23927479,54.46567007,0,0
28.60000000,54.80697141,54.69751964,54.30458256,54.41904781,0,0
28.61000000,54.84086213,54.75196871,54.35765360,54.43971959,0,0
28.62000000,54.81533398,54.79271359,54.40957456,54.50960563,0,0
28.63000000,54.86357668,54.80192725,54.37283258,54.50907733,0,0
28.64000000,54.99771798,54.82738283,54.32489744,54.51835774,0,0
28.65000000,54.99525866,54.86945542,54.35567802,54.51465915,0,0
28.66000000,54.98323271,54.86495204,54.46360854,54.52832828,0,0
28.67000000,54.93550334,54.90565562,54.55691264,54.58872311,0,0
28.68000000,55.00066425,54.92450674,54.67769452,54.59274805,0,0
28.69000000,55.14862677,54.99870811,54.59344792,54.63535400,0,0
28.70000000,55.17508195,54.98657134,54.63102475,54.78253708,0,0
28.71000000,55.12214545,55.02030616,54.66909553,54.71017626,0,0
28.72000000,55.13896020,55.06230657,54.75690511,54.86226168,0,0
28.73000000,55.21534479,55.09812490,54.84167770,54.91664797,0,0
28.74000000,55.20947290,55.16996512,54.79736219,54.92567632,0,0
28.75000000,55.30721046,55.15485475,54.82808127,54.93918519,0,0
28.76000000,55.33625568,55.19837854,54.79857686,54.96904942,0,0
28.77000000,55.36995772,55.25719757,54.95117264,55.00535011,0,0
28.78000000,55.41006396,55.25337106,55.02660659,55.09488225,0,0
28.79000000,55.38955527,55.30552029,55.05377817,55.10345895,0,0
28.80000000,55.42152682,55.31107714,55.05433425,55.12094271,0,0
28.81000000,55.50654320,55.36211266,55.09575320,55.18952320,0,0
28.82000000,55.53146360,55.42166111,55.15142982,55.24333181,0,0
28.83000000,55.57627496,55.46104201,55.15386084,55.26672706,0,0
28.84000000,55.61821872,55.49244041,55.14055206,55.32362528,0,0
28.85000000,55.62871191,55.50628954,55.17462796,55.37274934,0,0
28.86000000,55.71810465,55.57715423,55.24081182,55.39765458,0,0
28.87000000,55.73794108,55.59337057,55.25711877,55.43195740,0,0
28.88000000,55.80938029,55.62206905,55.32076261,55.39733868,0,0
28.89000000,55.85454980,55.61433495,55.37567113,55.45118800,0,0
28.90000000,55.85244363,55.68300056,55.44660684,55.50726127,0,0
28.91000000,55.92535902,55.71595119,55.46068067,55.41448468,0,0
28.92000000,55.90521455,55.77976296,55.43189849,55.57497123,0,0
28.93000000,55.96371338,55.79682382,55.51803268,55.51412413,0,0
28.94000000,55.99646556,55.80270182,55.59157258,55.53044298,0,0
28.95000000,56.11319521,55.78044612,55.58255955,55.61346389,0,0
28.96000000,56.08745574,55.90287592,55.65523265,55.62244047,0,0
28.97000000,56.15339450,55.91561346,55.65534354,55.68365442,0,0
28.98000000,56.21875655,55.98602785,55.69576840,55.70323663,0,0
28.99000000,56.24579024,55.99421909,55.75673608,55.71420188,0,0
29.00000000,56.32132859,56.01964603,55.81658364,55.74462372,0,0
29.01000000,56.32270170,56.05144565,55.87063402,55.78783425,0,0
29.02000000,56.34076831,56.06754058,55.85818341,55.77093226,0,0
29.03000000,56.35820269,56.09184957,55.82400193,55.84946150,0,0
29.04000000,56.39703641,56.15419232,55.88802230,55.89676754,0,0
29.05000000,56.47003309,56.19199515,55.94944662,55.92436189,0,0
29.06000000,56.53712860,56.21492732,56.04936758,55.95383891,0,0
29.07000000,56.49579555,56.24801331,56.05885323,56.02633155,0,0
29.08000000,56.58746808,56.29485897,56.10962472,56.07249719,0,0
29.09000000,56.63849746,56.36321912,56.10511941,56.15321079,0,0
29.10000000,56.68002159,56.36313344,56.14535296,56.15890574,0,0
29.11000000,56.72684925,56.35977555,56.25347071,56.20746119,0,0
29.12000000,56.68941957,56.38378002,56.23929307,56.18493687,0,0
29.13000000,56.75900442,56.50301203,56.32715891,56.17441689,0,0
29.14000000,56.81995764,56.51732578,56.28159446,56.19827992,0,0
29.15000000,56.81644656,56.53400580,56.34251661,56.26035294,0,0
29.16000000,56.85925626,56.55642615,56.38631170,56.28060984,0,0
29.17000000,56.93982466,56.64069477,56.45257053,56.34321930,0,0
29.18000000,56.93955548,56.69788454,56.48679246,56.38854566,0,0
29.19000000,57.02556357,56.70852781,56.53936440,56.43014656,0,0
29.20000000,57.09558712,56.72564410,56.51613136,56.45043122,0,0
29.21000000,57.13270952,56.78859844,56.58764459,56.47327302,0,0
29.22000000,57.12951119,56.83717109,56.67204806,56.54416078,0,0
29.23000000,57.09856379,56.84535053,56.71993092,56.58100935,0,0
29.24000000,57.13239048,56.87052388,56.68492963,56.57734443,0,0
29.25000000,57.23189608,56.91369010,56.68269090,56.65870706,0,0
29.26000000,57.25724473,56.96592672,56.77231137,56.70290906,0,0
29.27000000,57.32537437,56.99042045,56.84921226,56.68262600,0,0
29.28000000,57.31600302,57.01950079,56.88554570,56.75213972,0,0
29.29000000,57.31733702,57.10384722,56.95166597,56.78821516,0,0
29.30000000,57.43160416,57.09270521,56.91990986,56.83509481,0,0
29.31000000,57.44367389,57.20556658,56.94180259,56.85856549,0,0
29.32000000,57.50428575,57.17703479,56.96379310,56.87345140,0,0
29.33000000,57.46231841,57.23247291,57.04600013,56.93709647,0,0
29.34000000,57.50061111,57.26688263,57.06164758,56.99693964,0,0
29.35000000,57.52207256,57.28280648,57.14377425,56.97207626,0,0
29.36000000,57.59561905,57.29932462,57.10110576,57.00501092,0,0
29.37000000,57.56447071,57.33686909,57.20084685,57.08885919,0,0
29.38000000,57.68046129,57.38797011,57.24575296,57.12585311,0,0
29.39000000,57.71834198,57.49002268,57.27485412,57.21980076,0,0
29.40000000,57.74511796,57.52316054,57.30970896,57.24722450,0,0
29.41000000,57.79971880,57.53667049,57.32750396,57.30038690,0,0
29.42000000,57.81584735,57.56122990,57.33125287,57.31357097,0,0
29.43000000,57.87846056,57.65145720,57.39970983,57.35018950,0,0
29.44000000,57.87391392,57.68018254,57.43472950,57.37169284,0,0
29.45000000,57.86439886,57.64024225,57.47211167,57.34488186,0,0
29.46000000,57.92150873,57.68453124,57.47776059,57.37587250,0,0
29.47000000,57.95265904,57.71378472,57.50763892,57.43452221,0,0
29.48000000,58.03250664,57.81762689,57.56646272,57.48257966,0,0
29.49000000,58.04138363,57.83176645,57.56730752,57.54266492,0,0
29.50000000,58.03392653,57.89536284,57.65623997,57.61652857,0,0
29.51000000,58.08668072,57.86818678,57.72002989,57.71896340,0,0
29.52000000,58.15748869,57.89693522,57.64167171,57.68143941,0,0
29.53000000,58.20093863,57.90195082,57.69230865,57.66738373,0,0
29.54000000,58.22227325,57.94348980,57.68685884,57.67721404,0,0
29.55000000,58.19684910,58.03620719,57.78972509,57.73280520,0,0
29.56000000,58.23977953,58.07823912,57.85394058,57.74855536,0,0
29.57000000,58.33074451,58.12962566,57.82352157,57.76823624,0,0
29.58000000,58.31859042,58.06535292,57.85885205,57.82791586,0,0
29.59000000,58.35655946,58.11003466,57.92854782,57.89215652,0,0
29.60000000,58.37367346,58.18089871,57.98877211,57.95365976,0,0
29.61000000,58.41965314,58.25299091,58.03607115,58.02598088,0,0
29.62000000,58.49034526,58.22873066,58.04513309,57.99995458,0,0
29.63000000,58.49575458,58.27981071,58.03383073,58.03330789,0,0
29.64000000,58.49887997,58.31903074,58.06514352,58.05465796,0,0
29.65000000,58.58642108,58.37157119,58.16804957,58.13011853,0,0
29.66000000,58.62577992,58.38010405,58.25131127,58.23747279,0,0
29.67000000,58.70159313,58.38140023,58.25926970,58.24045170,0,0
29.68000000,58.67945549,58.45642427,58.22521465,58.25918736,0,0
29.69000000,58.68334043,58.53601987,58.23968169,58.28948009,0,0
29.70000000,58.78267770,58.58407121,58.29778750,58.22424074,0,0
29.71000000,58.77712751,58.62693544,58.30826556,58.32075425,0,0
29.72000000,58.80929384,58.57252654,58.40047367,58.36144399,0,0
29.73000000,58.89910530,58.62916844,58.42554255,58.40428206,0,0
29.74000000,58.88840606,58.72567350,58.39847433,58.48913926,0,0
29.75000000,58.95234710,58.76872801,58.45173248,58.41164159,0,0
29.76000000,58.93875673,58.75148973,58.49237585,58.50534098,0,0
29.77000000,58.98807215,58.75236101,58.57892499,58.51068769,0,0
29.78000000,59.00289007,58.79934149,58.59050722,58.50595535,0,0
29.79000000,59.04426310,58.86615362,58.55176290,58.55815110,0,0
29.80000000,59.05731500,58.86507352,58.52324624,58.63616548,0,0
29.81000000,59.12489315,58.88422329,58.56583229,58.67553231,0,0
29.82000000,59.14229453,58.95658464,58.66767357,58.72386596,0,0
29.83000000,59.20646870,59.04743298,58.72527305,58.73274684,0,0
29.84000000,59.18968292,59.08297951,58.71972133,58.76418508,0,0
29.85000000,59.24231928,59.06581707,58.74006718,58.77997209,0,0
29.86000000,59.29242733,59.07164742,58.80227978,58.83275572,0,0
29.87000000,59.30436466,59.15696789,58.87381786,58.89864692,0,0
29.88000000,59.35885976,59.22308430,58.89070137,58.88777059,0,0
29.89000000,59.33446082,59.22615817,58.88780003,58.91337489,0,0
29.90000000,59.36664124,59.22813100,58.93273300,59.00559771,0,0
29.91000000,59.48934616,59.27065752,58.93931620,59.03630398,0,0
29.92000000,59.49407657,59.33458902,59.00622152,59.15414182,0,0
29.93000000,59.44941551,59.41126142,59.09085383,59.21166082,0,0
29.94000000,59.53993432,59.38600523,59.08874308,59.20209333,0,0
29.95000000,59.55872993,59.48822808,59.07449868,59.27257109,0,0
29.96000000,59.71686012,59.45782197,59.11602134,59.19696427,0,0
29.97000000,59.66796691,59.56098261,59.17039698,59.25907712,0,0
29.98000000,59.64733781,59.57405265,59.22246809,59.26316233,0,0
29.99000000,59.69454906,59.60338151,59.24798073,59.29178841,0,0
30.00000000,59.75115234,59.64242434,59.22403103,59.34953156,0,0
30.01000000,59.85034161,59.64172914,59.25452335,59.38898824,0,0
30.02000000,59.84857267,59.68906886,59.28076211,59.39249851,0,0
30.03000000,59.82055414,59.73630116,59.36814114,59.47796362,0,0
30.04000000,59.85825366,59.78160129,59.40934561,59.53828445,0,0
30.05000000,59.91616101,59.81185144,59.42709877,59.55373860,0,0
30.06000000,59.97832416,59.79568971,59.43152165,59.54430746,0,0
30.07000000,59.99627253,59.84355687,59.49882086,59.57648748,0,0
30.08000000,59.98854558,59.86920726,59.54228554,59.60384155,0,0
30.09000000,60.02364820,59.89405387,59.55126899,59.62169128,0,0
30.10000000,60.03643349,59.92154718,59.52650089,59.63621981,0,0
30.11000000,60.05490285,59.95738137,59.57264699,59.69762598,0,0
30.12000000,60.11198484,59.96385203,59.60595814,59.71593525,0,0
30.13000000,60.11329698,59.99806375,59.63702294,59.76137408,0,0
30.14000000,60.24830528,60.02229957,59.70576283,59.91982602,0,0
30.15000000,60.18633393,60.05125030,59.68148458,59.84815662,0,0
30.16000000,60.30795845,60.12798904,59.74831962,59.90157831,0,0
30.17000000,60.31761041,60.14902406,59.83073379,59.88231548,0,0
30.18000000,60.26807492,60.11493117,59.92517559,59.95267316,0,0
30.19000000,60.30701031,60.10884364,59.97296632,59.96539199,0,0
30.20000000,60.34534306,60.18234831,59.92968569,60.01145854,0,0
30.21000000,60.39121654,60.23412352,59.92990919,60.05174781,0,0
30.22000000,60.40261479,60.25990310,59.96156441,60.03423532,0,0
30.23000000,60.42051915,60.24596555,60.04014986,60.10053286,0,0
30.24000000,60.49054899,60.32356608,60.07466166,60.15232004,0,0
30.25000000,60.53822302,60.36878189,60.11685908,60.20226954,0,0
30.26000000,60.57172337,60.40671188,60.11511338,60.25012130,0,0
30.27000000,60.57420326,60.38209110,60.11022891,60.25125675,0,0
30.28000000,60.62462906,60.43319628,60.11416791,60.29763275,0,0
30.29000000,60.64336087,60.45537863,60.17752083,60.28781383,0,0
30.30000000,60.63184584,60.46663450,60.17240224,60.29074937,0,0
30.31000000,60.62738356,60.50771885,60.14262225,60.36020598,0,0
30.32000000,60.69515123,60.51712366,60.28578553,60.35721280,0,0
30.33000000,60.82841523,60.60617339,60.25198356,60.40197816,0,0
30.34000000,60.86576102,60.67221681,60.33862512,60.42625069,0,0
30.35000000,60.82685282,60.66703334,60.34560485,60.44009191,0,0
30.36000000,60.78111215,60.65399973,60.36650811,60.47035024,0,0
30.37000000,60.84759819,60.69694934,60.39422403,60.49364349,0,0
30.38000000,60.89776038,60.71530227,60.41932860,60.50258962,0,0
30.39000000,60.92902957,60.75356457,60.46869069,60.54071935,0,0
30.40000000,60.91210929,60.74922967,60.48421977,60.55190319,0,0
30.41000000,60.96472207,60.77304507,60.47601396,60.60427898,0,0
30.42000000,61.00648054,60.85121005,60.53601457,60.65002949,0,0
30.43000000,61.02439498,60.87365002,60.56369862,60.65568451,0,0
30.44000000,61.02861628,60.88994871,60.60894831,60.72931955,0,0
30.45000000,61.09963754,60.91884939,60.63832065,60.75491917,0,0
30.46000000,61.15378928,60.97717991,60.61878341,60.73637798,0,0
30.47000000,61.19560522,61.01757613,60.60813618,60.74691235,0,0
30.48000000,61.16189373,60.97644690,60.61708038,60.74287455,0,0
30.49000000,61.15219206,60.98356605,60.75193748,60.82550404,0,0
30.50000000,61.17462367,61.03670050,60.85589779,60.83458809,0,0
30.51000000,61.22965422,61.11677377,60.78368404,60.88340772,0,0
30.52000000,61.29147499,61.13769147,60.76211217,60.90231278,0,0
30.53000000,61.30022727,61.12780012,60.76756048,60.91732165,0,0
30.54000000,61.27761273,61.14995000,60.79713675,60.93689031,0,0
30.55000000,61.43584743,61.21954603,60.90740603,61.02028880,0,0
30.56000000,61.36155727,61.23735101,60.92157630,61.02875064,0,0
30.57000000,61.44222432,61.25714034,60.91799286,60.99844315,0,0
30.58000000,61.40007560,61.26462112,60.91861391,61.04976975,0,0
30.59000000,61.44993218,61.29374199,60.94900650,61.09611874,0,0
30.60000000,61.47141524,61.31076964,61.02762669,61.13312259,0,0
30.61000000,61.50806300,61.34268732,61.03568146,61.15704640,0,0
30.62000000,61.54017265,61.38487456,61.06544480,61.19483803,0,0
30.63000000,61.54256144,61.40404447,61.07147403,61.21116402,0,0
30.64000000,61.55051218,61.40862307,61.11355521,61.25914961,0,0
30.65000000,61.58859216,61.43693124,61.15802543,61.27733852,0,0
30.66000000,61.61798234,61.48554089,61.18741734,61.30978713,0,0
30.67000000,61.67824200,61.51983662,61.14979254,61.33471289,0,0
30.68000000,61.71241990,61.54593879,61.18867298,61.32557145,0,0
30.69000000,61.70379785,61.55855505,61.23839287,61.39486441,0,0
30.70000000,61.70869345,61.56456098,61.27755321,61.40143138,0,0
30.71000000,61.70389255,61.56260362,61.29814971,61.41133403,0,0
30.72000000,61.81956167,61.63595822,61.31249306,61.43033473,0,0
30.73000000,61.85381965,61.63489906,61.30765877,61.40521904,0,0
30.74000000,61.78533847,61.71866084,61.34139713,61.49431753,0,0
30.75000000,61.88166357,61.73938807,61.39538289,61.53380707,0,0
30.76000000,61.85848488,61.75498909,61.45290650,61.56073901,0,0
30.77000000,61.96896511,61.74210849,61.46763215,61.60351523,0,0
30.78000000,61.95088946,61.71082536,61.48653624,61.60414629,0,0
30.79000000,61.92891307,61.76435072,61.48663683,61.65504173,0,0
30.80000000,61.99366048,61.82062196,61.52389920,61.62463818,0,0
30.81000000,62.01318178,61.84711424,61.52557773,61.63239630,0,0
30.82000000,62.02912728,61.86189966,61.54044858,61.66368928,0,0
30.83000000,62.03323270,61.86804471,61.57895408,61.68231245,0,0
30.84000000,62.03779720,61.91788306,61.62671817,61.74929140,0,0
30.85000000,62.12159665,61.95236915,61.64992437,61.79378007,0,0
30.86000000,62.14721519,61.95350700,61.65885993,61.79441771,0,0
30.87000000,62.17506687,61.95000856,61.65869451,61.75268253,0,0
30.88000000,62.16101255,61.94690317,61.68592742,61.77106542,0,0
30.89000000,62.18747826,62.02662018,61.71895245,61.79686703,0,0
30.90000000,62.21573837,62.02959592,61.74972684,61.83051516,0,0
30.91000000,62.21815599,62.03142804,61.77862251,61.88835292,0,0
30.92000000,62.24681831,62.07662500,61.75805013,61.91693052,0,0
30.93000000,62.32119626,62.10020200,61.80967041,61.91471173,0,0
30.94000000,62.28480181,62.10746231,61.80743194,61.96278125,0,0
30.95000000,62.36840477,62.11997698,61.90607335,62.01843788,0,0
30.96000000,62.29734581,62.15730542,61.96757323,62.00122163,0,0
30.97000000,62.38763615,62.19817423,61.97558987,62.05492907,0,0
30.98000000,62.34952801,62.23954230,61.94919461,62.03831022,0,0
30.99000000,62.41888894,62.23108805,61.93787496,62.09822691,0,0
31.00000000,62.45584292,62.26269331,61.96507389,62.10114176,0,0
31.01000000,62.45896025,62.25529596,62.01815089,62.10667022,0,0
31.02000000,62.47533954,62.29693606,62.02505654,62.14884116,0,0
31.03000000,62.47474222,62.31885661,62.04840534,62.14068531,0,0
31.04000000,62.51984837,62.33331979,62.04223292,62.19041823,0,0
31.05000000,62.55813482,62.35062174,62.07728416,62.22324460,0,0
31.06000000,62.56698011,62.38865959,62.10548114,62.21916607,0,0
31.07000000,62.57671449,62.40403142,62.10187910,62.20593162,0,0
31.08000000,62.60764557,62.41770558,62.12956487,62.24118850,0,0
31.09000000,62.63709674,62.43343415,62.16051513,62.26153028,0,0
31.10000000,62.65262173,62.44136682,62.21483152,62.20642520,0,0
31.11000000,62.62045797,62.51105041,62.19327768,62.30277140,0,0
31.12000000,62.70787041,62.55060371,62.22683776,62.30977314,0,0
31.13000000,62.69230834,62.55671454,62.23560355,62.32599808,0,0
31.14000000,62.70783357,62.56299322,62.24535494,62.41866469,0,0
31.15000000,62.71761457,62.53529838,62.35241317,62.45156005,0,0
31.16000000,62.73934165,62.61088090,62.33317999,62.51238795,0,0
31.17000000,62.82852042,62.65929554,62.35264300,62.51689913,0,0
31.18000000,62.81472435,62.68422318,62.37329761,62.52908440,0,0
31.19000000,62.81005424,62.64892022,62.39052803,62.55011842,0,0
31.20000000,62.87054060,62.66170736,62.44133989,62.56394105,0,0
31.21000000,62.88958341,62.71415424,62.44724582,62.57547560,0,0
31.22000000,62.94972241,62.76217712,62.45231017,62.60426153,0,0
31.23000000,62.93494061,62.81798711,62.46006541,62.58788359,0,0
31.24000000,62.95515689,62.83878393,62.51420048,62.62475145,0,0
31.25000000,62.96964150,62.84417792,62.59500832,62.67102080,0,0
31.26000000,63.02254595,62.84831508,62.59527155,62.67998996,0,0
31.27000000,63.03107768,62.86870135,62.60123593,62.72186392,0,0
31.28000000,63.03806893,62.90936985,62.59011365,62.70657459,0,0
31.29000000,63.06231402,62.97293161,62.59032955,62.74893197,0,0
31.30000000,63.08732698,62.94984186,62.61734689,62.74966228,0,0
31.31000000,63.08336107,62.92963215,62.61836057,62.78643901,0,0
31.32000000,63.17989233,62.98057596,62.61788822,62.79458940,0,0
31.33000000,63.17771385,63.01361369,62.64989235,62.85018085,0,0
31.34000000,63.23954367,63.04570007,62.62747140,62.89173841,0,0
31.35000000,63.07806691,63.02652001,62.71268526,62.86057314,0,0
31.36000000,63.19025508,63.09818646,62.75933518,62.91407993,0,0
31.37000000,63.30981747,63.07543271,62.73980800,62.85850014,0,0
31.38000000,63.30855575,63.12494782,62.80104373,62.92074898,0,0
31.39000000,63.27067296,63.08568113,62.80753973,62.96331113,0,0
31.40000000,63.23940996,63.17435268,62.86713666,62.98882572,0,0
31.41000000,63.33364854,63.22937269,62.87531646,63.02228224,0,0
31.42000000,63.37729693,63.22678525,62.89446411,63.03229319,0,0
31.43000000,63.36674855,63.18993253,62.88319290,63.06392850,0,0
31.44000000,63.38956363,63.20247226,62.90497242,63.12675511,0,0
31.45000000,63.47410557,63.24845469,62.95214529,63.17826276,0,0
31.46000000,63.48478656,63.28929473,62.95099088,63.14830852,0,0
31.47000000,63.43581177,63.28557400,62.97677657,63.14716979,0,0
31.48000000,63.39836759,63.28867342,63.01042031,63.15263112,0,0
31.49000000,63.45449346,63.31193929,63.07950510,63.18823572,0,0
31.50000000,63.51764517,63.34762916,63.04454522,63.15137205,0,0
31.51000000,63.58760270,63.37639985,62.98699517,63.22507642,0,0
31.52000000,63.55821061,63.34931544,63.08558743,63.17197482,0,0
31.53000000,63.58199168,63.39645373,63.11570195,63.21602619,0,0
31.54000000,63.61204536,63.40629150,63.12473429,63.29080886,0,0
31.55000000,63.61938391,63.44598265,63.16439624,63.24711281,0,0
31.56000000,63.62324457,63.46600071,63.16347473,63.30934078,0,0
31.57000000,63.65708283,63.45438756,63.14292015,63.31017489,0,0
31.58000000,63.68185441,63.51778403,63.17024479,63.35338818,0,0
31.59000000,63.72520885,63.49930574,63.20840736,63.36184253,0,0
31.60000000,63.66002753,63.54295576,63.27530283,63.40247632,0,0
31.61000000,63.71928538,63.53204412,63.34535927,63.39031690,0,0
31.62000000,63.72623284,63.56138754,63.33485640,63.42538345,0,0
31.63000000,63.78524473,63.56904771,63.30317416,63.45198251,0,0
31.64000000,63.82090991,63.59100347,63.30288559,63.51157506,0,0
31.65000000,63.81609521,63.61661994,63.36607443,63.52135500,0,0
31.66000000,63.82656074,63.65098440,63.38341466,63.53257116,0,0
31.67000000,63.82062542,63.66446461,63.38055693,63.53099874,0,0
31.68000000,63.86164796,63.65350156,63.42534313,63.55751964,0,0
31.69000000,63.88113481,63.66866680,63.45514307,63.54615784,0,0
31.70000000,63.93991069,63.74463457,63.46628309,63.53907016,0,0
31.71000000,63.98940572,63.77877848,63.46637628,63.59586205,0,0
31.72000000,63.95251492,63.75341310,63.49109816,63.57536434,0,0
31.73000000,63.99175856,63.77209051,63.52221461,63.65445137,0,0
31.74000000,64.01519719,63.79486094,63.61608723,63.67614975,0,0
31.75000000,64.09659680,63.86663876,63.59382291,63.72676177,0,0
31.76000000,64.06110864,63.84344953,63.57441023,63.70134352,0,0
31.77000000,64.03597784,63.87568431,63.55811968,63.71061664,0,0
31.78000000,64.08800783,63.90960367,63.65390385,63.75142984,0,0
31.79000000,64.10745522,63.91553184,63.69131998,63.73542271,0,0
31.80000000,64.13665580,63.88350869,63.70617451,63.77313885,0,0
31.81000000,64.13474232,63.89034764,63.69365060,63.80273691,0,0
31.82000000,64.17511947,63.94277352,63.67689092,63.79486364,0,0
31.83000000,64.24495533,64.00455288,63.65344778,63.84916973,0,0
31.84000000,64.22181480,64.03960951,63.71053812,63.82807137,0,0
31.85000000,64.25259890,64.04514496,63.76884337,63.87718966,0,0
31.86000000,64.23770826,64.01095654,63.79624430,63.89001282,0,0
31.87000000,64.29725846,64.05729445,63.78844146,63.90820778,0,0
31.88000000,64.28739986,64.08268112,63.81849710,63.92507633,0,0
31.89000000,64.28335215,64.12719525,63.84770592,63.93284244,0,0
31.90000000,64.35074485,64.12011191,63.89657926,63.96139274,0,0
31.91000000,64.32597750,64.13528252,63.89621635,63.97480861,0,0
31.92000000,64.39343925,64.18557789,63.89612896,64.05789682,0,0
31.93000000,64.35421851,64.21170832,63.95319516,64.12136422,0,0
31.94000000,64.43711249,64.24133617,63.99095281,64.13904502,0,0
31.95000000,64.45109736,64.25165453,64.00987136,64.12102817,0,0
31.96000000,64.50830848,64.27533810,63.95876146,64.09834143,0,0
31.97000000,64.49423642,64.27295933,63.97330652,64.11509455,0,0
31.98000000,64.48472993,64.29154848,64.01549807,64.12516561,0,0
31.99000000,64.48365369,64.32544721,64.05921210,64.13401639,0,0
32.00000000,64.53513133,64.35090439,64.08025777,64.18949424,0,0
32.01000000,64.55994328,64.36960959,64.07264692,64.14758042,0,0
32.02000000,64.59258543,64.37611419,64.08344502,64.22163039,0,0
32.03000000,64.61076425,64.39047666,64.13474003,64.26833739,0,0
32.04000000,64.63895813,64.41217240,64.17290527,64.25034684,0,0
32.05000000,64.65950998,64.46177282,64.22314627,64.27219290,0,0
32.06000000,64.62657908,64.47990522,64.19145725,64.25001536,0,0
32.07000000,64.62121120,64.44656453,64.17024830,64.27486792,0,0
32.08000000,64.63847327,64.42112949,64.18239844,64.30166159,0,0
32.09000000,64.74264924,64.48057116,64.21304077,64.34991825,0,0
32.10000000,64.71167942,64.53545613,64.24943346,64.35421735,0,0
32.11000000,64.75458210,64.56179497,64.24831553,64.38942897,0,0
32.12000000,64.73814364,64.51624910,64.28511626,64.40994313,0,0
32.13000000,64.81088443,64.55689225,64.33261618,64.42333874,0,0
32.14000000,64.78419195,64.58728803,64.33479756,64.43952245,0,0
32.15000000,64.76070906,64.63385386,64.33279779,64.45702542,0,0
32.16000000,64.76207911,64.56506875,64.33719395,64.49074636,0,0
32.17000000,64.82891177,64.61518007,64.38182062,64.49616614,0,0
32.18000000,64.93563474,64.60162506,64.45302754,64.51170514,0,0
32.19000000,64.91034369,64.64266429,64.44402353,64.54988386,0,0
32.20000000,64.84991510,64.64620739,64.45985870,64.54275721,0,0
32.21000000,64.88528801,64.68043065,64.44267692,64.59225766,0,0
32.22000000,64.92298604,64.69710060,64.46994472,64.62472749,0,0
32.23000000,64.93236106,64.69073938,64.46232377,64.58119195,0,0
32.24000000,64.92799032,64.69985718,64.45188287,64.57741911,0,0
32.25000000,64.94992105,64.73867009,64.45900899,64.60776443,0,0
32.26000000,64.99628754,64.77239541,64.51952593,64.60696217,0,0
32.27000000,65.00159519,64.73527008,64.55866383,64.58986616,0,0
32.28000000,64.99181679,64.69975953,64.60332517,64.64003395,0,0
32.29000000,65.00662824,64.73563379,64.58334282,64.66903391,0,0
32.30000000,65.04788487,64.82873012,64.54313128,64.72897997,0,0
32.31000000,65.09675300,64.86407691,64.52569534,64.71609061,0,0
32.32000000,65.06333454,64.81599152,64.61399548,64.72090988,0,0
32.33000000,65.06851191,64.83191926,64.67319118,64.75425678,0,0
32.34000000,65.01974179,64.80869829,64.68984329,64.74649035,0,0
32.35000000,65.07331333,64.88255737,64.65365858,64.77584053,0,0
32.36000000,65.11476620,64.85766522,64.69650700,64.77556113,0,0
32.37000000,65.15320240,64.87617485,64.72482348,64.77640159,0,0
32.38000000,65.13608666,64.92975923,64.72026123,64.82109129,0,0
32.39000000,65.15320855,64.93390924,64.70620224,64.82770353,0,0
32.40000000,65.16973653,64.94790797,64.69845233,64.88982857,0,0
32.41000000,65.20164845,64.94094706,64.73392546,64.91761066,0,0
32.42000000,65.22822540,64.94756958,64.76778866,64.90534501,0,0
32.43000000,65.25819142,65.01468615,64.75802761,64.85803557,0,0
32.44000000,65.23427897,65.01853374,64.76309786,64.84360284,0,0
32.45000000,65.26568995,65.03117436,64.78722893,64.87014125,0,0
32.46000000,65.27429684,65.01293701,64.85158037,64.90921179,0,0
32.47000000,65.25492989,65.01553221,64.91263796,64.95029976,0,0
32.48000000,65.29074022,65.05390897,64.91666967,64.98094203,0,0
32.49000000,65.31629313,65.09742171,64.86852089,65.01071133,0,0
32.50000000,65.33684543,65.09167745,64.85787934,65.01152947,0,0
32.51000000,65.32564445,65.08889223,64.90302146,65.01764026,0,0
32.52000000,65.35244563,65.07020409,64.93396529,65.00813315,0,0
32.53000000,65.33460144,65.14197625,64.89019231,65.01195303,0,0
32.54000000,65.38308016,65.13870004,64.88178269,65.02734844,0,0
32.55000000,65.32362183,65.12882613,64.87872000,65.01579069,0,0
32.56000000,65.35994492,65.12370117,64.89938703,65.00498036,0,0
32.57000000,65.43246662,65.16589053,64.87108153,65.01094512,0,0
32.58000000,65.43612141,65.16459277,64.89630276,65.03686977,0,0
32.59000000,65.40801954,65.17779039,64.91438853,65.06124189,0,0
32.60000000,65.41631193,65.16074579,64.96808795,65.10122238,0,0
32.61000000,65.42901369,65.19856429,65.04448869,65.11942998,0,0
32.62000000,65.48945258,65.22369784,65.00882180,65.13236559,0,0
32.63000000,65.45145296,65.23910450,65.03892999,65.11842400,0,0
32.64000000,65.47730923,65.25615974,65.07380913,65.17863365,0,0
32.65000000,65.57017364,65.28778211,65.09464364,65.15584607,0,0
32.66000000,65.57324491,65.25665241,65.13140992,65.19022622,0,0
32.67000000,65.57324112,65.27205065,65.13305281,65.17089895,0,0
32.68000000,65.52423707,65.30059098,65.12613425,65.19804114,0,0
32.69000000,65.57879218,65.35308245,65.10789649,65.24936572,0,0
32.70000000,65.60872763,65.35531960,65.10930567,65.24294663,0,0
32.71000000,65.58485479,65.37141265,65.14934022,65.26207093,0,0
32.72000000,65.59162504,65.33452290,65.15863402,65.28947581,0,0
32.73000000,65.62291283,65.43122195,65.15506608,65.29987027,0,0
32.74000000,65.68401431,65.39981084,65.16319395,65.28237530,0,0
32.75000000,65.65195224,65.41317935,65.20257444,65.28925494,0,0
32.76000000,65.62437508,65.38970839,65.14966136,65.28444361,0,0
32.77000000,65.64592547,65.38472787,65.17382789,65.26472879,0,0
32.78000000,65.76913249,65.47722061,65.08589023,65.35886699,0,0
32.79000000,65.69519562,65.43721299,65.15545579,65.34323074,0,0
32.80000000,65.65975439,65.49885854,65.29177638,65.38467266,0,0
32.81000000,65.63572065,65.44946322,65.27647915,65.36236684,0,0
32.82000000,65.68111424,65.50778932,65.29119920,65.35186672,0,0
32.83000000,65.72939580,65.49432785,65.27793376,65.38546895,0,0
32.84000000,65.69059459,65.44130914,65.32718073,65.40986707,0,0
32.85000000,65.73838328,65.47780572,65.35518724,65.42361416,0,0
32.86000000,65.78505208,65.52848347,65.32880013,65.45445997,0,0
32.87000000,65.83647324,65.54036120,65.33780137,65.46378267,0,0
32.88000000,65.76915066,65.54159763,65.33260773,65.50703615,0,0
32.89000000,65.73148103,65.53969754,65.36657447,65.53046773,0,0
32.90000000,65.70903044,65.53426980,65.39621266,65.55522826,0,0
32.91000000,65.72669658,65.61387502,65.36933192,65.53464885,0,0
32.92000000,65.78297991,65.61817729,65.41457893,65.53585307,0,0
32.93000000,65.85069470,65.61861829,65.41275296,65.50204255,0,0
32.94000000,65.88067583,65.60179423,65.42261051,65.45804332,0,0
32.95000000,65.92669689,65.66984148,65.40610154,65.56393549,0,0
32.96000000,65.91197215,65.62844744,65.41757093,65.51718471,0,0
32.97000000,65.91646969,65.72087131,65.38360000,65.56951640,0,0
32.98000000,65.88356053,65.69652328,65.37875644,65.63060628,0,0
32.99000000,65.88807255,65.69243084,65.36649256,65.59412828,0,0
33.00000000,65.92446743,65.66228006,65.44894131,65.59580302,0,0
33.01000000,65.96697530,65.68680367,65.53601653,65.60927167,0,0
33.02000000,66.03521313,65.72865987,65.60966052,65.64300353,0,0
33.03000000,66.01162231,65.75771597,65.65603764,65.63441024,0,0
33.04000000,65.99729646,65.77504752,65.67249293,65.69302073,0,0
33.05000000,66.00243147,65.75751406,65.60440713,65.69045132,0,0
33.06000000,66.03810856,65.79067006,65.53657238,65.70007397,0,0
33.07000000,66.06275651,65.80758912,65.47772894,65.71999888,0,0
33.08000000,66.08755766,65.83306573,65.48543597,65.70163811,0,0
33.09000000,66.07232425,65.83475964,65.53221490,65.67639262,0,0
33.10000000,66.09409384,65.84001858,65.58196455,65.70958357,0,0
33.11000000,66.10120433,65.85012853,65.60794731,65.72006509,0,0
33.12000000,66.08276437,65.84762171,65.62069132,65.75445012,0,0
33.13000000,66.12854206,65.89907803,65.60445079,65.79647361,0,0
33.14000000,66.12532451,65.91086765,65.60455609,65.76431096,0,0
33.15000000,66.16523239,65.91458031,65.64047640,65.79236130,0,0
33.16000000,66.16845221,65.94834308,65.62817767,65.86613457,0,0
33.17000000,66.15233204,66.03243912,65.69961142,65.84479977,0,0
33.18000000,66.14935674,65.99595245,65.74079647,65.87089441,0,0
33.19000000,66.17586538,65.88431525,65.73675637,65.85628864,0,0
33.20000000,66.21205017,65.87696035,65.69763252,65.83318807,0,0
33.21000000,66.22877222,65.89395521,65.71236171,65.82923208,0,0
33.22000000,66.18701106,65.96747847,65.73060863,65.83575034,0,0
33.23000000,66.13741913,66.02080500,65.72248659,65.83845481,0,0
33.24000000,66.18802158,66.00701802,65.76046910,65.85725958,0,0
33.25000000,66.24850362,65.96602288,65.75572809,65.90030567,0,0
33.26000000,66.28188559,65.97131385,65.74999552,65.91611093,0,0
33.27000000,66.25655755,66.00943699,65.76647017,65.91468227,0,0
33.28000000,66.21112308,66.02920930,65.81619448,65.89819696,0,0
33.29000000,66.24390961,66.02833055,65.82412615,65.86392781,0,0
33.30000000,66.28469614,66.01606949,65.83838946,65.92130225,0,0
33.31000000,66.31306741,66.01582945,65.87478042,65.94710445,0,0
33.32000000,66.26850299,66.04000179,65.83810510,66.06472773,0,0
33.33000000,66.29492253,66.07070434,65.86599654,66.11376800,0,0
33.34000000,66.33794133,66.14621780,65.90053515,66.06696079,0,0
33.35000000,66.39103685,66.15474436,65.94047475,66.07179668,0,0
33.36000000,66.39655529,66.07768014,65.95317009,66.06257161,0,0
33.37000000,66.35060291,66.08693443,65.96360580,66.02311338,0,0
33.38000000,66.36180438,66.13244910,65.93562370,66.08988569,0,0
33.39000000,66.41386922,66.19591156,65.94572933,66.08800915,0,0
33.40000000,66.39660076,66.17445666,65.94420821,66.06880603,0,0
33.41000000,66.37853341,66.12340225,65.99184831,66.07990101,0,0
33.42000000,66.40673164,66.15899310,65.98043059,66.10350630,0,0
33.43000000,66.47101596,66.19055975,65.96104137,66.12227654,0,0
33.44000000,66.48347276,66.26382471,65.96803208,66.12329981,0,0
33.45000000,66.49369547,66.21758883,65.98317517,66.11048520,0,0
33.46000000,66.48132594,66.22913325,66.01167730,66.12133228,0,0
33.47000000,66.47618261,66.23803868,65.97928537,66.11906125,0,0
33.48000000,66.46937385,66.28741321,66.00216436,66.12803440,0,0
33.49000000,66.48924441,66.27099263,66.04731077,66.18818926,0,0
33.50000000,66.52321294,66.27047593,66.06440052,66.18930819,0,0
33.51000000,66.54636358,66.21995902,66.09444910,66.17702801,0,0
33.52000000,66.53995877,66.22859238,66.08942710,66.21181497,0,0
33.53000000,66.53096791,66.28581596,66.07902254,66.22429349,0,0
33.54000000,66.51948738,66.33058457,66.12712857,66.27403656,0,0
33.55000000,66.57880174,66.34273227,66.15662651,66.24708040,0,0
33.56000000,66.59376459,66.31582337,66.10423750,66.24853877,0,0
33.57000000,66.60910282,66.34655293,66.10740212,66.27278451,0,0
33.58000000,66.60799057,66.36049470,66.09795299,66.23181916,0,0
33.59000000,66.59919646,66.38973937,66.14982409,66.28175550,0,0
33.60000000,66.63844441,66.38757187,66.20721508,66.24402428,0,0
33.61000000,66.63801300,66.39008662,66.16274607,66.27274616,0,0
33.62000000,66.69503915,66.38193806,66.13727959,66.32073900,0,0
33.63000000,66.64904577,66.42062787,66.12834268,66.35327436,0,0
33.64000000,66.67179148,66.48371243,66.19778627,66.37374505,0,0
33.65000000,66.65805487,66.46399123,66.24165992,66.38158537,0,0
33.66000000,66.67548926,66.44777834,66.27200846,66.36431967,0,0
33.67000000,66.69811431,66.44997739,66.23834067,66.36725029,0,0
33.68000000,66.77079610,66.44507911,66.24916328,66.36293633,0,0
33.69000000,66.77156914,66.47349782,66.25641029,66.36693857,0,0
33.70000000,66.74932759,66.48901030,66.28835559,66.37888449,0,0
33.71000000,66.71209427,66.49673880,66.28255468,66.39137166,0,0
33.72000000,66.73293787,66.53141609,66.28757218,66.42381514,0,0
33.73000000,66.78891526,66.53347956,66.24393018,66.43351516,0,0
33.74000000,66.77407381,66.48276256,66.30417922,66.42271858,0,0
33.75000000,66.78827788,66.51225290,66.30706422,66.41124916,0,0
33.76000000,66.77125163,66.56318300,66.32548424,66.40034008,0,0
33.77000000,66.82027010,66.55923852,66.33390849,66.40771823,0,0
33.78000000,66.75960394,66.54101604,66.33826872,66.40950047,0,0
33.79000000,66.73371425,66.48977480,66.29642245,66.47084081,0,0
33.80000000,66.79895395,66.58348114,66.31608741,66.50954915,0,0
33.81000000,66.85723809,66.63476836,66.26645131,66.52139751,0,0
33.82000000,66.86461578,66.62393276,66.32001515,66.56885923,0,0
33.83000000,66.81333487,66.55408415,66.43750712,66.54405147,0,0
33.84000000,66.83208355,66.54648359,66.44101561,66.54023606,0,0
33.85000000,66.86777492,66.63877146,66.43200377,66.57228861,0,0
33.86000000,66.89435235,66.68316089,66.39875462,66.58082748,0,0
33.87000000,66.87576317,66.65986390,66.40507245,66.57975284,0,0
33.88000000,66.92223481,66.67140385,66.46089440,66.61274390,0,0
33.89000000,66.94758604,66.67118021,66.48712016,66.61182822,0,0
33.90000000,66.92134184,66.66162442,66.50823825,66.64268964,0,0
33.91000000,66.86295431,66.64325657,66.50651921,66.63191157,0,0
33.92000000,66.87534740,66.63556324,66.53036379,66.61143663,0,0
33.93000000,66.92993120,66.67802285,66.53069915,66.58673935,0,0
33.94000000,67.02069925,66.74829783,66.49385511,66.58130316,0,0
33.95000000,66.97854103,66.76686564,66.49527965,66.63528507,0,0
33.96000000,66.95060104,66.70943075,66.52134996,66.65161716,0,0
33.97000000,66.93871326,66.69529137,66.53466419,66.67751111,0,0
33.98000000,67.04372805,66.71802822,66.52448612,66.63365150,0,0
33.99000000,67.06707885,66.75567182,66.54743803,66.64867525,0,0
34.00000000,67.02053343,66.70970508,66.50025215,66.68114426,0,0
34.01000000,66.94725081,66.72315548,66.53598361,66.67606437,0,0
34.02000000,66.97882943,66.75675153,66.63037220,66.73433269,0,0
34.03000000,67.03066653,66.77502636,66.70183884,66.78934377,0,0
34.04000000,67.02194888,66.78784266,66.68631912,66.79372931,0,0
34.05000000,67.03012455,66.74532110,66.64450324,66.80220926,0,0
34.06000000,67.05405193,66.80462273,66.62170174,66.77428151,0,0
34.07000000,67.09206870,66.81674596,66.62092232,66.75583129,0,0
34.08000000,67.08320981,66.83467891,66.65293952,66.75497717,0,0
34.09000000,67.09120357,66.88437868,66.66500741,66.78223612,0,0
34.10000000,67.08693647,66.88800796,66.65212283,66.82281931,0,0
34.11000000,67.12928865,66.87870246,66.63918707,66.84099804,0,0
34.12000000,67.10383160,66.85745871,66.65388455,66.83421696,0,0
34.13000000,67.11518039,66.89128373,66.68077313,66.86497195,0,0
34.14000000,67.15976417,66.93303841,66.71696558,66.88351769,0,0
34.15000000,67.19008300,66.95516760,66.73371722,66.83384484,0,0
34.16000000,67.17737971,66.94743375,66.69095269,66.84675312,0,0
34.17000000,67.15390444,66.91995620,66.74136874,66.84942336,0,0
34.18000000,67.23377914,66.90857490,66.69866833,66.89884697,0,0
34.19000000,67.28088238,67.04691512,66.72279620,66.86839709,0,0
34.20000000,67.28123917,67.00663148,66.72698850,66.85338955,0,0
34.21000000,67.13286720,67.01084260,66.74312774,66.84633357,0,0
34.22000000,67.14314141,66.97938927,66.74073127,66.81723456,0,0
34.23000000,67.27581285,67.06725640,66.73049760,66.84532900,0,0
34.24000000,67.36765710,67.07406805,66.79579048,66.91410540,0,0
34.25000000,67.30657654,67.02013507,66.79154217,66.91681757,0,0
34.26000000,67.27427223,67.01016540,66.80529926,66.93914372,0,0
34.27000000,67.29312440,67.04545829,66.78751802,66.95531372,0,0
34.28000000,67.33911074,67.10162555,66.79151365,66.98239476,0,0
34.29000000,67.37907656,67.10056853,66.81417757,66.98808983,0,0
34.30000000,67.31456096,67.09710091,66.81940439,66.97066337,0,0
34.31000000,67.32033645,67.13406281,66.81572907,67.00195824,0,0
34.32000000,67.34883563,67.13027692,66.84664287,66.98969783,0,0
34.33000000,67.37529742,67.12547381,66.91113875,66.95848735,0,0
34.34000000,67.38052132,67.09656981,66.96543904,67.02707532,0,0
34.35000000,67.39642841,67.13386476,66.91240544,67.00522577,0,0
34.36000000,67.42988555,67.17048438,66.84120835,67.01074301,0,0
34.37000000,67.43266850,67.21496781,66.85933074,67.06370290,0,0
34.38000000,67.42093075,67.18541132,66.88605306,67.09786796,0,0
34.39000000,67.36451086,67.12822784,66.99029629,67.11897920,0,0
34.40000000,67.40432115,67.16370600,66.94226224,67.12425856,0,0
34.41000000,67.41195124,67.16813645,66.89655781,67.06035705,0,0
34.42000000,67.47608483,67.16546837,66.91442065,67.09061351,0,0
34.43000000,67.42328154,67.17485115,66.95167867,67.04025372,0,0
34.44000000,67.46227036,67.17066933,67.01237228,67.12920240,0,0
34.45000000,67.48263293,67.22823148,67.04622186,67.13915540,0,0
34.46000000,67.50600212,67.24175140,67.04081060,67.22216210,0,0
34.47000000,67.48110872,67.24199138,67.03458234,67.20946889,0,0
34.48000000,67.43171152,67.20746787,67.04950901,67.18682355,0,0
34.49000000,67.44373569,67.22356930,67.09318255,67.19674100,0,0
34.50000000,67.52745197,67.24495098,67.11370543,67.19705041,0,0
34.51000000,67.55339018,67.24705321,67.10862706,67.20201758,0,0
34.52000000,67.54221035,67.22821611,67.13791384,67.23147304,0,0
34.53000000,67.51526446,67.23385804,67.13663376,67.24255565,0,0
34.54000000,67.52960902,67.28841756,67.12868418,67.23823011,0,0
34.55000000,67.57112675,67.32763390,67.11263877,67.30600354,0,0
34.56000000,67.58597214,67.33202714,67.09239463,67.29635340,0,0
34.57000000,67.55850519,67.30324780,67.12803487,67.30835567,0,0
34.58000000,67.53778979,67.27028076,67.14635483,67.27539896,0,0
34.59000000,67.58504770,67.36272925,67.16880799,67.26051568,0,0
34.60000000,67.59012758,67.36655840,67.19711970,67.27577931,0,0
34.61000000,67.64225774,67.39102155,67.18165476,67.27011922,0,0
34.62000000,67.61833097,67.35670119,67.18276791,67.28430037,0,0
34.63000000,67.62143727,67.35175655,67.09967293,67.28888349,0,0
34.64000000,67.62360325,67.40066867,67.12363550,67.30463015,0,0
34.65000000,67.61174632,67.40449390,67.13088207,67.31705448,0,0
34.66000000,67.65966440,67.38524939,67.17395254,67.30481598,0,0
34.67000000,67.65236283,67.35906730,67.19053996,67.29422309,0,0
34.68000000,67.65579302,67.42531636,67.20983200,67.30202370,0,0
34.69000000,67.62965743,67.50295198,67.20880905,67.33452202,0,0
34.70000000,67.69754642,67.50078682,67.24854738,67.33950469,0,0
34.71000000,67.74006298,67.45125913,67.25982985,67.36632468,0,0
34.72000000,67.75262626,67.42348075,67.24753729,67.37899161,0,0
34.73000000,67.69863729,67.44499002,67.24727594,67.39002382,0,0
34.74000000,67.68913981,67.49111761,67.24319120,67.44076566,0,0
34.75000000,67.72006116,67.53879518,67.27010086,67.43595387,0,0
34.76000000,67.72837465,67.50749334,67.33596166,67.41425544,0,0
34.77000000,67.76109080,67.50033072,67.28998349,67.44563194,0,0
34.78000000,67.75588939,67.50631517,67.27269887,67.42819702,0,0
34.79000000,67.71967657,67.58254118,67.25397145,67.48072472,0,0
34.80000000,67.78384197,67.53570228,67.30612136,67.43460566,0,0
34.81000000,67.79607812,67.51431952,67.33665654,67.42395941,0,0
34.82000000,67.81268569,67.48368790,67.30541392,67.36241046,0,0
34.83000000,67.78687528,67.53573633,67.25541216,67.42374920,0,0
34.84000000,67.75439234,67.58600075,67.24073696,67.52650772,0,0
34.85000000,67.77330724,67.54042243,67.35269430,67.50569245,0,0
34.86000000,67.76849470,67.52935533,67.40435432,67.49284399,0,0
34.87000000,67.82029899,67.54519296,67.40129162,67.49739714,0,0
34.88000000,67.81460423,67.58609987,67.36231065,67.49068607,0,0
34.89000000,67.83550254,67.62754392,67.35451313,67.48088301,0,0
34.90000000,67.83266711,67.57307502,67.40892732,67.50793703,0,0
34.91000000,67.87472758,67.55478016,67.44308203,67.52555945,0,0
34.92000000,67.88364779,67.57097126,67.45549835,67.55552365,0,0
34.93000000,67.87692975,67.59086777,67.40130462,67.60161976,0,0
34.94000000,67.86990276,67.63386426,67.39568338,67.60378081,0,0
34.95000000,67.86754319,67.60468593,67.46510500,67.58245783,0,0
34.96000000,67.89138943,67.60228302,67.49651919,67.61249674,0,0
34.97000000,67.94310191,67.65986267,67.52016415,67.59764929,0,0
34.98000000,67.94483745,67.68790922,67.45462248,67.59093431,0,0
34.99000000,67.96899269,67.72754891,67.51179568,67.64125160,0,0
35.00000000,67.97116932,67.77063222,67.52975228,67.58533191,0,0
35.01000000,67.99326862,67.72285523,67.51879393,67.63925854,0,0
35.02000000,68.01577888,67.73222996,67.49700551,67.64263238,0,0
35.03000000,67.97408331,67.68819074,67.48748485,67.64344006,0,0
35.04000000,67.99168462,67.79529639,67.48738021,67.67107123,0,0
35.05000000,68.02150938,67.79856862,67.47344301,67.64918427,0,0
35.06000000,68.04003340,67.76000140,67.49341451,67.62638336,0,0
35.07000000,68.03186931,67.72883329,67.49279220,67.64688707,0,0
35.08000000,68.01297719,67.72645058,67.49139684,67.62401777,0,0
35.09000000,68.02774735,67.76933022,67.54476395,67.63445757,0,0
35.10000000,68.05304267,67.81313935,67.53537510,67.63721010,0,0
35.11000000,68.04170327,67.76149487,67.52220731,67.61780331,0,0
35.12000000,68.01243243,67.73264503,67.54928600,67.66397962,0,0
35.13000000,68.00540601,67.73117966,67.55976463,67.65807575,0,0
35.14000000,68.00096866,67.77869884,67.59178338,67.69589983,0,0
35.15000000,68.01515894,67.78185423,67.58500049,67.71240560,0,0
35.16000000,68.02897208,67.75126992,67.57265850,67.67574342,0,0
35.17000000,68.03985161,67.74051428,67.57450487,67.68410484,0,0
35.18000000,68.06824991,67.77183342,67.60123023,67.72857307,0,0
35.19000000,68.05091676,67.80521919,67.65293085,67.81344435,0,0
35.20000000,68.06489837,67.79887185,67.66239673,67.79926805,0,0
35.21000000,68.05020987,67.73512231,67.65134375,67.82602845,0,0
35.22000000,68.04312952,67.80194150,67.65288241,67.79791333,0,0
35.23000000,68.05719304,67.84144465,67.65071987,67.77126356,0,0
35.24000000,68.06455035,67.84494488,67.66409409,67.83227659,0,0
35.25000000,68.10150270,67.81834451,67.68458452,67.79412205,0,0
35.26000000,68.12351491,67.79734518,67.71043946,67.80862784,0,0
35.27000000,68.12661363,67.82867521,67.70857256,67.82103622,0,0
35.28000000,68.10208251,67.83906987,67.70494692,67.80402861,0,0
35.29000000,68.08050279,67.85926570,67.69287492,67.82511400,0,0
35.30000000,68.10371545,67.84106467,67.70219421,67.82947675,0,0
35.31000000,68.10907566,67.89003147,67.71128953,67.82182923,0,0
35.32000000,68.12654271,67.87418186,67.70265699,67.83305646,0,0
35.33000000,68.11842384,67.85672072,67.68382351,67.82558266,0,0
35.34000000,68.12360796,67.84230803,67.69409659,67.82577122,0,0
35.35000000,68.14952070,67.85246240,67.70727135,67.80747465,0,0
35.36000000,68.20130530,67.87058570,67.70619733,67.81794153,0,0
35.37000000,68.15321608,67.90899124,67.70414136,67.85721941,0,0
35.38000000,68.18386328,67.91340481,67.69844986,67.88924614,0,0
35.39000000,68.10935981,67.86424704,67.71273717,67.89191838,0,0
35.40000000,68.15974348,67.87768612,67.76129789,67.87604061,0,0
35.41000000,68.13665718,67.86700723,67.76736306,67.88650424,0,0
35.42000000,68.24111534,67.90178126,67.79904486,67.86806026,0,0
35.43000000,68.23806441,67.90345056,67.76020853,67.82441496,0,0
35.44000000,68.21470601,67.96520383,67.76618724,67.89895121,0,0
35.45000000,68.19717906,67.90273513,67.79778921,67.88759044,0,0
35.46000000,68.22820523,67.91329778,67.78721496,67.91936628,0,0
35.47000000,68.23306763,67.97882096,67.77405921,67.94207292,0,0
35.48000000,68.23857615,67.99505369,67.74324226,67.92561699,0,0
35.49000000,68.21730613,67.99631393,67.73385467,67.90173930,0,0
35.50000000,68.25573339,67.99695396,67.76902145,67.90563527,0,0
35.51000000,68.25807811,67.99651702,67.78663803,67.89283872,0,0
35.52000000,68.24479355,68.03036852,67.77177841,67.91551848,0,0
35.53000000,68.29115240,68.00085206,67.76963106,67.92012856,0,0
35.54000000,68.30208990,67.98282791,67.74966948,67.91607932,0,0
35.55000000,68.29829049,67.93493716,67.76577696,67.87962225,0,0
35.56000000,68.23255181,67.96821866,67.79428437,67.93101619,0,0
35.57000000,68.26559341,68.00465300,67.81043465,67.92638071,0,0
35.58000000,68.26248363,68.07478098,67.83536953,67.91464492,0,0
35.59000000,68.27856243,68.05932674,67.79183323,67.94656134,0,0
35.60000000,68.24918690,67.97822435,67.83454622,67.85483457,0,0
35.61000000,68.26443242,67.95038347,67.80265170,67.90159201,0,0
35.62000000,68.29311539,67.98521097,67.81602437,67.92499836,0,0
35.63000000,68.31191688,68.04681473,67.83685521,67.92953824,0,0
35.64000000,68.28541662,68.01069072,67.84331942,67.97023659,0,0
35.65000000,68.22728355,68.00686692,67.83186415,67.96034195,0,0
35.66000000,68.27338446,68.04377693,67.82622196,68.02568510,0,0
35.67000000,68.28325686,68.02227055,67.82854700,68.09580297,0,0
35.68000000,68.29027569,68.03639691,67.92066488,68.07122382,0,0
35.69000000,68.27265661,68.01711878,67.89484272,68.05506665,0,0
35.70000000,68.33011955,68.02496648,67.85582460,68.01361207,0,0
35.71000000,68.33654562,68.04386265,67.85361881,68.00156770,0,0
35.72000000,68.32546281,68.06243846,67.88770537,68.01941892,0,0
35.73000000,68.33948214,68.07263051,67.91473862,68.05574138,0,0
35.74000000,68.36066150,68.06116047,67.90928892,68.06764917,0,0
35.75000000,68.33801062,68.06144391,67.89561298,68.02577321,0,0
35.76000000,68.33804795,68.04589148,67.90394045,68.03555938,0,0
35.77000000,68.31350509,68.08447019,67.93015843,68.03179489,0,0
35.78000000,68.30648948,68.06486353,67.91391240,67.99928398,0,0
35.79000000,68.35542430,68.11685275,67.88964289,68.00882245,0,0
35.80000000,68.30393165,68.05599825,67.89445681,68.00938926,0,0
35.81000000,68.39275228,68.04657438,67.88844034,68.04033847,0,0
35.82000000,68.31833322,68.06918518,67.90966825,68.04383238,0,0
35.83000000,68.43500479,68.12595086,67.93228290,68.08839644,0,0
35.84000000,68.32623803,68.11822029,67.90818780,68.07745417,0,0
35.85000000,68.39601286,68.09788466,67.93280874,68.08059940,0,0
35.86000000,68.32795604,68.07578222,67.90564586,68.07009794,0,0
35.87000000,68.37483097,68.10662833,67.93514505,68.08923699,0,0
35.88000000,68.39213911,68.12159146,67.94322650,68.10542452,0,0
35.89000000,68.41640351,68.12629644,67.95847116,68.10722936,0,0
35.90000000,68.39226191,68.09159357,67.93385159,68.09478281,0,0
35.91000000,68.39556531,68.10876099,67.98974005,68.09919567,0,0
35.92000000,68.41529770,68.14204417,67.98478693,68.11567832,0,0
35.93000000,68.42150739,68.16029996,67.96729823,68.10133353,0,0
35.94000000,68.34410095,68.14875857,67.96375117,68.13558875,0,0
35.95000000,68.41112958,68.15902591,67.98301267,68.09960699,0,0
35.96000000,68.44317459,68.20173172,67.96092088,68.11250790,0,0
35.97000000,68.51411660,68.17287848,67.97127803,68.11428410,0,0
35.98000000,68.42543448,68.17531150,67.94289202,68.10346051,0,0
35.99000000,68.42355202,68.14613246,67.97510094,68.13225260,0,0
36.00000000,68.44714491,68.17724029,67.98978593,68.13338190,0,0
36.01000000,68.48310262,68.22294026,67.97780131,68.13958686,0,0
36.02000000,68.48545462,68.17026126,67.99009995,68.16413352,0,0
36.03000000,68.41037104,68.18280977,68.00099463,68.09931743,0,0
36.04000000,68.44425151,68.18519110,68.03706157,68.17266608,0,0
36.05000000,68.45489208,68.23442817,68.01058415,68.10804797,0,0
36.06000000,68.48679232,68.16842526,68.01598143,68.12717151,0,0
36.07000000,68.47813774,68.16996398,68.02030678,68.12028052,0,0
36.08000000,68.44978362,68.18515369,68.00464174,68.15157230,0,0
36.09000000,68.44718290,68.24721501,67.97848559,68.14942918,0,0
36.10000000,68.46697708,68.20943307,68.03683936,68.16553323,0,0
36.11000000,68.52939823,68.19902232,68.05482260,68.20530293,0,0
36.12000000,68.51944935,68.21900889,68.05089442,68.17848719,0,0
36.13000000,68.48944768,68.29005159,68.04720895,68.22227718,0,0
36.14000000,68.44949077,68.29249933,68.06588598,68.21428031,0,0
36.15000000,68.51531541,68.24343936,68.05702343,68.21120159,0,0
36.16000000,68.55662807,68.20111509,68.05906108,68.20509559,0,0
36.17000000,68.59784847,68.25445712,68.05950882,68.22102024,0,0
36.18000000,68.54506082,68.27407552,68.07505822,68.23058044,0,0
36.19000000,68.50252932,68.30480088,68.12024872,68.24635816,0,0
36.20000000,68.57333533,68.30516627,68.09771654,68.22641528,0,0
36.21000000,68.55977401,68.24316543,68.12501626,68.22924495,0,0
36.22000000,68.47098470,68.30279854,68.10747511,68.22459234,0,0
36.23000000,68.56647548,68.27483227,68.00997912,68.23403899,0,0
36.24000000,68.55217364,68.33691495,68.02510694,68.20157941,0,0
36.25000000,68.67835613,68.25220825,68.05059064,68.17842667,0,0
36.26000000,68.56388940,68.26676484,68.14117109,68.18125608,0,0
36.27000000,68.56787101,68.30540384,68.09458971,68.25691119,0,0
36.28000000,68.56890930,68.31743852,68.11202017,68.27429772,0,0
36.29000000,68.56455661,68.29111141,68.07296453,68.29570189,0,0
36.30000000,68.55195405,68.24681681,68.12729717,68.23910593,0,0
36.31000000,68.56297694,68.23603053,68.14413297,68.22570590,0,0
36.32000000,68.58760642,68.28796348,68.17925149,68.26353129,0,0
36.33000000,68.58947463,68.33487580,68.16565811,68.24662838,0,0
36.34000000,68.59652524,68.35211008,68.15807715,68.27300389,0,0
36.35000000,68.61022874,68.29892523,68.19354082,68.28386997,0,0
36.36000000,68.59796537,68.29114003,68.12292359,68.30099119,0,0
36.37000000,68.61662676,68.27208074,68.14913164,68.31008636,0,0
36.38000000,68.58520161,68.28482731,68.17733493,68.32450886,0,0
36.39000000,68.53426383,68.29570454,68.20345882,68.32021881,0,0
36.40000000,68.52397798,68.34991926,68.22272364,68.33983140,0,0
36.41000000,68.59146525,68.36958225,68.24182860,68.32983119,0,0
36.42000000,68.61522433,68.34045782,68.21482414,68.40883535,0,0
36.43000000,68.65572311,68.35489607,68.18228033,68.33581641,0,0
36.44000000,68.63092634,68.31529482,68.17090344,68.40554757,0,0
36.45000000,68.65183367,68.37094460,68.16081555,68.36592071,0,0
36.46000000,68.67543660,68.32143490,68.20491266,68.30945196,0,0
36.47000000,68.70475062,68.38675928,68.17220236,68.34623655,0,0
36.48000000,68.69497516,68.34160499,68.19729152,68.30320181,0,0
36.49000000,68.60462419,68.40118533,68.20595516,68.33767581,0,0
36.50000000,68.59901202,68.38765995,68.24598405,68.34018033,0,0
36.51000000,68.65934619,68.38221125,68.23952814,68.33409677,0,0
36.52000000,68.72860495,68.39350652,68.25417871,68.31431670,0,0
36.53000000,68.72340268,68.35095869,68.21913578,68.26706954,0,0
36.54000000,68.63776259,68.35216688,68.23547203,68.28440383,0,0
36.55000000,68.66315522,68.39743666,68.24195436,68.33956694,0,0
36.56000000,68.77229116,68.45167984,68.23812437,68.36925919,0,0
36.57000000,68.77474937,68.46244015,68.22653612,68.40834252,0,0
36.58000000,68.69998295,68.37366665,68.21524142,68.36945376,0,0
36.59000000,68.63062611,68.38592669,68.17524641,68.38451289,0,0
36.60000000,68.68294820,68.45142539,68.20980034,68.36176068,0,0
36.61000000,68.75648339,68.45119324,68.24728796,68.36940984,0,0
36.62000000,68.74275485,68.43746504,68.26312943,68.37659398,0,0
36.63000000,68.67902401,68.33770652,68.25998572,68.33922066,0,0
36.64000000,68.68364213,68.39570751,68.23347549,68.45765349,0,0
36.65000000,68.69522127,68.46017192,68.23902691,68.39302577,0,0
36.66000000,68.68413591,68.48858779,68.29134308,68.42048788,0,0
36.67000000,68.65242318,68.47231624,68.26912775,68.40088846,0,0
36.68000000,68.69802709,68.41447934,68.22806489,68.37339145,0,0
36.69000000,68.76047078,68.43697753,68.19364731,68.35689175,0,0
36.70000000,68.74314317,68.45583040,68.23412701,68.37967855,0,0
36.71000000,68.70860892,68.43548327,68.30457851,68.36667532,0,0
36.72000000,68.66702149,68.40849677,68.29309344,68.36961587,0,0
36.73000000,68.67559672,68.42101311,68.30465281,68.38929256,0,0
36.74000000,68.69279338,68.44312780,68.29938876,68.43268692,0,0
36.75000000,68.73705388,68.43305212,68.32344892,68.44550738,0,0
36.76000000,68.73327391,68.42121413,68.36958171,68.44926462,0,0
36.77000000,68.72517913,68.41803452,68.36549650,68.41420730,0,0
36.78000000,68.74367457,68.46293540,68.37773367,68.40552904,0,0
36.79000000,68.78952007,68.48946227,68.31864505,68.41675970,0,0
36.80000000,68.77845784,68.44719542,68.30485993,68.46037734,0,0
36.81000000,68.79057240,68.44246953,68.28499586,68.46715534,0,0
36.82000000,68.76727907,68.45166053,68.32549277,68.46197921,0,0
36.83000000,68.76946208,68.50144001,68.34582483,68.47979607,0,0
36.84000000,68.70655492,68.50877923,68.33485093,68.46989508,0,0
36.85000000,68.76622725,68.52486605,68.37426688,68.48751557,0,0
36.86000000,68.83409753,68.47508272,68.37998770,68.48407868,0,0
36.87000000,68.84460843,68.46139981,68.32427493,68.47321849,0,0
36.88000000,68.84988586,68.50386555,68.27940728,68.47318780,0,0
36.89000000,68.78326889,68.52356992,68.25279251,68.46393612,0,0
36.90000000,68.78103559,68.52715181,68.30169572,68.43410222,0,0
36.91000000,68.79742523,68.54199441,68.31878337,68.43045464,0,0
36.92000000,68.85560714,68.54674201,68.29385612,68.43975819,0,0
36.93000000,68.87037299,68.49454527,68.33093130,68.47417000,0,0
36.94000000,68.84835328,68.55075988,68.40024464,68.47739200,0,0
36.95000000,68.79594425,68.55321562,68.41383711,68.47059904,0,0
36.96000000,68.75738596,68.55428818,68.41640826,68.46672521,0,0
36.97000000,68.81034544,68.52527996,68.38091937,68.49304640,0,0
36.98000000,68.89260445,68.53740329,68.31775576,68.51318063,0,0
36.99000000,68.88108228,68.55452877,68.30655111,68.53960996,0,0
37.00000000,68.87281075,68.57728959,68.36808172,68.54122091,0,0
37.01000000,68.83004481,68.58733822,68.41300875,68.52176114,0,0
37.02000000,68.84516766,68.57180778,68.43620817,68.53683379,0,0
37.03000000,68.84288022,68.59296124,68.41919509,68.52253661,0,0
37.04000000,68.85187378,68.57024149,68.35547479,68.53550725,0,0
37.05000000,68.86218369,68.62427368,68.38054033,68.52383123,0,0
37.06000000,68.90534469,68.58682850,68.38179978,68.56258452,0,0
37.07000000,68.89217127,68.57654542,68.44109056,68.56539934,0,0
37.08000000,68.92001062,68.58126236,68.52882430,68.55994957,0,0
37.09000000,68.89981863,68.57660392,68.50096023,68.62769793,0,0
37.10000000,68.86521524,68.61937756,68.44913102,68.60625332,0,0
37.11000000,68.84065439,68.61697376,68.42330661,68.58088627,0,0
37.12000000,68.86649470,68.63451742,68.43455523,68.55009813,0,0
37.13000000,68.92558105,68.63644704,68.45419240,68.54815838,0,0
37.14000000,68.89979648,68.62993028,68.43225606,68.54183880,0,0
37.15000000,68.87382417,68.63604310,68.41224500,68.55033855,0,0
37.16000000,68.87390043,68.60512449,68.41190727,68.54044231,0,0
37.17000000,68.91836422,68.63194418,68.40961091,68.57871187,0,0
37.18000000,68.97409772,68.63728309,68.42859859,68.59761631,0,0
37.19000000,68.93200102,68.65715125,68.41525579,68.62426056,0,0
37.20000000,68.85799734,68.61675829,68.45438607,68.64169246,0,0
37.21000000,68.85903389,68.64578958,68.48125808,68.64552985,0,0
37.22000000,68.91025958,68.65946759,68.52825278,68.66197109,0,0
37.23000000,68.96923272,68.68350596,68.55249100,68.62484942,0,0
37.24000000,68.96535221,68.65845302,68.45593010,68.60500994,0,0
37.25000000,68.91726472,68.65156196,68.44924009,68.58506754,0,0
37.26000000,68.88330510,68.62713332,68.47275625,68.58543213,0,0
37.27000000,68.91602872,68.63131662,68.52315830,68.62466471,0,0
37.28000000,68.92858432,68.66922549,68.52968273,68.65000965,0,0
37.29000000,68.93828029,68.68231318,68.47735440,68.66595378,0,0
37.30000000,68.94370441,68.66107790,68.47690765,68.65654730,0,0
37.31000000,68.94678944,68.67763644,68.49002180,68.63274329,0,0
37.32000000,68.94589304,68.62904979,68.52044918,68.65191943,0,0
37.33000000,68.97069747,68.64243974,68.55093726,68.64896204,0,0
37.34000000,68.98624094,68.63726848,68.51256255,68.66025429,0,0
37.35000000,68.96153709,68.70113213,68.50451283,68.64911955,0,0
37.36000000,68.95336431,68.67519939,68.50862028,68.67281429,0,0
37.37000000,68.95631764,68.68665970,68.52113872,68.67833350,0,0
37.38000000,68.95227604,68.66881691,68.56431541,68.68563051,0,0
37.39000000,68.97479791,68.70121285,68.56257125,68.66823440,0,0
37.40000000,68.99528470,68.70618881,68.56163108,68.65347059,0,0
37.41000000,68.92335626,68.69631643,68.53098010,68.65813219,0,0
37.42000000,68.96166646,68.68128751,68.49002630,68.60842819,0,0
37.43000000,69.01942372,68.67242722,68.52177631,68.70364727,0,0
37.44000000,69.05685114,68.73219532,68.56215499,68.69560449,0,0
37.45000000,69.02114713,68.73622515,68.52501534,68.73168473,0,0
37.46000000,68.98779669,68.75993991,68.52097367,68.70362687,0,0
37.47000000,69.02894827,68.69277151,68.50721933,68.70508342,0,0
37.48000000,68.99503255,68.71387284,68.57480646,68.68836461,0,0
37.49000000,69.02608325,68.73169229,68.60017774,68.70413977,0,0
37.50000000,69.02388205,68.75841826,68.59999455,68.72136606,0,0
37.51000000,68.98934026,68.78344202,68.59416530,68.66211139,0,0
37.52000000,69.01928691,68.77679174,68.59011755,68.68914907,0,0
37.53000000,69.06319718,68.75748984,68.62575342,68.68644919,0,0
37.54000000,69.10613948,68.76076161,68.63183840,68.73186099,0,0
37.55000000,69.10550650,68.77221930,68.60720767,68.76289361,0,0
37.56000000,69.07942926,68.81075444,68.55330044,68.74551556,0,0
37.57000000,69.02535193,68.76529554,68.58580456,68.70906562,0,0
37.58000000,69.03948127,68.75758315,68.60676853,68.70877164,0,0
37.59000000,69.06824255,68.76843658,68.61751437,68.73147454,0,0
37.60000000,69.10671208,68.79803164,68.60070265,68.76322925,0,0
37.61000000,69.08702113,68.76704783,68.64832746,68.78851325,0,0
37.62000000,69.21382818,68.79285742,68.65644252,68.75429094,0,0
37.63000000,69.12081607,68.75415209,68.68394743,68.73568739,0,0
37.64000000,69.14777640,68.86686065,68.68455430,68.73651894,0,0
37.65000000,69.02026827,68.81402071,68.59699229,68.73520896,0,0
37.66000000,68.98451971,68.84746202,68.60932786,68.73269868,0,0
37.67000000,69.05076268,68.77727391,68.60821479,68.71749608,0,0
37.68000000,69.07069754,68.79578780,68.61060388,68.70516679,0,0
37.69000000,69.17352187,68.80088802,68.62406788,68.77350234,0,0
37.70000000,69.10522235,68.81910708,68.62685502,68.78316328,0,0
37.71000000,69.06094621,68.78608294,68.65682951,68.81159149,0,0
37.72000000,69.02041250,68.78494734,68.64458730,68.82355498,0,0
37.73000000,69.05299806,68.82406503,68.60920745,68.86830025,0,0
37.74000000,69.09069193,68.84361334,68.56448811,68.84908761,0,0
37.75000000,69.07620108,68.85914810,68.57114525,68.82764445,0,0
37.76000000,69.08347095,68.80381953,68.67480039,68.80367905,0,0
37.77000000,69.10886416,68.82676591,68.75817689,68.78463835,0,0
37.78000000,69.12042767,68.81083713,68.74514364,68.79961060,0,0
37.79000000,69.06978179,68.85099015,68.74175960,68.83797608,0,0
37.80000000,69.05855778,68.82801859,68.68743242,68.83466410,0,0
37.81000000,69.07781757,68.85920255,68.69245847,68.86600204,0,0
37.82000000,69.14621484,68.85248634,68.71103422,68.89429472,0,0
37.83000000,69.08221806,68.81589931,68.73362961,68.84880663,0,0
37.84000000,69.15505883,68.81647857,68.76272530,68.87818381,0,0
37.85000000,69.09624462,68.88316639,68.78358952,68.87747761,0,0
37.86000000,69.17553053,68.96521606,68.71402368,68.80814583,0,0
37.87000000,69.12339980,68.94291702,68.65330005,68.80711462,0,0
37.88000000,69.19249351,68.85067092,68.68041277,68.83645585,0,0
37.89000000,69.16244142,68.79548899,68.68162144,68.85931739,0,0
37.90000000,69.17647418,68.81772915,68.68233339,68.87263352,0,0
37.91000000,69.14193198,68.93592000,68.71941731,68.83593774,0,0
37.92000000,69.14541952,68.97376118,68.72776447,68.86234485,0,0
37.93000000,69.16613165,68.96598388,68.69883430,68.82979765,0,0
37.94000000,69.21028241,68.86745637,68.71105455,68.88294072,0,0
37.95000000,69.21016187,68.86928463,68.73132166,68.90282889,0,0
37.96000000,69.21546762,68.91724205,68.70655921,68.85726758,0,0
37.97000000,69.21962542,69.00522454,68.68028374,68.85356865,0,0
37.98000000,69.22350978,68.98623180,68.71519036,68.79721956,0,0
37.99000000,69.20927147,68.90564178,68.71050310,68.82213059,0,0
38.00000000,69.19852134,68.85122859,68.71957840,68.90377673,0,0
38.01000000,69.18624081,68.88256457,68.69731666,68.97463243,0,0
38.02000000,69.20134889,68.90112019,68.79329838,68.95020105,0,0
38.03000000,69.17161803,68.94778615,68.74459172,68.92337809,0,0
38.04000000,69.17316884,68.92083143,68.75481718,68.78517473,0,0
38.05000000,69.24397462,68.93688416,68.70874935,68.82725585,0,0
38.06000000,69.23182680,68.92194775,68.68131219,68.86303447,0,0
38.07000000,69.17667685,68.88199461,68.71748072,68.90258951,0,0
38.08000000,69.23172575,68.84547134,68.77233145,68.88693072,0,0
38.09000000,69.18444924,68.84926170,68.72353670,68.85856762,0,0
38.10000000,69.20529311,68.92149648,68.73396119,68.88227630,0,0
38.11000000,69.15050932,68.91046106,68.72443957,68.90055772,0,0
38.12000000,69.18278670,68.90728141,68.77233576,68.94029122,0,0
38.13000000,69.22112545,68.91927694,68.80948987,68.93689702,0,0
38.14000000,69.26188930,68.96871900,68.81670915,68.93754182,0,0
38.15000000,69.24990416,68.95205269,68.81225637,68.93681205,0,0
38.16000000,69.19863913,68.92403625,68.80740011,68.89495319,0,0
38.17000000,69.16096144,68.91470983,68.81419389,68.89380398,0,0
38.18000000,69.14536398,68.94083219,68.77481460,68.91982721,0,0
38.19000000,69.20456260,68.97628309,68.76880193,68.90919291,0,0
38.20000000,69.24068023,68.93436787,68.77495924,68.95853050,0,0
38.21000000,69.25781071,68.95622868,68.75244291,68.99739729,0,0
38.22000000,69.23170063,68.94641145,68.81283178,68.97511994,0,0
38.23000000,69.25640759,68.98218549,68.76757637,68.97167766,0,0
38.24000000,69.26898716,68.98699933,68.76987170,68.95782940,0,0
38.25000000,69.28444340,68.92460497,68.74227526,68.88430646,0,0
38.26000000,69.28481029,68.96354867,68.75938001,68.88596441,0,0
38.27000000,69.17695129,68.99103548,68.81404676,68.89242481,0,0
38.28000000,69.17972819,69.03300858,68.84747968,68.92526548,0,0
38.29000000,69.18898910,69.00403539,68.83239742,68.92946729,0,0
38.30000000,69.31163298,68.95649296,68.88494530,68.93423559,0,0
38.31000000,69.32911904,68.97105181,68.80821814,68.94680817,0,0
38.32000000,69.30120947,68.94986800,68.79001155,68.95543610,0,0
38.33000000,69.26360587,68.99295144,68.77772104,68.96354778,0,0
38.34000000,69.28995174,69.01759854,68.82999377,69.00070925,0,0
38.35000000,69.32389323,69.02052233,68.85581666,68.97517537,0,0
38.36000000,69.29856559,69.01134524,68.81251490,69.00691736,0,0
38.37000000,69.25268283,69.00940256,68.79775624,69.00496793,0,0
38.38000000,69.23915884,68.98734588,68.84087880,68.99094823,0,0
38.39000000,69.26489384,68.98316298,68.91322434,68.99958973,0,0
38.40000000,69.29932899,68.99232873,68.91789471,68.97376119,0,0
38.41000000,69.32654149,68.97323634,68.85827282,68.98331488,0,0
38.42000000,69.34951911,69.00630326,68.78167050,68.98527693,0,0
38.43000000,69.36354368,68.98546833,68.77822685,68.99122706,0,0
38.44000000,69.32419771,69.04489117,68.84542429,69.00198353,0,0
38.45000000,69.30021546,69.01252909,68.88833890,69.00611037,0,0
38.46000000,69.29738516,69.06000044,68.84355784,68.98168547,0,0
38.47000000,69.30149662,68.99862213,68.81861841,68.91515872,0,0
38.48000000,69.28935687,69.00781701,68.84813481,68.93505586,0,0
38.49000000,69.27211469,68.95462267,68.89042987,68.95583689,0,0
38.50000000,69.27470842,68.95427539,68.91215122,68.95126901,0,0
38.51000000,69.32162529,69.01656019,68.88298415,69.02333519,0,0
38.52000000,69.31854397,69.00433595,68.90240668,69.01408780,0,0
38.53000000,69.31249392,69.01923747,68.85113020,69.03128143,0,0
38.54000000,69.28636860,69.03637967,68.86297776,69.01823806,0,0
38.55000000,69.28901969,69.02957048,68.82869201,69.02803994,0,0
38.56000000,69.29870297,69.00488269,68.85044362,69.02148190,0,0
38.57000000,69.29035116,68.98346554,68.86557848,68.99799260,0,0
38.58000000,69.31391579,68.99304025,68.82382989,68.99857830,0,0
38.59000000,69.33226684,69.03574919,68.85912321,68.98882690,0,0
38.60000000,69.31009175,69.02592122,68.90469086,69.01658559,0,0
38.61000000,69.32888606,69.02593498,68.93642525,69.06247465,0,0
38.62000000,69.36051488,69.03099038,68.96599454,69.08407641,0,0
38.63000000,69.32215960,69.06653776,68.92828965,69.07676766,0,0
38.64000000,69.34688998,69.06327706,68.91812050,69.05485484,0,0
38.65000000,69.30488630,69.06226965,68.94105115,69.00320485,0,0
38.66000000,69.36208211,69.05599530,68.97763112,69.01969035,0,0
38.67000000,69.39031583,69.07271690,68.95176891,69.01453421,0,0
38.68000000,69.42018905,69.09826305,68.92182835,69.03941941,0,0
38.69000000,69.39080289,69.12283448,68.88937247,69.09167313,0,0
38.70000000,69.40077027,69.09452999,68.91838383,69.07587763,0,0
38.71000000,69.40209020,69.09844936,68.92344351,69.06487378,0,0
38.72000000,69.39773380,69.10093362,68.91549951,69.06263277,0,0
38.73000000,69.37510036,69.08954459,68.90956477,69.04327567,0,0
38.74000000,69.37194441,69.11449632,68.92009237,69.04057325,0,0
38.75000000,69.37277790,69.10932517,68.93125754,69.05158336,0,0
38.76000000,69.42987017,69.09644949,68.94073045,69.05620835,0,0
38.77000000,69.44680290,69.10124748,68.93078527,69.05156987,0,0
38.78000000,69.42415404,69.12112563,68.92779373,69.07206886,0,0
38.79000000,69.40442344,69.16398180,68.95237544,69.07003935,0,0
38.80000000,69.40376269,69.14722718,68.93631155,69.05151358,0,0
38.81000000,69.40173673,69.14180441,68.92630286,69.05920447,0,0
38.82000000,69.45245412,69.14384493,68.94036473,69.04885882,0,0
38.83000000,69.40522661,69.14755444,68.93813914,69.07813048,0,0
38.84000000,69.37941583,69.12544850,68.98505864,69.08755203,0,0
38.85000000,69.45456015,69.16803133,68.98598368,69.08073921,0,0
38.86000000,69.42958750,69.18600059,68.99277795,69.12444127,0,0
38.87000000,69.53659551,69.15800346,68.97405229,69.11412315,0,0
38.88000000,69.40472910,69.10127668,68.96257073,69.12513930,0,0
38.89000000,69.44247755,69.12563958,68.96746726,69.13690891,0,0
38.90000000,69.39862849,69.16313759,68.96715144,69.12988924,0,0
38.91000000,69.47347003,69.20067123,69.02270231,69.08802232,0,0
38.92000000,69.44047772,69.12725531,69.02677063,69.11689763,0,0
38.93000000,69.42259392,69.12815035,68.99678701,69.12211333,0,0
38.94000000,69.45449935,69.15376779,68.99909008,69.13252942,0,0
38.95000000,69.45740030,69.16531197,68.99974660,69.13395380,0,0
38.96000000,69.48678737,69.11342752,69.00456175,69.12551739,0,0
38.97000000,69.45293094,69.09120357,69.00588478,69.11453073,0,0
38.98000000,69.46652674,69.14596201,68.98344023,69.12270681,0,0
38.99000000,69.41483059,69.19573215,68.99358521,69.12392653,0,0
39.00000000,69.43096919,69.21843576,68.99839333,69.14049611,0,0
39.01000000,69.44510307,69.14468582,69.04985438,69.14326528,0,0
39.02000000,69.47049742,69.12532641,69.01887854,69.15155846,0,0
39.03000000,69.49067811,69.13407358,68.98183091,69.14608063,0,0
39.04000000,69.50356901,69.21866375,68.98055890,69.15519503,0,0
39.05000000,69.50144501,69.17811304,69.02381129,69.15647745,0,0
39.06000000,69.47055586,69.20740870,69.09371579,69.15930898,0,0
39.07000000,69.50201310,69.15615124,69.05673606,69.14034767,0,0
39.08000000,69.39664320,69.22045608,69.02749215,69.20903600,0,0
39.09000000,69.48468537,69.16057572,69.05283876,69.20994035,0,0
39.10000000,69.48341388,69.22725370,69.04074096,69.19421368,0,0
39.11000000,69.50039646,69.22025341,69.11798264,69.17070607,0,0
39.12000000,69.57001729,69.23605077,69.05932797,69.16065103,0,0
39.13000000,69.51045975,69.25885965,69.03731004,69.17800112,0,0
39.14000000,69.52379612,69.22522913,68.99232073,69.18505965,0,0
39.15000000,69.50252328,69.22215966,69.02180735,69.20057313,0,0
39.16000000,69.51371322,69.19829132,69.02626237,69.16281700,0,0
39.17000000,69.48511912,69.22230597,69.01017749,69.15352821,0,0
39.18000000,69.46009531,69.21740717,69.00779919,69.15183611,0,0
39.19000000,69.45860843,69.19344791,69.06458836,69.14240531,0,0
39.20000000,69.52968492,69.20744709,69.10499694,69.17842018,0,0
39.21000000,69.54587335,69.21343602,69.09295646,69.17917271,0,0
39.22000000,69.52203565,69.23642046,69.06994787,69.22683459,0,0
39.23000000,69.48659404,69.24102932,69.04848239,69.18354065,0,0
39.24000000,69.52860672,69.20983134,69.10223312,69.22150373,0,0
39.25000000,69.52173998,69.23044204,69.07387945,69.21264937,0,0
39.26000000,69.51825935,69.23430672,69.11865112,69.21810852,0,0
39.27000000,69.49740443,69.26715992,69.07970210,69.26042960,0,0
39.28000000,69.53410213,69.27211398,69.08659175,69.19982405,0,0
39.29000000,69.50396479,69.24582999,69.12356679,69.25790224,0,0
39.30000000,69.57589662,69.28761954,69.15568786,69.24416861,0,0
39.31000000,69.56196600,69.28136169,69.14242282,69.28422703,0,0
39.32000000,69.59301235,69.25505567,69.08161293,69.27732783,0,0
39.33000000,69.60735263,69.25307032,69.13330042,69.29046866,0,0
39.34000000,69.58889565,69.26647729,69.13421059,69.26314777,0,0
39.35000000,69.52398474,69.31439994,69.14717657,69.27392114,0,0
39.36000000,69.54077969,69.30293452,69.12827880,69.25806447,0,0
39.37000000,69.56506132,69.28389167,69.15049019,69.26311923,0,0
39.38000000,69.65094729,69.24287502,69.15636210,69.23840078,0,0
39.39000000,69.65362881,69.22696879,69.11895850,69.20999348,0,0
39.40000000,69.59702150,69.25697240,69.08580349,69.19967346,0,0
39.41000000,69.46258006,69.27964748,69.08517736,69.21213915,0,0
39.42000000,69.46847685,69.29594511,69.12761151,69.21908114,0,0
39.43000000,69.51171173,69.27914232,69.09267791,69.22301814,0,0
39.44000000,69.59407764,69.27740946,69.09624905,69.27438221,0,0
39.45000000,69.62464657,69.23118215,69.07556939,69.27270060,0,0
39.46000000,69.55348866,69.24980789,69.11379834,69.26785514,0,0
39.47000000,69.56270902,69.25153654,69.14450967,69.30700416,0,0
39.48000000,69.50393609,69.31234352,69.19572303,69.25674662,0,0
39.49000000,69.56258492,69.28702775,69.10219603,69.29301146,0,0
39.50000000,69.54000621,69.26717576,69.09696163,69.32147245,0,0
39.51000000,69.63373124,69.26733881,69.09947298,69.33044749,0,0
39.52000000,69.60344088,69.28796785,69.16805169,69.32818293,0,0
39.53000000,69.55984293,69.29688517,69.27511950,69.32790553,0,0
39.54000000,69.55581649,69.31172213,69.27141100,69.27122112,0,0
39.55000000,69.56275569,69.34688596,69.21755479,69.26741518,0,0
39.56000000,69.63903509,69.35928745,69.15230565,69.26123251,0,0
39.57000000,69.65389791,69.33717219,69.12208616,69.28650717,0,0
39.58000000,69.63096332,69.29559950,69.11886407,69.28754412,0,0
39.59000000,69.64055937,69.30328396,69.14108216,69.30036679,0,0
39.60000000,69.64929001,69.35070403,69.16880671,69.28585824,0,0
39.61000000,69.62610520,69.35683176,69.17176756,69.28516566,0,0
39.62000000,69.60713712,69.37509395,69.11527733,69.28559065,0,0
39.63000000,69.62612489,69.34385297,69.11486430,69.27566701,0,0
39.64000000,69.61854632,69.35982920,69.12121269,69.28024606,0,0
39.65000000,69.65427688,69.33576093,69.15850448,69.28969630,0,0
39.66000000,69.61870823,69.34271184,69.17528890,69.29935065,0,0
39.67000000,69.68493560,69.36580442,69.18377385,69.30129445,0,0
39.68000000,69.73806955,69.36871968,69.17471316,69.25710352,0,0
39.69000000,69.70538747,69.34342330,69.17050446,69.31000940,0,0
39.70000000,69.58744892,69.34226973,69.19102341,69.35876556,0,0
39.71000000,69.57299261,69.36523319,69.19861324,69.33523194,0,0
39.72000000,69.69650332,69.38098082,69.19928732,69.36131457,0,0
39.73000000,69.68614075,69.40244750,69.21899360,69.30943955,0,0
39.74000000,69.71135410,69.36482550,69.22564769,69.32194278,0,0
39.75000000,69.64930928,69.37240920,69.21455163,69.34436441,0,0
39.76000000,69.68259270,69.41430050,69.23083629,69.34749323,0,0
39.77000000,69.71342043,69.39932433,69.27599527,69.37455216,0,0
39.78000000,69.73121634,69.35345120,69.23952149,69.37774605,0,0
39.79000000,69.68761557,69.37645821,69.16908575,69.36909896,0,0
39.80000000,69.64662828,69.45495424,69.15957821,69.35071096,0,0
39.81000000,69.65555500,69.44345756,69.22052157,69.31956611,0,0
39.82000000,69.67813547,69.40364355,69.28212351,69.34294871,0,0
39.83000000,69.71497886,69.36635684,69.26711517,69.34236452,0,0
39.84000000,69.75469527,69.39377890,69.21069437,69.34019649,0,0
39.85000000,69.74474645,69.43443748,69.17449698,69.37954430,0,0
39.86000000,69.66312434,69.42001789,69.24757742,69.33742283,0,0
39.87000000,69.61050197,69.33418204,69.23547840,69.37538601,0,0
39.88000000,69.62148006,69.37440783,69.29887342,69.32626425,0,0
39.89000000,69.70368397,69.39278815,69.20457453,69.38803629,0,0
39.90000000,69.69216876,69.38553118,69.20705585,69.37936191,0,0
39.91000000,69.68063331,69.37553029,69.24197749,69.34599432,0,0
39.92000000,69.64922242,69.36716267,69.31480224,69.37675083,0,0
39.93000000,69.70315664,69.40075382,69.31471130,69.34743992,0,0
39.94000000,69.74411142,69.39994827,69.29837169,69.43699942,0,0
39.95000000,69.69333884,69.34664522,69.25741540,69.43685814,0,0
39.96000000,69.64144654,69.33889078,69.26344579,69.41926501,0,0
39.97000000,69.65094001,69.41193827,69.27113827,69.42931382,0,0
39.98000000,69.69575580,69.44453118,69.30076417,69.41826910,0,0
39.99000000,69.70680711,69.38394930,69.34446676,69.42751405,0,0
40.00000000,69.71229838,69.34594243,69.33116940,69.44788884,0,0
40.01000000,69.71884150,69.40435341,69.28634597,69.45771071,0,0
40.02000000,69.73049240,69.44845966,69.25202817,69.43702551,0,0
40.03000000,69.71938184,69.42149273,69.26805062,69.42734577,0,0
40.04000000,69.72025646,69.39781797,69.28380519,69.41550855,0,0
40.05000000,69.71806699,69.38252574,69.29248895,69.40022891,0,0
40.06000000,69.70064728,69.43432575,69.24058989,69.42586091,0,0
40.07000000,69.72584540,69.38708209,69.24101169,69.37901228,0,0
40.08000000,69.66509581,69.39006806,69.29768890,69.39624854,0,0
40.09000000,69.71145065,69.36512261,69.29079914,69.37980558,0,0
40.10000000,69.67612230,69.42903104,69.25391914,69.36031258,0,0
40.11000000,69.74054782,69.46912357,69.24806249,69.41722768,0,0
40.12000000,69.76881004,69.46977592,69.26427446,69.43810144,0,0
40.13000000,69.78880277,69.40527766,69.30688046,69.42649432,0,0
40.14000000,69.76284185,69.38782847,69.31730689,69.44154245,0,0
40.15000000,69.69374477,69.44005665,69.33371658,69.44973655,0,0
40.16000000,69.67991776,69.43292395,69.32048560,69.44992861,0,0
40.17000000,69.73227442,69.45713357,69.32908011,69.43688450,0,0
40.18000000,69.77686282,69.44354602,69.32229029,69.42780316,0,0
40.19000000,69.79121794,69.42413607,69.33557987,69.46654945,0,0
40.20000000,69.78045002,69.43398765,69.30966694,69.47782120,0,0
40.21000000,69.76936446,69.43130103,69.34904197,69.49658937,0,0
40.22000000,69.76634291,69.44821967,69.35236827,69.54313153,0,0
40.23000000,69.73425878,69.46366288,69.33388788,69.73324047,0,0
40.24000000,69.70819028,69.44571329,69.23307572,69.94449904,0,0
40.25000000,69.74284647,69.46199094,69.21315829,69.98766360,0,0
40.26000000,69.77300185,69.45306844,69.25841243,70.13889269,0,0
40.27000000,69.68813945,69.40060457,69.31941491,70.13317381,0,0
40.28000000,69.73732070,69.40019671,69.31881907,70.17989918,0,0
40.29000000,69.69635801,69.44508687,69.28317290,70.24707852,0,0
40.30000000,69.80031052,69.47668572,69.19958117,70.15300755,0,0
40.31000000,69.65289736,69.43568306,69.22838598,70.20808667,0,0
40.32000000,69.64356476,69.48140125,69.22924925,70.22340757,0,0
40.33000000,69.63403285,69.49953574,69.24025070,70.17435338,0,0
40.34000000,69.69682227,69.49676592,69.25515523,70.09095575,0,0
40.35000000,69.68312815,69.47268957,69.24409505,69.93000788,0,0
40.36000000,69.66525318,69.45221637,69.24500564,69.80212105,0,0
40.37000000,69.68940101,69.47046040,69.20086319,69.73052503,0,0
40.38000000,69.69328818,69.47678086,69.19678813,69.71521837,0,0
40.39000000,69.65597403,69.45986098,69.20607287,69.74431818,0,0
40.40000000,69.60421279,69.41546875,69.24004284,69.91433798,0,0
40.41000000,69.56977910,69.45019763,69.20531311,69.99664351,0,0
40.42000000,69.58476589,69.43929530,69.21127339,69.96269811,0,0
40.43000000,69.59017369,69.40939270,69.20877791,69.95834460,0,0
40.44000000,69.59422938,69.35549183,69.23363221,69.90934706,0,0
40.45000000,69.57244125,69.35783278,69.19059930,69.86349730,0,0
40.46000000,69.54378977,69.37277005,69.15785872,69.89206944,0,0
40.47000000,69.55619687,69.35519687,69.15675248,69.79556946,0,1
40.48000000,69.59351387,69.38578846,69.13121229,69.86778943,0,1
40.49000000,69.60925026,69.22998789,69.08566613,70.01389255,0,1
40.50000000,69.46631276,69.30412154,69.09843664,69.90721999,0,1
40.51000000,69.45380323,69.27364895,69.11889482,69.96696872,0,1
40.52000000,69.47436619,69.28602483,69.17623880,70.01847468,0,1
40.53000000,69.49374679,69.26806139,69.14559147,69.86396710,0,1
40.54000000,69.51296587,69.23350546,69.15348101,69.89236875,0,1
40.55000000,69.52863644,69.25904709,69.14522947,69.90881979,0,1
40.56000000,69.57520889,69.24561937,69.16372780,69.83361115,0,1
40.57000000,69.55112194,69.27532597,69.18899454,69.90473743,0,1
40.58000000,69.50629681,69.25734137,69.20272849,69.96560068,0,1
40.59000000,69.42418027,69.25166938,69.17042743,69.91108183,0,1
40.60000000,69.44513248,69.24038250,69.13175365,69.99206333,0,1
40.61000000,69.47893782,69.21972691,69.13313089,69.93003839,0,1
40.62000000,69.50046355,69.23804021,69.18459357,69.87525167,0,1
40.63000000,69.52547255,69.27362664,69.20895530,69.95067978,0,1
40.64000000,69.56547835,69.25595034,69.15650111,69.90114964,0,1
40.65000000,69.52575724,69.24555065,69.15216747,69.82505298,0,1
40.66000000,69.51464722,69.20871343,69.13901363,69.96585207,0,1
40.67000000,69.49750753,69.20109162,69.10281905,69.95522552,0,1
40.68000000,69.46647642,69.26092078,69.08606583,69.89028533,0,1
40.69000000,69.48856424,69.29628582,69.08492217,69.94351242,0,1
40.70000000,69.46506901,69.24260116,69.13437833,69.86443284,0,1
40.71000000,69.49381055,69.20371410,69.15578342,69.84698887,0,1
40.72000000,69.50278167,69.17193477,69.15841632,69.84234191,0,1
40.73000000,69.48087846,69.24067835,69.14011964,69.85358059,0,1
40.74000000,69.46751996,69.21127957,69.07729382,69.75646411,0,1
40.75000000,69.46011009,69.22663136,69.04627288,69.82293575,0,1
40.76000000,69.52909869,69.20611756,69.04510165,69.86150696,0,1
40.77000000,69.47449049,69.19957972,69.05791803,69.80281483,0,1
40.78000000,69.45922321,69.19545808,69.11487900,69.87905272,0,1
40.79000000,69.42001670,69.18393497,69.10215194,69.81003418,0,1
40.80000000,69.42471497,69.19599410,69.08935799,69.75874127,0,1
40.81000000,69.45664148,69.17954787,69.07727406,69.82532377,0,1
40.82000000,69.47571636,69.21447772,69.09467072,69.77371403,0,1
40.83000000,69.47974359,69.20145924,69.09398954,69.76513374,0,1
40.84000000,69.46992487,69.21121957,69.11163932,69.89809331,0,1
40.85000000,69.44809543,69.21220932,69.13584052,69.87395895,0,1
40.86000000,69.41091382,69.21925954,69.09468974,69.86301362,0,1
40.87000000,69.46751456,69.20836304,69.05267690,69.86916834,0,1
40.88000000,69.41391085,69.16194973,69.02017467,69.86255496,0,1
40.89000000,69.35026794,69.16480792,68.97102277,69.76044982,0,1
40.90000000,69.39654561,69.14641054,69.07150722,69.83770450,0,1
40.91000000,69.47512160,69.17729766,69.06937758,69.84006275,0,1
40.92000000,69.42334475,69.15321771,69.04796868,69.68543032,0,1
40.93000000,69.44836388,69.17382092,69.03642761,69.82120785,0,1
40.94000000,69.35638704,69.18255664,69.00956776,69.79383642,0,1
40.95000000,69.36456888,69.22830998,69.01196224,69.78914842,0,1
40.96000000,69.36115615,69.14543815,68.99936379,69.77377443,0,1
40.97000000,69.39037190,69.10123351,69.01215707,69.75195421,0,1
40.98000000,69.38366378,69.09683098,68.99302399,69.72530728,0,1
40.99000000,69.39765352,69.11439176,68.97781259,69.71962656,0,1
41.00000000,69.38067324,69.16289125,69.00141812,69.68703523,0,1
41.01000000,69.42347247,69.12759603,69.03782218,69.68237774,0,1
41.02000000,69.43855994,69.07949934,69.05342887,69.77674639,0,1
41.03000000,69.37399712,69.09432897,68.97438995,69.73854965,0,1
41.04000000,69.28824164,69.14318027,68.95604037,69.74476124,0,1
41.05000000,69.31693796,69.16926844,69.02331977,69.79061342,0,1
41.06000000,69.32433953,69.12932992,69.01083867,69.67246234,0,1
41.07000000,69.43483310,69.06026515,68.98192068,69.65082377,0,1
41.08000000,69.43426368,69.05685357,68.99025625,69.76895250,0,1
41.09000000,69.38331626,69.10013727,68.95100217,69.65370901,0,1
41.10000000,69.32143811,69.11295086,68.95249243,69.70746487,0,1
41.11000000,69.36401218,69.08151227,69.00204388,69.78159968,0,1
41.12000000,69.39612163,69.13619801,68.90982970,69.67255978,0,1
41.13000000,69.37111502,69.13693483,68.91671597,69.78065118,0,1
41.14000000,69.37657644,69.16172849,68.92323140,69.73540293,0,1
41.15000000,69.32852251,69.11368781,68.94226246,69.67536953,0,1
41.16000000,69.34479218,69.07272584,69.00375110,69.67259567,0,1
41.17000000,69.33834916,69.06384956,68.99428265,69.66376694,0,1
41.18000000,69.33017517,69.07795197,68.93194027,69.58271443,0,1
41.19000000,69.33111578,69.06027686,68.89041294,69.65352508,0,1
41.20000000,69.34187392,69.06189604,68.91635193,69.73238793,0,1
41.21000000,69.36599627,69.08324096,68.94695744,69.70589624,0,1
41.22000000,69.33521730,69.09735458,68.97291133,69.68397340,0,1
41.23000000,69.30782808,69.06060583,68.94893395,69.62585794,0,1
41.24000000,69.26054428,69.02757388,68.90526280,69.63230540,0,1
41.25000000,69.32945002,69.05665387,68.90546614,69.61161513,0,1
41.26000000,69.30576472,69.07072718,68.91719255,69.61086565,0,1
41.27000000,69.35618383,69.03140246,68.93409812,69.60571317,0,1
41.28000000,69.33215131,69.01331559,68.94245177,69.63864399,0,1
41.29000000,69.37784014,68.99450190,68.97017614,69.67585162,0,1
41.30000000,69.24000039,69.04848337,68.94057079,69.67520013,0,1
41.31000000,69.22861828,69.09661870,68.94307898,69.67389806,0,1
41.32000000,69.23857993,69.02166681,68.88497072,69.61956397,0,1
41.33000000,69.27311512,68.99289692,68.89918351,69.66091201,0,1
41.34000000,69.32678888,68.97867114,68.88594695,69.61543023,0,1
41.35000000,69.24340576,68.98879573,68.89187188,69.61666014,0,1
41.36000000,69.30133650,69.04050568,68.94093375,69.59214910,0,1
41.37000000,69.34504602,69.01823403,68.89508608,69.58763651,0,1
41.38000000,69.36062988,68.97836895,68.88754547,69.65361270,0,1
41.39000000,69.24741949,68.92991326,68.88513571,69.63544943,0,1
41.40000000,69.18918544,68.98609625,68.89177668,69.63314175,0,1
41.41000000,69.19905465,68.99832360,68.88699545,69.61858363,0,1
41.42000000,69.22430874,68.99572508,68.90125637,69.56045761,0,1
41.43000000,69.26468921,68.91975746,68.91242402,69.54875260,0,1
41.44000000,69.29075932,68.88471641,68.86872962,69.51850466,0,1
41.45000000,69.25346059,68.93844909,68.86378030,69.49462939,0,1
41.46000000,69.24665262,69.01453673,68.87642584,69.60099572,0,1
41.47000000,69.20805958,68.98886293,68.84108228,69.55028534,0,1
41.48000000,69.17917500,68.91894014,68.83257316,69.53665165,0,1
41.49000000,69.23294341,68.94423027,68.72399299,69.59254061,0,1
41.50000000,69.18273611,68.87918823,68.82000944,69.59004727,0,1
41.51000000,69.14888525,68.94385798,68.86054180,69.47188293,0,1
41.52000000,69.18604376,68.85665204,68.92049302,69.54978294,0,1
41.53000000,69.19894829,68.92367697,68.86706567,69.54725336,0,1
41.54000000,69.22081238,68.91109997,68.82422135,69.44244695,0,1
41.55000000,69.23186864,68.91047576,68.82451424,69.63359090,0,1
41.56000000,69.21162942,68.89632796,68.78728209,69.59792207,0,1
41.57000000,69.17269457,68.89320246,68.81700479,69.53686145,0,1
41.58000000,69.16640216,68.89076670,68.85705072,69.58661149,0,1
41.59000000,69.17393026,68.90858282,68.84187702,69.52129724,0,1
41.60000000,69.19919635,68.89220851,68.79584750,69.46601555,0,1
41.61000000,69.16798621,68.88976200,68.81776789,69.50380413,0,1
41.62000000,69.15929876,68.88346318,68.81164470,69.45028628,0,1
41.63000000,69.12837156,68.88731753,68.82497817,69.49737347,0,1
41.64000000,69.17904022,68.86870404,68.79559078,69.54195345,0,1
41.65000000,69.19146631,68.81543386,68.76037992,69.48924881,0,1
41.66000000,69.12984357,68.85337391,68.75166660,69.55774974,0,1
41.67000000,69.08035120,68.86714295,68.73263642,69.46501400,0,1
41.68000000,69.09295372,68.84645717,68.71823267,69.43888345,0,1
41.69000000,69.14312268,68.85593933,68.73572089,69.46156159,0,1
41.70000000,69.19502487,68.83472310,68.76950278,69.41363625,0,1
41.71000000,69.11104535,68.87693825,68.69780703,69.35044125,0,1
41.72000000,69.07710816,68.84203115,68.73127755,69.41673257,0,1
41.73000000,69.11370894,68.86878179,68.74577347,69.50247636,0,1
41.74000000,69.13748772,68.79669625,68.79859008,69.50158148,0,1
41.75000000,69.09333915,68.83883136,68.78016630,69.50364122,0,1
41.76000000,69.09598644,68.83489687,68.73731619,69.46877594,0,1
41.77000000,69.09665490,68.85638715,68.73527883,69.45238887,0,1
41.78000000,69.17003269,68.88732324,68.76562845,69.44930803,0,1
41.79000000,69.14290707,68.85989811,68.78673512,69.49211535,0,1
41.80000000,69.12066557,68.87425692,68.74198086,69.39582818,0,1
41.81000000,69.11626807,68.88829220,68.66633574,69.41662968,0,1
41.82000000,69.14934056,68.86222383,68.67087431,69.47967302,0,1
41.83000000,69.13091491,68.80722660,68.71299993,69.38393121,0,1
41.84000000,69.10405372,68.83054570,68.71845054,69.45500593,0,1
41.85000000,69.10320058,68.83767353,68.72899209,69.46659317,0,1
41.86000000,69.09042308,68.84857368,68.69095747,69.34445563,0,1
41.87000000,69.08119794,68.83012094,68.67711799,69.37578591,0,1
41.88000000,69.10719329,68.83591168,68.68318047,69.41075637,0,1
41.89000000,69.08786000,68.83296884,68.64080557,69.24174775,0,1
41.90000000,69.10523549,68.81085662,68.65030483,69.35545691,0,1
41.91000000,69.08356822,68.81050602,68.62592534,69.46555761,0,1
41.92000000,69.09704308,68.77665639,68.67799744,69.32595223,0,1
41.93000000,69.08249855,68.80131030,68.68168520,69.41049546,0,1
41.94000000,69.03105447,68.79188419,68.69065166,69.40095843,0,1
41.95000000,69.05505703,68.83053334,68.67015553,69.36556544,0,1
41.96000000,69.04811100,68.82561659,68.66791308,69.37514658,0,1
41.97000000,69.12247659,68.84416683,68.67337170,69.39112156,0,1
41.98000000,69.07466135,68.82187060,68.67757005,69.32541820,0,1
41.99000000,69.05660185,68.78876711,68.67094182,69.36180450,0,1
42.00000000,69.05788531,68.78643703,68.69497284,69.44492069,0,1
42.01000000,69.10689876,68.78611224,68.65473327,69.42476916,0,1
42.02000000,69.08401541,68.81315831,68.68312544,69.42581931,0,1
42.03000000,69.04245445,68.78644962,68.66425691,69.40485572,0,1
42.04000000,68.98928131,68.74965131,68.66959408,69.36310020,0,1
42.05000000,69.01933464,68.78230990,68.68873044,69.36072331,0,1
42.06000000,69.05889500,68.82020056,68.68744106,69.36705840,0,1
42.07000000,69.05362628,68.80573579,68.66861859,69.30728423,0,1
42.08000000,69.03140102,68.79893125,68.67027587,69.38075002,0,1
42.09000000,69.03997848,68.71608190,68.64905196,69.39536626,0,1
42.10000000,69.03494878,68.69390060,68.69517421,69.38560759,0,1
42.11000000,68.96826887,68.72381719,68.70977345,69.42363444,0,1
42.12000000,68.93433742,68.74919676,68.64562184,69.37245634,0,1
42.13000000,68.93837376,68.76193700,68.64297908,69.32523550,0,1
42.14000000,69.03437187,68.77090581,68.61066448,69.37761532,0,1
42.15000000,69.01579320,68.70380486,68.63551175,69.34154722,0,1
42.16000000,69.01622917,68.70820009,68.67600005,69.31253536,0,1
42.17000000,68.98313128,68.74831334,68.66300727,69.39301418,0,1
42.18000000,69.00018214,68.75464537,68.63822352,69.41841314,0,1
42.19000000,68.96146664,68.74050647,68.64221758,69.39800589,0,1
42.20000000,68.92395982,68.73621819,68.63395736,69.41393995,0,1
42.21000000,68.93582853,68.75197422,68.63993442,69.40495424,0,1
42.22000000,68.96632992,68.72400107,68.62488398,69.36138050,0,1
42.23000000,69.00316932,68.71566108,68.64655977,69.37539238,0,1
42.24000000,69.03092361,68.71815648,68.67182462,69.36715533,0,1
42.25000000,69.00903213,68.72306520,68.63705112,69.30148832,0,1
42.26000000,68.96946080,68.73118026,68.59637828,69.36797768,0,1
42.27000000,68.97794357,68.75924129,68.57651197,69.37887480,0,1
42.28000000,68.97040968,68.70562443,68.56503868,69.28456894,0,1
42.29000000,68.97365837,68.76182903,68.56018720,69.35201904,0,1
42.30000000,68.97568187,68.69917617,68.57515180,69.29911975,0,1
42.31000000,68.91585867,68.70732021,68.60626449,69.22625886,0,1
42.32000000,68.97075148,68.64660434,68.59848399,69.30819041,0,1
42.33000000,68.96520998,68.66169880,68.65299347,69.28015240,0,1
42.34000000,68.96985308,68.71727152,68.57205913,69.15558256,0,1
42.35000000,68.93709577,68.73366237,68.57063577,69.33614785,0,1
42.36000000,68.92837040,68.70534064,68.55841872,69.36661236,0,1
42.37000000,68.93996002,68.65176142,68.54942891,69.31615520,0,1
42.38000000,68.93416986,68.68419423,68.59069336,69.35527842,0,1
42.39000000,68.92767417,68.71852844,68.57984279,69.28306944,0,1
42.40000000,68.93123759,68.70914593,68.53466467,69.22482740,0,1
42.41000000,68.94972152,68.64464471,68.53298980,69.23860821,0,1
42.42000000,68.97234795,68.63776875,68.54632170,69.25181661,0,1
42.43000000,68.95298060,68.65410838,68.55714785,69.23151528,0,1
42.44000000,68.92393868,68.76158945,68.57225515,69.34609417,0,1
42.45000000,68.93108433,68.71339003,68.54473783,69.28529337,0,1
42.46000000,68.93880127,68.65142118,68.57487014,69.30942056,0,1
42.47000000,68.95025289,68.61994269,68.58783388,69.35012595,0,1
42.48000000,68.93960043,68.67391494,68.57651482,69.26335737,0,1
42.49000000,68.92050020,68.68834672,68.57255832,69.25065512,0,1
42.50000000,68.95681592,68.65393377,68.55190282,69.27753877,0,1
42.51000000,68.94836459,68.64517782,68.52252927,69.16347413,0,1
42.52000000,68.95369626,68.66930035,68.49121877,69.16438951,0,1
42.53000000,68.91879394,68.69618618,68.49330555,69.31625797,0,1
42.54000000,68.99758042,68.69899243,68.51478072,69.24726847,0,1
42.55000000,68.91027418,68.63392856,68.50558877,69.21744899,0,1
42.56000000,68.90636407,68.66604361,68.55789511,69.29511595,0,1
42.57000000,68.86074729,68.69873044,68.51994483,69.25759639,0,1
42.58000000,68.90950256,68.70097201,68.52334820,69.14437858,0,1
42.59000000,68.94617580,68.63887781,68.50910140,69.24923078,0,1
42.60000000,68.95375360,68.60871277,68.49396761,69.18142187,0,1
42.61000000,68.90552759,68.62781692,68.50413715,69.14093807,0,1
42.62000000,68.87145807,68.69043691,68.48885051,69.29532639,0,1
42.63000000,68.90214026,68.67656168,68.47274139,69.25157595,0,1
42.64000000,68.91589720,68.61541811,68.50905030,69.22733433,0,1
42.65000000,68.90375934,68.59100510,68.49949921,69.26762296,0,1
42.66000000,68.87515057,68.63999284,68.49455974,69.22418265,0,1
42.67000000,68.88867261,68.66430477,68.52709304,69.20292975,0,1
42.68000000,68.90625781,68.61591922,68.57079818,69.18882290,0,1
42.69000000,68.86356890,68.62558747,68.54201986,69.14527392,0,1
42.70000000,68.86576298,68.62802715,68.49141498,69.15228326,0,1
42.71000000,68.90021752,68.68322563,68.48838240,69.30232009,0,1
42.72000000,68.93872917,68.64051250,68.45186750,69.25540421,0,1
42.73000000,68.87952069,68.59803848,68.53548993,69.22162494,0,1
42.74000000,68.84484352,68.61194704,68.55991010,69.27211524,0,1
42.75000000,68.89851624,68.64106858,68.51814919,69.21792322,0,1
42.76000000,68.87465324,68.66243038,68.45856026,69.15899941,0,1
42.77000000,68.89322312,68.60720847,68.42729124,69.23272767,0,1
42.78000000,68.85038434,68.54936391,68.48445654,69.15702679,0,1
42.79000000,68.83811750,68.55794273,68.45789682,69.14471720,0,1
42.80000000,68.85856302,68.58891423,68.45453387,69.22113333,0,1
42.81000000,68.86164532,68.59920745,68.47116053,69.19002555,0,1
42.82000000,68.86014092,68.56761429,68.50347425,69.22731648,0,1
42.83000000,68.85779729,68.57625686,68.49906482,69.21095389,0,1
42.84000000,68.83465228,68.61817688,68.46297885,69.15414369,0,1
42.85000000,68.79419176,68.57962298,68.47716024,69.16547342,0,1
42.86000000,68.80406392,68.55528920,68.46245223,69.16396637,0,1
42.87000000,68.84089925,68.50722045,68.49940913,69.11019970,0,1
42.88000000,68.88666993,68.54886255,68.43654537,69.13644047,0,1
42.89000000,68.82564273,68.56449634,68.49479152,69.23733675,0,1
42.90000000,68.82645572,68.57186893,68.48187842,69.19868584,0,1
42.91000000,68.76127120,68.51100822,68.52002912,69.22313378,0,1
42.92000000,68.80248378,68.53659793,68.51105049,69.23068340,0,1
42.93000000,68.79685662,68.54108683,68.45550339,69.19132574,0,1
42.94000000,68.82924322,68.57735211,68.43411946,69.18553951,0,1
42.95000000,68.78971202,68.50052916,68.41094306,69.17459157,0,1
42.96000000,68.82807986,68.50520172,68.43175077,69.10938509,0,1
42.97000000,68.81292253,68.51479498,68.46157385,69.12818289,0,1
42.98000000,68.81276576,68.54281221,68.42397722,69.17131291,0,1
42.99000000,68.80003735,68.56943051,68.40725663,69.18977746,0,1
43.00000000,68.78128990,68.53441316,68.36995083,69.15117904,0,1
43.01000000,68.76258017,68.52449696,68.41605866,69.14234656,0,1
43.02000000,68.77340336,68.52195652,68.45303650,69.14155523,0,1
43.03000000,68.77837854,68.52418945,68.43699818,69.10675578,0,1
43.04000000,68.80764239,68.51351380,68.41875804,69.09634235,0,1
43.05000000,68.79789436,68.51194899,68.42236625,69.08307665,0,1
43.06000000,68.78647978,68.52556152,68.40682082,69.11407557,0,1
43.07000000,68.80446232,68.54823092,68.42533854,69.18030430,0,1
43.08000000,68.80935429,68.52739304,68.42757033,69.20661439,0,1
43.09000000,68.83547875,68.50850837,68.41586489,69.22401104,0,1
43.10000000,68.75932439,68.54987628,68.39783112,69.13558260,0,1
43.11000000,68.87037461,68.55767211,68.42604901,69.15775601,0,1
43.12000000,68.75947121,68.58052084,68.40991833,69.11355033,0,1
43.13000000,68.79745537,68.49723856,68.41963575,69.07620966,0,1
43.14000000,68.76558295,68.49027823,68.37624461,69.04872549,0,1
43.15000000,68.84685334,68.49486664,68.38248341,69.05791120,0,1
43.16000000,68.81912520,68.50327403,68.35916679,69.12259824,0,1
43.17000000,68.80808412,68.52876374,68.35420864,69.09753560,0,1
43.18000000,68.76167399,68.51118801,68.38567641,69.09597302,0,1
43.19000000,68.70901297,68.53437279,68.39202666,69.09297915,0,1
43.20000000,68.73610630,68.54619864,68.35984858,69.06907246,0,1
43.21000000,68.75100239,68.55725256,68.33477359,69.05089903,0,1
43.22000000,68.79038251,68.48743134,68.32375655,69.03612819,0,1
43.23000000,68.79164952,68.46839417,68.30838176,69.00193886,0,1
43.24000000,68.75322509,68.46285325,68.31048870,69.01382117,0,1
43.25000000,68.68384566,68.48638348,68.33857762,69.09401252,0,1
43.26000000,68.77787497,68.48742523,68.34674046,69.11471567,0,1
43.27000000,68.79286991,68.46466944,68.32611203,69.09777205,0,1
43.28000000,68.77119761,68.49128268,68.34446253,69.09653277,0,1
43.29000000,68.65167894,68.43515212,68.36478423,69.06326394,0,1
43.30000000,68.61321729,68.51392174,68.39885083,69.04068383,0,1
43.31000000,68.72369310,68.46106467,68.42312285,69.06009978,0,1
43.32000000,68.81014489,68.41654613,68.42981183,68.98226117,0,1
43.33000000,68.82604479,68.37285881,68.31855389,69.04702133,0,1
43.34000000,68.65309205,68.39330140,68.31040867,69.10230170,0,1
43.35000000,68.66785262,68.50172023,68.32798695,69.07608401,0,1
43.36000000,68.67383819,68.45913238,68.32940636,69.08500827,0,1
43.37000000,68.75103604,68.46327074,68.34300535,69.04707996,0,1
43.38000000,68.71734345,68.38882178,68.31298391,69.05362955,0,1
43.39000000,68.68487762,68.39999925,68.31225742,69.02979497,0,1
43.40000000,68.68019554,68.46514781,68.29544086,69.03340733,0,1
43.41000000,68.68353229,68.49216287,68.43339623,69.02871305,0,1
43.42000000,68.71659648,68.43610154,68.39304934,69.06082061,0,1
43.43000000,68.71511498,68.39404549,68.33359907,69.13663963,0,1
43.44000000,68.70208697,68.40793788,68.27455836,69.11471181,0,1
43.45000000,68.66516291,68.44852602,68.29872166,69.13873144,0,1
43.46000000,68.63631438,68.47808814,68.39749685,69.10302561,0,1
43.47000000,68.68209928,68.45581567,68.42116501,69.03853329,0,1
43.48000000,68.66424080,68.44040456,68.32152021,69.05031688,0,1
43.49000000,68.68421202,68.42581465,68.24231493,69.02126438,0,1
43.50000000,68.68698995,68.45529164,68.25207128,68.99418887,0,1
43.51000000,68.65200524,68.44148325,68.28312892,69.02702952,0,1
43.52000000,68.68335860,68.40273158,68.28484136,69.03436618,0,1
43.53000000,68.64329931,68.40047463,68.25526942,69.05113798,0,1
43.54000000,68.65982064,68.43679014,68.24370150,69.05791058,0,1
43.55000000,68.60861239,68.45041743,68.23287522,68.99237600,0,1
43.56000000,68.64070038,68.42831658,68.26320524,69.03873764,0,1
43.57000000,68.59916987,68.41212520,68.29790586,68.98662080,0,1
43.58000000,68.65305672,68.38463029,68.26973106,68.95005231,0,1
43.59000000,68.67371270,68.39548907,68.26206635,68.96419925,0,1
43.60000000,68.64087332,68.45858386,68.26471893,69.01946198,0,1
43.61000000,68.63090142,68.45241386,68.25119771,69.05659622,0,1
43.62000000,68.64923115,68.40635724,68.27302117,69.03852685,0,1
43.63000000,68.66315643,68.40111590,68.23514679,69.07127321,0,1
43.64000000,68.63345300,68.45016310,68.23343689,69.03364364,0,1
43.65000000,68.61674326,68.43777852,68.24542244,68.99315037,0,1
43.66000000,68.59904488,68.39877239,68.25680087,68.99945255,0,1
43.67000000,68.62400106,68.35783464,68.24713333,68.95289344,0,1
43.68000000,68.64169254,68.35526444,68.23202175,68.90919481,0,1
43.69000000,68.64123872,68.38611677,68.19985589,69.02589071,0,1
43.70000000,68.64660181,68.41889450,68.21355965,69.00805653,0,1
43.71000000,68.60984611,68.37264927,68.16398399,68.92743007,0,1
43.72000000,68.59198506,68.35843239,68.20592119,69.01710307,0,1
43.73000000,68.62433284,68.46174531,68.24364955,68.98655180,0,1
43.74000000,68.54157071,68.43877490,68.18777809,68.87626710,0,1
43.75000000,68.58880776,68.39392219,68.18159528,68.95395389,0,1
43.76000000,68.58674345,68.33471907,68.18640282,68.92187384,0,1
43.77000000,68.60134243,68.30985642,68.22489118,68.84767000,0,1
43.78000000,68.54152306,68.34945639,68.23982497,68.97216781,0,1
43.79000000,68.56771598,68.33827673,68.19739424,69.06605051,0,1
43.80000000,68.64074465,68.35550249,68.19886621,68.96863056,0,1
43.81000000,68.62037173,68.32824545,68.19303149,69.00545602,0,1
43.82000000,68.60038192,68.37738097,68.19095555,68.99562276,0,1
43.83000000,68.50808523,68.37431897,68.21259412,68.91794714,0,1
43.84000000,68.52894109,68.37757215,68.23523352,68.91652419,0,1
43.85000000,68.54799153,68.32915069,68.22358092,68.89234398,0,1
43.86000000,68.58523764,68.29412440,68.20012186,68.83422294,0,1
43.87000000,68.55831783,68.28643533,68.19136302,68.90533154,0,1
43.88000000,68.56124410,68.32847595,68.15422383,69.00266514,0,1
43.89000000,68.60467632,68.35909162,68.20068125,68.97183106,0,1
43.90000000,68.56651107,68.33106725,68.21990109,68.99761983,0,1
43.91000000,68.54110927,68.30420148,68.18905392,69.00048687,0,1
43.92000000,68.50661873,68.28744304,68.13001231,68.89243081,0,1
43.93000000,68.50806675,68.34118390,68.10383620,68.97206710,0,1
43.94000000,68.51237486,68.28991132,68.14119238,68.83346375,0,1
43.95000000,68.53201172,68.25814141,68.16563776,68.78114482,0,1
43.96000000,68.53254366,68.21698808,68.19069202,68.91493324,0,1
43.97000000,68.49891561,68.28408295,68.15207454,68.89627214,0,1
43.98000000,68.51409250,68.27332768,68.14876366,68.89255033,0,1
43.99000000,68.51137206,68.29664378,68.15363793,68.96312100,0,1
44.00000000,68.51762266,68.33345537,68.12333017,68.91777672,0,1
44.01000000,68.50370591,68.28926360,68.10706459,68.88798718,0,1
44.02000000,68.47309808,68.28518305,68.11425575,68.89920785,0,1
44.03000000,68.50099496,68.29589691,68.13534909,68.86097061,0,1
44.04000000,68.53584838,68.28596092,68.16665687,68.83360303,0,1
44.05000000,68.55157442,68.28968262,68.14482004,68.90668255,0,1
44.06000000,68.50841273,68.25332291,68.12298405,68.93165231,0,1
44.07000000,68.50028017,68.24989001,68.10151064,68.92099887,0,1
44.08000000,68.48932240,68.25779070,68.11504378,68.91755524,0,1
44.09000000,68.51666050,68.30203442,68.12860443,68.92377534,0,1
44.10000000,68.51337453,68.28385393,68.16260299,68.85211872,0,1
44.11000000,68.50702579,68.28194719,68.13521730,68.83396948,0,1
44.12000000,68.51954199,68.23884686,68.09454906,68.81984632,0,1
44.13000000,68.54799620,68.28001595,68.11906180,68.75108081,0,1
44.14000000,68.43067963,68.27037649,68.11721632,68.82606860,0,1
44.15000000,68.47433727,68.27109374,68.12421809,68.88891112,0,1
44.16000000,68.51421372,68.29084035,68.06863886,68.86119465,0,1
44.17000000,68.55520168,68.24337877,68.02933133,68.84517025,0,1
44.18000000,68.52306510,68.26491730,68.09173389,68.87096620,0,1
44.19000000,68.45746256,68.27640874,68.11310907,68.80139358,0,1
44.20000000,68.44537457,68.28316108,68.11110372,68.79050125,0,1
44.21000000,68.45285916,68.25585264,68.09819265,68.81592978,0,1
44.22000000,68.52587953,68.24953412,68.05910059,68.76962106,0,1
44.23000000,68.49133602,68.21894385,68.07123855,68.86142853,0,1
44.24000000,68.44708447,68.24795215,68.08402306,68.89337593,0,1
44.25000000,68.47741097,68.25196836,68.12505565,68.87205043,0,1
44.26000000,68.49786754,68.23632657,68.14072586,68.88695990,0,1
44.27000000,68.50398434,68.23601275,68.15006175,68.84101917,0,1
44.28000000,68.43464907,68.23716682,68.07098802,68.80767905,0,1
44.29000000,68.41578547,68.23855706,68.06596534,68.84206158,0,1
44.30000000,68.46067415,68.25242392,68.07193195,68.79957727,0,1
44.31000000,68.49110575,68.25097036,68.08670192,68.73148993,0,1
44.32000000,68.48722386,68.19408023,68.11218371,68.88388783,0,1
44.33000000,68.44499701,68.22938379,68.06031838,68.86085991,0,1
44.34000000,68.46245503,68.18041758,68.04956654,68.83259847,0,1
44.35000000,68.50112434,68.20463360,68.06625716,68.90049286,0,1
44.36000000,68.46619378,68.19906681,68.08584963,68.83079296,0,1
44.37000000,68.43754932,68.23140898,68.11548656,68.76465561,0,1
44.38000000,68.41036209,68.25908808,68.06976540,68.84158081,0,1
44.39000000,68.44502573,68.24997300,68.04062453,68.80924007,0,1
44.40000000,68.50490097,68.21797921,68.08469946,68.73898255,0,1
44.41000000,68.45298792,68.20667149,68.09999730,68.83358140,0,1
44.42000000,68.47880488,68.23889578,68.07994105,68.85237830,0,1
44.43000000,68.46579959,68.23962927,68.03344574,68.83984841,0,1
44.44000000,68.49166462,68.21314899,68.02341669,68.88090918,0,1
44.45000000,68.45670124,68.17300864,68.06228746,68.80375426,0,1
44.46000000,68.43710327,68.21229787,68.06801877,68.81200679,0,1
44.47000000,68.42442204,68.26750484,68.07948970,68.80758641,0,1
44.48000000,68.47089386,68.25926050,68.06360615,68.75176714,0,1
44.49000000,68.47686154,68.17489116,68.06184433,68.73194563,0,1
44.50000000,68.44776576,68.14127560,68.07226805,68.82207557,0,1
44.51000000,68.41739937,68.17620155,68.06807360,68.83822266,0,1
44.52000000,68.44641365,68.23954784,68.06103617,68.84423251,0,1
44.53000000,68.46924246,68.20094774,68.04001865,68.83890156,0,1
44.54000000,68.50313703,68.19965671,68.06916356,68.77370026,0,1
44.55000000,68.42028329,68.17245592,68.02894031,68.76380631,0,1
44.56000000,68.39231209,68.21939347,68.06166147,68.78564618,0,1
44.57000000,68.38125598,68.18734121,68.03539638,68.75279965,0,1
44.58000000,68.47476355,68.22955331,68.04344188,68.67908427,0,1
44.59000000,68.48954783,68.17067987,68.06330243,68.80457640,0,1
44.60000000,68.41289322,68.15348290,68.01265795,68.79572190,0,1
44.61000000,68.40310580,68.17352173,68.02962474,68.79105346,0,1
44.62000000,68.38584802,68.17163776,68.06736522,68.86852126,0,1
44.63000000,68.42215314,68.20878709,68.09414826,68.81326522,0,1
44.64000000,68.42623825,68.20137258,68.08469190,68.75887706,0,1
44.65000000,68.41172466,68.17717840,68.03957464,68.83092783,0,1
44.66000000,68.42973289,68.18349475,68.02901366,68.73469860,0,1
44.67000000,68.40561767,68.18948661,68.02619685,68.72146589,0,1
44.68000000,68.39366413,68.20438753,68.06574487,68.82598550,0,1
44.69000000,68.36496739,68.17251418,68.01717888,68.74535304,0,1
44.70000000,68.38986896,68.14316732,67.96288904,68.80008002,0,1
44.71000000,68.42467197,68.08955526,67.97631929,68.83617331,0,1
44.72000000,68.46626871,68.21761301,68.01248718,68.74238818,0,1
44.73000000,68.34403330,68.17650373,68.10788020,68.77095371,0,1
44.74000000,68.32501237,68.19786185,68.03105518,68.76749801,0,1
44.75000000,68.28466392,68.08673446,68.08121991,68.65369221,0,1
44.76000000,68.41484058,68.12067709,67.99487826,68.74888986,0,1
44.77000000,68.42345977,68.14085720,67.98922404,68.81830234,0,1
44.78000000,68.34295779,68.12642537,68.00290808,68.73464978,0,1
44.79000000,68.33271286,68.12229887,68.01798410,68.80027588,0,1
44.80000000,68.39965061,68.07133911,68.02843790,68.77160652,0,1
44.81000000,68.42586731,68.14147505,68.06111761,68.76201298,0,1
44.82000000,68.36755125,68.12892585,68.00268812,68.74795867,0,1
44.83000000,68.32370180,68.13293753,67.97707695,68.71989685,0,1
44.84000000,68.30794219,68.11167301,67.96909626,68.68335583,0,1
44.85000000,68.40319363,68.11294471,67.98551179,68.70968206,0,1
44.86000000,68.38146870,68.09184745,68.04939026,68.74317350,0,1
44.87000000,68.41022757,68.14197990,68.05656780,68.78699487,0,1
44.88000000,68.39640398,68.19090303,68.00563844,68.80225965,0,1
44.89000000,68.40486089,68.15665418,68.00804045,68.78424934,0,1
44.90000000,68.38789301,68.10059882,68.02957914,68.76855715,0,1
44.91000000,68.37603569,68.08436069,68.02615465,68.79111858,0,1
44.92000000,68.35391388,68.10022288,68.00720499,68.82975238,0,1
44.93000000,68.37918555,68.13255151,67.97237114,68.75292457,0,1
44.94000000,68.43178370,68.21276362,67.98127734,68.65766586,0,1
44.95000000,68.40373147,68.17939765,68.02023056,68.80057347,0,1
44.96000000,68.40340536,68.17637000,67.98633248,68.71493215,0,1
44.97000000,68.42532477,68.17119834,68.01073926,68.75876262,0,1
44.98000000,68.45606600,68.16969982,67.96321472,68.80832278,0,1
44.99000000,68.40556238,68.14235848,67.91293972,68.65018009,0,1
45.00000000,68.39942622,68.19734742,67.92276075,68.68414892,0,1
45.01000000,68.34338358,68.17639065,67.93249437,68.69967231,0,1
45.02000000,68.39069129,68.19981669,68.00395534,68.59280182,0,1
45.03000000,68.42070190,68.15294738,67.98506612,68.68637310,0,1
45.04000000,68.42597097,68.16524347,67.97265002,68.74240726,0,1
45.05000000,68.38103779,68.20180895,67.96804639,68.71263448,0,1
45.06000000,68.42411330,68.20921557,67.93919928,68.76505770,0,1
45.07000000,68.42654765,68.19614773,67.93127690,68.75816486,0,1
45.08000000,68.40014395,68.17027831,67.95454038,68.66761034,0,1
45.09000000,68.37475925,68.17028852,67.94248346,68.70276990,0,1
45.10000000,68.36525690,68.15744825,67.95117460,68.70313738,0,1
45.11000000,68.34534911,68.14779207,67.95323774,68.57706169,0,1
45.12000000,68.38667833,68.13202256,67.97624011,68.63147405,0,1
45.13000000,68.38189203,68.12807607,67.97380117,68.72268219,0,1
45.14000000,68.37835792,68.15379922,67.99002520,68.68087320,0,1
45.15000000,68.34238447,68.13475037,67.94182788,68.76595824,0,1
45.16000000,68.33360110,68.08760030,67.91177339,68.68828460,0,1
45.17000000,68.31424766,68.12638538,67.96695110,68.69063720,0,1
45.18000000,68.35150457,68.11859827,67.91416749,68.67501335,0,1
45.19000000,68.34556011,68.11212093,67.96232286,68.63942868,0,1
45.20000000,68.28089509,68.10776822,67.95985657,68.67757867,0,1
45.21000000,68.32025255,68.01882708,67.97106661,68.66894405,0,1
45.22000000,68.31403513,68.05157763,67.94665764,68.70209752,0,1
45.23000000,68.33107728,68.09018254,67.95625780,68.73333209,0,1
45.24000000,68.30323926,68.09592940,67.91732383,68.74506479,0,1
45.25000000,68.26536960,68.03414531,67.93069981,68.69437661,0,1
45.26000000,68.27169949,68.03039920,67.94115634,68.70419987,0,1
45.27000000,68.31619983,68.03281577,67.95030363,68.70545600,0,1
45.28000000,68.28125009,68.02894766,67.97284868,68.64873828,0,1
45.29000000,68.25232157,68.01364047,67.95338066,68.60296769,0,1
45.30000000,68.23583769,68.01551595,67.92247435,68.57455491,0,1
45.31000000,68.25389371,67.99558555,67.92100449,68.63012136,0,1
45.32000000,68.25642686,68.00886277,67.94627462,68.75414444,0,1
45.33000000,68.29667218,67.99455300,67.93857486,68.69925107,0,1
45.34000000,68.27725264,67.99996687,67.91392107,68.67910405,0,1
45.35000000,68.26810599,67.99938243,67.96309327,68.72365516,0,1
45.36000000,68.26235460,68.03825024,67.93076360,68.61943995,0,1
45.37000000,68.26897213,68.04015115,67.99051496,68.65395601,0,1
45.38000000,68.25041042,68.01767710,67.96793929,68.65720076,0,1
45.39000000,68.22618816,67.97960013,67.90928421,68.58692968,0,1
45.40000000,68.25354729,67.98294162,67.89573506,68.64538376,0,1
45.41000000,68.26472589,68.02168518,67.92559889,68.66785140,0,1
45.42000000,68.26512020,68.00032717,67.93131359,68.67390301,0,1
45.43000000,68.24998918,67.98241033,67.90755075,68.66002677,0,1
45.44000000,68.21889174,67.98529041,67.89037067,68.61622706,0,1
45.45000000,68.20921714,68.02860232,67.84110919,68.62240435,0,1
45.46000000,68.21373044,68.01553196,67.84484871,68.64231652,0,1
45.47000000,68.24284904,67.99005223,67.85672060,68.55951599,0,1
45.48000000,68.24932096,67.96966382,67.84877565,68.53104285,0,1
45.49000000,68.25588409,67.96153334,67.84390102,68.61061085,0,1
45.50000000,68.21001407,67.98592237,67.81749489,68.57467416,0,1
45.51000000,68.21057051,68.01798041,67.83749446,68.62047649,0,1
45.52000000,68.20147972,67.96478179,67.84822959,68.60277182,0,1
45.53000000,68.23971728,67.99623945,67.80996053,68.56244192,0,1
45.54000000,68.28488472,67.96631402,67.82379880,68.57377127,0,1
45.55000000,68.17771760,67.95161179,67.87720865,68.56549892,0,1
45.56000000,68.10238165,67.94520658,67.87933842,68.51892551,0,1
45.57000000,68.19561065,67.97382576,67.88187335,68.49513167,0,1
45.58000000,68.22653950,68.00073650,67.85293977,68.60335492,0,1
45.59000000,68.29501224,67.97390366,67.79962220,68.53443907,0,1
45.60000000,68.18237821,67.99119357,67.77393182,68.59256967,0,1
45.61000000,68.19578607,67.95609726,67.78338436,68.58581465,0,1
45.62000000,68.20338839,67.96238244,67.81621376,68.54289783,0,1
45.63000000,68.24680326,67.97314488,67.82089514,68.56669601,0,1
45.64000000,68.22524847,68.00678218,67.81288170,68.57725785,0,1
45.65000000,68.20187025,67.96694101,67.79323126,68.49777005,0,1
45.66000000,68.22277646,67.99453731,67.82533846,68.54670123,0,1
45.67000000,68.26124770,67.98106512,67.84942417,68.58684451,0,1
45.68000000,68.24630282,67.99532486,67.91273979,68.58359380,0,1
45.69000000,68.22825208,68.04556919,67.86793077,68.63280225,0,1
45.70000000,68.20523380,67.98338659,67.74964336,68.59062012,0,1
45.71000000,68.20850509,67.99361055,67.75661731,68.51071724,0,1
45.72000000,68.25140571,67.97355455,67.78305070,68.54972761,0,1
45.73000000,68.22089882,67.98396374,67.80073029,68.52168676,0,1
45.74000000,68.15425363,67.95441188,67.80176050,68.45333777,0,1
45.75000000,68.19797732,67.92288995,67.78807764,68.45798164,0,1
45.76000000,68.18290100,67.96304370,67.74753985,68.61042516,0,1
45.77000000,68.24712187,67.99261552,67.81888244,68.54649117,0,1
45.78000000,68.19391727,68.00540681,67.79790330,68.55372025,0,1
45.79000000,68.17162898,67.94154502,67.80468987,68.57943276,0,1
45.80000000,68.25951192,67.97246981,67.81993271,68.49920501,0,1
45.81000000,68.25765830,68.01034281,67.81095773,68.51682434,0,1
45.82000000,68.20814831,68.01278323,67.82291743,68.54688132,0,1
45.83000000,68.12229370,67.95931780,67.85496466,68.47637041,0,1
45.84000000,68.17747253,67.91788445,67.82504725,68.51054550,0,1
45.85000000,68.19562264,67.90697335,67.80286178,68.59219148,0,1
45.86000000,68.19708758,67.95558331,67.81183247,68.58078823,0,1
45.87000000,68.16756000,67.97621679,67.85186500,68.61814273,0,1
45.88000000,68.20011735,67.94618375,67.83812193,68.62557971,0,1
45.89000000,68.20670311,67.91590217,67.82508106,68.56293787,0,1
45.90000000,68.21673040,67.94750917,67.81796243,68.55067330,0,1
45.91000000,68.20380984,67.99249422,67.75885304,68.56392053,0,1
45.92000000,68.14282445,67.98006786,67.77753028,68.48587720,0,1
45.93000000,68.17473551,67.91518711,67.76621927,68.46662198,0,1
45.94000000,68.18323405,67.88183247,67.81572657,68.56653264,0,1
45.95000000,68.19027473,67.93483261,67.80984189,68.54907549,0,1
45.96000000,68.14769263,67.93690456,67.81704686,68.57536759,0,1
45.97000000,68.15268219,67.94389892,67.77897914,68.60409324,0,1
45.98000000,68.17242302,67.95787490,67.81937174,68.53199313,0,1
45.99000000,68.27502050,68.01393773,67.81516877,68.54088817,0,1
46.00000000,68.16987967,67.94704609,67.80380056,68.52627059,0,1
46.01000000,68.14593720,67.94700711,67.79825249,68.49338014,0,1
46.02000000,68.11484583,67.88531749,67.80427935,68.45928642,0,1
46.03000000,68.21225117,67.93834161,67.80366145,68.56012057,0,1
46.04000000,68.18325211,67.93521287,67.77664088,68.59461893,0,1
46.05000000,68.18317420,67.92446472,67.78429981,68.57472493,0,1
46.06000000,68.16892907,67.90833631,67.81687091,68.59162635,0,1
46.07000000,68.17163202,67.93869862,67.83910343,68.56639861,0,1
46.08000000,68.16791939,67.98378065,67.83858021,68.48115885,0,1
46.09000000,68.15507855,67.97524083,67.83342773,68.52115018,0,1
46.10000000,68.17983993,67.92983464,67.78894645,68.50860007,0,1
46.11000000,68.15959202,67.91739983,67.73306443,68.41369390,0,1
46.12000000,68.10911747,67.87988939,67.71968310,68.53281576,0,1
46.13000000,68.12176454,67.91007050,67.78059552,68.52217189,0,1
46.14000000,68.21418601,67.96320083,67.81403850,68.55950015,0,1
46.15000000,68.21420456,67.89224749,67.76225383,68.58882649,0,1
46.16000000,68.13388103,67.87752689,67.76186493,68.55721822,0,1
46.17000000,68.08785743,67.92867004,67.72155845,68.49414226,0,1
46.18000000,68.11331207,67.94839922,67.77262149,68.54759169,0,1
46.19000000,68.10111507,67.96196061,67.76100152,68.44283083,0,1
46.20000000,68.06421133,67.88253490,67.78591657,68.39666369,0,1
46.21000000,68.14973596,67.90143814,67.75172431,68.51996629,0,1
46.22000000,68.20512930,67.87159064,67.72958993,68.50733901,0,1
46.23000000,68.10412662,67.89892615,67.73877326,68.52727914,0,1
46.24000000,68.07926089,67.87436022,67.78728028,68.55865855,0,1
46.25000000,68.05404337,67.90144726,67.80013383,68.49164809,0,1
46.26000000,68.15134454,67.90915237,67.74235909,68.51567661,0,1
46.27000000,68.17252376,67.92031609,67.71705530,68.53612653,0,1
46.28000000,68.10875581,67.90166090,67.79667485,68.47227920,0,1
46.29000000,68.08240981,67.87659568,67.85833279,68.47991912,0,1
46.30000000,68.11667801,67.89081534,67.82548430,68.55895841,0,1
46.31000000,68.15820357,67.90951060,67.79787184,68.54540328,0,1
46.32000000,68.15118866,67.92490895,67.77007857,68.54476712,0,1
46.33000000,68.14015612,67.90885135,67.74751353,68.60356280,0,1
46.34000000,68.14672412,67.92679820,67.67875640,68.50552694,0,1
46.35000000,68.16947041,67.94283922,67.70276148,68.45317386,0,1
46.36000000,68.20887054,67.92912900,67.81303394,68.56357124,0,1
46.37000000,68.11771049,68.00815554,67.75677540,68.47185897,0,1
46.38000000,68.16136245,67.97035002,67.73971774,68.34373824,0,1
46.39000000,68.14890682,67.88714970,67.69463024,68.50864065,0,1
46.40000000,68.20887832,67.89489684,67.72956920,68.58813492,0,1
46.41000000,68.17906582,67.88836504,67.74645870,68.49442380,0,1
46.42000000,68.16442573,67.97091053,67.78032858,68.55541662,0,1
46.43000000,68.13471292,67.97027523,67.73743708,68.50900138,0,1
46.44000000,68.11762269,67.96665084,67.74972423,68.46404185,0,1
46.45000000,68.14263398,67.93715592,67.74086259,68.47690380,0,1
46.46000000,68.12525078,67.92380210,67.74020397,68.47402848,0,1
46.47000000,68.13127219,67.90726089,67.72412054,68.40608959,0,1
46.48000000,68.16420460,67.87856103,67.69769788,68.46932885,0,1
46.49000000,68.18492385,67.91399868,67.69937061,68.50549511,0,1
46.50000000,68.10770427,67.89265571,67.73256370,68.51119041,0,1
46.51000000,68.02362685,67.91044274,67.71174314,68.52783441,0,1
46.52000000,67.98395487,67.88698285,67.71750015,68.52313199,0,1
46.53000000,68.07368655,67.92546035,67.69121224,68.46348259,0,1
46.54000000,68.13933742,67.93165662,67.73571460,68.46614993,0,1
46.55000000,68.11968216,67.87250409,67.73036097,68.44641037,0,1
46.56000000,68.06177157,67.86415663,67.76445917,68.33620583,0,1
46.57000000,68.09200335,67.86911413,67.75778234,68.53174966,0,1
46.58000000,68.06884983,67.89153884,67.76212350,68.56781754,0,1
46.59000000,68.08444113,67.84752500,67.70282005,68.51335416,0,1
46.60000000,68.03229598,67.84568275,67.73822168,68.63167966,0,1
46.61000000,68.06219188,67.84316598,67.65861413,68.55086953,0,1
46.62000000,68.05758829,67.87557720,67.76023753,68.51639767,0,1
46.63000000,68.07921891,67.85904583,67.77988651,68.52153793,0,1
46.64000000,68.03755470,67.84305763,67.87242344,68.51623137,0,1
46.65000000,68.05420576,67.86817744,67.78787961,68.43147998,0,1
46.66000000,68.06105670,67.85424315,67.71123682,68.49671515,0,1
46.67000000,68.06013883,67.83746340,67.66292426,68.54455249,0,1
46.68000000,68.06176304,67.82549215,67.66693770,68.48447279,0,1
46.69000000,68.09620202,67.86466485,67.68023773,68.54020683,0,1
46.70000000,68.09162438,67.87518917,67.66480521,68.45788383,0,1
46.71000000,68.04898570,67.89170748,67.67671556,68.40399212,0,1
46.72000000,68.04512542,67.88480097,67.66371711,68.50778632,0,1
46.73000000,68.06953524,67.93726282,67.71005760,68.41180924,0,1
46.74000000,68.07630543,67.88974006,67.71079725,68.36823199,0,1
46.75000000,68.06540603,67.80948726,67.67426761,68.54362280,0,1
46.76000000,68.07333976,67.84355239,67.66229660,68.42214931,0,1
46.77000000,68.12465280,67.88178252,67.64023932,68.47237394,0,1
46.78000000,68.10126681,67.88454943,67.68315134,68.61102390,0,1
46.79000000,68.09739736,67.84931250,67.66970936,68.40930022,0,1
46.80000000,68.02788205,67.82167450,67.68100890,68.39377155,0,1
46.81000000,68.06895688,67.93183473,67.65939710,68.49773802,0,1
46.82000000,68.06700427,67.93700323,67.66024113,68.38214250,0,1
46.83000000,68.05753130,67.90512807,67.69088459,68.31268117,0,1
46.84000000,68.05160071,67.79867566,67.69995281,68.43969024,0,1
46.85000000,68.11565373,67.86444171,67.69855966,68.49149651,0,1
46.86000000,68.13410699,67.92057387,67.65323633,68.46628605,0,1
46.87000000,68.08107469,67.88113608,67.66108665,68.49242020,0,1
46.88000000,68.01095474,67.81450002,67.64029886,68.46512502,0,1
46.89000000,68.04259010,67.82379066,67.62637467,68.45708245,0,1
46.90000000,68.11877655,67.85594130,67.61966568,68.45920616,0,1
46.91000000,68.08524828,67.89231264,67.65799615,68.42528107,0,1
46.92000000,67.98401269,67.83873264,67.70474687,68.36346622,0,1
46.93000000,68.00904931,67.81176144,67.72735795,68.46214964,0,1
46.94000000,68.07785660,67.87741326,67.72785018,68.50111720,0,1
46.95000000,68.10993282,67.87321011,67.67976419,68.49109210,0,1
46.96000000,68.08368354,67.86715227,67.69986372,68.55497369,0,1
46.97000000,68.01334696,67.82807144,67.69150760,68.46294880,0,1
46.98000000,68.08217562,67.91084282,67.66295738,68.40889644,0,1
46.99000000,68.10492275,67.85391130,67.68185630,68.47528710,0,1
47.00000000,68.08207055,67.98502295,67.70939404,68.46090609,0,1
47.01000000,67.97425057,67.83612997,67.67654628,68.35861612,0,1
47.02000000,68.04699216,67.84990649,67.67543804,68.48333750,0,1
47.03000000,68.09454538,67.78691567,67.65136732,68.46527412,0,1
47.04000000,68.13265585,67.87011111,67.70384163,68.50617572,0,1
47.05000000,68.06511317,67.82657846,67.69248526,68.51404770,0,1
47.06000000,68.02802305,67.82406597,67.65426552,68.43979835,0,1
47.07000000,68.07983641,67.84330630,67.65100916,68.45482931,0,1
47.08000000,68.11706450,67.88833323,67.67034443,68.43876882,0,1
47.09000000,68.09926408,67.85858067,67.68890271,68.40160718,0,1
47.10000000,68.04037753,67.83103572,67.68256403,68.36136389,0,1
47.11000000,68.02394500,67.81882614,67.67516776,68.33073923,0,1
47.12000000,68.05864188,67.84639789,67.65128513,68.40475674,0,1
47.13000000,68.06215097,67.86055560,67.64904442,68.47074682,0,1
47.14000000,68.02791228,67.79841509,67.65690243,68.40132336,0,1
47.15000000,68.02335482,67.89381953,67.66596148,68.46423358,0,1
47.16000000,68.10997402,67.88988934,67.60765636,68.45957055,0,1
47.17000000,68.11956097,67.92893746,67.68158990,68.40042609,0,1
47.18000000,68.07032071,67.72622866,67.66890739,68.45248704,0,1
47.19000000,67.98902744,67.84890859,67.67682222,68.43517683,0,1
47.20000000,68.01432089,67.74903601,67.64803895,68.43939445,0,1
47.21000000,68.05137850,67.84905459,67.63857663,68.52442820,0,1
47.22000000,68.04711181,67.85332631,67.69135235,68.48902246,0,1
47.23000000,68.02724486,67.83058528,67.69122807,68.50671781,0,1
47.24000000,68.05958079,67.84364773,67.71176181,68.47405213,0,1
47.25000000,68.08439195,67.81348836,67.68153060,68.43131376,0,1
47.26000000,68.07586905,67.87125561,67.65659274,68.39393535,0,1
47.27000000,68.02927613,67.83356119,67.67808657,68.35672680,0,1
47.28000000,68.00539824,67.82930708,67.66406103,68.36271930,0,1
47.29000000,68.00421421,67.81393538,67.62149126,68.37408632,0,1
47.30000000,68.03111710,67.79712409,67.65834146,68.45836183,0,1
47.31000000,68.04317414,67.81245819,67.67756948,68.51391865,0,1
47.32000000,68.01799442,67.83079321,67.70670270,68.55467991,0,1
47.33000000,68.01201925,67.82763552,67.70981744,68.43705395,0,1
47.34000000,68.03911481,67.80677564,67.70088078,68.48928995,0,1
47.35000000,68.07106266,67.80766960,67.66633819,68.47172581,0,1
47.36000000,68.06648973,67.79297932,67.67217082,68.40148926,0,1
47.37000000,68.01172008,67.83984905,67.64038847,68.38765511,0,1
47.38000000,68.01946325,67.80891606,67.66274223,68.38389613,0,1
47.39000000,68.02786911,67.82810456,67.66428099,68.44854719,0,1
47.40000000,68.07883936,67.84216817,67.65686427,68.41668318,0,1
47.41000000,68.06534913,67.82948594,67.67731875,68.43347383,0,1
47.42000000,68.05226404,67.81830424,67.66464706,68.48697552,0,1
47.43000000,68.02995972,67.81309577,67.67949003,68.41477553,0,1
47.44000000,68.07705429,67.88963731,67.68240189,68.43173715,0,1
47.45000000,68.10058061,67.83605492,67.70919856,68.45571405,0,1
47.46000000,68.09511703,67.87477421,67.69216443,68.35862277,0,1
47.47000000,68.06439678,67.82424147,67.67479571,68.44567297,0,1
47.48000000,68.07972933,67.86611526,67.67992378,68.50037994,0,1
47.49000000,68.08538839,67.86553449,67.67976155,68.44721909,0,1
47.50000000,68.10861595,67.85171136,67.68094125,68.50322340,0,1
47.51000000,68.10717961,67.86618659,67.67039439,68.44400696,0,1
47.52000000,68.11369978,67.86298663,67.64699144,68.36643394,0,1
47.53000000,68.12880383,67.89283334,67.64187993,68.40675049,0,1
47.54000000,68.12492155,67.84018040,67.63836020,68.35034057,0,1
47.55000000,68.03582286,67.85390481,67.68026531,68.26345173,0,1
47.56000000,68.04741483,67.83240911,67.67935252,68.37443236,0,1
47.57000000,68.03047098,67.84029103,67.63413531,68.38692435,0,1
47.58000000,68.07722940,67.86287368,67.62312756,68.42669522,0,1
47.59000000,68.05506737,67.81227661,67.60725137,68.46639651,0,1
47.60000000,68.07045263,67.82144251,67.70490443,68.45240952,0,1
47.61000000,68.09154660,67.84866601,67.66987845,68.40253886,0,1
47.62000000,68.06536872,67.91991363,67.65585996,68.38361640,0,1
47.63000000,68.09435739,67.88209048,67.63574121,68.40700689,0,1
47.64000000,68.03916590,67.86326631,67.64781618,68.36179584,0,1
47.65000000,68.01838617,67.80546179,67.63545929,68.36748901,0,1
47.66000000,68.04014105,67.83039359,67.67039134,68.50429378,0,1
47.67000000,68.05735845,67.86450159,67.69586454,68.47767500,0,1
47.68000000,68.05353009,67.88243069,67.69573016,68.49575339,0,1
47.69000000,68.03281583,67.87043643,67.73911865,68.50310936,0,1
47.70000000,68.02923336,67.85242564,67.73269837,68.46841630,0,1
47.71000000,68.04465387,67.87091929,67.70932947,68.47988929,0,1
47.72000000,68.09357750,67.88020848,67.67563308,68.46624538,0,1
47.73000000,68.06869177,67.85659668,67.67471196,68.38111550,0,1
47.74000000,68.02387664,67.84016114,67.65660351,68.45193512,0,1
47.75000000,68.01229213,67.84941693,67.68267359,68.47963175,0,1
47.76000000,68.02261216,67.88225680,67.68086485,68.46373289,0,1
47.77000000,68.04470322,67.92532166,67.68081137,68.53951629,0,1
47.78000000,68.03520950,67.89443057,67.68453097,68.47856606,0,1
47.79000000,68.03056738,67.86572842,67.65994990,68.44510945,0,1
47.80000000,67.99183099,67.82525751,67.62868108,68.45896051,0,1
47.81000000,68.06149648,67.84582260,67.69050914,68.45290914,0,1
47.82000000,68.06020009,67.88395186,67.68316227,68.41881689,0,1
47.83000000,68.03157233,67.86882480,67.67419211,68.42754641,0,1
47.84000000,68.00911407,67.89372172,67.66509618,68.50610644,0,1
47.85000000,68.03094534,67.91457336,67.59969644,68.47987218,0,1
47.86000000,68.05132637,67.91844767,67.63419533,68.52516040,0,1
47.87000000,68.03689966,67.88077521,67.68267925,68.49625049,0,1
47.88000000,68.01930096,67.86513887,67.68499687,68.44055563,0,1
47.89000000,68.04416689,67.89300129,67.67761479,68.47269837,0,1
47.90000000,68.07552075,67.93447177,67.66626465,68.46509585,0,1
47.91000000,68.04916941,67.93172948,67.67648196,68.39370946,0,1
47.92000000,68.00450960,67.86422078,67.67752943,68.47366424,0,1
47.93000000,67.98882710,67.82314243,67.69572323,68.51764287,0,1
47.94000000,68.04783894,67.87912685,67.64938984,68.51434271,0,1
47.95000000,68.02720840,67.90420326,67.60327994,68.55324723,0,1
47.96000000,67.99711171,67.90759293,67.62154691,68.50649072,0,1
47.97000000,67.98333721,67.87209126,67.62634427,68.42809115,0,1
47.98000000,68.04597322,67.88333639,67.62264740,68.44435351,0,1
47.99000000,68.05510003,67.81563745,67.63181686,68.42811787,0,1
48.00000000,67.99556966,67.85371456,67.64624836,68.32417011,0,1
48.01000000,67.95794630,67.86210123,67.60875003,68.42243764,0,1
48.02000000,67.96109965,67.85256949,67.60771549,68.52261293,0,1
48.03000000,68.00307432,67.89253703,67.62471660,68.43789566,0,1
48.04000000,67.98567854,67.81930288,67.63636837,68.51713790,0,1
48.05000000,67.95167949,67.84566834,67.62735196,68.49013634,0,1
48.06000000,67.96564056,67.80336444,67.63539426,68.42459083,0,1
48.07000000,67.98072651,67.85507039,67.63187621,68.46468003,0,1
48.08000000,68.00702719,67.85811590,67.65719098,68.47074614,0,1
48.09000000,67.96803835,67.88526902,67.65186896,68.42553090,0,1
48.10000000,67.95700707,67.87537674,67.61542648,68.46814228,0,1
48.11000000,67.92365870,67.85075270,67.61173513,68.50560006,0,1
48.12000000,67.93089917,67.85714648,67.62196659,68.50392423,0,1
48.13000000,67.97005896,67.85170145,67.63823948,68.57490802,0,1
48.14000000,68.02535063,67.91202085,67.64046710,68.52382158,0,1
48.15000000,68.00094743,67.89521069,67.61419773,68.47947408,0,1
48.16000000,67.98695743,67.89979555,67.59907445,68.52215699,0,1
48.17000000,67.96906514,67.89936700,67.59325573,68.45318460,0,1
48.18000000,67.99011762,67.87257156,67.60680452,68.36198203,0,1
48.19000000,67.96883788,67.87876581,67.57623335,68.45758525,0,1
48.20000000,68.00797230,67.88465674,67.60812523,68.52487248,0,1
48.21000000,68.07127776,67.94584172,67.57909016,68.45579301,0,1
48.22000000,67.98945941,67.91583181,67.59786106,68.57945165,0,1
48.23000000,68.05682056,67.91603727,67.62175023,68.52217842,0,1
48.24000000,68.01306277,67.91202256,67.66204295,68.43976665,0,1
48.25000000,68.05291372,67.92067187,67.63694173,68.47028483,0,1
48.26000000,68.03438598,67.92594996,67.58685027,68.42617250,0,1
48.27000000,68.06385430,67.91973869,67.57936741,68.39073578,0,1
48.28000000,67.98831428,67.92587670,67.58690599,68.41866223,0,1
48.29000000,67.99126255,67.90149928,67.60022505,68.44983598,0,1
48.30000000,68.01000615,67.90649985,67.58460368,68.47142778,0,1
48.31000000,68.00131191,67.89118133,67.56351347,68.48380621,0,1
48.32000000,68.00431437,67.89308045,67.56226001,68.49520292,0,1
48.33000000,67.98371903,67.90591759,67.54997980,68.45942959,0,1
48.34000000,67.92744231,67.92239028,67.52864956,68.41356253,0,1
48.35000000,67.95291149,67.91793048,67.59759691,68.40785655,0,1
48.36000000,68.06208765,67.85155390,67.54492066,68.37200937,0,1
48.37000000,68.04435814,67.86609062,67.60287446,68.39373289,0,1
48.38000000,67.99182705,67.85446250,67.60085560,68.50438746,0,1
48.39000000,67.88450821,67.89060819,67.57548808,68.52030651,0,1
48.40000000,67.84607788,67.86247105,67.59677979,68.56170744,0,1
48.41000000,67.87023475,67.90796979,67.63009606,68.55512739,0,1
48.42000000,67.89645543,67.84566766,67.60782005,68.49792838,0,1
48.43000000,67.93588264,67.87619621,67.62536756,68.51720003,0,1
48.44000000,67.98766435,67.85711547,67.61751581,68.49877656,0,1
48.45000000,67.98307184,67.86342012,67.61779315,68.43096318,0,1
48.46000000,67.95037519,67.81437803,67.62549696,68.47578187,0,1
48.47000000,67.91229875,67.81047294,67.59606323,68.51319164,0,1
48.48000000,67.96061810,67.82785052,67.53764464,68.50225165,0,1
48.49000000,67.93491764,67.87510776,67.45450357,68.53327336,0,1
48.50000000,67.93756896,67.86493152,67.50930854,68.51102801,0,1
48.51000000,67.94069609,67.82315625,67.64289271,68.45964734,0,1
48.52000000,67.95230807,67.81033559,67.64515322,68.43521958,0,1
48.53000000,67.95755899,67.84972402,67.71577094,68.46240538,0,1
48.54000000,67.96573320,67.84246548,67.67208374,68.43415603,0,1
48.55000000,67.95918105,67.81575015,67.60931151,68.39854114,0,1
48.56000000,67.94705862,67.82132335,67.58389623,68.49277435,0,1
48.57000000,67.96780425,67.82897412,67.55250647,68.52493196,0,1
48.58000000,67.96663307,67.88569226,67.55835402,68.52220208,0,1
48.59000000,67.95415881,67.84822143,67.53412231,68.49726248,0,1
48.60000000,67.94922635,67.89181341,67.52508820,68.44894855,0,1
48.61000000,67.97153416,67.86207535,67.50035337,68.42223173,0,1
48.62000000,67.99550328,67.83263240,67.56951012,68.41408555,0,1
48.63000000,67.96841756,67.78962199,67.55057460,68.36316685,0,1
48.64000000,67.93257184,67.77918870,67.53172646,68.36540072,0,1
48.65000000,67.99105405,67.86216441,67.58116404,68.46702560,0,1
48.66000000,67.99217573,67.86505332,67.53872860,68.45830257,0,1
48.67000000,67.95503028,67.88342116,67.53320538,68.46976918,0,1
48.68000000,67.86661680,67.85737621,67.53949870,68.48342610,0,1
48.69000000,67.91633809,67.87670527,67.58387413,68.43427659,0,1
48.70000000,67.96900650,67.85819201,67.58287554,68.37399463,0,1
48.71000000,68.00686721,67.83678772,67.55160209,68.37352249,0,1
48.72000000,67.98649333,67.80697768,67.53947419,68.33136875,0,1
48.73000000,67.94461514,67.84725752,67.57485260,68.40189948,0,1
48.74000000,67.97324567,67.89052447,67.55466029,68.46580785,0,1
48.75000000,67.99358796,67.86640133,67.56608951,68.43964000,0,1
48.76000000,67.97242234,67.83902416,67.55159953,68.51075948,0,1
48.77000000,67.94495084,67.81073648,67.52599420,68.48045177,0,1
48.78000000,67.92585136,67.83453669,67.50596133,68.40239317,0,1
48.79000000,67.91389567,67.87961227,67.62026473,68.45396032,0,1
48.80000000,67.96671589,67.90008749,67.59959307,68.41437218,0,1
48.81000000,67.98084519,67.80548287,67.61559507,68.29658024,0,1
48.82000000,68.00205403,67.78389384,67.55857906,68.36763753,0,1
48.83000000,67.93223172,67.81073670,67.50147715,68.45006415,0,1
48.84000000,67.94072431,67.87335468,67.53465780,68.42049385,0,1
48.85000000,67.92050383,67.82757655,67.55998583,68.47718236,0,1
48.86000000,67.93104952,67.81187175,67.51149266,68.48182311,0,1
48.87000000,68.00551367,67.84940988,67.50257890,68.41455137,0,1
48.88000000,67.97513493,67.80965927,67.53188610,68.42472718,0,1
48.89000000,67.99006497,67.80562836,67.60231821,68.40885918,0,1
48.90000000,68.02720759,67.79245081,67.64785038,68.31410279,0,1
48.91000000,68.04221146,67.78476104,67.66299106,68.35476070,0,1
48.92000000,68.01142208,67.81040374,67.66447263,68.48342897,0,1
48.93000000,67.96068989,67.84363226,67.61671987,68.43344712,0,1
48.94000000,67.98772528,67.81668374,67.61415823,68.46936445,0,1
48.95000000,67.98758607,67.81629943,67.62592801,68.49830547,0,1
48.96000000,68.04736480,67.79571480,67.66376222,68.36791896,0,1
48.97000000,68.05850517,67.76162589,67.64961246,68.39787044,0,1
48.98000000,68.01031598,67.81063988,67.64438787,68.38120525,0,1
48.99000000,68.02073085,67.83624663,67.60753092,68.30776314,0,1
49.00000000,67.95605015,67.82008711,67.57977055,68.36867260,0,1
49.01000000,68.03055546,67.81467968,67.61697391,68.42151850,0,1
49.02000000,67.99560812,67.71976747,67.52519863,68.41696846,0,1
49.03000000,67.98137679,67.73555649,67.52155349,68.45782638,0,1
49.04000000,67.99895806,67.80402756,67.59070864,68.44490729,0,1
49.05000000,67.97476691,67.85177303,67.57914229,68.42652392,0,1
49.06000000,67.93734741,67.82917270,67.60714823,68.35222495,0,1
49.07000000,67.93108208,67.84939479,67.62191537,68.37199424,0,1
49.08000000,68.00895895,67.76165252,67.57107532,68.36365202,0,1
49.09000000,67.97871596,67.72663979,67.58566765,68.31043647,0,1
49.10000000,67.97917989,67.74342115,67.56085961,68.40203657,0,1
49.11000000,67.87790852,67.76287114,67.61181708,68.45079994,0,1
49.12000000,67.89337857,67.78129122,67.64800357,68.42815484,0,1
49.13000000,67.91456016,67.76975457,67.60000310,68.45720352,0,1
49.14000000,67.96533455,67.80665858,67.58044642,68.44592197,0,1
49.15000000,67.95515554,67.77868652,67.59573152,68.37872260,0,1
49.16000000,67.89012916,67.83870743,67.61220106,68.40238617,0,1
49.17000000,67.95207632,67.84268140,67.60310985,68.34496755,0,1
49.18000000,67.94678874,67.80150465,67.61561716,68.33376852,0,1
49.19000000,67.98516703,67.75360466,67.65464764,68.48799287,0,1
49.20000000,67.97123632,67.79214927,67.58050993,68.40549375,0,1
49.21000000,67.98873750,67.83360099,67.55087089,68.47333803,0,1
49.22000000,68.00462967,67.88272160,67.62372715,68.52994545,0,1
49.23000000,67.96499289,67.87818713,67.58456876,68.41855005,0,1
49.24000000,67.96196906,67.78686890,67.61392140,68.42068571,0,1
49.25000000,67.94489393,67.77563585,67.62044710,68.41851834,0,1
49.26000000,68.01698710,67.85632987,67.57243236,68.35441816,0,1
49.27000000,68.02397724,67.81107681,67.60533853,68.32282590,0,1
49.28000000,67.96375812,67.81121700,67.60428832,68.34914082,0,1
49.29000000,67.91590922,67.76567909,67.61044287,68.40714743,0,1
49.30000000,67.90258075,67.78232349,67.57584166,68.42781646,0,1
49.31000000,67.91818809,67.85904256,67.51472977,68.44810777,0,1
49.32000000,67.92874253,67.84041329,67.53667371,68.38742538,0,1
49.33000000,67.95268763,67.78529195,67.50073751,68.34818967,0,1
49.34000000,67.99461495,67.73510289,67.52112267,68.34716501,0,1
49.35000000,68.01698568,67.75162681,67.54041803,68.32282293,0,1
49.36000000,68.05707690,67.76510277,67.58068016,68.34800659,0,1
49.37000000,67.96361281,67.87278762,67.59706905,68.40301846,0,1
49.38000000,67.92748437,67.76897090,67.55922648,68.41418378,0,1
49.39000000,67.90544615,67.75646963,67.56908003,68.43972293,0,1
49.40000000,67.91184400,67.77234433,67.61239110,68.47130659,0,1
49.41000000,67.97643261,67.77474382,67.64522936,68.43046019,0,1
49.42000000,67.98854912,67.79115821,67.71610492,68.35416783,0,1
49.43000000,68.00690595,67.79688403,67.71721482,68.42523634,0,1
49.44000000,68.03353197,67.81065800,67.66746616,68.36114796,0,1
49.45000000,68.04693300,67.79523844,67.59882245,68.26209105,0,1
49.46000000,68.00114417,67.81406428,67.55284147,68.43100033,0,1
49.47000000,67.92604312,67.79267526,67.51823997,68.47469596,0,1
49.48000000,67.98177711,67.76140007,67.52894892,68.44825686,0,1
49.49000000,68.00456269,67.78748771,67.53945862,68.47467064,0,1
49.50000000,68.02803256,67.81543701,67.56366430,68.45679257,0,1
49.51000000,67.98732900,67.77457081,67.61170953,68.33089657,0,1
49.52000000,67.93190084,67.78718194,67.61099432,68.37573769,0,1
49.53000000,67.96218803,67.77377575,67.61351086,68.36083065,0,1
49.54000000,68.02122636,67.73813135,67.56021717,68.23765892,0,1
49.55000000,67.97058537,67.77445878,67.52571271,68.43097182,0,1
49.56000000,67.91750083,67.78413524,67.51212533,68.43981842,0,1
49.57000000,67.89177816,67.78222555,67.51224907,68.35405181,0,1
49.58000000,67.91726526,67.71351110,67.58220276,68.44337319,0,1
49.59000000,67.97962581,67.72045231,67.57477508,68.35462679,0,1
49.60000000,67.92120131,67.71518458,67.54470224,68.24349049,0,1
49.61000000,67.85417318,67.72182653,67.52652952,68.33547567,0,1
49.62000000,67.83140111,67.69962466,67.54080415,68.31388009,0,1
49.63000000,67.89744055,67.67276720,67.57292862,68.22259143,0,1
49.64000000,67.89618690,67.62211895,67.60541218,68.39890884,0,1
49.65000000,67.87229970,67.65901058,67.59222984,68.40525663,0,1
49.66000000,67.83700631,67.65281266,67.52274740,68.32222713,0,1
49.67000000,67.86087844,67.70370772,67.55064567,68.38190022,0,1
49.68000000,67.82205306,67.62827183,67.58650482,68.42103448,0,1
49.69000000,67.78789265,67.58250434,67.57441663,68.23589222,0,1
49.70000000,67.76244666,67.54743715,67.53718537,68.27408063,0,1
49.71000000,67.79457122,67.58034359,67.51211454,68.32524052,0,1
49.72000000,67.83845463,67.61410519,67.48022926,68.18839911,0,1
49.73000000,67.84430145,67.59903056,67.49540838,68.26794161,0,1
49.74000000,67.82404985,67.56357639,67.51717080,68.35056822,0,1
49.75000000,67.79074119,67.55038415,67.49300700,68.31313010,0,1
49.76000000,67.77576562,67.56779342,67.46793591,68.33498014,0,1
49.77000000,67.77217466,67.56770582,67.45024792,68.29484547,0,1
49.78000000,67.77447575,67.54006808,67.41093095,68.18803783,0,1
49.79000000,67.75871082,67.47505934,67.41019147,68.22516093,0,1
49.80000000,67.73839955,67.46940302,67.42132154,68.19987693,0,1
49.81000000,67.73826313,67.48267356,67.44979983,68.09569139,0,1
49.82000000,67.71316193,67.50440536,67.45491085,68.26646837,0,1
49.83000000,67.72185464,67.49507374,67.42636143,68.20155892,0,1
49.84000000,67.73862937,67.51811374,67.34760000,68.13561621,0,1
49.85000000,67.71708025,67.51243602,67.31962662,68.24065649,0,1
49.86000000,67.71882855,67.46045660,67.31775480,68.19916121,0,1
49.87000000,67.66271824,67.49118271,67.31934626,68.08635982,0,1
49.88000000,67.68171486,67.44240095,67.32997570,68.09642404,0,1
49.89000000,67.63692641,67.41631945,67.35248890,68.04824780,0,1
49.90000000,67.66210904,67.40667409,67.30477737,67.96909292,0,1
49.91000000,67.64414879,67.41152765,67.27760552,68.07450334,0,1
49.92000000,67.63594668,67.44115403,67.28753835,68.13984416,0,1
49.93000000,67.58261089,67.36981569,67.26984491,68.10836890,0,1
49.94000000,67.51818543,67.28656734,67.26650891,68.07330019,0,1
49.95000000,67.40231660,67.19537972,67.25030286,68.02284915,0,1
49.96000000,67.37832876,67.17943857,67.21867160,67.96941509,0,1
49.97000000,67.40979964,67.20905851,67.22076868,67.94762618,0,1
49.98000000,67.45787396,67.20359167,67.19518279,67.94511387,0,1
49.99000000,67.49615633,67.21405252,67.15573782,67.86948519,0,1
