time_s,wheel0_corrected_rad_s,wheel1_corrected_rad_s,wheel2_corrected_rad_s,wheel3_corrected_rad_s,FL_blowout_signal,RR_blowout_signal
0.00000000,63.73132929,63.25647994,63.35846224,63.48961539,0,0
0.01000000,63.69218478,63.19479472,63.32302322,63.40789322,0,0
0.02000000,63.63662147,63.19901672,63.26617924,63.36940446,0,0
0.03000000,63.50848793,63.24764743,63.23817304,63.33256049,0,0
0.04000000,63.47983454,63.30623152,63.23862553,63.32416666,0,0
0.05000000,63.53315447,63.27631815,63.19879448,63.28294620,0,0
0.06000000,63.60691366,63.18758150,63.17308546,63.18478496,0,0
0.07000000,63.50096654,63.11097119,63.08455343,63.19655006,0,0
0.08000000,63.41831564,63.08747562,63.05655732,63.19649956,0,0
0.09000000,63.33664235,63.08528302,63.04837713,63.16499836,0,0
0.10000000,63.43010568,63.11300082,63.11108511,63.16431719,0,0
0.11000000,63.37882612,63.00584597,63.04476240,63.08819699,0,0
0.12000000,63.24724565,62.88749847,63.01275063,63.06906229,0,0
0.13000000,63.12142628,62.81758166,62.90529994,63.08301661,0,0
0.14000000,63.12681075,62.88159383,62.87903758,63.08541110,0,0
0.15000000,63.19177575,62.90948989,62.93247763,63.03524916,0,0
0.16000000,63.11644742,62.85689309,62.88122045,62.95424846,0,0
0.17000000,63.06359846,62.77579685,62.77261940,62.82209318,0,0
0.18000000,62.93610630,62.73471861,62.71326104,62.84799272,0,0
0.19000000,62.97278226,62.68438944,62.70055740,62.87503969,0,0
0.20000000,63.04354947,62.67573521,62.62180977,62.86593985,0,0
0.21000000,62.98975526,62.59242457,62.58907680,62.74311141,0,0
0.22000000,62.83769162,62.49726773,62.55825264,62.71621600,0,0
0.23000000,62.75067780,62.45903513,62.57821734,62.72004635,0,0
0.24000000,62.80923727,62.49036322,62.56162082,62.68774676,0,0
0.25000000,62.82899645,62.50312255,62.57618267,62.64154880,0,0
0.26000000,62.70385578,62.49021587,62.58260323,62.62757007,0,0
0.27000000,62.61257398,62.42425452,62.52340931,62.59520202,0,0
0.28000000,62.55186080,62.38006287,62.48083548,62.58988039,0,0
0.29000000,62.64581710,62.35156341,62.43709075,62.58741128,0,0
0.30000000,62.79329431,62.28550478,62.42166211,62.55324339,0,0
0.31000000,62.77801815,62.22905740,62.38896416,62.45385863,0,0
0.32000000,62.68993684,62.20269601,62.37265556,62.41052997,0,0
0.33000000,62.50900567,62.22186312,62.31149548,62.39182210,0,0
0.34000000,62.51829849,62.35310076,62.28734453,62.41853124,0,0
0.35000000,62.59775858,62.29712646,62.21227727,62.38362680,0,0
0.36000000,62.64853294,62.21676905,62.23526515,62.27997589,0,0
0.37000000,62.53390248,62.11678476,62.12005580,62.25699876,0,0
0.38000000,62.44512101,62.10246324,62.12408653,62.26667957,0,0
0.39000000,62.42514133,62.11853976,62.16532532,62.23652247,0,0
0.40000000,62.48519432,62.15824602,62.20327070,62.20243234,0,0
0.41000000,62.49932785,62.13326543,62.18057535,62.17617903,0,0
0.42000000,62.45532324,62.09879202,62.02118576,62.13841444,0,0
0.43000000,62.33661892,62.04703643,61.89582647,62.17878037,0,0
0.44000000,62.29928990,62.06600004,61.85623575,62.14644386,0,0
0.45000000,62.31616168,62.04233426,61.92021467,62.13537076,0,0
0.46000000,62.30604165,61.95513939,61.93877280,62.05403677,0,0
0.47000000,62.30453875,61.91201294,61.98473098,62.00093455,0,0
0.48000000,62.19992783,61.83220078,61.97344613,62.00595144,0,0
0.49000000,62.09557102,61.84163694,61.94436992,62.02863081,0,0
0.50000000,62.08209758,61.81372791,61.84921916,62.05421618,0,0
0.51000000,62.12398754,61.78432817,61.82522216,62.00730428,0,0
0.52000000,62.08020981,61.72260311,61.80485175,61.98545384,0,0
0.53000000,62.00747075,61.67428065,61.77353283,61.93286468,0,0
0.54000000,61.93525082,61.60348400,61.76045862,61.88951966,0,0
0.55000000,61.89110373,61.58226424,61.72993780,61.81679798,0,0
0.56000000,61.84513854,61.54966400,61.77246276,61.81426047,0,0
0.57000000,61.89302022,61.56372848,61.75817755,61.76951472,0,0
0.58000000,61.91864274,61.56240395,61.76079575,61.76546185,0,0
0.59000000,61.82679565,61.54426375,61.59314691,61.73275798,0,0
0.60000000,61.81604528,61.52796890,61.53291535,61.69268114,0,0
0.61000000,61.76510725,61.46863043,61.53041007,61.70915396,0,0
0.62000000,61.76232745,61.46106406,61.54665416,61.62475649,0,0
0.63000000,61.70020484,61.39951520,61.55880930,61.61721746,0,0
0.64000000,61.64033928,61.44230603,61.46622689,61.61088438,0,0
0.65000000,61.63419378,61.44168533,61.36356464,61.55013234,0,0
0.66000000,61.69808093,61.41298025,61.33217082,61.46380609,0,0
0.67000000,61.64142299,61.25090023,61.30464713,61.49873668,0,0
0.68000000,61.66357713,61.20534959,61.35409687,61.46604625,0,0
0.69000000,61.62419368,61.21899024,61.33508502,61.46705490,0,0
0.70000000,61.51072173,61.26280345,61.28624676,61.45480561,0,0
0.71000000,61.45387761,61.32857535,61.22991437,61.40924727,0,0
0.72000000,61.38981809,61.27682159,61.21040523,61.35958176,0,0
0.73000000,61.40569746,61.14395251,61.22064965,61.34645774,0,0
0.74000000,61.41194053,61.06285556,61.22619947,61.34749855,0,0
0.75000000,61.40857524,61.04453973,61.14532878,61.35388508,0,0
0.76000000,61.32477022,61.04876611,61.11857054,61.28256156,0,0
0.77000000,61.28595718,61.06719634,61.10269237,61.20799243,0,0
0.78000000,61.24179520,61.01263873,61.08634001,61.13886077,0,0
0.79000000,61.21250988,60.99963251,61.01552257,61.03604149,0,0
0.80000000,61.26525203,60.95233093,60.91320815,61.07274134,0,0
0.81000000,61.22891136,60.89740504,60.87599752,61.07008719,0,0
0.82000000,61.11531631,60.81737657,60.84943514,61.15285151,0,0
0.83000000,61.07211391,60.85396502,60.81959484,61.11074675,0,0
0.84000000,61.04609000,60.80321503,60.83067174,60.95706830,0,0
0.85000000,60.99365850,60.74380559,60.82198755,60.96191393,0,0
0.86000000,61.02102205,60.70830365,60.76191009,60.90350760,0,0
0.87000000,60.99399183,60.65574631,60.71933374,60.87392317,0,0
0.88000000,61.00668482,60.67942295,60.70688428,60.88339954,0,0
0.89000000,60.95029872,60.66983537,60.68946233,60.81945133,0,0
0.90000000,60.86493862,60.64131922,60.69483121,60.78361228,0,0
0.91000000,60.85029362,60.61007727,60.70679863,60.74877020,0,0
0.92000000,60.83519135,60.56281616,60.63743170,60.72269483,0,0
0.93000000,60.76172047,60.53508306,60.60431354,60.71187626,0,0
0.94000000,60.70774934,60.47886088,60.49866983,60.71189914,0,0
0.95000000,60.68823372,60.42309499,60.44578987,60.66721205,0,0
0.96000000,60.69051350,60.40234635,60.45541115,60.64843062,0,0
0.97000000,60.72142266,60.36425663,60.45533396,60.64625196,0,0
0.98000000,60.68055599,60.33452433,60.44397523,60.59370343,0,0
0.99000000,60.65016020,60.32053326,60.36426854,60.52157843,0,0
1.00000000,60.52016312,60.31346333,60.36922352,60.53435004,0,0
1.01000000,60.57287406,60.28724228,60.31700703,60.49231803,0,0
1.02000000,60.51650735,60.19768477,60.29789211,60.44122316,0,0
1.03000000,60.48605181,60.17239080,60.22578897,60.37093274,0,0
1.04000000,60.38065038,60.19180780,60.18216223,60.36005760,0,0
1.05000000,60.33636559,60.16109911,60.13125185,60.30583902,0,0
1.06000000,60.36524795,60.10401347,60.10938229,60.27416406,0,0
1.07000000,60.35313553,60.02760241,60.08905925,60.25581322,0,0
1.08000000,60.31597809,60.00850024,60.11547278,60.22575248,0,0
1.09000000,60.32507397,59.96861779,60.06507449,60.19236746,0,0
1.10000000,60.26645450,59.98841699,60.03416775,60.13635013,0,0
1.11000000,60.21987024,59.98041331,59.98949224,60.17193032,0,0
1.12000000,60.20907784,59.96186301,59.96907147,60.13510590,0,0
1.13000000,60.13369015,59.88964127,59.97776923,60.05257959,0,0
1.14000000,60.07587361,59.85367877,59.95627685,60.08847218,0,0
1.15000000,60.05161820,59.79969847,59.88919404,60.05272599,0,0
1.16000000,60.09717597,59.77146250,59.83753780,60.02553365,0,0
1.17000000,60.08856692,59.79668656,59.78067408,59.99641600,0,0
1.18000000,60.04305301,59.75396499,59.78044279,59.93543381,0,0
1.19000000,59.93482407,59.65369999,59.76466209,59.88003515,0,0
1.20000000,60.00347679,59.62162801,59.73814496,59.85494960,0,0
1.21000000,59.92926736,59.64886325,59.70701133,59.78932504,0,0
1.22000000,59.88765434,59.62667475,59.64509166,59.82842665,0,0
1.23000000,59.82539173,59.61066851,59.62339586,59.77910099,0,0
1.24000000,59.77574363,59.53573449,59.58851691,59.70691701,0,0
1.25000000,59.82610361,59.51343881,59.57310063,59.72072555,0,0
1.26000000,59.79690370,59.45080809,59.52123020,59.69074455,0,0
1.27000000,59.77577418,59.44737960,59.47242690,59.65233777,0,0
1.28000000,59.70851878,59.40252721,59.43883211,59.61739359,0,0
1.29000000,59.59963644,59.33019808,59.44167879,59.57708908,0,0
1.30000000,59.62548729,59.30449963,59.39222555,59.52522390,0,0
1.31000000,59.59787966,59.24769032,59.35013698,59.47881073,0,0
1.32000000,59.55543197,59.28103525,59.33222491,59.46925924,0,0
1.33000000,59.50606387,59.29533303,59.29722574,59.44648322,0,0
1.34000000,59.50138226,59.27536793,59.25179335,59.39269083,0,0
1.35000000,59.49956915,59.15662062,59.21496931,59.38239348,0,0
1.36000000,59.40147432,59.04189561,59.18801344,59.33444506,0,0
1.37000000,59.25797560,59.01468953,59.16094142,59.29997679,0,0
1.38000000,59.20892527,59.01352259,59.14786438,59.26999808,0,0
1.39000000,59.26136884,59.07183584,59.09589611,59.27064873,0,0
1.40000000,59.30979385,59.06251161,59.05827323,59.21810094,0,0
1.41000000,59.34961199,58.97503939,59.02095739,59.14226201,0,0
1.42000000,59.22833342,58.89428979,58.98893041,59.10920234,0,0
1.43000000,59.11914793,58.87886543,58.98661052,59.11582260,0,0
1.44000000,59.08999684,58.90144091,59.00143548,59.15854138,0,0
1.45000000,59.07979421,58.86314726,58.96138075,59.08935119,0,0
1.46000000,59.08181912,58.80388970,58.87256579,59.01208351,0,0
1.47000000,59.03232602,58.74731122,58.85902230,59.02760549,0,0
1.48000000,58.98662221,58.73202294,58.77043156,58.90988714,0,0
1.49000000,58.93639478,58.73026693,58.72377054,58.94771375,0,0
1.50000000,58.90765054,58.68029861,58.76003459,58.91205992,0,0
1.51000000,58.89679882,58.60819782,58.74808718,58.89107774,0,0
1.52000000,58.90758151,58.56828047,58.78906659,58.79290558,0,0
1.53000000,58.90237271,58.53808501,58.71466072,58.74841979,0,0
1.54000000,58.83682937,58.51969412,58.58086519,58.74849477,0,0
1.55000000,58.71183385,58.48170116,58.50856176,58.67729070,0,0
1.56000000,58.61325191,58.47582075,58.49891535,58.66244968,0,0
1.57000000,58.60197064,58.42588430,58.49368404,58.64050322,0,0
1.58000000,58.64419153,58.38153246,58.42850635,58.59804353,0,0
1.59000000,58.67410459,58.32341694,58.33502513,58.55153224,0,0
1.60000000,58.62765103,58.30474354,58.28555510,58.49852748,0,0
1.61000000,58.53177630,58.20038146,58.28130860,58.46295024,0,0
1.62000000,58.47738993,58.19993527,58.29718215,58.37982326,0,0
1.63000000,58.45903570,58.16362073,58.30193572,58.33688000,0,0
1.64000000,58.40631677,58.17829335,58.28365880,58.29635036,0,0
1.65000000,58.44161538,58.14897604,58.16468142,58.26510927,0,0
1.66000000,58.31525002,58.07348326,58.09126971,58.24793824,0,0
1.67000000,58.26306741,58.02437024,58.07942193,58.25783890,0,0
1.68000000,58.23825190,58.01362293,58.05312739,58.27170342,0,0
1.69000000,58.21363091,57.94024914,58.04247057,58.24491966,0,0
1.70000000,58.20127535,57.94124965,58.10947331,58.19591652,0,0
1.71000000,58.17330098,57.84869366,58.05220664,58.17042475,0,0
1.72000000,58.10839905,57.84961136,57.95077159,58.11328286,0,0
1.73000000,58.14284158,57.85810691,57.88615666,58.07974195,0,0
1.74000000,58.06763438,57.83202373,57.81940355,58.01920157,0,0
1.75000000,58.02491471,57.73663180,57.79133913,57.92934824,0,0
1.76000000,57.97126429,57.68261815,57.76339585,57.89212349,0,0
1.77000000,57.92250714,57.69775311,57.73864809,57.86485450,0,0
1.78000000,57.96168891,57.69002496,57.69291694,57.80642924,0,0
1.79000000,57.92684772,57.62772010,57.61903681,57.80224570,0,0
1.80000000,57.79692912,57.54716198,57.58304784,57.74834460,0,0
1.81000000,57.76201963,57.49895912,57.59379190,57.76008941,0,0
1.82000000,57.75650387,57.47061883,57.61093120,57.73293251,0,0
1.83000000,57.71776707,57.46477785,57.55550130,57.64535360,0,0
1.84000000,57.71467536,57.41473507,57.50539313,57.62291465,0,0
1.85000000,57.60586743,57.32843013,57.42070480,57.56371197,0,0
1.86000000,57.53360990,57.31745055,57.41548115,57.53053523,0,0
1.87000000,57.47309488,57.28318432,57.36990952,57.52194567,0,0
1.88000000,57.44621905,57.27477226,57.39970462,57.45721225,0,0
1.89000000,57.48729708,57.21259965,57.29837748,57.42295870,0,0
1.90000000,57.48950463,57.14560428,57.23767193,57.40065420,0,0
1.91000000,57.36509847,57.11450620,57.18543693,57.38990376,0,0
1.92000000,57.40689516,57.15377171,57.08772262,57.30875256,0,0
1.93000000,57.27919392,57.04669003,57.07006937,57.26315806,0,0
1.94000000,57.24949489,56.98743801,57.06030866,57.22892328,0,0
1.95000000,57.21846624,56.94493588,57.06418040,57.22863093,0,0
1.96000000,57.17007945,56.91120019,57.03737291,57.14959210,0,0
1.97000000,57.13196504,56.89338798,56.98322166,57.12368498,0,0
1.98000000,57.11199785,56.87168158,56.96221734,57.12816787,0,0
1.99000000,57.07444432,56.83391044,56.97568708,57.08288369,0,0
2.00000000,57.02798479,56.80487753,56.94833939,57.04712081,0,0
2.01000000,56.92162828,56.72698248,56.88804347,57.01775116,0,0
2.02000000,56.88674074,56.69468111,56.83886373,56.97617654,0,0
2.03000000,56.93129354,56.67660014,56.73300339,56.93268189,0,0
2.04000000,56.95018126,56.64173939,56.69060756,56.90552077,0,0
2.05000000,56.89527333,56.55875139,56.66030046,56.81611547,0,0
2.06000000,56.84435105,56.52812353,56.58524499,56.72417920,0,0
2.07000000,56.76346374,56.50327852,56.56069865,56.66549017,0,0
2.08000000,56.74521298,56.50785086,56.56142053,56.65512677,0,0
2.09000000,56.71551103,56.43108109,56.52935583,56.66175785,0,0
2.10000000,56.66543795,56.47305170,56.45071294,56.58971396,0,0
2.11000000,56.60989451,56.38975019,56.45195303,56.56005335,0,0
2.12000000,56.54141163,56.21590190,56.36037158,56.56901121,0,0
2.13000000,56.46488277,56.21964517,56.34327872,56.51066793,0,0
2.14000000,56.48198537,56.17419878,56.22812951,56.46250359,0,0
2.15000000,56.51268091,56.18962529,56.25166093,56.39985944,0,0
2.16000000,56.46804611,56.14341356,56.25179054,56.32704560,0,0
2.17000000,56.39003821,56.08143343,56.17290243,56.28708406,0,0
2.18000000,56.31216238,56.05146108,56.15547559,56.23958785,0,0
2.19000000,56.30153295,56.00494531,56.04465898,56.18631129,0,0
2.20000000,56.23044099,55.97833871,56.04481346,56.17148968,0,0
2.21000000,56.17059746,55.96194233,56.03915056,56.18052233,0,0
2.22000000,56.09540486,55.91024666,56.01579143,56.15266300,0,0
2.23000000,56.06339870,55.84426873,55.94609603,56.10352501,0,0
2.24000000,56.03142898,55.79016431,55.89450218,56.04313003,0,0
2.25000000,56.01927584,55.74761760,55.83744730,56.00959196,0,0
2.26000000,55.98865493,55.72209852,55.77975614,55.99283400,0,0
2.27000000,55.87222519,55.67035327,55.77891423,55.93291385,0,0
2.28000000,55.88858473,55.61672864,55.75663515,55.96273944,0,0
2.29000000,55.92109656,55.63899785,55.72200651,55.94059105,0,0
2.30000000,55.79618623,55.58196374,55.60022102,55.77314752,0,0
2.31000000,55.79751778,55.49350088,55.60291071,55.78722361,0,0
2.32000000,55.67709154,55.51270941,55.55627504,55.75777462,0,0
2.33000000,55.65326791,55.48316055,55.57094094,55.61506112,0,0
2.34000000,55.59960321,55.46800357,55.50538554,55.63010401,0,0
2.35000000,55.55916668,55.37933127,55.41779794,55.54812710,0,0
2.36000000,55.42391857,55.30651133,55.40075338,55.51236730,0,0
2.37000000,55.54276465,55.31541070,55.36404399,55.51827082,0,0
2.38000000,55.44316599,55.19742720,55.36682367,55.47722736,0,0
2.39000000,55.48605894,55.17673159,55.31929397,55.45203144,0,0
2.40000000,55.41884529,55.16439507,55.19974572,55.41660147,0,0
2.41000000,55.34820365,55.16533641,55.16561125,55.33452482,0,0
2.42000000,55.31195492,55.11489492,55.15126563,55.26704127,0,0
2.43000000,55.24392832,55.05071582,55.13591228,55.22582200,0,0
2.44000000,55.25232397,54.98304332,55.11285257,55.21120309,0,0
2.45000000,55.22711335,54.90530864,55.02275885,55.19003603,0,0
2.46000000,55.13692818,54.93566258,54.95375994,55.14242388,0,0
2.47000000,55.07814506,54.90290411,54.93024618,55.14404693,0,0
2.48000000,55.04154097,54.84698072,54.92011761,55.11201656,0,0
2.49000000,55.02491505,54.79269312,54.93346369,55.00885823,0,0
2.50000000,54.98723894,54.71288149,54.89444778,54.99789745,0,0
2.51000000,55.03467588,54.70571808,54.85365544,54.95062444,0,0
2.52000000,54.97642220,54.71523467,54.71856652,54.91335610,0,0
2.53000000,54.85211780,54.64129679,54.68241336,54.83795875,0,0
2.54000000,54.81887767,54.63686034,54.62458061,54.86417824,0,0
2.55000000,54.77292695,54.55472980,54.68795697,54.78812733,0,0
2.56000000,54.77093784,54.60069084,54.58853603,54.71152935,0,0
2.57000000,54.75454320,54.51258534,54.56209898,54.70631709,0,0
2.58000000,54.68504254,54.47405642,54.45022268,54.65938606,0,0
2.59000000,54.63418185,54.43261177,54.42061038,54.59921514,0,0
2.60000000,54.60855532,54.38848929,54.36820017,54.57894062,0,0
2.61000000,54.56599614,54.30853890,54.37355429,54.53211350,0,0
2.62000000,54.49942351,54.25037693,54.34117686,54.46206343,0,0
2.63000000,54.52188845,54.24054586,54.30633783,54.44403295,0,0
2.64000000,54.46176336,54.20708666,54.27071674,54.38779269,0,0
2.65000000,54.40118485,54.15947842,54.22671849,54.35372562,0,0
2.66000000,54.26227835,54.09520914,54.17239603,54.31060361,0,0
2.67000000,54.21810650,54.06498896,54.13668646,54.26459571,0,0
2.68000000,54.21561063,54.04786986,54.09676765,54.22458570,0,0
2.69000000,54.18836018,53.99427693,54.00951083,54.21699276,0,0
2.70000000,54.17668647,53.92874872,54.00214313,54.20049218,0,0
2.71000000,54.07892478,53.84650863,53.90410284,54.08605664,0,0
2.72000000,54.10693078,53.79404414,53.88781826,54.02840427,0,0
2.73000000,54.01206855,53.76956887,53.86205670,53.98387282,0,0
2.74000000,54.05681430,53.79335356,53.86494243,53.97782162,0,0
2.75000000,53.98877683,53.74487178,53.77608749,53.93077256,0,0
2.76000000,53.76960102,53.67668053,53.72789691,53.85111787,0,0
2.77000000,53.82995751,53.57427631,53.73391072,53.88737314,0,0
2.78000000,53.79552178,53.59888483,53.67101293,53.83007673,0,0
2.79000000,53.81211311,53.54049141,53.64929944,53.76706541,0,0
2.80000000,53.75771969,53.49058857,53.57583283,53.72819543,0,0
2.81000000,53.61907066,53.45244613,53.53123945,53.71415695,0,0
2.82000000,53.54094997,53.42427323,53.51550210,53.68875043,0,0
2.83000000,53.59619845,53.40443727,53.50855800,53.63372318,0,0
2.84000000,53.55722370,53.33636990,53.43414384,53.57007251,0,0
2.85000000,53.46876202,53.24196027,53.38041578,53.51059713,0,0
2.86000000,53.49855584,53.21159014,53.30107648,53.53771124,0,0
2.87000000,53.44148920,53.18649882,53.27611366,53.47427126,0,0
2.88000000,53.40039297,53.20257190,53.21805658,53.40905365,0,0
2.89000000,53.36273231,53.15562567,53.20281503,53.38905408,0,0
2.90000000,53.26646453,53.09279113,53.16155188,53.32497132,0,0
2.91000000,53.14491158,53.05335127,53.16463942,53.24210157,0,0
2.92000000,53.15860788,52.99280222,53.10217085,53.26027880,0,0
2.93000000,53.15451177,52.97338743,53.06074308,53.22970036,0,0
2.94000000,53.12518754,52.92493700,52.92009316,53.20676208,0,0
2.95000000,53.16074883,52.83767112,52.92686592,53.16833699,0,0
2.96000000,53.02072228,52.76911263,52.87710314,53.04821377,0,0
2.97000000,52.94836406,52.70755469,52.93180347,53.02268921,0,0
2.98000000,53.03135708,52.79135586,52.87087027,52.99084157,0,0
2.99000000,52.97883706,52.73753087,52.79747753,52.89752485,0,0
3.00000000,52.87764579,52.73064819,52.77893028,52.82940793,0,0
3.01000000,52.81983623,52.59704479,52.75294004,52.84558414,0,0
3.02000000,52.76733923,52.55838780,52.70590408,52.78730244,0,0
3.03000000,52.77630505,52.54109684,52.60521719,52.73079616,0,0
3.04000000,52.72928231,52.50724154,52.51137374,52.72159836,0,0
3.05000000,52.65094339,52.47592471,52.49531396,52.67111206,0,0
3.06000000,52.58584503,52.40989776,52.47529618,52.59856743,0,0
3.07000000,52.62101531,52.44352148,52.45560936,52.58007037,0,0
3.08000000,52.60629643,52.37783898,52.44157613,52.53210580,0,0
3.09000000,52.55924754,52.28793728,52.33083157,52.50050609,0,0
3.10000000,52.54432525,52.20739813,52.25358409,52.45985285,0,0
3.11000000,52.47204776,52.15506998,52.19277868,52.43683786,0,0
3.12000000,52.39000411,52.16484877,52.20617121,52.37012453,0,0
3.13000000,52.38974197,52.19625925,52.22042297,52.35671587,0,0
3.14000000,52.26908253,52.12067421,52.16146473,52.28541093,0,0
3.15000000,52.23509076,52.03773860,52.09640942,52.20489778,0,0
3.16000000,52.20816242,51.96895459,51.99336953,52.20348610,0,0
3.17000000,52.19988323,51.96349657,51.97296866,52.17731121,0,0
3.18000000,52.08275740,51.91551522,51.98484651,52.13348649,0,0
3.19000000,52.10011839,51.89769872,51.93011782,52.09465679,0,0
3.20000000,52.04308001,51.81194916,51.92846551,52.03489168,0,0
3.21000000,52.02357118,51.73639185,51.89275510,51.97561825,0,0
3.22000000,52.08928018,51.72979241,51.83975342,51.94832390,0,0
3.23000000,51.94382561,51.70572121,51.76309538,51.85540003,0,0
3.24000000,51.87884241,51.63386861,51.72471962,51.81466406,0,0
3.25000000,51.82884033,51.58648150,51.72625459,51.76140275,0,0
3.26000000,51.77077268,51.55244063,51.65708616,51.78936051,0,0
3.27000000,51.75902928,51.55166254,51.62927992,51.74684227,0,0
3.28000000,51.67543539,51.44955715,51.54102203,51.72990350,0,0
3.29000000,51.63386782,51.40945416,51.47248548,51.67444321,0,0
3.30000000,51.56989486,51.34586311,51.46514367,51.61453839,0,0
3.31000000,51.56488186,51.32500398,51.41507598,51.55068549,0,0
3.32000000,51.56873897,51.29590085,51.44306102,51.52810892,0,0
3.33000000,51.45596052,51.19800871,51.37615056,51.47760933,0,0
3.34000000,51.48654496,51.18695560,51.30103281,51.41539373,0,0
3.35000000,51.44333076,51.14413428,51.27387701,51.37672331,0,0
3.36000000,51.39188028,51.11570016,51.22307603,51.31633208,0,0
3.37000000,51.35380899,51.06953630,51.19811598,51.28784580,0,0
3.38000000,51.22910690,50.99924720,51.14571247,51.26388577,0,0
3.39000000,51.15933099,50.95968535,51.12775653,51.19188695,0,0
3.40000000,51.14587418,50.91719950,51.05834003,51.18942005,0,0
3.41000000,51.20987823,50.85196938,50.98148784,51.15831406,0,0
3.42000000,51.05417095,50.89996545,50.93931610,51.13261862,0,0
3.43000000,51.04575352,50.77014849,50.93586550,51.07613768,0,0
3.44000000,51.06473042,50.77833026,50.91233225,51.00168576,0,0
3.45000000,50.95260654,50.72805524,50.90400607,50.96599910,0,0
3.46000000,51.03262824,50.67048104,50.82371064,50.92124567,0,0
3.47000000,50.98344159,50.61810664,50.75554249,50.82181941,0,0
3.48000000,50.85299500,50.54813906,50.70812599,50.77346212,0,0
3.49000000,50.83553619,50.54822004,50.68932980,50.70460733,0,0
3.50000000,50.80411620,50.51349085,50.65940715,50.71638639,0,0
3.51000000,50.72025988,50.46772285,50.62025199,50.65260407,0,0
3.52000000,50.65650381,50.41580159,50.52699904,50.61240256,0,0
3.53000000,50.66890719,50.35972463,50.45430190,50.61856754,0,0
3.54000000,50.59375118,50.29010990,50.46522661,50.59928230,0,0
3.55000000,50.54331589,50.26126950,50.45342894,50.56583084,0,0
3.56000000,50.57915544,50.21451609,50.39038017,50.51685553,0,0
3.57000000,50.50772749,50.14304925,50.35832705,50.43844892,0,0
3.58000000,50.45035406,50.05183183,50.30916108,50.36867447,0,0
3.59000000,50.49630855,50.07339263,50.25084664,50.33608791,0,0
3.60000000,50.40508180,50.04012420,50.20370376,50.24495008,0,0
3.61000000,50.33330173,50.03981711,50.16882849,50.13922075,0,0
3.62000000,50.32479836,49.97005249,50.10544676,50.14076077,0,0
3.63000000,50.19590443,49.85540321,50.08334745,50.05420506,0,0
3.64000000,50.16053638,49.82466771,50.08514475,50.00244199,0,0
3.65000000,50.16312470,49.72797722,49.94546446,50.04617704,0,0
3.66000000,50.11619074,49.76357883,49.91155264,49.97067290,0,0
3.67000000,49.98421250,49.69510700,49.90491571,49.97188582,0,0
3.68000000,50.07814911,49.66008415,49.87262725,49.93321956,0,0
3.69000000,50.05822934,49.59353262,49.88266589,49.84913290,0,0
3.70000000,49.96078532,49.48544376,49.83305784,49.78006654,0,0
3.71000000,49.98431961,49.47557016,49.80630643,49.77404929,0,0
3.72000000,49.92970217,49.44575464,49.73825368,49.77250128,0,0
3.73000000,49.84672704,49.43847743,49.71354540,49.64187754,0,0
3.74000000,49.79656573,49.36263647,49.70074501,49.62286986,0,0
3.75000000,49.73484195,49.29026268,49.65526619,49.61452657,0,0
3.76000000,49.64161411,49.29126703,49.61770292,49.50525990,0,0
3.77000000,49.65179730,49.23679608,49.55810628,49.44573740,0,0
3.78000000,49.62882241,49.12846441,49.44383420,49.41044417,0,0
3.79000000,49.54640677,49.02264935,49.42894486,49.37155781,0,0
3.80000000,49.50474546,48.99369433,49.43441335,49.35317859,0,0
3.81000000,49.55611611,49.02376707,49.42475324,49.31138274,0,0
3.82000000,49.50719374,49.05607020,49.33626892,49.25081515,0,0
3.83000000,49.39925579,48.98127181,49.30055513,49.18255317,0,0
3.84000000,49.41910717,48.89147300,49.21460354,49.18419504,0,0
3.85000000,49.30889502,48.84184115,49.14901747,49.06017321,0,0
3.86000000,49.29881616,48.75510597,49.06613428,48.99766910,0,0
3.87000000,49.35662689,48.72659901,49.10814216,48.96607283,0,0
3.88000000,49.18725149,48.67552798,49.03986200,48.95774225,0,0
3.89000000,49.14230942,48.62244126,49.01337869,48.82974399,0,0
3.90000000,49.07681437,48.62851161,48.96182809,48.82062259,0,0
3.91000000,49.05320198,48.57535688,48.90626101,48.80069355,0,0
3.92000000,48.97274440,48.50619697,48.90755480,48.76595100,0,0
3.93000000,48.91574189,48.40562249,48.87965117,48.71304151,0,0
3.94000000,48.93443683,48.37311074,48.81434263,48.67127197,0,0
3.95000000,48.86642552,48.36271535,48.77382844,48.66064152,0,0
3.96000000,48.81017492,48.32433008,48.71632394,48.65311998,0,0
3.97000000,48.81642923,48.25756139,48.65266479,48.60337523,0,0
3.98000000,48.74031871,48.21112952,48.57675428,48.50856838,0,0
3.99000000,48.68367788,48.20087051,48.53153586,48.35012972,0,0
4.00000000,48.66884926,48.14720677,48.51698327,48.32281468,0,0
4.01000000,48.58861560,48.12785715,48.52209313,48.32267846,0,0
4.02000000,48.48796227,48.07709591,48.48203430,48.24601401,0,0
4.03000000,48.56832158,48.03856705,48.40563436,48.21994459,0,0
4.04000000,48.48856109,48.00504364,48.27805427,48.22248269,0,0
4.05000000,48.40323612,47.94190004,48.23039670,48.20931378,0,0
4.06000000,48.29010178,47.86473394,48.19733778,48.11966779,0,0
4.07000000,48.36983834,47.78282031,48.21668511,48.09018189,0,0
4.08000000,48.31579852,47.81592568,48.17127074,48.03935782,0,0
4.09000000,48.26264510,47.77163274,48.19114317,47.99529553,0,0
4.10000000,48.30558294,47.73251956,48.12373250,47.99734954,0,0
4.11000000,48.15304900,47.65504904,48.02171779,47.90376268,0,0
4.12000000,48.14191285,47.62115289,48.01171196,47.78829320,0,0
4.13000000,48.15618215,47.58344706,47.97594752,47.76847054,0,0
4.14000000,48.04481015,47.56381698,47.93448433,47.76291822,0,0
4.15000000,47.95499644,47.49841400,47.91474843,47.68037422,0,0
4.16000000,47.88680214,47.48859520,47.84053769,47.66153882,0,0
4.17000000,47.90310597,47.41365372,47.71190466,47.61192187,0,0
4.18000000,47.80594960,47.35594462,47.68380973,47.56831588,0,0
4.19000000,47.76083186,47.28755413,47.64586185,47.55987218,0,0
4.20000000,47.79046151,47.22975527,47.59990648,47.48252707,0,0
4.21000000,47.74921168,47.19918127,47.58051725,47.41948447,0,0
4.22000000,47.68506322,47.15175044,47.53691972,47.39303294,0,0
4.23000000,47.69620413,47.08930153,47.52262612,47.37197565,0,0
4.24000000,47.61216503,47.04621679,47.42983870,47.31903289,0,0
4.25000000,47.49844756,47.00332258,47.37951516,47.21063064,0,0
4.26000000,47.53513589,46.96551457,47.38852555,47.16478190,0,0
4.27000000,47.43662780,46.90242349,47.35497849,47.15322216,0,0
4.28000000,47.43893322,46.81956888,47.29948869,47.10885182,0,0
4.29000000,47.32600632,46.81796078,47.30369843,47.00800718,0,0
4.30000000,47.26237840,46.79475582,47.13046228,47.02491057,0,0
4.31000000,47.20402414,46.76679839,47.12294962,46.96983968,0,0
4.32000000,47.12436051,46.68194351,47.07367054,46.93415097,0,0
4.33000000,47.29348918,46.60184771,47.11165254,46.87577002,0,0
4.34000000,47.20881687,46.57638364,47.09956339,46.84936486,0,0
4.35000000,47.08864160,46.52311243,47.03461191,46.77819845,0,0
4.36000000,47.07768261,46.50095961,46.94704038,46.76108182,0,0
4.37000000,47.01062923,46.47074354,46.86039698,46.74043045,0,0
4.38000000,46.97977093,46.42424891,46.80277816,46.63957117,0,0
4.39000000,46.93540109,46.34603316,46.79972595,46.58333303,0,0
4.40000000,46.91151781,46.31200262,46.75644424,46.56355381,0,0
4.41000000,46.81878855,46.26263085,46.71616052,46.51871270,0,0
4.42000000,46.75972724,46.25932943,46.67051265,46.49078341,0,0
4.43000000,46.72914102,46.27124575,46.62682240,46.42733526,0,0
4.44000000,46.68714610,46.17868278,46.53224264,46.40940874,0,0
4.45000000,46.58626483,46.11738567,46.52207334,46.37815331,0,0
4.46000000,46.59442700,46.05289947,46.47599998,46.32566247,0,0
4.47000000,46.63660498,45.99639043,46.45626618,46.25758317,0,0
4.48000000,46.50381442,46.00175983,46.42550602,46.17450339,0,0
4.49000000,46.47200090,45.94818533,46.44601135,46.12130719,0,0
4.50000000,46.52924039,45.90158368,46.26836283,46.08495793,0,0
4.51000000,46.47785676,45.79054705,46.21479932,46.05809900,0,0
4.52000000,46.25161366,45.74937149,46.13620892,45.96705230,0,0
4.53000000,46.33095851,45.71457740,46.16967629,45.93203453,0,0
4.54000000,46.16988629,45.74294011,46.14217078,45.95448860,0,0
4.55000000,46.17549466,45.64510114,46.07487663,45.89414636,0,0
4.56000000,46.12259839,45.62039892,46.06000382,45.78949302,0,0
4.57000000,46.10315777,45.51321343,45.90532684,45.78810538,0,0
4.58000000,45.96088254,45.47605793,45.84370071,45.72209983,0,0
4.59000000,45.87800689,45.46173805,45.85608375,45.70764449,0,0
4.60000000,45.95315611,45.42738000,45.82871029,45.65608528,0,0
4.61000000,45.93563949,45.39173435,45.80650012,45.59418558,0,0
4.62000000,45.82271308,45.30342201,45.76014126,45.53214378,0,0
4.63000000,45.81331973,45.26690010,45.68305762,45.48866245,0,0
4.64000000,45.73196871,45.19503361,45.61457941,45.48480042,0,0
4.65000000,45.65495917,45.17482472,45.56316773,45.44237526,0,0
4.66000000,45.63708462,45.09718887,45.52895269,45.29689305,0,0
4.67000000,45.60386278,45.08672349,45.51681643,45.28222772,0,0
4.68000000,45.46508007,45.05929726,45.47285431,45.31403064,0,0
4.69000000,45.42702708,44.98971959,45.41396883,45.25886475,0,0
4.70000000,45.36275057,44.98081524,45.43222774,45.20514674,0,0
4.71000000,45.44094358,44.92426479,45.33090612,45.20020845,0,0
4.72000000,45.31547682,44.88508455,45.32159624,45.15587834,0,0
4.73000000,45.25078259,44.86837132,45.18449226,45.10556498,0,0
4.74000000,45.30766928,44.79756474,45.17939918,45.02294279,0,0
4.75000000,45.24345390,44.82113054,45.13749283,45.01092403,0,0
4.76000000,45.18369905,44.81269299,45.14567891,44.98585642,0,0
4.77000000,45.23884584,44.67853061,45.08828236,44.90905704,0,0
4.78000000,45.17748964,44.59905083,45.05718662,44.92356584,0,0
4.79000000,45.06902025,44.53990882,44.93817086,44.83785423,0,0
4.80000000,45.05261038,44.55957206,44.92488951,44.71399207,0,0
4.81000000,44.99121017,44.54929179,44.90446370,44.71211656,0,0
4.82000000,44.94204203,44.54405438,44.88114199,44.69616409,0,0
4.83000000,44.87994903,44.47876282,44.89144813,44.62775928,0,0
4.84000000,44.87367028,44.44348137,44.79743913,44.58212734,0,0
4.85000000,44.84668877,44.39630281,44.63813610,44.56827383,0,0
4.86000000,44.74710336,44.32871189,44.59339656,44.52201840,0,0
4.87000000,44.68536507,44.28669081,44.57687737,44.47903901,0,0
4.88000000,44.72988957,44.27693346,44.58220209,44.39882247,0,0
4.89000000,44.69401616,44.23532983,44.54491963,44.36373971,0,0
4.90000000,44.60587279,44.24005324,44.51609038,44.32785259,0,0
4.91000000,44.61438056,44.11707879,44.42726925,44.27158712,0,0
4.92000000,44.55388419,44.00060327,44.35338915,44.24172791,0,0
4.93000000,44.46646444,44.00528136,44.27436843,44.16082033,0,0
4.94000000,44.46429166,43.97111529,44.23702426,44.03979409,0,0
4.95000000,44.45964826,44.00772809,44.25113858,44.01630141,0,0
4.96000000,44.32692546,43.89386756,44.18516149,44.07183522,0,0
4.97000000,44.24619083,43.80237246,44.10827435,44.01682066,0,0
4.98000000,44.25775111,43.80597221,44.14421534,44.01251000,0,0
4.99000000,44.24353633,43.77391627,44.02970149,43.99654548,0,0
5.00000000,44.10798342,43.70216840,44.00437344,43.92728305,0,0
5.01000000,44.04068642,43.67926557,43.97707055,43.87231339,0,0
5.02000000,44.10594976,43.58209529,43.93727988,43.75085160,0,0
5.03000000,44.04739562,43.56041785,43.89777490,43.73070955,0,0
5.04000000,43.96891198,43.48756513,43.87311215,43.69503386,0,0
5.05000000,43.93560473,43.46409084,43.80752341,43.66004078,0,0
5.06000000,43.90379800,43.39577637,43.77646070,43.65136677,0,0
5.07000000,43.87823532,43.31666668,43.68631380,43.60100892,0,0
5.08000000,43.82059544,43.31430638,43.63637392,43.46432554,0,0
5.09000000,43.77553079,43.27624034,43.65025165,43.41074889,0,0
5.10000000,43.68962966,43.25856851,43.65098271,43.43198440,0,0
5.11000000,43.57214226,43.18227079,43.62043871,43.44601385,0,0
5.12000000,43.56515937,43.13503501,43.59723693,43.40956577,0,0
5.13000000,43.64978288,43.17799885,43.52310075,43.31780928,0,0
5.14000000,43.50199457,43.08751924,43.35585915,43.26615759,0,0
5.15000000,43.39755602,43.03099112,43.34580226,43.21245338,0,0
5.16000000,43.42789366,43.00750510,43.30108652,43.17094379,0,0
5.17000000,43.40094454,42.96152382,43.34493179,43.12836412,0,0
5.18000000,43.36443165,42.89755066,43.27130142,43.12122130,0,0
5.19000000,43.30176585,42.87657919,43.23519381,43.03269329,0,0
5.20000000,43.36875749,42.83958126,43.14058072,43.05380000,0,0
5.21000000,43.28833561,42.77938651,43.08499452,43.04600950,0,0
5.22000000,43.19588803,42.73620424,43.04536816,42.96501293,0,0
5.23000000,43.18590652,42.73205728,43.07613007,42.88967822,0,0
5.24000000,43.11644661,42.67122678,43.08210520,42.84264450,0,0
5.25000000,43.05051361,42.63245930,43.00295599,42.88596512,0,0
5.26000000,43.02361886,42.58341192,42.95718722,42.83008741,0,0
5.27000000,43.03010327,42.64494352,42.88024341,42.74647843,0,0
5.28000000,43.00735121,42.62498471,42.80386815,42.73358741,0,0
5.29000000,42.93481835,42.58382320,42.74866581,42.65101765,0,0
5.30000000,42.83903316,42.50183746,42.74373439,42.61506726,0,0
5.31000000,42.85806216,42.46708053,42.71181240,42.59719608,0,0
5.32000000,42.85361187,42.40371663,42.68619663,42.54899655,0,0
5.33000000,42.75563244,42.41108152,42.67749103,42.57433177,0,0
5.34000000,42.74819232,42.39529440,42.61565080,42.51686263,0,0
5.35000000,42.77812181,42.36276813,42.56220249,42.50074956,0,0
5.36000000,42.65718340,42.27469975,42.51755026,42.48792040,0,0
5.37000000,42.67861183,42.25665913,42.43545651,42.43137826,0,0
5.38000000,42.64670033,42.25813826,42.47220984,42.30276580,0,0
5.39000000,42.60208241,42.21016301,42.40251079,42.29187076,0,0
5.40000000,42.45785740,42.15025719,42.40905282,42.33281126,0,0
5.41000000,42.48376406,42.15008202,42.35467614,42.27183849,0,0
5.42000000,42.52098531,42.11899041,42.35988444,42.21706866,0,0
5.43000000,42.48007904,42.10211077,42.20928312,42.22761142,0,0
5.44000000,42.33140432,42.06327710,42.22629715,42.19815186,0,0
5.45000000,42.25918808,42.04094765,42.20981392,42.17133781,0,0
5.46000000,42.35866375,42.00319921,42.18007263,42.12905285,0,0
5.47000000,42.35029452,41.97047324,42.13495232,42.09713681,0,0
5.48000000,42.31980629,41.93375808,42.11132827,42.02793504,0,0
5.49000000,42.29645359,41.90865951,42.07326319,41.99102418,0,0
5.50000000,42.26071948,41.86806594,42.03942184,42.01109427,0,0
5.51000000,42.19603379,41.82631645,42.01910862,41.96790083,0,0
5.52000000,42.19511700,41.79291760,42.00394245,41.91412664,0,0
5.53000000,42.18033638,41.77324500,41.98336322,41.87242890,0,0
5.54000000,42.13300258,41.76416763,41.94601476,41.80664909,0,0
5.55000000,42.03614338,41.74954777,41.90188717,41.83806300,0,0
5.56000000,42.02282281,41.70093469,41.89117194,41.81870867,0,0
5.57000000,42.02756111,41.66837152,41.82856094,41.69629531,0,0
5.58000000,42.01734600,41.65032386,41.76178628,41.75348841,0,0
5.59000000,41.91675832,41.66096786,41.76660778,41.69360577,0,0
5.60000000,41.82708499,41.65244570,41.69795860,41.67934070,0,0
5.61000000,42.01290520,41.60091763,41.71161536,41.67956921,0,0
5.62000000,41.92104841,41.53122942,41.69653257,41.63604363,0,0
5.63000000,41.89670213,41.42885312,41.67101418,41.59537596,0,0
5.64000000,41.82912780,41.51096732,41.68840389,41.58935216,0,0
5.65000000,41.85765431,41.48636418,41.61649617,41.55784474,0,0
5.66000000,41.76991474,41.41231216,41.58609726,41.51590036,0,0
5.67000000,41.74176509,41.35493166,41.53042626,41.51603130,0,0
5.68000000,41.74781479,41.31940533,41.53112911,41.41799300,0,0
5.69000000,41.73679120,41.34561966,41.52199618,41.41290502,0,0
5.70000000,41.69185286,41.39542113,41.48245207,41.44285724,0,0
5.71000000,41.69842363,41.39018333,41.49420940,41.41739628,0,0
5.72000000,41.71663295,41.41942443,41.45124242,41.35713246,0,0
5.73000000,41.73239116,41.38729864,41.40258421,41.33004626,0,0
5.74000000,41.66689632,41.36218872,41.34668987,41.33308803,0,0
5.75000000,41.62420797,41.37124250,41.36377205,41.31824353,0,0
5.76000000,41.64333552,41.33386248,41.34995535,41.33471565,0,0
5.77000000,41.59712181,41.28404067,41.38919913,41.32238696,0,0
5.78000000,41.58807088,41.18876192,41.39765762,41.31913015,0,0
5.79000000,41.54840305,41.20240912,41.36979034,41.27918295,0,0
5.80000000,41.60839493,41.23437866,41.31703144,41.28083535,0,0
5.81000000,41.49051922,41.14924176,41.27821781,41.29916507,0,0
5.82000000,41.45128259,41.17160796,41.23742207,41.26695470,0,0
5.83000000,41.54423138,41.08770570,41.26196052,41.18852769,0,0
5.84000000,41.47159363,41.11787943,41.30393267,41.12010004,0,0
5.85000000,41.41805248,41.09499889,41.24916801,41.23237679,0,0
5.86000000,41.42407588,41.09894120,41.23739986,41.21443578,0,0
5.87000000,41.38382169,41.06186321,41.26446667,41.16506040,0,0
5.88000000,41.41355204,41.05113288,41.18778983,41.17509750,0,0
5.89000000,41.32149128,41.06228152,41.17513811,41.14352603,0,0
5.90000000,41.34599338,41.01346230,41.12200497,41.09600471,0,0
5.91000000,41.38787449,41.03476825,41.12736101,41.05078882,0,0
5.92000000,41.40676389,40.98837180,41.14653872,41.05051361,0,0
5.93000000,41.30348061,40.93230999,41.14611906,41.04921536,0,0
5.94000000,41.25852705,40.97831106,41.14160466,41.02329843,0,0
5.95000000,41.33857381,41.02391428,41.11385926,41.01819711,0,0
5.96000000,41.30181462,40.97678791,41.08448637,41.00993829,0,0
5.97000000,41.22697682,40.87570949,41.02371319,40.97914500,0,0
5.98000000,41.23668712,40.82130304,40.99630982,40.92350502,0,0
5.99000000,41.18785542,40.82421600,41.04888295,40.85423303,0,0
6.00000000,41.18492403,40.84160452,40.96705458,40.88048357,0,0
6.01000000,41.15820756,40.82604753,40.97502532,40.91511138,0,0
6.02000000,41.13959483,40.83224440,40.97005468,40.89308542,0,0
6.03000000,41.12142718,40.77856715,40.94086192,40.84107743,0,0
6.04000000,41.07745717,40.80424390,40.82081187,40.87162780,0,0
6.05000000,41.00334861,40.77482000,40.85913172,40.86765766,0,0
6.06000000,41.11083694,40.76197667,40.85504274,40.85431945,0,0
6.07000000,41.09826716,40.74958723,40.84400835,40.80804817,0,0
6.08000000,41.05900867,40.68387977,40.83488578,40.79265259,0,0
6.09000000,40.97985278,40.69774907,40.86503077,40.78348350,0,0
6.10000000,41.05040222,40.70467372,40.79657820,40.77212010,0,0
6.11000000,41.06626247,40.74406579,40.75599881,40.75224726,0,0
6.12000000,40.97400494,40.66649967,40.71466273,40.76611278,0,0
6.13000000,40.97962546,40.62078091,40.77852958,40.75549198,0,0
6.14000000,40.95683806,40.57388130,40.77212431,40.64235305,0,0
6.15000000,40.91996159,40.58292607,40.78965722,40.63695281,0,0
6.16000000,40.91209246,40.60754076,40.74042974,40.68740620,0,0
6.17000000,40.87767446,40.58504849,40.71999181,40.65498496,0,0
6.18000000,40.85397196,40.58471617,40.72309491,40.62806683,0,0
6.19000000,40.83393473,40.56223589,40.64936059,40.62097596,0,0
6.20000000,40.79931026,40.53387718,40.60419076,40.63539882,0,0
6.21000000,40.82611900,40.52176134,40.61160249,40.61563927,0,0
6.22000000,40.85163187,40.48652340,40.59890591,40.57775735,0,0
6.23000000,40.82663251,40.48607916,40.64077534,40.57873240,0,0
6.24000000,40.76326296,40.44813621,40.65765314,40.53021408,0,0
6.25000000,40.74603691,40.45208765,40.64268146,40.47462830,0,0
6.26000000,40.81815230,40.45190266,40.51710021,40.49504578,0,0
6.27000000,40.72846602,40.41648800,40.53228725,40.51735242,0,0
6.28000000,40.71772474,40.37632349,40.46079915,40.51362592,0,0
6.29000000,40.74289982,40.38386674,40.51414942,40.45226057,0,0
6.30000000,40.74332177,40.36647687,40.52522201,40.37045320,0,0
6.31000000,40.60570852,40.34847905,40.49611733,40.35999543,0,0
6.32000000,40.62238962,40.33541266,40.40822614,40.43396351,0,0
6.33000000,40.60533571,40.33611836,40.47961149,40.35364525,0,0
6.34000000,40.65506843,40.33119769,40.44426177,40.38538056,0,0
6.35000000,40.62720492,40.34034545,40.36183786,40.39193666,0,0
6.36000000,40.53127065,40.30577414,40.33586387,40.35212016,0,0
6.37000000,40.55605520,40.30139302,40.34534892,40.35797576,0,0
6.38000000,40.57379884,40.25624321,40.35587706,40.32353642,0,0
6.39000000,40.55068660,40.21598079,40.37982214,40.32500600,0,0
6.40000000,40.53044100,40.19306367,40.38008526,40.32382119,0,0
6.41000000,40.54389343,40.20132671,40.31895603,40.28984227,0,0
6.42000000,40.56962691,40.22055432,40.26837808,40.29058420,0,0
6.43000000,40.43224730,40.13628643,40.21761939,40.28825495,0,0
6.44000000,40.44710762,40.07752184,40.24384526,40.25757346,0,0
6.45000000,40.45908607,40.04716055,40.27360014,40.18963211,0,0
6.46000000,40.42454753,40.06180295,40.27335633,40.10339745,0,0
6.47000000,40.39597451,40.06902808,40.21733747,40.19459824,0,0
6.48000000,40.32400243,40.13298775,40.14420349,40.15505685,0,0
6.49000000,40.36334564,40.09471161,40.23082204,40.08635215,0,0
6.50000000,40.40288382,40.05149304,40.12030414,40.08994979,0,0
6.51000000,40.28158922,40.03698681,40.13964125,40.09981305,0,0
6.52000000,40.26706857,39.98905548,40.09169514,40.09344585,0,0
6.53000000,40.31466781,39.99874635,40.10699340,40.08313192,0,0
6.54000000,40.29356994,40.01733485,40.11221892,40.06708166,0,0
6.55000000,40.30428246,39.93571945,40.10562666,40.01764166,0,0
6.56000000,40.24963804,39.92668862,40.09756128,40.01438153,0,0
6.57000000,40.27523770,39.91024718,40.03912339,40.00518932,0,0
6.58000000,40.24224694,39.92993040,40.02252480,40.03023584,0,0
6.59000000,40.23475360,39.88772279,39.99381976,40.00638257,0,0
6.60000000,40.24559047,39.86702677,39.98641567,39.96283741,0,0
6.61000000,40.19090960,39.81631666,40.01451876,39.88643437,0,0
6.62000000,40.11921810,39.81874465,40.00326999,39.86535896,0,0
6.63000000,40.09595492,39.84292058,39.97803653,39.97072865,0,0
6.64000000,40.08981210,39.83500071,39.96180550,39.93012537,0,0
6.65000000,40.12637904,39.77600288,39.98965811,39.88869255,0,0
6.66000000,40.08522549,39.77976357,39.91214776,39.89554283,0,0
6.67000000,40.05052371,39.80711664,39.85388159,39.85815100,0,0
6.68000000,40.02613389,39.76428526,39.81811028,39.84471800,0,0
6.69000000,40.10955449,39.73897291,39.84133372,39.79838116,0,0
6.70000000,40.02714974,39.72358704,39.80106686,39.77338796,0,0
6.71000000,40.03339751,39.62322376,39.83974561,39.76362104,0,0
6.72000000,39.99172069,39.69918964,39.82186332,39.70717024,0,0
6.73000000,40.08967597,39.70777565,39.75709430,39.72612344,0,0
6.74000000,39.89437016,39.69341346,39.75794630,39.73427529,0,0
6.75000000,39.90639463,39.56174044,39.71352742,39.71829340,0,0
6.76000000,39.88115148,39.56416480,39.75473083,39.68040525,0,0
6.77000000,39.89174250,39.48137809,39.73639867,39.59520069,0,0
6.78000000,39.96982128,39.55177099,39.72199843,39.61860447,0,0
6.79000000,39.91409163,39.60867816,39.67785917,39.62481602,0,0
6.80000000,39.87219078,39.58673297,39.66194844,39.60882676,0,0
6.81000000,39.77301750,39.57656121,39.65625963,39.57982301,0,0
6.82000000,39.69958699,39.56595814,39.61844834,39.57014652,0,0
6.83000000,39.69597802,39.53081083,39.62559165,39.59665259,0,0
6.84000000,39.75498644,39.53228103,39.60055208,39.58066424,0,0
6.85000000,39.84924341,39.52061761,39.58525871,39.54474332,0,0
6.86000000,39.69780881,39.46876946,39.59232383,39.54472918,0,0
6.87000000,39.64033770,39.40589008,39.56668931,39.49935511,0,0
6.88000000,39.70766646,39.44454040,39.53853306,39.53564511,0,0
6.89000000,39.85142167,39.52280412,39.46850385,39.49284491,0,0
6.90000000,39.71508460,39.44237501,39.44146866,39.51261397,0,0
6.91000000,39.62431594,39.33742605,39.39995898,39.52887316,0,0
6.92000000,39.55761383,39.32137465,39.39777550,39.50013248,0,0
6.93000000,39.61654058,39.38315163,39.47900226,39.40190636,0,0
6.94000000,39.60201633,39.40598899,39.44549062,39.46845586,0,0
6.95000000,39.64008863,39.37840727,39.42047160,39.48132922,0,0
6.96000000,39.64867901,39.33502215,39.44340193,39.45518546,0,0
6.97000000,39.62840523,39.29102875,39.46333222,39.40444556,0,0
6.98000000,39.60294879,39.34479577,39.25873153,39.48429357,0,0
6.99000000,39.49176279,39.37691180,39.24936304,39.34772612,0,0
7.00000000,39.53722705,39.32527754,39.16665528,39.35649612,0,0
7.01000000,39.51717534,39.27342196,39.26109981,39.32461445,0,0
7.02000000,39.51618219,39.21618664,39.34353732,39.21406398,0,0
7.03000000,39.48981970,39.19526903,39.36943746,39.21553769,0,0
7.04000000,39.51256469,39.20019751,39.32482510,39.20816775,0,0
7.05000000,39.49250005,39.23180607,39.28662419,39.17259908,0,0
7.06000000,39.43912147,39.16523583,39.28553836,39.20465532,0,0
7.07000000,39.41807415,39.10622577,39.27517382,39.19722756,0,0
7.08000000,39.42898490,39.09260801,39.24002189,39.17959819,0,0
7.09000000,39.37427270,39.10537606,39.26140746,39.13143854,0,0
7.10000000,39.31010492,39.02555563,39.16183040,39.11222047,0,0
7.11000000,39.31293326,39.04128356,39.13768473,39.17088737,0,0
7.12000000,39.32993950,39.07275717,39.16950246,39.14290648,0,0
7.13000000,39.33958985,39.03959175,39.21760269,39.09262101,0,0
7.14000000,39.27671075,39.07697416,39.03642982,39.09742715,0,0
7.15000000,39.15195770,39.03961610,39.02922039,39.02665423,0,0
7.16000000,39.23586209,38.97453036,38.93880908,39.02565790,0,0
7.17000000,39.24434758,38.94919078,38.93023351,38.99059477,0,0
7.18000000,39.22405342,38.95133549,38.91726050,38.97579343,0,0
7.19000000,39.20399317,38.86513104,38.95680984,38.99699344,0,0
7.20000000,39.18895122,38.89404163,38.97469771,38.93141130,0,0
7.21000000,39.19992362,38.87315142,38.96298006,38.95030850,0,0
7.22000000,39.09251037,38.87791771,38.97658192,38.97540036,0,0
7.23000000,39.11123969,38.85344566,38.91209995,38.97888565,0,0
7.24000000,39.09098249,38.81346476,38.90498699,38.96032497,0,0
7.25000000,39.06526967,38.74596801,38.92448889,38.89378867,0,0
7.26000000,39.03784085,38.74914851,38.93435159,38.91809094,0,0
7.27000000,38.98965323,38.76865657,38.91815494,38.94037315,0,0
7.28000000,39.04376011,38.78580274,38.89947367,38.91170424,0,0
7.29000000,39.04652158,38.71405998,38.88500616,38.88340868,0,0
7.30000000,38.99402140,38.72840396,38.79942088,38.83080642,0,0
7.31000000,38.89612508,38.68901733,38.78180828,38.85059923,0,0
7.32000000,38.88828005,38.68499330,38.80051088,38.80171985,0,0
7.33000000,38.98448388,38.67699212,38.80116151,38.82743159,0,0
7.34000000,38.96084165,38.67303122,38.81627265,38.76561570,0,0
7.35000000,38.98164114,38.64284748,38.78349478,38.71958928,0,0
7.36000000,38.95585403,38.59598753,38.79700599,38.71512314,0,0
7.37000000,38.98123666,38.57873974,38.77703344,38.68014131,0,0
7.38000000,38.88643330,38.64479419,38.73914547,38.65050186,0,0
7.39000000,38.87092467,38.51381906,38.72597078,38.67477685,0,0
7.40000000,38.89121501,38.55573258,38.62942024,38.65328849,0,0
7.41000000,38.85494421,38.46247285,38.63396047,38.52602179,0,0
7.42000000,38.79600975,38.45685821,38.63872337,38.51803100,0,0
7.43000000,38.80382086,38.50298093,38.63412082,38.54642494,0,0
7.44000000,38.84265143,38.54281106,38.61659760,38.55792990,0,0
7.45000000,38.81201758,38.50265835,38.65023579,38.48103675,0,0
7.46000000,38.75910218,38.45827767,38.57346309,38.48336671,0,0
7.47000000,38.70996699,38.39115045,38.53950791,38.47433857,0,0
7.48000000,38.73283977,38.35513869,38.51925528,38.46583724,0,0
7.49000000,38.78634067,38.35778615,38.48101311,38.46402082,0,0
7.50000000,38.70728294,38.32674791,38.50095288,38.43642842,0,0
7.51000000,38.64667142,38.31480926,38.52147372,38.40698813,0,0
7.52000000,38.65394398,38.27482685,38.55526182,38.41184881,0,0
7.53000000,38.72388148,38.30304060,38.53308840,38.35278859,0,0
7.54000000,38.68532061,38.30206848,38.46155613,38.32344557,0,0
7.55000000,38.61263314,38.27250128,38.42970069,38.34469119,0,0
7.56000000,38.62489525,38.21060327,38.37348336,38.32358885,0,0
7.57000000,38.61448915,38.17758885,38.41428356,38.29633552,0,0
7.58000000,38.58894949,38.14520038,38.41532563,38.19221824,0,0
7.59000000,38.58175322,38.16467096,38.39781960,38.24412880,0,0
7.60000000,38.51003548,38.17182226,38.34875881,38.28541207,0,0
7.61000000,38.51775534,38.16132014,38.36609713,38.24702740,0,0
7.62000000,38.51156455,38.11582267,38.36425593,38.17264478,0,0
7.63000000,38.44961092,38.10418369,38.26989853,38.22821482,0,0
7.64000000,38.43909058,38.12958079,38.25608697,38.14634947,0,0
7.65000000,38.51258387,38.06441007,38.23668041,38.13705386,0,0
7.66000000,38.47790610,38.06922536,38.28435141,38.10735748,0,0
7.67000000,38.42868470,38.05855194,38.29820760,38.10216444,0,0
7.68000000,38.39155068,38.02246878,38.26010498,38.12447269,0,0
7.69000000,38.44383059,37.98384428,38.23791619,38.12005575,0,0
7.70000000,38.41244773,38.02181814,38.19801171,38.09303569,0,0
7.71000000,38.38262719,38.01742210,38.20105857,38.10859910,0,0
7.72000000,38.37996936,37.97919475,38.19698403,38.10105236,0,0
7.73000000,38.35441785,37.93008608,38.16749952,38.06353681,0,0
7.74000000,38.32740044,37.92648858,38.15443649,38.00077233,0,0
7.75000000,38.24967322,37.88525171,38.11431927,37.92982739,0,0
7.76000000,38.30380464,37.92948947,38.08911448,37.96935239,0,0
7.77000000,38.30440042,37.93398025,38.04827879,37.94659438,0,0
7.78000000,38.31964923,37.91890149,38.12058046,37.91781707,0,0
7.79000000,38.19318734,37.85780793,37.99231759,37.90775445,0,0
7.80000000,38.09264795,37.84031314,37.98166918,37.91028067,0,0
7.81000000,38.15237924,37.83183333,37.99937605,37.92234663,0,0
7.82000000,38.22798474,37.80982033,37.96112578,37.89589680,0,0
7.83000000,38.18969397,37.76838962,38.01668677,37.86483558,0,0
7.84000000,38.11027723,37.84281547,38.02050824,37.86697824,0,0
7.85000000,38.15394678,37.74927240,37.99734298,37.86269227,0,0
7.86000000,38.20739163,37.76236426,37.97246101,37.84792338,0,0
7.87000000,38.16064852,37.75314137,37.93764948,37.79492669,0,0
7.88000000,38.11741967,37.73088303,37.91331523,37.79779137,0,0
7.89000000,38.09029377,37.68182066,37.88137239,37.80837799,0,0
7.90000000,38.01546086,37.66153148,37.88016351,37.74622035,0,0
7.91000000,38.01454628,37.68067117,37.89780865,37.67344949,0,0
7.92000000,38.00429123,37.62362746,37.86881224,37.67215364,0,0
7.93000000,38.03671930,37.63503885,37.81162439,37.72514680,0,0
7.94000000,38.06549211,37.60803072,37.80734990,37.69633227,0,0
7.95000000,37.99789038,37.56461681,37.83130847,37.63046117,0,0
7.96000000,37.89438495,37.55180270,37.77559020,37.63760165,0,0
7.97000000,37.86514112,37.57497668,37.75100903,37.61935209,0,0
7.98000000,37.98639464,37.56416362,37.68294519,37.58508488,0,0
7.99000000,37.98717346,37.50634255,37.66049836,37.59833941,0,0
8.00000000,37.89295903,37.47313464,37.71885306,37.54523780,0,0
8.01000000,37.84678769,37.46202932,37.75244774,37.54943821,0,0
8.02000000,37.92021198,37.41989712,37.77568725,37.55204780,0,0
8.03000000,37.91641160,37.48678739,37.74454350,37.51241319,0,0
8.04000000,37.80586375,37.48105029,37.68617969,37.49944498,0,0
8.05000000,37.84021858,37.42731191,37.66065202,37.46607990,0,0
8.06000000,37.85796157,37.28189193,37.62423790,37.45388911,0,0
8.07000000,37.83863601,37.31808243,37.64797721,37.46886887,0,0
8.08000000,37.76817888,37.32902549,37.62232004,37.34951743,0,0
8.09000000,37.68075983,37.39898367,37.59410554,37.43294970,0,0
8.10000000,37.70292381,37.40594543,37.53952603,37.43838134,0,0
8.11000000,37.70986244,37.33429964,37.59906257,37.40630792,0,0
8.12000000,37.68154282,37.28179588,37.57915347,37.39655447,0,0
8.13000000,37.65836511,37.25683345,37.49452137,37.38832441,0,0
8.14000000,37.65296221,37.28767580,37.46953294,37.37226161,0,0
8.15000000,37.70838197,37.30347934,37.43526225,37.32287787,0,0
8.16000000,37.67875086,37.26869409,37.43527819,37.35362357,0,0
8.17000000,37.62318114,37.22822342,37.47474754,37.30381427,0,0
8.18000000,37.60454093,37.19127946,37.43077302,37.28743659,0,0
8.19000000,37.66700945,37.17137821,37.43342299,37.31656908,0,0
8.20000000,37.65263883,37.19707931,37.34932553,37.24421232,0,0
8.21000000,37.53732784,37.23041446,37.33385879,37.21782717,0,0
8.22000000,37.57095672,37.11568749,37.38049292,37.22863585,0,0
8.23000000,37.54896093,37.05225415,37.34136717,37.21457536,0,0
8.24000000,37.50646235,37.07094133,37.42206404,37.15901697,0,0
8.25000000,37.51025100,37.09369665,37.36371355,37.07583839,0,0
8.26000000,37.44792717,37.10811210,37.32179528,37.16204039,0,0
8.27000000,37.46763946,37.05874271,37.26212365,37.14050781,0,0
8.28000000,37.43979199,37.02526402,37.32578217,37.15648041,0,0
8.29000000,37.43868241,36.98681819,37.22259752,37.04810915,0,0
8.30000000,37.32392549,36.99587220,37.20604095,37.08735445,0,0
8.31000000,37.39541042,37.03754497,37.15079672,37.00656656,0,0
8.32000000,37.42543592,37.04082132,37.18086628,36.97981261,0,0
8.33000000,37.38891752,36.99711872,37.21403465,36.99137870,0,0
8.34000000,37.33173320,36.94051709,37.21006886,36.97706822,0,0
8.35000000,37.33347170,36.90555918,37.19440121,37.01166140,0,0
8.36000000,37.36620599,36.91384478,37.14749145,37.00952675,0,0
8.37000000,37.37030371,36.94851723,37.10768380,36.97336511,0,0
8.38000000,37.32111859,36.95342393,37.11785001,36.99846143,0,0
8.39000000,37.30771476,36.88226453,37.12885569,36.96014429,0,0
8.40000000,37.24760040,36.81688134,37.08911943,36.93819588,0,0
8.41000000,37.20168272,36.78051902,37.07072520,36.90563278,0,0
8.42000000,37.19029669,36.78430591,37.04535354,36.81822856,0,0
8.43000000,37.20482006,36.79254148,37.01173321,36.87472644,0,0
8.44000000,37.23452667,36.74774262,36.98608914,36.88097743,0,0
8.45000000,37.17694111,36.81390193,37.04998586,36.83938330,0,0
8.46000000,37.13739905,36.73740136,37.01320104,36.80903020,0,0
8.47000000,37.06398636,36.76902811,36.90146059,36.82996905,0,0
8.48000000,37.12620705,36.74318283,36.94485795,36.78071005,0,0
8.49000000,37.21558849,36.73553655,36.83238454,36.77718033,0,0
8.50000000,37.11574778,36.64616822,36.94039385,36.76882803,0,0
8.51000000,37.05669835,36.70445114,36.93910621,36.75948321,0,0
8.52000000,37.04413490,36.68157660,36.96024573,36.71441066,0,0
8.53000000,37.07199136,36.66113394,36.86730947,36.69844250,0,0
8.54000000,37.04693270,36.65045071,36.83788715,36.67836480,0,0
8.55000000,37.01141872,36.62611803,36.80620818,36.69785332,0,0
8.56000000,37.02391052,36.56001369,36.78735581,36.70018781,0,0
8.57000000,36.99218434,36.51877928,36.81047630,36.64726457,0,0
8.58000000,36.91329179,36.52617379,36.81750020,36.61744171,0,0
8.59000000,36.84718801,36.50962563,36.77259215,36.51983194,0,0
8.60000000,36.85162181,36.51515309,36.70892220,36.50246008,0,0
8.61000000,36.90921979,36.46677853,36.66283913,36.59637365,0,0
8.62000000,36.91982422,36.41397086,36.74175638,36.57226374,0,0
8.63000000,36.85380617,36.36802989,36.72041156,36.52103366,0,0
8.64000000,36.70967319,36.31200861,36.61848363,36.52851562,0,0
8.65000000,36.73245826,36.38658351,36.62096220,36.48243257,0,0
8.66000000,36.73805054,36.38182421,36.57456592,36.44538920,0,0
8.67000000,36.68900720,36.35908062,36.57647338,36.45352253,0,0
8.68000000,36.69532605,36.24750591,36.59612045,36.40469013,0,0
8.69000000,36.66838547,36.26124217,36.56646878,36.38218173,0,0
8.70000000,36.72139459,36.14054490,36.51177209,36.35564033,0,0
8.71000000,36.59682118,36.20191597,36.40333937,36.32550063,0,0
8.72000000,36.56349500,36.19574819,36.44989970,36.28039286,0,0
8.73000000,36.53617966,36.19929271,36.44364168,36.26609126,0,0
8.74000000,36.57212462,36.11132540,36.40948143,36.25332800,0,0
8.75000000,36.57455741,36.04749277,36.43084433,36.23264207,0,0
8.76000000,36.47946970,35.99176752,36.38587279,36.11586072,0,0
8.77000000,36.39423425,36.01968843,36.35161821,36.12848104,0,0
8.78000000,36.38468579,36.02244857,36.31134241,36.16047055,0,0
8.79000000,36.41330535,36.01887865,36.32997462,36.14106677,0,0
8.80000000,36.41082819,35.93100433,36.28821079,36.06473917,0,0
8.81000000,36.37257990,35.89099784,36.21376939,36.07160889,0,0
8.82000000,36.33733035,35.86384271,36.19329415,36.06500568,0,0
8.83000000,36.34332485,35.85669958,36.13210048,36.02445731,0,0
8.84000000,36.32307025,35.86700504,36.13501977,36.01218534,0,0
8.85000000,36.24948950,35.81946008,36.12266088,35.98346989,0,0
8.86000000,36.22217705,35.78134823,36.14243985,35.93862637,0,0
8.87000000,36.22738882,35.76533411,36.11243541,35.93094153,0,0
8.88000000,36.27122613,35.74446387,36.13412859,35.90735010,0,0
8.89000000,36.17632793,35.78110886,36.06263084,35.84175359,0,0
8.90000000,36.17541797,35.74496365,36.10844789,35.81603887,0,0
8.91000000,36.17466801,35.70045053,36.03725998,35.76756231,0,0
8.92000000,36.17099066,35.49553909,36.02988964,35.75138414,0,0
8.93000000,36.08475378,35.57405115,35.97449237,35.72220585,0,0
8.94000000,36.09689521,35.55336556,35.97994585,35.60320778,0,0
8.95000000,36.04131440,35.57491553,35.92169659,35.67081065,0,0
8.96000000,35.99401612,35.56490901,35.88405613,35.62183616,0,0
8.97000000,35.96357366,35.49133336,35.86965486,35.60670111,0,0
8.98000000,35.94046857,35.37898241,35.80450467,35.52983853,0,0
8.99000000,35.88232842,35.32375858,35.75322848,35.52664863,0,0
9.00000000,35.90173953,35.37182036,35.74319840,35.50184015,0,0
9.01000000,35.91593061,35.40992617,35.74543841,35.44856606,0,0
9.02000000,35.83582899,35.36429638,35.73228167,35.45655879,0,0
9.03000000,35.76779025,35.29639721,35.66357661,35.39954948,0,0
9.04000000,35.74915203,35.21286439,35.63276441,35.38632786,0,0
9.05000000,35.77481185,35.15035973,35.62955855,35.40434366,0,0
9.06000000,35.73121467,35.19866642,35.56275351,35.33925917,0,0
9.07000000,35.69802085,35.21540013,35.52813160,35.27642172,0,0
9.08000000,35.63995198,35.12246697,35.50827624,35.24866849,0,0
9.09000000,35.61552649,34.98338510,35.47282395,35.19106745,0,0
9.10000000,35.55162884,34.92620245,35.44048730,35.14958115,0,0
9.11000000,35.53941473,34.96291109,35.41115043,35.10403487,0,0
9.12000000,35.44877893,34.96249995,35.36461421,34.95680216,0,0
9.13000000,35.45320923,34.94881290,35.25356573,35.04798259,0,0
9.14000000,35.52496062,34.87247882,35.30848624,35.00905515,0,0
9.15000000,35.41553433,34.86549283,35.27330892,35.03181021,0,0
9.16000000,35.24717673,34.78095146,35.16989115,34.93785937,0,0
9.17000000,35.21954175,34.74370659,35.14811964,34.99297029,0,0
9.18000000,35.27522093,34.72562561,35.16218340,34.86998656,0,0
9.19000000,35.29505917,34.70150597,35.13670216,34.80748287,0,0
9.20000000,35.28598793,34.66716671,35.11019632,34.83060176,0,0
9.21000000,35.16538042,34.61925271,35.09624229,34.78614825,0,0
9.22000000,35.11992382,34.58578700,35.07458606,34.77172653,0,0
9.23000000,35.13070969,34.51715670,35.01995233,34.77599950,0,0
9.24000000,35.11355538,34.49205897,34.96372112,34.67684493,0,0
9.25000000,35.12734049,34.49366846,34.93740617,34.59896606,0,0
9.26000000,35.00602033,34.42681096,34.88606351,34.56096266,0,0
9.27000000,34.93052589,34.36059537,34.83671325,34.51293754,0,0
9.28000000,34.86709599,34.28671194,34.86718127,34.50296070,0,0
9.29000000,34.87692370,34.28464830,34.84961190,34.44054677,0,0
9.30000000,34.90312188,34.23382770,34.77882878,34.33730738,0,0
9.31000000,34.83600685,34.21028975,34.71552004,34.41540929,0,0
9.32000000,34.76799902,34.21641488,34.65059854,34.39484947,0,0
9.33000000,34.67895406,34.17125296,34.71815067,34.39144000,0,0
9.34000000,34.61183397,34.15624681,34.60620897,34.27445886,0,0
9.35000000,34.62493855,34.10350899,34.52118396,34.26227878,0,0
9.36000000,34.75588270,34.17949732,34.51817215,34.24002652,0,0
9.37000000,34.62719974,34.04804021,34.39043029,34.18090000,0,0
9.38000000,34.56683220,33.95902404,34.43332395,34.13806433,0,0
9.39000000,34.44999267,33.86283739,34.44421764,34.10498960,0,0
9.40000000,34.56487353,33.88039991,34.44035252,34.05547163,0,0
9.41000000,34.58819411,33.88711298,34.41358187,34.04658337,0,0
9.42000000,34.46348369,33.86965002,34.29431770,34.00259074,0,0
9.43000000,34.35321995,33.85543691,34.20193282,33.95204404,0,0
9.44000000,34.34683844,33.83359041,34.20785351,33.90272430,0,0
9.45000000,34.33330307,33.79203629,34.20526498,33.88206609,0,0
9.46000000,34.27365578,33.72127404,34.18659887,33.83413856,0,0
9.47000000,34.21635820,33.61478852,34.15802068,33.77579159,0,0
9.48000000,34.16451058,33.52951976,34.06380775,33.71479520,0,0
9.49000000,34.14706457,33.49085805,34.03211467,33.66886615,0,0
9.50000000,34.18895165,33.53489732,34.01133697,33.69724107,0,0
9.51000000,34.08333243,33.58044068,34.01576322,33.65440427,0,0
9.52000000,33.97398451,33.53942356,34.00674599,33.61253369,0,0
9.53000000,33.90130594,33.43710009,33.79664973,33.52563833,0,0
9.54000000,34.02722289,33.33219823,33.83737433,33.57526844,0,0
9.55000000,34.02204041,33.27838083,33.78795248,33.47413765,0,0
9.56000000,34.00326016,33.21785265,33.83534644,33.46435801,0,0
9.57000000,33.91195241,33.27469552,33.85315625,33.39556053,0,0
9.58000000,33.77702728,33.19987455,33.78096281,33.30234556,0,0
9.59000000,33.87836363,33.20624264,33.74363255,33.25439834,0,0
9.60000000,33.83110801,33.10190862,33.64183376,33.25628991,0,0
9.61000000,33.78889641,33.03242107,33.63384546,33.21828008,0,0
9.62000000,33.71119211,33.02464616,33.62289381,33.19124320,0,0
9.63000000,33.71375231,33.00122931,33.57043785,33.15393354,0,0
9.64000000,33.66871598,32.93649905,33.51461412,33.14457108,0,0
9.65000000,33.62859154,32.85139816,33.48044657,33.10564006,0,0
9.66000000,33.56427372,32.80705491,33.49568853,33.01649029,0,0
9.67000000,33.51357930,32.78956497,33.44729806,32.91024449,0,0
9.68000000,33.49642837,32.77860670,33.42271328,32.85428374,0,0
9.69000000,33.46209643,32.74715738,33.41195019,32.82637387,0,0
9.70000000,33.45326494,32.69338840,33.41914412,32.79720024,0,0
9.71000000,33.39725428,32.63214973,33.35857477,32.76811284,0,0
9.72000000,33.32720121,32.53525780,33.24558827,32.75916897,0,0
9.73000000,33.39229188,32.54328347,33.23153435,32.74462478,0,0
9.74000000,33.33506967,32.57616976,33.12014409,32.73637462,0,0
9.75000000,33.27603083,32.54793069,33.19312817,32.65245996,0,0
9.76000000,33.15473625,32.51997406,33.14374236,32.58369168,0,0
9.77000000,33.12282510,32.39288164,33.17241823,32.56609973,0,0
9.78000000,33.25565073,32.36274668,33.07837504,32.53804572,0,0
9.79000000,33.14483259,32.37164353,33.01212639,32.52085196,0,0
9.80000000,33.12485494,32.27571016,32.92373875,32.53869127,0,0
9.81000000,33.04228605,32.24322345,32.94335207,32.49827347,0,0
9.82000000,33.01465522,32.26418216,32.90566453,32.45402594,0,0
9.83000000,32.95224314,32.31756500,32.87625101,32.46099777,0,0
9.84000000,32.92797162,32.20507312,32.85051633,32.41784556,0,0
9.85000000,32.90308137,32.11072801,32.80311070,32.35618505,0,0
9.86000000,32.83483810,32.05490905,32.77697855,32.22719480,0,0
9.87000000,32.86260814,32.01253556,32.76158985,32.17066162,0,0
9.88000000,32.82956189,32.06598785,32.73360700,32.18566776,0,0
9.89000000,32.76892819,32.07135614,32.71082295,32.19207018,0,0
9.90000000,32.68929289,32.05302439,32.61868320,32.18116290,0,0
9.91000000,32.66464777,31.98476637,32.52452324,32.12299321,0,0
9.92000000,32.67205195,31.89240254,32.49150815,32.05539372,0,0
9.93000000,32.65060933,31.92193693,32.42209974,32.02798953,0,0
9.94000000,32.57382699,31.92551186,32.45750314,31.98699418,0,0
9.95000000,32.54696989,31.89374107,32.41691768,31.95965445,0,0
9.96000000,32.50148770,31.82221674,32.41878389,31.94506968,0,0
9.97000000,32.60660345,31.75123526,32.33527867,31.91478580,0,0
9.98000000,32.49096422,31.80057147,32.32576854,31.83021976,0,0
9.99000000,32.38747404,31.73646569,32.24759019,31.86791288,0,0
10.00000000,32.35703270,31.71054586,32.26908398,31.74826443,0,0
10.01000000,32.37038557,31.67416092,32.23773889,31.69444066,0,0
10.02000000,32.38683151,31.59835319,32.17518767,31.65562141,0,0
10.03000000,32.29021170,31.60943096,32.12110031,31.65609591,0,0
10.04000000,32.21985238,31.53442825,32.11998609,31.63250824,0,0
10.05000000,32.10796070,31.55003085,32.09132239,31.64310890,0,0
10.06000000,32.14414116,31.45836073,32.07858340,31.53108685,0,0
10.07000000,32.16109197,31.36595979,32.03463186,31.50047335,0,0
10.08000000,32.18108126,31.33325897,32.03230277,31.49938405,0,0
10.09000000,32.07380112,31.35998914,31.96810635,31.48820841,0,0
10.10000000,31.99171019,31.37093345,31.87158413,31.46977478,0,0
10.11000000,32.01665861,31.31850090,31.85647020,31.40326687,0,0
10.12000000,32.01709449,31.24039740,31.82254755,31.35716506,0,0
10.13000000,32.00560230,31.17326959,31.78523384,31.34505792,0,0
10.14000000,31.97014859,31.12942680,31.76938271,31.26897427,0,0
10.15000000,31.94891899,31.10326280,31.74779520,31.25361979,0,0
10.16000000,31.88797285,31.06985012,31.74176473,31.21917671,0,0
10.17000000,31.93098838,31.00966356,31.71560851,31.13565395,0,0
10.18000000,31.86239248,31.00113201,31.69212746,31.08472100,0,0
10.19000000,31.84762248,30.93424675,31.65173506,31.05991275,0,0
10.20000000,31.78341391,30.88469044,31.63703015,31.01147394,0,0
10.21000000,31.76936532,30.81950885,31.59361198,30.95172594,0,0
10.22000000,31.63612908,30.77587913,31.54067237,30.91786668,0,0
10.23000000,31.68203186,30.75841555,31.48683142,30.88223448,0,0
10.24000000,31.67305548,30.66020563,31.51042050,30.83149610,0,0
10.25000000,31.63599191,30.62508887,31.45383948,30.84607379,0,0
10.26000000,31.63790783,30.56687345,31.43509750,30.68140529,0,0
10.27000000,31.59516792,30.51816784,31.40759845,30.67601347,0,0
10.28000000,31.55027802,30.47866830,31.39738888,30.65229052,0,0
10.29000000,31.51338655,30.45952233,31.36539397,30.58866280,0,0
10.30000000,31.42007267,30.40898518,31.25700750,30.60024831,0,0
10.31000000,31.44126672,30.37828143,31.27524130,30.53723431,0,0
10.32000000,31.42975293,30.33827911,31.24907469,30.50095325,0,0
10.33000000,31.42598099,30.30002021,31.18670503,30.49953432,0,0
10.34000000,31.38751096,30.24874554,31.17979737,30.45077701,0,0
10.35000000,31.35361799,30.21449061,31.17282880,30.41165578,0,0
10.36000000,31.37836055,30.19895868,31.14742850,30.35510216,0,0
10.37000000,31.37204791,30.12082690,31.15412551,30.28884042,0,0
10.38000000,31.28312679,30.08169852,31.15873017,30.23980601,0,0
10.39000000,31.23387246,30.03487471,31.08403196,30.18139912,0,0
10.40000000,31.24494917,30.01116550,31.11475659,30.20353199,0,0
10.41000000,31.26411791,29.97125519,31.00394642,30.11327488,0,0
10.42000000,31.15080139,29.93399656,30.98032520,30.06692338,0,0
10.43000000,31.15667179,29.92951044,30.88224447,30.04832188,0,0
10.44000000,31.08917210,29.87410007,31.02493091,30.01780601,0,0
10.45000000,31.09521815,29.77697003,30.90936490,29.93121395,0,0
10.46000000,31.02393835,29.74127737,30.90406997,29.91017692,0,0
10.47000000,30.96372936,29.72955599,30.88003061,29.78778945,0,0
10.48000000,30.90286610,29.66241451,30.89930210,29.73466742,0,0
10.49000000,30.90359963,29.68379945,30.86898489,29.74392347,0,0
10.50000000,30.87942086,29.64913570,30.74777280,29.76241026,0,0
10.51000000,30.88725196,29.59469926,30.66427514,29.76343791,0,0
10.52000000,30.89690319,29.53190783,30.64995711,29.68337303,0,0
10.53000000,30.82830018,29.48488511,30.62638047,29.61977342,0,0
10.54000000,30.79596737,29.49784164,30.63507890,29.59992574,0,0
10.55000000,30.72137968,29.50584943,30.63825493,29.55049065,0,0
10.56000000,30.70218227,29.47612860,30.61028751,29.52815943,0,0
10.57000000,30.74282862,29.44219304,30.61769139,29.50321515,0,0
10.58000000,30.73787442,29.36366134,30.57494004,29.48643823,0,0
10.59000000,30.73102996,29.32529330,30.52459754,29.41656674,0,0
10.60000000,30.65736740,29.31842012,30.48763612,29.38534771,0,0
10.61000000,30.56146449,29.28108013,30.45120788,29.37618822,0,0
10.62000000,30.51544663,29.22363436,30.38448497,29.29628306,0,0
10.63000000,30.49069197,29.22257035,30.31869595,29.27270098,0,0
10.64000000,30.49206239,29.21565385,30.32303576,29.23375812,0,0
10.65000000,30.48544771,29.16318687,30.30208435,29.22158840,0,0
10.66000000,30.40806584,29.11355912,30.25720070,29.18083113,0,0
10.67000000,30.37754867,29.05223874,30.22449011,29.19927238,0,0
10.68000000,30.36466626,29.07989390,30.17611977,29.08273281,0,0
10.69000000,30.39357371,29.00641243,30.20600225,29.00125050,0,0
10.70000000,30.31169191,28.98544665,30.20771623,29.02420853,0,0
10.71000000,30.24818502,28.94499365,30.01881410,29.02745451,0,0
10.72000000,30.30586907,28.91908313,29.99405621,29.03040878,0,0
10.73000000,30.27010144,28.92650692,29.98196953,28.98462312,0,0
10.74000000,30.27148317,28.87700083,29.99520147,28.92150581,0,0
10.75000000,30.21239165,28.83249663,30.04210597,28.88593247,0,0
10.76000000,30.19955506,28.83098509,30.02860247,28.84353841,0,0
10.77000000,30.19816903,28.84094168,29.97043754,28.80179200,0,0
10.78000000,30.20554988,28.86406671,29.93049705,28.78614938,0,0
10.79000000,30.17087785,28.79691965,29.89182371,28.77688866,0,0
10.80000000,30.13222839,28.71307337,29.87498956,28.76564998,0,0
10.81000000,30.10290773,28.67349984,29.90446027,28.72356486,0,0
10.82000000,30.06437601,28.68238614,29.84349654,28.68928582,0,0
10.83000000,30.02305887,28.66892513,29.81849571,28.69072685,0,0
10.84000000,30.01567061,28.63407796,29.76925248,28.59939030,0,0
10.85000000,30.03941752,28.64778940,29.73818106,28.57876603,0,0
10.86000000,29.94480578,28.57902726,29.80662129,28.55131355,0,0
10.87000000,29.93184807,28.55339301,29.80002803,28.57086823,0,0
10.88000000,29.93621926,28.52273523,29.74113459,28.54705937,0,0
10.89000000,29.93019541,28.45390258,29.73686304,28.52911460,0,0
10.90000000,29.94472107,28.43621745,29.70818339,28.40329425,0,0
10.91000000,29.87320354,28.38972604,29.75131298,28.36046902,0,0
10.92000000,29.81784484,28.41302597,29.56501398,28.39750820,0,0
10.93000000,29.87736935,28.44936824,29.61395346,28.42963894,0,0
10.94000000,29.87076471,28.40055976,29.57147919,28.41715605,0,0
10.95000000,29.83667851,28.37329747,29.58985143,28.37663892,0,0
10.96000000,29.81118817,28.32931549,29.60150706,28.31308523,0,0
10.97000000,29.75210290,28.27857892,29.57983830,28.29665604,0,0
10.98000000,29.76737452,28.25430759,29.53838217,28.27391902,0,0
10.99000000,29.78053654,28.24068161,29.50614092,28.25879921,0,0
11.00000000,29.76490248,28.24078382,29.49089527,28.25759563,0,0
11.01000000,29.72959174,28.23072327,29.48375205,28.25742010,0,0
11.02000000,29.68304870,28.18716642,29.46118530,28.23135807,0,0
11.03000000,29.68557053,28.15261670,29.54200829,28.20957739,0,0
11.04000000,29.66753330,28.16289454,29.50660954,28.17188397,0,0
11.05000000,29.64702649,28.13519685,29.47195007,28.19102566,0,0
11.06000000,29.58800440,28.10997361,29.41301284,28.13876304,0,0
11.07000000,29.58409849,28.07926859,29.45794167,28.11527113,0,0
11.08000000,29.55003249,28.08290013,29.44046651,28.10426443,0,0
11.09000000,29.60005337,28.06896116,29.43087748,28.11387089,0,0
11.10000000,29.60409343,28.03330679,29.40862165,28.05585256,0,0
11.11000000,29.56579760,27.97347135,29.28525717,28.03991578,0,0
11.12000000,29.51609539,27.98183081,29.39464424,27.99522665,0,0
11.13000000,29.39709879,27.98227899,29.29459709,27.88908398,0,0
11.14000000,29.47368079,27.93617292,29.24303292,27.91748247,0,0
11.15000000,29.49636003,27.94049918,29.26524928,27.91986250,0,0
11.16000000,29.49775253,27.88705295,29.22333715,27.95848641,0,0
11.17000000,29.45624837,27.88560499,29.20125564,27.95563924,0,0
11.18000000,29.39099571,27.88971754,29.22613208,27.88504832,0,0
11.19000000,29.37580670,27.88141558,29.23040000,27.86999899,0,0
11.20000000,29.40710358,27.84679147,29.21143873,27.82482094,0,0
11.21000000,29.44079940,27.82395346,29.18434803,27.79651049,0,0
11.22000000,29.38512193,27.82289539,29.13054957,27.78741020,0,0
11.23000000,29.33315857,27.80700426,29.09415046,27.77760307,0,0
11.24000000,29.27058448,27.79312435,29.09724901,27.76751388,0,0
11.25000000,29.29720063,27.75443846,29.08938460,27.73490357,0,0
11.26000000,29.26517051,27.77230139,29.07013616,27.70474996,0,0
11.27000000,29.27273262,27.74731557,29.00452133,27.72264910,0,0
11.28000000,29.20225377,27.68963375,29.04317722,27.75510570,0,0
11.29000000,29.18305074,27.66027593,29.04273930,27.66712696,0,0
11.30000000,29.16313491,27.70036387,29.00572600,27.63225543,0,0
11.31000000,29.17007496,27.70840456,28.96566717,27.60795362,0,0
11.32000000,29.21092371,27.68404679,28.98607136,27.61355863,0,0
11.33000000,29.15311544,27.59700484,28.94105197,27.60588455,0,0
11.34000000,29.03801952,27.57756527,29.02022234,27.58887832,0,0
11.35000000,29.01446010,27.58815291,28.85009642,27.50345717,0,0
11.36000000,29.07208802,27.56750959,28.88152540,27.43733887,0,0
11.37000000,29.05499747,27.52648742,28.79474993,27.47950908,0,0
11.38000000,29.08971236,27.48602813,28.77886443,27.47750338,0,0
11.39000000,29.02331305,27.45088300,28.79110199,27.48624230,0,0
11.40000000,28.93605216,27.46260341,28.81297842,27.48464912,0,0
11.41000000,28.92524804,27.45531141,28.78767091,27.44062064,0,0
11.42000000,28.95556195,27.44284197,28.76946532,27.41537928,0,0
11.43000000,28.93915185,27.42065285,28.75557399,27.42616378,0,0
11.44000000,28.93707675,27.40212672,28.69754308,27.37270138,0,0
11.45000000,28.91890768,27.40444919,28.66272742,27.36536907,0,0
11.46000000,28.88573662,27.40121755,28.67308006,27.36069931,0,0
11.47000000,28.85623734,27.37461579,28.68470106,27.39425424,0,0
11.48000000,28.84547475,27.30030668,28.68586374,27.34298646,0,0
11.49000000,28.84148995,27.34687120,28.61090087,27.28562129,0,0
11.50000000,28.78859851,27.30069332,28.55738365,27.30018012,0,0
11.51000000,28.73346990,27.31041511,28.59191824,27.29169613,0,0
11.52000000,28.73575506,27.27000043,28.51636244,27.24723184,0,0
11.53000000,28.71586288,27.29426698,28.56693205,27.18414858,0,0
11.54000000,28.75580496,27.25820764,28.45237917,27.19661863,0,0
11.55000000,28.75418875,27.21747697,28.53027784,27.20731654,0,0
11.56000000,28.64720684,27.15601183,28.55439684,27.19145565,0,0
11.57000000,28.60613695,27.12994130,28.44512613,27.19659796,0,0
11.58000000,28.63176199,27.13414571,28.44688010,27.10727033,0,0
11.59000000,28.66361150,27.16876496,28.41611423,27.02046536,0,0
11.60000000,28.65070396,27.11727185,28.33358321,27.07327575,0,0
11.61000000,28.62120415,27.09504495,28.36605173,27.06049293,0,0
11.62000000,28.53726950,27.05963376,28.38468188,27.07988104,0,0
11.63000000,28.54541704,27.06110092,28.39381276,27.08139207,0,0
11.64000000,28.55569037,27.05950956,28.37605267,27.02244052,0,0
11.65000000,28.56431585,27.01012979,28.32701945,26.98949257,0,0
11.66000000,28.52627621,26.95504384,28.26424911,27.00275457,0,0
11.67000000,28.47051904,26.96628538,28.25386772,26.97907692,0,0
11.68000000,28.43351685,26.96750265,28.27112683,26.95972322,0,0
11.69000000,28.43704943,26.94391879,28.27207832,26.98682689,0,0
11.70000000,28.43795063,26.93644932,28.24914453,26.97611910,0,0
11.71000000,28.43645924,26.84807021,28.17136449,26.90759262,0,0
11.72000000,28.42430092,26.91098970,28.15160640,26.87140454,0,0
11.73000000,28.33256898,26.90399576,28.20354570,26.85063007,0,0
11.74000000,28.33242029,26.87826290,28.13058964,26.85876073,0,0
11.75000000,28.35355365,26.81489843,28.13377278,26.76662884,0,0
11.76000000,28.35336872,26.79079047,28.10332109,26.77693807,0,0
11.77000000,28.35623031,26.75718751,28.02528810,26.73045246,0,0
11.78000000,28.24910584,26.76052742,28.15920207,26.75458385,0,0
11.79000000,28.17578067,26.76890062,28.04746443,26.73879461,0,0
11.80000000,28.22810594,26.71047718,28.02245672,26.73954408,0,0
11.81000000,28.25970396,26.66285237,28.06601196,26.69354582,0,0
11.82000000,28.27652439,26.62484403,27.98346360,26.58226980,0,0
11.83000000,28.23214265,26.61840993,27.95308380,26.56507627,0,0
11.84000000,28.13506010,26.62653722,27.97048470,26.60136956,0,0
11.85000000,28.10625786,26.62768953,27.96888257,26.61236326,0,0
11.86000000,28.14300827,26.62410146,27.95280496,26.59906473,0,0
11.87000000,28.14587249,26.60141668,27.92926774,26.57228653,0,0
11.88000000,28.12552170,26.56127954,27.87716585,26.53150213,0,0
11.89000000,28.09053950,26.51280145,27.82780324,26.52849397,0,0
11.90000000,28.07219048,26.49574876,27.83666632,26.52992489,0,0
11.91000000,28.07444498,26.54668623,27.88123366,26.46868963,0,0
11.92000000,27.99822863,26.53340044,27.82484971,26.45574085,0,0
11.93000000,27.98639404,26.55606050,27.79211368,26.43385861,0,0
11.94000000,27.97103976,26.49091827,27.73667854,26.46304741,0,0
11.95000000,27.97088789,26.42831534,27.78891244,26.43562412,0,0
11.96000000,27.96335237,26.41892376,27.76167333,26.41310451,0,0
11.97000000,27.94531073,26.44844973,27.76175060,26.45485985,0,0
11.98000000,27.92514816,26.42610981,27.71777556,26.40276191,0,0
11.99000000,27.94566995,26.39200184,27.63635234,26.36923299,0,0
12.00000000,27.91320307,26.38433577,27.70122547,26.35214702,0,0
12.01000000,27.84598727,26.36147091,27.70262749,26.34749439,0,0
12.02000000,27.85077476,26.36993244,27.58390837,26.35579516,0,0
12.03000000,27.86735291,26.35309509,27.62447451,26.33963145,0,0
12.04000000,27.91019993,26.34198452,27.61654200,26.32961983,0,0
12.05000000,27.88764446,26.30358713,27.58366496,26.25820809,0,0
12.06000000,27.83261787,26.30461274,27.60551584,26.21502645,0,0
12.07000000,27.78803427,26.32271818,27.61676270,26.21394463,0,0
12.08000000,27.84205217,26.34398071,27.59996993,26.23945569,0,0
12.09000000,27.86156437,26.31912648,27.57205839,26.26285848,0,0
12.10000000,27.83519510,26.27159815,27.56601327,26.27259017,0,0
12.11000000,27.79636679,26.26129967,27.56074055,26.23501265,0,0
12.12000000,27.76559066,26.23083845,27.55174191,26.21212351,0,0
12.13000000,27.78193908,26.25781265,27.57691261,26.22005195,0,0
12.14000000,27.74497467,26.29416257,27.57848031,26.23324255,0,0
12.15000000,27.76108509,26.30213884,27.57119182,26.18622602,0,0
12.16000000,27.76464521,26.25112061,27.56980406,26.19499285,0,0
12.17000000,27.75074787,26.25157909,27.48463309,26.16542881,0,0
12.18000000,27.73055196,26.24274409,27.55553750,26.17297444,0,0
12.19000000,27.72037297,26.25019433,27.50068029,26.16731407,0,0
12.20000000,27.72623034,26.27672478,27.50026266,26.12804089,0,0
12.21000000,27.73277627,26.25399393,27.51167964,26.16701819,0,0
12.22000000,27.76575676,26.23816700,27.47523549,26.14387759,0,0
12.23000000,27.72442270,26.20956143,27.48733542,26.11750621,0,0
12.24000000,27.64741731,26.24619045,27.47554068,26.06583970,0,0
12.25000000,27.67925241,26.26514806,27.36353626,26.06179289,0,0
12.26000000,27.73075145,26.25831315,27.44016910,26.10442729,0,0
12.27000000,27.75218492,26.20880730,27.44089656,26.09012412,0,0
12.28000000,27.76964979,26.14921257,27.40205935,26.12037012,0,0
12.29000000,27.68150222,26.14007279,27.41090362,26.11367278,0,0
12.30000000,27.66037739,26.17595023,27.42382345,26.05412139,0,0
12.31000000,27.69707567,26.16785692,27.43229930,26.03481564,0,0
12.32000000,27.73543609,26.18046961,27.43133630,26.06580400,0,0
12.33000000,27.73610673,26.15012805,27.38962241,26.06989652,0,0
12.34000000,27.68565280,26.12683391,27.37878265,26.10888675,0,0
12.35000000,27.67926355,26.15819443,27.36804525,26.10514609,0,0
12.36000000,27.64329419,26.14961929,27.40346378,26.04743933,0,0
12.37000000,27.59178163,26.14179434,27.41827257,26.03350565,0,0
12.38000000,27.61923851,26.11283754,27.39186529,26.02920468,0,0
12.39000000,27.66878880,26.14643299,27.34082828,25.98196749,0,0
12.40000000,27.65337455,26.12543010,27.28162325,25.99028008,0,0
12.41000000,27.61716128,26.11174152,27.37169418,26.00989807,0,0
12.42000000,27.57896136,26.06937058,27.35077909,26.02633325,0,0
12.43000000,27.58825338,26.06063654,27.37641077,26.02036765,0,0
12.44000000,27.60358973,26.08610148,27.38359487,25.96248770,0,0
12.45000000,27.63267597,26.03785595,27.32971844,26.03479079,0,0
12.46000000,27.56856452,26.04405891,27.40659185,25.99655564,0,0
12.47000000,27.55646438,26.03645419,27.39491915,25.97273853,0,0
12.48000000,27.61060481,26.09969236,27.28402389,25.95355309,0,0
12.49000000,27.65165992,26.13658704,27.34019388,25.90043892,0,0
12.50000000,27.68263110,26.12817479,27.36303679,25.94014274,0,0
12.51000000,27.67714769,26.14480433,27.33590712,25.95856475,0,0
12.52000000,27.62505410,26.11739570,27.33579789,25.96043768,0,0
12.53000000,27.63535712,26.08185358,27.33416474,25.94433739,0,0
12.54000000,27.64360108,26.08910481,27.35685570,25.88380662,0,0
12.55000000,27.63745502,26.05486887,27.36496603,25.82953200,0,0
12.56000000,27.61047041,26.02823111,27.33593895,25.87101048,0,0
12.57000000,27.58060458,26.02537543,27.31335128,25.91072428,0,0
12.58000000,27.60257730,26.02079954,27.29217022,25.94278179,0,0
12.59000000,27.61802008,26.01955409,27.33335289,25.98073432,0,0
12.60000000,27.59404619,26.05311286,27.35758042,25.94220959,0,0
12.61000000,27.62811235,26.02422995,27.31251355,25.91512709,0,0
12.62000000,27.57635141,25.98274840,27.37471580,25.94768666,0,0
12.63000000,27.56516466,26.04483404,27.25661068,25.89207809,0,0
12.64000000,27.50319215,26.04774711,27.43948002,25.92711237,0,0
12.65000000,27.55697738,26.05103345,27.33321415,25.93301819,0,0
12.66000000,27.60346716,26.01907404,27.36695071,25.94104488,0,0
12.67000000,27.63167981,25.97932496,27.37285731,25.91807279,0,0
12.68000000,27.60618027,26.05504438,27.31224146,25.87479779,0,0
12.69000000,27.51203911,26.06438415,27.37966273,25.90359422,0,0
12.70000000,27.53385870,26.02745859,27.41344975,25.95284528,0,0
12.71000000,27.59989741,26.02214765,27.32754432,25.93041716,0,0
12.72000000,27.69483694,26.01806596,27.34954718,25.93352304,0,0
12.73000000,27.71123479,26.03594512,27.33735313,25.91709736,0,0
12.74000000,27.56790315,26.03495198,27.29689541,25.92592342,0,0
12.75000000,27.41289495,26.03847329,27.34429035,25.96863014,0,0
12.76000000,27.45782626,26.01081763,27.38213930,25.99164610,0,0
12.77000000,27.56776873,26.02707529,27.39163818,25.97266907,0,0
12.78000000,27.68605898,26.05868691,27.35067071,25.89773177,0,0
12.79000000,27.72354405,26.00379426,27.32090491,25.81270641,0,0
12.80000000,27.64974339,25.97126763,27.31442694,25.85601739,0,0
12.81000000,27.55980173,26.03687313,27.32068915,25.90394587,0,0
12.82000000,27.60418423,26.09722047,27.36298384,25.93754800,0,0
12.83000000,27.59967942,26.14273221,27.32856315,25.99831275,0,0
12.84000000,27.60052926,26.08497697,27.34182797,25.98695639,0,0
12.85000000,27.64393818,26.00575763,27.32431587,25.91169020,0,0
12.86000000,27.73234181,26.01607591,27.30048573,25.99906630,0,0
12.87000000,27.73199531,26.12341547,27.44249987,25.96110397,0,0
12.88000000,27.65655232,26.13209120,27.34755644,25.93374116,0,0
12.89000000,27.58059839,26.16344206,27.32627124,25.95618954,0,0
12.90000000,27.65396762,26.17197530,27.43174443,25.98229663,0,0
12.91000000,27.68447688,26.15154500,27.37448144,25.98151041,0,0
12.92000000,27.65837570,26.14295050,27.45899778,25.96921945,0,0
12.93000000,27.66043750,26.11752350,27.49148700,25.97708436,0,0
12.94000000,27.66487125,26.09275648,27.38547389,25.99386361,0,0
12.95000000,27.69913163,26.11751312,27.42745176,25.96721773,0,0
12.96000000,27.70378345,26.15276560,27.44207417,25.97031736,0,0
12.97000000,27.69748756,26.15081365,27.40929233,25.95664735,0,0
12.98000000,27.66641391,26.14628451,27.44832060,25.98213646,0,0
12.99000000,27.70162607,26.17196331,27.49036673,26.00950502,0,0
13.00000000,27.74951206,26.15768918,27.49824497,26.01201843,0,0
13.01000000,27.71937063,26.11030004,27.48542658,26.02103534,0,0
13.02000000,27.73971768,26.10132425,27.48822664,25.99975694,0,0
13.03000000,27.72023575,26.16071269,27.50872516,25.91656161,0,0
13.04000000,27.72704287,26.13867583,27.53965111,25.92959226,0,0
13.05000000,27.72034621,26.17015724,27.64459157,26.02242243,0,0
13.06000000,27.78826391,26.21012276,27.62569573,26.04431869,0,0
13.07000000,27.80117147,26.14549445,27.53002268,26.08302137,0,0
13.08000000,27.81287499,26.20028049,27.45343682,26.07782110,0,0
13.09000000,27.76289720,26.13928288,27.32905319,25.99982749,0,0
13.10000000,27.70031808,26.18428455,27.40218381,26.04374476,0,0
13.11000000,27.76414290,26.16943302,27.41384512,26.03113831,0,0
13.12000000,27.76018383,26.17979514,27.43236656,25.96405845,0,0
13.13000000,27.78638364,26.19623993,27.48066403,25.99048750,0,0
13.14000000,27.72165252,26.21105854,27.39346527,25.99587671,0,0
13.15000000,27.70678365,26.19354367,27.47718370,26.03669104,0,0
13.16000000,27.76765655,26.23144677,27.51958476,26.04947028,0,0
13.17000000,27.82083779,26.31915610,27.45274697,26.02775630,0,0
13.18000000,27.87446306,26.36579228,27.48641093,26.08812133,0,0
13.19000000,27.86219676,26.34519975,27.51507203,26.13130755,0,0
13.20000000,27.81033317,26.28210009,27.48456194,26.08988137,0,0
13.21000000,27.80143744,26.23188717,27.57654976,26.11451685,0,0
13.22000000,27.84195759,26.23455618,27.60384853,26.12123052,0,0
13.23000000,27.89587512,26.29832085,27.63306742,26.14652012,0,0
13.24000000,27.87929097,26.33523167,27.65862731,26.17446015,0,0
13.25000000,27.86365473,26.34977779,27.59527644,26.20600211,0,0
13.26000000,27.85501537,26.33515410,27.59334341,26.22745062,0,0
13.27000000,27.94466781,26.32259043,27.56102927,26.17085110,0,0
13.28000000,27.89224966,26.33697999,27.66218542,26.17323120,0,0
13.29000000,27.93807716,26.37543769,27.68314052,26.23154383,0,0
13.30000000,27.92514864,26.35187194,27.68331154,26.20515245,0,0
13.31000000,27.95244709,26.38821562,27.60550092,26.24702388,0,0
13.32000000,27.92683995,26.39766397,27.61568775,26.27796915,0,0
13.33000000,27.93233016,26.39699932,27.69748435,26.23848823,0,0
13.34000000,27.96799154,26.40381271,27.66049200,26.25038316,0,0
13.35000000,27.96845459,26.41160614,27.67931284,26.25190273,0,0
13.36000000,28.01707124,26.41315656,27.73626846,26.24192780,0,0
13.37000000,27.96622967,26.45205828,27.71652627,26.22895453,0,0
13.38000000,27.96425934,26.48367848,27.78941054,26.26968010,0,0
13.39000000,28.02802932,26.47136117,27.79498838,26.33087502,0,0
13.40000000,28.07048645,26.45835763,27.76211556,26.33460533,0,0
13.41000000,28.05622228,26.50296462,27.77477039,26.29461566,0,0
13.42000000,28.03948484,26.52482591,27.79795830,26.32906934,0,0
13.43000000,28.01739362,26.55369176,27.74590499,26.33737708,0,0
13.44000000,28.06645557,26.56514218,27.81090167,26.28888556,0,0
13.45000000,28.12794994,26.57798208,27.81866042,26.31905046,0,0
13.46000000,28.16888023,26.55961501,27.78847684,26.28600481,0,0
13.47000000,28.14547192,26.55237844,27.74140520,26.30063926,0,0
13.48000000,28.10576246,26.53276031,27.66342897,26.28077219,0,0
13.49000000,28.09758827,26.57333245,27.74213305,26.21464133,0,0
13.50000000,28.06819724,26.59458864,27.69120495,26.26486713,0,0
13.51000000,28.13487012,26.54006095,27.85677659,26.20923249,0,0
13.52000000,28.12152789,26.56436602,27.86143529,26.27401693,0,0
13.53000000,28.15571095,26.54627448,27.85720585,26.45641817,0,0
13.54000000,28.15570924,26.58582999,27.85186961,26.50965736,0,0
13.55000000,28.14136950,26.55528719,27.88720028,26.56987557,0,0
13.56000000,28.14778960,26.56969734,27.95602871,26.50627407,0,0
13.57000000,28.14531625,26.59360650,27.92853680,26.45827918,0,0
13.58000000,28.22295501,26.63015429,27.96014496,26.53020775,0,0
13.59000000,28.24853997,26.67375092,27.96485049,26.53669664,0,0
13.60000000,28.19358064,26.65554678,27.98223194,26.52344962,0,0
13.61000000,28.20360083,26.66227863,28.01799998,26.54104902,0,0
13.62000000,28.27280273,26.65127909,28.01746035,26.54510223,0,0
13.63000000,28.33307746,26.61827856,27.97910857,26.56486798,0,0
13.64000000,28.31629583,26.67695771,27.99861930,26.54746450,0,0
13.65000000,28.27044068,26.74118107,28.00814158,26.51961461,0,0
13.66000000,28.19983326,26.72175841,27.99366669,26.54971844,0,0
13.67000000,28.33133874,26.70355256,28.06145701,26.58900765,0,0
13.68000000,28.40078025,26.72790160,28.08323036,26.50470547,0,0
13.69000000,28.40178426,26.72258120,28.10748996,26.59835008,0,0
13.70000000,28.34816929,26.75371174,28.11206096,26.56361781,0,0
13.71000000,28.38928089,26.76215386,28.08266118,26.61255310,0,0
13.72000000,28.45235808,26.78462112,28.09735806,26.61231585,0,0
13.73000000,28.43102441,26.73085678,28.08992609,26.60077127,0,0
13.74000000,28.44756984,26.74231173,28.17031264,26.53458678,0,0
13.75000000,28.43739922,26.74551099,28.15583549,26.47935754,0,0
13.76000000,28.43009973,26.77897590,28.15480295,26.51566691,0,0
13.77000000,28.42853825,26.85827506,28.13643564,26.59685057,0,0
13.78000000,28.46818964,26.81452071,28.22277815,26.63675214,0,0
13.79000000,28.47584391,26.79897809,28.18980696,26.66455597,0,0
13.80000000,28.53041701,26.81106741,28.20531184,26.65175114,0,0
13.81000000,28.55142962,26.80383686,28.22608085,26.64487464,0,0
13.82000000,28.49868833,26.82495270,28.17279373,26.67288901,0,0
13.83000000,28.50019156,26.85676732,28.27590668,26.66603266,0,0
13.84000000,28.52884452,26.91717447,28.31690682,26.67224225,0,0
13.85000000,28.54845969,26.90902292,28.23196602,26.69148975,0,0
13.86000000,28.59236387,26.89279803,28.25287044,26.70853849,0,0
13.87000000,28.60381424,26.87497300,28.25925138,26.71130675,0,0
13.88000000,28.55512207,26.89386483,28.25867412,26.67745415,0,0
13.89000000,28.58715827,26.91841708,28.28668864,26.68333141,0,0
13.90000000,28.67584232,26.95873883,28.34844710,26.74688080,0,0
13.91000000,28.65456733,27.00749460,28.36634518,26.75204640,0,0
13.92000000,28.67666046,26.98885645,28.37653421,26.76839059,0,0
13.93000000,28.61255865,26.94556257,28.33064604,26.78750672,0,0
13.94000000,28.67566311,26.98807821,28.34653025,26.79423320,0,0
13.95000000,28.65038908,27.01906184,28.31493917,26.82414661,0,0
13.96000000,28.67800127,27.02324085,28.44894423,26.81326337,0,0
13.97000000,28.66207464,26.96799691,28.41376815,26.85528608,0,0
13.98000000,28.68029826,26.94827273,28.44901842,26.76349619,0,0
13.99000000,28.68792956,26.98677247,28.37050294,26.76715299,0,0
14.00000000,28.73297438,27.04105342,28.45396709,26.84854831,0,0
14.01000000,28.73842222,27.05286472,28.45650638,26.86510903,0,0
14.02000000,28.74461792,27.04575445,28.45576597,26.88863295,0,0
14.03000000,28.74672161,27.06591920,28.48006385,26.89978964,0,0
14.04000000,28.70430775,27.10029184,28.43741577,26.87099334,0,0
14.05000000,28.72086531,27.11489906,28.47775392,26.90124318,0,0
14.06000000,28.76819625,27.09749854,28.53348009,26.90670371,0,0
14.07000000,28.80078554,27.07780765,28.49301937,26.88801950,0,0
14.08000000,28.80477838,27.10923150,28.46555718,26.91072255,0,0
14.09000000,28.79272252,27.13600657,28.50087693,26.96178892,0,0
14.10000000,28.72590212,27.12737369,28.48090610,27.00233483,0,0
14.11000000,28.78215909,27.19929665,28.50735381,27.02508582,0,0
14.12000000,28.91518259,27.20072869,28.60961492,26.98930171,0,0
14.13000000,28.95223451,27.15967399,28.62759858,26.98972324,0,0
14.14000000,28.94390111,27.14052841,28.59384747,27.03912849,0,0
14.15000000,28.81884499,27.17073720,28.57872083,26.96248947,0,0
14.16000000,28.85888416,27.28215683,28.54841716,27.01368529,0,0
14.17000000,28.83759292,27.23297230,28.56263339,26.97862149,0,0
14.18000000,28.95690964,27.26479686,28.64072827,27.02061046,0,0
14.19000000,28.96550690,27.20636055,28.59341810,27.05591083,0,0
14.20000000,28.93746660,27.22228868,28.64256717,27.04283532,0,0
14.21000000,28.90485496,27.24842317,28.57383857,27.08582624,0,0
14.22000000,28.95121169,27.27516358,28.64857021,27.02527665,0,0
14.23000000,28.96619707,27.27476521,28.71027556,27.02554610,0,0
14.24000000,29.00697653,27.28670634,28.70051394,27.09088359,0,0
14.25000000,28.96613358,27.28815081,28.70389529,27.15992533,0,0
14.26000000,28.92183746,27.29515363,28.65875840,27.18562747,0,0
14.27000000,28.94689031,27.31424017,28.69769044,27.18549828,0,0
14.28000000,28.99328610,27.34720024,28.78193041,27.14430140,0,0
14.29000000,29.04645996,27.34599007,28.71011855,27.18209880,0,0
14.30000000,29.06251213,27.31445800,28.68572503,27.17836176,0,0
14.31000000,29.02564459,27.35658331,28.72740740,27.15315457,0,0
14.32000000,29.02795210,27.41851582,28.68118258,27.19605436,0,0
14.33000000,29.08912425,27.39502844,28.78786055,27.23239276,0,0
14.34000000,29.12349907,27.43047362,28.80661225,27.22596035,0,0
14.35000000,29.09962184,27.39117145,28.86321151,27.22901113,0,0
14.36000000,29.05419722,27.44083553,28.86802740,27.19311572,0,0
14.37000000,29.09509563,27.46435515,28.88751034,27.27939124,0,0
14.38000000,29.14750184,27.48794047,28.81935084,27.19402669,0,0
14.39000000,29.13489055,27.50484627,28.85465420,27.25586152,0,0
14.40000000,29.12881117,27.46102470,28.82296220,27.28557856,0,0
14.41000000,29.17995796,27.49147420,28.87288340,27.28963838,0,0
14.42000000,29.16800747,27.47890673,28.85437807,27.31742247,0,0
14.43000000,29.12128242,27.50114128,28.84838773,27.35843192,0,0
14.44000000,29.17451179,27.47629922,28.88585902,27.32157498,0,0
14.45000000,29.18746602,27.51100609,28.92755874,27.27972343,0,0
14.46000000,29.20907685,27.54314553,28.92717840,27.26544536,0,0
14.47000000,29.13868558,27.51691962,28.92019429,27.34325414,0,0
14.48000000,29.16573639,27.52890818,28.90144838,27.39610295,0,0
14.49000000,29.25489977,27.58992819,28.95120145,27.40540539,0,0
14.50000000,29.26332187,27.61291493,29.02248346,27.39293864,0,0
14.51000000,29.22395564,27.61156711,28.92945783,27.36580878,0,0
14.52000000,29.21806999,27.55935933,28.92264671,27.40400502,0,0
14.53000000,29.21861721,27.55844977,28.96045876,27.41268200,0,0
14.54000000,29.25298394,27.58548718,28.93747737,27.41400615,0,0
14.55000000,29.32074418,27.66654914,29.02335406,27.42782087,0,0
14.56000000,29.28713359,27.62100979,29.01479334,27.44814523,0,0
14.57000000,29.27033444,27.64503102,29.09398281,27.48839249,0,0
14.58000000,29.28573895,27.69603616,29.03029045,27.45824867,0,0
14.59000000,29.37263680,27.67751253,29.04647464,27.49030796,0,0
14.60000000,29.34645983,27.65361157,28.98326383,27.56825499,0,0
14.61000000,29.31830373,27.66549799,28.97831969,27.49218043,0,0
14.62000000,29.32138140,27.75918661,29.08454211,27.53550297,0,0
14.63000000,29.36964154,27.72594368,29.12419242,27.50216865,0,0
14.64000000,29.38291725,27.76732306,29.12268260,27.53258008,0,0
14.65000000,29.33794203,27.70021864,29.08591330,27.53794152,0,0
14.66000000,29.35724242,27.74034611,29.12831250,27.57907559,0,0
14.67000000,29.41404237,27.71382253,29.11958693,27.57685423,0,0
14.68000000,29.45416237,27.75921069,29.10378902,27.50296367,0,0
14.69000000,29.36692096,27.81412640,29.12627389,27.51885602,0,0
14.70000000,29.36550043,27.79001382,29.09904688,27.59283457,0,0
14.71000000,29.41555657,27.79114763,29.18720546,27.65586734,0,0
14.72000000,29.49895766,27.80076168,29.21492239,27.70673312,0,0
14.73000000,29.53626238,27.80273426,29.15655714,27.67348909,0,0
14.74000000,29.48136409,27.80889453,29.16443904,27.67083016,0,0
14.75000000,29.41654302,27.86756249,29.17129266,27.68197872,0,0
14.76000000,29.43044024,27.89637251,29.15445479,27.66994458,0,0
14.77000000,29.50480305,27.92098197,29.23848273,27.70098567,0,0
14.78000000,29.52411011,27.97007323,29.23798369,27.69686629,0,0
14.79000000,29.53678326,27.88899509,29.28018129,27.71057780,0,0
14.80000000,29.53709237,27.91420347,29.25261282,27.72555651,0,0
14.81000000,29.56482218,27.97501764,29.32344898,27.74298830,0,0
14.82000000,29.54545762,27.99310165,29.29588004,27.79528551,0,0
14.83000000,29.57604025,27.99647542,29.23028464,27.85426171,0,0
14.84000000,29.54048517,28.02175138,29.34777822,27.81705396,0,0
14.85000000,29.55122149,28.02853376,29.31237585,27.84888432,0,0
14.86000000,29.61477806,28.03805563,29.32893949,27.85530672,0,0
14.87000000,29.63743895,28.01282824,29.34105485,27.87920183,0,0
14.88000000,29.61338259,28.04404624,29.35111159,27.89072863,0,0
14.89000000,29.63945065,28.01581436,29.35895952,27.89113869,0,0
14.90000000,29.57342100,28.04395451,29.36456060,27.87378818,0,0
14.91000000,29.63195691,28.07845180,29.36754198,27.82258851,0,0
14.92000000,29.68493675,28.11088865,29.36213922,27.85983562,0,0
14.93000000,29.69427202,28.08524293,29.41999705,27.88263410,0,0
14.94000000,29.66554059,28.09144333,29.36526998,27.89181490,0,0
14.95000000,29.63076001,28.12678170,29.32345313,27.96391557,0,0
14.96000000,29.64797284,28.13838505,29.38291638,27.93573823,0,0
14.97000000,29.66777095,28.16495207,29.33677346,27.98217526,0,0
14.98000000,29.73780374,28.16477595,29.40120145,28.00961319,0,0
14.99000000,29.74862316,28.15854896,29.42313581,27.96509166,0,0
15.00000000,29.74650090,28.19311312,29.44096026,27.99625328,0,0
15.01000000,29.65854715,28.18967049,29.44127440,28.03099040,0,0
15.02000000,29.70868534,28.23912785,29.48219882,28.04295686,0,0
15.03000000,29.66452634,28.24348410,29.41501925,28.02962770,0,0
15.04000000,29.76899216,28.21967257,29.47155315,28.05469278,0,0
15.05000000,29.77145228,28.18407400,29.49670067,28.06889705,0,0
15.06000000,29.76278671,28.29178380,29.54956202,28.12197645,0,0
15.07000000,29.71663647,28.29876733,29.52424775,28.10338792,0,0
15.08000000,29.72844607,28.36491608,29.52547620,28.09964788,0,0
15.09000000,29.79238412,28.33447437,29.50496758,28.12130192,0,0
15.10000000,29.83164840,28.29991048,29.50605188,28.14390611,0,0
15.11000000,29.78636288,28.29933973,29.51094061,28.18350183,0,0
15.12000000,29.74346220,28.28418710,29.54211275,28.20672949,0,0
15.13000000,29.78615428,28.30450732,29.54333894,28.16071350,0,0
15.14000000,29.86323099,28.38020853,29.59993020,28.16035831,0,0
15.15000000,29.87046626,28.39174277,29.61966501,28.18923332,0,0
15.16000000,29.86334280,28.36898521,29.51471508,28.25030420,0,0
15.17000000,29.81910754,28.38412753,29.53018089,28.27404369,0,0
15.18000000,29.82720794,28.42325249,29.57747692,28.28398410,0,0
15.19000000,29.91132325,28.41323125,29.56903595,28.25115233,0,0
15.20000000,29.87039151,28.44004731,29.65287449,28.25560216,0,0
15.21000000,29.91708522,28.45450361,29.67325335,28.29143123,0,0
15.22000000,29.88435661,28.45553031,29.69559186,28.25031471,0,0
15.23000000,29.96305139,28.49232520,29.66569561,28.35129318,0,0
15.24000000,29.91723693,28.44854006,29.65332624,28.34627722,0,0
15.25000000,29.90363250,28.55902175,29.59254367,28.38315104,0,0
15.26000000,29.92861526,28.57358847,29.70659375,28.35289533,0,0
15.27000000,29.96179111,28.51076152,29.67082363,28.40038672,0,0
15.28000000,29.97475912,28.54594985,29.73040058,28.42885620,0,0
15.29000000,29.98228958,28.57520453,29.68610729,28.40404435,0,0
15.30000000,29.93142966,28.64139218,29.71211837,28.39314014,0,0
15.31000000,30.02512230,28.64535543,29.76043491,28.42747829,0,0
15.32000000,29.99935539,28.59903192,29.76047676,28.44890764,0,0
15.33000000,30.02622961,28.56735459,29.81175897,28.48790030,0,0
15.34000000,30.00805106,28.61591814,29.75717738,28.49736424,0,0
15.35000000,30.02430550,28.63870894,29.84241433,28.47403054,0,0
15.36000000,30.05549908,28.68739291,29.86890580,28.42862701,0,0
15.37000000,30.10800185,28.68156455,29.79418878,28.46521009,0,0
15.38000000,30.08508912,28.63251336,29.77470038,28.52354779,0,0
15.39000000,30.05663216,28.67231865,29.77783747,28.56300005,0,0
15.40000000,30.13784516,28.69031666,29.74509812,28.59829114,0,0
15.41000000,30.14756449,28.77212065,29.82526365,28.58762156,0,0
15.42000000,30.16078339,28.76341566,29.86766852,28.58799794,0,0
15.43000000,30.11292427,28.70337234,29.88275168,28.60655371,0,0
15.44000000,30.14011975,28.74109793,29.86091748,28.57656798,0,0
15.45000000,30.14209408,28.68912051,29.89571283,28.65635798,0,0
15.46000000,30.19731116,28.80606266,29.86406530,28.62983383,0,0
15.47000000,30.19923495,28.83675694,29.93763824,28.68018826,0,0
15.48000000,30.14643940,28.81148292,29.97187980,28.64766403,0,0
15.49000000,30.18851167,28.74545845,29.98452510,28.64256662,0,0
15.50000000,30.23209107,28.82469582,29.96925928,28.77086336,0,0
15.51000000,30.26027637,28.87968866,29.95668932,28.72069194,0,0
15.52000000,30.31364470,28.84791114,29.99897464,28.69704296,0,0
15.53000000,30.24210510,28.85439056,29.98022054,28.68246088,0,0
15.54000000,30.20003668,28.85526506,30.02030599,28.70036285,0,0
15.55000000,30.26385881,28.88952457,30.02419602,28.71126008,0,0
15.56000000,30.31717690,28.88828265,30.05428358,28.74872588,0,0
15.57000000,30.35389770,28.90365252,30.10747264,28.72037052,0,0
15.58000000,30.37553041,28.92321536,29.99719878,28.69731223,0,0
15.59000000,30.34514367,28.89119063,29.99590891,28.72972276,0,0
15.60000000,30.33065839,28.94559264,30.03997020,28.75273233,0,0
15.61000000,30.38208260,28.98284150,30.02869242,28.83608301,0,0
15.62000000,30.40526636,29.00477976,30.11462914,28.85148566,0,0
15.63000000,30.40736821,29.01033633,30.11271498,28.80127022,0,0
15.64000000,30.46377505,29.02024474,30.16954264,28.83887475,0,0
15.65000000,30.44032940,29.02489157,30.16039231,28.89549288,0,0
15.66000000,30.43403709,29.09235491,30.15210536,28.80255847,0,0
15.67000000,30.38169755,29.08529712,30.13092148,28.89363160,0,0
15.68000000,30.50805263,29.12062147,30.14270090,28.88861538,0,0
15.69000000,30.54502150,29.16784483,30.23707225,28.90496328,0,0
15.70000000,30.49620772,29.18348203,30.16230370,28.91078915,0,0
15.71000000,30.56213311,29.12504916,30.25889076,28.93033280,0,0
15.72000000,30.53461081,29.19351767,30.24596952,28.99678287,0,0
15.73000000,30.57841109,29.23377535,30.31036564,28.99371314,0,0
15.74000000,30.54107795,29.27082750,30.29926284,28.98445131,0,0
15.75000000,30.58976162,29.24108063,30.32390701,28.98850483,0,0
15.76000000,30.66168813,29.20683555,30.31880788,29.05793405,0,0
15.77000000,30.71738409,29.27066161,30.38041405,29.08513933,0,0
15.78000000,30.76542766,29.25417947,30.46246911,29.09631903,0,0
15.79000000,30.75267214,29.26240121,30.39595877,29.07747115,0,0
15.80000000,30.69453593,29.27271132,30.45772474,29.02819042,0,0
15.81000000,30.71470465,29.32190899,30.45777425,29.07794347,0,0
15.82000000,30.79391952,29.34734868,30.42171919,29.13921592,0,0
15.83000000,30.82095864,29.37831606,30.49979438,29.17522054,0,0
15.84000000,30.86763054,29.34719924,30.50831306,29.18616407,0,0
15.85000000,30.84263690,29.33207340,30.53747579,29.15967382,0,0
15.86000000,30.88382172,29.37958537,30.56416093,29.20501579,0,0
15.87000000,30.86675603,29.42157234,30.60651529,29.20791460,0,0
15.88000000,30.93683052,29.54848431,30.61103154,29.22919050,0,0
15.89000000,30.96571656,29.41875489,30.64928531,29.24865769,0,0
15.90000000,30.98638931,29.43657292,30.65381952,29.30731348,0,0
15.91000000,30.99864235,29.49129685,30.64761422,29.28746235,0,0
15.92000000,31.00290989,29.53262170,30.67058751,29.28169013,0,0
15.93000000,31.00611919,29.50742737,30.71839086,29.33482191,0,0
15.94000000,31.07350950,29.54906247,30.77146256,29.31205690,0,0
15.95000000,31.02242872,29.56632977,30.76514807,29.30311720,0,0
15.96000000,31.12385006,29.54371971,30.83593424,29.31940894,0,0
15.97000000,31.18673596,29.53203150,30.81198220,29.33082381,0,0
15.98000000,31.20032472,29.57823571,30.95110715,29.36823114,0,0
15.99000000,31.23201207,29.59304479,30.93999869,29.41120027,0,0
16.00000000,31.20262068,29.58974373,30.86125581,29.34904422,0,0
16.01000000,31.22463747,29.60853902,30.88830235,29.31646991,0,0
16.02000000,31.27264847,29.62616624,30.87944769,29.37455904,0,0
16.03000000,31.29705455,29.64515454,30.90193787,29.40237697,0,0
16.04000000,31.33248916,29.66632942,30.94382255,29.45733734,0,0
16.05000000,31.36063682,29.63194536,30.97051821,29.50856412,0,0
16.06000000,31.36399163,29.63986032,31.01467744,29.46892702,0,0
16.07000000,31.35993600,29.65533355,31.00789795,29.47702201,0,0
16.08000000,31.36655242,29.68828934,31.02804936,29.53217632,0,0
16.09000000,31.36422192,29.75556617,31.03134465,29.49151488,0,0
16.10000000,31.37918861,29.71985168,31.07979451,29.52507601,0,0
16.11000000,31.38987392,29.72196487,31.06148088,29.53468978,0,0
16.12000000,31.49473394,29.77681097,31.10199198,29.53635345,0,0
16.13000000,31.45125472,29.81091078,31.07629750,29.54564304,0,0
16.14000000,31.50935770,29.71270121,31.17301576,29.51987082,0,0
16.15000000,31.41569911,29.77108615,31.13528362,29.60850834,0,0
16.16000000,31.50314607,29.82974708,31.18139473,29.56038129,0,0
16.17000000,31.56815228,29.82276602,31.20316170,29.58102287,0,0
16.18000000,31.55209776,29.82813525,31.31773859,29.60271427,0,0
16.19000000,31.54171881,29.85962118,31.40197065,29.63041422,0,0
16.20000000,31.48484556,29.87341176,31.29752849,29.62003984,0,0
16.21000000,31.56454329,29.85378446,31.31790466,29.65241339,0,0
16.22000000,31.65923838,29.91666556,31.30034477,29.62298394,0,0
16.23000000,31.69755076,29.96406073,31.30401681,29.61531693,0,0
16.24000000,31.68535889,29.96184280,31.36267851,29.66106863,0,0
16.25000000,31.64494859,29.95955834,31.40336593,29.72136073,0,0
16.26000000,31.69396956,29.96754465,31.39612706,29.75415359,0,0
16.27000000,31.71345105,29.97541282,31.41165572,29.74277203,0,0
16.28000000,31.70685407,30.01462613,31.37973472,29.71340579,0,0
16.29000000,31.69147009,30.06269543,31.37227143,29.77073281,0,0
16.30000000,31.71344844,30.05548568,31.52011924,29.75045226,0,0
16.31000000,31.76804990,30.04929539,31.47396417,29.80580533,0,0
16.32000000,31.81018744,30.04008308,31.49535265,29.86724202,0,0
16.33000000,31.79849153,30.14020530,31.51142727,29.91421391,0,0
16.34000000,31.77199688,30.13996006,31.55658971,29.90543486,0,0
16.35000000,31.75797399,30.10762243,31.56479775,29.86765740,0,0
16.36000000,31.82166364,30.19820594,31.51247998,29.92611993,0,0
16.37000000,31.91134258,30.18747447,31.57618996,29.89835257,0,0
16.38000000,31.90664761,30.22982860,31.57545555,29.90683318,0,0
16.39000000,31.94758949,30.14405149,31.65145324,29.92726554,0,0
16.40000000,31.92117290,30.13997138,31.45970244,29.96494528,0,0
16.41000000,31.91502081,30.18913952,31.56959489,29.95352991,0,0
16.42000000,31.97079028,30.20602198,31.54555286,29.99766676,0,0
16.43000000,31.98428897,30.28716003,31.62711454,29.96208858,0,0
16.44000000,32.00363545,30.28883552,31.67376923,29.94398387,0,0
16.45000000,32.06283990,30.23964620,31.73134839,30.01651931,0,0
16.46000000,32.03047620,30.24332882,31.73428602,30.08369536,0,0
16.47000000,32.02858536,30.30062101,31.72811766,30.10110053,0,0
16.48000000,32.04594609,30.36664722,31.70592789,30.12197676,0,0
16.49000000,32.10580548,30.38726028,31.70478926,30.09456368,0,0
16.50000000,32.07419260,30.35318627,31.74201068,30.07952873,0,0
16.51000000,32.11370483,30.37462664,31.77325585,30.13092818,0,0
16.52000000,32.16685686,30.34074765,31.78696444,30.12255795,0,0
16.53000000,32.17330214,30.41295305,31.83490629,30.16850170,0,0
16.54000000,32.18965658,30.44933758,31.87495495,30.21090134,0,0
16.55000000,32.10711203,30.42543845,31.88945253,30.17797687,0,0
16.56000000,32.19412275,30.39557895,31.89899806,30.13098281,0,0
16.57000000,32.26313542,30.45027180,31.92086434,30.22434492,0,0
16.58000000,32.25801742,30.51242524,31.93452930,30.17170960,0,0
16.59000000,32.22926424,30.51149928,32.00466610,30.18121698,0,0
16.60000000,32.17709754,30.44803972,31.88579025,30.22429488,0,0
16.61000000,32.31857292,30.46861050,31.96480440,30.24849118,0,0
16.62000000,32.33991628,30.55086108,31.97192678,30.26047400,0,0
16.63000000,32.38977523,30.54293477,31.99796056,30.29790862,0,0
16.64000000,32.35971020,30.53621707,32.02823188,30.25763514,0,0
16.65000000,32.35874878,30.53403478,32.01826607,30.22779993,0,0
16.66000000,32.39530318,30.54094221,32.06879728,30.29952505,0,0
16.67000000,32.36952869,30.57421689,32.05277843,30.34296911,0,0
16.68000000,32.40265857,30.62048668,32.03505409,30.35702455,0,0
16.69000000,32.42773080,30.59826236,32.08459481,30.35465384,0,0
16.70000000,32.45535446,30.59215916,32.10723260,30.36174958,0,0
16.71000000,32.48586223,30.65793018,32.13464192,30.40937060,0,0
16.72000000,32.49701669,30.68315312,32.14461082,30.43350597,0,0
16.73000000,32.51226222,30.64660630,32.13242274,30.41774390,0,0
16.74000000,32.46221224,30.67670499,32.16984967,30.43113973,0,0
16.75000000,32.47286163,30.74151295,32.18550904,30.44025064,0,0
16.76000000,32.55942177,30.73502567,32.19262270,30.44259257,0,0
16.77000000,32.53415368,30.70193985,32.24283470,30.47550829,0,0
16.78000000,32.61906827,30.75061383,32.30689797,30.54364194,0,0
16.79000000,32.60980983,30.74720546,32.27751347,30.50173520,0,0
16.80000000,32.61747950,30.80360391,32.13183885,30.56679274,0,0
16.81000000,32.65449211,30.77069239,32.28518579,30.55465869,0,0
16.82000000,32.56860257,30.84605338,32.27176294,30.62216663,0,0
16.83000000,32.71032482,30.83321580,32.41173378,30.56938522,0,0
16.84000000,32.76791804,30.83869567,32.41748130,30.56991153,0,0
16.85000000,32.77821784,30.84533335,32.41785660,30.51008206,0,0
16.86000000,32.66246586,30.84279544,32.39223012,30.52444955,0,0
16.87000000,32.67846459,30.87801547,32.39402175,30.60158795,0,0
16.88000000,32.69076525,30.92817243,32.41026700,30.65833648,0,0
16.89000000,32.75807973,30.94517496,32.46440926,30.65867641,0,0
16.90000000,32.82524174,30.90899848,32.49659550,30.62903627,0,0
16.91000000,32.86145289,30.88680047,32.48423858,30.65667245,0,0
16.92000000,32.83484125,30.94045206,32.49988598,30.68458178,0,0
16.93000000,32.75754209,31.01470955,32.54689056,30.69161755,0,0
16.94000000,32.74314775,31.01241601,32.55079638,30.72512485,0,0
16.95000000,32.85919214,31.05037490,32.51440188,30.76566595,0,0
16.96000000,32.95477935,31.00200125,32.51404675,30.77570681,0,0
16.97000000,32.90825845,31.01747891,32.51110111,30.77686587,0,0
16.98000000,32.92918974,31.09701537,32.64936760,30.81295398,0,0
16.99000000,32.86643418,31.12701179,32.53803688,30.84622985,0,0
17.00000000,32.98550032,31.13720244,32.60027639,30.82526919,0,0
17.01000000,33.02404806,31.06852392,32.58853657,30.82823161,0,0
17.02000000,33.01686638,31.07487789,32.59234357,30.91166220,0,0
17.03000000,33.02840878,31.06546359,32.66894422,30.89050864,0,0
17.04000000,33.01773795,31.12497535,32.71525910,30.92881022,0,0
17.05000000,32.99438153,31.14960475,32.76091513,30.87685153,0,0
17.06000000,33.03309239,31.14328803,32.72402403,30.77517482,0,0
17.07000000,33.06805201,31.11683101,32.71979645,30.85869202,0,0
17.08000000,33.02726271,31.13159016,32.70817731,30.89066714,0,0
17.09000000,33.02503116,31.15984964,32.73016835,30.94519478,0,0
17.10000000,33.02075837,31.17238257,32.74914355,30.95479160,0,0
17.11000000,33.07448357,31.19408494,32.74517351,30.94170960,0,0
17.12000000,33.05622904,31.18566747,32.77146041,30.94735461,0,0
17.13000000,32.99940536,31.14902884,32.80963532,30.99649982,0,0
17.14000000,33.08419879,31.12802713,32.79862384,30.99990518,0,0
17.15000000,33.09559755,31.18917853,32.79633794,31.03918366,0,0
17.16000000,33.10340756,31.24097359,32.82174319,31.03989518,0,0
17.17000000,33.14654955,31.23083588,32.85371401,31.03145230,0,0
17.18000000,33.07414720,31.19946581,32.81869590,31.01102230,0,0
17.19000000,33.16918064,31.24925805,32.80178622,31.07168747,0,0
17.20000000,33.09462667,31.31169337,32.87099564,31.04753686,0,0
17.21000000,33.19213055,31.30205084,32.84238847,31.04453966,0,0
17.22000000,33.13165243,31.23586466,32.94084117,31.02994177,0,0
17.23000000,33.26192937,31.22993021,32.87787554,31.06002590,0,0
17.24000000,33.23526295,31.18036086,32.92082015,31.07448368,0,0
17.25000000,33.18933568,31.30657778,32.85836555,31.07742816,0,0
17.26000000,33.20339398,31.33281987,32.86590256,31.02475893,0,0
17.27000000,33.12867836,31.31807388,32.89728166,31.03450313,0,0
17.28000000,33.25248562,31.28821429,32.91732407,31.08052141,0,0
17.29000000,33.28103050,31.28185616,32.92212779,31.15576811,0,0
17.30000000,33.31559008,31.33615145,32.92228654,31.15697381,0,0
17.31000000,33.20960234,31.35389319,32.89397004,31.12533017,0,0
17.32000000,33.20850470,31.41107908,32.93942515,31.17246435,0,0
17.33000000,33.27170393,31.39241172,32.97289827,31.14854108,0,0
17.34000000,33.29835095,31.40176126,32.97687683,31.12317624,0,0
17.35000000,33.31648347,31.41848509,33.00967762,31.16316743,0,0
17.36000000,33.28427958,31.39759844,33.06815110,31.19836968,0,0
17.37000000,33.30116023,31.36508634,33.01886473,31.20590417,0,0
17.38000000,33.39478780,31.38341152,32.96873323,31.20266053,0,0
17.39000000,33.38173269,31.46106334,33.03380522,31.24356408,0,0
17.40000000,33.27866021,31.50813979,33.02819443,31.26805617,0,0
17.41000000,33.34614331,31.47208066,33.08967682,31.22695097,0,0
17.42000000,33.43306804,31.42721396,33.05189165,31.21531831,0,0
17.43000000,33.47150202,31.45736912,33.14170150,31.24381553,0,0
17.44000000,33.43395526,31.45090970,33.11574572,31.25235733,0,0
17.45000000,33.37905164,31.48404272,33.18209347,31.28587797,0,0
17.46000000,33.36360244,31.56504312,33.02863996,31.18633908,0,0
17.47000000,33.41698794,31.56473324,33.19355523,31.22683291,0,0
17.48000000,33.52327473,31.48875632,33.05148123,31.28282180,0,0
17.49000000,33.48906986,31.45963083,33.11894676,31.32438755,0,0
17.50000000,33.43403316,31.51503322,33.11307263,31.31193877,0,0
17.51000000,33.42094995,31.57505527,33.18726201,31.27538462,0,0
17.52000000,33.51979606,31.55877633,33.21233025,31.32685741,0,0
17.53000000,33.51744096,31.51750743,33.19475243,31.30418288,0,0
17.54000000,33.50972392,31.51575850,33.17990444,31.33338950,0,0
17.55000000,33.51066450,31.57368126,33.22393557,31.36152630,0,0
17.56000000,33.51828563,31.62442700,33.17764992,31.37463706,0,0
17.57000000,33.54178817,31.61886659,33.17135248,31.37756957,0,0
17.58000000,33.48030757,31.61060256,33.19893586,31.36055627,0,0
17.59000000,33.42002240,31.57925979,33.17545688,31.39537316,0,0
17.60000000,33.51523044,31.63195787,33.19440613,31.41904386,0,0
17.61000000,33.57127817,31.64721226,33.22529591,31.39515946,0,0
17.62000000,33.58080892,31.61576193,33.20214003,31.41430478,0,0
17.63000000,33.56397730,31.63648045,33.24990280,31.43424593,0,0
17.64000000,33.57830496,31.60560177,33.26195707,31.43562376,0,0
17.65000000,33.56417709,31.62267787,33.22836106,31.44831575,0,0
17.66000000,33.58870150,31.67596110,33.24236208,31.41354981,0,0
17.67000000,33.56745876,31.66489273,33.29680301,31.27356257,0,0
17.68000000,33.60969109,31.65108537,33.25705340,31.43116546,0,0
17.69000000,33.49300491,31.65874533,33.35882769,31.45414591,0,0
17.70000000,33.59552029,31.70311826,33.35425783,31.52026390,0,0
17.71000000,33.70673826,31.67439057,33.36367057,31.48446780,0,0
17.72000000,33.65634551,31.70251955,33.30506911,31.48578453,0,0
17.73000000,33.61656284,31.71487948,33.34884937,31.50145361,0,0
17.74000000,33.60901212,31.68599386,33.39132284,31.44169283,0,0
17.75000000,33.68240786,31.71036980,33.32064276,31.51016036,0,0
17.76000000,33.71700152,31.73403787,33.32873965,31.55882920,0,0
17.77000000,33.70041898,31.74658929,33.31517125,31.59369150,0,0
17.78000000,33.66263414,31.78142435,33.34960014,31.58710032,0,0
17.79000000,33.68064553,31.84904392,33.40618696,31.60699806,0,0
17.80000000,33.68546416,31.82148400,33.41564872,31.62067392,0,0
17.81000000,33.71071635,31.80020479,33.44106309,31.56417563,0,0
17.82000000,33.78681678,31.84943354,33.44560543,31.57231883,0,0
17.83000000,33.78153380,31.87214470,33.50087839,31.60795113,0,0
17.84000000,33.76459297,31.86393797,33.46791616,31.61817539,0,0
17.85000000,33.76824947,31.88933576,33.52559421,31.63438949,0,0
17.86000000,33.81393328,31.94430031,33.42715748,31.61361887,0,0
17.87000000,33.87019760,31.92541560,33.41614562,31.61737365,0,0
17.88000000,33.76270022,31.90236280,33.51498262,31.69545776,0,0
17.89000000,33.84407294,31.89798058,33.54059753,31.73531243,0,0
17.90000000,33.83070914,31.96247894,33.53327514,31.76348512,0,0
17.91000000,33.88113457,31.99811295,33.51039727,31.70550020,0,0
17.92000000,33.94299755,32.05521581,33.53400614,31.74661473,0,0
17.93000000,33.88800909,32.03330915,33.58651828,31.75277967,0,0
17.94000000,33.93656084,31.98876336,33.53443201,31.72370925,0,0
17.95000000,33.96813471,32.07069162,33.50101287,31.76014289,0,0
17.96000000,33.93858765,32.10023112,33.54858483,31.83268701,0,0
17.97000000,33.93158199,32.08688588,33.56905623,31.82974122,0,0
17.98000000,34.01376653,32.06866511,33.60556223,31.84161355,0,0
17.99000000,34.02037652,32.10486976,33.66749260,31.86943018,0,0
18.00000000,34.00483955,32.13597275,33.68250327,31.87403667,0,0
18.01000000,33.97400746,32.15276563,33.70029108,31.88035066,0,0
18.02000000,33.95836320,32.15273218,33.70419401,31.87550154,0,0
18.03000000,33.99027492,32.16306671,33.69802892,31.90838357,0,0
18.04000000,34.07079624,32.16749362,33.72978776,31.92861240,0,0
18.05000000,34.07513054,32.20391628,33.71510684,31.92896484,0,0
18.06000000,34.02597853,32.23737803,33.69539867,31.89137947,0,0
18.07000000,33.91677961,32.21868477,33.70752898,31.80305923,0,0
18.08000000,34.02114885,32.22572869,33.75281247,31.90669689,0,0
18.09000000,34.20691745,32.15945665,33.69577896,31.97802407,0,0
18.10000000,34.18560849,32.28946664,33.82621289,32.00680836,0,0
18.11000000,34.13926477,32.27589959,33.79644946,32.01491668,0,0
18.12000000,34.12078139,32.30855327,33.93632542,32.08727677,0,0
18.13000000,34.22232122,32.23276489,33.76533634,32.06936037,0,0
18.14000000,34.17698727,32.29729476,33.89001361,32.06033657,0,0
18.15000000,34.21084039,32.37470290,33.89009673,32.07649159,0,0
18.16000000,34.22087969,32.35779912,33.95651223,32.08355106,0,0
18.17000000,34.26894772,32.36723336,33.94944696,32.10330459,0,0
18.18000000,34.25632863,32.40675885,33.92552735,32.09827642,0,0
18.19000000,34.27679567,32.43119792,33.92749704,32.14009169,0,0
18.20000000,34.25419619,32.40650301,33.92873284,32.14799485,0,0
18.21000000,34.29897040,32.40229194,33.93995343,32.14685401,0,0
18.22000000,34.30217344,32.42792784,33.97742184,32.14967080,0,0
18.23000000,34.36061350,32.44136472,33.97693341,32.20491879,0,0
18.24000000,34.36544047,32.42607696,33.96143827,32.20298327,0,0
18.25000000,34.28650660,32.47066940,33.96744222,32.24616919,0,0
18.26000000,34.26264474,32.46507058,34.00870226,32.22068039,0,0
18.27000000,34.41627769,32.50606206,34.03735753,32.22584588,0,0
18.28000000,34.44589137,32.51590458,34.04653474,32.31108765,0,0
18.29000000,34.41623086,32.53699640,34.11479329,32.31153339,0,0
18.30000000,34.35418113,32.52863378,34.14112806,32.29694166,0,0
18.31000000,34.37908890,32.56177197,34.22473316,32.25088762,0,0
18.32000000,34.45515333,32.60932338,34.05241228,32.34737511,0,0
18.33000000,34.51104981,32.59775443,34.18734003,32.35163402,0,0
18.34000000,34.56396384,32.58215639,34.07180707,32.34710265,0,0
18.35000000,34.49824917,32.55890724,34.12858208,32.40064297,0,0
18.36000000,34.45610049,32.57129057,34.13090324,32.43372269,0,0
18.37000000,34.44591450,32.68358823,34.17986668,32.40253774,0,0
18.38000000,34.51522682,32.77050390,34.27069553,32.43691515,0,0
18.39000000,34.56778542,32.73606874,34.21303818,32.42675532,0,0
18.40000000,34.57132445,32.64525239,34.28138881,32.42440247,0,0
18.41000000,34.57436226,32.68169361,34.22568380,32.43214024,0,0
18.42000000,34.62175283,32.73703691,34.25166134,32.47980615,0,0
18.43000000,34.59368706,32.78551788,34.28792431,32.49443521,0,0
18.44000000,34.54298765,32.76955129,34.29878858,32.50628352,0,0
18.45000000,34.62689260,32.75317130,34.34872138,32.50063851,0,0
18.46000000,34.67724744,32.78189617,34.32653529,32.49596933,0,0
18.47000000,34.70248217,32.83125517,34.29607878,32.55135890,0,0
18.48000000,34.66666524,32.86504995,34.37016826,32.59832709,0,0
18.49000000,34.62869505,32.87122199,34.44615691,32.62787248,0,0
18.50000000,34.70932280,32.84422990,34.38684011,32.61029147,0,0
18.51000000,34.76272398,32.90778118,34.37495701,32.62374249,0,0
18.52000000,34.81758172,32.93653698,34.41311944,32.66071843,0,0
18.53000000,34.74340743,32.92233290,34.40841851,32.65450626,0,0
18.54000000,34.78065720,32.93592286,34.49487291,32.68525243,0,0
18.55000000,34.69418533,32.93426783,34.48822788,32.72126311,0,0
18.56000000,34.83249382,33.03110754,34.55688680,32.74069883,0,0
18.57000000,34.83473855,33.04634285,34.49082375,32.75628161,0,0
18.58000000,34.89276398,33.11331971,34.48206216,32.81702438,0,0
18.59000000,34.82937101,33.01435377,34.55072131,32.80005339,0,0
18.60000000,34.87536535,33.03745304,34.60936823,32.82195742,0,0
18.61000000,34.84146504,33.09472155,34.58142193,32.85793214,0,0
18.62000000,34.82652319,33.13512274,34.57307315,32.88891056,0,0
18.63000000,34.91778286,33.11808085,34.59027111,32.88947614,0,0
18.64000000,34.95667559,33.12059617,34.59370949,32.86570512,0,0
18.65000000,35.02880214,33.13162366,34.62171696,32.82395806,0,0
18.66000000,34.97274374,33.16147790,34.68954593,32.82559424,0,0
18.67000000,34.97268520,33.21044637,34.70538727,32.88719729,0,0
18.68000000,35.03993336,33.22178120,34.65282189,32.92297491,0,0
18.69000000,35.02312020,33.24253776,34.64816509,32.93601997,0,0
18.70000000,35.04762681,33.27396590,34.70147193,32.96006018,0,0
18.71000000,35.03334004,33.23557418,34.75436327,33.00139745,0,0
18.72000000,35.07642483,33.24833703,34.80169570,33.00194271,0,0
18.73000000,35.08743085,33.32201922,34.79915060,33.04179324,0,0
18.74000000,35.13382125,33.32623052,34.81626044,33.08163416,0,0
18.75000000,35.11994435,33.36932098,34.80171776,33.13101384,0,0
18.76000000,35.13590562,33.42350582,34.77562759,33.12703421,0,0
18.77000000,35.20744367,33.42880311,34.81916272,33.19469298,0,0
18.78000000,35.15095892,33.42963318,34.89474435,33.19659514,0,0
18.79000000,35.20172163,33.41793287,34.85459069,33.18341489,0,0
18.80000000,35.11512000,33.47051276,34.94341519,33.19157300,0,0
18.81000000,35.27773253,33.45742330,34.92562235,33.19975292,0,0
18.82000000,35.34661217,33.44567285,34.94560358,33.20176971,0,0
18.83000000,35.28695084,33.50725460,34.95381931,33.18588822,0,0
18.84000000,35.28021326,33.50235278,34.99863708,33.15471990,0,0
18.85000000,35.29560918,33.49877957,35.06974709,33.23029932,0,0
18.86000000,35.35801564,33.56863079,34.98553320,33.29437177,0,0
18.87000000,35.36927472,33.62673958,34.96593567,33.33208349,0,0
18.88000000,35.39506898,33.66421182,34.99399332,33.32081681,0,0
18.89000000,35.40142884,33.65533430,35.03117570,33.36927076,0,0
18.90000000,35.37588319,33.65274089,35.10565066,33.40857493,0,0
18.91000000,35.33032444,33.68965854,35.09290446,33.41308838,0,0
18.92000000,35.35310846,33.76563346,35.12567389,33.43995353,0,0
18.93000000,35.42252244,33.77459934,35.13860355,33.46903855,0,0
18.94000000,35.43922721,33.78886310,35.10787777,33.46504322,0,0
18.95000000,35.49541030,33.79224326,35.18579989,33.49834180,0,0
18.96000000,35.48466625,33.82063778,35.16317164,33.54062729,0,0
18.97000000,35.46823390,33.83342401,35.13450535,33.56100223,0,0
18.98000000,35.44437358,33.84441864,35.20840339,33.58153245,0,0
18.99000000,35.50704207,33.83625382,35.25921049,33.57094770,0,0
19.00000000,35.49261848,33.86031246,35.33986930,33.64517517,0,0
19.01000000,35.50601026,33.91096940,35.35217395,33.65637101,0,0
19.02000000,35.55927276,33.96384896,35.25732236,33.64703073,0,0
19.03000000,35.61805842,33.97852000,35.39433316,33.64059245,0,0
19.04000000,35.58603381,33.94691315,35.26990185,33.69931963,0,0
19.05000000,35.56727587,34.02616174,35.28212511,33.77719228,0,0
19.06000000,35.61443532,34.07028261,35.27396340,33.80941436,0,0
19.07000000,35.62112524,34.11807211,35.25004322,33.82321233,0,0
19.08000000,35.60679300,34.09965716,35.35410574,33.86775821,0,0
19.09000000,35.63750475,34.06064370,35.33110811,33.88487958,0,0
19.10000000,35.63655823,34.10991021,35.35217089,33.87750083,0,0
19.11000000,35.63701756,34.16857371,35.39049321,33.89397328,0,0
19.12000000,35.61982043,34.22626830,35.37835062,33.92040984,0,0
19.13000000,35.66474313,34.27412505,35.43535310,33.93319376,0,0
19.14000000,35.71649960,34.29979526,35.47491483,33.97853859,0,0
19.15000000,35.68545731,34.30407063,35.48529579,34.06730099,0,0
19.16000000,35.67046516,34.27909505,35.52205317,34.06703632,0,0
19.17000000,35.72977629,34.28953394,35.54198935,34.07943456,0,0
19.18000000,35.68831849,34.36680635,35.55795455,34.16222489,0,0
19.19000000,35.74765607,34.44555355,35.46117192,34.16828934,0,0
19.20000000,35.75860225,34.50798842,35.57771776,34.18014785,0,0
19.21000000,35.83426362,34.53908359,35.65624696,34.14910407,0,0
19.22000000,35.82571615,34.47791640,35.53140641,34.19112731,0,0
19.23000000,35.80042344,34.50877459,35.51807571,34.26449808,0,0
19.24000000,35.86684778,34.54758704,35.58457137,34.32281697,0,0
19.25000000,35.90870897,34.56383083,35.60559613,34.33973602,0,0
19.26000000,35.86789698,34.63464083,35.63457632,34.34526847,0,0
19.27000000,35.85408622,34.65576545,35.65304421,34.43005274,0,0
19.28000000,35.87011024,34.71093582,35.65253741,34.46107929,0,0
19.29000000,35.89307915,34.74861537,35.69274288,34.51225537,0,0
19.30000000,35.90522693,34.75761413,35.69102437,34.54559391,0,0
19.31000000,35.91864064,34.81720585,35.69819940,34.57723627,0,0
19.32000000,35.91335622,34.89485677,35.70812910,34.60478384,0,0
19.33000000,35.96588861,34.92020630,35.68284610,34.66416548,0,0
19.34000000,36.01551103,34.87005780,35.71425480,34.71261830,0,0
19.35000000,36.04757323,34.89851795,35.78939864,34.72393311,0,0
19.36000000,36.01837679,34.90281389,35.80341242,34.75215042,0,0
19.37000000,36.00692850,34.95321051,35.79622180,34.78929315,0,0
19.38000000,36.00671497,35.05376012,35.80277247,34.79110074,0,0
19.39000000,36.08867868,35.06363204,35.82123901,34.80788463,0,0
19.40000000,36.08663538,35.07718431,35.73209205,34.75344701,0,0
19.41000000,36.10002800,35.06109757,35.84471667,34.82159873,0,0
19.42000000,36.12772268,35.12018331,35.75839026,34.86127470,0,0
19.43000000,36.16020657,35.17381855,35.85374284,34.89364937,0,0
19.44000000,36.10794194,35.21595727,35.92677172,34.85494621,0,0
19.45000000,36.03868110,35.24784484,35.90594660,34.98145435,0,0
19.46000000,36.09648963,35.32971856,35.94331314,35.04608332,0,0
19.47000000,36.16694463,35.35424752,35.87895782,35.07227925,0,0
19.48000000,36.22565656,35.37806119,35.86921813,35.14414724,0,0
19.49000000,36.20422583,35.36654756,35.91661984,35.14747717,0,0
19.50000000,36.13154604,35.35158022,35.95193429,35.18142874,0,0
19.51000000,36.19676238,35.40532271,36.04774207,35.21129923,0,0
19.52000000,36.26695610,35.42164695,36.07928397,35.24109312,0,0
19.53000000,36.30439890,35.48957266,36.07637873,35.24953595,0,0
19.54000000,36.25024444,35.50864502,36.08637534,35.27640085,0,0
19.55000000,36.26168393,35.47315143,36.11231921,35.31765761,0,0
19.56000000,36.31659445,35.53566365,36.11799336,35.34691773,0,0
19.57000000,36.37491617,35.59373290,36.09383172,35.36242606,0,0
19.58000000,36.34863799,35.62300665,36.03112793,35.35323286,0,0
19.59000000,36.32799179,35.58514267,36.12321480,35.46646406,0,0
19.60000000,36.39422524,35.64375416,36.11592910,35.53638507,0,0
19.61000000,36.44619078,35.68564740,36.18090188,35.54609883,0,0
19.62000000,36.41937328,35.75510847,36.24430853,35.60218135,0,0
19.63000000,36.48339468,35.75333900,36.18388211,35.68948069,0,0
19.64000000,36.46509842,35.80333720,36.25359079,35.67226408,0,0
19.65000000,36.55119807,35.82001615,36.18538307,35.69953928,0,0
19.66000000,36.51169274,35.86409910,36.27153363,35.71520909,0,0
19.67000000,36.49924746,35.94115107,36.29282963,35.73096827,0,0
19.68000000,36.51802247,35.95931546,36.32455884,35.71768386,0,0
19.69000000,36.63265430,35.91680077,36.36918711,35.76422501,0,0
19.70000000,36.65339475,35.94067246,36.41638783,35.77973594,0,0
19.71000000,36.59178194,35.99622513,36.38249505,35.78815764,0,0
19.72000000,36.54439562,36.06781560,36.36679297,35.87276839,0,0
19.73000000,36.60821678,36.13093799,36.44749732,35.94211877,0,0
19.74000000,36.68923641,36.09000200,36.46402771,35.89488334,0,0
19.75000000,36.66695477,36.11770378,36.40971936,35.92465969,0,0
19.76000000,36.73182668,36.19320000,36.43579708,35.98288168,0,0
19.77000000,36.81081090,36.25090623,36.46852726,36.02580540,0,0
19.78000000,36.80460481,36.30185820,36.51881405,36.09288385,0,0
19.79000000,36.74704539,36.25683766,36.57905288,36.10036310,0,0
19.80000000,36.70333390,36.28252275,36.57915781,36.14153404,0,0
19.81000000,36.76828255,36.33717467,36.60129253,36.22996622,0,0
19.82000000,36.85571536,36.42269596,36.62650822,36.19800236,0,0
19.83000000,36.90198672,36.45683415,36.63981712,36.22714594,0,0
19.84000000,36.89520996,36.43690172,36.62254755,36.26540533,0,0
19.85000000,36.90810655,36.51399033,36.58463457,36.26814207,0,0
19.86000000,36.97729796,36.54397338,36.64519905,36.31875123,0,0
19.87000000,36.97858624,36.51513884,36.69812120,36.37651545,0,0
19.88000000,36.91801672,36.56882677,36.72291435,36.41133957,0,0
19.89000000,36.93810540,36.56975650,36.75036485,36.42505317,0,0
19.90000000,37.05162014,36.61180883,36.76417191,36.49090838,0,0
19.91000000,37.08978678,36.65732626,36.83737459,36.52999898,0,0
19.92000000,37.10548835,36.70832677,36.76391554,36.51446823,0,0
19.93000000,37.07487950,36.70247861,36.81421880,36.48099572,0,0
19.94000000,37.12977955,36.74976086,36.86653910,36.55697569,0,0
19.95000000,37.16309930,36.76220242,36.92820349,36.64079024,0,0
19.96000000,37.13926580,36.81369866,36.98340783,36.66047604,0,0
19.97000000,37.15009727,36.84847636,36.99502284,36.64996931,0,0
19.98000000,37.18297168,36.87551522,36.97035563,36.67387293,0,0
19.99000000,37.23675622,36.93310143,36.96805941,36.71282529,0,0
20.00000000,37.33327578,36.92329742,36.95950068,36.71977178,0,0
20.01000000,37.32401894,36.94124076,36.96061116,36.78141653,0,0
20.02000000,37.30449262,37.00345077,37.04828150,36.83729163,0,0
20.03000000,37.34267207,37.06828052,37.13020224,36.88388420,0,0
20.04000000,37.45236975,37.10165479,37.17847015,36.91664296,0,0
20.05000000,37.37482051,37.07758482,37.16517078,36.91350468,0,0
20.06000000,37.40383706,37.10340682,37.11118121,36.94698297,0,0
20.07000000,37.44188869,37.11028798,37.08608727,36.97949930,0,0
20.08000000,37.63383333,37.12084413,37.25762720,37.02132594,0,0
20.09000000,37.56054267,37.16254992,37.14234742,37.02283474,0,0
20.10000000,37.51386159,37.18544497,37.21895679,36.90592821,0,0
20.11000000,37.52701698,37.23118242,37.26726452,37.03156210,0,0
20.12000000,37.56565284,37.28538307,37.27649702,37.11124321,0,0
20.13000000,37.57976961,37.31291797,37.36522489,37.14802861,0,0
20.14000000,37.65036161,37.30228286,37.34582064,37.14991606,0,0
20.15000000,37.64187771,37.34178249,37.40258896,37.19889522,0,0
20.16000000,37.67185609,37.39715210,37.38930821,37.21135259,0,0
20.17000000,37.72758544,37.43321672,37.42261222,37.25336864,0,0
20.18000000,37.71690239,37.47065115,37.47029997,37.28744122,0,0
20.19000000,37.73587125,37.50596479,37.46764424,37.33304507,0,0
20.20000000,37.80584995,37.48826499,37.51571615,37.38031065,0,0
20.21000000,37.82902685,37.47877671,37.55685056,37.41815834,0,0
20.22000000,37.83783181,37.50379253,37.55223502,37.43646856,0,0
20.23000000,37.83917776,37.56132201,37.56500837,37.45698453,0,0
20.24000000,37.90699257,37.58727590,37.57147615,37.46661572,0,0
20.25000000,37.96007312,37.63909683,37.65112085,37.48133482,0,0
20.26000000,37.91092071,37.71068152,37.57638107,37.46730669,0,0
20.27000000,38.02333481,37.69988301,37.67579092,37.42596022,0,0
20.28000000,37.98695812,37.66982501,37.64025350,37.54471423,0,0
20.29000000,38.03398360,37.71413157,37.73136373,37.62369247,0,0
20.30000000,37.96267415,37.70655947,37.75436720,37.69712444,0,0
20.31000000,38.04275609,37.81598059,37.73364786,37.64336808,0,0
20.32000000,38.10787956,37.91169430,37.83212824,37.73659936,0,0
20.33000000,38.13812018,37.88005376,37.80934234,37.70920762,0,0
20.34000000,38.13245457,37.87659362,37.88963378,37.70019152,0,0
20.35000000,38.08939599,37.89529411,37.87945345,37.76318061,0,0
20.36000000,38.14760729,37.98773025,37.87579931,37.80715669,0,0
20.37000000,38.25194384,37.99796033,37.98143189,37.85868760,0,0
20.38000000,38.25173640,38.00965993,37.98845587,37.89120179,0,0
20.39000000,38.22546748,38.00906083,38.03645969,37.88096923,0,0
20.40000000,38.27335044,38.03616046,37.99827824,37.88749461,0,0
20.41000000,38.34845241,38.11065842,38.04835244,37.96905391,0,0
20.42000000,38.37206814,38.14194917,38.07729177,38.00070137,0,0
20.43000000,38.37236048,38.13387778,38.04819507,37.97105715,0,0
20.44000000,38.41856201,38.14993441,38.07472680,37.98357436,0,0
20.45000000,38.41451341,38.17945323,38.10735936,38.05682674,0,0
20.46000000,38.44109112,38.28434849,38.18110804,38.12296232,0,0
20.47000000,38.40204899,38.33176252,38.23640693,38.13280983,0,0
20.48000000,38.47563153,38.30451309,38.25091057,38.10127494,0,0
20.49000000,38.50262242,38.29081654,38.28617990,38.16736717,0,0
20.50000000,38.59670823,38.33585318,38.21677020,38.17538435,0,0
20.51000000,38.53002091,38.39914989,38.25242799,38.26540115,0,0
20.52000000,38.49307272,38.50138823,38.29114954,38.27770321,0,0
20.53000000,38.66458258,38.54625869,38.28958887,38.26549306,0,0
20.54000000,38.67033448,38.47224830,38.38539812,38.34162666,0,0
20.55000000,38.68421285,38.45633409,38.39901881,38.33328677,0,0
20.56000000,38.62529250,38.49424763,38.38945789,38.35195028,0,0
20.57000000,38.75789009,38.55939099,38.41480399,38.44917663,0,0
20.58000000,38.73647433,38.59568152,38.51529895,38.43659802,0,0
20.59000000,38.76623358,38.62258748,38.42425926,38.46108029,0,0
20.60000000,38.78724334,38.60259721,38.44257203,38.40275191,0,0
20.61000000,38.80529799,38.62185416,38.49384690,38.48502586,0,0
20.62000000,38.80871312,38.68967614,38.52230438,38.58077580,0,0
20.63000000,38.80377962,38.69987399,38.58302747,38.60357429,0,0
20.64000000,38.85661760,38.73636738,38.58410580,38.61415777,0,0
20.65000000,38.88880552,38.73731684,38.60582022,38.64196350,0,0
20.66000000,38.92847774,38.77537280,38.61219542,38.67973001,0,0
20.67000000,38.92358048,38.81059380,38.59965201,38.69489260,0,0
20.68000000,38.88628945,38.86529937,38.66558854,38.69795588,0,0
20.69000000,38.98630867,38.92674983,38.67579419,38.73089873,0,0
20.70000000,39.07081422,38.90560200,38.73175427,38.76600330,0,0
20.71000000,39.02158295,38.87970703,38.73784959,38.78054691,0,0
20.72000000,39.01437351,38.90272988,38.80388880,38.80711824,0,0
20.73000000,39.03953297,38.94024051,38.75035462,38.80292488,0,0
20.74000000,39.19076785,38.98347029,38.85380739,38.83762441,0,0
20.75000000,39.10486246,38.97422350,38.80773610,38.88870841,0,0
20.76000000,39.11888705,39.01677231,38.79309428,38.84136351,0,0
20.77000000,39.14202159,38.97494911,38.92620746,38.91414609,0,0
20.78000000,39.17317711,39.01834080,38.87913063,38.99095132,0,0
20.79000000,39.15831660,39.06587931,38.98021931,39.01478935,0,0
20.80000000,39.19132128,39.07993371,38.95679095,39.01993716,0,0
20.81000000,39.21417215,39.12646038,39.00883030,39.03358776,0,0
20.82000000,39.26391289,39.15019162,39.01539467,39.05560385,0,0
20.83000000,39.24750912,39.13870352,39.02938778,39.08370613,0,0
20.84000000,39.17453942,39.12818491,39.03083593,39.09228718,0,0
20.85000000,39.21648988,39.12519603,39.01050234,39.09947107,0,0
20.86000000,39.27922447,39.11082021,39.03201693,39.12030902,0,0
20.87000000,39.28033862,39.10185947,39.09908460,39.13395365,0,0
20.88000000,39.25132572,39.13504471,39.09359232,39.12417595,0,0
20.89000000,39.26092160,39.13460500,39.07756938,39.12832875,0,0
20.90000000,39.29340482,39.15432764,39.08746649,39.13940856,0,0
20.91000000,39.29497028,39.13157232,39.14059528,39.16298475,0,0
20.92000000,39.23804955,39.13644519,39.05033234,39.17198910,0,0
20.93000000,39.32329382,39.08203824,39.11771984,39.10367508,0,0
20.94000000,39.29732772,39.08898826,39.08390921,39.21836042,0,0
20.95000000,39.24484842,39.07827791,39.15078832,39.22717297,0,0
20.96000000,39.25694348,39.08807562,39.14270946,39.20620408,0,0
20.97000000,39.23374959,39.11531014,39.13020073,39.22195675,0,0
20.98000000,39.29740814,39.10935639,39.13633322,39.25001507,0,0
20.99000000,39.27682754,39.04541344,39.06321804,39.23430122,0,0
21.00000000,39.19543440,39.03743947,39.12370959,39.22743356,0,0
21.01000000,39.25533946,39.09103198,39.07053704,39.20652444,0,0
21.02000000,39.32554893,39.12076405,39.09205165,39.15556891,0,0
21.03000000,39.31328942,39.11042729,39.10792618,39.14984786,0,0
21.04000000,39.26410266,39.07227857,39.14011314,39.12235549,0,0
21.05000000,39.26039917,39.07865939,39.09292806,39.13713293,0,0
21.06000000,39.26066400,39.07563519,39.13846242,39.14739530,0,0
21.07000000,39.25811460,39.07404272,39.13333568,39.16154706,0,0
21.08000000,39.24176538,39.07829020,39.03948846,39.10911068,0,0
21.09000000,39.24398870,39.02948273,39.01891230,39.04293429,0,0
21.10000000,39.16147245,38.98692873,39.02109444,39.09500356,0,0
21.11000000,39.16053374,38.99958554,39.05991811,39.11180589,0,0
21.12000000,39.15913928,39.01414526,39.05352014,39.09433820,0,0
21.13000000,39.26347414,39.01695197,39.08804859,39.07493032,0,0
21.14000000,39.32156822,39.04196614,39.05008125,39.13493706,0,0
21.15000000,39.31198389,39.00222603,39.02360954,39.12066016,0,0
21.16000000,39.19486460,39.02651545,38.99692272,39.13418733,0,0
21.17000000,39.16364728,39.09194383,38.98769633,39.12707189,0,0
21.18000000,39.28293349,39.01361635,38.98955396,39.08641302,0,0
21.19000000,39.29336970,39.02279819,39.07543564,39.11251325,0,0
21.20000000,39.28873716,39.06226118,39.03775392,39.09759604,0,0
21.21000000,39.42110361,39.16704445,38.98835340,39.09066971,0,0
21.22000000,39.49045341,39.27738026,39.02706660,39.10849085,0,0
21.23000000,39.44674535,39.24323316,39.07272647,39.11004275,0,0
21.24000000,39.30349268,39.13091613,39.01474415,39.03501025,0,0
21.25000000,39.29075487,39.10767152,39.03310556,38.98920055,0,0
21.26000000,39.27647363,39.11147637,39.01801842,39.03670292,0,0
21.27000000,39.25265507,39.12173129,39.03927850,39.11348584,0,0
21.28000000,39.25470502,39.03769278,39.08073945,39.04051120,0,0
21.29000000,39.27869874,39.03865781,39.06516321,39.05218037,0,0
21.30000000,39.36542288,39.03002325,39.06125685,39.08385562,0,0
21.31000000,39.31810364,39.03659178,39.03195554,39.07660406,0,0
21.32000000,39.23026853,39.04788872,39.02960874,39.08783328,0,0
21.33000000,39.18565999,39.12812467,39.04697512,39.11894648,0,0
21.34000000,39.28923286,39.14891785,39.03670804,39.15895621,0,0
21.35000000,39.29480621,39.09719962,39.09101287,39.18600624,0,0
21.36000000,39.29715467,39.05851802,39.06982973,39.20131687,0,0
21.37000000,39.26522022,39.08994390,39.05228378,39.16445698,0,0
21.38000000,39.38026288,39.06148296,39.02217431,39.17130829,0,0
21.39000000,39.33098903,39.03889706,39.12651618,39.16696209,0,0
21.40000000,39.33991995,39.14501703,38.99794953,39.03989118,0,0
21.41000000,39.31125699,39.11258775,39.02093800,39.02999382,0,0
21.42000000,39.32702560,39.15798010,38.99733813,39.08136540,0,0
21.43000000,39.26509666,39.07359300,39.08716054,39.12992482,0,0
21.44000000,39.30039679,39.10055068,39.11051156,39.16242035,0,0
21.45000000,39.37344446,39.10006055,39.11846396,39.13902888,0,0
21.46000000,39.34957081,39.09239627,39.11975888,39.13285064,0,0
21.47000000,39.32815420,39.08377835,39.05439359,39.09079307,0,0
21.48000000,39.23084440,39.06946976,39.02912067,39.10700528,0,0
21.49000000,39.30241023,39.08516070,39.00294107,39.09215365,0,0
21.50000000,39.35923999,39.09301061,38.98808981,39.11931327,0,0
21.51000000,39.32861779,39.02319111,39.03261460,39.11359059,0,0
21.52000000,39.29663028,39.02649331,39.04814087,39.09797514,0,0
21.53000000,39.28261239,39.03662435,39.07944439,39.08230465,0,0
21.54000000,39.35525007,39.05689292,39.10799045,39.04696126,0,0
21.55000000,39.31691719,39.04879408,39.17666020,39.04895786,0,0
21.56000000,39.33092620,39.04112355,39.15933695,39.00349925,0,0
21.57000000,39.36564256,39.03415341,39.07275766,38.93527997,0,0
21.58000000,39.39005343,38.99141895,39.09873870,39.02609219,0,0
21.59000000,39.34935702,39.02179837,39.07513448,39.10658318,0,0
21.60000000,39.32100208,38.97781484,39.14233410,39.04257624,0,0
21.61000000,39.35779172,38.98355259,39.13728123,39.02690457,0,0
21.62000000,39.37745424,38.96745781,39.15946798,39.05735905,0,0
21.63000000,39.37095674,38.98242094,39.11961343,38.99128481,0,0
21.64000000,39.31044284,38.96689013,39.12186955,39.01757349,0,0
21.65000000,39.33558991,39.01183677,39.10661750,39.05259654,0,0
21.66000000,39.44536895,38.99248081,39.05233730,39.02117011,0,0
21.67000000,39.42153803,38.91097716,39.15800625,39.05763428,0,0
21.68000000,39.41106261,38.93068541,39.15406969,39.03000961,0,0
21.69000000,39.42008602,38.94482286,39.17704663,39.02387766,0,0
21.70000000,39.45895513,38.95348013,39.14412748,39.04129006,0,0
21.71000000,39.42241771,38.94015013,39.23515979,39.02973841,0,0
21.72000000,39.41410030,38.90996721,39.21489479,38.98560665,0,0
21.73000000,39.43024102,38.92429270,39.16191982,38.94627459,0,0
21.74000000,39.44464060,38.93996880,39.18212390,38.93700718,0,0
21.75000000,39.43320897,38.95735249,39.20727446,38.97622844,0,0
21.76000000,39.44161763,38.95836225,39.22119645,38.97506633,0,0
21.77000000,39.46008691,38.95631596,39.21526880,38.92587945,0,0
21.78000000,39.48537324,38.93094601,39.20873733,38.97089801,0,0
21.79000000,39.46709383,38.93149074,39.18147885,38.95380309,0,0
21.80000000,39.41618749,38.92556999,39.13496387,38.92258988,0,0
21.81000000,39.37651618,38.98480458,39.15353315,38.96982162,0,0
21.82000000,39.49620312,38.97539508,39.10017129,38.92754876,0,0
21.83000000,39.47989841,38.95740577,39.20108638,38.91782728,0,0
21.84000000,39.45403985,38.90852748,39.24177803,38.99585650,0,0
21.85000000,39.44688443,38.94303745,39.24744209,38.92403577,0,0
21.86000000,39.50509462,38.96277406,39.14226914,38.94133178,0,0
21.87000000,39.45133384,38.97577094,39.26924519,38.94749642,0,0
21.88000000,39.42541811,38.95321532,39.16819244,38.92869544,0,0
21.89000000,39.45926924,38.94748157,39.13820101,38.85348294,0,0
21.90000000,39.43745471,38.91775595,39.13200614,38.90438078,0,0
21.91000000,39.40853027,38.96696914,39.12182017,38.93538224,0,0
21.92000000,39.41808743,38.98686214,39.15111917,38.94536686,0,0
21.93000000,39.42835039,38.94357525,39.19826820,38.93253835,0,0
21.94000000,39.45002124,38.92735641,39.23874806,38.94092349,0,0
21.95000000,39.42178795,38.95817047,39.19467864,38.94335044,0,0
21.96000000,39.38653401,38.97181550,39.18693567,38.94736019,0,0
21.97000000,39.36634803,38.98223796,39.18462509,38.95992494,0,0
21.98000000,39.38161125,39.01010114,39.17702820,38.94122697,0,0
21.99000000,39.46322785,38.97207841,39.19050446,38.94361230,0,0
22.00000000,39.42278292,38.93969964,39.26468649,38.96258653,0,0
22.01000000,39.42757680,38.97976138,39.23625762,38.96236378,0,0
22.02000000,39.45841628,38.99747102,39.25752105,38.96957041,0,0
22.03000000,39.41138709,39.01176773,39.27481391,39.00949742,0,0
22.04000000,39.44127501,38.97592372,39.29139069,38.98969786,0,0
22.05000000,39.49257950,38.99297308,39.14526125,38.94949332,0,0
22.06000000,39.46588398,38.87554492,39.20735522,38.88306547,0,0
22.07000000,39.33834196,38.93327154,39.20083819,38.99767781,0,0
22.08000000,39.32040270,39.00952849,39.23658626,38.97748502,0,0
22.09000000,39.45617233,39.07938316,39.24821106,38.93607017,0,0
22.10000000,39.45155635,39.03083879,39.22809317,38.94235201,0,0
22.11000000,39.47011258,38.98532565,39.19002612,38.94927479,0,0
22.12000000,39.39159830,38.93723562,39.16114125,38.92880935,0,0
22.13000000,39.42636954,38.96474949,39.16147952,38.99872664,0,0
22.14000000,39.46198913,39.02188888,39.16058701,39.01310611,0,0
22.15000000,39.38754381,39.06545138,39.17792115,38.97576239,0,0
22.16000000,39.37121025,39.01510936,39.19991372,38.98398660,0,0
22.17000000,39.39349175,38.98602603,39.18468427,38.97483239,0,0
22.18000000,39.47928091,38.98065691,39.18951183,38.98151904,0,0
22.19000000,39.44388857,38.99074334,39.21623846,39.00882052,0,0
22.20000000,39.34129262,39.02234019,39.20290363,39.01137514,0,0
22.21000000,39.38310161,39.04433593,39.12843144,38.95855061,0,0
22.22000000,39.41209661,39.03867519,39.14260311,38.92004779,0,0
22.23000000,39.43666992,38.98420804,39.12045295,38.96562230,0,0
22.24000000,39.34012682,38.97958772,39.16535293,39.04074306,0,0
22.25000000,39.33802740,39.02525972,39.15187837,39.06611092,0,0
22.26000000,39.36659545,39.01933105,39.15008056,39.02349298,0,0
22.27000000,39.43227409,39.06634583,39.17871089,39.08755102,0,0
22.28000000,39.40048175,39.06331508,39.17580698,38.98735348,0,0
22.29000000,39.30946480,39.03027443,39.15966737,39.06385697,0,0
22.30000000,39.42237580,39.11020465,39.09865202,39.02466361,0,0
22.31000000,39.33863424,39.10321618,39.16184883,39.02318805,0,0
22.32000000,39.36941819,39.11643505,39.12139277,39.07091941,0,0
22.33000000,39.37281004,39.05633309,39.15688430,39.04537155,0,0
22.34000000,39.42696928,39.09345868,39.12247052,39.03703885,0,0
22.35000000,39.39565394,39.08130109,39.18955517,39.06910940,0,0
22.36000000,39.36615950,39.11543982,39.17365102,39.10179556,0,0
22.37000000,39.41253792,39.11450507,39.12906119,39.06365009,0,0
22.38000000,39.39038628,39.08869215,39.14036724,39.01897418,0,0
22.39000000,39.33950881,39.10397566,39.11375754,39.06226352,0,0
22.40000000,39.33990437,39.11782625,39.14357407,39.13482834,0,0
22.41000000,39.34741529,39.11462515,39.20805297,39.13047181,0,0
22.42000000,39.40339879,39.10751056,39.20931249,39.10990812,0,0
22.43000000,39.42140322,39.09944891,39.17598302,39.12230783,0,0
22.44000000,39.33607134,39.14843489,39.09310886,39.11601961,0,0
22.45000000,39.31023247,39.15062660,39.13892965,39.10512072,0,0
22.46000000,39.42009602,39.22284482,39.10942260,39.14054647,0,0
22.47000000,39.38239190,39.24909973,39.14261382,39.12628729,0,0
22.48000000,39.39939740,39.19861013,39.07978042,39.14631034,0,0
22.49000000,39.32594610,39.13102120,39.09964598,39.12865316,0,0
22.50000000,39.41989148,39.16011696,39.11147375,39.15752525,0,0
22.51000000,39.34195769,39.16534663,39.12072154,39.14298920,0,0
22.52000000,39.40844495,39.28130533,39.22246758,39.17688874,0,0
22.53000000,39.35786736,39.27652746,39.07898733,39.14923403,0,0
22.54000000,39.37022697,39.23267707,39.08464831,39.08718679,0,0
22.55000000,39.32016406,39.18760571,39.06567128,39.12204080,0,0
22.56000000,39.34124552,39.19350761,39.08320907,39.22293666,0,0
22.57000000,39.38866121,39.22449080,39.14695515,39.18099954,0,0
22.58000000,39.41725689,39.25418165,39.11753553,39.18167325,0,0
22.59000000,39.36387205,39.30931808,39.14206362,39.23396049,0,0
22.60000000,39.32349097,39.31345764,39.11758861,39.24269110,0,0
22.61000000,39.36325519,39.30772041,39.12470110,39.26019937,0,0
22.62000000,39.43916030,39.32611117,39.12363639,39.28584620,0,0
22.63000000,39.38857821,39.33771547,39.12136750,39.27911269,0,0
22.64000000,39.32238667,39.33967371,39.21513437,39.30749284,0,0
22.65000000,39.33531518,39.34722646,39.19574790,39.31733960,0,0
22.66000000,39.47287849,39.36729265,39.18587204,39.31862926,0,0
22.67000000,39.50657129,39.33551251,39.19101499,39.32881867,0,0
22.68000000,39.50577203,39.34976219,39.24820504,39.34268918,0,0
22.69000000,39.39809726,39.31928748,39.15343830,39.34209330,0,0
22.70000000,39.46198719,39.37093364,39.20850047,39.27324695,0,0
22.71000000,39.47485741,39.38916322,39.17989494,39.32643454,0,0
22.72000000,39.49933302,39.42588221,39.27095411,39.42110279,0,0
22.73000000,39.55471561,39.42567561,39.21797388,39.33974753,0,0
22.74000000,39.55211735,39.43035711,39.24509426,39.30478019,0,0
22.75000000,39.52723828,39.42913786,39.22917170,39.33402918,0,0
22.76000000,39.47973440,39.44573839,39.28199378,39.38316497,0,0
22.77000000,39.53167395,39.44961627,39.25725961,39.42421642,0,0
22.78000000,39.64798618,39.51045023,39.21979659,39.41664027,0,0
22.79000000,39.59004878,39.55159564,39.23797923,39.43594358,0,0
22.80000000,39.57235958,39.53434525,39.26894172,39.44906026,0,0
22.81000000,39.62060006,39.50178803,39.30739781,39.41778718,0,0
22.82000000,39.67088588,39.48559856,39.33578099,39.42197316,0,0
22.83000000,39.67747035,39.46678577,39.36720484,39.44798626,0,0
22.84000000,39.63225863,39.52578596,39.42355274,39.47344771,0,0
22.85000000,39.61934574,39.55939776,39.37417275,39.45514347,0,0
22.86000000,39.60649119,39.55752890,39.34552969,39.41696503,0,0
22.87000000,39.64533946,39.54618329,39.36191016,39.42096475,0,0
22.88000000,39.68886349,39.56406564,39.31621010,39.50415316,0,0
22.89000000,39.68560540,39.57544500,39.32993135,39.54387419,0,0
22.90000000,39.75199713,39.57731511,39.43805135,39.49802222,0,0
22.91000000,39.72301509,39.65746143,39.39797923,39.56664046,0,0
22.92000000,39.69258983,39.65871841,39.47364797,39.56101485,0,0
22.93000000,39.68051875,39.70182862,39.40329883,39.54677319,0,0
22.94000000,39.81131124,39.66796693,39.41301901,39.61044650,0,0
22.95000000,39.76984691,39.76500877,39.41554939,39.59644778,0,0
22.96000000,39.70894915,39.67089303,39.51344196,39.68332976,0,0
22.97000000,39.78308351,39.69585599,39.53463722,39.66994511,0,0
22.98000000,39.80067261,39.65679871,39.53991011,39.68194857,0,0
22.99000000,39.76754714,39.71039771,39.54366276,39.70494220,0,0
23.00000000,39.76237197,39.72085540,39.53152228,39.69726134,0,0
23.01000000,39.86708319,39.79555542,39.43947592,39.69687222,0,0
23.02000000,39.87956214,39.76342945,39.46372953,39.62683572,0,0
23.03000000,39.84042033,39.77409941,39.41240216,39.67063364,0,0
23.04000000,39.81641235,39.81238459,39.45782252,39.72752702,0,0
23.05000000,39.82151295,39.80063743,39.58812538,39.72111086,0,0
23.06000000,39.90113115,39.81729448,39.63188325,39.73106080,0,0
23.07000000,39.94557185,39.84448052,39.63745082,39.73875460,0,0
23.08000000,39.89551982,39.86032185,39.61222044,39.77983733,0,0
23.09000000,39.86641192,39.84763501,39.62218564,39.78388806,0,0
23.10000000,39.92376539,39.94886528,39.62177228,39.83299924,0,0
23.11000000,39.86688157,39.98000884,39.61794207,39.83982415,0,0
23.12000000,39.89269465,39.93319353,39.72429385,39.91019588,0,0
23.13000000,39.92675855,39.91609500,39.67837424,39.86012479,0,0
23.14000000,40.06584881,39.87994342,39.73231490,39.85613068,0,0
23.15000000,39.91770166,39.90675228,39.71696516,39.92206717,0,0
23.16000000,40.00901731,39.92363433,39.86028897,39.92318240,0,0
23.17000000,40.02641755,40.02819140,39.71544524,39.94392362,0,0
23.18000000,40.03602797,39.97843520,39.75398121,39.83197325,0,0
23.19000000,39.99517911,40.03038986,39.74547346,39.90382910,0,0
23.20000000,40.01751355,40.04490079,39.77362061,39.95561716,0,0
23.21000000,40.09024091,40.07129276,39.79869382,39.93087259,0,0
23.22000000,40.13800085,40.07928356,39.75978224,39.94268166,0,0
23.23000000,40.11323389,40.12332646,39.77181749,39.99494136,0,0
23.24000000,40.08328703,40.12205913,39.80016027,39.99505831,0,0
23.25000000,40.11433816,40.13963813,39.84670954,40.05128263,0,0
23.26000000,40.18542052,40.20766996,39.83908263,40.08251242,0,0
23.27000000,40.23275160,40.18894884,39.82403193,40.10874341,0,0
23.28000000,40.21094541,40.20190542,39.87341493,40.13841327,0,0
23.29000000,40.27849718,40.20960444,39.92675543,40.13589116,0,0
23.30000000,40.22577926,40.19595650,39.95463292,40.12229701,0,0
23.31000000,40.15697025,40.21965418,40.07578656,40.15235475,0,0
23.32000000,40.20421151,40.23674985,40.07181609,40.17632582,0,0
23.33000000,40.28776700,40.28350998,39.97227463,40.14465890,0,0
23.34000000,40.30209847,40.23009315,39.95094144,40.10886600,0,0
23.35000000,40.30976094,40.28538568,39.90474058,40.25861326,0,0
23.36000000,40.31342190,40.32029815,40.01189126,40.25327392,0,0
23.37000000,40.40617222,40.37970244,40.01996364,40.24506839,0,0
23.38000000,40.41901215,40.41615603,40.04910791,40.26842785,0,0
23.39000000,40.36203185,40.46837328,40.06478428,40.30738734,0,0
23.40000000,40.29065044,40.40668559,40.07473710,40.30846314,0,0
23.41000000,40.46990254,40.41873513,40.09299081,40.36971628,0,0
23.42000000,40.49729932,40.51930140,40.08769212,40.35801694,0,0
23.43000000,40.47654438,40.51750294,40.13196633,40.38730217,0,0
23.44000000,40.43936851,40.50312350,40.14545004,40.41107067,0,0
23.45000000,40.51797245,40.49289770,40.17092732,40.38361134,0,0
23.46000000,40.51849375,40.49252562,40.13964071,40.44475740,0,0
23.47000000,40.49390829,40.52507179,40.19629093,40.47650884,0,0
23.48000000,40.53371156,40.53566573,40.17555338,40.46317446,0,0
23.49000000,40.54078021,40.56302693,40.11101286,40.40744642,0,0
23.50000000,40.56845383,40.58584255,40.16361374,40.42602727,0,0
23.51000000,40.59958276,40.61757031,40.22937647,40.52119390,0,0
23.52000000,40.64589291,40.63474515,40.33454741,40.53707721,0,0
23.53000000,40.65508723,40.62330400,40.36266250,40.55601743,0,0
23.54000000,40.65814903,40.68014777,40.34395932,40.59605470,0,0
23.55000000,40.63447877,40.70593873,40.32144262,40.59180589,0,0
23.56000000,40.64295573,40.76367440,40.32488065,40.62834094,0,0
23.57000000,40.74350644,40.76137656,40.35868843,40.63259009,0,0
23.58000000,40.71539657,40.78529031,40.35083640,40.63788761,0,0
23.59000000,40.74622683,40.70787647,40.43805939,40.69664753,0,0
23.60000000,40.76629289,40.78374484,40.47978537,40.70344032,0,0
23.61000000,40.84722145,40.77916752,40.45483453,40.69910022,0,0
23.62000000,40.74279873,40.79133823,40.52084431,40.77288242,0,0
23.63000000,40.78714712,40.83255039,40.56719575,40.79257602,0,0
23.64000000,40.85947703,40.86214038,40.48821891,40.77913650,0,0
23.65000000,40.87697663,40.85405361,40.51026832,40.74053156,0,0
23.66000000,40.86159892,40.88168996,40.53755596,40.82706311,0,0
23.67000000,40.91374406,40.91971536,40.58971717,40.86722199,0,0
23.68000000,40.98651717,40.93506853,40.63826233,40.83161830,0,0
23.69000000,41.03150717,41.02153476,40.67937606,40.86485988,0,0
23.70000000,40.96917327,41.01833521,40.68045423,40.91684140,0,0
23.71000000,40.93842437,41.00660537,40.68164034,40.94256612,0,0
23.72000000,41.06515162,41.04735813,40.68001024,40.95440059,0,0
23.73000000,41.14775044,41.14267829,40.71559670,40.97723134,0,0
23.74000000,41.14754052,41.15633302,40.74228677,40.99475883,0,0
23.75000000,41.10067619,41.15136487,40.80824663,41.01507593,0,0
23.76000000,41.19032618,41.18060340,40.83088439,41.07528601,0,0
23.77000000,41.19017990,41.18864776,40.83715424,41.09496093,0,0
23.78000000,41.22682998,41.18608310,40.85092882,41.14437877,0,0
23.79000000,41.29710305,41.22135544,40.91356589,41.16887944,0,0
23.80000000,41.29141682,41.22060112,40.85819104,41.17925868,0,0
23.81000000,41.21931105,41.20150314,40.90479348,41.19490402,0,0
23.82000000,41.28442769,41.29978362,40.97476859,41.24180066,0,0
23.83000000,41.37970838,41.37121982,41.01134517,41.23998209,0,0
23.84000000,41.40358025,41.39826373,41.03674663,41.18680776,0,0
23.85000000,41.40953635,41.41478151,41.03966369,41.24187057,0,0
23.86000000,41.38363027,41.41357534,41.07018298,41.26652957,0,0
23.87000000,41.49017854,41.40279830,41.07217872,41.29828409,0,0
23.88000000,41.58998699,41.51060171,41.06663924,41.31884968,0,0
23.89000000,41.50237288,41.55099771,41.06969435,41.33394056,0,0
23.90000000,41.50788086,41.56512827,41.14768737,41.38346711,0,0
23.91000000,41.56041152,41.55071009,41.24846532,41.37715831,0,0
23.92000000,41.62727719,41.55278119,41.27603311,41.42991005,0,0
23.93000000,41.63449822,41.55908633,41.27762260,41.47474954,0,0
23.94000000,41.61525264,41.60433292,41.29379238,41.46591606,0,0
23.95000000,41.61947302,41.61970086,41.29685976,41.44777833,0,0
23.96000000,41.64337783,41.63882458,41.28235161,41.40988680,0,0
23.97000000,41.70871189,41.70893537,41.32542671,41.48960493,0,0
23.98000000,41.79225141,41.73915503,41.31215008,41.55126503,0,0
23.99000000,41.83731820,41.73024970,41.36433182,41.54996132,0,0
24.00000000,41.79975675,41.74837295,41.40505621,41.65590100,0,0
24.01000000,41.76393199,41.78195432,41.49900124,41.67569136,0,0
24.02000000,41.77361041,41.83064616,41.50671105,41.68272818,0,0
24.03000000,41.97891883,41.93174394,41.56794183,41.73285432,0,0
24.04000000,41.97226745,41.98489093,41.47591080,41.69730243,0,0
24.05000000,41.95626629,41.90136281,41.56709930,41.77773079,0,0
24.06000000,41.98701554,41.91270176,41.66726759,41.80597382,0,0
24.07000000,41.99807218,41.97673077,41.70161018,41.87558004,0,0
24.08000000,41.99038344,41.98557661,41.74950343,41.87651119,0,0
24.09000000,42.04512459,42.03124768,41.81150941,41.93646833,0,0
24.10000000,42.11983346,42.02861556,41.73948935,41.85541194,0,0
24.11000000,42.15756308,42.05619636,41.77681130,41.84230214,0,0
24.12000000,42.13185695,42.11916193,41.76713107,41.95804545,0,0
24.13000000,42.15333166,42.17790916,41.80136127,41.98765711,0,0
24.14000000,42.18961088,42.18774711,41.86372852,41.98059489,0,0
24.15000000,42.24534866,42.22836455,41.91363415,42.04391251,0,0
24.16000000,42.25437605,42.24067987,41.91783729,42.05644557,0,0
24.17000000,42.28356047,42.30435661,41.92159671,42.11061955,0,0
24.18000000,42.34550497,42.33513466,41.93651239,42.16179631,0,0
24.19000000,42.37865355,42.38740140,41.93338489,42.18862219,0,0
24.20000000,42.38871686,42.38035341,41.98392327,42.23933587,0,0
24.21000000,42.48234279,42.39327536,42.06067698,42.22479035,0,0
24.22000000,42.47240447,42.39871330,42.08927575,42.26559975,0,0
24.23000000,42.43187787,42.45208772,42.07978715,42.32339118,0,0
24.24000000,42.46600388,42.47425676,42.18714087,42.31477114,0,0
24.25000000,42.57147791,42.48703053,42.09600573,42.32238865,0,0
24.26000000,42.51427309,42.45097302,42.19268851,42.27413093,0,0
24.27000000,42.51079723,42.50952929,42.28001968,42.40920038,0,0
24.28000000,42.59494290,42.60736297,42.28128237,42.45689428,0,0
24.29000000,42.74527906,42.65092994,42.28148800,42.42856612,0,0
24.30000000,42.73969931,42.69865107,42.28814169,42.48912719,0,0
24.31000000,42.63545528,42.66819022,42.37847814,42.50830795,0,0
24.32000000,42.69324628,42.74636432,42.39864310,42.55194080,0,0
24.33000000,42.76543679,42.80222316,42.42942935,42.59684364,0,0
24.34000000,42.80440553,42.84175348,42.46707208,42.62100869,0,0
24.35000000,42.89281148,42.84519015,42.47688161,42.65567149,0,0
24.36000000,42.95019693,42.86873746,42.51957658,42.64180552,0,0
24.37000000,42.93248371,42.87985307,42.55450605,42.68922350,0,0
24.38000000,42.91760056,42.89691425,42.59817602,42.75764081,0,0
24.39000000,42.95371882,42.89792193,42.63921163,42.76188043,0,0
24.40000000,42.97626250,42.91246471,42.65339023,42.75959545,0,0
24.41000000,42.99990281,42.96785429,42.62037706,42.76786385,0,0
24.42000000,43.03519410,43.05518304,42.70498968,42.87803949,0,0
24.43000000,43.11034474,43.07126899,42.74343548,42.89756123,0,0
24.44000000,43.15730037,43.10502429,42.81221422,42.89807653,0,0
24.45000000,43.16627879,43.11675987,42.81385719,42.97403695,0,0
24.46000000,43.13962149,43.15815673,42.88335534,43.00032592,0,0
24.47000000,43.28467297,43.22447565,42.86499416,43.04678525,0,0
24.48000000,43.31844872,43.30973882,42.84866618,43.05263727,0,0
24.49000000,43.23603041,43.30078788,42.87101628,43.08182122,0,0
24.50000000,43.32886723,43.28482374,42.95361268,43.13891692,0,0
24.51000000,43.41518651,43.32080486,43.02078793,43.13545615,0,0
24.52000000,43.38276780,43.35235628,43.11255854,43.19035880,0,0
24.53000000,43.42249328,43.41353242,43.12748608,43.21826218,0,0
24.54000000,43.45145781,43.41763405,43.12088661,43.18277531,0,0
24.55000000,43.47583524,43.43926055,43.06812247,43.18431976,0,0
24.56000000,43.47256084,43.47073876,43.05806959,43.24933060,0,0
24.57000000,43.52738677,43.50392291,43.11700218,43.31684969,0,0
24.58000000,43.59879028,43.52930829,43.23452143,43.37551871,0,0
24.59000000,43.61667767,43.55902360,43.25824237,43.42905071,0,0
24.60000000,43.58132896,43.59229748,43.26160377,43.44895097,0,0
24.61000000,43.62773018,43.66032649,43.30608783,43.49045852,0,0
24.62000000,43.71762173,43.71387656,43.32275433,43.51628136,0,0
24.63000000,43.73289791,43.77792247,43.34826176,43.51984961,0,0
24.64000000,43.71271869,43.73727223,43.35068380,43.56743243,0,0
24.65000000,43.78353547,43.74265826,43.42191387,43.57420153,0,0
24.66000000,43.83512879,43.78566616,43.43515920,43.60053473,0,0
24.67000000,43.84053762,43.82389843,43.43647163,43.68518647,0,0
24.68000000,43.91903673,43.89799281,43.52129267,43.69862246,0,0
24.69000000,43.89477194,43.80461060,43.54536084,43.69331234,0,0
24.70000000,43.90260103,43.88208064,43.51495995,43.64741848,0,0
24.71000000,43.90355683,43.91684189,43.55830008,43.76116715,0,0
24.72000000,44.03730799,43.98470084,43.60867869,43.78428924,0,0
24.73000000,44.02768816,43.99232695,43.70246834,43.76177907,0,0
24.74000000,44.03094721,44.05493137,43.72911139,43.83673066,0,0
24.75000000,44.02275519,44.07768751,43.75891688,43.86900368,0,0
24.76000000,44.12866138,44.06991770,43.76624591,43.91183026,0,0
24.77000000,44.16523279,44.11630587,43.76937008,43.94721191,0,0
24.78000000,44.13315908,44.11323177,43.80166828,44.01189848,0,0
24.79000000,44.23787223,44.15998449,43.84502916,44.02265318,0,0
24.80000000,44.25392580,44.23736725,43.92250571,44.00219004,0,0
24.81000000,44.31431824,44.26240620,43.93874680,44.05335116,0,0
24.82000000,44.30302302,44.28735932,43.99292859,44.02457684,0,0
24.83000000,44.37460426,44.26388999,44.06849829,44.02732417,0,0
24.84000000,44.32945106,44.28263934,43.99773556,44.03924821,0,0
24.85000000,44.34894630,44.33313005,44.00077526,44.08992036,0,0
24.86000000,44.39242999,44.35689229,44.04095266,44.23184033,0,0
24.87000000,44.49301016,44.42036422,44.08071202,44.24770709,0,0
24.88000000,44.48262953,44.44842902,44.13568574,44.28437859,0,0
24.89000000,44.45671790,44.47563366,44.16901606,44.37794421,0,0
24.90000000,44.52488767,44.50311409,44.19458149,44.44360718,0,0
24.91000000,44.61971637,44.60499532,44.17867677,44.40447142,0,0
24.92000000,44.58417070,44.57503281,44.19733867,44.42515672,0,0
24.93000000,44.65146592,44.53504733,44.23704479,44.46825795,0,0
24.94000000,44.75755299,44.59127701,44.33781069,44.45268919,0,0
24.95000000,44.73668834,44.67738876,44.34218919,44.50277293,0,0
24.96000000,44.78877567,44.75349695,44.40835605,44.53820704,0,0
24.97000000,44.77104545,44.77078339,44.43422780,44.55268870,0,0
24.98000000,44.77446977,44.71600663,44.43479346,44.43539695,0,0
24.99000000,44.79296657,44.79526960,44.45338843,44.53516145,0,0
25.00000000,44.91015212,44.85156963,44.49350637,44.63403229,0,0
25.01000000,44.94227306,44.87507089,44.54940526,44.64627250,0,0
25.02000000,44.93416142,44.89304089,44.60775478,44.69622128,0,0
25.03000000,44.93968816,44.90044835,44.63645497,44.74943405,0,0
25.04000000,45.00027049,44.93013200,44.67745155,44.77014949,0,0
25.05000000,45.07892205,45.03514806,44.66471295,44.82664134,0,0
25.06000000,45.07832685,45.08709605,44.68549071,44.86778536,0,0
25.07000000,45.10445069,45.05437487,44.71853905,44.88433393,0,0
25.08000000,45.18841797,45.10293131,44.78840939,44.90585733,0,0
25.09000000,45.21728244,45.10787253,44.84465067,44.94104112,0,0
25.10000000,45.22471631,45.12612089,44.86628767,45.00542453,0,0
25.11000000,45.30132914,45.17642735,44.92441668,45.01777685,0,0
25.12000000,45.30163208,45.22407305,44.85800232,44.96971678,0,0
25.13000000,45.34925619,45.27990515,44.84346498,44.95722813,0,0
25.14000000,45.38572927,45.28264228,44.87066673,45.07580250,0,0
25.15000000,45.45916749,45.31112607,44.97805897,45.07557248,0,0
25.16000000,45.42620696,45.35127727,45.04246005,45.09077462,0,0
25.17000000,45.37090930,45.39390566,45.07001273,45.18522255,0,0
25.18000000,45.47696352,45.35871914,45.09691872,45.17926359,0,0
25.19000000,45.55117378,45.39364271,45.10989942,45.20872380,0,0
25.20000000,45.58059036,45.46467202,45.11266431,45.21971053,0,0
25.21000000,45.62204537,45.51528754,45.18512228,45.26930162,0,0
25.22000000,45.67934149,45.54146397,45.27394395,45.29148167,0,0
25.23000000,45.65729510,45.54817851,45.33685607,45.31780797,0,0
25.24000000,45.69693159,45.54249797,45.36092975,45.36371354,0,0
25.25000000,45.73113056,45.59032590,45.40695427,45.38004011,0,0
25.26000000,45.71742164,45.61688309,45.39184587,45.35064183,0,0
25.27000000,45.72429541,45.62689621,45.36707497,45.37507315,0,0
25.28000000,45.81486580,45.64759558,45.45303663,45.48977700,0,0
25.29000000,45.85750160,45.66518050,45.47487813,45.47514153,0,0
25.30000000,45.87346749,45.73304563,45.52725928,45.46903387,0,0
25.31000000,45.83822072,45.78538445,45.50100686,45.56559504,0,0
25.32000000,45.92103788,45.74469515,45.49157187,45.54297505,0,0
25.33000000,45.95818328,45.84091879,45.49128247,45.60945020,0,0
25.34000000,45.96614548,45.79873018,45.58230836,45.63092010,0,0
25.35000000,45.99490505,45.82366460,45.60489542,45.74570020,0,0
25.36000000,46.03402071,45.83656198,45.73078772,45.74353249,0,0
25.37000000,46.00949977,45.94319534,45.78300200,45.77824981,0,0
25.38000000,46.09139875,45.95673567,45.74929864,45.81677516,0,0
25.39000000,46.17429403,45.95014300,45.83406682,45.78151196,0,0
25.40000000,46.18263713,45.96590759,45.76566140,45.71951455,0,0
25.41000000,46.18030418,46.02659109,45.78792935,45.80688793,0,0
25.42000000,46.16140356,46.04920485,45.84792952,45.89620203,0,0
25.43000000,46.22011614,46.10355793,45.93407728,45.91328332,0,0
25.44000000,46.20849871,46.12265989,46.00975768,45.96310671,0,0
25.45000000,46.29008573,46.16579903,46.06056134,46.05269084,0,0
25.46000000,46.39138212,46.22515522,46.06401431,46.09596240,0,0
25.47000000,46.41986261,46.29442371,46.07118435,46.13483392,0,0
25.48000000,46.40573119,46.27903189,46.08125867,46.15373213,0,0
25.49000000,46.48200089,46.30495974,46.16021380,46.19978757,0,0
25.50000000,46.56382583,46.36047826,46.21133551,46.22130691,0,0
25.51000000,46.61439900,46.42102019,46.23741281,46.28413816,0,0
25.52000000,46.70435170,46.45170198,46.25108772,46.33750826,0,0
25.53000000,46.69970891,46.45812693,46.33030470,46.29594967,0,0
25.54000000,46.62801080,46.50165758,46.28353099,46.23470941,0,0
25.55000000,46.68130704,46.55841064,46.33916589,46.30179325,0,0
25.56000000,46.74826492,46.58341766,46.32129242,46.38491714,0,0
25.57000000,46.89565992,46.69483179,46.35773150,46.27244848,0,0
25.58000000,46.83639096,46.64187240,46.36042636,46.39622161,0,0
25.59000000,46.96299837,46.68483872,46.42031169,46.39478534,0,0
25.60000000,46.96316502,46.71478880,46.46969585,46.40606135,0,0
25.61000000,46.88170350,46.74550464,46.53648460,46.43151116,0,0
25.62000000,46.95284252,46.77640468,46.50544711,46.48277998,0,0
25.63000000,47.01480066,46.82916877,46.54552435,46.49113456,0,0
25.64000000,47.05507239,46.84525598,46.58299302,46.49233977,0,0
25.65000000,47.08975200,46.85932579,46.61209328,46.57041553,0,0
25.66000000,47.12094097,46.87172323,46.72094202,46.59403372,0,0
25.67000000,47.10649764,46.89714867,46.72150657,46.54889856,0,0
25.68000000,47.13739179,46.92365609,46.70039468,46.58733944,0,0
25.69000000,47.20867259,46.96513215,46.67754352,46.67490669,0,0
25.70000000,47.25274873,46.98350693,46.71463863,46.72721728,0,0
25.71000000,47.20928529,47.03350955,46.79381587,46.74269925,0,0
25.72000000,47.18675496,47.07561672,46.85812634,46.81437226,0,0
25.73000000,47.24717852,47.10226231,46.95188311,46.84763039,0,0
25.74000000,47.30239006,47.15085898,46.90504975,46.85234278,0,0
25.75000000,47.32860937,47.11446326,46.91220260,46.92574635,0,0
25.76000000,47.42137399,47.12662213,46.87768686,46.96900954,0,0
25.77000000,47.39224537,47.17063670,46.98025866,46.94911905,0,0
25.78000000,47.40392460,47.19207602,47.12735686,47.07098048,0,0
25.79000000,47.47062271,47.24060167,47.14636152,47.08895540,0,0
25.80000000,47.43866987,47.26532694,47.27045912,47.04705140,0,0
25.81000000,47.39232823,47.30654969,47.11849877,47.08870205,0,0
25.82000000,47.47144102,47.36362744,47.16868143,47.16004363,0,0
25.83000000,47.56252811,47.34835439,47.16923133,47.21803619,0,0
25.84000000,47.60624757,47.40756497,47.25290272,47.20847351,0,0
25.85000000,47.62171916,47.41669502,47.26795486,47.27076676,0,0
25.86000000,47.66580375,47.46228077,47.31472528,47.29411902,0,0
25.87000000,47.65308600,47.53373098,47.33158585,47.36163550,0,0
25.88000000,47.65960683,47.57214574,47.34075216,47.40007949,0,0
25.89000000,47.76447287,47.56629110,47.39606323,47.43603035,0,0
25.90000000,47.82794897,47.60597549,47.46822913,47.44486128,0,0
25.91000000,47.80739621,47.61436259,47.52494878,47.47752725,0,0
25.92000000,47.85838351,47.67045059,47.57592432,47.54787295,0,0
25.93000000,47.90235766,47.72516672,47.59116074,47.56003510,0,0
25.94000000,47.92177454,47.74097824,47.58453231,47.53662742,0,0
25.95000000,47.94414173,47.79137468,47.55659737,47.54236903,0,0
25.96000000,48.04320365,47.79997001,47.57583474,47.63864279,0,0
25.97000000,48.06057537,47.90071250,47.62582010,47.59736210,0,0
25.98000000,47.99311640,47.92607295,47.67833511,47.63338755,0,0
25.99000000,48.07834479,47.95605873,47.70627990,47.66679842,0,0
26.00000000,48.06640419,47.98628664,47.74885593,47.69824944,0,0
26.01000000,48.16352889,48.02650142,47.76113311,47.75700898,0,0
26.02000000,48.14378055,47.95802596,47.66562867,47.79782868,0,0
26.03000000,48.27687143,48.09020448,47.75578390,47.84387891,0,0
26.04000000,48.22865332,48.09522878,47.86292634,47.84455937,0,0
26.05000000,48.29864788,48.13647893,47.88765779,47.90795122,0,0
26.06000000,48.29337373,48.12614102,47.94729517,47.94677291,0,0
26.07000000,48.28005709,48.13194781,47.89916010,47.90408895,0,0
26.08000000,48.28068140,48.24778092,47.87774801,47.98090119,0,0
26.09000000,48.36280634,48.24946139,47.90150717,48.02592993,0,0
26.10000000,48.38121820,48.29518864,47.95823668,48.03185957,0,0
26.11000000,48.40047555,48.32550313,47.99756497,48.02784767,0,0
26.12000000,48.46233720,48.32701667,47.99739201,48.08933465,0,0
26.13000000,48.48583286,48.39742877,48.03823040,48.09752863,0,0
26.14000000,48.46744075,48.41337982,48.08383692,48.13980470,0,0
26.15000000,48.52023242,48.41188105,48.09607684,48.19447060,0,0
26.16000000,48.60984082,48.43139655,48.15536723,48.23861680,0,0
26.17000000,48.57051442,48.48922717,48.25845024,48.26786825,0,0
26.18000000,48.62858766,48.56746647,48.25984451,48.32094572,0,0
26.19000000,48.63646154,48.56816293,48.31546051,48.41087143,0,0
26.20000000,48.66086576,48.57046209,48.27540034,48.33600373,0,0
26.21000000,48.71683666,48.62912123,48.29817983,48.38328391,0,0
26.22000000,48.77191490,48.66494288,48.32324987,48.46594649,0,0
26.23000000,48.77374103,48.68122292,48.36963193,48.48346174,0,0
26.24000000,48.70825621,48.64940146,48.51352151,48.55829382,0,0
26.25000000,48.87672673,48.72532114,48.52435969,48.54763380,0,0
26.26000000,48.91717697,48.84777387,48.54025420,48.60088652,0,0
26.27000000,48.87092947,48.89917197,48.51802954,48.60689016,0,0
26.28000000,48.92373383,48.88828597,48.45639413,48.66467082,0,0
26.29000000,48.91789640,48.84006639,48.50603087,48.65093835,0,0
26.30000000,49.03655469,48.88914767,48.58309607,48.69604757,0,0
26.31000000,49.10502416,48.93228980,48.64922521,48.72806568,0,0
26.32000000,49.11869364,48.94264875,48.68849810,48.74715218,0,0
26.33000000,49.05343444,48.96693018,48.70590632,48.74764140,0,0
26.34000000,49.05567870,49.02073160,48.67483182,48.74933533,0,0
26.35000000,49.12642297,49.08550594,48.71469488,48.85236183,0,0
26.36000000,49.21695105,49.10460065,48.78419287,48.86473471,0,0
26.37000000,49.16625551,49.07415029,48.80776340,48.85354074,0,0
26.38000000,49.18786713,49.06322174,48.82561711,48.92987175,0,0
26.39000000,49.25479776,49.14745346,48.88551429,48.98452090,0,0
26.40000000,49.30507612,49.26291739,48.92292251,49.01789901,0,0
26.41000000,49.42330917,49.24061359,48.91555079,49.08541369,0,0
26.42000000,49.39982055,49.24096854,48.92298529,49.04693333,0,0
26.43000000,49.37275233,49.30829788,48.97289916,49.10345529,0,0
26.44000000,49.41537651,49.33682050,48.99517988,49.11044968,0,0
26.45000000,49.44895230,49.41181996,49.14766667,49.11210062,0,0
26.46000000,49.50474302,49.34332064,49.14888671,49.15873167,0,0
26.47000000,49.48281888,49.36548946,49.06650096,49.17753131,0,0
26.48000000,49.59011493,49.41516241,49.08958006,49.27652281,0,0
26.49000000,49.55709270,49.51300736,49.14054123,49.29316974,0,0
26.50000000,49.61986689,49.58118967,49.23181539,49.31622944,0,0
26.51000000,49.66613675,49.57726484,49.31694071,49.37526574,0,0
26.52000000,49.66374476,49.61099487,49.37882692,49.41344884,0,0
26.53000000,49.67321140,49.63686164,49.40637222,49.46330165,0,0
26.54000000,49.78356797,49.66482761,49.35891744,49.52812927,0,0
26.55000000,49.84435562,49.73184466,49.37058712,49.54352658,0,0
26.56000000,49.86345730,49.73650864,49.44347224,49.56422879,0,0
26.57000000,49.91301323,49.76177115,49.44671068,49.56762342,0,0
26.58000000,49.91911301,49.78144683,49.45187353,49.55111000,0,0
26.59000000,49.89984635,49.84860550,49.44605889,49.54438111,0,0
26.60000000,49.96417760,49.89797399,49.43489237,49.59872620,0,0
26.61000000,49.96898294,49.85078992,49.54885498,49.63780710,0,0
26.62000000,49.98943385,49.90325725,49.55003567,49.59626520,0,0
26.63000000,50.03341822,49.97632501,49.60450178,49.70523492,0,0
26.64000000,50.15520715,50.06277274,49.66553190,49.77689764,0,0
26.65000000,50.12825942,50.08009286,49.72474585,49.82877650,0,0
26.66000000,50.13560430,50.00356292,49.73849152,49.80555676,0,0
26.67000000,50.22015777,49.98533400,49.70133108,49.81024903,0,0
26.68000000,50.21069835,50.04672987,49.78478657,49.86216242,0,0
26.69000000,50.28226177,50.13952377,49.82135424,49.85364785,0,0
26.70000000,50.30806515,50.20947441,49.87163725,49.91272684,0,0
26.71000000,50.24746615,50.16956693,49.90847120,49.94419354,0,0
26.72000000,50.28538585,50.19068914,49.85026904,49.94178936,0,0
26.73000000,50.35781697,50.21415504,49.85395914,49.98635528,0,0
26.74000000,50.39114619,50.29962759,49.89866506,50.04723231,0,0
26.75000000,50.43019583,50.35411823,50.02137313,50.04299094,0,0
26.76000000,50.50655995,50.34320135,50.06499748,50.08598317,0,0
26.77000000,50.53042538,50.40426342,50.16019388,50.15296004,0,0
26.78000000,50.53383416,50.43920480,50.19339301,50.17833020,0,0
26.79000000,50.58887365,50.47491761,50.18238301,50.21047699,0,0
26.80000000,50.59696643,50.49107835,50.16592498,50.26152266,0,0
26.81000000,50.60833820,50.50256986,50.17102743,50.27585432,0,0
26.82000000,50.66559396,50.53366756,50.23618019,50.38544053,0,0
26.83000000,50.71080354,50.57175908,50.31965685,50.50376749,0,0
26.84000000,50.67463584,50.61273386,50.40630866,50.52428582,0,0
26.85000000,50.74700880,50.62630387,50.37855268,50.51551459,0,0
26.86000000,50.79397451,50.67709140,50.34768304,50.57621169,0,0
26.87000000,50.87945909,50.76072508,50.39699004,50.54361442,0,0
26.88000000,50.88254927,50.83783354,50.44385766,50.48960255,0,0
26.89000000,50.94765412,50.81349578,50.49109896,50.59990171,0,0
26.90000000,50.84723502,50.88329544,50.51448034,50.62258130,0,0
26.91000000,50.97725148,50.85373881,50.44578601,50.59376982,0,0
26.92000000,51.07579232,50.94068840,50.42592437,50.62202462,0,0
26.93000000,51.03617080,50.95025647,50.44716372,50.59916283,0,0
26.94000000,51.04328951,50.94702331,50.56029074,50.61917762,0,0
26.95000000,51.00973824,50.94674107,50.64363125,50.68058233,0,0
26.96000000,51.06740605,50.98485866,50.75696526,50.68878525,0,0
26.97000000,51.17907559,51.04176152,50.72128930,50.72341769,0,0
26.98000000,51.22433817,51.06983782,50.70584495,50.80752719,0,0
26.99000000,51.21731368,51.05681520,50.73407031,50.82795014,0,0
27.00000000,51.17416739,51.08847908,50.79614682,50.84869325,0,0
27.01000000,51.21977290,51.14153522,50.87706080,50.94379198,0,0
27.02000000,51.24804231,51.18181077,50.91186425,50.99236224,0,0
27.03000000,51.26450939,51.22967762,50.89681687,50.99595137,0,0
27.04000000,51.36311417,51.21575078,50.88173684,51.00575808,0,0
27.05000000,51.37597684,51.25646837,50.87293382,51.02512218,0,0
27.06000000,51.40972200,51.31822786,51.00550283,51.04652163,0,0
27.07000000,51.44317071,51.29119910,51.08137458,51.15425333,0,0
27.08000000,51.42021353,51.34903333,51.10860250,51.17476186,0,0
27.09000000,51.42202618,51.33939136,51.11696417,51.17873492,0,0
27.10000000,51.51668428,51.35457731,51.08316840,51.21340214,0,0
27.11000000,51.57105499,51.41161408,51.17683357,51.28362479,0,0
27.12000000,51.55066661,51.47191546,51.21846155,51.29263109,0,0
27.13000000,51.60112894,51.49795152,51.21624016,51.32946449,0,0
27.14000000,51.63798631,51.53976800,51.20984077,51.38026041,0,0
27.15000000,51.65874459,51.55066454,51.22560331,51.40531154,0,0
27.16000000,51.74120713,51.59747949,51.27716065,51.39683746,0,0
27.17000000,51.75633832,51.59058471,51.30915344,51.45048772,0,0
27.18000000,51.77371316,51.61463922,51.35469298,51.42452886,0,0
27.19000000,51.80564446,51.62727924,51.40982413,51.45299860,0,0
27.20000000,51.83977949,51.65974514,51.44828831,51.50806347,0,0
27.21000000,51.86546192,51.71489688,51.47890366,51.48528612,0,0
27.22000000,51.91957603,51.73247429,51.47186999,51.50947915,0,0
27.23000000,51.95093544,51.79051360,51.49140319,51.59174749,0,0
27.24000000,51.97202293,51.81657176,51.56371753,51.55872314,0,0
27.25000000,52.03763933,51.80687308,51.62007510,51.59747317,0,0
27.26000000,52.07337433,51.81584894,51.60764710,51.64524997,0,0
27.27000000,52.09338159,51.87336312,51.68924976,51.64793997,0,0
27.28000000,52.12405651,51.91856874,51.67880024,51.71607223,0,0
27.29000000,52.19882923,51.97308910,51.70535745,51.72711026,0,0
27.30000000,52.18248996,52.01381229,51.77759009,51.71601431,0,0
27.31000000,52.28165351,52.01772998,51.82692801,51.75104818,0,0
27.32000000,52.27240536,52.02157038,51.86217056,51.78393384,0,0
27.33000000,52.29767493,52.03567718,51.90460665,51.79797314,0,0
27.34000000,52.30733991,52.04336905,51.82042281,51.76996770,0,0
27.35000000,52.35275434,52.08916930,51.82510764,51.89816165,0,0
27.36000000,52.39548079,52.15358934,51.87109885,51.88872405,0,0
27.37000000,52.44273801,52.16541514,51.91968355,51.89416414,0,0
27.38000000,52.48694846,52.21337512,51.99355372,51.93062298,0,0
27.39000000,52.43127366,52.22713054,52.01181091,52.00622447,0,0
27.40000000,52.49369089,52.25112096,52.08571216,52.04043535,0,0
27.41000000,52.57868661,52.28542478,52.09256742,52.10454406,0,0
27.42000000,52.61930261,52.31562899,52.12599252,52.11605238,0,0
27.43000000,52.64263728,52.33183616,52.17680479,52.15136179,0,0
27.44000000,52.64549216,52.34779497,52.22487479,52.16144516,0,0
27.45000000,52.63936812,52.39247953,52.26731496,52.16786561,0,0
27.46000000,52.71602813,52.45240074,52.30648195,52.18184827,0,0
27.47000000,52.76094788,52.47030849,52.26860949,52.21071161,0,0
27.48000000,52.78408460,52.49814731,52.29501683,52.24037194,0,0
27.49000000,52.81154903,52.52342023,52.32397731,52.26398418,0,0
27.50000000,52.86175090,52.59028081,52.41220606,52.30694298,0,0
27.51000000,52.84833393,52.65659160,52.45326569,52.34056311,0,0
27.52000000,52.92062314,52.63163478,52.51906052,52.37615427,0,0
27.53000000,53.00527076,52.65934844,52.49758406,52.40849558,0,0
27.54000000,53.03397834,52.70719885,52.47326037,52.41332390,0,0
27.55000000,53.07975043,52.76707305,52.58877158,52.46763614,0,0
27.56000000,53.01489366,52.78591501,52.59434123,52.52295618,0,0
27.57000000,53.01799195,52.77629488,52.67256280,52.52453766,0,0
27.58000000,53.04402114,52.80745091,52.60494911,52.51350105,0,0
27.59000000,53.14297267,52.85950195,52.64749236,52.61468716,0,0
27.60000000,53.14980308,52.87577985,52.69267635,52.63277533,0,0
27.61000000,53.21329415,52.89342234,52.76813394,52.62092499,0,0
27.62000000,53.21549977,52.92232664,52.77643849,52.67353221,0,0
27.63000000,53.20963841,53.00388465,52.84473819,52.71140376,0,0
27.64000000,53.27702376,53.00271918,52.87637669,52.76099450,0,0
27.65000000,53.32350464,53.05720608,52.87379979,52.79740535,0,0
27.66000000,53.34379107,53.09500707,52.90317377,52.81512844,0,0
27.67000000,53.34780816,53.08948432,52.92314990,52.83227893,0,0
27.68000000,53.35471613,53.15439340,52.95966487,52.86979519,0,0
27.69000000,53.39484170,53.16910752,52.99480978,52.89449904,0,0
27.70000000,53.42788310,53.17925503,53.03962290,52.87875018,0,0
27.71000000,53.46619045,53.18911246,53.03682932,52.93920719,0,0
27.72000000,53.43890752,53.22623793,53.11730314,53.01161550,0,0
27.73000000,53.55605712,53.28930249,53.15667805,53.03253841,0,0
27.74000000,53.59965589,53.35863552,53.17509246,53.13634402,0,0
27.75000000,53.57655994,53.42853925,53.17840005,53.15057883,0,0
27.76000000,53.67977706,53.37618707,53.22722016,53.18149913,0,0
27.77000000,53.63181748,53.40681318,53.21618224,53.20734055,0,0
27.78000000,53.72359195,53.47717193,53.26853588,53.22068474,0,0
27.79000000,53.74516589,53.57123612,53.32006543,53.26829024,0,0
27.80000000,53.72004885,53.55795513,53.32259138,53.26177474,0,0
27.81000000,53.73067119,53.49830086,53.35538161,53.24364047,0,0
27.82000000,53.78832087,53.55890695,53.34498206,53.24688137,0,0
27.83000000,53.80424120,53.55766434,53.37041528,53.31193129,0,0
27.84000000,53.84881873,53.66026688,53.42429222,53.35716272,0,0
27.85000000,53.88498957,53.68221141,53.43019378,53.40205742,0,0
27.86000000,53.87537089,53.72399407,53.46967228,53.46120241,0,0
27.87000000,53.90587910,53.73326797,53.55982153,53.51072730,0,0
27.88000000,53.95826987,53.74003820,53.55801801,53.55290229,0,0
27.89000000,54.00225667,53.77447003,53.55148171,53.53497250,0,0
27.90000000,54.04179919,53.76694738,53.59480663,53.57076751,0,0
27.91000000,54.05768114,53.83946823,53.60269596,53.57990142,0,0
27.92000000,54.05303642,53.87620661,53.67772209,53.62646602,0,0
27.93000000,54.06971498,53.92672555,53.72143234,53.62760056,0,0
27.94000000,54.12062145,53.94213897,53.66773108,53.63882475,0,0
27.95000000,54.14730340,53.90428855,53.70170884,53.69610396,0,0
27.96000000,54.16880589,53.94739123,53.77480502,53.73268446,0,0
27.97000000,54.24221678,53.99537708,53.81834199,53.78570502,0,0
27.98000000,54.19819899,54.09001065,53.86959868,53.87439583,0,0
27.99000000,54.28045108,54.06934493,53.88613982,53.85544019,0,0
28.00000000,54.32133263,54.04849828,53.89616483,53.84448291,0,0
28.01000000,54.29512203,54.15476298,53.87463503,53.88420055,0,0
28.02000000,54.34040885,54.14853509,53.95193608,53.89363851,0,0
28.03000000,54.39668106,54.22008028,54.00653916,53.97120512,0,0
28.04000000,54.44580326,54.20442598,54.08455738,54.05795533,0,0
28.05000000,54.46936196,54.21131709,54.06803025,54.04789391,0,0
28.06000000,54.49408381,54.26463788,54.05181451,54.09311949,0,0
28.07000000,54.47120100,54.32454877,54.06632052,54.11345519,0,0
28.08000000,54.55460129,54.37761494,54.08608297,54.08840812,0,0
28.09000000,54.56802675,54.40425809,54.12262526,54.10677745,0,0
28.10000000,54.58923688,54.40906789,54.17509159,54.16132088,0,0
28.11000000,54.61581498,54.38637060,54.22110937,54.20263122,0,0
28.12000000,54.67490296,54.45591952,54.24375040,54.25715840,0,0
28.13000000,54.69734154,54.53867972,54.22860329,54.28553600,0,0
28.14000000,54.72425161,54.56121048,54.27785507,54.25695413,0,0
28.15000000,54.72442670,54.54718850,54.31427795,54.31411205,0,0
28.16000000,54.75447076,54.54505493,54.39140384,54.32497417,0,0
28.17000000,54.78212314,54.58678871,54.40714838,54.31242723,0,0
28.18000000,54.80348755,54.64243059,54.37838367,54.32982101,0,0
28.19000000,54.82207387,54.64174052,54.35449562,54.44187363,0,0
28.20000000,54.89650851,54.66790878,54.32478136,54.45012959,0,0
28.21000000,54.87058401,54.68662418,54.42951961,54.50617635,0,0
28.22000000,54.96653132,54.79528885,54.49161575,54.52855629,0,0
28.23000000,54.94825240,54.80033564,54.53911345,54.54245588,0,0
28.24000000,54.97130961,54.87890726,54.51349543,54.56093141,0,0
28.25000000,55.00297733,54.82447334,54.56120990,54.58475755,0,0
28.26000000,55.04570217,54.86378024,54.57228237,54.62449263,0,0
28.27000000,55.06452216,54.91232243,54.66428794,54.67681090,0,0
28.28000000,55.11832644,54.96889986,54.67196696,54.66866088,0,0
28.29000000,55.08553280,54.96235251,54.66120399,54.67717888,0,0
28.30000000,55.09800171,54.98649071,54.70255355,54.75373905,0,0
28.31000000,55.16043133,55.02176070,54.72094237,54.81358913,0,0
28.32000000,55.23872287,55.08547556,54.73783354,54.86308220,0,0
28.33000000,55.20976400,55.11502769,54.78979713,54.93041416,0,0
28.34000000,55.24224737,55.13512259,54.86175552,54.96713605,0,0
28.35000000,55.26786648,55.14364931,54.85416575,54.99093225,0,0
28.36000000,55.33562981,55.22475574,54.86377029,55.03078984,0,0
28.37000000,55.42205138,55.23025812,54.89696195,54.97803437,0,0
28.38000000,55.41610064,55.30386318,54.94698159,55.02114931,0,0
28.39000000,55.36665613,55.30265754,54.98133493,55.03529449,0,0
28.40000000,55.42488219,55.31979196,55.01296712,55.03493031,0,0
28.41000000,55.46822868,55.37780712,54.96545824,55.08626137,0,0
28.42000000,55.52692704,55.36210050,55.03114326,55.14898709,0,0
28.43000000,55.62950749,55.41512386,55.02875589,55.11357863,0,0
28.44000000,55.51631938,55.44402060,55.08225436,55.14016410,0,0
28.45000000,55.55022206,55.51121584,55.15312018,55.24480973,0,0
28.46000000,55.58068928,55.51324092,55.17524364,55.26985374,0,0
28.47000000,55.62697844,55.52911213,55.16179181,55.29682837,0,0
28.48000000,55.71515948,55.47685550,55.17361727,55.28710982,0,0
28.49000000,55.70113984,55.53918389,55.19027391,55.32394250,0,0
28.50000000,55.68753797,55.60451341,55.25736393,55.33258972,0,0
28.51000000,55.70938435,55.61145621,55.27424916,55.33541155,0,0
28.52000000,55.73168112,55.63254101,55.25534567,55.34412844,0,0
28.53000000,55.76385146,55.63082909,55.29403671,55.39459549,0,0
28.54000000,55.79138994,55.66897973,55.30568760,55.43598375,0,0
28.55000000,55.80167507,55.67406729,55.34177606,55.46529702,0,0
28.56000000,55.83070192,55.71481561,55.37435076,55.53464529,0,0
28.57000000,55.89212321,55.70942813,55.43278268,55.60043449,0,0
28.58000000,55.88560277,55.75998533,55.45865800,55.57069694,0,0
28.59000000,55.99262592,55.82463521,55.48741826,55.61055821,0,0
28.60000000,55.98510428,55.82952215,55.57691849,55.61022327,0,0
28.61000000,55.94137020,55.80453495,55.63793708,55.67135036,0,0
28.62000000,55.98357446,55.79843220,55.70456885,55.67501866,0,0
28.63000000,56.02768452,55.85710254,55.65020460,55.70412262,0,0
28.64000000,56.06877721,55.92334783,55.65561973,55.77366685,0,0
28.65000000,56.08570198,55.96532662,55.63953942,55.73283383,0,0
28.66000000,56.10531234,55.91471096,55.69002466,55.75335497,0,0
28.67000000,56.12190356,55.92800770,55.75092910,55.83261506,0,0
28.68000000,56.18910959,56.01573583,55.79061849,55.85100627,0,0
28.69000000,56.19165450,56.05585460,55.82768068,55.91394172,0,0
28.70000000,56.21094657,56.09613963,55.81695460,55.93043478,0,0
28.71000000,56.24081715,56.07271098,55.80555260,55.92268855,0,0
28.72000000,56.28845849,56.08776568,55.79471165,55.96825912,0,0
28.73000000,56.31351788,56.11539692,55.85560686,55.97827480,0,0
28.74000000,56.29549512,56.13223492,55.86787021,55.97343781,0,0
28.75000000,56.28288763,56.17827716,55.84666882,56.01383284,0,0
28.76000000,56.32519744,56.20176755,55.90921265,56.05012136,0,0
28.77000000,56.41187743,56.23391078,55.96526509,56.05893679,0,0
28.78000000,56.49254158,56.29013768,55.95663230,56.07575395,0,0
28.79000000,56.50424881,56.32687825,56.00059482,56.10538970,0,0
28.80000000,56.44569157,56.32957239,56.00377506,56.12121435,0,0
28.81000000,56.44968610,56.33499290,56.04920541,56.14071897,0,0
28.82000000,56.48716301,56.36392811,56.08269750,56.14921021,0,0
28.83000000,56.53744262,56.34866293,56.09833513,56.16530391,0,0
28.84000000,56.56165219,56.39853263,56.11667274,56.18704749,0,0
28.85000000,56.55508220,56.38680104,56.16416001,56.19687020,0,0
28.86000000,56.60005228,56.41043455,56.13206640,56.26241137,0,0
28.87000000,56.60081781,56.49102747,56.19405310,56.31619798,0,0
28.88000000,56.66009711,56.50169171,56.20848278,56.30197893,0,0
28.89000000,56.62905892,56.54283649,56.23469138,56.32815557,0,0
28.90000000,56.69492675,56.53418347,56.28503602,56.40105641,0,0
28.91000000,56.73480612,56.54668689,56.30753831,56.39708720,0,0
28.92000000,56.76645237,56.61863863,56.27809411,56.39005229,0,0
28.93000000,56.80177306,56.63036942,56.26582427,56.41434868,0,0
28.94000000,56.79849581,56.62374464,56.27065042,56.40018613,0,0
28.95000000,56.80617794,56.65312941,56.33329951,56.43671007,0,0
28.96000000,56.81386006,56.68251418,56.39594860,56.47323401,0,0
28.97000000,56.82154219,56.71189895,56.45859770,56.50975795,0,0
28.98000000,56.87083494,56.75838863,56.41112651,56.52916052,0,0
28.99000000,56.92474158,56.76847664,56.40901027,56.53036341,0,0
29.00000000,56.91918197,56.77757084,56.42814681,56.54618555,0,0
29.01000000,56.91770976,56.78368712,56.46732614,56.59367040,0,0
29.02000000,56.99338907,56.81931981,56.53959434,56.64719132,0,0
29.03000000,56.97339035,56.85053532,56.55200309,56.66098375,0,0
29.04000000,57.07036707,56.85816968,56.57138475,56.64974325,0,0
29.05000000,57.01125921,56.88026171,56.57652477,56.69756808,0,0
29.06000000,57.03744130,56.89512160,56.59844039,56.75900545,0,0
29.07000000,57.03505974,56.90355324,56.64721801,56.76763678,0,0
29.08000000,57.08427489,56.95445367,56.66261274,56.75373466,0,0
29.09000000,57.11696083,56.95501767,56.69107630,56.82225163,0,0
29.10000000,57.16618819,57.01325765,56.70306417,56.78829851,0,0
29.11000000,57.10713501,57.00140717,56.71177508,56.83070599,0,0
29.12000000,57.15870657,57.00881540,56.74163247,56.87756827,0,0
29.13000000,57.20138852,57.04558261,56.78465873,56.87459740,0,0
29.14000000,57.21780310,57.08615268,56.80148935,56.93794953,0,0
29.15000000,57.28521193,57.13394125,56.79797758,56.95746270,0,0
29.16000000,57.30165950,57.15640149,56.82136926,56.94428356,0,0
29.17000000,57.30340379,57.16412379,56.84020933,56.99493907,0,0
29.18000000,57.28893805,57.15538782,56.87106280,57.00032480,0,0
29.19000000,57.29341191,57.14334927,56.91117542,57.00432950,0,0
29.20000000,57.33103085,57.18614775,56.93186408,57.04381116,0,0
29.21000000,57.41309336,57.24619615,56.92405878,57.02830186,0,0
29.22000000,57.42281309,57.26509033,56.92288276,57.02895609,0,0
29.23000000,57.39207103,57.30142710,56.95819474,57.09350513,0,0
29.24000000,57.43604421,57.31382987,56.99854380,57.10932285,0,0
29.25000000,57.43129283,57.32964688,57.04501159,57.15117716,0,0
29.26000000,57.53234169,57.33615632,57.04424424,57.19449120,0,0
29.27000000,57.50589047,57.28738529,57.06571917,57.18260801,0,0
29.28000000,57.48732121,57.33141526,57.05955917,57.23605912,0,0
29.29000000,57.54910365,57.36097802,57.11582570,57.22915163,0,0
29.30000000,57.57167303,57.41876218,57.11470445,57.19899266,0,0
29.31000000,57.55633496,57.42731417,57.15121109,57.26677866,0,0
29.32000000,57.59944516,57.40913287,57.15816206,57.24623956,0,0
29.33000000,57.55291117,57.45640463,57.18852800,57.31362679,0,0
29.34000000,57.64411648,57.48911110,57.23085169,57.34554164,0,0
29.35000000,57.70441234,57.52619204,57.22625006,57.35391036,0,0
29.36000000,57.69782495,57.53803499,57.24016079,57.35194155,0,0
29.37000000,57.72638325,57.51106739,57.26123961,57.32629816,0,0
29.38000000,57.70547064,57.53629563,57.29065227,57.33732462,0,0
29.39000000,57.74479050,57.57026441,57.31313846,57.38232271,0,0
29.40000000,57.76674066,57.59468501,57.33837601,57.41503389,0,0
29.41000000,57.76588115,57.57031459,57.36620010,57.44670377,0,0
29.42000000,57.77357461,57.61028372,57.35507505,57.49372985,0,0
29.43000000,57.79676227,57.63968686,57.36711341,57.49249859,0,0
29.44000000,57.84630210,57.65846750,57.40012348,57.50672969,0,0
29.45000000,57.85837606,57.66308064,57.40739142,57.55333067,0,0
29.46000000,57.90626148,57.69296670,57.46430604,57.56859470,0,0
29.47000000,57.87531287,57.73645980,57.51848273,57.56737068,0,0
29.48000000,57.93006526,57.75727710,57.49933966,57.59083875,0,0
29.49000000,57.87285050,57.79147758,57.49085754,57.57387628,0,0
29.50000000,57.96450196,57.75546459,57.49392400,57.63691545,0,0
29.51000000,57.98121842,57.80576431,57.51421933,57.64864649,0,0
29.52000000,57.98806227,57.80418446,57.56692263,57.63025680,0,0
29.53000000,57.98622011,57.82391466,57.57405954,57.70794610,0,0
29.54000000,57.99736062,57.85670921,57.58265927,57.66868013,0,0
29.55000000,57.99119123,57.84270182,57.61657082,57.71262271,0,0
29.56000000,58.05584891,57.86706182,57.62592109,57.75143920,0,0
29.57000000,58.08984744,57.87296529,57.66860025,57.78330946,0,0
29.58000000,58.07494967,57.94263569,57.67804611,57.76993263,0,0
29.59000000,58.09978014,57.94230987,57.64976102,57.76467602,0,0
29.60000000,58.12289208,57.93836356,57.69031255,57.78334236,0,0
29.61000000,58.17308710,57.97361827,57.69501430,57.80618731,0,0
29.62000000,58.16610979,57.98031182,57.74448276,57.78636702,0,0
29.63000000,58.13826057,58.01388792,57.75303086,57.79777498,0,0
29.64000000,58.15287704,58.04237939,57.74285595,57.85978434,0,0
29.65000000,58.21632201,58.05095391,57.80077982,57.84833974,0,0
29.66000000,58.21299457,58.07889694,57.78458492,57.89441763,0,0
29.67000000,58.23215332,58.09380721,57.81060089,57.96304114,0,0
29.68000000,58.23443101,58.10397734,57.88151855,57.99475842,0,0
29.69000000,58.25637649,58.11908547,57.88445919,58.03320933,0,0
29.70000000,58.33576905,58.16444324,57.90667257,58.04268043,0,0
29.71000000,58.33256677,58.18423077,57.90368717,58.04474096,0,0
29.72000000,58.29392764,58.17720807,57.90895044,58.06418032,0,0
29.73000000,58.34658302,58.16911903,57.95436555,58.07440974,0,0
29.74000000,58.34040556,58.21390188,57.94333986,58.07148809,0,0
29.75000000,58.43052213,58.25014530,57.98549735,58.11722530,0,0
29.76000000,58.45346915,58.30191189,57.99614315,58.14187378,0,0
29.77000000,58.43046416,58.31762431,58.04164531,58.11607931,0,0
29.78000000,58.46501548,58.34693362,58.09723029,58.21674830,0,0
29.79000000,58.47068405,58.32730345,58.11608158,58.20078414,0,0
29.80000000,58.52142238,58.36894421,58.11106468,58.20025937,0,0
29.81000000,58.54316781,58.37143486,58.09183758,58.21713672,0,0
29.82000000,58.52623851,58.40606340,58.11304797,58.21065721,0,0
29.83000000,58.57161243,58.46151209,58.10956321,58.23798946,0,0
29.84000000,58.56395047,58.45687769,58.13780620,58.25700993,0,0
29.85000000,58.57250663,58.44549773,58.11698417,58.27017563,0,0
29.86000000,58.62485816,58.47270576,58.12490863,58.28921950,0,0
29.87000000,58.67169374,58.49652637,58.15660410,58.31373519,0,0
29.88000000,58.65927199,58.49478842,58.17246357,58.35627934,0,0
29.89000000,58.64411524,58.50478093,58.17055930,58.38885602,0,0
29.90000000,58.59395618,58.54016304,58.23625657,58.38554989,0,0
29.91000000,58.70976019,58.58693184,58.25899983,58.40766948,0,0
29.92000000,58.79139762,58.58954678,58.23640412,58.36556102,0,0
29.93000000,58.77838504,58.60637439,58.29597525,58.41847606,0,0
29.94000000,58.72412636,58.56427394,58.30096069,58.46183732,0,0
29.95000000,58.69020716,58.63054037,58.34660530,58.46383604,0,0
29.96000000,58.77589151,58.68276237,58.35540671,58.51085467,0,0
29.97000000,58.84892499,58.68174291,58.37835023,58.49684221,0,0
29.98000000,58.80114484,58.63960808,58.37126729,58.51239883,0,0
29.99000000,58.80439573,58.65638730,58.39108281,58.56842896,0,0
30.00000000,58.86187903,58.72183696,58.43585956,58.63835112,0,0
30.01000000,58.92631419,58.73941359,58.46569224,58.64037680,0,0
30.02000000,58.95214853,58.76455728,58.47708455,58.64074553,0,0
30.03000000,58.88720751,58.72168565,58.48176965,58.62921573,0,0
30.04000000,58.88023107,58.75015333,58.50937951,58.64171744,0,0
30.05000000,58.89086278,58.77966697,58.53861716,58.66475151,0,0
30.06000000,58.95945003,58.79946156,58.53017415,58.63576225,0,0
30.07000000,58.98833823,58.82300465,58.48211176,58.65822481,0,0
30.08000000,59.02821391,58.83528197,58.52577188,58.68408277,0,0
30.09000000,59.02107184,58.84705934,58.59107774,58.67321813,0,0
30.10000000,59.04567276,58.86512174,58.59467279,58.73209330,0,0
30.11000000,59.05546795,58.86788568,58.64271565,58.76483567,0,0
30.12000000,59.04800560,58.90645308,58.66599045,58.74567544,0,0
30.13000000,59.08373521,58.93162323,58.65483208,58.77853204,0,0
30.14000000,59.09611447,58.92806121,58.62747923,58.78027105,0,0
30.15000000,59.15105053,58.97060975,58.63692114,58.81218967,0,0
30.16000000,59.18198187,58.92803192,58.66074745,58.80449272,0,0
30.17000000,59.10705690,58.99199817,58.71441420,58.86091164,0,0
30.18000000,59.14738397,58.97868631,58.76629191,58.85773460,0,0
30.19000000,59.14599976,59.06346121,58.80353287,58.86568712,0,0
30.20000000,59.21333371,59.01476582,58.77460059,58.88801808,0,0
30.21000000,59.27010380,59.03542965,58.75754690,58.92143654,0,0
30.22000000,59.25312145,59.01225540,58.82120803,58.93858986,0,0
30.23000000,59.24626569,59.07202719,58.83185756,58.96493008,0,0
30.24000000,59.22901544,59.12397637,58.87950701,58.98756732,0,0
30.25000000,59.24359463,59.12403810,58.86537886,58.98393366,0,0
30.26000000,59.28149104,59.09275044,58.90034978,59.01666131,0,0
30.27000000,59.32109251,59.08194079,58.89748172,59.02376373,0,0
30.28000000,59.37301161,59.13858485,58.89399285,59.00655397,0,0
30.29000000,59.42037725,59.19726368,58.89823236,59.03462113,0,0
30.30000000,59.40860841,59.21595240,58.92979963,59.04437423,0,0
30.31000000,59.38197960,59.22440638,58.97312607,59.04296498,0,0
30.32000000,59.42987651,59.24730218,59.00458568,59.09556903,0,0
30.33000000,59.47212115,59.28051517,59.04652061,59.10593617,0,0
30.34000000,59.50428320,59.29222506,59.02345771,59.15538908,0,0
30.35000000,59.45883679,59.24127397,59.03488272,59.12948267,0,0
30.36000000,59.43990397,59.29231864,59.04299666,59.16431944,0,0
30.37000000,59.50837842,59.31787365,59.11187297,59.18944757,0,0
30.38000000,59.52023711,59.35442060,59.12740236,59.15962947,0,0
30.39000000,59.54044778,59.31728403,59.12839001,59.20054806,0,0
30.40000000,59.53142079,59.31362036,59.12458489,59.22973535,0,0
30.41000000,59.53670301,59.35112346,59.11194035,59.21559585,0,0
30.42000000,59.63929110,59.40074960,59.09321618,59.31608541,0,0
30.43000000,59.61430799,59.43206086,59.11424124,59.28535197,0,0
30.44000000,59.64736009,59.44789816,59.16358771,59.28289051,0,0
30.45000000,59.62791803,59.44146103,59.22837020,59.29903928,0,0
30.46000000,59.65991647,59.44527342,59.21742954,59.31058156,0,0
30.47000000,59.68609116,59.47669957,59.24488515,59.32511926,0,0
30.48000000,59.68173707,59.49951984,59.25705839,59.34311440,0,0
30.49000000,59.67497835,59.51331087,59.28963611,59.37827639,0,0
30.50000000,59.71320959,59.53325691,59.32602925,59.39201575,0,0
30.51000000,59.75039326,59.53741472,59.32069036,59.40275026,0,0
30.52000000,59.73663669,59.56946556,59.30483769,59.42390576,0,0
30.53000000,59.78227276,59.59546813,59.34376265,59.48549765,0,0
30.54000000,59.75597564,59.62140051,59.39386853,59.52300967,0,0
30.55000000,59.83469762,59.63912731,59.42383694,59.53429207,0,0
30.56000000,59.84146901,59.64351519,59.43795537,59.53020374,0,0
30.57000000,59.87640366,59.67674054,59.38082897,59.50726963,0,0
30.58000000,59.87123202,59.69008031,59.39333423,59.53686518,0,0
30.59000000,59.87251308,59.71111821,59.42777401,59.54043713,0,0
30.60000000,59.85864989,59.73649396,59.47785072,59.56000891,0,0
30.61000000,59.92863931,59.72062698,59.48584376,59.60541660,0,0
30.62000000,59.94311253,59.73205195,59.50781761,59.55929114,0,0
30.63000000,59.97346452,59.75021311,59.48698895,59.60096310,0,0
30.64000000,59.95780339,59.78318974,59.52520453,59.67741133,0,0
30.65000000,59.96302240,59.81391821,59.56309831,59.64899336,0,0
30.66000000,60.00906441,59.83028231,59.59478937,59.66973179,0,0
30.67000000,60.01342892,59.82132631,59.61102669,59.64632855,0,0
30.68000000,60.02628758,59.84482212,59.60919839,59.66307087,0,0
30.69000000,60.03262583,59.83760225,59.56307810,59.66487726,0,0
30.70000000,60.02544902,59.83461668,59.59194326,59.69881467,0,0
30.71000000,60.12415329,59.91567523,59.60414538,59.73425071,0,0
30.72000000,60.08621758,59.89508418,59.63146765,59.72232677,0,0
30.73000000,60.06887221,59.92409764,59.64171682,59.76321972,0,0
30.74000000,60.13107796,59.90356357,59.66934726,59.81361830,0,0
30.75000000,60.15481805,59.91078147,59.70809996,59.83065427,0,0
30.76000000,60.19161572,59.95236149,59.75649717,59.82667258,0,0
30.77000000,60.12789007,59.97057486,59.75322908,59.85015140,0,0
30.78000000,60.11736245,60.01526185,59.75048355,59.84311060,0,0
30.79000000,60.13677924,59.95835634,59.73710923,59.86672783,0,0
30.80000000,60.21264279,60.00367736,59.78101812,59.88645687,0,0
30.81000000,60.28230443,59.96406133,59.80933080,59.89404293,0,0
30.82000000,60.25824183,59.97806707,59.79561437,59.92395092,0,0
30.83000000,60.20501176,60.01281222,59.81567461,59.88203673,0,0
30.84000000,60.23985738,60.05672246,59.80732291,59.92228113,0,0
30.85000000,60.27319597,60.09144119,59.85163578,59.95401461,0,0
30.86000000,60.25018683,60.06268507,59.85155645,59.97955835,0,0
30.87000000,60.29026531,60.05222099,59.83089119,59.94763447,0,0
30.88000000,60.26595534,60.04862130,59.80927232,59.97768942,0,0
30.89000000,60.33636144,60.11830308,59.86244058,60.00326398,0,0
30.90000000,60.35359568,60.12424438,59.92385556,59.97314785,0,0
30.91000000,60.31076299,60.08283375,59.95287144,59.97875580,0,0
30.92000000,60.32379925,60.07682093,59.99416914,60.02224521,0,0
30.93000000,60.35344896,60.09799270,59.97109775,60.05730601,0,0
30.94000000,60.39725873,60.17587690,59.94752012,60.08942145,0,0
30.95000000,60.42952773,60.18918515,59.93389412,60.10446394,0,0
30.96000000,60.42053493,60.19705025,59.95500150,60.09335507,0,0
30.97000000,60.39715649,60.18622971,60.04371308,60.11008581,0,0
30.98000000,60.38931762,60.21944294,60.06177008,60.12077367,0,0
30.99000000,60.37020583,60.18482999,60.05350217,60.09650497,0,0
31.00000000,60.42549874,60.22550919,60.02166909,60.13116128,0,0
31.01000000,60.47105446,60.20889447,60.03893372,60.14787756,0,0
31.02000000,60.49048775,60.25746181,60.07006071,60.14188416,0,0
31.03000000,60.49018254,60.30155255,60.09195208,60.18143153,0,0
31.04000000,60.50439925,60.27931893,60.07890689,60.17670283,0,0
31.05000000,60.51230026,60.31163929,60.07299820,60.22462192,0,0
31.06000000,60.53521477,60.27610561,60.09310068,60.26865000,0,0
31.07000000,60.51636034,60.27812409,60.10968955,60.27259776,0,0
31.08000000,60.56600114,60.34249730,60.11891368,60.23536765,0,0
31.09000000,60.54210254,60.34238893,60.13585697,60.22240913,0,0
31.10000000,60.58075637,60.35613790,60.14674327,60.19873157,0,0
31.11000000,60.60831442,60.35648966,60.17704748,60.23847612,0,0
31.12000000,60.59919347,60.35438686,60.22605989,60.27695882,0,0
31.13000000,60.57875458,60.38569463,60.25909902,60.28239210,0,0
31.14000000,60.63220714,60.41645839,60.25346438,60.31719279,0,0
31.15000000,60.64936343,60.45973219,60.22431468,60.33094376,0,0
31.16000000,60.66278007,60.45704214,60.19350015,60.34424895,0,0
31.17000000,60.65670189,60.41902867,60.21728308,60.37097810,0,0
31.18000000,60.65698937,60.40877526,60.25642292,60.36970033,0,0
31.19000000,60.67309067,60.41909161,60.27859425,60.36422529,0,0
31.20000000,60.65543303,60.46418161,60.26464299,60.38763792,0,0
31.21000000,60.69623187,60.48187508,60.27669378,60.38172322,0,0
31.22000000,60.64952818,60.49315397,60.23770749,60.38567019,0,0
31.23000000,60.70322271,60.48761759,60.26569074,60.36895037,0,0
31.24000000,60.74827017,60.50277542,60.23803930,60.36945759,0,0
31.25000000,60.74348337,60.47134577,60.26434614,60.37170681,0,0
31.26000000,60.74403375,60.49818115,60.26472967,60.39343635,0,0
31.27000000,60.74411367,60.50093751,60.30378662,60.40781642,0,0
31.28000000,60.75120111,60.54289154,60.37733088,60.43322667,0,0
31.29000000,60.78960464,60.55943466,60.36049457,60.45022397,0,0
31.30000000,60.76704728,60.55637177,60.35663076,60.42618748,0,0
31.31000000,60.72828953,60.54085000,60.40182635,60.53418109,0,0
31.32000000,60.84970916,60.61231486,60.40849882,60.51532657,0,0
31.33000000,60.85998447,60.60267934,60.44232089,60.50571807,0,0
31.34000000,60.90454045,60.58892510,60.47642109,60.52866248,0,0
31.35000000,60.85232297,60.60151388,60.46049355,60.49187134,0,0
31.36000000,60.83364232,60.62687183,60.45441631,60.52604734,0,0
31.37000000,60.87533563,60.65072978,60.41923806,60.57872939,0,0
31.38000000,60.89251366,60.67245661,60.44886003,60.59615164,0,0
31.39000000,60.92035394,60.69869486,60.48491604,60.60848800,0,0
31.40000000,60.88838954,60.70470087,60.47931075,60.57974160,0,0
31.41000000,60.92982733,60.68698334,60.47941451,60.60874859,0,0
31.42000000,60.94729957,60.73386735,60.48292447,60.61446590,0,0
31.43000000,60.97141294,60.70477752,60.52477653,60.60589794,0,0
31.44000000,60.95269804,60.73291496,60.55870074,60.62661418,0,0
31.45000000,60.93824923,60.73201517,60.53092645,60.61901539,0,0
31.46000000,60.94019192,60.70608488,60.51126073,60.59849489,0,0
31.47000000,61.05143164,60.79343545,60.42400059,60.66545110,0,0
31.48000000,61.00951993,60.73397197,60.48558218,60.67069732,0,0
31.49000000,60.98379149,60.82771249,60.62012152,60.70621456,0,0
31.50000000,60.93586052,60.76301162,60.61017708,60.69127151,0,0
31.51000000,60.96150963,60.80023243,60.60884383,60.67570156,0,0
31.52000000,61.00400896,60.83261841,60.60797347,60.68798318,0,0
31.53000000,61.00864806,60.77382231,60.60057956,60.71499182,0,0
31.54000000,61.01286442,60.77977231,60.65155483,60.71363330,0,0
31.55000000,61.04692669,60.78203863,60.64029796,60.76230769,0,0
31.56000000,61.09690700,60.82386559,60.67443662,60.76839942,0,0
31.57000000,61.11398977,60.84905878,60.64330207,60.77483027,0,0
31.58000000,61.05978239,60.87894423,60.67174120,60.82198674,0,0
31.59000000,61.01323721,60.88183391,60.68165989,60.83688955,0,0
31.60000000,60.99675003,60.85141446,60.70879271,60.85946051,0,0
31.61000000,60.99706144,60.88333636,60.69065952,60.84374498,0,0
31.62000000,61.04600984,60.90314374,60.70442202,60.85244280,0,0
31.63000000,61.10757546,60.88456673,60.74383347,60.83979642,0,0
31.64000000,61.15366500,60.92787396,60.72509085,60.80128399,0,0
31.65000000,61.19861115,60.92577107,60.75190793,60.80283614,0,0
31.66000000,61.22496351,60.96802051,60.73059507,60.85715781,0,0
31.67000000,61.21674030,60.94317156,60.74701687,60.85214630,0,0
31.68000000,61.20214904,61.01850485,60.71201697,60.90071558,0,0
31.69000000,61.15045916,60.99167778,60.69071850,60.92352618,0,0
31.70000000,61.17196742,61.00080266,60.68161005,60.89328785,0,0
31.71000000,61.20137726,60.97544517,60.75508175,60.87722069,0,0
31.72000000,61.21961248,60.96077569,60.84472318,60.86933743,0,0
31.73000000,61.29332839,61.00997103,60.91087904,60.94656091,0,0
31.74000000,61.30410791,61.02658676,60.96068241,60.94199727,0,0
31.75000000,61.27611177,61.07726440,60.98813524,60.98636413,0,0
31.76000000,61.29405662,61.06527663,60.95480741,61.03315394,0,0
31.77000000,61.28098634,61.07655743,60.88446907,60.99692933,0,0
31.78000000,61.32762534,61.09051492,60.79567761,61.00617056,0,0
31.79000000,61.34183365,61.10131822,60.76054780,61.00259122,0,0
31.80000000,61.34437740,61.10493811,60.77460412,60.97982185,0,0
31.81000000,61.32366170,61.10131631,60.82219251,60.96879334,0,0
31.82000000,61.33414396,61.11780049,60.87523152,60.97686158,0,0
31.83000000,61.38299791,61.14005466,60.89949754,61.01474745,0,0
31.84000000,61.36284326,61.13178092,60.91413403,61.02233749,0,0
31.85000000,61.37399676,61.14943683,60.93177578,61.07006373,0,0
31.86000000,61.39949870,61.19254602,60.92035964,61.08991854,0,0
31.87000000,61.39265447,61.19813355,60.91471294,61.06540452,0,0
31.88000000,61.41958514,61.21108518,60.94924505,61.10833579,0,0
31.89000000,61.42222526,61.23593632,60.92434452,61.12806663,0,0
31.90000000,61.42740484,61.30516467,61.01137660,61.11998603,0,0
31.91000000,61.42009998,61.25908028,61.06047208,61.15451432,0,0
31.92000000,61.44279919,61.16497644,61.05164510,61.15544710,0,0
31.93000000,61.45647342,61.15091772,61.02268368,61.14064574,0,0
31.94000000,61.48043230,61.16336361,61.01470845,61.13986561,0,0
31.95000000,61.47287125,61.23293315,61.03145997,61.14478857,0,0
31.96000000,61.44124041,61.27920845,61.00409419,61.13028785,0,0
31.97000000,61.43769847,61.30062201,61.01933904,61.12081038,0,0
31.98000000,61.47942793,61.26506653,61.06159834,61.16266175,0,0
31.99000000,61.49805844,61.25869889,61.04258591,61.18066729,0,0
32.00000000,61.52582482,61.24860382,61.02670939,61.18959061,0,0
32.01000000,61.49331582,61.30399824,61.08102939,61.20609298,0,0
32.02000000,61.49334040,61.29002457,61.09626725,61.16455286,0,0
32.03000000,61.49354689,61.30809816,61.09896112,61.14317102,0,0
32.04000000,61.55404549,61.28182378,61.12687815,61.18914114,0,0
32.05000000,61.56150173,61.28554547,61.14467615,61.22863497,0,0
32.06000000,61.53114521,61.31548412,61.13486370,61.28671822,0,0
32.07000000,61.51821407,61.32495223,61.12767563,61.39296818,0,0
32.08000000,61.57106048,61.37288111,61.14394666,61.35245362,0,0
32.09000000,61.61806316,61.41044396,61.19234522,61.31471542,0,0
32.10000000,61.66068109,61.42465327,61.22749756,61.34230143,0,0
32.11000000,61.62905206,61.34840202,61.25574206,61.30963716,0,0
32.12000000,61.59965096,61.37338824,61.25630232,61.29168953,0,0
32.13000000,61.58394160,61.39883842,61.22517930,61.34938036,0,0
32.14000000,61.68037690,61.45951366,61.21774625,61.36825656,0,0
32.15000000,61.65127397,61.44338537,61.20900746,61.33076445,0,0
32.16000000,61.65249044,61.38775059,61.26713396,61.36025014,0,0
32.17000000,61.63992368,61.41259045,61.24421377,61.37335711,0,0
32.18000000,61.69860831,61.43458202,61.25331545,61.39129891,0,0
32.19000000,61.71384897,61.52849934,61.24476209,61.40375232,0,0
32.20000000,61.73309115,61.48505686,61.25929387,61.37139601,0,0
32.21000000,61.72426682,61.48171356,61.30619672,61.39910719,0,0
32.22000000,61.71809113,61.46067900,61.26556250,61.38900278,0,0
32.23000000,61.69617829,61.51531092,61.25686928,61.39833118,0,0
32.24000000,61.69971580,61.53898325,61.28215468,61.41207591,0,0
32.25000000,61.71974989,61.53218359,61.29737975,61.42440807,0,0
32.26000000,61.75802098,61.52818381,61.32362556,61.44707726,0,0
32.27000000,61.80914152,61.51688348,61.35522761,61.44155139,0,0
32.28000000,61.79812140,61.48223833,61.33677421,61.45075017,0,0
32.29000000,61.78818449,61.50682088,61.34405921,61.48463158,0,0
32.30000000,61.76870410,61.55102369,61.35209377,61.49862756,0,0
32.31000000,61.78113074,61.56929853,61.40424099,61.53092507,0,0
32.32000000,61.81351427,61.58847906,61.40976702,61.48520979,0,0
32.33000000,61.81536172,61.57453671,61.38066583,61.49197936,0,0
32.34000000,61.79986673,61.60194130,61.38476609,61.52778735,0,0
32.35000000,61.81507236,61.59917021,61.39097811,61.48360357,0,0
32.36000000,61.82800371,61.63885181,61.43541444,61.55212671,0,0
32.37000000,61.90612305,61.64634920,61.48766161,61.52303646,0,0
32.38000000,61.88059607,61.62943526,61.45419798,61.52370010,0,0
32.39000000,61.94050405,61.61767602,61.40863803,61.56695723,0,0
32.40000000,61.87034672,61.64248006,61.37894742,61.58773649,0,0
32.41000000,61.89034357,61.72549544,61.41139711,61.63620632,0,0
32.42000000,61.86444770,61.72054875,61.45912080,61.64101411,0,0
32.43000000,61.87413776,61.69678305,61.51086405,61.63157891,0,0
32.44000000,61.89525921,61.69101282,61.51353614,61.60085224,0,0
32.45000000,61.94595835,61.69416222,61.49768059,61.62636016,0,0
32.46000000,61.98303950,61.70347110,61.53868577,61.61205423,0,0
32.47000000,62.01699826,61.72799700,61.53054486,61.62018257,0,0
32.48000000,61.97449704,61.72353503,61.55043513,61.62548123,0,0
32.49000000,61.96623614,61.73851136,61.51537438,61.61483603,0,0
32.50000000,61.92932033,61.74382216,61.49231758,61.65142888,0,0
32.51000000,61.98613885,61.77347931,61.48980415,61.67077546,0,0
32.52000000,61.99901229,61.75158732,61.51358323,61.68748377,0,0
32.53000000,61.98077656,61.72365814,61.58252672,61.65462481,0,0
32.54000000,61.98807095,61.76815511,61.58857535,61.65254462,0,0
32.55000000,62.00202247,61.80052532,61.59890911,61.64842285,0,0
32.56000000,62.04801513,61.77147590,61.60287455,61.65238090,0,0
32.57000000,61.96491993,61.77702655,61.61491224,61.67496695,0,0
32.58000000,61.95653012,61.72373334,61.57974751,61.71458694,0,0
32.59000000,62.00197955,61.80347419,61.57747066,61.74720910,0,0
32.60000000,62.09665428,61.87868317,61.52398667,61.75752183,0,0
32.61000000,62.08181778,61.85474886,61.52497680,61.79588339,0,0
32.62000000,62.03595523,61.82326396,61.64323918,61.80142717,0,0
32.63000000,62.01504093,61.75626925,61.67819525,61.77259566,0,0
32.64000000,62.05555135,61.83441838,61.69382903,61.80555739,0,0
32.65000000,62.11749297,61.90419292,61.66504048,61.81934541,0,0
32.66000000,62.10934286,61.89699916,61.63257317,61.80641788,0,0
32.67000000,62.13820116,61.89991344,61.66431273,61.82220348,0,0
32.68000000,62.14863625,61.89478784,61.69239770,61.83145263,0,0
32.69000000,62.16102661,61.90832273,61.70999257,61.85138141,0,0
32.70000000,62.11353881,61.90133565,61.74854403,61.86818637,0,0
32.71000000,62.09309851,61.87786365,61.75966813,61.86990159,0,0
32.72000000,62.07311982,61.86122277,61.74766809,61.83488450,0,0
32.73000000,62.14727759,61.89432061,61.76806807,61.83122936,0,0
32.74000000,62.17012073,61.93546510,61.73528064,61.78668874,0,0
32.75000000,62.21174517,61.98018088,61.76688175,61.81422401,0,0
32.76000000,62.13981799,61.97919265,61.74749547,61.86241082,0,0
32.77000000,62.16092108,61.90423210,61.76825615,61.87918099,0,0
32.78000000,62.17548749,61.91923205,61.74353279,61.91073135,0,0
32.79000000,62.27201021,61.94009417,61.73987137,61.85352869,0,0
32.80000000,62.24942652,61.99351121,61.75538498,61.87460755,0,0
32.81000000,62.19835284,61.94211966,61.73536306,61.89726003,0,0
32.82000000,62.14092449,61.94313798,61.77701117,61.89993674,0,0
32.83000000,62.16985150,61.96428089,61.83941806,61.94818747,0,0
32.84000000,62.24546680,61.98121384,61.92098423,62.00300754,0,0
32.85000000,62.23113266,62.02023938,61.91699827,62.01931355,0,0
32.86000000,62.23453496,61.97590128,61.89807503,62.03004994,0,0
32.87000000,62.19541650,61.97671864,61.87104528,62.01188144,0,0
32.88000000,62.28646657,62.02695598,61.87177078,61.99761058,0,0
32.89000000,62.27344909,62.02655002,61.86559468,61.99798894,0,0
32.90000000,62.29491766,62.06066678,61.88770296,61.97643450,0,0
32.91000000,62.27561165,62.09543009,61.87786262,62.00523938,0,0
32.92000000,62.28191426,62.09725514,61.87242834,62.03603570,0,0
32.93000000,62.30098696,62.09846362,61.87973515,62.04789545,0,0
32.94000000,62.31447058,62.07849028,61.89781340,62.05552607,0,0
32.95000000,62.30540582,62.08046389,61.91441939,62.07294128,0,0
32.96000000,62.33940042,62.11204330,61.92925712,62.08244225,0,0
32.97000000,62.36655712,62.13564521,61.93023736,62.07222593,0,0
32.98000000,62.37185103,62.16979032,61.92612879,62.03310506,0,0
32.99000000,62.35330575,62.16977587,61.90854251,62.06012385,0,0
33.00000000,62.36864008,62.14127667,61.95571250,62.06194385,0,0
33.01000000,62.44842488,62.13452910,61.93622865,62.11393958,0,0
33.02000000,62.48252566,62.25544414,61.95052545,62.08693774,0,0
33.03000000,62.46962177,62.21749381,61.96993571,62.05510953,0,0
33.04000000,62.33256726,62.20712069,61.96764908,62.07389941,0,0
33.05000000,62.30855814,62.18587004,62.00278537,62.04616004,0,0
33.06000000,62.41896763,62.24778878,61.95474854,62.06532788,0,0
33.07000000,62.53302590,62.27961926,62.00367542,62.12690587,0,0
33.08000000,62.53483740,62.24489077,61.98833788,62.13446777,0,0
33.09000000,62.49366167,62.21847997,62.00910254,62.14812896,0,0
33.10000000,62.46109256,62.20753291,62.00020176,62.15109261,0,0
33.11000000,62.48773928,62.27132153,62.00055719,62.14982607,0,0
33.12000000,62.53157659,62.30508071,62.00160865,62.17356359,0,0
33.13000000,62.53808891,62.30442060,62.02718294,62.17130542,0,0
33.14000000,62.49122404,62.28705822,62.02312013,62.14972823,0,0
33.15000000,62.47338046,62.29881216,62.02091295,62.17768894,0,0
33.16000000,62.53721167,62.32614820,62.04120080,62.19814428,0,0
33.17000000,62.54176473,62.30101231,62.10584464,62.17203852,0,0
33.18000000,62.53662597,62.33372353,62.16961632,62.18981940,0,0
33.19000000,62.56397239,62.29322371,62.15761753,62.23327605,0,0
33.20000000,62.58285269,62.34280335,62.08683350,62.21508536,0,0
33.21000000,62.60200455,62.37891613,62.03645387,62.23185425,0,0
33.22000000,62.61790347,62.39491955,62.10164889,62.29412281,0,0
33.23000000,62.60873526,62.37187177,62.11057922,62.31725715,0,0
33.24000000,62.54891678,62.32308450,62.17335025,62.31875531,0,0
33.25000000,62.56116909,62.35199361,62.15483204,62.32058339,0,0
33.26000000,62.58284764,62.36077463,62.12692893,62.25837205,0,0
33.27000000,62.63633684,62.34653578,62.15679188,62.29790070,0,0
33.28000000,62.61092476,62.36326307,62.16472715,62.24046612,0,0
33.29000000,62.60398804,62.34140627,62.19014967,62.30465533,0,0
33.30000000,62.62613604,62.39835033,62.22725586,62.31386338,0,0
33.31000000,62.66287212,62.42722101,62.25929490,62.36339910,0,0
33.32000000,62.68215194,62.44470807,62.26207360,62.40195603,0,0
33.33000000,62.63015572,62.41184881,62.24221155,62.38406509,0,0
33.34000000,62.62083215,62.38823708,62.26648237,62.39237953,0,0
33.35000000,62.62485454,62.42322334,62.27277002,62.39811113,0,0
33.36000000,62.68831156,62.45482128,62.27969030,62.38190010,0,0
33.37000000,62.70579606,62.43499252,62.27684202,62.38364497,0,0
33.38000000,62.71552942,62.41308900,62.31349135,62.40538263,0,0
33.39000000,62.71088697,62.40873934,62.33391590,62.44037766,0,0
33.40000000,62.70721904,62.44407247,62.31878687,62.43441123,0,0
33.41000000,62.69825825,62.50639720,62.32858682,62.46173491,0,0
33.42000000,62.72973965,62.50692159,62.30133136,62.50128618,0,0
33.43000000,62.73810139,62.50690290,62.32584477,62.47007828,0,0
33.44000000,62.73265556,62.47357008,62.32711081,62.48408956,0,0
33.45000000,62.72912248,62.44589770,62.34561840,62.44891215,0,0
33.46000000,62.73304476,62.55425344,62.36754878,62.43459626,0,0
33.47000000,62.75056833,62.54156600,62.38056635,62.44335218,0,0
33.48000000,62.77260836,62.57875719,62.35638014,62.43718250,0,0
33.49000000,62.75595066,62.53991384,62.37068582,62.45322091,0,0
33.50000000,62.78575686,62.51757812,62.29958907,62.47367202,0,0
33.51000000,62.81057360,62.56493872,62.29704681,62.48895746,0,0
33.52000000,62.78016220,62.57140588,62.31630986,62.48481157,0,0
33.53000000,62.78984799,62.58013991,62.35254585,62.48437949,0,0
33.54000000,62.78989332,62.53547506,62.37991330,62.49623136,0,0
33.55000000,62.80245688,62.55125543,62.39464032,62.48049591,0,0
33.56000000,62.80000033,62.60601257,62.38388875,62.50616338,0,0
33.57000000,62.79575814,62.66959547,62.40027740,62.52270480,0,0
33.58000000,62.83451369,62.66042180,62.42502413,62.52491926,0,0
33.59000000,62.88067401,62.61770993,62.45839701,62.54944229,0,0
33.60000000,62.90381095,62.61474916,62.44979761,62.54787603,0,0
33.61000000,62.91307314,62.60225183,62.45442838,62.56492947,0,0
33.62000000,62.85421038,62.63900748,62.45231764,62.59257085,0,0
33.63000000,62.87027383,62.67907374,62.43261435,62.61937242,0,0
33.64000000,62.86610007,62.71705337,62.45638986,62.59561982,0,0
33.65000000,62.85536703,62.69777094,62.50211008,62.58861583,0,0
33.66000000,62.91644711,62.67816910,62.47545850,62.62538244,0,0
33.67000000,62.91116116,62.66377254,62.46635919,62.60408181,0,0
33.68000000,62.86922830,62.72704971,62.44542687,62.64623048,0,0
33.69000000,62.93598330,62.69700739,62.48753198,62.60510693,0,0
33.70000000,62.93892878,62.69405481,62.51697630,62.61771314,0,0
33.71000000,62.96540394,62.66097483,62.50579931,62.54288617,0,0
33.72000000,62.95619082,62.70154430,62.45868019,62.58187811,0,0
33.73000000,62.91725772,62.74181916,62.39270478,62.67471265,0,0
33.74000000,62.92145572,62.71956774,62.46049861,62.67616043,0,0
33.75000000,62.90185189,62.68848232,62.52071024,62.64816822,0,0
33.76000000,62.95148944,62.70048952,62.56076034,62.63503526,0,0
33.77000000,62.96194954,62.71711255,62.58120738,62.65010431,0,0
33.78000000,62.96378408,62.76298298,62.54383921,62.63418362,0,0
33.79000000,62.97577792,62.76983432,62.54597361,62.66758715,0,0
33.80000000,62.96381701,62.73538381,62.59104574,62.68559344,0,0
33.81000000,63.00330856,62.72990890,62.62317444,62.69741449,0,0
33.82000000,63.02676136,62.72157526,62.64375782,62.72687998,0,0
33.83000000,63.02015476,62.77014647,62.61966066,62.74888734,0,0
33.84000000,63.01641756,62.77191592,62.55770865,62.77405091,0,0
33.85000000,62.98812909,62.78437254,62.59085954,62.76513885,0,0
33.86000000,63.03036691,62.78140253,62.65321675,62.74960701,0,0
33.87000000,63.05315635,62.79317653,62.66374141,62.79074861,0,0
33.88000000,63.08259054,62.82174956,62.67858328,62.75632602,0,0
33.89000000,63.06459091,62.84004324,62.59951114,62.74959364,0,0
33.90000000,63.09801724,62.86479915,62.64773081,62.79502442,0,0
33.91000000,63.11592302,62.89261844,62.67639814,62.73960241,0,0
33.92000000,63.12965638,62.85509924,62.68372676,62.78989261,0,0
33.93000000,63.11547842,62.87946415,62.67104932,62.78592124,0,0
33.94000000,63.11800196,62.84143463,62.67859340,62.79092855,0,0
33.95000000,63.09218171,62.93511486,62.67027690,62.82579471,0,0
33.96000000,63.14993025,62.95915937,62.66172288,62.80728403,0,0
33.97000000,63.15158362,62.90028584,62.66079762,62.78449128,0,0
33.98000000,63.16091211,62.88981782,62.67253524,62.79480959,0,0
33.99000000,63.15114103,62.86908227,62.65913731,62.79309402,0,0
34.00000000,63.16870357,62.89530762,62.66284417,62.79542314,0,0
34.01000000,63.17308428,62.93391561,62.70205576,62.79522625,0,0
34.02000000,63.20171002,62.94215974,62.71068030,62.78498117,0,0
34.03000000,63.19353123,62.92873002,62.69442315,62.80381592,0,0
34.04000000,63.16458191,62.90359270,62.71286852,62.81409196,0,0
34.05000000,63.14264866,62.88577368,62.72849283,62.85013278,0,0
34.06000000,63.12905590,62.93289054,62.76137465,62.85549958,0,0
34.07000000,63.12732955,62.93610472,62.76506869,62.86493464,0,0
34.08000000,63.14163845,62.91862024,62.76325931,62.85372064,0,0
34.09000000,63.15932514,62.88379931,62.74802146,62.82355540,0,0
34.10000000,63.18280991,62.87311459,62.74181492,62.84046927,0,0
34.11000000,63.20833985,62.93935093,62.74794977,62.89388072,0,0
34.12000000,63.17413584,62.96626759,62.78605514,62.94727998,0,0
34.13000000,63.19199403,62.96587593,62.77836610,62.93174322,0,0
34.14000000,63.17750348,62.89691970,62.76368340,62.96451574,0,0
34.15000000,63.17594623,62.93056206,62.78784249,62.94504418,0,0
34.16000000,63.19258793,62.98081651,62.78479758,62.90755187,0,0
34.17000000,63.19737585,62.97996417,62.81314226,62.97313831,0,0
34.18000000,63.19526163,62.96961238,62.83789598,62.92775459,0,0
34.19000000,63.22311955,62.92764356,62.86639603,62.92227464,0,0
34.20000000,63.22914132,62.94132638,62.88541224,62.96125385,0,0
34.21000000,63.23427341,62.95834372,62.90386066,62.96876321,0,0
34.22000000,63.22022297,62.98934443,62.87682555,62.96414263,0,0
34.23000000,63.20890207,62.99940623,62.85704330,62.99729747,0,0
34.24000000,63.22724980,62.98957587,62.86518915,62.99030813,0,0
34.25000000,63.23256983,63.02304069,62.88460564,62.95167754,0,0
34.26000000,63.23156961,63.01675651,62.87018676,62.98239751,0,0
34.27000000,63.23615101,62.99804576,62.85068029,62.98065421,0,0
34.28000000,63.25847524,63.02646751,62.82311628,62.96688882,0,0
34.29000000,63.25017835,62.98591059,62.82868648,62.97234745,0,0
34.30000000,63.30566365,63.00985732,62.84978008,62.95471337,0,0
34.31000000,63.32136721,62.99616530,62.84216178,62.97461840,0,0
34.32000000,63.27381895,63.05208066,62.86031377,63.01495100,0,0
34.33000000,63.30479155,63.06713211,62.85773584,63.05458787,0,0
34.34000000,63.21484536,63.00165755,62.88751438,63.03406155,0,0
34.35000000,63.29284896,63.01620121,62.90911476,63.02461755,0,0
34.36000000,63.26501704,62.97612040,62.92177691,63.01709572,0,0
34.37000000,63.35607524,63.05498332,62.93808123,63.01263410,0,0
34.38000000,63.36762530,63.04028794,62.92474237,62.97845720,0,0
34.39000000,63.32689499,63.11302164,62.92645254,63.01750373,0,0
34.40000000,63.30016029,63.05427171,62.94219879,63.02053269,0,0
34.41000000,63.33646413,63.04431829,62.92614075,63.02031318,0,0
34.42000000,63.37572280,63.08785325,62.90109119,63.03828725,0,0
34.43000000,63.36992905,63.12175037,62.88275247,63.07033214,0,0
34.44000000,63.33774642,63.12644725,62.87218811,63.03876757,0,0
34.45000000,63.33124962,63.12567053,62.89666303,63.03795920,0,0
34.46000000,63.36247372,63.12063571,62.93842556,63.05136550,0,0
34.47000000,63.38630779,63.13571726,62.94397362,63.02922960,0,0
34.48000000,63.37762029,63.15700298,62.90152700,63.06588222,0,0
34.49000000,63.32662544,63.12895324,62.91960387,63.06543615,0,0
34.50000000,63.40474725,63.10597010,62.89799510,63.05674487,0,0
34.51000000,63.38947418,63.10658065,62.90924139,63.03666949,0,0
34.52000000,63.42338246,63.08587505,62.92417983,63.03235884,0,0
34.53000000,63.37583902,63.15530307,62.95445379,63.08164777,0,0
34.54000000,63.38459791,63.13700790,62.96061815,63.04879996,0,0
34.55000000,63.33457826,63.21263473,62.96671759,63.04417993,0,0
34.56000000,63.40873606,63.18915196,62.94749901,63.09254441,0,0
34.57000000,63.38354482,63.10907552,62.98317379,63.02341895,0,0
34.58000000,63.39719767,63.09407214,62.95482545,63.04845396,0,0
34.59000000,63.37319618,63.10964638,62.96075879,63.05316027,0,0
34.60000000,63.40002821,63.15559970,62.96661131,63.06782759,0,0
34.61000000,63.39824865,63.14670373,62.99303417,63.10282348,0,0
34.62000000,63.36605755,63.11689171,62.99073722,63.09428306,0,0
34.63000000,63.37387096,63.12980746,62.99767040,63.13096721,0,0
34.64000000,63.36193832,63.14351758,62.95058243,63.19152150,0,0
34.65000000,63.40405989,63.17713811,62.98948357,63.17834140,0,0
34.66000000,63.39552221,63.17530078,63.02757481,63.16680353,0,0
34.67000000,63.40822349,63.15375185,63.04922760,63.14997155,0,0
34.68000000,63.43702605,63.13880869,63.01620643,63.15095042,0,0
34.69000000,63.44733876,63.18366150,63.01239660,63.15023615,0,0
34.70000000,63.44153822,63.20692889,63.00783390,63.14741638,0,0
34.71000000,63.44066642,63.21639499,63.04214323,63.19284981,0,0
34.72000000,63.44876270,63.18490016,63.08081335,63.21493363,0,0
34.73000000,63.46478450,63.16959643,63.05286360,63.19307823,0,0
34.74000000,63.44398737,63.18297894,63.03606319,63.17821554,0,0
34.75000000,63.45881649,63.18775994,63.06556628,63.19268576,0,0
34.76000000,63.43598215,63.21933476,63.06966157,63.18715852,0,0
34.77000000,63.44368155,63.19530680,63.06438697,63.12220144,0,0
34.78000000,63.45627925,63.23401109,63.01218216,63.11923406,0,0
34.79000000,63.39297123,63.17091192,63.00453315,63.11784240,0,0
34.80000000,63.45385408,63.21889885,62.99516435,63.14576946,0,0
34.81000000,63.42618951,63.18915602,63.03468113,63.16068302,0,0
34.82000000,63.53833396,63.26207878,63.05495616,63.19172239,0,0
34.83000000,63.47238468,63.20663583,63.03986411,63.17756474,0,0
34.84000000,63.49248297,63.21314371,63.05530206,63.19001279,0,0
34.85000000,63.44958060,63.18070860,63.04883820,63.19134024,0,0
34.86000000,63.44030596,63.22622687,63.06054023,63.19156330,0,0
34.87000000,63.44353342,63.22543136,63.07123138,63.22308126,0,0
34.88000000,63.49271426,63.24185718,63.08093462,63.23922795,0,0
34.89000000,63.50996681,63.23522509,63.07950687,63.23165103,0,0
34.90000000,63.52705093,63.21836958,63.09037470,63.24895599,0,0
34.91000000,63.51673041,63.21698210,63.12446627,63.22330317,0,0
34.92000000,63.48611248,63.22956472,63.15469639,63.24430660,0,0
34.93000000,63.49675773,63.26325523,63.12379692,63.24770011,0,0
34.94000000,63.49178922,63.30894256,63.12105111,63.21892557,0,0
34.95000000,63.48512170,63.28915427,63.08741098,63.27853945,0,0
34.96000000,63.55816552,63.33483400,63.11552703,63.21986215,0,0
34.97000000,63.54675017,63.29836044,63.07434618,63.25840489,0,0
34.98000000,63.59285284,63.26754972,63.11804095,63.24445630,0,0
34.99000000,63.51451780,63.31057974,63.09217808,63.24019622,0,0
35.00000000,63.54472912,63.29242293,63.15358643,63.25997765,0,0
35.01000000,63.56850261,63.30745389,63.14133922,63.25987672,0,0
35.02000000,63.57584601,63.34279132,63.07642601,63.26060190,0,0
35.03000000,63.59589982,63.29929224,63.09245411,63.27588979,0,0
35.04000000,63.54917429,63.29562631,63.10991161,63.25367076,0,0
35.05000000,63.54721736,63.29663581,63.15328390,63.28912547,0,0
35.06000000,63.54604239,63.33476257,63.14992729,63.22629554,0,0
35.07000000,63.56685010,63.32682076,63.15218641,63.22572532,0,0
35.08000000,63.57418856,63.31359523,63.13533779,63.20678572,0,0
35.09000000,63.58594679,63.29983769,63.12236745,63.23467406,0,0
35.10000000,63.55518785,63.32161300,63.11647624,63.26149960,0,0
35.11000000,63.54558527,63.34739461,63.13868497,63.26883062,0,0
35.12000000,63.57171583,63.33967017,63.17425662,63.28271600,0,0
35.13000000,63.59881167,63.31671712,63.16938135,63.30058670,0,0
35.14000000,63.62092381,63.33550348,63.18068697,63.29277576,0,0
35.15000000,63.56203213,63.39641327,63.15045305,63.31896049,0,0
35.16000000,63.60193860,63.38864650,63.17944231,63.35989313,0,0
35.17000000,63.56942319,63.40115341,63.18869866,63.34789141,0,0
35.18000000,63.68704004,63.31751931,63.18618836,63.35067867,0,0
35.19000000,63.63185117,63.31777949,63.19931645,63.33315961,0,0
35.20000000,63.67099102,63.36737639,63.20459468,63.34131633,0,0
35.21000000,63.57101823,63.38617026,63.21811183,63.33871340,0,0
35.22000000,63.59070089,63.38629592,63.26029359,63.36758631,0,0
35.23000000,63.64962691,63.42104259,63.21818685,63.35306572,0,0
35.24000000,63.66702258,63.34730788,63.25505517,63.35174867,0,0
35.25000000,63.56892389,63.41963110,63.24260774,63.35010741,0,0
35.26000000,63.64342675,63.40688183,63.17267780,63.33512322,0,0
35.27000000,63.63607455,63.44050943,63.17213854,63.31437609,0,0
35.28000000,63.76349931,63.39722127,63.17426716,63.31329969,0,0
35.29000000,63.70780771,63.35171486,63.20738786,63.29253714,0,0
35.30000000,63.68182204,63.38885186,63.20814957,63.34272831,0,0
35.31000000,63.66321630,63.41738334,63.21639943,63.37100226,0,0
35.32000000,63.64960216,63.42467760,63.22132413,63.41381806,0,0
35.33000000,63.66704025,63.39610309,63.24497860,63.40800498,0,0
35.34000000,63.61895449,63.35934554,63.28829519,63.35791979,0,0
35.35000000,63.65645094,63.33586816,63.29208039,63.35966895,0,0
35.36000000,63.65681231,63.39888450,63.31240278,63.38154998,0,0
35.37000000,63.67629183,63.43492419,63.28526919,63.36762519,0,0
35.38000000,63.71839566,63.47250071,63.28209467,63.35114696,0,0
35.39000000,63.68417215,63.42595731,63.29699016,63.39866794,0,0
35.40000000,63.71942830,63.40807355,63.30382257,63.36727520,0,0
35.41000000,63.68389223,63.40883082,63.17455912,63.40794373,0,0
35.42000000,63.69462981,63.38684582,63.24137408,63.41162219,0,0
35.43000000,63.65041254,63.40746725,63.27769893,63.44545209,0,0
35.44000000,63.62466933,63.40426222,63.28776959,63.42365324,0,0
35.45000000,63.63094093,63.45835573,63.34170631,63.45393302,0,0
35.46000000,63.71512355,63.47494172,63.36005453,63.45240260,0,0
35.47000000,63.71674948,63.45802742,63.35355892,63.51265881,0,0
35.48000000,63.71035906,63.46388479,63.34054630,63.45990702,0,0
35.49000000,63.68551383,63.43209299,63.32447716,63.49191778,0,0
35.50000000,63.70804700,63.43831295,63.28777172,63.47320490,0,0
35.51000000,63.75045229,63.42866899,63.30980205,63.44354318,0,0
35.52000000,63.77622223,63.47266266,63.30079646,63.43459106,0,0
35.53000000,63.78040296,63.47653034,63.31172556,63.43118179,0,0
35.54000000,63.73169499,63.46891309,63.32092135,63.42089415,0,0
35.55000000,63.71211487,63.49376062,63.32555184,63.43609055,0,0
35.56000000,63.72799219,63.48689869,63.36454394,63.44415399,0,0
35.57000000,63.75063176,63.48602839,63.36520335,63.45248413,0,0
35.58000000,63.79877152,63.52498120,63.33580154,63.42928725,0,0
35.59000000,63.81972247,63.46368414,63.33047998,63.39305264,0,0
35.60000000,63.75957627,63.48072303,63.30691697,63.38243927,0,0
35.61000000,63.72860268,63.46615965,63.39162655,63.41870036,0,0
35.62000000,63.77688337,63.50858781,63.39100740,63.47890804,0,0
35.63000000,63.85698386,63.54760987,63.36933883,63.48822602,0,0
35.64000000,63.81383461,63.54522678,63.32944963,63.53766567,0,0
35.65000000,63.77700315,63.47463387,63.31156766,63.46114719,0,0
35.66000000,63.71635474,63.49909764,63.29497512,63.49474052,0,0
35.67000000,63.76254717,63.56784880,63.31690425,63.45517688,0,0
35.68000000,63.80359679,63.53903904,63.36058933,63.46145608,0,0
35.69000000,63.81847912,63.52890742,63.35963153,63.48770091,0,0
35.70000000,63.75695561,63.44852399,63.35205229,63.44434577,0,0
35.71000000,63.77282435,63.50684242,63.34253572,63.52017529,0,0
35.72000000,63.77775612,63.57047709,63.33106527,63.50933771,0,0
35.73000000,63.77393142,63.58836351,63.36354028,63.51029427,0,0
35.74000000,63.74748346,63.56136258,63.40243257,63.52531774,0,0
35.75000000,63.75563397,63.52458838,63.39246094,63.51263745,0,0
35.76000000,63.82009338,63.51539590,63.34642416,63.49313581,0,0
35.77000000,63.82792874,63.55820345,63.33966778,63.48499430,0,0
35.78000000,63.82066393,63.56000902,63.36326721,63.48623755,0,0
35.79000000,63.76989429,63.53199608,63.42426893,63.45885007,0,0
35.80000000,63.77720467,63.50191324,63.43882098,63.47692503,0,0
35.81000000,63.79660825,63.51783490,63.43922354,63.49454741,0,0
35.82000000,63.78274805,63.57419339,63.43426556,63.53055699,0,0
35.83000000,63.80756198,63.57840402,63.40353045,63.55644545,0,0
35.84000000,63.81451160,63.54158460,63.42702512,63.51369976,0,0
35.85000000,63.81659957,63.52282349,63.45265974,63.51704318,0,0
35.86000000,63.84049256,63.48701711,63.45137028,63.48307869,0,0
35.87000000,63.84496993,63.56256030,63.46017998,63.47652491,0,0
35.88000000,63.85721704,63.56555427,63.40013428,63.54506146,0,0
35.89000000,63.84107598,63.58053067,63.39842533,63.54281882,0,0
35.90000000,63.83433739,63.55151196,63.40963479,63.56997575,0,0
35.91000000,63.83046064,63.53154715,63.44603860,63.58422988,0,0
35.92000000,63.85307271,63.55469150,63.45336148,63.58498406,0,0
35.93000000,63.81863662,63.57859438,63.42563673,63.58597241,0,0
35.94000000,63.81556418,63.62477179,63.44491201,63.57638318,0,0
35.95000000,63.85975745,63.59135642,63.48828697,63.57186715,0,0
35.96000000,63.88255382,63.56888829,63.48018591,63.54457597,0,0
35.97000000,63.93592762,63.56864948,63.43295742,63.56990436,0,0
35.98000000,63.91021168,63.61382166,63.36516898,63.58967691,0,0
35.99000000,63.86648027,63.62228819,63.37210239,63.57274183,0,0
36.00000000,63.82520616,63.65032871,63.42602527,63.56525206,0,0
36.01000000,63.87416658,63.63470312,63.44117603,63.53737116,0,0
36.02000000,63.92010552,63.64528390,63.44045930,63.55653795,0,0
36.03000000,63.95379394,63.57200776,63.45827785,63.57019549,0,0
36.04000000,63.90868732,63.62154023,63.47622079,63.58214972,0,0
36.05000000,63.89952660,63.67984019,63.51796648,63.57876068,0,0
36.06000000,63.86500694,63.64338889,63.51890536,63.57503291,0,0
36.07000000,63.86746714,63.64856161,63.52117982,63.56143328,0,0
36.08000000,63.92083153,63.59636948,63.46894106,63.59433765,0,0
36.09000000,63.97871445,63.63433731,63.41326233,63.61491800,0,0
36.10000000,63.94041202,63.64722609,63.42475909,63.62535833,0,0
36.11000000,63.94173992,63.67185992,63.46781958,63.62711162,0,0
36.12000000,63.89597018,63.69477747,63.52078249,63.59106083,0,0
36.13000000,63.90178088,63.66438814,63.53594703,63.61709364,0,0
36.14000000,63.91346317,63.69208022,63.51800847,63.61110253,0,0
36.15000000,63.93720620,63.66343545,63.47378780,63.62027399,0,0
36.16000000,63.92155692,63.67288552,63.47534598,63.63073790,0,0
36.17000000,63.95678381,63.66126810,63.47056484,63.63740212,0,0
36.18000000,63.96103625,63.64984559,63.48508467,63.65080387,0,0
36.19000000,63.97477590,63.67612762,63.53489773,63.62784790,0,0
36.20000000,63.96218395,63.68596172,63.61436152,63.68511616,0,0
36.21000000,63.96080852,63.70341918,63.58335171,63.71429415,0,0
36.22000000,63.93545092,63.71039277,63.56468939,63.70443223,0,0
36.23000000,63.90522674,63.68060650,63.54041931,63.68620013,0,0
36.24000000,63.92601514,63.71071953,63.55365768,63.65041978,0,0
36.25000000,63.97774463,63.71888234,63.57204273,63.66233404,0,0
36.26000000,63.96718849,63.71986910,63.54049288,63.63198433,0,0
36.27000000,63.98817404,63.73189311,63.52428613,63.63595619,0,0
36.28000000,63.94817876,63.70110828,63.51932896,63.64947219,0,0
36.29000000,63.97087159,63.69898803,63.51703841,63.64157299,0,0
36.30000000,63.98911718,63.70626765,63.52017535,63.69436615,0,0
36.31000000,64.02225455,63.75077031,63.51579760,63.68126219,0,0
36.32000000,63.96054113,63.73692979,63.51881106,63.71527487,0,0
36.33000000,63.89683910,63.71131756,63.56202869,63.71246427,0,0
36.34000000,63.93559773,63.71793693,63.58179273,63.70261778,0,0
36.35000000,63.97890074,63.75473340,63.61084427,63.75422978,0,0
36.36000000,64.02659736,63.75328139,63.64855968,63.71932208,0,0
36.37000000,64.04539756,63.74760627,63.56718465,63.71064295,0,0
36.38000000,64.00503716,63.74183564,63.53515024,63.69401843,0,0
36.39000000,63.97849677,63.75319613,63.53814956,63.67767968,0,0
36.40000000,64.00257902,63.72940520,63.58000256,63.69885107,0,0
36.41000000,63.99161708,63.72782337,63.62156544,63.72375619,0,0
36.42000000,63.99575839,63.73826173,63.63214069,63.73310241,0,0
36.43000000,63.98638543,63.75239480,63.60750497,63.74414361,0,0
36.44000000,64.01056051,63.78147669,63.59635007,63.74191510,0,0
36.45000000,64.00854086,63.76272177,63.61918259,63.72097736,0,0
36.46000000,64.01897291,63.73234699,63.64431913,63.73746114,0,0
36.47000000,64.03632854,63.73218091,63.64217256,63.72934781,0,0
36.48000000,64.05708446,63.71596983,63.60419111,63.74126964,0,0
36.49000000,64.04702775,63.78932281,63.55615813,63.74634503,0,0
36.50000000,64.03764977,63.78391964,63.58092438,63.73411453,0,0
36.51000000,63.99949324,63.74350528,63.57462965,63.75308373,0,0
36.52000000,64.00403196,63.76962767,63.59664143,63.74787254,0,0
36.53000000,64.00572293,63.73420977,63.62001049,63.75157564,0,0
36.54000000,64.05950490,63.79547910,63.62779485,63.74117121,0,0
36.55000000,64.04641657,63.77960254,63.66738578,63.74058647,0,0
36.56000000,63.99060310,63.78121060,63.63799799,63.73394324,0,0
36.57000000,64.02153215,63.75816347,63.59711116,63.68983415,0,0
36.58000000,64.08370679,63.75112658,63.61026712,63.76249115,0,0
36.59000000,64.10644892,63.78341759,63.64150874,63.77938450,0,0
36.60000000,64.06867678,63.77958881,63.65035676,63.80245289,0,0
36.61000000,64.03695949,63.83370535,63.65387556,63.80064781,0,0
36.62000000,64.06060685,63.80429191,63.63450098,63.80053196,0,0
36.63000000,64.06993132,63.79241056,63.64554099,63.79565278,0,0
36.64000000,64.07799717,63.79028276,63.70120633,63.79319068,0,0
36.65000000,64.10328412,63.81046842,63.70526921,63.80825025,0,0
36.66000000,64.06962238,63.85032806,63.69950390,63.80753039,0,0
36.67000000,64.03538246,63.86232504,63.67732349,63.75589909,0,0
36.68000000,64.07416366,63.84799586,63.67131921,63.77105518,0,0
36.69000000,64.12693238,63.82076838,63.70310737,63.77875968,0,0
36.70000000,64.16412961,63.81834970,63.73130843,63.79237041,0,0
36.71000000,64.17119087,63.87648461,63.69374942,63.84226702,0,0
36.72000000,64.11850377,63.85629943,63.63195053,63.84391143,0,0
36.73000000,64.09036361,63.89855593,63.66726013,63.82816439,0,0
36.74000000,64.08467036,63.79287058,63.69165302,63.77167497,0,0
36.75000000,64.12884525,63.87529516,63.72616814,63.80390839,0,0
36.76000000,64.13732886,63.83850417,63.70214288,63.82618874,0,0
36.77000000,64.14629412,63.87511435,63.64929705,63.83141159,0,0
36.78000000,64.12484560,63.83750334,63.69662494,63.82596752,0,0
36.79000000,64.24174826,63.86775173,63.73019918,63.81729153,0,0
36.80000000,64.20665109,63.83262724,63.77983705,63.80172615,0,0
36.81000000,64.20327930,63.90164448,63.78286929,63.79659676,0,0
36.82000000,64.11881113,63.90022941,63.70609370,63.81387450,0,0
36.83000000,64.05047222,63.93170974,63.68301683,63.81188041,0,0
36.84000000,64.07015788,63.92348462,63.71361586,63.80494720,0,0
36.85000000,64.10380750,63.88229303,63.71598418,63.79848365,0,0
36.86000000,64.16257084,63.85765316,63.72750506,63.82188261,0,0
36.87000000,64.22636251,63.85493240,63.70870201,63.85595369,0,0
36.88000000,64.17653101,63.88785574,63.70410233,63.87531469,0,0
36.89000000,64.12834204,63.89527982,63.71253591,63.86846699,0,0
36.90000000,64.07906291,63.89513322,63.73895577,63.91091530,0,0
36.91000000,64.10054067,63.89356802,63.72296347,63.94535239,0,0
36.92000000,64.12436455,63.88362923,63.67043382,63.93698914,0,0
36.93000000,64.12662855,63.91955793,63.65540276,63.93398978,0,0
36.94000000,64.14690777,63.91990441,63.66544900,63.87474431,0,0
36.95000000,64.17327073,63.88265739,63.81934449,63.87039217,0,0
36.96000000,64.17430297,63.91838094,63.81968663,63.82466044,0,0
36.97000000,64.16154073,63.83844719,63.81857806,63.86244921,0,0
36.98000000,64.08023173,63.92230095,63.81576155,63.89878961,0,0
36.99000000,64.12768570,63.87752644,63.76105335,63.90692239,0,0
37.00000000,64.13821600,63.94344851,63.77164043,63.94216318,0,0
37.01000000,64.20384231,63.93311677,63.77569374,63.94879106,0,0
37.02000000,64.12900764,63.88459063,63.80471700,63.90661752,0,0
37.03000000,64.18496892,63.88444626,63.85940600,63.93135639,0,0
37.04000000,64.17169853,63.92347822,63.88030389,63.95231037,0,0
37.05000000,64.21828206,64.00592649,63.85003917,63.93592516,0,0
37.06000000,64.18054299,64.02240764,63.78928047,63.89399074,0,0
37.07000000,64.19163584,63.96032514,63.75387154,63.90708845,0,0
37.08000000,64.21210822,63.88788326,63.74842422,63.92557230,0,0
37.09000000,64.23020722,63.85695593,63.75783800,63.95317941,0,0
37.10000000,64.22499133,63.91817634,63.78007600,63.95570024,0,0
37.11000000,64.19101151,64.00642503,63.79613558,63.93405910,0,0
37.12000000,64.19473983,64.04897998,63.79170274,63.92131087,0,0
37.13000000,64.22093128,64.05701316,63.77173124,63.87945313,0,0
37.14000000,64.25876080,63.97614695,63.78291237,63.92784944,0,0
37.15000000,64.25588101,63.91400963,63.79940905,63.95718687,0,0
37.16000000,64.24794982,63.96757828,63.79486486,63.93943508,0,0
37.17000000,64.23367464,64.01586687,63.75926019,63.92578988,0,0
37.18000000,64.26860007,64.09881779,63.75440255,63.91154217,0,0
37.19000000,64.27250160,63.98808088,63.83045577,63.86439822,0,0
37.20000000,64.25416187,63.95125859,63.79586740,63.93002492,0,0
37.21000000,64.27180071,63.92054080,63.82780328,64.00833952,0,0
37.22000000,64.23105738,63.96472243,63.78971730,64.04339134,0,0
37.23000000,64.24747024,63.99170645,63.86019942,64.01077830,0,0
37.24000000,64.20175798,64.00080595,63.82186027,63.97998436,0,0
37.25000000,64.20643795,63.98328917,63.81089435,63.86815919,0,0
37.26000000,64.25029791,63.97374210,63.79138236,63.87702326,0,0
37.27000000,64.29111547,63.98756924,63.78589108,63.90812449,0,0
37.28000000,64.26403896,63.97733038,63.77945691,63.92380226,0,0
37.29000000,64.26066503,63.95533200,63.83650993,63.96794449,0,0
37.30000000,64.24877928,63.94079919,63.81623899,63.93650278,0,0
37.31000000,64.22004327,63.94162117,63.82373027,63.94788462,0,0
37.32000000,64.23963799,63.96567563,63.81315824,63.97949262,0,0
37.33000000,64.20975225,63.95286753,63.80378716,63.97954547,0,0
37.34000000,64.23433114,63.95334686,63.84836779,64.00849235,0,0
37.35000000,64.25813309,63.98222503,63.86985127,64.00818688,0,0
37.36000000,64.28299312,64.05213036,63.89182476,64.00519605,0,0
37.37000000,64.28472349,64.02212427,63.90645795,64.00895629,0,0
37.38000000,64.27796252,64.00449927,63.90133315,63.99724974,0,0
37.39000000,64.26875477,63.96069813,63.90066864,63.95919879,0,0
37.40000000,64.23657839,63.99963385,63.87274561,63.99987766,0,0
37.41000000,64.21921690,64.03738674,63.81113138,63.96084078,0,0
37.42000000,64.23239749,64.05900848,63.84778677,63.98165346,0,0
37.43000000,64.27113152,63.98524576,63.84603268,63.99229068,0,0
37.44000000,64.28643556,64.00581334,63.84628481,64.02783697,0,0
37.45000000,64.27360089,64.00974983,63.88254497,64.05349704,0,0
37.46000000,64.31110022,64.04318967,63.85461599,64.02998007,0,0
37.47000000,64.30775837,64.04931949,63.84875986,64.04147519,0,0
37.48000000,64.31825968,64.00513411,63.82617647,63.97507660,0,0
37.49000000,64.32912735,64.01155806,63.83661239,63.95746588,0,0
37.50000000,64.28954312,64.04334404,63.85579486,63.96895933,0,0
37.51000000,64.23509226,64.08366397,63.88180975,63.97631608,0,0
37.52000000,64.22060842,64.08183645,63.86855893,63.98034194,0,0
37.53000000,64.25000977,64.04487572,63.89647746,63.97234316,0,0
37.54000000,64.34325302,64.03396946,63.94426148,63.99036165,0,0
37.55000000,64.36360511,64.02834094,63.90770452,63.99875546,0,0
37.56000000,64.33812983,64.01750426,63.88356977,64.01991444,0,0
37.57000000,64.29885430,64.04196906,63.87108098,64.03712006,0,0
37.58000000,64.30564977,64.07766024,63.89188393,64.07558323,0,0
37.59000000,64.35194192,64.06561624,63.92227887,64.05037850,0,0
37.60000000,64.39277689,64.08068506,63.91192902,64.05226580,0,0
37.61000000,64.30774355,64.07533759,63.84309761,64.06743252,0,0
37.62000000,64.29404001,64.05191833,63.89677249,64.07004942,0,0
37.63000000,64.25141958,64.04434950,63.92973675,64.05405482,0,0
37.64000000,64.29590322,64.04084937,64.00130834,64.06171223,0,0
37.65000000,64.36339768,64.03869989,63.99180078,64.03176791,0,0
37.66000000,64.37106058,64.01425995,63.92831788,64.04795370,0,0
37.67000000,64.37603452,64.05350121,63.87386249,64.04600384,0,0
37.68000000,64.38363526,64.09054881,63.86870548,64.05088786,0,0
37.69000000,64.36018132,64.13227755,63.90867500,64.05725229,0,0
37.70000000,64.35068039,64.10256064,63.94223334,64.05188908,0,0
37.71000000,64.34243241,64.06343544,63.91181502,64.05392356,0,0
37.72000000,64.35884774,64.03272925,63.88862742,64.00759423,0,0
37.73000000,64.34490087,64.06864595,63.90073839,63.99930141,0,0
37.74000000,64.33173254,64.06182259,63.93890417,64.00842298,0,0
37.75000000,64.29440398,64.04697836,63.96649916,64.01499579,0,0
37.76000000,64.33592953,64.03811424,63.96854275,64.04678737,0,0
37.77000000,64.37506448,64.06283221,63.96250580,64.09101102,0,0
37.78000000,64.36975101,64.06138446,63.97289847,64.08769314,0,0
37.79000000,64.36116364,64.07721341,63.92541341,64.11680331,0,0
37.80000000,64.31391464,64.10766043,63.94367023,64.06537098,0,0
37.81000000,64.32067203,64.09605076,63.88915303,64.04823402,0,0
37.82000000,64.35154798,64.08041610,63.91007811,64.04791211,0,0
37.83000000,64.33537486,64.05391816,63.94792958,64.05541896,0,0
37.84000000,64.30968385,64.04407016,63.92308375,64.05539466,0,0
37.85000000,64.36520261,64.03666778,63.88168255,64.07284807,0,0
37.86000000,64.35460672,64.11181690,63.93085220,64.04836252,0,0
37.87000000,64.35923846,64.07299331,63.99076453,64.08247452,0,0
37.88000000,64.37189336,64.10072011,64.00443285,64.12711465,0,0
37.89000000,64.38482868,64.09005698,64.03693382,64.14747388,0,0
37.90000000,64.37450066,64.11081245,63.98034622,64.12917708,0,0
37.91000000,64.37477156,64.13177506,63.96952434,64.12495762,0,0
37.92000000,64.36019291,64.12936216,63.99153629,64.07856764,0,0
37.93000000,64.35893669,64.09681331,64.02511866,64.06503499,0,0
37.94000000,64.40820231,64.09780345,64.02607090,64.08487234,0,0
37.95000000,64.46968140,64.13309104,64.01836177,64.07877939,0,0
37.96000000,64.45169142,64.17234118,63.99224119,64.11347327,0,0
37.97000000,64.40643357,64.17566065,63.97421457,64.13441835,0,0
37.98000000,64.38456310,64.15429827,64.00054783,64.13644440,0,0
37.99000000,64.42919680,64.14281878,64.00004887,64.14435858,0,0
38.00000000,64.43339734,64.12682169,64.00019392,64.14019033,0,0
38.01000000,64.43107156,64.14395186,63.97048614,64.11137330,0,0
38.02000000,64.40676560,64.16521364,63.96279632,64.09810725,0,0
38.03000000,64.39420468,64.17792469,63.99686161,64.07832139,0,0
38.04000000,64.45267087,64.17019577,63.99131835,64.09030024,0,0
38.05000000,64.47252496,64.14361677,64.00959511,64.09253177,0,0
38.06000000,64.43674827,64.17208984,63.97394244,64.11485326,0,0
38.07000000,64.43927629,64.16118849,63.97831305,64.15420474,0,0
38.08000000,64.42531545,64.22838445,63.98814191,64.10807770,0,0
38.09000000,64.46352670,64.17100291,63.98909718,64.08927081,0,0
38.10000000,64.41463974,64.19096510,64.02386733,64.10896286,0,0
38.11000000,64.46866771,64.18537794,64.02630327,64.10706073,0,0
38.12000000,64.44278093,64.19702384,64.01454493,64.14715598,0,0
38.13000000,64.44641859,64.18860960,64.03833580,64.17605750,0,0
38.14000000,64.47428550,64.20714162,64.05278748,64.14781466,0,0
38.15000000,64.48231937,64.24582664,64.05476553,64.16587369,0,0
38.16000000,64.50652596,64.22551681,64.03510085,64.16677958,0,0
38.17000000,64.50738908,64.19476673,64.04713406,64.17638772,0,0
38.18000000,64.46885763,64.17146019,64.03628093,64.17534064,0,0
38.19000000,64.44555422,64.19512249,64.05227757,64.19404726,0,0
38.20000000,64.44184390,64.23151941,64.03873861,64.16641925,0,0
38.21000000,64.49524575,64.22862822,64.07490152,64.14413061,0,0
38.22000000,64.50408423,64.17135878,64.06091101,64.16487165,0,0
38.23000000,64.47701820,64.15763452,64.06032364,64.16193436,0,0
38.24000000,64.46653448,64.21777661,64.05316575,64.19311170,0,0
38.25000000,64.47294193,64.21309572,64.05646424,64.16455784,0,0
38.26000000,64.47090923,64.21332450,64.03996904,64.18704614,0,0
38.27000000,64.49845136,64.13825631,64.07468819,64.14805961,0,0
38.28000000,64.48951203,64.13874094,64.04642948,64.17243914,0,0
38.29000000,64.50864583,64.22870998,64.04254850,64.16509346,0,0
38.30000000,64.45793577,64.27106817,64.06355551,64.19158554,0,0
38.31000000,64.46304752,64.26391370,64.05323758,64.18000365,0,0
38.32000000,64.45345460,64.15572823,64.09995257,64.18556401,0,0
38.33000000,64.47340489,64.15295297,64.07450540,64.19804590,0,0
38.34000000,64.49192171,64.17366186,64.03401691,64.19789865,0,0
38.35000000,64.51768343,64.24888715,64.02679565,64.21527634,0,0
38.36000000,64.50847759,64.24786136,64.08162451,64.20515362,0,0
38.37000000,64.51052373,64.23885899,64.13655601,64.20116678,0,0
38.38000000,64.51238926,64.23227771,64.14681487,64.18619538,0,0
38.39000000,64.50038826,64.21724785,64.11844368,64.23065816,0,0
38.40000000,64.46871736,64.21707184,64.10504465,64.25602643,0,0
38.41000000,64.50011326,64.22919221,64.08391961,64.24111918,0,0
38.42000000,64.48933892,64.27748976,64.10530076,64.23621995,0,0
38.43000000,64.53074332,64.27624146,64.15807891,64.21189085,0,0
38.44000000,64.58882105,64.27177735,64.12456949,64.22335812,0,0
38.45000000,64.53636389,64.28540902,64.11354073,64.24708752,0,0
38.46000000,64.55931851,64.27122330,64.07421169,64.24073634,0,0
38.47000000,64.49672556,64.26754042,64.09468119,64.26242900,0,0
38.48000000,64.52701118,64.23475041,64.09088323,64.22078371,0,0
38.49000000,64.51264276,64.29070554,64.08817469,64.18133759,0,0
38.50000000,64.51043302,64.23458993,64.06555294,64.20893930,0,0
38.51000000,64.51836000,64.29239165,64.04481184,64.21417737,0,0
38.52000000,64.50057344,64.25331729,64.13436773,64.21339689,0,0
38.53000000,64.56573048,64.27015315,64.15229932,64.27487822,0,0
38.54000000,64.56964462,64.28497838,64.15172086,64.23138808,0,0
38.55000000,64.57287491,64.27555843,64.12564138,64.27116965,0,0
38.56000000,64.53283791,64.29012410,64.10861085,64.22161304,0,0
38.57000000,64.55812594,64.25203734,64.13856839,64.23967119,0,0
38.58000000,64.54245431,64.28001954,64.14310791,64.24628572,0,0
38.59000000,64.54247472,64.30364797,64.15774732,64.24996874,0,0
38.60000000,64.53393189,64.30301502,64.14755322,64.25187473,0,0
38.61000000,64.54131057,64.30104347,64.14130983,64.26821342,0,0
38.62000000,64.54545825,64.29539072,64.15007288,64.26471742,0,0
38.63000000,64.54072857,64.27883951,64.17241947,64.29043377,0,0
38.64000000,64.59131886,64.31763973,64.19279180,64.28383745,0,0
38.65000000,64.58290813,64.30078904,64.17574539,64.31082020,0,0
38.66000000,64.59479336,64.29102742,64.12830562,64.31026932,0,0
38.67000000,64.60642635,64.30377480,64.18447754,64.32533431,0,0
38.68000000,64.60110023,64.30997573,64.17666969,64.31645761,0,0
38.69000000,64.56101207,64.36131313,64.18120634,64.31279150,0,0
38.70000000,64.59059995,64.34569727,64.17087015,64.31255482,0,0
38.71000000,64.58580748,64.32496256,64.17338964,64.28689122,0,0
38.72000000,64.61980117,64.31031406,64.23049903,64.33132219,0,0
38.73000000,64.68474888,64.26244745,64.17935527,64.25324102,0,0
38.74000000,64.64236421,64.25830881,64.19386837,64.27088856,0,0
38.75000000,64.58865090,64.29666543,64.15027797,64.26348194,0,0
38.76000000,64.48681717,64.32808537,64.18175290,64.26502432,0,0
38.77000000,64.49466588,64.35351069,64.22042170,64.30055728,0,0
38.78000000,64.53748211,64.33803194,64.16716256,64.27220278,0,0
38.79000000,64.58778712,64.30961647,64.15783775,64.32707997,0,0
38.80000000,64.64436719,64.29478340,64.14875254,64.32278067,0,0
38.81000000,64.60077631,64.27255683,64.15053828,64.30467692,0,0
38.82000000,64.56498954,64.29688777,64.17170143,64.32097610,0,0
38.83000000,64.55058903,64.31622520,64.16563226,64.29820544,0,0
38.84000000,64.55071793,64.34853348,64.14524781,64.28965737,0,0
38.85000000,64.56616909,64.35093920,64.13577637,64.32766518,0,0
38.86000000,64.59392787,64.31472069,64.14735016,64.36581217,0,0
38.87000000,64.64331517,64.30780576,64.17192799,64.36803581,0,0
38.88000000,64.62614274,64.30166257,64.21933149,64.36899477,0,0
38.89000000,64.57838102,64.34638596,64.28729227,64.34925650,0,0
38.90000000,64.58368788,64.33473015,64.32486607,64.30236450,0,0
38.91000000,64.55173296,64.37104045,64.29563418,64.32508280,0,0
38.92000000,64.65521513,64.40661684,64.24492821,64.30273660,0,0
38.93000000,64.66867275,64.38610082,64.18648271,64.33219258,0,0
38.94000000,64.65642796,64.35511337,64.20104661,64.36377914,0,0
38.95000000,64.63090874,64.31662931,64.18137142,64.33548981,0,0
38.96000000,64.64376088,64.35106208,64.23507707,64.33062070,0,0
38.97000000,64.68584653,64.37207594,64.23907774,64.30401154,0,0
38.98000000,64.63973887,64.39379953,64.20695407,64.30602638,0,0
38.99000000,64.64375797,64.42325361,64.15303009,64.31285452,0,0
39.00000000,64.62832706,64.39303910,64.15387922,64.31918123,0,0
39.01000000,64.63636018,64.39626270,64.16653789,64.33693357,0,0
39.02000000,64.66365688,64.36302404,64.19901081,64.34164427,0,0
39.03000000,64.64889595,64.37724063,64.21003656,64.33622223,0,0
39.04000000,64.66552453,64.38826917,64.21529432,64.34875479,0,0
39.05000000,64.69929188,64.39487832,64.21302932,64.31605362,0,0
39.06000000,64.72133537,64.38454576,64.21407391,64.31502037,0,0
39.07000000,64.68044519,64.36906356,64.23309775,64.37066434,0,0
39.08000000,64.60700581,64.39298749,64.25543089,64.39139885,0,0
39.09000000,64.61979445,64.41839889,64.24150867,64.38016417,0,0
39.10000000,64.68315069,64.43530852,64.24665543,64.40231072,0,0
39.11000000,64.70484796,64.44931298,64.24447256,64.35991112,0,0
39.12000000,64.72696812,64.38061254,64.26023435,64.34726460,0,0
39.13000000,64.66711638,64.39452889,64.26230129,64.37310572,0,0
39.14000000,64.68748448,64.40082673,64.24850402,64.37240245,0,0
39.15000000,64.70167715,64.42345124,64.31930716,64.39073472,0,0
39.16000000,64.76196865,64.42710641,64.31244431,64.39118715,0,0
39.17000000,64.73251688,64.36115295,64.25626212,64.41154288,0,0
39.18000000,64.67662279,64.46018883,64.22769841,64.39421133,0,0
39.19000000,64.66031773,64.50449441,64.21017105,64.37868556,0,0
39.20000000,64.66571846,64.48349297,64.27186340,64.36939099,0,0
39.21000000,64.70327352,64.43958550,64.32310329,64.36083308,0,0
39.22000000,64.72574518,64.41867920,64.31163200,64.37759908,0,0
39.23000000,64.75796046,64.40548279,64.27682977,64.36418609,0,0
39.24000000,64.74313147,64.43772824,64.23526576,64.39085145,0,0
39.25000000,64.70710582,64.43252960,64.26810052,64.39218159,0,0
39.26000000,64.66826245,64.43341061,64.29191684,64.42724427,0,0
39.27000000,64.64793079,64.42787887,64.30956874,64.42979094,0,0
39.28000000,64.66395228,64.44113216,64.29078503,64.41627355,0,0
39.29000000,64.70548128,64.43329404,64.24544397,64.44222688,0,0
39.30000000,64.71466002,64.40075637,64.24912162,64.39258128,0,0
39.31000000,64.67405927,64.39303133,64.29311488,64.37354987,0,0
39.32000000,64.65283113,64.37045466,64.33434022,64.38137708,0,0
39.33000000,64.68728916,64.40788558,64.34907933,64.35529290,0,0
39.34000000,64.75468310,64.42385968,64.33225130,64.42794520,0,0
39.35000000,64.72283941,64.40115097,64.29207740,64.46157974,0,0
39.36000000,64.65753273,64.35726946,64.31159755,64.44627082,0,0
39.37000000,64.64437220,64.43305850,64.30416766,64.46115365,0,0
39.38000000,64.66535411,64.48245290,64.30884830,64.45734925,0,0
39.39000000,64.72803713,64.46179071,64.35190090,64.42281876,0,0
39.40000000,64.70936847,64.39476157,64.37120112,64.43259786,0,0
39.41000000,64.73454502,64.35894423,64.35330485,64.46841576,0,0
39.42000000,64.73065019,64.42135313,64.33621434,64.49277492,0,0
39.43000000,64.72897861,64.46356110,64.30786444,64.49031428,0,0
39.44000000,64.73435183,64.46726590,64.33155794,64.49885982,0,0
39.45000000,64.73436344,64.45173631,64.34710785,64.48208753,0,0
39.46000000,64.73225453,64.44310597,64.35299223,64.47337264,0,0
39.47000000,64.71945574,64.46460451,64.32433955,64.46809136,0,0
39.48000000,64.73235600,64.44111040,64.29684233,64.44648875,0,0
39.49000000,64.70935732,64.40567635,64.32187431,64.40631543,0,0
39.50000000,64.68932476,64.42149053,64.32875564,64.40645574,0,0
39.51000000,64.70324305,64.43962806,64.31119234,64.39656882,0,0
39.52000000,64.71164529,64.47673001,64.28785596,64.39962377,0,0
39.53000000,64.76854187,64.48622670,64.28098214,64.46223144,0,0
39.54000000,64.78964654,64.49858681,64.29060244,64.48868515,0,0
39.55000000,64.79749595,64.43989209,64.32699276,64.47086115,0,0
39.56000000,64.77505441,64.42435982,64.35236014,64.47265833,0,0
39.57000000,64.69887011,64.46005676,64.36664084,64.45038535,0,0
39.58000000,64.68972405,64.44796059,64.34712249,64.45053659,0,0
39.59000000,64.71624183,64.46322575,64.35071103,64.42576198,0,0
39.60000000,64.77743995,64.50308188,64.34300431,64.44082196,0,0
39.61000000,64.77905301,64.46238182,64.36541093,64.46084092,0,0
39.62000000,64.79164534,64.46574827,64.37865624,64.48483723,0,0
39.63000000,64.78944515,64.44973750,64.34841793,64.50498195,0,0
39.64000000,64.78495456,64.44897635,64.42272477,64.52375471,0,0
39.65000000,64.77485659,64.47495841,64.38023023,64.58096511,0,0
39.66000000,64.73629247,64.48916941,64.35987019,64.75473735,0,0
39.67000000,64.70620002,64.47779410,64.29434533,64.93651568,0,0
39.68000000,64.74276076,64.48158439,64.26785227,64.98974049,0,0
39.69000000,64.75963707,64.48922646,64.29767748,65.08986345,0,0
39.70000000,64.72560787,64.44873728,64.34801311,65.13431437,0,0
39.71000000,64.71137754,64.42230008,64.35853751,65.14723266,0,0
39.72000000,64.73314575,64.45033555,64.32472894,65.19091214,0,0
39.73000000,64.75492826,64.49245930,64.27645113,65.18720437,0,0
39.74000000,64.75866723,64.50087506,64.24759461,65.15020269,0,0
39.75000000,64.68132464,64.47899255,64.25970705,65.18233341,0,0
39.76000000,64.64657751,64.50017799,64.26830131,65.19164830,0,0
39.77000000,64.65582566,64.51450813,64.27536584,65.15094274,0,0
39.78000000,64.71675829,64.51724241,64.30467932,65.07856470,0,0
39.79000000,64.69584099,64.49760534,64.31335805,64.94545996,0,0
39.80000000,64.67653568,64.48248414,64.31711730,64.83108700,0,0
39.81000000,64.68034232,64.49157708,64.27509155,64.72720210,0,0
39.82000000,64.70427007,64.51213869,64.24405605,64.74086596,0,0
39.83000000,64.68501647,64.48934537,64.24971281,64.71045184,0,0
39.84000000,64.62489645,64.48969499,64.28043343,64.77414546,0,0
39.85000000,64.62784569,64.42136495,64.28047272,64.96167798,0,0
39.86000000,64.59316311,64.48529679,64.22259427,64.96968661,0,0
39.87000000,64.60728125,64.44654579,64.23614510,64.92825482,0,0
39.88000000,64.60398579,64.43028268,64.23888209,64.94844442,0,0
39.89000000,64.60568379,64.40367118,64.26748961,64.91629637,0,1
39.90000000,64.59488935,64.40825773,64.23786656,64.86233976,0,1
39.91000000,64.56112471,64.40096933,64.19675907,64.88997557,0,1
39.92000000,64.55053039,64.37500993,64.20142167,64.86058376,0,1
39.93000000,64.58801346,64.38098698,64.20125729,64.84144619,0,1
39.94000000,64.62237086,64.37083898,64.17371214,64.94663623,0,1
39.95000000,64.58544383,64.31277436,64.16166963,64.96453664,0,1
39.96000000,64.49475085,64.34803286,64.17050911,64.90976770,0,1
39.97000000,64.51151350,64.31740735,64.18572156,64.95986470,0,1
39.98000000,64.52756271,64.31136353,64.21584708,64.98128981,0,1
39.99000000,64.52056857,64.30653555,64.19092450,64.86558787,0,1
40.00000000,64.54471233,64.27723227,64.20586976,64.87750302,0,1
40.01000000,64.52640077,64.32256577,64.19926709,64.92261283,0,1
40.02000000,64.60494300,64.29009842,64.20411885,64.81289879,0,1
40.03000000,64.57076024,64.34498616,64.23726773,64.83768016,0,1
40.04000000,64.56562405,64.32188595,64.27696223,65.02846623,0,1
40.05000000,64.47599999,64.28419911,64.24960628,64.90662771,0,1
40.06000000,64.43614221,64.29402988,64.21122512,64.94295093,0,1
40.07000000,64.48298847,64.25698138,64.15519008,65.01133343,0,1
40.08000000,64.50433963,64.26630161,64.18442124,64.86096639,0,1
40.09000000,64.56564188,64.29910499,64.20350658,64.86549514,0,1
40.10000000,64.58111271,64.33458066,64.20478135,64.95054616,0,1
40.11000000,64.58561027,64.29500703,64.17817236,64.91662615,0,1
40.12000000,64.52156534,64.27582578,64.19236717,64.84906673,0,1
40.13000000,64.51701757,64.23992764,64.20327643,64.89888977,0,1
40.14000000,64.53797501,64.22890020,64.16502180,64.93687171,0,1
40.15000000,64.51099190,64.28510130,64.14799510,64.87866253,0,1
40.16000000,64.50566492,64.32105238,64.14835143,64.87725798,0,1
40.17000000,64.48390699,64.30671039,64.18111357,64.89689449,0,1
40.18000000,64.49377549,64.26456207,64.22970923,64.85739149,0,1
40.19000000,64.52413535,64.23652483,64.24660460,64.87235326,0,1
40.20000000,64.51471985,64.23509949,64.21387293,64.86705820,0,1
40.21000000,64.49470035,64.28031180,64.17234652,64.85984859,0,1
40.22000000,64.47729857,64.25724364,64.11520201,64.76344147,0,1
40.23000000,64.49048028,64.27137415,64.08584249,64.82768776,0,1
40.24000000,64.56901022,64.25626734,64.11800415,64.91217656,0,1
40.25000000,64.53145082,64.24950632,64.10346639,64.78767474,0,1
40.26000000,64.50509569,64.24967268,64.15373601,64.89903634,0,1
40.27000000,64.47440010,64.23979971,64.17272166,64.87251150,0,1
40.28000000,64.45225123,64.24807401,64.12105746,64.73557599,0,1
40.29000000,64.48045669,64.23075495,64.14741696,64.77081204,0,1
40.30000000,64.47616233,64.23272826,64.13447406,64.83880755,0,1
40.31000000,64.50629691,64.27282568,64.16481645,64.75974584,0,1
40.32000000,64.50904087,64.28210315,64.15195576,64.78049337,0,1
40.33000000,64.50083214,64.25128730,64.18693437,64.88821508,0,1
40.34000000,64.47954596,64.23598818,64.19459565,64.88392277,0,1
40.35000000,64.44118809,64.24014286,64.16730555,64.86617792,0,1
40.36000000,64.48589945,64.26129963,64.11387890,64.85894703,0,1
40.37000000,64.48024857,64.23424511,64.07367266,64.84619922,0,1
40.38000000,64.40196120,64.21335957,64.04269212,64.80318850,0,1
40.39000000,64.37849398,64.19376663,64.04531086,64.77979763,0,1
40.40000000,64.42488410,64.20463981,64.11955038,64.84202980,0,1
40.41000000,64.47083927,64.22087770,64.10266026,64.78873731,0,1
40.42000000,64.45447022,64.19712989,64.09742013,64.71963957,0,1
40.43000000,64.45937753,64.21235732,64.07767582,64.80003042,0,1
40.44000000,64.42555051,64.22516789,64.07993803,64.80610539,0,1
40.45000000,64.40190079,64.30157151,64.06290301,64.77810626,0,1
40.46000000,64.40911359,64.20501281,64.07180397,64.78497044,0,1
40.47000000,64.43390127,64.16633365,64.07134904,64.81178473,0,1
40.48000000,64.43835461,64.18854020,64.06326674,64.76097701,0,1
40.49000000,64.41695727,64.13208604,64.06273653,64.73241839,0,1
40.50000000,64.38830872,64.18124594,64.06112204,64.75060846,0,1
40.51000000,64.40080241,64.18543301,64.10742796,64.67296484,0,1
40.52000000,64.43808276,64.16052197,64.15118376,64.73170827,0,1
40.53000000,64.45340426,64.17095420,64.13144550,64.80987905,0,1
40.54000000,64.41182490,64.15481427,64.05672395,64.75382901,0,1
40.55000000,64.35035162,64.18326410,64.01272834,64.73990843,0,1
40.56000000,64.38708162,64.19156650,64.04082404,64.78434868,0,1
40.57000000,64.40155904,64.18604055,64.02975561,64.71963674,0,1
40.58000000,64.44907164,64.15956889,64.00329239,64.64252281,0,1
40.59000000,64.45000327,64.13579741,64.02002374,64.69011126,0,1
40.60000000,64.44656875,64.15277164,64.00008614,64.70741109,0,1
40.61000000,64.39483860,64.15371826,63.99860081,64.63964065,0,1
40.62000000,64.38899188,64.15975825,64.03482096,64.73121524,0,1
40.63000000,64.40286308,64.13638899,64.06167125,64.77691805,0,1
40.64000000,64.39701384,64.17810238,64.01881948,64.72894688,0,1
40.65000000,64.39995268,64.18470233,64.02878119,64.79669505,0,1
40.66000000,64.42019112,64.22111743,64.03647542,64.76487781,0,1
40.67000000,64.37685029,64.18541110,64.03353142,64.68782415,0,1
40.68000000,64.34661494,64.11557704,64.07231882,64.68640695,0,1
40.69000000,64.38070411,64.10228373,64.01853253,64.71361995,0,1
40.70000000,64.37532039,64.12418395,63.98172291,64.59922520,0,1
40.71000000,64.36761021,64.13411494,63.94446448,64.60264318,0,1
40.72000000,64.36708162,64.10312184,63.93956982,64.72230459,0,1
40.73000000,64.34906182,64.12376201,63.98027485,64.70693634,0,1
40.74000000,64.39276479,64.12804585,64.01551993,64.70018124,0,1
40.75000000,64.37423414,64.15317292,64.01558447,64.69631451,0,1
40.76000000,64.36496073,64.11784402,64.00121992,64.64607243,0,1
40.77000000,64.31957858,64.07853253,63.99318737,64.67036963,0,1
40.78000000,64.35359266,64.10969051,64.00132099,64.65315783,0,1
40.79000000,64.35123669,64.12283762,64.00452371,64.61438363,0,1
40.80000000,64.34681206,64.11181141,64.00915517,64.62370495,0,1
40.81000000,64.37513784,64.08260988,64.01706770,64.64044745,0,1
40.82000000,64.36330195,64.05828182,64.02806696,64.67351222,0,1
40.83000000,64.36570857,64.07191537,64.01331520,64.68469369,0,1
40.84000000,64.28959748,64.12056784,64.01801966,64.68856217,0,1
40.85000000,64.28652529,64.15084279,63.99194569,64.67727640,0,1
40.86000000,64.29633693,64.08488687,63.97366561,64.66073902,0,1
40.87000000,64.32269283,64.06094413,63.96044296,64.67902469,0,1
40.88000000,64.37483235,64.03147483,63.93814148,64.63392704,0,1
40.89000000,64.29435364,64.03305898,63.92509735,64.63617682,0,1
40.90000000,64.35177589,64.10052203,63.97794421,64.60582647,0,1
40.91000000,64.35203106,64.07450228,63.97721869,64.56988353,0,1
40.92000000,64.42133563,64.09302482,63.96924362,64.65090303,0,1
40.93000000,64.33069404,64.00037033,63.95401062,64.64141944,0,1
40.94000000,64.23668342,64.04802689,63.98696199,64.63791080,0,1
40.95000000,64.26137508,64.02899697,63.94438886,64.66142960,0,1
40.96000000,64.23470429,64.02239415,63.97650409,64.63219768,0,1
40.97000000,64.29234963,64.01993730,63.97571330,64.56110735,0,1
40.98000000,64.29150866,63.97289459,63.98297549,64.56846799,0,1
40.99000000,64.31903655,63.98841599,63.92541832,64.53471669,0,1
41.00000000,64.28943934,64.01788157,63.91597382,64.51232933,0,1
41.01000000,64.25940653,64.05102818,63.93624383,64.59802013,0,1
41.02000000,64.24105295,64.03810984,63.92155002,64.60908349,0,1
41.03000000,64.23241311,63.98345065,63.90567172,64.57151058,0,1
41.04000000,64.24267762,63.99477729,63.84553347,64.59275586,0,1
41.05000000,64.26371056,63.98945391,63.83347456,64.62474844,0,1
41.06000000,64.21731327,63.96919460,63.91155360,64.56353152,0,1
41.07000000,64.22076495,64.00216865,63.95191234,64.51009767,0,1
41.08000000,64.23916548,63.95370254,63.97486634,64.59392523,0,1
41.09000000,64.26757545,63.97837581,63.92834430,64.57697208,0,1
41.10000000,64.29361976,63.96729957,63.88750382,64.48697829,0,1
41.11000000,64.28273886,63.97982959,63.90980534,64.63436868,0,1
41.12000000,64.28235879,63.97455004,63.89105510,64.62073424,0,1
41.13000000,64.21311721,63.98185487,63.90820910,64.52459218,0,1
41.14000000,64.20176153,63.98629490,63.95500481,64.60538525,0,1
41.15000000,64.19524512,63.95442648,63.97669156,64.61588062,0,1
41.16000000,64.25234859,63.97067666,63.89989546,64.49424145,0,1
41.17000000,64.24837129,63.94500710,63.87668250,64.50746424,0,1
41.18000000,64.24603888,63.96029620,63.85943600,64.52784824,0,1
41.19000000,64.20260668,63.95503172,63.83519758,64.42996190,0,1
41.20000000,64.17989433,63.94087005,63.85421360,64.49689190,0,1
41.21000000,64.22220494,63.92885009,63.82199824,64.52155907,0,1
41.22000000,64.23726331,63.89073577,63.80179858,64.49998545,0,1
41.23000000,64.18907642,63.94750513,63.78668715,64.56892844,0,1
41.24000000,64.13783466,63.95360139,63.79515846,64.53516521,0,1
41.25000000,64.13267119,63.92426055,63.80234172,64.45179276,0,1
41.26000000,64.16396814,63.90112375,63.83085238,64.47524720,0,1
41.27000000,64.20307625,63.91447302,63.87743622,64.48589811,0,1
41.28000000,64.21451565,63.92181012,63.85315692,64.44250528,0,1
41.29000000,64.17354632,63.93474230,63.81712641,64.43340235,0,1
41.30000000,64.13676173,63.92820335,63.81520895,64.48341480,0,1
41.31000000,64.16618551,63.91291107,63.84499410,64.55336628,0,1
41.32000000,64.18315966,63.87527744,63.90054490,64.54913397,0,1
41.33000000,64.14039229,63.92061828,63.89140685,64.56506021,0,1
41.34000000,64.15983821,63.94016826,63.84449220,64.52886370,0,1
41.35000000,64.13995970,63.90112615,63.80751879,64.47623354,0,1
41.36000000,64.20444426,63.96308135,63.83402798,64.47182886,0,1
41.37000000,64.21906315,63.91504258,63.83690887,64.48778941,0,1
41.38000000,64.19684180,63.95235083,63.83876697,64.46409692,0,1
41.39000000,64.17217911,63.96810471,63.77258646,64.35804118,0,1
41.40000000,64.16368494,63.95267489,63.73020648,64.47355565,0,1
41.41000000,64.19246421,63.91413723,63.73769147,64.46914262,0,1
41.42000000,64.17967563,63.87540525,63.77344331,64.41413325,0,1
41.43000000,64.14914011,63.91137579,63.78780463,64.49413563,0,1
41.44000000,64.15497586,63.90689094,63.81581017,64.50758414,0,1
41.45000000,64.15374138,63.90240889,63.78952255,64.40800918,0,1
41.46000000,64.14577962,63.89714139,63.76501181,64.38436009,0,1
41.47000000,64.15288310,63.90394859,63.77147929,64.42566470,0,1
41.48000000,64.13063189,63.90907803,63.74897493,64.37202822,0,1
41.49000000,64.13233660,63.88806899,63.72964281,64.31396965,0,1
41.50000000,64.14761713,63.88138848,63.73051920,64.42974934,0,1
41.51000000,64.15512064,63.87944198,63.73803635,64.45428702,0,1
41.52000000,64.14818349,63.86605839,63.76903672,64.38021478,0,1
41.53000000,64.11936693,63.88649339,63.78679575,64.45763727,0,1
41.54000000,64.07929802,63.87063262,63.78788310,64.43929841,0,1
41.55000000,64.11884449,63.89822724,63.76293023,64.40875468,0,1
41.56000000,64.11911211,63.88850000,63.74449618,64.41416731,0,1
41.57000000,64.19294090,63.91436346,63.74584071,64.44519639,0,1
41.58000000,64.14553574,63.92547915,63.74501230,64.38646192,0,1
41.59000000,64.13015535,63.85521038,63.71691005,64.34449120,0,1
41.60000000,64.10786761,63.87353005,63.78304307,64.46437746,0,1
41.61000000,64.14926668,63.85127363,63.76625392,64.45225916,0,1
41.62000000,64.14876155,63.87781756,63.76211999,64.44433752,0,1
41.63000000,64.12441254,63.86557393,63.75178612,64.43410963,0,1
41.64000000,64.06651652,63.83941821,63.74573549,64.40943674,0,1
41.65000000,64.03083522,63.83311501,63.75625476,64.38500711,0,1
41.66000000,64.06066485,63.86622970,63.77714472,64.38908914,0,1
41.67000000,64.09958470,63.90273093,63.79218912,64.41854621,0,1
41.68000000,64.11384514,63.87243366,63.76587986,64.37887995,0,1
41.69000000,64.10300434,63.86265974,63.74344057,64.39319674,0,1
41.70000000,64.10637459,63.82087681,63.71760175,64.45346134,0,1
41.71000000,64.12139546,63.77756342,63.73608346,64.43505997,0,1
41.72000000,64.08912228,63.78189501,63.77962274,64.42790429,0,1
41.73000000,64.01551744,63.82496030,63.76901175,64.42926211,0,1
41.74000000,63.99347035,63.85511136,63.73624500,64.38391914,0,1
41.75000000,64.03232938,63.85139515,63.72583896,64.36849330,0,1
41.76000000,64.09620479,63.84421429,63.71460199,64.41010574,0,1
41.77000000,64.08862613,63.76054081,63.74555668,64.39086132,0,1
41.78000000,64.08382675,63.79395597,63.79634427,64.35235814,0,1
41.79000000,64.05848608,63.85484821,63.79260120,64.40614455,0,1
41.80000000,64.02778726,63.86795992,63.73947441,64.43976933,0,1
41.81000000,64.05219839,63.84642483,63.74575474,64.42142973,0,1
41.82000000,63.99133186,63.79066995,63.70893161,64.43727421,0,1
41.83000000,64.00995751,63.83407113,63.69815462,64.47156369,0,1
41.84000000,64.04411967,63.81020475,63.66622678,64.42456282,0,1
41.85000000,64.02401354,63.81052917,63.67160700,64.38672293,0,1
41.86000000,64.05984704,63.80144057,63.71211178,64.40022193,0,1
41.87000000,64.09469549,63.80478709,63.74614925,64.36981447,0,1
41.88000000,64.08522519,63.80895053,63.71622025,64.32732865,0,1
41.89000000,64.04047257,63.80041010,63.67653192,64.38587692,0,1
41.90000000,64.01240478,63.80641365,63.65228293,64.41097830,0,1
41.91000000,64.00681487,63.79322939,63.65853019,64.36084372,0,1
41.92000000,63.98463706,63.79996024,63.69294254,64.33328305,0,1
41.93000000,64.00767107,63.82097525,63.68990814,64.36258851,0,1
41.94000000,64.00621484,63.76422895,63.69169409,64.30832040,0,1
41.95000000,63.98389515,63.75301960,63.68949569,64.29772441,0,1
41.96000000,64.03065404,63.70878392,63.69301284,64.36591934,0,1
41.97000000,64.04198738,63.73950156,63.71934374,64.32474240,0,1
41.98000000,64.03545154,63.79411151,63.66759924,64.24162945,0,1
41.99000000,64.02074483,63.83853670,63.67141987,64.38505707,0,1
42.00000000,63.99095410,63.80889485,63.66213841,64.41349940,0,1
42.01000000,64.02339224,63.73782033,63.62822163,64.33730084,0,1
42.02000000,63.96239075,63.73619269,63.67664861,64.40431422,0,1
42.03000000,63.97960134,63.76530167,63.69315190,64.35671047,0,1
42.04000000,63.98177025,63.78659188,63.70581638,64.30525914,0,1
42.05000000,64.00696531,63.76922207,63.66201151,64.25548528,0,1
42.06000000,64.04464602,63.76104885,63.68251019,64.33278141,0,1
42.07000000,64.05424438,63.75878232,63.65518311,64.29507927,0,1
42.08000000,64.00979767,63.76314770,63.64600389,64.31558140,0,1
42.09000000,64.00682508,63.81637298,63.63688302,64.39253031,0,1
42.10000000,64.01381789,63.76660193,63.60303166,64.33759795,0,1
42.11000000,64.00636815,63.73936986,63.59712699,64.30087985,0,1
42.12000000,64.02590988,63.75385096,63.63499619,64.34302715,0,1
42.13000000,64.01438411,63.78915515,63.63517916,64.29265480,0,1
42.14000000,63.99878548,63.79254020,63.65383346,64.24035273,0,1
42.15000000,63.98415332,63.73923525,63.66375041,64.30116362,0,1
42.16000000,64.01290037,63.70529801,63.65776981,64.29180416,0,1
42.17000000,64.02476488,63.73568768,63.60531666,64.21814331,0,1
42.18000000,64.02828775,63.78412742,63.55439984,64.24185201,0,1
42.19000000,64.01902679,63.79680278,63.57776463,64.31566196,0,1
42.20000000,64.03068351,63.75777359,63.60412681,64.26102162,0,1
42.21000000,63.95122765,63.67744107,63.61743023,64.27739397,0,1
42.22000000,63.98106759,63.74972541,63.64882509,64.36104527,0,1
42.23000000,63.96481945,63.78579342,63.61845609,64.36174458,0,1
42.24000000,64.00769845,63.83303912,63.59864676,64.17514782,0,1
42.25000000,63.99719488,63.73881797,63.62548668,64.23093038,0,1
42.26000000,63.99576162,63.71036059,63.59494234,64.27007976,0,1
42.27000000,63.96357882,63.69563201,63.63829958,64.14432462,0,1
42.28000000,63.95761734,63.73183883,63.62731128,64.28700743,0,1
42.29000000,63.95638074,63.76435155,63.60113929,64.36934207,0,1
42.30000000,63.97024025,63.71376334,63.57312252,64.28120406,0,1
42.31000000,63.97510728,63.69500699,63.58879155,64.28617488,0,1
42.32000000,63.97109003,63.72949860,63.60099046,64.31542599,0,1
42.33000000,63.97261288,63.73746741,63.61739200,64.28746220,0,1
42.34000000,63.94984038,63.74069268,63.64345005,64.27300565,0,1
42.35000000,63.95441483,63.70133181,63.62689827,64.25391351,0,1
42.36000000,63.93270967,63.68398351,63.59741137,64.19792681,0,1
42.37000000,63.92637713,63.71608161,63.56061654,64.18348003,0,1
42.38000000,63.91438235,63.71292452,63.58928323,64.23027756,0,1
42.39000000,63.96458528,63.73998701,63.61604694,64.33225539,0,1
42.40000000,63.99474076,63.71892960,63.59657048,64.28129370,0,1
42.41000000,63.96901076,63.70264328,63.62008786,64.27897043,0,1
42.42000000,63.93705801,63.70933329,63.62403092,64.31022096,0,1
42.43000000,63.95931345,63.71661811,63.62324840,64.27475588,0,1
42.44000000,63.92816447,63.73824809,63.57251202,64.17459909,0,1
42.45000000,63.96359345,63.69405806,63.52785093,64.27962417,0,1
42.46000000,63.92322308,63.66331759,63.58214750,64.22212806,0,1
42.47000000,63.90658094,63.63373981,63.55434847,64.16175116,0,1
42.48000000,63.90374845,63.65208128,63.58460747,64.29865640,0,1
42.49000000,63.93376500,63.70034475,63.57917009,64.26596525,0,1
42.50000000,63.93967747,63.67634768,63.59745372,64.27334406,0,1
42.51000000,63.93218454,63.67627722,63.62642745,64.29620987,0,1
42.52000000,63.93461242,63.70459341,63.58411242,64.24133476,0,1
42.53000000,63.93056368,63.71308250,63.53070218,64.17704539,0,1
42.54000000,63.87823154,63.66910039,63.54638201,64.19467390,0,1
42.55000000,63.88211021,63.64371333,63.55130782,64.22770798,0,1
42.56000000,63.92558032,63.63906780,63.55928446,64.17033573,0,1
42.57000000,63.95788296,63.62472831,63.56820707,64.17799917,0,1
42.58000000,63.95670867,63.66479717,63.56235792,64.24794048,0,1
42.59000000,63.91554473,63.66207468,63.60987401,64.27223914,0,1
42.60000000,63.87419731,63.64088996,63.60007894,64.24529733,0,1
42.61000000,63.83683294,63.60779140,63.62372416,64.26052612,0,1
42.62000000,63.85651963,63.62560524,63.59413788,64.25543071,0,1
42.63000000,63.87584442,63.65130998,63.57319239,64.20471195,0,1
42.64000000,63.90374753,63.66516280,63.52756457,64.21665882,0,1
42.65000000,63.86961561,63.60975058,63.50330979,64.21614667,0,1
42.66000000,63.88048880,63.59375537,63.52331082,64.15878251,0,1
42.67000000,63.88687020,63.60713173,63.56416955,64.18234754,0,1
42.68000000,63.87779859,63.60455850,63.50733304,64.22138879,0,1
42.69000000,63.89949320,63.69110496,63.46897734,64.24224939,0,1
42.70000000,63.85542217,63.62974106,63.45653779,64.19939665,0,1
42.71000000,63.84839534,63.62284505,63.45990054,64.19358742,0,1
42.72000000,63.85137981,63.59262904,63.54727532,64.20072449,0,1
42.73000000,63.83147748,63.62104935,63.57457342,64.19822655,0,1
42.74000000,63.84243560,63.61981565,63.56379570,64.16750120,0,1
42.75000000,63.86045578,63.60969278,63.54975037,64.16480587,0,1
42.76000000,63.86617690,63.59476906,63.54465339,64.13548592,0,1
42.77000000,63.86562469,63.60491558,63.52672551,64.16209184,0,1
42.78000000,63.87809543,63.61903414,63.53955100,64.22763013,0,1
42.79000000,63.89026664,63.64951027,63.55270864,64.25009936,0,1
42.80000000,63.91934248,63.62068792,63.53793236,64.27257084,0,1
42.81000000,63.89378010,63.61655126,63.50031761,64.23380316,0,1
42.82000000,63.87758632,63.62794994,63.49753777,64.17480553,0,1
42.83000000,63.88517129,63.64401711,63.50277657,64.19398580,0,1
42.84000000,63.81497591,63.66457096,63.50545206,64.15745972,0,1
42.85000000,63.85265986,63.59869867,63.52422326,64.12662035,0,1
42.86000000,63.86116857,63.59451603,63.48618365,64.10584539,0,1
42.87000000,63.93048415,63.56949458,63.48191962,64.09137704,0,1
42.88000000,63.89941441,63.60426489,63.45993647,64.18378608,0,1
42.89000000,63.88387909,63.64461587,63.46058238,64.15897969,0,1
42.90000000,63.85720459,63.60268009,63.46885947,64.15837330,0,1
42.91000000,63.79057127,63.62735918,63.49831325,64.16239512,0,1
42.92000000,63.80919595,63.61397897,63.46544278,64.13740393,0,1
42.93000000,63.80844450,63.65596144,63.42777493,64.11908425,0,1
42.94000000,63.83736088,63.61727524,63.44167492,64.11716388,0,1
42.95000000,63.83620071,63.56093628,63.42897851,64.09685778,0,1
42.96000000,63.85307385,63.57279052,63.47967618,64.05436400,0,1
42.97000000,63.83634186,63.56858732,63.42988697,64.07944945,0,1
42.98000000,63.77449341,63.58337168,63.45075097,64.12537810,0,1
42.99000000,63.83416373,63.59198183,63.44077614,64.17152917,0,1
43.00000000,63.89003291,63.57904750,63.42845052,64.15856583,0,1
43.01000000,63.85388785,63.58210109,63.44593005,64.14079125,0,1
43.02000000,63.79283125,63.56252612,63.45854905,64.12101471,0,1
43.03000000,63.71692577,63.54107647,63.48078102,64.09137405,0,1
43.04000000,63.73840065,63.59044616,63.51003706,64.10492326,0,1
43.05000000,63.83851099,63.54654120,63.52199879,64.09392819,0,1
43.06000000,63.88120645,63.51786583,63.49790849,64.04835524,0,1
43.07000000,63.86734720,63.49533525,63.42185786,64.10694530,0,1
43.08000000,63.74532091,63.51935102,63.42671494,64.15357939,0,1
43.09000000,63.77209125,63.58576225,63.43012456,64.12704723,0,1
43.10000000,63.76109235,63.55283929,63.42788559,64.13939021,0,1
43.11000000,63.83203459,63.57526466,63.44634196,64.09740131,0,1
43.12000000,63.83035405,63.50305372,63.41524814,64.10747894,0,1
43.13000000,63.77275356,63.48369076,63.45342337,64.08460733,0,1
43.14000000,63.76341047,63.54841838,63.35257333,64.09193086,0,1
43.15000000,63.72663583,63.56370657,63.50558486,64.10961576,0,1
43.16000000,63.77677313,63.58485017,63.53082524,64.08284333,0,1
43.17000000,63.80029250,63.52768641,63.48987126,64.17416686,0,1
43.18000000,63.81918162,63.52895926,63.44321475,64.18015989,0,1
43.19000000,63.77801353,63.48883010,63.38752094,64.15470974,0,1
43.20000000,63.75874809,63.54752107,63.42618702,64.20215810,0,1
43.21000000,63.73134615,63.58789120,63.47366411,64.17097013,0,1
43.22000000,63.76775318,63.55532773,63.51976248,64.09312970,0,1
43.23000000,63.77505155,63.55863565,63.45537981,64.10240193,0,1
43.24000000,63.75929384,63.55900738,63.35516695,64.08972683,0,1
43.25000000,63.76506177,63.56663988,63.33205726,64.05845795,0,1
43.26000000,63.75500503,63.57509672,63.37381516,64.05111949,0,1
43.27000000,63.77509974,63.51829090,63.42468615,64.10455506,0,1
43.28000000,63.77080034,63.50881837,63.42997085,64.10523881,0,1
43.29000000,63.73908432,63.51638183,63.38650826,64.12641860,0,1
43.30000000,63.71294093,63.57450934,63.36155178,64.10757925,0,1
43.31000000,63.68016588,63.55246566,63.36111648,64.06328236,0,1
43.32000000,63.72719749,63.51599566,63.38398013,64.11624811,0,1
43.33000000,63.69179708,63.48454907,63.41566524,64.08722154,0,1
43.34000000,63.76101116,63.49451619,63.39376165,64.02338491,0,1
43.35000000,63.75686137,63.47792108,63.35650590,64.01884791,0,1
43.36000000,63.75042349,63.56311267,63.38978870,64.04915589,0,1
43.37000000,63.70240710,63.55222628,63.36509268,64.07553648,0,1
43.38000000,63.73788336,63.53008399,63.42064658,64.10259845,0,1
43.39000000,63.75035190,63.50915015,63.36674851,64.13274552,0,1
43.40000000,63.77056510,63.51465730,63.33454484,64.14141850,0,1
43.41000000,63.71137720,63.57241775,63.35051775,64.09580741,0,1
43.42000000,63.68456709,63.54641210,63.37964439,64.03994761,0,1
43.43000000,63.68635464,63.50686357,63.39820130,64.06322901,0,1
43.44000000,63.72406045,63.47681252,63.37965272,64.04122558,0,1
43.45000000,63.76873554,63.46971232,63.34504018,63.99618529,0,1
43.46000000,63.72663238,63.49529364,63.32265431,64.03479462,0,1
43.47000000,63.73333261,63.50509353,63.32561165,64.10713469,0,1
43.48000000,63.69213938,63.50789082,63.33802864,64.03505008,0,1
43.49000000,63.68426876,63.45459117,63.31077584,64.01748310,0,1
43.50000000,63.68452465,63.46177003,63.32608595,64.08229037,0,1
43.51000000,63.70223459,63.55692916,63.35222966,64.04441918,0,1
43.52000000,63.63666184,63.52347274,63.28765070,63.96646296,0,1
43.53000000,63.67911034,63.50367048,63.33241146,64.01703148,0,1
43.54000000,63.67837288,63.44466962,63.32424543,64.01208524,0,1
43.55000000,63.71164722,63.42916022,63.37580192,63.89792425,0,1
43.56000000,63.63880536,63.47702204,63.35863180,64.01014140,0,1
43.57000000,63.64531677,63.47981905,63.29757471,64.12372059,0,1
43.58000000,63.71651787,63.48913405,63.30298484,64.04330392,0,1
43.59000000,63.74492615,63.44213649,63.29495602,64.05159000,0,1
43.60000000,63.73738710,63.45898675,63.31825679,64.08199066,0,1
43.61000000,63.64260393,63.47818966,63.29869600,64.04971351,0,1
43.62000000,63.60121235,63.47966759,63.33641471,63.98199235,0,1
43.63000000,63.64799957,63.50360843,63.35161963,63.98382919,0,1
43.64000000,63.67103078,63.44905530,63.34212277,63.96220124,0,1
43.65000000,63.68138070,63.41611727,63.31831029,63.88602190,0,1
43.66000000,63.62469958,63.39542773,63.32021053,63.96489166,0,1
43.67000000,63.61434196,63.39760782,63.31325067,64.06807897,0,1
43.68000000,63.68615523,63.42859083,63.31877073,64.05230101,0,1
43.69000000,63.68595092,63.45817905,63.36068688,64.03289495,0,1
43.70000000,63.63290029,63.42018246,63.32790134,64.06884166,0,1
43.71000000,63.61067617,63.41802841,63.26896720,64.03774501,0,1
43.72000000,63.61082441,63.41056405,63.23842935,63.98054615,0,1
43.73000000,63.62595804,63.43931372,63.24212287,64.03250526,0,1
43.74000000,63.63276424,63.37295174,63.26161999,63.89587610,0,1
43.75000000,63.60080889,63.37067367,63.29358091,63.84996113,0,1
43.76000000,63.61516961,63.33088025,63.29297066,63.97645161,0,1
43.77000000,63.61812393,63.40709062,63.25626129,63.94424988,0,1
43.78000000,63.62853842,63.40055086,63.26268488,63.92916533,0,1
43.79000000,63.61840866,63.40799753,63.28050027,64.02458220,0,1
43.80000000,63.56838931,63.44569661,63.25671651,64.02247333,0,1
43.81000000,63.61385058,63.42620578,63.24117188,63.99056193,0,1
43.82000000,63.60134360,63.37774588,63.24937071,63.99051962,0,1
43.83000000,63.61953578,63.40028999,63.24472472,63.94047960,0,1
43.84000000,63.59271695,63.40547222,63.26932496,63.88857910,0,1
43.85000000,63.62378586,63.41476278,63.26462368,63.90186842,0,1
43.86000000,63.60056167,63.38715826,63.26653179,63.97980620,0,1
43.87000000,63.64083960,63.38799848,63.27329858,64.00822983,0,1
43.88000000,63.62354525,63.37902792,63.23260067,63.98691253,0,1
43.89000000,63.57713607,63.39946790,63.22801045,63.99141167,0,1
43.90000000,63.55901237,63.40224957,63.23221496,64.01051360,0,1
43.91000000,63.59757303,63.39332496,63.25767547,63.96283820,0,1
43.92000000,63.64122220,63.38234113,63.28275883,63.89136717,0,1
43.93000000,63.64255404,63.36538742,63.26326155,63.89863138,0,1
43.94000000,63.61796651,63.35461700,63.22337819,63.86067927,0,1
43.95000000,63.59649551,63.41191929,63.21675419,63.84600501,0,1
43.96000000,63.51071367,63.38479903,63.23467116,63.91647872,0,1
43.97000000,63.58110239,63.37255250,63.23508189,63.93333362,0,1
43.98000000,63.60728924,63.38293821,63.18611254,63.91395343,0,1
43.99000000,63.61484352,63.34267548,63.13700271,63.90729431,0,1
44.00000000,63.60355092,63.37160284,63.20187309,63.96389689,0,1
44.01000000,63.56847270,63.38255257,63.23590037,63.88744450,0,1
44.02000000,63.57405667,63.37262347,63.24525608,63.81345668,0,1
44.03000000,63.51238296,63.33601255,63.26887371,63.88556734,0,1
44.04000000,63.58319510,63.34039663,63.21635763,63.84743484,0,1
44.05000000,63.58936227,63.36039567,63.17815621,63.88113683,0,1
44.06000000,63.59257816,63.35677672,63.20721423,63.97208270,0,1
44.07000000,63.58185195,63.35853518,63.21404164,63.94692235,0,1
44.08000000,63.56438197,63.36752005,63.23237056,63.93588090,0,1
44.09000000,63.57946216,63.36258985,63.23313680,63.96787153,0,1
44.10000000,63.59448192,63.37019168,63.26183433,63.93996682,0,1
44.11000000,63.58347859,63.37403671,63.24959713,63.88615840,0,1
44.12000000,63.54905277,63.34755935,63.18570637,63.89528960,0,1
44.13000000,63.57359708,63.37930478,63.19827902,63.88774846,0,1
44.14000000,63.59242551,63.40550130,63.17475523,63.83829451,0,1
44.15000000,63.59158131,63.37517380,63.21352964,63.85543453,0,1
44.16000000,63.59406711,63.33782032,63.23803580,63.98146092,0,1
44.17000000,63.55773158,63.34517050,63.17872925,63.89919558,0,1
44.18000000,63.55682654,63.30066566,63.17939291,63.91233708,0,1
44.19000000,63.58460615,63.33336655,63.19208055,63.96632747,0,1
44.20000000,63.54384874,63.34868346,63.22208813,63.91706457,0,1
44.21000000,63.54296296,63.33987195,63.26371744,63.84399258,0,1
44.22000000,63.53104104,63.34551384,63.21356529,63.91402029,0,1
44.23000000,63.54388359,63.33934567,63.18091397,63.89787900,0,1
44.24000000,63.60788947,63.31691590,63.18952544,63.81058546,0,1
44.25000000,63.53532549,63.30744413,63.21440228,63.88387787,0,1
44.26000000,63.56421983,63.31606944,63.21089413,63.93463924,0,1
44.27000000,63.54796476,63.34448432,63.17827103,63.87530047,0,1
44.28000000,63.57621375,63.35338790,63.15672466,63.92717974,0,1
44.29000000,63.53972056,63.32254106,63.15869011,63.92834922,0,1
44.30000000,63.51986709,63.31020605,63.18382478,63.89022233,0,1
44.31000000,63.50032571,63.29779989,63.20913564,63.88523449,0,1
44.32000000,63.54235396,63.33496578,63.22387939,63.89148997,0,1
44.33000000,63.57436342,63.37639066,63.21550701,63.85857809,0,1
44.34000000,63.60953430,63.34203404,63.19831928,63.81555856,0,1
44.35000000,63.57433704,63.28239603,63.21528146,63.88063549,0,1
44.36000000,63.53328329,63.27300736,63.20464240,63.93302078,0,1
44.37000000,63.52144739,63.28871155,63.20043068,63.92426733,0,1
44.38000000,63.54638600,63.35801344,63.18747026,63.92599485,0,1
44.39000000,63.58324517,63.33846384,63.18560450,63.91801257,0,1
44.40000000,63.56677397,63.35692361,63.18395249,63.85963364,0,1
44.41000000,63.53550153,63.31807111,63.15471758,63.82036084,0,1
44.42000000,63.49825868,63.31886032,63.19346697,63.85319810,0,1
44.43000000,63.52282584,63.29950671,63.18215685,63.82173972,0,1
44.44000000,63.56900619,63.33575874,63.18345223,63.75196101,0,1
44.45000000,63.60169486,63.30111598,63.19239536,63.86904660,0,1
44.46000000,63.50260923,63.28663976,63.13634921,63.88244597,0,1
44.47000000,63.50989384,63.31486295,63.14080204,63.83262299,0,1
44.48000000,63.50502925,63.31674209,63.15270207,63.88844229,0,1
44.49000000,63.52310021,63.32533628,63.17090614,63.93143377,0,1
44.50000000,63.53507740,63.32696444,63.21471832,63.85411078,0,1
44.51000000,63.51176966,63.30597886,63.19287891,63.85831309,0,1
44.52000000,63.50834861,63.26867073,63.17529880,63.91611579,0,1
44.53000000,63.55379579,63.28471565,63.16391034,63.80139700,0,1
44.54000000,63.51908010,63.28541030,63.16621325,63.77453297,0,1
44.55000000,63.51072338,63.30163846,63.16957759,63.88747571,0,1
44.56000000,63.47462223,63.31467392,63.17241269,63.86106330,0,1
44.57000000,63.44351875,63.28032338,63.11290318,63.81492763,0,1
44.58000000,63.49245657,63.25092410,63.10620075,63.90006120,0,1
44.59000000,63.51319629,63.22641930,63.12988866,63.87974936,0,1
44.60000000,63.53224766,63.34386891,63.14077802,63.79704501,0,1
44.61000000,63.44250240,63.32138702,63.22094113,63.83243290,0,1
44.62000000,63.42417930,63.32311019,63.13856799,63.82567302,0,1
44.63000000,63.41630489,63.20730068,63.18001380,63.74913840,0,1
44.64000000,63.51452005,63.16975191,63.14437527,63.84537967,0,1
44.65000000,63.53825647,63.20998973,63.13571883,63.94539948,0,1
44.66000000,63.45778528,63.24633129,63.17023317,63.84903153,0,1
44.67000000,63.42868077,63.30961842,63.15982916,63.90350463,0,1
44.68000000,63.47534507,63.27542170,63.15126425,63.87084909,0,1
44.69000000,63.51202304,63.27105037,63.19283334,63.84334432,0,1
44.70000000,63.51556540,63.24497114,63.15683865,63.81597271,0,1
44.71000000,63.50474840,63.22977865,63.15865783,63.80897806,0,1
44.72000000,63.44348598,63.23788615,63.11646727,63.77956290,0,1
44.73000000,63.46736473,63.25346342,63.11541368,63.75757374,0,1
44.74000000,63.49526458,63.25632509,63.12397888,63.77593880,0,1
44.75000000,63.49919749,63.21873734,63.18173198,63.80456411,0,1
44.76000000,63.49827704,63.23083362,63.18653446,63.84172664,0,1
44.77000000,63.51240012,63.29761363,63.13967314,63.89550715,0,1
44.78000000,63.48639956,63.27437548,63.12347856,63.88426701,0,1
44.79000000,63.47847733,63.26249574,63.13013184,63.88292986,0,1
44.80000000,63.46588738,63.23485214,63.15216080,63.83739485,0,1
44.81000000,63.48661217,63.24158481,63.14812390,63.82947598,0,1
44.82000000,63.47480141,63.23195989,63.11761377,63.85402888,0,1
44.83000000,63.51464720,63.23210127,63.08548621,63.79130284,0,1
44.84000000,63.53887627,63.31429861,63.10100888,63.75949346,0,1
44.85000000,63.49805972,63.28486032,63.12703145,63.91400199,0,1
44.86000000,63.49814767,63.27786574,63.10733842,63.81221656,0,1
44.87000000,63.50948314,63.26912349,63.16101179,63.82033736,0,1
44.88000000,63.54626512,63.26868792,63.11528167,63.88861635,0,1
44.89000000,63.46228752,63.25695929,63.06729168,63.75023190,0,1
44.90000000,63.50702812,63.34166485,63.06033947,63.76694638,0,1
44.91000000,63.48153480,63.32023384,63.07404466,63.81986789,0,1
44.92000000,63.48347021,63.31965319,63.14800969,63.71289920,0,1
44.93000000,63.53160110,63.27325997,63.16142372,63.70761105,0,1
44.94000000,63.52741413,63.26318378,63.12578383,63.79533844,0,1
44.95000000,63.50086234,63.28769626,63.10886064,63.81212200,0,1
44.96000000,63.48947385,63.33898081,63.08758459,63.79645260,0,1
44.97000000,63.50076230,63.31494278,63.08079040,63.83465285,0,1
44.98000000,63.53509496,63.31711048,63.06709594,63.85409718,0,1
44.99000000,63.50147832,63.30381195,63.07111820,63.76984617,0,1
45.00000000,63.48922670,63.33421247,63.06897699,63.76206956,0,1
45.01000000,63.47548955,63.31075883,63.06428229,63.82569165,0,1
45.02000000,63.46120668,63.26520709,63.09955254,63.74246505,0,1
45.03000000,63.47854561,63.23872085,63.10381302,63.65702317,0,1
45.04000000,63.51417263,63.23951670,63.11460286,63.73862393,0,1
45.05000000,63.50843241,63.27096671,63.06355499,63.78899633,0,1
45.06000000,63.49189988,63.25739170,63.08083305,63.75856246,0,1
45.07000000,63.42504344,63.24102012,63.07735262,63.81817388,0,1
45.08000000,63.43775368,63.21713684,63.06424340,63.76691559,0,1
45.09000000,63.39512981,63.25866060,63.11090970,63.76785868,0,1
45.10000000,63.45748361,63.26380012,63.06078173,63.77383352,0,1
45.11000000,63.45369800,63.25382837,63.07497324,63.70612008,0,1
45.12000000,63.42199953,63.25556345,63.10080837,63.74479215,0,1
45.13000000,63.42771472,63.15013239,63.10860117,63.74177897,0,1
45.14000000,63.43582504,63.14373243,63.10598102,63.75193597,0,1
45.15000000,63.42130924,63.17182850,63.10480007,63.80320178,0,1
45.16000000,63.42469450,63.20978098,63.07432269,63.85432042,0,1
45.17000000,63.40216460,63.20227461,63.06884501,63.82314164,0,1
45.18000000,63.37526482,63.17359092,63.06606936,63.78553272,0,1
45.19000000,63.39759443,63.16934968,63.06858262,63.79928966,0,1
45.20000000,63.40434488,63.16784278,63.06907644,63.77994710,0,1
45.21000000,63.38711768,63.18863494,63.09124087,63.74185178,0,1
45.22000000,63.38602543,63.18760414,63.11096982,63.71743417,0,1
45.23000000,63.36779564,63.14812467,63.06892177,63.67083321,0,1
45.24000000,63.39213955,63.13913842,63.06550742,63.68506493,0,1
45.25000000,63.37631439,63.11773626,63.04762391,63.75266260,0,1
45.26000000,63.39669913,63.10254258,63.07370766,63.86341467,0,1
45.27000000,63.41408953,63.12100427,63.08013063,63.76771152,0,1
45.28000000,63.37215288,63.14055117,63.07685740,63.76977409,0,1
45.29000000,63.35361609,63.13407153,63.11709372,63.82811309,0,1
45.30000000,63.35132221,63.16660194,63.06974291,63.70549134,0,1
45.31000000,63.37129213,63.19263077,63.11515122,63.73218785,0,1
45.32000000,63.37187384,63.16850205,63.09792975,63.73936608,0,1
45.33000000,63.34327908,63.11067884,63.07002870,63.66412991,0,1
45.34000000,63.36012699,63.09969231,63.03411674,63.70232448,0,1
45.35000000,63.40002631,63.12163840,63.06195108,63.72920518,0,1
45.36000000,63.37964708,63.15579319,63.05532068,63.73964993,0,1
45.37000000,63.38054443,63.11405876,63.02826272,63.75921023,0,1
45.38000000,63.34099243,63.09969354,63.03091461,63.71392065,0,1
45.39000000,63.32015027,63.12172619,63.01772914,63.71909686,0,1
45.40000000,63.33173884,63.14614592,62.98332217,63.72145979,0,1
45.41000000,63.32029577,63.12790199,62.98389434,63.74498158,0,1
45.42000000,63.35080796,63.16568844,63.00302913,63.67718345,0,1
45.43000000,63.36374857,63.10549906,63.01433582,63.59899266,0,1
45.44000000,63.35556479,63.12003914,63.00772409,63.69156619,0,1
45.45000000,63.35853799,63.08893899,63.00052063,63.71521634,0,1
45.46000000,63.34853739,63.12120389,62.97471147,63.65576115,0,1
45.47000000,63.35423543,63.13025762,62.99902774,63.73224012,0,1
45.48000000,63.33088252,63.09626263,62.98309775,63.69232771,0,1
45.49000000,63.34993972,63.14318697,62.95095399,63.63249483,0,1
45.50000000,63.36972349,63.11756409,62.97708643,63.65810984,0,1
45.51000000,63.28694675,63.09998539,63.00958640,63.63909288,0,1
45.52000000,63.21821499,63.09891418,63.00212093,63.60979848,0,1
45.53000000,63.31964350,63.11821337,62.99267338,63.59133552,0,1
45.54000000,63.32326811,63.11708797,62.99498368,63.69072422,0,1
45.55000000,63.40529157,63.08761161,62.94984964,63.63752245,0,1
45.56000000,63.34757348,63.11366940,62.92091062,63.67018158,0,1
45.57000000,63.33286734,63.10294910,62.92726049,63.67921459,0,1
45.58000000,63.30264566,63.09307411,62.95325700,63.65077639,0,1
45.59000000,63.31435487,63.08758947,62.96630584,63.63641078,0,1
45.60000000,63.33742913,63.11689695,62.98615308,63.67413659,0,1
45.61000000,63.33603575,63.12160967,62.95071026,63.64776350,0,1
45.62000000,63.32164972,63.10256981,62.93368634,63.58996972,0,1
45.63000000,63.32655491,63.13436605,62.97567979,63.63524292,0,1
45.64000000,63.37260387,63.13429137,62.99077470,63.66576904,0,1
45.65000000,63.35181077,63.13057698,63.04908323,63.65535133,0,1
45.66000000,63.36369283,63.15273071,63.04779169,63.71453571,0,1
45.67000000,63.34641127,63.13218202,62.92983769,63.71562471,0,1
45.68000000,63.32273308,63.08700063,62.88405128,63.64788228,0,1
45.69000000,63.34980925,63.12836078,62.93188635,63.63597586,0,1
45.70000000,63.34014333,63.11082841,62.93755140,63.64770355,0,1
45.71000000,63.32529498,63.12378994,62.94734269,63.59419814,0,1
45.72000000,63.26264703,63.09018840,62.94423665,63.54460318,0,1
45.73000000,63.32479930,63.07055417,62.93203113,63.57803889,0,1
45.74000000,63.29949161,63.12817085,62.89567842,63.71443296,0,1
45.75000000,63.38577604,63.14525879,62.96335679,63.64212499,0,1
45.76000000,63.30554741,63.13061863,62.93626805,63.64462068,0,1
45.77000000,63.32157932,63.05661855,62.95164372,63.66001082,0,1
45.78000000,63.36031240,63.10387153,62.95176027,63.59743412,0,1
45.79000000,63.39477536,63.13702843,62.96288785,63.61253621,0,1
45.80000000,63.34976334,63.15861337,62.96495304,63.63819031,0,1
45.81000000,63.26903772,63.10141807,63.00135011,63.60758093,0,1
45.82000000,63.26757157,63.06797268,62.99131865,63.56049972,0,1
45.83000000,63.30774260,63.06035686,62.95472203,63.65026833,0,1
45.84000000,63.29568249,63.07942549,62.94240232,63.67963534,0,1
45.85000000,63.30386672,63.12948568,62.95956966,63.66093779,0,1
45.86000000,63.28189739,63.07410991,62.99409751,63.69869052,0,1
45.87000000,63.32207359,63.05329202,62.99211269,63.71043868,0,1
45.88000000,63.36878729,63.03004449,62.95438452,63.68239586,0,1
45.89000000,63.32849595,63.08224813,62.95737299,63.62743185,0,1
45.90000000,63.31875389,63.11274822,62.94099318,63.65795220,0,1
45.91000000,63.26862163,63.12571722,62.90950569,63.61778433,0,1
45.92000000,63.25254870,63.08972644,62.94399731,63.53979430,0,1
45.93000000,63.30900796,63.02647841,62.91082884,63.59727470,0,1
45.94000000,63.30920875,63.04709751,62.94692246,63.68421196,0,1
45.95000000,63.30408839,63.09209515,62.95756252,63.64616586,0,1
45.96000000,63.30396407,63.10127797,62.96160433,63.65800662,0,1
45.97000000,63.27691079,63.08414818,62.93391546,63.68051541,0,1
45.98000000,63.25838279,63.08431330,62.95740410,63.64903535,0,1
45.99000000,63.35189508,63.09310395,62.97727942,63.64082906,0,1
46.00000000,63.29726176,63.09267013,62.98172339,63.63899143,0,1
46.01000000,63.28446506,63.08789207,62.95604599,63.62335582,0,1
46.02000000,63.27969458,63.05014096,62.94177296,63.55720007,0,1
46.03000000,63.29557572,63.05946387,62.94567246,63.60160649,0,1
46.04000000,63.30780564,63.09024587,62.93768778,63.67758113,0,1
46.05000000,63.29442668,63.06844981,62.93227719,63.69286278,0,1
46.06000000,63.26775774,63.09365433,62.94582498,63.66859734,0,1
46.07000000,63.32506589,63.06431089,62.95606919,63.67444902,0,1
46.08000000,63.30960965,63.07460352,62.95882849,63.64816973,0,1
46.09000000,63.29679196,63.09468027,62.94289962,63.58600275,0,1
46.10000000,63.30231072,63.08137638,62.95271964,63.57440458,0,1
46.11000000,63.26286664,63.09580346,62.95781586,63.62539658,0,1
46.12000000,63.27795443,63.04082315,62.94851789,63.55634432,0,1
46.13000000,63.27724396,63.03630014,62.94562402,63.52350871,0,1
46.14000000,63.26396598,63.02386899,62.92259974,63.67570892,0,1
46.15000000,63.27060746,63.06476094,62.93710395,63.62652616,0,1
46.16000000,63.33654522,63.09440269,62.90686095,63.63797399,0,1
46.17000000,63.26681779,63.08987343,62.89303201,63.69234778,0,1
46.18000000,63.26011982,63.00402940,62.90608897,63.63367851,0,1
46.19000000,63.22261644,63.07438214,62.92528341,63.58621681,0,1
46.20000000,63.24906872,63.03961560,62.92835009,63.63100553,0,1
46.21000000,63.27424849,63.08137114,62.89913927,63.55676698,0,1
46.22000000,63.21234129,63.03503094,62.90212091,63.49609403,0,1
46.23000000,63.25439216,63.06842760,62.88393846,63.59731252,0,1
46.24000000,63.29704098,62.99987384,62.89999791,63.61921952,0,1
46.25000000,63.24894888,63.03077424,62.90613540,63.60010605,0,1
46.26000000,63.20778518,63.01121090,62.92559304,63.65963091,0,1
46.27000000,63.18925741,63.02234365,62.91492590,63.64642990,0,1
46.28000000,63.16832055,63.03716758,62.88533912,63.60069276,0,1
46.29000000,63.27302194,63.06636656,62.87929895,63.61437435,0,1
46.30000000,63.29089316,63.07491324,62.91772137,63.62174804,0,1
46.31000000,63.23955195,63.05428424,62.96328145,63.56870267,0,1
46.32000000,63.23107914,63.00518954,63.00989215,63.55930272,0,1
46.33000000,63.26919009,63.03983161,62.95407697,63.60352212,0,1
46.34000000,63.24986098,63.06487477,62.92116196,63.69703355,0,1
46.35000000,63.29312512,63.07044958,62.92511306,63.63676608,0,1
46.36000000,63.22896427,63.04822344,62.91376710,63.65141605,0,1
46.37000000,63.26733255,63.05494930,62.89877985,63.69526192,0,1
46.38000000,63.26334541,63.05111359,62.81478118,63.58123643,0,1
46.39000000,63.28716936,63.07725651,62.87912242,63.56593595,0,1
46.40000000,63.31060882,63.06677449,62.99655723,63.67334033,0,1
46.41000000,63.25955587,63.14071808,62.93289638,63.57318632,0,1
46.42000000,63.27718109,63.11461781,62.93961258,63.47564500,0,1
46.43000000,63.28960489,63.05325798,62.85510798,63.59443914,0,1
46.44000000,63.33154263,63.04865523,62.86272815,63.66733740,0,1
46.45000000,63.28051580,63.00844504,62.86792246,63.60500043,0,1
46.46000000,63.30263990,63.06922871,62.91725330,63.62585590,0,1
46.47000000,63.25880971,63.09941258,62.87796059,63.59815443,0,1
46.48000000,63.25211893,63.11445069,62.89225759,63.57186659,0,1
46.49000000,63.25869812,63.09777045,62.87549420,63.53844443,0,1
46.50000000,63.25864367,63.06797345,62.86621428,63.58222733,0,1
46.51000000,63.22291927,63.05626154,62.88104820,63.57699500,0,1
46.52000000,63.26744881,63.05014398,62.86097701,63.51463604,0,1
46.53000000,63.29122606,63.03542157,62.87036199,63.54639419,0,1
46.54000000,63.26645792,63.02516937,62.86488516,63.63777976,0,1
46.55000000,63.29225664,63.04468903,62.87125869,63.60628398,0,1
46.56000000,63.15735766,63.02554018,62.90033265,63.62254104,0,1
46.57000000,63.18387994,63.05963475,62.85975518,63.64144244,0,1
46.58000000,63.14748135,63.03062057,62.89662101,63.57903257,0,1
46.59000000,63.24944113,63.07578423,62.87652750,63.55964039,0,1
46.60000000,63.25448545,63.05949930,62.89001959,63.55555316,0,1
46.61000000,63.22976295,62.99843406,62.89150314,63.57185596,0,1
46.62000000,63.19073899,63.03319873,62.87786701,63.44938098,0,1
46.63000000,63.21853589,63.04074223,62.90597286,63.60110171,0,1
46.64000000,63.22459118,63.03815634,62.89748962,63.64710165,0,1
46.65000000,63.18809978,62.99144343,62.87180559,63.60543894,0,1
46.66000000,63.18347006,63.00942775,62.87944363,63.70875414,0,1
46.67000000,63.18959379,62.97743592,62.83362350,63.65783842,0,1
46.68000000,63.18180054,63.01411819,62.89615369,63.62622160,0,1
46.69000000,63.22088968,62.97258377,62.92051991,63.64331624,0,1
46.70000000,63.19092727,62.96432686,62.99746019,63.59650168,0,1
46.71000000,63.15441518,63.00615501,62.99114162,63.59005071,0,1
46.72000000,63.17810691,63.02053001,62.89870119,63.54117344,0,1
46.73000000,63.17761090,63.01721929,62.81606448,63.62466337,0,1
46.74000000,63.14682461,62.95620812,62.80898924,63.62854825,0,1
46.75000000,63.21550773,62.97336409,62.82502862,63.57369272,0,1
46.76000000,63.25257969,62.97372009,62.84741096,63.61357116,0,1
46.77000000,63.19799399,63.02771150,62.84041717,63.59711141,0,1
46.78000000,63.21643924,63.02658497,62.80505401,63.49674657,0,1
46.79000000,63.13683590,63.03282614,62.82578846,63.49817905,0,1
46.80000000,63.18790220,63.02611253,62.84546045,63.61585379,0,1
46.81000000,63.20117612,63.06103757,62.90595271,63.48804711,0,1
46.82000000,63.17506421,62.98933978,62.88469685,63.50689301,0,1
46.83000000,63.17393170,62.94487266,62.85151467,63.67560331,0,1
46.84000000,63.21045618,62.99392929,62.79529954,63.52843467,0,1
46.85000000,63.25168348,63.05317403,62.78177726,63.58744106,0,1
46.86000000,63.20119314,63.03357004,62.80929691,63.68915318,0,1
46.87000000,63.24644821,63.01515941,62.82828282,63.54341854,0,1
46.88000000,63.17203518,62.95811862,62.85310654,63.48937106,0,1
46.89000000,63.21226963,63.06500019,62.83487901,63.59554933,0,1
46.90000000,63.23323780,63.07055458,62.80629134,63.53614141,0,1
46.91000000,63.20424552,63.06281098,62.82030333,63.42870068,0,1
46.92000000,63.17195222,63.00184645,62.82481277,63.49215950,0,1
46.93000000,63.21813921,62.94329812,62.84491788,63.57725407,0,1
46.94000000,63.23375252,63.01999798,62.88247708,63.56124419,0,1
46.95000000,63.21672421,63.03087817,62.84341642,63.54591423,0,1
46.96000000,63.17831486,63.02379782,62.81639395,63.58230464,0,1
46.97000000,63.14265096,62.96503178,62.79903433,63.56732818,0,1
46.98000000,63.13608020,62.97341238,62.79119621,63.54520802,0,1
46.99000000,63.24863008,63.00425810,62.78244808,63.57003242,0,1
47.00000000,63.24862780,63.01062831,62.80201138,63.54704134,0,1
47.01000000,63.15837039,63.02625594,62.84770393,63.50273877,0,1
47.02000000,63.14333877,62.94033035,62.82051571,63.46070069,0,1
47.03000000,63.16185999,62.99587655,62.87071301,63.58664575,0,1
47.04000000,63.22793394,63.04748347,62.82812981,63.58326058,0,1
47.05000000,63.23766412,63.01373457,62.82914786,63.57757075,0,1
47.06000000,63.20178221,62.99235483,62.86218262,63.64383981,0,1
47.07000000,63.11513953,62.95344551,62.85815758,63.57236210,0,1
47.08000000,63.19619115,63.02730318,62.82081213,63.52373965,0,1
47.09000000,63.20225751,62.99647859,62.81966866,63.58078544,0,1
47.10000000,63.17888650,63.08528241,62.85971724,63.56560801,0,1
47.11000000,63.14730449,63.02053441,62.86159377,63.48592067,0,1
47.12000000,63.15427888,62.99923567,62.86507113,63.54707166,0,1
47.13000000,63.19833115,62.94536100,62.83766121,63.58424979,0,1
47.14000000,63.28603899,62.98701377,62.82245135,63.58266906,0,1
47.15000000,63.24263930,62.98696825,62.83953239,63.59353952,0,1
47.16000000,63.17680677,62.98922243,62.83326842,63.59775431,0,1
47.17000000,63.17801084,62.98083235,62.80848891,63.54835328,0,1
47.18000000,63.20060810,62.99436758,62.81440699,63.52892467,0,1
47.19000000,63.22899017,63.03160857,62.83949029,63.54270917,0,1
47.20000000,63.23097091,62.99450733,62.84677928,63.50019365,0,1
47.21000000,63.18694135,62.98671013,62.80707195,63.47429593,0,1
47.22000000,63.12352299,62.95180851,62.82541983,63.45684558,0,1
47.23000000,63.18018458,63.00707676,62.81343606,63.46242416,0,1
47.24000000,63.22688264,63.04084805,62.82178926,63.57444732,0,1
47.25000000,63.19871191,62.99969842,62.83759593,63.57066071,0,1
47.26000000,63.19400284,62.91834611,62.81552291,63.50002158,0,1
47.27000000,63.15748424,63.04693286,62.78982595,63.55520161,0,1
47.28000000,63.22451720,63.02655337,62.76138194,63.55541588,0,1
47.29000000,63.24572953,63.09527889,62.82675983,63.51358768,0,1
47.30000000,63.20408336,62.90873273,62.82960525,63.53974585,0,1
47.31000000,63.13250569,62.95050195,62.84335078,63.53259379,0,1
47.32000000,63.13028356,62.87983959,62.81597660,63.54207783,0,1
47.33000000,63.19606740,62.95212989,62.80637851,63.61536108,0,1
47.34000000,63.16079603,63.01377741,62.81545428,63.59007825,0,1
47.35000000,63.12448851,63.01805869,62.83203140,63.57495189,0,1
47.36000000,63.17353763,63.00888802,62.85583249,63.57646839,0,1
47.37000000,63.18895095,62.96078541,62.85853377,63.54808622,0,1
47.38000000,63.22351663,62.97394638,62.83215988,63.55026095,0,1
47.39000000,63.23204029,62.98555092,62.80904404,63.49355991,0,1
47.40000000,63.15675985,62.97520083,62.81872098,63.45526749,0,1
47.41000000,63.13655540,62.97889490,62.82712671,63.46503243,0,1
47.42000000,63.12893193,62.96656184,62.80839787,63.45018297,0,1
47.43000000,63.13025682,62.94210796,62.80915166,63.54488943,0,1
47.44000000,63.15216931,62.92215658,62.81865036,63.60739477,0,1
47.45000000,63.17215931,62.96597989,62.83403170,63.65750093,0,1
47.46000000,63.18023226,62.96220195,62.82920017,63.63583408,0,1
47.47000000,63.10287749,62.96483854,62.84437370,63.50361856,0,1
47.48000000,63.15911809,62.96530485,62.86747866,63.62405759,0,1
47.49000000,63.17468007,62.99316773,62.82590475,63.54443632,0,1
47.50000000,63.16830085,62.94462689,62.89416075,63.51618352,0,1
47.51000000,63.18666955,62.96135475,62.81855700,63.51193085,0,1
47.52000000,63.19031190,62.90766627,62.81286964,63.49651864,0,1
47.53000000,63.13797378,62.96475314,62.82690517,63.53366449,0,1
47.54000000,63.16267791,63.00605630,62.81495755,63.53719658,0,1
47.55000000,63.19103856,62.97949527,62.83319472,63.51868265,0,1
47.56000000,63.18451964,62.93448840,62.82886303,63.55120141,0,1
47.57000000,63.17058289,62.91247438,62.80915796,63.53240177,0,1
47.58000000,63.19263826,62.98288439,62.80934349,63.50644596,0,1
47.59000000,63.20736509,63.01778406,62.81057860,63.55015807,0,1
47.60000000,63.17270673,63.02268146,62.84690825,63.51402468,0,1
47.61000000,63.19920979,62.99636158,62.85071107,63.45395903,0,1
47.62000000,63.21697716,62.98483607,62.82810000,63.56133744,0,1
47.63000000,63.21474096,63.00502712,62.87930431,63.62090829,0,1
47.64000000,63.23105574,63.00457338,62.83745527,63.56218086,0,1
47.65000000,63.24050074,62.98212076,62.84278826,63.60068243,0,1
47.66000000,63.21038121,62.98547439,62.81576689,63.56727743,0,1
47.67000000,63.24328709,63.02260017,62.82321941,63.48734698,0,1
47.68000000,63.22962033,63.02747729,62.80908590,63.49136972,0,1
47.69000000,63.24646124,63.03374180,62.82744837,63.51869504,0,1
47.70000000,63.21525590,62.96087123,62.80549440,63.43635200,0,1
47.71000000,63.16915971,63.00400864,62.83207962,63.35722993,0,1
47.72000000,63.22306779,62.98696172,62.79449743,63.51943375,0,1
47.73000000,63.15804581,62.99697118,62.76128993,63.48144681,0,1
47.74000000,63.18945555,63.01347855,62.77447720,63.52303984,0,1
47.75000000,63.18511970,62.99153907,62.78184199,63.54231140,0,1
47.76000000,63.18584434,62.96865373,62.85153091,63.54284856,0,1
47.77000000,63.24669275,62.98327551,62.81829414,63.51953581,0,1
47.78000000,63.21602449,63.03315521,62.79379939,63.46810431,0,1
47.79000000,63.19493165,63.00709900,62.79119983,63.47232360,0,1
47.80000000,63.19374827,63.04273406,62.81349366,63.50888122,0,1
47.81000000,63.16084440,62.98752461,62.81769332,63.45870742,0,1
47.82000000,63.15535554,62.95137646,62.81586842,63.51916081,0,1
47.83000000,63.16330989,62.97061968,62.84850542,63.61202526,0,1
47.84000000,63.18930660,63.00317381,62.82988347,63.58806943,0,1
47.85000000,63.19735491,63.02281530,62.81729213,63.59837935,0,1
47.86000000,63.16621919,63.02421428,62.84496213,63.59031929,0,1
47.87000000,63.17659130,63.00389183,62.88069871,63.55016750,0,1
47.88000000,63.18771663,63.02550049,62.88015335,63.52228193,0,1
47.89000000,63.18934343,63.04299279,62.86319329,63.56577096,0,1
47.90000000,63.18572464,63.03503455,62.85126664,63.52176891,0,1
47.91000000,63.19980352,63.01039450,62.82573865,63.48505229,0,1
47.92000000,63.15743560,62.98232597,62.82056033,63.60186306,0,1
47.93000000,63.17624099,62.99736036,62.85344747,63.59156415,0,1
47.94000000,63.17434035,63.03923009,62.83583226,63.60451781,0,1
47.95000000,63.16271968,63.06304046,62.84709512,63.64360787,0,1
47.96000000,63.13427702,63.02946108,62.83612941,63.59424070,0,1
47.97000000,63.14903257,63.00062343,62.83209371,63.55210019,0,1
47.98000000,63.14704067,62.96323233,62.79124754,63.56333022,0,1
47.99000000,63.17206812,62.97501942,62.79022007,63.57277366,0,1
48.00000000,63.16130884,63.00723913,62.80978440,63.51824091,0,1
48.01000000,63.15151302,63.02188378,62.82168013,63.52011695,0,1
48.02000000,63.15321550,63.03242334,62.82176567,63.55836462,0,1
48.03000000,63.13191999,63.00402517,62.83639328,63.58244543,0,1
48.04000000,63.17340929,63.03673250,62.76735175,63.59037514,0,1
48.05000000,63.19056938,63.02202011,62.80025795,63.61122154,0,1
48.06000000,63.13831054,63.00316271,62.83316891,63.55935250,0,1
48.07000000,63.14575240,63.02930169,62.85143155,63.53866664,0,1
48.08000000,63.16640969,63.06030490,62.83616000,63.55582627,0,1
48.09000000,63.19055454,63.06186407,62.83147117,63.54895481,0,1
48.10000000,63.16438546,63.03222341,62.82505934,63.53383022,0,1
48.11000000,63.14740775,63.00755563,62.83064924,63.50836458,0,1
48.12000000,63.11342692,62.94004389,62.82832905,63.64283416,0,1
48.13000000,63.12894971,62.99214175,62.84446425,63.61807449,0,1
48.14000000,63.13692367,63.01833013,62.80204591,63.62048723,0,1
48.15000000,63.18022285,63.05356260,62.79237210,63.67290724,0,1
48.16000000,63.11416829,63.05624677,62.81596305,63.62717605,0,1
48.17000000,63.14866432,62.99705431,62.82744154,63.58131660,0,1
48.18000000,63.17489156,63.04741177,62.79234248,63.58582400,0,1
48.19000000,63.19388415,62.96994322,62.78036198,63.53798419,0,1
48.20000000,63.12545077,63.00049769,62.79143546,63.43426638,0,1
48.21000000,63.11784914,63.01635306,62.78936286,63.49597654,0,1
48.22000000,63.12707935,63.03270535,62.77354964,63.58847145,0,1
48.23000000,63.12061077,63.01925818,62.78649318,63.55164920,0,1
48.24000000,63.12923646,62.98478157,62.78877383,63.58909070,0,1
48.25000000,63.11543203,62.98205885,62.76628259,63.59860753,0,1
48.26000000,63.13457869,62.97300854,62.75947328,63.55529004,0,1
48.27000000,63.10394407,62.97689499,62.74642886,63.49657112,0,1
48.28000000,63.07951663,63.01327405,62.76809095,63.53645050,0,1
48.29000000,63.13246710,63.01971196,62.79800089,63.54236899,0,1
48.30000000,63.10425307,63.03353941,62.79117277,63.51336079,0,1
48.31000000,63.12984992,63.00565821,62.81291299,63.55056869,0,1
48.32000000,63.08128987,62.99116465,62.76253003,63.62143117,0,1
48.33000000,63.10603788,62.98260500,62.77645908,63.56450319,0,1
48.34000000,63.06749403,63.00405483,62.77262486,63.60900263,0,1
48.35000000,63.16555751,63.03262858,62.80188819,63.69850985,0,1
48.36000000,63.15767974,63.07474492,62.81381255,63.57433907,0,1
48.37000000,63.09168010,63.01128080,62.77031362,63.56917173,0,1
48.38000000,63.08020530,63.03306311,62.77540072,63.63005408,0,1
48.39000000,63.11090793,63.03888614,62.74419092,63.54274180,0,1
48.40000000,63.14819752,63.00082348,62.75074486,63.45423260,0,1
48.41000000,63.08864190,63.02287726,62.71778365,63.54594006,0,1
48.42000000,63.11306031,63.02125982,62.77624239,63.59391261,0,1
48.43000000,63.18412010,63.06913079,62.77981732,63.57775553,0,1
48.44000000,63.16626999,63.07540703,62.75570308,63.64529317,0,1
48.45000000,63.12217502,63.02739775,62.76702878,63.66075542,0,1
48.46000000,63.15146291,63.01888938,62.77980803,63.58591260,0,1
48.47000000,63.19062087,63.04235761,62.77369015,63.57127682,0,1
48.48000000,63.16207223,63.08808251,62.77022830,63.52125782,0,1
48.49000000,63.18165456,63.05287357,62.75055999,63.50200500,0,1
48.50000000,63.16746732,63.08598069,62.76587583,63.49851128,0,1
48.51000000,63.12522630,63.05030026,62.77902610,63.52468116,0,1
48.52000000,63.12649894,63.03385291,62.78422896,63.56078218,0,1
48.53000000,63.13353772,63.03645987,62.74726878,63.58740026,0,1
48.54000000,63.14103270,63.00803996,62.71636459,63.59177704,0,1
48.55000000,63.10657450,62.99674095,62.67909331,63.62199232,0,1
48.56000000,63.12116884,63.03289600,62.73762428,63.56997804,0,1
48.57000000,63.07378081,63.02749632,62.74125586,63.53266363,0,1
48.58000000,63.06655304,63.08085209,62.75260110,63.51986718,0,1
48.59000000,63.07395153,63.06537867,62.79885353,63.50068604,0,1
48.60000000,63.20824570,63.05031054,62.73635181,63.50229796,0,1
48.61000000,63.18165582,63.06500988,62.76075157,63.52003264,0,1
48.62000000,63.13112509,62.99194808,62.75392888,63.59591590,0,1
48.63000000,63.05060884,62.99346097,62.72094761,63.58441792,0,1
48.64000000,63.05348809,63.00460770,62.75634673,63.65758961,0,1
48.65000000,63.06009815,63.07386601,62.74498738,63.66243941,0,1
48.66000000,63.03093362,63.04096669,62.75818732,63.59488131,0,1
48.67000000,63.03534180,62.98955613,62.75574206,63.59081818,0,1
48.68000000,63.06739568,62.99983963,62.77416269,63.59589743,0,1
48.69000000,63.14420387,63.00574949,62.78526428,63.54291741,0,1
48.70000000,63.07948002,63.00722329,62.76355013,63.56748875,0,1
48.71000000,63.03577401,62.94089313,62.80057461,63.59178115,0,1
48.72000000,63.05490633,62.94630453,62.77549649,63.62939574,0,1
48.73000000,63.11469124,62.96341423,62.72515169,63.62547712,0,1
48.74000000,63.09092625,63.04055663,62.64483815,63.64786873,0,1
48.75000000,63.07951236,63.04232463,62.68356249,63.66352890,0,1
48.76000000,63.10002089,63.00140925,62.76125671,63.59350797,0,1
48.77000000,63.07683519,62.94374099,62.78674641,63.55813113,0,1
48.78000000,63.09928768,62.96957721,62.78856504,63.49950946,0,1
48.79000000,63.10031101,62.99375033,62.83967383,63.49605841,0,1
48.80000000,63.11863362,62.97359896,62.78953092,63.46410657,0,1
48.81000000,63.10957804,62.99243386,62.75850474,63.44797971,0,1
48.82000000,63.05706777,62.95461139,62.73781318,63.58384410,0,1
48.83000000,63.08663467,62.96975131,62.71467861,63.62442657,0,1
48.84000000,63.07361984,62.98762433,62.71943852,63.63093802,0,1
48.85000000,63.06952845,62.97839391,62.68549219,63.61717947,0,1
48.86000000,63.04682748,62.98695653,62.70463275,63.57949945,0,1
48.87000000,63.06835090,62.97521097,62.69408353,63.52432881,0,1
48.88000000,63.12902171,62.95747188,62.71077263,63.53718813,0,1
48.89000000,63.11039269,62.94519635,62.72973924,63.48575059,0,1
48.90000000,63.07032026,62.93821668,62.73895606,63.46835290,0,1
48.91000000,63.12044018,62.96788770,62.73102043,63.53755667,0,1
48.92000000,63.14402473,63.00994106,62.72087547,63.58148464,0,1
48.93000000,63.12527791,63.02773864,62.69392087,63.55569836,0,1
48.94000000,63.09344558,63.01754031,62.68819986,63.55336859,0,1
48.95000000,63.05248891,63.00782499,62.71532234,63.59131052,0,1
48.96000000,63.05063651,63.03024112,62.73229843,63.54546005,0,1
48.97000000,63.10257442,62.98970223,62.77591805,63.45787920,0,1
48.98000000,63.10867512,62.97205485,62.73914799,63.49328573,0,1
48.99000000,63.14315283,62.94665756,62.72336488,63.44945682,0,1
49.00000000,63.06954673,62.96879114,62.71644878,63.43512935,0,1
49.01000000,63.05967616,63.06342902,62.73489008,63.59772819,0,1
49.02000000,63.07743047,63.04088623,62.72554167,63.56071900,0,1
49.03000000,63.14769072,62.98273195,62.72760215,63.54242444,0,1
49.04000000,63.10759258,62.94105064,62.70358592,63.63173809,0,1
49.05000000,63.14512446,62.95209559,62.67606251,63.57620269,0,1
49.06000000,63.09005532,63.01463728,62.69352452,63.49403712,0,1
49.07000000,63.08193242,63.06599790,62.73397292,63.55263589,0,1
49.08000000,63.06676985,63.04102033,62.76178552,63.51385822,0,1
49.09000000,63.09708777,62.96087827,62.74216416,63.41258621,0,1
49.10000000,63.15141946,62.91047734,62.74109015,63.42574989,0,1
49.11000000,63.14006277,62.93958643,62.69095367,63.52216050,0,1
49.12000000,63.05950490,63.00418135,62.69952406,63.53116576,0,1
49.13000000,63.02509803,63.01218701,62.72778535,63.51914550,0,1
49.14000000,63.01649369,62.95500723,62.70174012,63.57287745,0,1
49.15000000,63.09042597,62.96888772,62.66566681,63.54739267,0,1
49.16000000,63.15556313,62.97370349,62.66422743,63.51481907,0,1
49.17000000,63.08033339,62.92959983,62.67837902,63.54404891,0,1
49.18000000,63.09843831,62.92512024,62.76681980,63.52127303,0,1
49.19000000,63.15880242,62.95198037,62.79996917,63.43581783,0,1
49.20000000,63.19310743,62.95419305,62.80025206,63.42096921,0,1
49.21000000,63.16487189,62.98123731,62.82536305,63.55243717,0,1
49.22000000,63.07610090,62.99453762,62.82974207,63.55703518,0,1
49.23000000,63.12029765,62.97773480,62.76660226,63.48859714,0,1
49.24000000,63.15920297,62.92152796,62.79721892,63.64529551,0,1
49.25000000,63.12941980,62.96993465,62.79067414,63.59206404,0,1
49.26000000,63.20656951,62.93474311,62.79701398,63.43073396,0,1
49.27000000,63.20231934,62.89401074,62.79765042,63.53845103,0,1
49.28000000,63.11071265,62.95715298,62.78972463,63.49959168,0,1
49.29000000,63.13330272,62.97625756,62.81698205,63.42331610,0,1
49.30000000,63.05889668,62.96978377,62.74602589,63.47224488,0,1
49.31000000,63.13230781,62.92974534,62.77096659,63.52072974,0,1
49.32000000,63.13085153,62.89498930,62.71882364,63.53012666,0,1
49.33000000,63.11418217,62.89226958,62.67515559,63.55433012,0,1
49.34000000,63.08308682,62.95772425,62.74978191,63.55595908,0,1
49.35000000,63.11222814,62.98179823,62.79613878,63.53848087,0,1
49.36000000,63.10368755,62.98501311,62.77029057,63.51274078,0,1
49.37000000,63.08279411,62.96158773,62.76121303,63.46281716,0,1
49.38000000,63.07865228,62.98638936,62.77536983,63.49470985,0,1
49.39000000,63.15464620,62.90647906,62.69491041,63.47749375,0,1
49.40000000,63.12079355,62.87816325,62.73366041,63.42713757,0,1
49.41000000,63.14270690,62.88755942,62.70969219,63.50539245,0,1
49.42000000,63.04037113,62.89230736,62.71157963,63.54773160,0,1
49.43000000,63.04361702,62.94661844,62.82478038,63.46672623,0,1
49.44000000,63.02330685,62.90318845,62.74096061,63.50256462,0,1
49.45000000,63.03776423,62.95287678,62.76559915,63.57044372,0,1
49.46000000,63.12064483,62.97528102,62.71834286,63.49305175,0,1
49.47000000,63.07451246,62.92477878,62.75762965,63.47088995,0,1
49.48000000,63.03409751,62.98556405,62.77594821,63.53270439,0,1
49.49000000,63.07785473,63.00836495,62.74943862,63.43775114,0,1
49.50000000,63.10959769,62.95056358,62.77872402,63.44437875,0,1
49.51000000,63.10230347,62.88767003,62.82319520,63.59491106,0,1
49.52000000,63.15199585,62.90740772,62.78031856,63.53489484,0,1
49.53000000,63.09434397,62.95151158,62.71960674,63.57892886,0,1
49.54000000,63.12430708,63.00247622,62.76587132,63.62629854,0,1
49.55000000,63.07571547,63.01854627,62.80661128,63.55567513,0,1
49.56000000,63.12801954,62.97946253,62.76710954,63.50301789,0,1
49.57000000,63.08565513,62.92270347,62.78372827,63.51694397,0,1
49.58000000,63.08920865,62.96459482,62.74466713,63.47747965,0,1
49.59000000,63.14254438,62.97688485,62.74093828,63.43947570,0,1
49.60000000,63.16499438,62.98250762,62.76809643,63.38504352,0,1
49.61000000,63.10872596,62.95008762,62.76838294,63.45752088,0,1
49.62000000,63.06594890,62.90053912,62.75614743,63.50877523,0,1
49.63000000,63.06949774,62.93377867,62.70657828,63.54396419,0,1
49.64000000,63.06300429,62.99342752,62.62641485,63.57059071,0,1
49.65000000,63.04919144,62.95380350,62.67829218,63.50737391,0,1
49.66000000,63.06440059,62.93686939,62.65421405,63.47106167,0,1
49.67000000,63.07551590,62.86061013,62.69043093,63.45620364,0,1
49.68000000,63.10869362,62.91606960,62.70701233,63.46020768,0,1
49.69000000,63.19305117,62.91220012,62.70834636,63.41888387,0,1
49.70000000,63.15689546,62.94542144,62.73702819,63.45435623,0,1
49.71000000,63.08316045,62.99638850,62.74135457,63.52023189,0,1
49.72000000,63.01772492,62.86723398,62.77302951,63.50438237,0,1
49.73000000,63.07099090,62.90993235,62.76269113,63.52454646,0,1
49.74000000,63.07669110,62.93100403,62.75107656,63.56678284,0,1
49.75000000,63.09441337,62.94713759,62.81172462,63.54451638,0,1
49.76000000,63.11377385,62.93403049,62.82657866,63.47807609,0,1
49.77000000,63.13825504,62.92864757,62.88506900,63.50260823,0,1
49.78000000,63.14001401,62.95437080,62.85054023,63.46238907,0,1
49.79000000,63.17919457,62.95702215,62.81696001,63.41716949,0,1
49.80000000,63.14788591,62.96902977,62.77578395,63.45226294,0,1
49.81000000,63.08909345,62.96149707,62.68271796,63.55200665,0,1
49.82000000,63.07989387,62.94204603,62.67082102,63.52732642,0,1
49.83000000,63.10387473,62.89560684,62.66501224,63.52663044,0,1
49.84000000,63.12831100,62.92921292,62.69653663,63.56294103,0,1
49.85000000,63.11608125,62.95036498,62.73084915,63.55912257,0,1
49.86000000,63.11560339,62.91306336,62.75360124,63.48164155,0,1
49.87000000,63.07461438,62.88964673,62.77267142,63.47430526,0,1
49.88000000,63.06660478,62.90704950,62.75187880,63.55284473,0,1
49.89000000,63.14511827,62.90704760,62.76167416,63.39282402,0,1
49.90000000,63.14297615,62.85167623,62.73422975,63.33715348,0,1
49.91000000,63.08291648,62.98894181,62.68342291,63.63748998,0,1
49.92000000,63.03884637,62.92217149,62.68027757,63.48879534,0,1
49.93000000,63.03286783,62.92572547,62.66291982,63.45794634,0,1
49.94000000,63.08106987,62.86896007,62.73100173,63.54400317,0,1
49.95000000,63.12212787,62.83648095,62.73442279,63.47315001,0,1
49.96000000,63.05786520,62.87623965,62.72030513,63.32465671,0,1
49.97000000,63.00723227,62.89093777,62.70654929,63.40752398,0,1
49.98000000,62.94809513,62.86493238,62.69014523,63.42739701,0,1
49.99000000,63.02669113,62.84663609,62.67144193,63.36603509,0,1
