time_s,wheel0_corrected_rad_s,wheel1_corrected_rad_s,wheel2_corrected_rad_s,wheel3_corrected_rad_s,FL_blowout_signal,RR_blowout_signal
0.00000000,57.35674556,57.09709688,56.96767984,56.95742945,0,0
0.01000000,57.30361935,57.09231453,56.95388729,56.97330154,0,0
0.02000000,57.31854404,57.08683118,56.94470396,57.08719653,0,0
0.03000000,57.37400712,57.10851131,56.96955380,57.15341658,0,0
0.04000000,57.34902874,57.11983654,56.98474748,57.15150391,0,0
0.05000000,57.34881586,57.14294659,56.97450788,57.08229536,0,0
0.06000000,57.37198410,57.15704913,56.99029620,56.97976492,0,0
0.07000000,57.35589121,57.17208764,56.95846177,56.97769638,0,0
0.08000000,57.40377902,57.14156855,56.93565294,56.97916723,0,0
0.09000000,57.38156395,57.07503608,56.91071699,57.15234837,0,0
0.10000000,57.34327193,57.07396133,56.98793095,57.19736906,0,0
0.11000000,57.34704157,57.15438803,57.02075530,57.16346489,0,0
0.12000000,57.34740630,57.16498055,57.03627455,57.03392861,0,0
0.13000000,57.40731984,57.17362562,56.96427960,56.92998047,0,0
0.14000000,57.39849184,57.13035633,56.94469565,56.96012460,0,0
0.15000000,57.34763522,57.08872297,57.00042099,57.04336076,0,0
0.16000000,57.33796314,57.11280368,57.00200543,57.17339050,0,0
0.17000000,57.38588464,57.17660631,57.05814969,57.19595892,0,0
0.18000000,57.37574551,57.15524409,56.95946082,57.17121897,0,0
0.19000000,57.38811157,57.11265289,56.91282841,57.02745923,0,0
0.20000000,57.34723573,57.14621573,56.94857266,56.99481112,0,0
0.21000000,57.36964937,57.10788379,56.98011556,57.00484399,0,0
0.22000000,57.38382670,57.15027215,57.02783596,57.04364602,0,0
0.23000000,57.29603071,57.09499003,57.00086669,57.21188547,0,0
0.24000000,57.29767227,57.09822752,56.99660541,57.17584052,0,0
0.25000000,57.37666048,57.08933416,56.98302622,57.10367144,0,0
0.26000000,57.43550134,57.18123827,56.99964158,56.99219518,0,0
0.27000000,57.38718388,57.19911971,56.96249654,56.94497387,0,0
0.28000000,57.33821874,57.16546625,56.97409480,57.00395783,0,0
0.29000000,57.29238139,57.12937891,57.02930467,57.17142918,0,0
0.30000000,57.39038462,57.12933429,57.03744785,57.24272432,0,0
0.31000000,57.44380281,57.14386870,57.02398224,57.25833626,0,0
0.32000000,57.36400433,57.08273333,56.98366644,57.18023124,0,0
0.33000000,57.36141036,57.13067346,57.01923857,56.95020381,0,0
0.34000000,57.32206984,57.15861825,57.00699533,56.96686589,0,0
0.35000000,57.35485974,57.12358595,57.01053375,57.00597135,0,0
0.36000000,57.39686450,57.15152488,56.94176384,57.03191266,0,0
0.37000000,57.32088514,57.10141661,57.02619182,57.18475829,0,0
0.38000000,57.40682421,57.16501652,56.96866764,57.16259654,0,0
0.39000000,57.31339982,57.09180247,57.05415424,57.07876127,0,0
0.40000000,57.36707105,57.21012595,56.93364969,57.01040878,0,0
0.41000000,57.41077106,57.15900997,56.92684724,56.97818388,0,0
0.42000000,57.41755612,57.18057954,56.96057451,57.01563424,0,0
0.43000000,57.29920544,57.07675070,57.02242603,57.18520661,0,0
0.44000000,57.31438552,57.04923080,57.10992427,57.20014698,0,0
0.45000000,57.31479640,57.11030096,56.94600474,57.19088074,0,0
0.46000000,57.40775381,57.08227446,56.97620568,57.04185097,0,0
0.47000000,57.36398168,57.09911825,56.92022026,56.95877785,0,0
0.48000000,57.35516206,57.12783920,56.99810674,56.96408787,0,0
0.49000000,57.35404996,57.12742888,57.00442344,57.05619935,0,0
0.50000000,57.34182094,57.15522613,57.04301642,57.21446844,0,0
0.51000000,57.30578512,57.08649668,57.00743630,57.24225014,0,0
0.52000000,57.32093508,57.08580118,56.93100444,57.13405510,0,0
0.53000000,57.37307720,57.14715627,56.96403551,57.09726144,0,0
0.54000000,57.35658805,57.11725176,56.95669917,56.96615425,0,0
0.55000000,57.33687886,57.12496024,57.03167783,56.94846929,0,0
0.56000000,57.30543405,57.05410739,56.95347725,56.97404550,0,0
0.57000000,57.29318703,57.02421190,56.97453995,57.14610844,0,0
0.58000000,57.38238768,57.01796869,57.03402644,57.15582023,0,0
0.59000000,57.30225974,57.10132747,56.99888812,57.07312094,0,0
0.60000000,57.33505937,57.13205041,56.98566797,57.05360016,0,0
0.61000000,57.25500443,57.11722720,56.96395432,56.98636745,0,0
0.62000000,57.36036222,57.14099920,56.97380511,57.02848824,0,0
0.63000000,57.34929225,57.11997363,56.94303801,57.17097876,0,0
0.64000000,57.30316250,57.05981098,57.00998568,57.21824031,0,0
0.65000000,57.27005232,57.03384220,57.03967080,57.18567560,0,0
0.66000000,57.30061040,57.07754549,57.06974674,57.04459775,0,0
0.67000000,57.37381955,57.11819785,57.01025156,56.93630580,0,0
0.68000000,57.37881224,57.10652238,56.95923906,56.93357084,0,0
0.69000000,57.31211144,57.09170332,56.95119026,56.90876050,0,0
0.70000000,57.22082895,57.08414203,56.94904255,57.09963392,0,0
0.71000000,57.29626970,57.07927342,57.00514002,57.20632825,0,0
0.72000000,57.36163984,57.10074166,56.99063912,57.22608205,0,0
0.73000000,57.37065916,57.04015934,56.97498359,57.12171729,0,0
0.74000000,57.29794118,57.09685583,56.92195702,57.00262448,0,0
0.75000000,57.27311489,57.15887635,56.95092813,56.99114216,0,0
0.76000000,57.29865092,57.12450965,57.02633408,56.99014861,0,0
0.77000000,57.31700135,57.07811103,57.00911169,57.13507277,0,0
0.78000000,57.34935607,57.03530725,57.01135733,57.13053065,0,0
0.79000000,57.41049946,57.07226175,56.97135160,57.14535256,0,0
0.80000000,57.39578120,57.10677597,56.98619632,57.04933287,0,0
0.81000000,57.26840735,57.16208461,56.92662916,56.93081417,0,0
0.82000000,57.26002544,57.11088335,56.90923339,56.91363817,0,0
0.83000000,57.29928732,57.08657922,56.99015388,57.02478100,0,0
0.84000000,57.35636505,57.05911877,56.98892848,57.18791251,0,0
0.85000000,57.36586636,57.10485280,56.98926165,57.17857063,0,0
0.86000000,57.30672722,57.12535923,56.91641823,57.14831325,0,0
0.87000000,57.32814854,57.09496237,56.92183520,57.02721797,0,0
0.88000000,57.33053729,57.11805692,56.97142298,56.93071985,0,0
0.89000000,57.35680203,57.08071699,56.99586560,56.93955369,0,0
0.90000000,57.31890895,57.08998922,57.02224855,57.05449119,0,0
0.91000000,57.31042209,57.05281688,56.96570074,57.11715193,0,0
0.92000000,57.34097536,57.10350372,56.95014830,57.14386989,0,0
0.93000000,57.37376926,57.12565792,56.88495777,57.07306985,0,0
0.94000000,57.37504186,57.14554113,56.89926732,56.97038015,0,0
0.95000000,57.33609032,57.16455121,56.95444009,56.97019068,0,0
0.96000000,57.36009014,57.15190385,57.00495978,56.97980440,0,0
0.97000000,57.33883749,57.11333565,57.00501382,57.13743024,0,0
0.98000000,57.33048596,57.03134572,56.99431828,57.20606098,0,0
0.99000000,57.36632277,57.07607553,56.97905730,57.15240344,0,0
1.00000000,57.35475052,57.10661673,56.98951644,57.07074269,0,0
1.01000000,57.34423834,57.13799890,56.96540951,56.96008629,0,0
1.02000000,57.31915167,57.15766743,56.95328599,56.93700351,0,0
1.03000000,57.33608335,57.10055758,56.97897441,56.93185134,0,0
1.04000000,57.35868479,57.09806980,56.95218345,57.07262018,0,0
1.05000000,57.34138196,57.09937617,56.96791463,57.16077045,0,0
1.06000000,57.36250780,57.14848293,56.98379634,57.16452494,0,0
1.07000000,57.36070889,57.08566642,56.93338426,57.10053681,0,0
1.08000000,57.30862461,57.09452706,56.92019020,56.99078175,0,0
1.09000000,57.31660435,57.08144756,56.92965934,56.93664154,0,0
1.10000000,57.36411106,57.03853894,56.99028762,56.93707071,0,0
1.11000000,57.31096046,57.10062927,56.94654461,57.08731942,0,0
1.12000000,57.39158492,57.07159172,56.94564826,57.08666532,0,0
1.13000000,57.31248762,57.11524427,56.94593497,57.12087578,0,0
1.14000000,57.33426798,57.10012050,56.98630553,57.04223520,0,0
1.15000000,57.39581322,57.13032094,56.99448519,56.93767857,0,0
1.16000000,57.35817176,57.07830024,56.98865100,57.00754048,0,0
1.17000000,57.39662488,57.10315182,57.09150333,57.07709498,0,0
1.18000000,57.33534387,57.07558264,56.98009187,57.14638584,0,0
1.19000000,57.33260196,57.07347112,56.97917633,57.22480273,0,0
1.20000000,57.28736780,57.06240122,56.95173435,57.10764717,0,0
1.21000000,57.42241628,57.09572780,57.05400797,56.96187777,0,0
1.22000000,57.33137185,57.14232258,56.99981217,56.94518108,0,0
1.23000000,57.44896746,57.08313788,56.99426304,56.97471003,0,0
1.24000000,57.33381436,57.10066684,57.03056830,57.05962503,0,0
1.25000000,57.37064835,57.08198164,57.01122210,57.13169180,0,0
1.26000000,57.33057388,57.05821263,57.00925733,57.14452594,0,0
1.27000000,57.32132995,57.11240463,57.02568924,57.08474777,0,0
1.28000000,57.40316972,57.09978916,56.99627690,56.97835091,0,0
1.29000000,57.49124483,57.18436469,56.97392438,56.99162191,0,0
1.30000000,57.38336729,57.10743629,56.94250927,56.99678339,0,0
1.31000000,57.42118813,57.10986097,56.95428639,57.06950064,0,0
1.32000000,57.32922434,57.07110399,57.04327435,57.17148632,0,0
1.33000000,57.38335453,57.08748873,57.11927547,57.15705853,0,0
1.34000000,57.44488848,57.08425971,57.00363576,57.09921182,0,0
1.35000000,57.39651503,57.11496818,57.06406553,56.96211958,0,0
1.36000000,57.39512582,57.18372963,56.93239306,56.90018967,0,0
1.37000000,57.37359876,57.12006338,56.97134180,56.90038572,0,0
1.38000000,57.33081273,57.10882453,57.02094207,57.04773272,0,0
1.39000000,57.37687099,57.03973291,57.03677097,57.18277435,0,0
1.40000000,57.38015493,57.07712649,57.02937804,57.16202509,0,0
1.41000000,57.37829759,57.10145203,57.01479545,57.14687215,0,0
1.42000000,57.35316655,57.11857181,56.96569399,56.99202663,0,0
1.43000000,57.39322340,57.13696463,56.94023937,56.88685794,0,0
1.44000000,57.38423413,57.06260670,56.97436996,56.90688479,0,0
1.45000000,57.35631983,57.04856539,56.96778045,57.03495798,0,0
1.46000000,57.34434896,57.05683742,56.99845645,57.10446910,0,0
1.47000000,57.31842239,57.13342242,56.98909814,57.10867503,0,0
1.48000000,57.36484077,57.06244824,56.96268976,57.05344177,0,0
1.49000000,57.29953397,57.08454401,57.00671614,56.98201561,0,0
1.50000000,57.38851773,57.10794077,56.96040680,56.97282800,0,0
1.51000000,57.42140827,57.14240270,57.02541177,57.03671109,0,0
1.52000000,57.33411134,57.10182278,57.01892469,57.18793978,0,0
1.53000000,57.33979704,57.01372851,57.05449699,57.20074620,0,0
1.54000000,57.30822192,57.05048678,57.05485099,57.17666594,0,0
1.55000000,57.41524808,57.10296612,57.00375586,57.01608235,0,0
1.56000000,57.37199786,57.14505206,56.98059730,56.92573607,0,0
1.57000000,57.33086344,57.09233364,56.95143661,56.93263829,0,0
1.58000000,57.29074881,57.04453946,56.99067898,56.96430024,0,0
1.59000000,57.33869238,57.06489892,56.99616045,57.17010885,0,0
1.60000000,57.38684726,57.12757477,57.09066988,57.21655801,0,0
1.61000000,57.40040029,57.10032731,57.02373586,57.18752844,0,0
1.62000000,57.42221494,57.10381780,56.99395980,57.08626364,0,0
1.63000000,57.35126842,57.12984079,56.99985643,57.01125068,0,0
1.64000000,57.36898325,57.09301147,57.02712002,56.98680115,0,0
1.65000000,57.36250958,57.09269681,57.05147949,56.99373000,0,0
1.66000000,57.36848992,57.06568838,57.00820893,57.10873588,0,0
1.67000000,57.35043408,57.05137496,57.01804432,57.13666633,0,0
1.68000000,57.29998794,57.09858579,57.02590336,57.11385663,0,0
1.69000000,57.34182692,57.13546471,57.00901643,56.98289949,0,0
1.70000000,57.37302914,57.16855496,56.98206415,56.92657826,0,0
1.71000000,57.40806620,57.10222318,57.01152814,56.95643290,0,0
1.72000000,57.41739449,57.10189375,57.05603536,57.06279912,0,0
1.73000000,57.37572358,57.09883317,57.00316142,57.21378673,0,0
1.74000000,57.42632726,57.11004627,57.03136028,57.21871937,0,0
1.75000000,57.41778042,57.10843289,56.98737848,57.17703558,0,0
1.76000000,57.45883948,57.11660742,57.00151035,57.01534639,0,0
1.77000000,57.41895526,57.16697629,56.97979356,56.96111788,0,0
1.78000000,57.42928356,57.15516252,56.97000072,56.97004539,0,0
1.79000000,57.38388720,57.16039160,57.05790322,57.00404982,0,0
1.80000000,57.42457049,57.11249437,57.04539986,57.15225451,0,0
1.81000000,57.41683582,57.09238278,57.03876264,57.16628258,0,0
1.82000000,57.41081816,57.09255063,57.03909415,57.13314592,0,0
1.83000000,57.41065867,57.14741185,57.10273239,57.01919518,0,0
1.84000000,57.39141179,57.18788594,56.96209645,56.98514834,0,0
1.85000000,57.38247401,57.11045189,56.97819509,56.97605134,0,0
1.86000000,57.37263825,57.05097386,57.02917351,57.02960318,0,0
1.87000000,57.35182391,57.02288499,57.02602634,57.15809104,0,0
1.88000000,57.37519636,57.08305462,57.04371128,57.13256280,0,0
1.89000000,57.43454059,57.07781544,56.96902531,57.04818115,0,0
1.90000000,57.38371227,57.12117092,56.99460095,56.99844098,0,0
1.91000000,57.40213599,57.16728777,56.96543057,56.89469360,0,0
1.92000000,57.38124922,57.13676698,56.98201146,56.93958148,0,0
1.93000000,57.27285115,57.09694352,57.10018239,57.12502496,0,0
1.94000000,57.41353842,57.13583107,57.09038947,57.22624533,0,0
1.95000000,57.35808095,57.05520670,57.07350471,57.23543787,0,0
1.96000000,57.43192383,57.08024174,56.98604626,57.19501696,0,0
1.97000000,57.39335119,57.02086045,57.05785455,57.02428618,0,0
1.98000000,57.41869091,57.16340925,57.09443509,56.99130781,0,0
1.99000000,57.36749636,57.16394081,57.13152516,57.00045583,0,0
2.00000000,57.44248317,57.16715087,57.08891749,57.09465538,0,0
2.01000000,57.30303198,57.01332229,57.14671738,57.21348445,0,0
2.02000000,57.43300085,57.12090039,57.08406905,57.19040063,0,0
2.03000000,57.41175092,57.08828364,57.02788900,57.15359524,0,0
2.04000000,57.45183737,57.28244810,57.05199705,57.07169482,0,0
2.05000000,57.42130216,57.19044362,56.99181544,56.99461797,0,0
2.06000000,57.38280436,57.13035562,57.04867429,57.02249971,0,0
2.07000000,57.46955483,57.12456091,57.08971819,57.13286320,0,0
2.08000000,57.48148801,57.09499428,57.05812182,57.15762841,0,0
2.09000000,57.41357996,57.16964702,57.09758772,57.21559039,0,0
2.10000000,57.42021189,57.18441290,56.98053462,57.03199978,0,0
2.11000000,57.46404871,57.17290502,57.00516934,57.00908146,0,0
2.12000000,57.44720996,57.19176669,57.04730636,56.96685430,0,0
2.13000000,57.46649094,57.18866873,57.01102210,56.95035361,0,0
2.14000000,57.38147442,57.15225105,57.05968526,57.11338448,0,0
2.15000000,57.42602864,57.16784422,57.09092971,57.19983124,0,0
2.16000000,57.43586111,57.15943179,57.04630187,57.22569721,0,0
2.17000000,57.48989864,57.18989732,57.05454758,57.20615735,0,0
2.18000000,57.45370505,57.21503288,57.02744469,57.03409295,0,0
2.19000000,57.41545200,57.14421592,57.05209213,57.00058217,0,0
2.20000000,57.38255874,57.13715361,57.08685132,57.03156875,0,0
2.21000000,57.40225172,57.09960405,57.06477954,57.14930820,0,0
2.22000000,57.45844707,57.12091001,57.04504059,57.22247758,0,0
2.23000000,57.38161191,57.18747945,57.05380512,57.15785359,0,0
2.24000000,57.49973295,57.18175915,57.05165498,57.04514056,0,0
2.25000000,57.42611181,57.19667325,57.06520148,57.00749893,0,0
2.26000000,57.47535902,57.18591932,57.07815995,56.98970973,0,0
2.27000000,57.48317674,57.18384459,57.09029068,57.08214579,0,0
2.28000000,57.42853527,57.18726109,57.11378162,57.24223678,0,0
2.29000000,57.43287862,57.16466198,57.08903915,57.26050254,0,0
2.30000000,57.43413989,57.16806294,57.09925749,57.23071710,0,0
2.31000000,57.47725201,57.15120091,57.05394944,57.07399633,0,0
2.32000000,57.50876415,57.18820300,57.06347641,56.99935403,0,0
2.33000000,57.46891221,57.17965714,57.04807207,56.99205379,0,0
2.34000000,57.43917047,57.17878284,57.07512472,57.00257379,0,0
2.35000000,57.40959711,57.17457166,57.09940422,57.17949900,0,0
2.36000000,57.41677437,57.17781315,57.08205509,57.27366735,0,0
2.37000000,57.46510042,57.18269856,57.11838838,57.27067965,0,0
2.38000000,57.50284091,57.14846739,57.08707668,57.15421332,0,0
2.39000000,57.43643032,57.18096490,57.07044095,57.07568357,0,0
2.40000000,57.45853747,57.19272213,57.06505119,57.08238892,0,0
2.41000000,57.47136446,57.18188479,57.13387326,57.10387043,0,0
2.42000000,57.44948740,57.19595571,57.15770789,57.20501717,0,0
2.43000000,57.44407441,57.15909498,57.09728298,57.24653770,0,0
2.44000000,57.37849128,57.15024822,57.12252376,57.23644071,0,0
2.45000000,57.44692858,57.15463163,57.10269568,57.09312835,0,0
2.46000000,57.53451748,57.21397246,57.09465746,57.01983127,0,0
2.47000000,57.46026364,57.19732967,57.06860244,57.02826428,0,0
2.48000000,57.40181232,57.16614249,57.06618799,57.07205345,0,0
2.49000000,57.39197691,57.20194837,57.07132279,57.18288715,0,0
2.50000000,57.48461201,57.19364378,57.05573563,57.25656299,0,0
2.51000000,57.53968637,57.17177049,57.08280530,57.27757807,0,0
2.52000000,57.45209823,57.10789448,57.07613627,57.09733292,0,0
2.53000000,57.36221816,57.14683605,57.09252821,57.01218844,0,0
2.54000000,57.38975989,57.19034002,57.09992843,57.03496582,0,0
2.55000000,57.42860491,57.23293651,57.10112348,57.05155513,0,0
2.56000000,57.47749719,57.21649002,57.06736421,57.15191084,0,0
2.57000000,57.45772330,57.14902374,57.07580859,57.20795809,0,0
2.58000000,57.37730793,57.16230495,57.13762101,57.26036329,0,0
2.59000000,57.46101974,57.18557208,57.13222041,57.16716287,0,0
2.60000000,57.47980995,57.22097398,57.10872506,57.09413449,0,0
2.61000000,57.47764827,57.23110679,57.06136014,57.11130220,0,0
2.62000000,57.43484640,57.14214836,57.08251487,57.14868837,0,0
2.63000000,57.42479551,57.16072257,57.15082005,57.21333321,0,0
2.64000000,57.44280020,57.16571625,57.11057978,57.23967290,0,0
2.65000000,57.45419207,57.14807454,57.06644110,57.19277602,0,0
2.66000000,57.41072563,57.11117337,57.00983104,57.09320388,0,0
2.67000000,57.41564290,57.15490967,57.08300836,57.02786201,0,0
2.68000000,57.46628852,57.30815443,57.13844622,57.01061813,0,0
2.69000000,57.46801106,57.24061294,57.13126216,57.08508366,0,0
2.70000000,57.46286143,57.21233277,57.10716416,57.17915080,0,0
2.71000000,57.50502845,57.11896423,57.08373229,57.24160986,0,0
2.72000000,57.41214730,57.15261556,57.07927645,57.28618438,0,0
2.73000000,57.50026227,57.21905883,57.09102323,57.22776046,0,0
2.74000000,57.41703954,57.24508343,57.07730940,57.05566629,0,0
2.75000000,57.37865671,57.15441551,57.05291441,57.01186471,0,0
2.76000000,57.47671875,57.11944869,57.05287466,57.05519037,0,0
2.77000000,57.36220052,57.17803269,57.09100838,57.12903659,0,0
2.78000000,57.50209413,57.19799099,57.10318893,57.25592739,0,0
2.79000000,57.46826226,57.22154599,57.10375731,57.23965195,0,0
2.80000000,57.44955310,57.16639333,57.09308825,57.13928691,0,0
2.81000000,57.48803464,57.13560351,57.16266878,57.11181297,0,0
2.82000000,57.47941025,57.23460463,57.07202798,57.03402432,0,0
2.83000000,57.48581815,57.27879392,57.07281980,57.12335312,0,0
2.84000000,57.46102649,57.19405777,57.06075480,57.18734819,0,0
2.85000000,57.37675109,57.11394819,57.07324638,57.24833518,0,0
2.86000000,57.44361282,57.14252794,57.13884694,57.23704072,0,0
2.87000000,57.50650279,57.19343849,57.02419906,57.09342925,0,0
2.88000000,57.46678719,57.25940098,57.13955282,57.05818614,0,0
2.89000000,57.46406881,57.25049837,57.08841806,57.00741420,0,0
2.90000000,57.37402935,57.13735917,57.08262508,57.02811272,0,0
2.91000000,57.40475110,57.23224361,57.11252322,57.20615978,0,0
2.92000000,57.53084359,57.17754370,57.10079051,57.28937747,0,0
2.93000000,57.50297437,57.20152030,57.04924161,57.25166818,0,0
2.94000000,57.42974719,57.15693703,57.02658703,57.20831255,0,0
2.95000000,57.46089329,57.14419100,57.02710496,57.11335911,0,0
2.96000000,57.45393751,57.20710879,57.13260230,56.99937881,0,0
2.97000000,57.46421833,57.22761483,57.07911734,57.03176421,0,0
2.98000000,57.44736017,57.20288406,57.06074448,57.06306821,0,0
2.99000000,57.38251698,57.14912805,57.06709164,57.19431792,0,0
3.00000000,57.44207402,57.12327170,57.13622540,57.22551079,0,0
3.01000000,57.45251720,57.19051491,57.09835475,57.19025861,0,0
3.02000000,57.46130555,57.21844851,57.05002203,57.10455488,0,0
3.03000000,57.48078951,57.23215666,57.09584548,57.07281850,0,0
3.04000000,57.45974431,57.22111096,57.06988154,57.08872985,0,0
3.05000000,57.46857200,57.19576959,57.13494995,57.16627000,0,0
3.06000000,57.40939241,57.13334360,57.10097490,57.29235020,0,0
3.07000000,57.44968383,57.16375931,57.11671198,57.22963580,0,0
3.08000000,57.49254584,57.22953124,57.07547640,57.21188595,0,0
3.09000000,57.48164903,57.20166590,57.06370294,57.09384805,0,0
3.10000000,57.45662640,57.16779557,57.08867632,57.00128244,0,0
3.11000000,57.46172877,57.16313675,57.09348379,57.00357174,0,0
3.12000000,57.43846115,57.20030344,57.12377660,57.08726083,0,0
3.13000000,57.42460387,57.24396934,57.13266866,57.24521180,0,0
3.14000000,57.46776245,57.21706685,57.12128292,57.28466973,0,0
3.15000000,57.45881102,57.17777264,57.09703569,57.26032148,0,0
3.16000000,57.47825430,57.15812367,57.08392291,57.17320490,0,0
3.17000000,57.50129472,57.17991536,57.09349375,57.08612498,0,0
3.18000000,57.43574106,57.19811832,57.07988479,57.02567155,0,0
3.19000000,57.46120582,57.20642246,57.12210819,57.09064001,0,0
3.20000000,57.45158221,57.21524209,57.12431824,57.21733559,0,0
3.21000000,57.45785709,57.18302107,57.10514262,57.25207693,0,0
3.22000000,57.45172836,57.18010489,57.12060635,57.22077393,0,0
3.23000000,57.47068767,57.20423159,57.04253309,57.08461583,0,0
3.24000000,57.46576971,57.24158155,57.06565856,57.06078721,0,0
3.25000000,57.47997591,57.22350579,57.11376386,57.08396478,0,0
3.26000000,57.46830456,57.22878037,57.11697183,57.16136190,0,0
3.27000000,57.46129108,57.22218249,57.14190029,57.26936729,0,0
3.28000000,57.46814955,57.18555549,57.10925763,57.28482221,0,0
3.29000000,57.44941545,57.20915122,57.12686672,57.27024988,0,0
3.30000000,57.50440296,57.21746599,57.10343224,57.13124883,0,0
3.31000000,57.47813382,57.20770021,57.11821837,57.08251885,0,0
3.32000000,57.46591888,57.22378745,57.15365862,57.06402161,0,0
3.33000000,57.47950905,57.18763070,57.10449343,57.11007590,0,0
3.34000000,57.40576842,57.19150966,57.12354149,57.20461181,0,0
3.35000000,57.43950684,57.17335763,57.09660690,57.26404669,0,0
3.36000000,57.44305907,57.22370195,57.12515113,57.26665558,0,0
3.37000000,57.48267453,57.24822469,57.07096001,57.13550312,0,0
3.38000000,57.50064848,57.20670351,57.08382503,57.09828429,0,0
3.39000000,57.47063102,57.16882024,57.04292521,57.05760869,0,0
3.40000000,57.40708213,57.15053697,57.07338139,57.05148919,0,0
3.41000000,57.41775282,57.19276891,57.11319054,57.16577026,0,0
3.42000000,57.47002225,57.19111712,57.07201388,57.23213237,0,0
3.43000000,57.40263175,57.20361871,57.07898144,57.21506979,0,0
3.44000000,57.46925070,57.16978323,57.09819359,57.14948948,0,0
3.45000000,57.42289084,57.18817341,57.08539453,57.08488958,0,0
3.46000000,57.45470015,57.23734986,57.09921197,57.09142801,0,0
3.47000000,57.48883585,57.22461385,57.12247603,57.17255425,0,0
3.48000000,57.47491485,57.20385760,57.11540267,57.20325570,0,0
3.49000000,57.47408023,57.19816764,57.12820268,57.36761031,0,0
3.50000000,57.50924440,57.16793472,57.17914758,57.30029075,0,0
3.51000000,57.46100511,57.21222944,57.10194297,57.19329329,0,0
3.52000000,57.48249340,57.22808862,57.12947451,57.08017492,0,0
3.53000000,57.42434160,57.19232966,57.03895017,57.02514974,0,0
3.54000000,57.47656020,57.17130005,57.08129797,57.07584593,0,0
3.55000000,57.55914414,57.23242362,57.11544049,57.11662891,0,0
3.56000000,57.39758246,57.21960972,57.08724949,57.20703385,0,0
3.57000000,57.43561601,57.22767835,57.09828959,57.24718037,0,0
3.58000000,57.46625245,57.18195189,57.10408546,57.17226552,0,0
3.59000000,57.48737397,57.24443039,57.07834624,57.10917234,0,0
3.60000000,57.53858644,57.15066247,57.05186228,57.10954579,0,0
3.61000000,57.41676158,57.16810943,57.03709702,57.08903559,0,0
3.62000000,57.43311195,57.18945797,57.07951303,57.11303854,0,0
3.63000000,57.48243662,57.18511955,57.10407494,57.19448089,0,0
3.64000000,57.40234626,57.22326594,57.04296921,57.22824581,0,0
3.65000000,57.39422756,57.13743438,57.09925025,57.18082987,0,0
3.66000000,57.46466148,57.22786986,57.06248363,57.08862738,0,0
3.67000000,57.48049697,57.23334784,57.11510720,57.06786356,0,0
3.68000000,57.47975321,57.19117974,57.05889146,57.09311245,0,0
3.69000000,57.50376823,57.23199291,57.09638090,57.17146091,0,0
3.70000000,57.35323961,57.15759876,57.09261475,57.24498706,0,0
3.71000000,57.46849300,57.19979712,57.08424090,57.28455407,0,0
3.72000000,57.41686807,57.17397706,57.14026287,57.25505839,0,0
3.73000000,57.54585654,57.21559456,57.06684043,57.09943393,0,0
3.74000000,57.50432163,57.20358975,57.08110167,57.05648256,0,0
3.75000000,57.41540206,57.20244692,57.09166509,57.03999319,0,0
3.76000000,57.44411393,57.23051137,57.08413597,57.13573643,0,0
3.77000000,57.49082612,57.24224695,57.12802244,57.14935779,0,0
3.78000000,57.45186675,57.19938842,57.09407502,57.20556716,0,0
3.79000000,57.45171895,57.17651040,57.14042379,57.26904413,0,0
3.80000000,57.40795831,57.17265100,57.11742019,57.15695040,0,0
3.81000000,57.45752350,57.19059074,57.06938268,57.09388995,0,0
3.82000000,57.49243477,57.24469918,57.04109952,57.11994113,0,0
3.83000000,57.46189650,57.16278795,57.04508843,57.11584514,0,0
3.84000000,57.44488033,57.16274964,57.12920904,57.18629048,0,0
3.85000000,57.42517740,57.15364251,57.09593951,57.22106203,0,0
3.86000000,57.39249439,57.17261641,57.11039833,57.25633674,0,0
3.87000000,57.44564994,57.21913243,57.06249181,57.16972179,0,0
3.88000000,57.45270171,57.20528114,57.03940668,57.00975740,0,0
3.89000000,57.43956621,57.19151093,57.06075827,57.02215654,0,0
3.90000000,57.46490345,57.20631502,57.11448320,57.08920380,0,0
3.91000000,57.48042097,57.23160954,57.10743511,57.17025599,0,0
3.92000000,57.44121601,57.21455796,57.07661255,57.24275457,0,0
3.93000000,57.44047481,57.14955751,57.07936994,57.27199390,0,0
3.94000000,57.42254760,57.14362641,57.12483327,57.24850798,0,0
3.95000000,57.43928490,57.21639818,57.12411850,57.11710435,0,0
3.96000000,57.48799612,57.23125486,57.13363886,57.08353101,0,0
3.97000000,57.43323873,57.17551809,57.09296894,57.09471671,0,0
3.98000000,57.45386468,57.15560362,57.10802687,57.11686334,0,0
3.99000000,57.46574514,57.17608442,57.14203287,57.19376420,0,0
4.00000000,57.45565867,57.22496708,57.12258325,57.26427592,0,0
4.01000000,57.47612955,57.27416483,57.15775690,57.24997738,0,0
4.02000000,57.46638361,57.24006296,57.09635322,57.15918633,0,0
4.03000000,57.53082635,57.24181868,57.08033062,57.10631008,0,0
4.04000000,57.52058263,57.21978625,57.06048618,57.09198062,0,0
4.05000000,57.49325094,57.20207550,57.05183626,57.12575652,0,0
4.06000000,57.42814143,57.23323468,57.08224645,57.14642701,0,0
4.07000000,57.44997073,57.16655849,57.07555566,57.19843763,0,0
4.08000000,57.42663084,57.15586946,57.08652242,57.23388364,0,0
4.09000000,57.50940150,57.21168234,57.11137714,57.14880510,0,0
4.10000000,57.46966033,57.24435266,57.09313564,57.03941981,0,0
4.11000000,57.41396291,57.23938659,57.09428298,57.06011422,0,0
4.12000000,57.45951078,57.21676580,57.07539197,57.11663119,0,0
4.13000000,57.48143480,57.19295134,57.11637234,57.19659314,0,0
4.14000000,57.43103822,57.19853001,57.07386863,57.27431636,0,0
4.15000000,57.42792743,57.19404659,57.08278458,57.28979362,0,0
4.16000000,57.40325327,57.21112215,57.12190036,57.21270750,0,0
4.17000000,57.48475353,57.23173999,57.08685228,57.05437932,0,0
4.18000000,57.52573544,57.21414339,57.10048974,57.03284361,0,0
4.19000000,57.44295024,57.17892808,57.05243942,57.06712537,0,0
4.20000000,57.44459276,57.15456445,57.06391938,57.11255443,0,0
4.21000000,57.40231339,57.21607252,57.12916472,57.23499747,0,0
4.22000000,57.40111827,57.22688745,57.09752840,57.26181388,0,0
4.23000000,57.49385576,57.26916074,57.14647590,57.29429659,0,0
4.24000000,57.46809820,57.24066410,57.09654752,57.16653900,0,0
4.25000000,57.50108932,57.23156918,57.08299108,57.09582085,0,0
4.26000000,57.45285849,57.15938867,57.08082364,57.14553823,0,0
4.27000000,57.48095162,57.20174839,57.08647139,57.16946095,0,0
4.28000000,57.40123380,57.17171501,57.13220728,57.17372897,0,0
4.29000000,57.53267849,57.20412578,57.15391504,57.22836042,0,0
4.30000000,57.41454310,57.20314535,57.12610038,57.21210379,0,0
4.31000000,57.49700662,57.19568880,57.08366034,57.16988704,0,0
4.32000000,57.39687658,57.19420407,57.07721904,57.06146301,0,0
4.33000000,57.48427148,57.21116344,57.04183863,57.09424103,0,0
4.34000000,57.46522501,57.23416368,57.08153564,57.12093300,0,0
4.35000000,57.42505192,57.20217202,57.13851401,57.19720323,0,0
4.36000000,57.47198935,57.25649516,57.07414651,57.27718167,0,0
4.37000000,57.41229612,57.19111253,57.10574659,57.26785999,0,0
4.38000000,57.55020157,57.18225528,57.07986669,57.20531290,0,0
4.39000000,57.54652795,57.23646205,57.10226397,57.09185026,0,0
4.40000000,57.45240303,57.19202569,57.06465190,57.05357597,0,0
4.41000000,57.38150767,57.23315665,57.09108018,57.08640853,0,0
4.42000000,57.46143038,57.19982664,57.09710634,57.18067341,0,0
4.43000000,57.43490082,57.18619081,57.11145826,57.19743388,0,0
4.44000000,57.50758768,57.14956469,57.12328524,57.29233806,0,0
4.45000000,57.52323593,57.21058525,57.11972101,57.26429305,0,0
4.46000000,57.35703216,57.25060180,57.15518856,57.17340872,0,0
4.47000000,57.43809787,57.24237299,57.12294334,57.14339211,0,0
4.48000000,57.44258493,57.21389966,57.05514745,57.10854275,0,0
4.49000000,57.52913483,57.16420852,57.02838895,57.10766321,0,0
4.50000000,57.50024117,57.19190717,57.12347030,57.14771238,0,0
4.51000000,57.46374464,57.19218301,57.06039148,57.20060728,0,0
4.52000000,57.35889707,57.18209457,57.04156606,57.19525303,0,0
4.53000000,57.47923567,57.15932679,57.08377999,57.14281186,0,0
4.54000000,57.48068329,57.19501800,57.05732896,57.07797157,0,0
4.55000000,57.47780213,57.21814832,57.11858662,57.08833257,0,0
4.56000000,57.43649243,57.19709421,57.13703496,57.16908902,0,0
4.57000000,57.35812050,57.20244872,57.14654983,57.19378455,0,0
4.58000000,57.45787260,57.19621350,57.10112829,57.29626624,0,0
4.59000000,57.46475725,57.19490141,57.12162021,57.29264143,0,0
4.60000000,57.48138569,57.18026860,57.06552809,57.19286347,0,0
4.61000000,57.45634601,57.19389466,57.09976500,57.03533029,0,0
4.62000000,57.44133650,57.20087817,57.12279765,57.02245870,0,0
4.63000000,57.48062843,57.18955500,57.05767436,57.04819106,0,0
4.64000000,57.50297641,57.20085011,57.04272820,57.09256694,0,0
4.65000000,57.39355459,57.17809209,57.06277512,57.15549240,0,0
4.66000000,57.37167278,57.16207895,57.07096687,57.23760037,0,0
4.67000000,57.44198561,57.16206655,57.08910696,57.25784404,0,0
4.68000000,57.45863058,57.17903427,57.09810200,57.17211060,0,0
4.69000000,57.47619524,57.20783936,57.06755729,57.14837272,0,0
4.70000000,57.40664213,57.16678502,57.07028281,57.10827781,0,0
4.71000000,57.42386862,57.17517871,57.12539474,57.12573465,0,0
4.72000000,57.45213868,57.21580746,57.15352361,57.15790915,0,0
4.73000000,57.45437057,57.18357887,57.13266549,57.21067864,0,0
4.74000000,57.47107042,57.18575608,57.08574406,57.21078643,0,0
4.75000000,57.47464263,57.17974112,57.08471654,57.13579045,0,0
4.76000000,57.45892775,57.20482150,57.06601129,57.08584558,0,0
4.77000000,57.46173590,57.25083768,57.07204888,57.11618913,0,0
4.78000000,57.47215328,57.24660077,57.09752377,57.15263685,0,0
4.79000000,57.45359298,57.21574586,57.13388545,57.21428961,0,0
4.80000000,57.50073485,57.20799742,57.15245786,57.26765473,0,0
4.81000000,57.46893070,57.17320074,57.10854956,57.27927217,0,0
4.82000000,57.47875912,57.20907469,57.09010352,57.22465875,0,0
4.83000000,57.50397573,57.21865915,57.09172657,57.07992854,0,0
4.84000000,57.46554028,57.19480043,57.12889237,57.05794593,0,0
4.85000000,57.43643703,57.23127757,57.10487290,57.05017532,0,0
4.86000000,57.52669549,57.19774876,57.07373268,57.07976698,0,0
4.87000000,57.49788618,57.21069692,57.08092146,57.14160943,0,0
4.88000000,57.51016286,57.21421097,57.06129706,57.16926237,0,0
4.89000000,57.47306104,57.19149114,57.09321321,57.22103223,0,0
4.90000000,57.39437897,57.21116296,57.10566686,57.13867032,0,0
4.91000000,57.49720205,57.23756599,57.09058727,57.09761217,0,0
4.92000000,57.49114126,57.22062919,57.10826838,57.13731054,0,0
4.93000000,57.51388543,57.20433272,57.09575919,57.09419068,0,0
4.94000000,57.47347187,57.20077324,57.11658174,57.13924758,0,0
4.95000000,57.45556905,57.21366284,57.16295700,57.22756730,0,0
4.96000000,57.46341117,57.21119832,57.06998158,57.22276779,0,0
4.97000000,57.54157102,57.22151794,57.14751038,57.21632348,0,0
4.98000000,57.44959824,57.21398663,57.10244922,57.12082027,0,0
4.99000000,57.52585507,57.24089383,57.10363213,57.12355540,0,0
5.00000000,57.47214328,57.16272035,57.13960460,57.16282790,0,0
5.01000000,57.52559274,57.27800768,57.10661215,57.17071758,0,0
5.02000000,57.46710897,57.17918752,57.07152490,57.23789528,0,0
5.03000000,57.44102524,57.20564735,57.11984983,57.28499225,0,0
5.04000000,57.42248882,57.15415208,57.12662701,57.16670341,0,0
5.05000000,57.54537615,57.22009180,57.19061163,57.14952480,0,0
5.06000000,57.47744506,57.23690407,57.12254091,57.07983303,0,0
5.07000000,57.49038232,57.15048912,57.05252413,57.03635699,0,0
5.08000000,57.42153795,57.16131485,57.09862711,57.07997610,0,0
5.09000000,57.38807284,57.14940206,57.11190168,57.14195773,0,0
5.10000000,57.50730945,57.18812418,57.08726661,57.18084299,0,0
5.11000000,57.53986711,57.21191776,57.10625774,57.22375466,0,0
5.12000000,57.43830487,57.22081268,57.10462072,57.17292601,0,0
5.13000000,57.42642395,57.17959888,57.06635047,57.09358757,0,0
5.14000000,57.44163764,57.20137815,57.13542666,57.17177016,0,0
5.15000000,57.50165388,57.13586253,57.11193644,57.10481904,0,0
5.16000000,57.48025116,57.13178898,57.16695302,57.20628288,0,0
5.17000000,57.36685862,57.15045137,57.10697231,57.17213251,0,0
5.18000000,57.42731368,57.18263521,57.09502465,57.23242109,0,0
5.19000000,57.51486660,57.27804302,57.13600125,57.17169864,0,0
5.20000000,57.48408130,57.20931234,57.08252437,57.11235529,0,0
5.21000000,57.50824566,57.12892901,57.08127404,57.14120088,0,0
5.22000000,57.43102889,57.15549579,57.15277906,57.12386465,0,0
5.23000000,57.45107328,57.20188486,57.18025800,57.23702724,0,0
5.24000000,57.51656910,57.27086465,57.13057097,57.26433509,0,0
5.25000000,57.47046876,57.15630463,57.08865743,57.22735780,0,0
5.26000000,57.48643312,57.13168900,57.04529947,57.18032128,0,0
5.27000000,57.43636995,57.10904995,57.12686882,57.10238813,0,0
5.28000000,57.44860521,57.23722680,57.10702441,57.00938396,0,0
5.29000000,57.44431830,57.20575244,57.07852261,57.07480309,0,0
5.30000000,57.44481063,57.19418509,57.06974485,57.03388888,0,0
5.31000000,57.43681924,57.15961045,57.06191831,57.11239527,0,0
5.32000000,57.49190607,57.12732835,57.08021308,57.16872838,0,0
5.33000000,57.43504585,57.18304009,57.08500629,57.18217549,0,0
5.34000000,57.49218914,57.20772077,57.09381251,57.20941109,0,0
5.35000000,57.39723583,57.20389388,57.04016300,57.11888015,0,0
5.36000000,57.45747136,57.13004072,57.11211290,57.11476942,0,0
5.37000000,57.49379906,57.10963784,57.09933295,57.06694524,0,0
5.38000000,57.50184117,57.13175424,57.11322244,57.10146720,0,0
5.39000000,57.38571969,57.11672714,57.06456958,57.13700202,0,0
5.40000000,57.37379042,57.12420900,57.05322637,57.16811109,0,0
5.41000000,57.34537805,57.14589754,57.08196320,57.16861782,0,0
5.42000000,57.42645477,57.12672383,57.09358497,57.10016675,0,0
5.43000000,57.47593482,57.13909004,57.05900373,57.05710747,0,0
5.44000000,57.44365377,57.13652932,57.10502823,57.07529259,0,0
5.45000000,57.40236297,57.14850056,57.07202977,57.10625327,0,0
5.46000000,57.40921554,57.14877176,57.07347936,57.19014596,0,0
5.47000000,57.46456315,57.14033302,57.09043371,57.20620158,0,0
5.48000000,57.49978358,57.12089268,57.11874651,57.17183262,0,0
5.49000000,57.48899565,57.15658936,57.13574265,57.11914438,0,0
5.50000000,57.41317916,57.16018087,57.08373205,57.02761150,0,0
5.51000000,57.47283509,57.15762084,57.10920523,57.05046758,0,0
5.52000000,57.46442785,57.17190075,57.08947002,57.05162548,0,0
5.53000000,57.48355910,57.14238117,57.08240897,57.10725353,0,0
5.54000000,57.48209483,57.12415557,57.14209142,57.15440461,0,0
5.55000000,57.44279874,57.12380213,57.16006735,57.18582056,0,0
5.56000000,57.46519208,57.14108144,57.11267756,57.18257810,0,0
5.57000000,57.46513778,57.15650301,57.05354381,57.14939547,0,0
5.58000000,57.49515546,57.09979157,57.01324208,57.04808834,0,0
5.59000000,57.44913938,57.07557267,57.05540417,57.04097694,0,0
5.60000000,57.45769150,57.11169747,57.11112972,57.02080749,0,0
5.61000000,57.42746915,57.13885793,57.07484418,57.05187089,0,0
5.62000000,57.48733115,57.09992219,57.06018881,57.09144813,0,0
5.63000000,57.41133433,57.09439987,57.03666477,57.09191346,0,0
5.64000000,57.47273589,57.13115571,57.07759946,57.08360618,0,0
5.65000000,57.50032873,57.16835133,57.09254635,57.05508552,0,0
5.66000000,57.47902098,57.13512303,57.13292354,57.03178595,0,0
5.67000000,57.48382160,57.05623017,57.10869009,57.04404210,0,0
5.68000000,57.55866657,57.04181184,57.09261567,57.04852019,0,0
5.69000000,57.49583639,57.07226650,57.08340021,57.09202444,0,0
5.70000000,57.49327731,57.13980771,57.14153464,57.12580045,0,0
5.71000000,57.40417358,57.16490712,57.11557489,57.08142647,0,0
5.72000000,57.42708882,57.08880584,57.11532975,57.04726609,0,0
5.73000000,57.55851059,57.08571920,57.09663626,56.98628804,0,0
5.74000000,57.53500116,57.07732571,57.12958747,57.00091352,0,0
5.75000000,57.48708550,57.13224473,57.10222612,57.00759168,0,0
5.76000000,57.45355353,57.14599807,57.13041093,57.07077189,0,0
5.77000000,57.45176551,57.13467771,57.14858016,57.11056626,0,0
5.78000000,57.43531873,57.10398150,57.16203512,57.13026724,0,0
5.79000000,57.49023495,57.09344122,57.06862969,57.14090539,0,0
5.80000000,57.45003833,57.10333605,57.06693335,57.06919330,0,0
5.81000000,57.50945582,57.10483578,57.01859951,57.03595049,0,0
5.82000000,57.46482030,57.14764160,57.10222339,57.03420298,0,0
5.83000000,57.50956815,57.11746700,57.05120717,57.08696134,0,0
5.84000000,57.47600249,57.04720434,57.08743432,57.04908729,0,0
5.85000000,57.41050278,57.06394623,57.19701869,57.07383816,0,0
5.86000000,57.44689686,57.14710930,57.09392497,57.10835837,0,0
5.87000000,57.47147586,57.20303127,57.09085401,57.05071216,0,0
5.88000000,57.50871358,57.16441558,57.05614153,57.03508024,0,0
5.89000000,57.45617529,57.06235708,57.07963179,57.00467969,0,0
5.90000000,57.43248722,57.05094312,57.07750488,57.02433955,0,0
5.91000000,57.43384018,57.07395187,57.11869252,57.10475396,0,0
5.92000000,57.45668280,57.11520698,57.11266555,57.03973165,0,0
5.93000000,57.38232964,57.17503049,57.15590162,57.05979112,0,0
5.94000000,57.42263346,57.08887899,57.08260302,57.07648292,0,0
5.95000000,57.45939449,57.05230993,57.06855173,57.03147926,0,0
5.96000000,57.44811504,57.07837438,57.07031387,56.97666007,0,0
5.97000000,57.43194730,57.16357040,57.03881454,57.03327728,0,0
5.98000000,57.42551221,57.18461195,57.02523803,57.06134113,0,0
5.99000000,57.37491515,57.06908092,57.11116769,57.12266651,0,0
6.00000000,57.47279005,57.07251908,57.13689661,57.16675640,0,0
6.01000000,57.44082945,57.07785894,57.12620148,57.13210166,0,0
6.02000000,57.44739792,57.15338192,57.05834783,57.11415196,0,0
6.03000000,57.44424092,57.09934588,57.03074561,57.00424938,0,0
6.04000000,57.35359590,57.05095137,57.09401187,56.99734178,0,0
6.05000000,57.43289775,57.03088841,57.09832517,57.02392495,0,0
6.06000000,57.40478390,57.04497470,57.10349656,57.05023226,0,0
6.07000000,57.41357693,57.15721784,57.08404178,57.01525617,0,0
6.08000000,57.35974054,57.13802234,57.05982296,57.05203964,0,0
6.09000000,57.39562679,57.06117660,57.00215790,57.04678759,0,0
6.10000000,57.38489834,56.98609379,57.06346928,57.03927342,0,0
6.11000000,57.45206820,57.01922883,57.04519654,56.97212483,0,0
6.12000000,57.40493399,57.05653114,57.03242171,57.00087028,0,0
6.13000000,57.39147550,57.07648349,57.02660301,56.99122254,0,0
6.14000000,57.34627169,57.03166340,57.05392444,57.02246711,0,0
6.15000000,57.36291341,57.03637874,57.11265839,57.05934883,0,0
6.16000000,57.44672633,57.05076666,57.05227332,57.01901238,0,0
6.17000000,57.42281623,57.05394717,57.02649200,57.02390075,0,0
6.18000000,57.39966489,57.05529920,57.01540405,56.96830876,0,0
6.19000000,57.40387617,57.02499941,57.01181427,56.99506452,0,0
6.20000000,57.34043577,57.03144157,57.05181172,57.01283896,0,0
6.21000000,57.34026210,57.02293374,57.07154153,57.00164383,0,0
6.22000000,57.37898696,57.06427404,57.04007413,57.01267175,0,0
6.23000000,57.38302849,57.10029123,56.99398232,57.05745080,0,0
6.24000000,57.42753280,57.03089815,56.99208454,57.06694393,0,0
6.25000000,57.39837887,57.01320677,57.01604590,57.05713806,0,0
6.26000000,57.37511785,57.03213244,57.02247647,56.97736243,0,0
6.27000000,57.35508713,57.02257971,57.02221801,56.94389195,0,0
6.28000000,57.39191240,57.04274000,57.02122927,56.94258828,0,0
6.29000000,57.35709690,57.05542909,57.00513201,56.98129410,0,0
6.30000000,57.41297386,57.02080572,57.00794698,56.99362241,0,0
6.31000000,57.36863470,57.01059345,57.00136760,57.03459380,0,0
6.32000000,57.37238356,56.98827003,57.03255515,57.04984928,0,0
6.33000000,57.34798091,56.99663761,57.05609897,57.00731101,0,0
6.34000000,57.38981139,57.04680465,57.03318140,57.00696633,0,0
6.35000000,57.40767058,57.04320786,57.03484782,56.97287189,0,0
6.36000000,57.42052000,57.03917906,57.06259892,56.90973939,0,0
6.37000000,57.37478915,56.99841981,57.04074613,56.93968647,0,0
6.38000000,57.32949595,56.97635471,56.98661628,56.94793422,0,0
6.39000000,57.28794658,56.96844769,56.96876820,56.93381061,0,0
6.40000000,57.33189537,57.01410360,56.99857884,56.95287850,0,0
6.41000000,57.37211684,57.09013252,56.96548516,56.93302043,0,0
6.42000000,57.37105073,57.01738235,56.95716606,56.91349215,0,0
6.43000000,57.31885956,57.00282773,56.98488169,56.94891038,0,0
6.44000000,57.31741811,56.94668491,56.98450218,57.01211147,0,0
6.45000000,57.36044750,56.99949319,56.96636882,57.04841178,0,0
6.46000000,57.36997311,57.00198070,56.98318804,57.08990407,0,0
6.47000000,57.36761646,56.98629133,56.99159267,57.04552717,0,0
6.48000000,57.25130503,56.97696615,57.02826184,56.97862134,0,0
6.49000000,57.33272272,56.96137758,56.95391098,56.89482419,0,0
6.50000000,57.36611978,56.96059792,56.96322253,56.88285610,0,0
6.51000000,57.36457652,57.01370349,57.00607399,56.89943305,0,0
6.52000000,57.34785987,57.04509880,57.03218381,56.96418586,0,0
6.53000000,57.26726504,56.96673290,57.03770518,57.02241989,0,0
6.54000000,57.28654413,56.98168126,57.09551034,57.00955291,0,0
6.55000000,57.35984669,56.92995872,57.01566352,57.00891125,0,0
6.56000000,57.38128533,57.01871135,56.88810031,56.94312076,0,0
6.57000000,57.33705529,57.02200607,56.97402411,56.84920103,0,0
6.58000000,57.35939053,57.01124741,57.01252338,56.96209626,0,0
6.59000000,57.27558375,56.99767785,57.08565400,56.92464106,0,0
6.60000000,57.37489652,57.01359890,56.99762871,56.98825859,0,0
6.61000000,57.33942523,56.96297668,56.98416283,56.99955370,0,0
6.62000000,57.36549044,57.04141710,57.00478036,56.96807676,0,0
6.63000000,57.34085345,57.01666701,56.97908656,56.96735349,0,0
6.64000000,57.35135230,57.08018706,56.97386784,56.97156263,0,0
6.65000000,57.37657222,57.07487806,57.01649273,56.92286671,0,0
6.66000000,57.38147953,57.08531896,56.95225023,56.93546422,0,0
6.67000000,57.33836964,56.96194463,56.96937246,57.03185165,0,0
6.68000000,57.42109290,56.91342880,56.98193150,56.98328488,0,0
6.69000000,57.37099091,56.98612005,57.01624061,57.04077640,0,0
6.70000000,57.29789393,57.18110714,56.98416826,56.98790630,0,0
6.71000000,57.31840626,56.99377653,56.94063135,56.92550635,0,0
6.72000000,57.31167145,56.96705709,56.92608758,56.82702069,0,0
6.73000000,57.40239152,56.96587608,56.99578684,56.81621591,0,0
6.74000000,57.44580389,57.05955896,56.94055321,56.93225174,0,0
6.75000000,57.36794451,57.11910356,56.93955833,56.94117066,0,0
6.76000000,57.30598815,57.06470797,56.98167142,56.97076690,0,0
6.77000000,57.31081823,57.00233342,56.98877100,57.00863968,0,0
6.78000000,57.37167301,56.94002005,56.99103926,57.01139601,0,0
6.79000000,57.43748878,56.98722032,57.00221664,56.92641733,0,0
6.80000000,57.34747259,56.99455091,56.97624350,56.87033816,0,0
6.81000000,57.26839102,57.05231356,56.98854897,56.91622251,0,0
6.82000000,57.30066627,57.00431093,56.95213559,56.93872549,0,0
6.83000000,57.31603865,57.07297606,56.98661449,57.03401303,0,0
6.84000000,57.37728572,57.08905569,57.03319990,57.00314329,0,0
6.85000000,57.35007556,57.01043588,56.99896937,56.98910841,0,0
6.86000000,57.32635451,56.96695029,56.99911694,56.95853356,0,0
6.87000000,57.38444548,56.99692226,56.97540284,57.00039169,0,0
6.88000000,57.42908826,57.14741573,56.93091887,56.94366154,0,0
6.89000000,57.39959890,57.10241755,56.93388956,56.91994037,0,0
6.90000000,57.31894781,56.99858268,56.96992774,56.95268017,0,0
6.91000000,57.30897375,56.94976975,57.01345566,56.97485576,0,0
6.92000000,57.37179198,57.02582574,57.04583653,57.03035469,0,0
6.93000000,57.43027975,57.12111299,56.98885989,57.02421892,0,0
6.94000000,57.32813731,57.14173616,56.96222228,56.99335270,0,0
6.95000000,57.30419018,57.03613139,56.94456211,56.87024733,0,0
6.96000000,57.32117593,56.96342400,57.00247733,56.92299380,0,0
6.97000000,57.36270077,56.96850783,57.02829111,56.94601643,0,0
6.98000000,57.38215434,57.01078937,57.05232003,57.01823773,0,0
6.99000000,57.30506960,57.04348096,56.99089511,57.02028717,0,0
7.00000000,57.26369894,57.01712282,56.95900892,57.04934324,0,0
7.01000000,57.29187522,56.98529638,56.94137890,57.05681700,0,0
7.02000000,57.32321390,56.97536683,56.95152440,56.95638714,0,0
7.03000000,57.30672166,56.99251578,56.93599298,56.88683418,0,0
7.04000000,57.30541080,56.96679044,56.95148052,56.92747303,0,0
7.05000000,57.27725337,57.04728404,56.96937643,56.96246193,0,0
7.06000000,57.31101747,57.03850168,56.96524639,56.98692675,0,0
7.07000000,57.30931681,57.04860486,56.93578596,56.93321559,0,0
7.08000000,57.30179339,57.01459886,56.93374638,56.95446792,0,0
7.09000000,57.29368151,56.99064164,56.97456607,57.01816532,0,0
7.10000000,57.30840951,57.01904327,56.95416823,57.00727564,0,0
7.11000000,57.28982464,57.04255966,56.95701740,57.06298894,0,0
7.12000000,57.32988908,57.05613475,56.96731484,57.06190289,0,0
7.13000000,57.29067888,57.01463774,56.97881646,57.00564221,0,0
7.14000000,57.29527684,57.01164357,56.99455624,57.00688870,0,0
7.15000000,57.26341300,56.98033144,56.99950124,57.02476520,0,0
7.16000000,57.30349628,57.03581803,57.01195028,57.05772965,0,0
7.17000000,57.28694341,57.05023448,57.01084727,57.04356737,0,0
7.18000000,57.30915953,57.03226055,56.94317193,56.96905077,0,0
7.19000000,57.28298913,56.99689566,56.95149915,56.99518906,0,0
7.20000000,57.31929722,57.03955093,56.98673820,56.99292479,0,0
7.21000000,57.32867681,57.06708197,56.95131975,57.00803655,0,0
7.22000000,57.34064843,57.07503905,56.97372391,57.06010505,0,0
7.23000000,57.33140490,57.03483680,56.95539543,57.06073841,0,0
7.24000000,57.31051103,57.00544798,56.95927641,57.02619575,0,0
7.25000000,57.28627128,57.05984148,56.98901063,56.99656334,0,0
7.26000000,57.31681300,57.08481349,56.91649119,56.92031158,0,0
7.27000000,57.33155229,57.08846038,56.92571346,56.93052488,0,0
7.28000000,57.42387476,57.06280583,56.91329894,56.89492105,0,0
7.29000000,57.37607490,57.06771319,56.92436025,56.98961444,0,0
7.30000000,57.31628679,57.07775541,56.97135003,57.03643893,0,0
7.31000000,57.31142038,57.06544198,56.99516412,57.05989874,0,0
7.32000000,57.30709838,57.11544310,56.97612627,57.08011756,0,0
7.33000000,57.39217926,57.13141283,56.95842654,57.06650248,0,0
7.34000000,57.39273332,57.04732697,56.94837793,56.99956644,0,0
7.35000000,57.33401036,57.03385179,56.97114451,56.97527707,0,0
7.36000000,57.31003757,57.05982367,57.00290406,56.95936404,0,0
7.37000000,57.44795266,57.06997918,56.95211178,56.99976420,0,0
7.38000000,57.26607247,57.07179077,56.99665172,57.00923300,0,0
7.39000000,57.40395891,57.11921254,56.99280881,56.98323848,0,0
7.40000000,57.25825487,57.00332795,56.96206875,57.03315083,0,0
7.41000000,57.29069850,57.03993735,56.93461523,56.96546077,0,0
7.42000000,57.35697105,57.01433271,56.90988816,57.00244820,0,0
7.43000000,57.37023647,57.11644324,56.89418144,56.98015174,0,0
7.44000000,57.39499779,57.06521873,56.87480124,57.04929762,0,0
7.45000000,57.31578670,57.03552332,56.99045256,56.99965744,0,0
7.46000000,57.37071020,57.05161931,56.98006326,57.01106582,0,0
7.47000000,57.32128708,57.01203685,56.97411967,56.98758947,0,0
7.48000000,57.39055909,57.08064609,56.91995972,56.95233515,0,0
7.49000000,57.24473927,57.03447304,56.91972770,56.94061094,0,0
7.50000000,57.35674600,57.15083219,56.96375143,56.95483780,0,0
7.51000000,57.30797825,57.07325559,56.94871929,56.96137330,0,0
7.52000000,57.35284069,57.02366329,56.94258005,57.01679278,0,0
7.53000000,57.34181801,56.96599089,56.98848220,57.01311993,0,0
7.54000000,57.29595657,56.99294727,57.03240843,57.08520915,0,0
7.55000000,57.28334258,57.07467728,56.95830478,57.13102395,0,0
7.56000000,57.32425980,57.03707331,57.03694872,57.11787364,0,0
7.57000000,57.31460137,57.06959922,57.01630489,57.01957431,0,0
7.58000000,57.35257256,57.01037809,56.99270583,57.01326798,0,0
7.59000000,57.22509075,56.99017362,56.93458447,56.97885124,0,0
7.60000000,57.23323739,57.03547070,56.94001867,57.04140198,0,0
7.61000000,57.26428806,57.13638312,56.96069254,56.99995978,0,0
7.62000000,57.33716211,57.07586752,56.88772626,56.99132045,0,0
7.63000000,57.33075443,56.99881747,56.97149833,57.04694021,0,0
7.64000000,57.30751367,56.98072523,56.95010089,56.97585470,0,0
7.65000000,57.30442902,57.03298507,56.95133296,56.99830149,0,0
7.66000000,57.32077213,57.10926262,56.92860023,57.03082056,0,0
7.67000000,57.34610945,57.08911324,56.94091575,56.99797858,0,0
7.68000000,57.29945534,57.05847042,56.98207845,57.06762173,0,0
7.69000000,57.29267087,57.03693434,56.98498724,57.04598025,0,0
7.70000000,57.29204041,56.99556170,56.99147895,57.01918834,0,0
7.71000000,57.29791738,57.02740990,56.97858851,57.02389677,0,0
7.72000000,57.36596012,57.04976326,56.95628668,56.93117773,0,0
7.73000000,57.34512984,57.04713248,56.97194277,56.95449354,0,0
7.74000000,57.30313959,57.09277979,57.05174612,56.99146893,0,0
7.75000000,57.30962372,57.08950737,57.05810224,57.03751031,0,0
7.76000000,57.29730295,57.05748735,56.95956035,57.05416805,0,0
7.77000000,57.36678318,57.00694499,56.90611034,57.08649969,0,0
7.78000000,57.35694467,56.99690265,56.90631411,57.07900075,0,0
7.79000000,57.33937741,57.07127706,56.95650745,57.02612416,0,0
7.80000000,57.31109167,57.08148851,56.95228720,56.93799873,0,0
7.81000000,57.30210890,57.06173157,56.95090411,56.93504180,0,0
7.82000000,57.30931826,57.05520090,56.93803045,56.93455137,0,0
7.83000000,57.37887303,57.05104494,56.93024024,56.97097434,0,0
7.84000000,57.29852349,57.05683051,56.92333086,57.00374844,0,0
7.85000000,57.27266289,57.03101944,56.94558058,57.02877595,0,0
7.86000000,57.27469293,57.02707836,56.94375398,57.05887671,0,0
7.87000000,57.31185275,57.04679099,56.91013821,57.02723367,0,0
7.88000000,57.35337895,57.07002982,56.88352620,56.98057681,0,0
7.89000000,57.33490083,57.03963979,56.91383719,56.96961190,0,0
7.90000000,57.27826351,57.01333256,56.94257977,56.96233230,0,0
7.91000000,57.27560232,56.98067833,56.93944555,56.97898218,0,0
7.92000000,57.28256384,56.99184244,56.93254151,57.01403910,0,0
7.93000000,57.29829078,57.04309848,56.94312514,56.99239705,0,0
7.94000000,57.33644696,57.07108616,56.98374361,57.00246559,0,0
7.95000000,57.29525034,57.04369000,56.97646643,56.93909101,0,0
7.96000000,57.31274538,57.02532553,56.99212388,56.98518097,0,0
7.97000000,57.28242146,57.03717280,56.99961197,57.01157624,0,0
7.98000000,57.29755010,57.04913074,56.95732021,57.03673131,0,0
7.99000000,57.29994801,57.06605863,56.93821671,57.06883684,0,0
8.00000000,57.33130259,57.02659615,56.95942301,57.07575992,0,0
8.01000000,57.24640039,57.00494107,56.93919969,57.01606645,0,0
8.02000000,57.29420756,57.03440648,56.94427400,56.96968285,0,0
8.03000000,57.30885419,57.06454855,56.86729972,56.89636292,0,0
8.04000000,57.34188671,57.07536692,56.91031512,56.94636351,0,0
8.05000000,57.32119172,57.11041657,56.90433987,56.94920966,0,0
8.06000000,57.28825532,57.03737235,56.92166524,57.02061050,0,0
8.07000000,57.28370186,57.00339646,56.95725085,57.04548924,0,0
8.08000000,57.30574087,56.97403727,56.98053376,57.09058517,0,0
8.09000000,57.35055708,57.08032224,56.90983964,57.05732154,0,0
8.10000000,57.31682849,57.09106393,56.91725613,57.03195447,0,0
8.11000000,57.35791345,57.10733458,56.93584731,56.99662219,0,0
8.12000000,57.27030438,57.07642219,56.99055177,56.98412899,0,0
8.13000000,57.31522906,57.01300849,57.02539741,56.98733999,0,0
8.14000000,57.38876128,57.01663776,56.93822450,57.02126149,0,0
8.15000000,57.29170277,57.03634743,56.97080583,57.04276479,0,0
8.16000000,57.36381187,57.07131387,56.97743129,56.97511885,0,0
8.17000000,57.21957988,57.09556535,56.94692882,57.01829741,0,0
8.18000000,57.34584227,57.06223514,56.90291253,56.95068756,0,0
8.19000000,57.30765633,57.08682880,56.89401134,56.93697682,0,0
8.20000000,57.36173820,57.06591529,56.92170445,56.97892402,0,0
8.21000000,57.37597083,57.10210587,56.91685022,57.03757434,0,0
8.22000000,57.41092307,57.05643595,56.91740313,57.06397014,0,0
8.23000000,57.37130687,57.08973443,56.96004186,57.04623313,0,0
8.24000000,57.30043801,57.06063286,56.97045875,57.03617679,0,0
8.25000000,57.31815997,57.07950149,56.88922141,56.96124654,0,0
8.26000000,57.30031970,57.08048211,56.91241889,56.93347121,0,0
8.27000000,57.37284864,57.07246856,56.94007999,56.94877670,0,0
8.28000000,57.29274564,57.05736803,56.89806864,56.96115052,0,0
8.29000000,57.34578608,57.03777202,56.96292223,57.07039572,0,0
8.30000000,57.34985281,57.10382961,56.99488764,57.05854304,0,0
8.31000000,57.30466585,57.10716901,57.05764962,57.09003341,0,0
8.32000000,57.29779150,57.03581614,56.97814554,57.10242062,0,0
8.33000000,57.37226775,56.98873800,56.98711824,56.98841901,0,0
8.34000000,57.32953528,57.05136233,56.91071995,56.96423162,0,0
8.35000000,57.32879459,57.06591486,56.95522483,56.93064759,0,0
8.36000000,57.22775091,57.08434304,56.85454189,56.95764317,0,0
8.37000000,57.31614604,57.04216765,56.89699747,56.96637792,0,0
8.38000000,57.31427652,56.99783241,56.90914065,56.96546097,0,0
8.39000000,57.17699135,56.95504891,56.93304470,57.00092593,0,0
8.40000000,57.18917451,56.98951152,56.94691907,57.05135176,0,0
8.41000000,57.26664991,57.05411433,56.96980861,56.98126578,0,0
8.42000000,57.41152745,57.10884619,56.95076129,57.02230733,0,0
8.43000000,57.36741046,57.05232792,56.97724250,57.05547920,0,0
8.44000000,57.31077733,56.99863440,56.94360674,57.03255912,0,0
8.45000000,57.19537853,57.02349814,56.96813525,57.04659935,0,0
8.46000000,57.31925468,57.06879895,56.99171829,57.07405731,0,0
8.47000000,57.34970148,57.07454418,56.99537651,57.06342717,0,0
8.48000000,57.40419259,57.05825233,56.97530039,57.03961972,0,0
8.49000000,57.33121617,57.05884997,56.97643609,56.97191786,0,0
8.50000000,57.31358489,57.07213476,57.04319693,56.98491920,0,0
8.51000000,57.30097626,57.08775983,57.05548777,57.03011327,0,0
8.52000000,57.32704417,57.07964147,57.03711738,57.07483627,0,0
8.53000000,57.27219004,57.08462553,57.02574877,57.10170351,0,0
8.54000000,57.32439610,57.06977990,57.07452644,57.15364322,0,0
8.55000000,57.34287433,57.06638287,56.99517635,57.09544684,0,0
8.56000000,57.39733748,57.05457773,56.92661396,56.99473511,0,0
8.57000000,57.35253269,57.02738641,56.83778542,56.92293175,0,0
8.58000000,57.27566416,57.03006375,56.88249999,56.92434550,0,0
8.59000000,57.32311544,57.07567057,56.92923004,56.92852896,0,0
8.60000000,57.36276536,57.11972404,56.91461816,56.96795770,0,0
8.61000000,57.36934509,57.09470067,56.85784367,56.97902568,0,0
8.62000000,57.29672092,57.01643299,56.84622077,57.00966618,0,0
8.63000000,57.30041934,57.02624037,56.87023031,57.02211443,0,0
8.64000000,57.30818168,57.07488578,56.94468833,56.99631283,0,0
8.65000000,57.38424334,57.09309737,56.99513949,57.00593476,0,0
8.66000000,57.27763097,57.03422801,56.96914574,56.97955581,0,0
8.67000000,57.29326346,57.00989079,56.97998552,56.95700630,0,0
8.68000000,57.27579416,57.02582267,57.01146334,56.99482539,0,0
8.69000000,57.34075189,57.06424682,57.00682784,57.00977736,0,0
8.70000000,57.26519002,57.04455670,56.95338976,57.00484715,0,0
8.71000000,57.27550027,57.02607722,56.94939830,56.98824991,0,0
8.72000000,57.25249776,57.01856355,56.90288241,56.94326710,0,0
8.73000000,57.35156816,57.02994582,56.95654919,57.00749048,0,0
8.74000000,57.32045072,57.04312342,56.95469599,57.00660455,0,0
8.75000000,57.28593927,57.02570742,56.90446886,57.03491511,0,0
8.76000000,57.24911555,57.02528532,56.94543149,57.06963489,0,0
8.77000000,57.30503336,56.99575095,56.96767945,57.04269352,0,0
8.78000000,57.28147542,56.99636120,56.91244991,56.97841100,0,0
8.79000000,57.30387635,57.00104502,56.93491930,56.95559307,0,0
8.80000000,57.23355933,56.99077295,56.86748708,56.91132657,0,0
8.81000000,57.29217038,57.06850465,56.93727461,56.94009124,0,0
8.82000000,57.29221460,57.08600292,56.97571858,56.94201287,0,0
8.83000000,57.30500995,57.03122717,56.93702847,56.99876977,0,0
8.84000000,57.32376964,56.95790877,56.92878288,57.00812577,0,0
8.85000000,57.27177018,56.99722728,56.96511277,57.04275935,0,0
8.86000000,57.29032800,57.06941748,56.98908570,57.07071629,0,0
8.87000000,57.26492067,57.10463260,56.94871274,57.04410646,0,0
8.88000000,57.23746527,57.02921899,56.96665719,56.95100239,0,0
8.89000000,57.28553151,56.94821853,56.95821096,56.98405875,0,0
8.90000000,57.32453433,56.95802857,56.99199279,56.96631774,0,0
8.91000000,57.27483056,57.01582558,56.90509496,57.03315548,0,0
8.92000000,57.26678030,57.07982924,56.90287774,57.00534067,0,0
8.93000000,57.27494744,57.04782373,56.93518157,56.97576269,0,0
8.94000000,57.24566750,57.02497612,56.93533284,57.00767313,0,0
8.95000000,57.31302254,56.97907041,56.88511708,56.96155886,0,0
8.96000000,57.26316770,57.12363902,56.89978456,56.97908012,0,0
8.97000000,57.29169390,57.08721757,56.86113615,56.99119849,0,0
8.98000000,57.31586851,56.98550071,56.90254464,57.00772615,0,0
8.99000000,57.32837170,56.96678608,56.96065738,56.99038516,0,0
9.00000000,57.40925429,57.00096801,56.97794509,57.02318753,0,0
9.01000000,57.22283116,57.05591761,56.99003846,57.02069663,0,0
9.02000000,57.12497157,57.10411664,56.91086035,57.01507280,0,0
9.03000000,57.26930947,57.08488737,56.98426974,56.95739732,0,0
9.04000000,57.35651493,56.99612846,56.96193794,56.91184459,0,0
9.05000000,57.38745343,56.98816174,56.90763152,56.96486061,0,0
9.06000000,57.27279687,57.06379749,56.90023238,57.06058049,0,0
9.07000000,57.18721630,57.11996566,56.93114879,57.01359980,0,0
9.08000000,57.28748676,57.12442035,56.91877913,57.04893728,0,0
9.09000000,57.44318772,57.09386671,56.90498906,57.03635775,0,0
9.10000000,57.35306055,56.99630866,56.91131671,56.94310545,0,0
9.11000000,57.27805692,57.05276048,56.87900416,56.94285543,0,0
9.12000000,57.26688493,57.02657276,56.89741484,56.95534506,0,0
9.13000000,57.29784677,57.10920672,56.84423178,56.99403218,0,0
9.14000000,57.36326309,57.10121756,56.89038090,56.99546320,0,0
9.15000000,57.33546089,57.10019803,56.92003524,56.92712948,0,0
9.16000000,57.24982069,57.03137181,56.91104485,56.97468801,0,0
9.17000000,57.30876306,57.05337303,56.95844182,57.02800004,0,0
9.18000000,57.29532606,57.04078883,56.95178833,56.98944439,0,0
9.19000000,57.36589413,57.08775530,56.85588994,56.96039713,0,0
9.20000000,57.27219947,57.07293560,56.90825500,56.99707126,0,0
9.21000000,57.29157973,57.03132240,56.89723741,56.93830616,0,0
9.22000000,57.27315847,57.10940354,56.93693383,56.94039983,0,0
9.23000000,57.31075571,57.04409159,56.90639728,56.94955125,0,0
9.24000000,57.23635817,56.98532226,56.89637319,57.00097013,0,0
9.25000000,57.27282661,56.99797487,56.92953209,56.99700524,0,0
9.26000000,57.26355864,57.01802088,56.96353618,56.98643750,0,0
9.27000000,57.32038380,57.07317419,56.91033186,56.98309509,0,0
9.28000000,57.28321047,57.05317277,56.90446461,56.99539308,0,0
9.29000000,57.24996369,57.02470514,56.90748354,57.02969190,0,0
9.30000000,57.27814710,57.04343389,56.91276638,57.06039282,0,0
9.31000000,57.32199424,57.01072927,56.92839438,57.10277937,0,0
9.32000000,57.28582614,57.03398689,56.91993778,57.09404319,0,0
9.33000000,57.23924945,57.04268258,56.94656090,57.04309602,0,0
9.34000000,57.21297566,57.03984968,56.94246757,56.95330547,0,0
9.35000000,57.23766165,57.02467705,56.90369432,56.94184795,0,0
9.36000000,57.31602868,56.99557137,56.92302499,56.93188084,0,0
9.37000000,57.30667551,56.99334229,56.90034593,56.98558844,0,0
9.38000000,57.25401477,57.02183807,56.88933585,56.98813935,0,0
9.39000000,57.24889158,57.05463288,56.94584432,57.04601625,0,0
9.40000000,57.27042773,57.06665526,56.92675953,57.06936655,0,0
9.41000000,57.28052711,57.03496294,56.89176796,57.01761179,0,0
9.42000000,57.27842811,56.97331925,56.86985868,56.97643687,0,0
9.43000000,57.28020896,56.98305152,56.92070830,56.99622290,0,0
9.44000000,57.30288743,57.03067293,56.96049722,56.94596117,0,0
9.45000000,57.24955160,57.06228144,56.97297897,56.97030521,0,0
9.46000000,57.21977530,57.02936886,56.90926281,56.95745710,0,0
9.47000000,57.21699710,57.02230081,56.92772840,56.95881487,0,0
9.48000000,57.22204728,57.03361362,56.92202908,56.97516652,0,0
9.49000000,57.21263897,57.07802781,56.90135912,56.96317510,0,0
9.50000000,57.26249415,57.02953673,56.86053946,56.98976300,0,0
9.51000000,57.27081974,57.02075659,56.86522800,57.01807563,0,0
9.52000000,57.30120236,57.01644492,56.83831777,57.00274179,0,0
9.53000000,57.28509110,57.00572016,56.85042632,57.05434228,0,0
9.54000000,57.23305916,57.04101889,56.86613819,56.99018960,0,0
9.55000000,57.17847498,57.02852351,56.90150934,56.94914848,0,0
9.56000000,57.21732665,56.98419578,56.94086880,57.00649075,0,0
9.57000000,57.24578608,56.99457455,56.89018569,56.95309253,0,0
9.58000000,57.31024819,57.04549579,56.85373304,56.91939737,0,0
9.59000000,57.23646328,57.02737784,56.89677434,56.93104195,0,0
9.60000000,57.20088929,57.01438920,56.88553046,56.95407802,0,0
9.61000000,57.22159336,57.01804253,56.97090706,56.99551988,0,0
9.62000000,57.27062056,57.03316679,56.98130538,57.02822116,0,0
9.63000000,57.32985148,57.04878188,56.94935789,57.01881015,0,0
9.64000000,57.25312849,57.01730261,56.90317601,57.06579052,0,0
9.65000000,57.21313734,57.02826760,56.84542517,56.95803359,0,0
9.66000000,57.22253184,56.99497617,56.82616704,56.96695435,0,0
9.67000000,57.25029377,56.97378626,56.91055093,56.93873778,0,0
9.68000000,57.26661159,56.98434768,56.84496262,56.94854683,0,0
9.69000000,57.25726754,57.01051973,56.86295778,56.98911971,0,0
9.70000000,57.17554783,57.05194890,56.88809478,56.95522283,0,0
9.71000000,57.16915407,57.01358001,56.85889323,56.97042094,0,0
9.72000000,57.28191869,56.94806878,56.81328618,56.98123648,0,0
9.73000000,57.28600152,56.94904387,56.85183682,56.96200479,0,0
9.74000000,57.25006461,57.03362177,56.84247540,56.91875198,0,0
9.75000000,57.19882073,57.06650863,56.84102869,56.96938128,0,0
9.76000000,57.16855636,57.02637143,56.85794832,56.95935030,0,0
9.77000000,57.31626776,56.96546390,56.81938352,56.90897642,0,0
9.78000000,57.25286634,56.87587388,56.91115629,56.93133823,0,0
9.79000000,57.25282077,56.94836641,56.83478465,56.98070451,0,0
9.80000000,57.21208292,57.04969477,56.91064152,56.96676164,0,0
9.81000000,57.18688078,57.15143626,56.87816702,56.87360290,0,0
9.82000000,57.23803974,57.01294204,56.88706444,56.94968657,0,0
9.83000000,57.24352007,56.92396113,56.89077817,56.94129406,0,0
9.84000000,57.19474718,56.95362237,56.86211435,56.99614485,0,0
9.85000000,57.27302670,57.04902933,56.84412922,57.01889543,0,0
9.86000000,57.20079173,57.04889399,56.86050080,57.04682142,0,0
9.87000000,57.19317093,56.98630650,56.85818269,56.99581826,0,0
9.88000000,57.25621829,56.93898285,56.86273099,56.91413139,0,0
9.89000000,57.27266335,56.95993450,56.86098783,56.88301827,0,0
9.90000000,57.22078609,57.02975681,56.81508081,56.91984713,0,0
9.91000000,57.23155726,57.03062454,56.82505238,56.90610698,0,0
9.92000000,57.13595724,57.00255855,56.86966533,56.96605468,0,0
9.93000000,57.22855646,56.92206664,56.84983217,56.96326663,0,0
9.94000000,57.19746079,56.92883147,56.85725371,57.00499601,0,0
9.95000000,57.19664293,56.96766556,56.81714809,56.97108644,0,0
9.96000000,57.21345659,57.03361434,56.81594978,56.95116875,0,0
9.97000000,57.18357112,56.99306221,56.84013675,56.90886234,0,0
9.98000000,57.18929175,56.94264667,56.86350131,56.89711390,0,0
9.99000000,57.20918352,56.94423452,56.91304428,56.90572862,0,0
10.00000000,57.16698940,56.92323026,56.88468451,56.93767960,0,0
10.01000000,57.17643857,56.96654971,56.83264923,56.96475670,0,0
10.02000000,57.24614245,56.98920630,56.87669318,56.95247152,0,0
10.03000000,57.17578894,56.98542834,56.86928722,56.92330199,0,0
10.04000000,57.16825924,56.97745586,56.81024893,56.91377743,0,0
10.05000000,57.16546995,56.97398554,56.79671726,56.91862525,0,0
10.06000000,57.24580706,56.99371522,56.87297512,56.95409813,0,0
10.07000000,57.25405890,56.98114375,56.81602300,56.97849735,0,0
10.08000000,57.22382825,56.96139337,56.82628602,57.01499781,0,0
10.09000000,57.18173312,56.97962523,56.81244111,57.01194264,0,0
10.10000000,57.26125705,56.96680833,56.85083981,56.97901861,0,0
10.11000000,57.20290685,56.95957946,56.86976027,56.93060437,0,0
10.12000000,57.21719362,56.97520756,56.83991124,56.87068392,0,0
10.13000000,57.19403035,56.98740933,56.82068590,56.85643929,0,0
10.14000000,57.18113603,57.01360253,56.85737656,56.87029525,0,0
10.15000000,57.18738502,56.97867588,56.85453644,56.88251704,0,0
10.16000000,57.24100434,56.95944815,56.82513101,56.94091022,0,0
10.17000000,57.20733010,56.96087652,56.85211349,56.93859235,0,0
10.18000000,57.22148386,56.95672587,56.86123442,56.94208832,0,0
10.19000000,57.17987782,56.97548970,56.87911834,56.98306152,0,0
10.20000000,57.20311942,57.00286570,56.84482521,56.89600238,0,0
10.21000000,57.23170139,56.98941279,56.81057849,56.86811119,0,0
10.22000000,57.19983881,56.98957540,56.81335608,56.90717373,0,0
10.23000000,57.18020598,56.96135827,56.77935846,56.91593066,0,0
10.24000000,57.24455118,56.95087638,56.79355994,56.90708890,0,0
10.25000000,57.22139483,56.97671429,56.82449146,56.90094618,0,0
10.26000000,57.20391939,56.94466160,56.79161585,56.90252613,0,0
10.27000000,57.20073431,56.96308239,56.81306708,56.91033220,0,0
10.28000000,57.19870718,56.98014855,56.84544815,56.86213145,0,0
10.29000000,57.21976032,56.99735676,56.84331361,56.91882369,0,0
10.30000000,57.23630733,56.96173675,56.84106696,56.96560084,0,0
10.31000000,57.17093633,56.94152633,56.84226372,56.95177511,0,0
10.32000000,57.21655802,56.96047705,56.83486085,56.94459932,0,0
10.33000000,57.20823595,56.95191698,56.90623790,56.92985309,0,0
10.34000000,57.21572212,56.98343515,56.88251316,56.92839197,0,0
10.35000000,57.22895533,56.95469981,56.84482133,56.90670982,0,0
10.36000000,57.17152058,56.96134372,56.86301845,56.85728848,0,0
10.37000000,57.18591853,56.95136992,56.84794509,56.93540719,0,0
10.38000000,57.17169883,57.00016003,56.86751058,56.95216429,0,0
10.39000000,57.22305612,57.03192827,56.80632515,56.99717884,0,0
10.40000000,57.31445613,57.03194528,56.80941387,57.00186376,0,0
10.41000000,57.20516274,56.98376395,56.80768524,57.00673200,0,0
10.42000000,57.17045360,56.81811772,56.82355529,56.96930842,0,0
10.43000000,57.17015461,56.91366430,56.84331709,56.89560750,0,0
10.44000000,57.20097265,56.96830389,56.86809821,56.88091244,0,0
10.45000000,57.22200443,57.09188496,56.85735399,56.86622319,0,0
10.46000000,57.24083466,57.02272630,56.85215753,56.84766206,0,0
10.47000000,57.16906298,56.94997459,56.82355645,56.85703498,0,0
10.48000000,57.20598591,56.88760752,56.80413358,56.91208821,0,0
10.49000000,57.24086037,57.00088777,56.76500812,56.91994170,0,0
10.50000000,57.21729204,57.02692153,56.81593352,56.93141290,0,0
10.51000000,57.21192726,56.95520587,56.83079114,56.88918704,0,0
10.52000000,57.16059538,56.93108127,56.86531398,56.92322458,0,0
10.53000000,57.16519056,56.92114793,56.82939683,56.87645412,0,0
10.54000000,57.25422294,57.00596916,56.90348636,56.86721917,0,0
10.55000000,57.14978056,56.96984635,56.77335813,56.91877564,0,0
10.56000000,57.14644179,56.91671776,56.79877984,56.93981415,0,0
10.57000000,57.17972235,56.87421090,56.86950410,56.96098646,0,0
10.58000000,57.17716878,56.94658817,56.83049775,57.01972305,0,0
10.59000000,57.16357263,57.04188575,56.81731513,56.81716190,0,0
10.60000000,57.08949623,56.92869414,56.77684778,56.85954339,0,0
10.61000000,57.14916423,56.86671223,56.84852058,56.92209714,0,0
10.62000000,57.22163417,56.93789691,56.82544546,56.95405632,0,0
10.63000000,57.26206023,57.00241111,56.79992036,56.98571999,0,0
10.64000000,57.17665669,57.02137951,56.77816898,56.95675480,0,0
10.65000000,57.15348428,56.91437789,56.85358887,56.86950213,0,0
10.66000000,57.18025587,56.88672200,56.87588889,56.87103466,0,0
10.67000000,57.30449005,56.93492750,56.87414536,56.88268288,0,0
10.68000000,57.24524454,56.96577953,56.81107530,56.87320427,0,0
10.69000000,57.10909691,56.99132517,56.84966152,56.87742967,0,0
10.70000000,57.05779498,56.95764653,56.84990503,56.88343998,0,0
10.71000000,57.21064643,56.93859975,56.87078092,56.93360889,0,0
10.72000000,57.29814589,56.91618985,56.88389616,56.94879387,0,0
10.73000000,57.23849513,56.97095343,56.81381485,56.96967729,0,0
10.74000000,57.07837508,56.89977787,56.79947282,56.99570617,0,0
10.75000000,57.12100054,56.93133173,56.86906181,56.87100582,0,0
10.76000000,57.19636047,56.93949367,56.84174252,56.88234997,0,0
10.77000000,57.24011591,56.97105588,56.80880152,56.85915196,0,0
10.78000000,57.17562665,56.91922065,56.73230180,56.87774784,0,0
10.79000000,57.13120448,56.89547911,56.74281323,56.87333023,0,0
10.80000000,57.11781681,56.92409716,56.80811899,56.88672987,0,0
10.81000000,57.14749777,56.91223674,56.80383680,56.92132517,0,0
10.82000000,57.19246805,56.91370257,56.78420536,56.90466653,0,0
10.83000000,57.16932938,56.90690264,56.82113999,56.84576060,0,0
10.84000000,57.16309763,56.91818873,56.83660636,56.91960229,0,0
10.85000000,57.13363642,56.95200057,56.85994072,56.92863403,0,0
10.86000000,57.16337286,56.99411707,56.81821662,56.91720467,0,0
10.87000000,57.15800899,56.91135759,56.78889243,56.89539242,0,0
10.88000000,57.13854125,56.84983989,56.83702092,56.92976167,0,0
10.89000000,57.13670288,56.85288782,56.84933239,56.90865883,0,0
10.90000000,57.20927404,56.93173915,56.82574206,56.86788078,0,0
10.91000000,57.13246560,56.95611845,56.79683053,56.81060745,0,0
10.92000000,57.10263152,56.93245342,56.79926119,56.85053354,0,0
10.93000000,57.08152433,56.90946848,56.77141645,56.88688781,0,0
10.94000000,57.21375341,56.93395330,56.78532609,56.93516927,0,0
10.95000000,57.24542380,56.97861443,56.76767015,56.95905047,0,0
10.96000000,57.17974832,56.93796301,56.76575865,56.95081486,0,0
10.97000000,57.10443227,56.89555256,56.76541751,56.92838187,0,0
10.98000000,57.15910525,56.92992810,56.80588933,56.86717449,0,0
10.99000000,57.15193008,56.96118662,56.82578233,56.82339530,0,0
11.00000000,57.19508086,56.97242402,56.83408710,56.84881319,0,0
11.01000000,57.17094778,56.96973090,56.77695108,56.83822919,0,0
11.02000000,57.17146706,56.94625778,56.77867646,56.84857232,0,0
11.03000000,57.19199129,56.91539789,56.80458966,56.92038604,0,0
11.04000000,57.19862625,56.91361815,56.79844743,56.94335199,0,0
11.05000000,57.12501908,56.97416740,56.82086029,56.93446759,0,0
11.06000000,57.14626918,56.95367605,56.79486163,56.88328141,0,0
11.07000000,57.17694599,56.94742961,56.79086100,56.87189982,0,0
11.08000000,57.23754853,56.92697314,56.78667392,56.86077641,0,0
11.09000000,57.18123601,56.86993315,56.74093086,56.85071982,0,0
11.10000000,57.05566253,56.83542696,56.77671142,56.83769173,0,0
11.11000000,57.14502700,56.85030868,56.80527444,56.85805685,0,0
11.12000000,57.15376522,56.90816695,56.80418889,56.86269712,0,0
11.13000000,57.10280946,56.98203745,56.78428580,56.84084378,0,0
11.14000000,57.12281448,56.92437364,56.73136143,56.80459201,0,0
11.15000000,57.07508625,56.91452494,56.73297963,56.81442902,0,0
11.16000000,57.18787796,56.86327048,56.78877686,56.84795806,0,0
11.17000000,57.18479586,56.91476032,56.75816741,56.88235886,0,0
11.18000000,57.12257948,56.90351449,56.75798832,56.94655163,0,0
11.19000000,57.05247845,56.89213078,56.79061232,56.92663650,0,0
11.20000000,57.10341305,56.90263206,56.85938117,56.95042673,0,0
11.21000000,57.13438274,56.91163657,56.86475242,56.90975818,0,0
11.22000000,57.19227654,56.91409633,56.73542353,56.86735082,0,0
11.23000000,57.18480143,56.90598017,56.74265744,56.88234428,0,0
11.24000000,57.05082080,56.92704056,56.82277349,56.85725976,0,0
11.25000000,57.13288184,56.90405959,56.85177016,56.95943994,0,0
11.26000000,57.12608052,56.94578314,56.86546990,56.94104121,0,0
11.27000000,57.14694322,56.92006210,56.77971572,56.92030582,0,0
11.28000000,57.19079951,56.94793364,56.79555152,56.90828835,0,0
11.29000000,57.17295037,56.92838466,56.78663406,56.86633398,0,0
11.30000000,57.08186814,56.92682416,56.68542882,56.85336126,0,0
11.31000000,57.17845430,56.93946743,56.80117541,56.83925176,0,0
11.32000000,57.09692287,56.90420263,56.74571982,56.81717598,0,0
11.33000000,57.24615775,56.97040044,56.81641667,56.85738985,0,0
11.34000000,57.18825017,56.98467235,56.70615215,56.85872265,0,0
11.35000000,57.14569641,56.89712984,56.79421338,56.81470185,0,0
11.36000000,57.15126284,56.88048585,56.74823224,56.91367090,0,0
11.37000000,57.21075077,56.91131503,56.76884165,56.86655315,0,0
11.38000000,57.19729309,56.97771047,56.78882061,56.86478316,0,0
11.39000000,57.11468840,57.02611466,56.79189162,56.91231088,0,0
11.40000000,57.07636273,56.93598164,56.82245493,56.87657089,0,0
11.41000000,57.21541597,56.95069661,56.84379354,56.90166553,0,0
11.42000000,57.24444500,56.93089454,56.82983684,56.88596408,0,0
11.43000000,57.21430302,56.91469185,56.83914187,56.87705686,0,0
11.44000000,57.17865304,56.96463211,56.75293803,56.86922930,0,0
11.45000000,57.11076753,56.96584640,56.76676060,56.84220918,0,0
11.46000000,57.13470879,56.96288344,56.79369981,56.82402032,0,0
11.47000000,57.17521406,56.90214429,56.73422722,56.85445085,0,0
11.48000000,57.12794177,56.90507484,56.73744912,56.89766437,0,0
11.49000000,57.13566046,56.99192351,56.74487944,56.94255401,0,0
11.50000000,57.18524277,56.97898407,56.75260054,56.93257762,0,0
11.51000000,57.16488076,56.91866627,56.72790487,56.96285928,0,0
11.52000000,57.20878307,56.88787949,56.77114245,56.89424504,0,0
11.53000000,57.14783987,56.92240395,56.77623696,56.82185196,0,0
11.54000000,57.10900606,56.95642425,56.88485869,56.84895735,0,0
11.55000000,57.13556415,56.95180739,56.84148246,56.87167195,0,0
11.56000000,57.18273025,56.92722054,56.77765132,56.88860849,0,0
11.57000000,57.17038561,56.89974019,56.74656255,56.88275979,0,0
11.58000000,57.19230432,56.92829983,56.76214810,56.90428334,0,0
11.59000000,57.12513844,56.95036778,56.75260386,56.94627673,0,0
11.60000000,57.15167667,56.98936461,56.82692571,56.92875538,0,0
11.61000000,57.15132973,56.95735955,56.85573594,56.91151136,0,0
11.62000000,57.17210122,56.91055853,56.83199466,56.91711084,0,0
11.63000000,57.15033232,56.94494541,56.82710096,56.86909669,0,0
11.64000000,57.16436046,56.95061495,56.80282234,56.87441562,0,0
11.65000000,57.10908604,56.96939908,56.77604677,56.88224884,0,0
11.66000000,57.10504653,56.91671313,56.73392125,56.90916027,0,0
11.67000000,57.09066698,56.90429063,56.72387975,56.91487183,0,0
11.68000000,57.13421334,56.92648258,56.79542365,56.88161133,0,0
11.69000000,57.14167857,56.92918463,56.78551698,56.84783336,0,0
11.70000000,57.13238445,56.89638130,56.74677037,56.91920302,0,0
11.71000000,57.12006361,56.87579142,56.75783371,56.91791813,0,0
11.72000000,57.16635762,56.92013424,56.75933220,56.94394638,0,0
11.73000000,57.12291976,56.97645798,56.73915953,56.94309784,0,0
11.74000000,57.11009513,56.96016998,56.74946601,56.90802916,0,0
11.75000000,57.10090159,56.91654682,56.74490771,56.85445405,0,0
11.76000000,57.10778485,56.89421563,56.78558268,56.84329235,0,0
11.77000000,57.16646042,56.88219382,56.76574780,56.80218716,0,0
11.78000000,57.13684505,56.93590633,56.74279337,56.86858681,0,0
11.79000000,57.09069047,56.96430935,56.76124335,56.82893394,0,0
11.80000000,57.09213801,56.92349684,56.76441820,56.90272609,0,0
11.81000000,57.07577443,56.90412555,56.80555506,56.95847659,0,0
11.82000000,57.16394408,56.89519241,56.82759647,56.96671332,0,0
11.83000000,57.17885498,56.93216432,56.76470022,57.00484103,0,0
11.84000000,57.12801053,56.93973191,56.74824705,56.97672263,0,0
11.85000000,57.06896334,56.88615678,56.73831470,56.91319781,0,0
11.86000000,57.08419681,56.91878868,56.77408100,56.91244703,0,0
11.87000000,57.11376355,56.90645139,56.78635286,56.84145504,0,0
11.88000000,57.13963243,56.96092192,56.76106160,56.82709616,0,0
11.89000000,57.12810909,56.86390377,56.73442711,56.82552366,0,0
11.90000000,57.08467321,56.87654361,56.72314436,56.80874221,0,0
11.91000000,57.14398666,56.88202885,56.73519469,56.88041041,0,0
11.92000000,57.17208788,56.91769295,56.76988450,56.85000450,0,0
11.93000000,57.10792754,56.91834226,56.75162303,56.82009793,0,0
11.94000000,57.07338922,56.89753273,56.79249691,56.83491310,0,0
11.95000000,57.08836776,56.89162843,56.76614590,56.90042971,0,0
11.96000000,57.23081552,56.90492516,56.74690484,56.91813217,0,0
11.97000000,57.18823726,56.87321784,56.74123520,56.87101426,0,0
11.98000000,57.08933842,56.91921754,56.76844912,56.83710499,0,0
11.99000000,57.13007870,56.91251600,56.78394727,56.84033587,0,0
12.00000000,57.10739575,56.90340871,56.79872933,56.77139140,0,0
12.01000000,57.14610701,56.84699252,56.79860199,56.79941155,0,0
12.02000000,57.12304848,56.79954262,56.76405624,56.80947685,0,0
12.03000000,57.12104970,56.84314753,56.71143973,56.89709397,0,0
12.04000000,57.15031780,56.89736510,56.77775742,56.93669266,0,0
12.05000000,57.18680674,56.96245954,56.77292781,56.97188967,0,0
12.06000000,57.13225567,56.91785873,56.75681228,56.93229003,0,0
12.07000000,57.20035125,56.85097106,56.76760393,56.88363715,0,0
12.08000000,57.14703463,56.84062616,56.79775606,56.83036883,0,0
12.09000000,57.10582087,56.89102247,56.84199153,56.82807326,0,0
12.10000000,57.19784366,56.98091385,56.81109081,56.83221305,0,0
12.11000000,57.17762283,56.96927384,56.70681789,56.84093481,0,0
12.12000000,57.09680746,56.95762210,56.71321495,56.77397395,0,0
12.13000000,57.13990399,56.87891728,56.74057841,56.85980127,0,0
12.14000000,57.17675436,56.90204153,56.69885425,56.85885754,0,0
12.15000000,57.21137055,56.93418548,56.71353553,56.89803371,0,0
12.16000000,57.19921692,56.95064995,56.78164667,56.90046041,0,0
12.17000000,57.01964693,56.90063851,56.79228122,56.93712745,0,0
12.18000000,57.14961579,56.89019249,56.79389967,56.87228423,0,0
12.19000000,57.11102690,56.89193082,56.79908670,56.86665654,0,0
12.20000000,57.22314357,56.90722018,56.82096527,56.82239547,0,0
12.21000000,57.17421096,56.88852073,56.76107650,56.82010541,0,0
12.22000000,57.08783142,56.91446443,56.77948623,56.83304959,0,0
12.23000000,57.08574222,56.96439324,56.82422252,56.80724240,0,0
12.24000000,57.12079700,56.88801703,56.79729138,56.80186394,0,0
12.25000000,57.09923767,56.89694216,56.78630594,56.86803605,0,0
12.26000000,57.20813159,56.83646770,56.78193712,56.83463828,0,0
12.27000000,57.11215001,56.87747664,56.81742574,56.90079140,0,0
12.28000000,57.15040306,56.92831038,56.81602819,56.94303320,0,0
12.29000000,57.10078571,56.88515264,56.74916754,56.91095888,0,0
12.30000000,57.09393330,56.90698061,56.66502662,56.86273275,0,0
12.31000000,57.07386256,56.89604094,56.76279704,56.83370508,0,0
12.32000000,57.14382336,56.85139973,56.73230576,56.79442909,0,0
12.33000000,57.10545199,56.84046674,56.80382046,56.81217526,0,0
12.34000000,57.17840988,56.89404854,56.84412616,56.82634993,0,0
12.35000000,57.08227114,56.89677569,56.80594140,56.86902769,0,0
12.36000000,57.10148909,56.89921057,56.82979557,56.93052261,0,0
12.37000000,57.11825468,56.89863742,56.79312802,56.93978474,0,0
12.38000000,57.24232213,56.90185132,56.84072925,56.94640231,0,0
12.39000000,57.13668338,56.87830152,56.83741447,56.90474672,0,0
12.40000000,57.24740885,56.88426077,56.76707368,56.89468818,0,0
12.41000000,57.07441142,56.90990077,56.79142696,56.89538628,0,0
12.42000000,57.11916251,56.91968675,56.78801417,56.86228950,0,0
12.43000000,57.12979372,56.84634031,56.77251641,56.85404552,0,0
12.44000000,57.15199591,56.85381718,56.76294728,56.83043486,0,0
12.45000000,57.17611739,56.88637002,56.74884097,56.80266949,0,0
12.46000000,57.17951017,56.95087949,56.80184296,56.82113810,0,0
12.47000000,57.16202194,56.96576640,56.75231673,56.81629582,0,0
12.48000000,57.15922131,56.88825356,56.74972494,56.84709624,0,0
12.49000000,57.12128337,56.86767867,56.75976357,56.86469948,0,0
12.50000000,57.11030611,56.86787594,56.73503634,56.86497045,0,0
12.51000000,57.19727751,56.90411871,56.78016090,56.89098719,0,0
12.52000000,57.13380159,56.90762931,56.75165933,56.88045793,0,0
12.53000000,57.12949647,56.88093900,56.75993114,56.87146371,0,0
12.54000000,57.14601122,56.83078546,56.79398858,56.84672665,0,0
12.55000000,57.15158760,56.84745771,56.80587663,56.80257300,0,0
12.56000000,57.18035172,56.87663703,56.82476393,56.79745585,0,0
12.57000000,57.14746784,56.94844309,56.87582142,56.84182985,0,0
12.58000000,57.14937894,56.93973705,56.82298901,56.89647910,0,0
12.59000000,57.19539388,56.89991109,56.80355842,56.92734375,0,0
12.60000000,57.20854646,56.87116701,56.84669971,56.93751189,0,0
12.61000000,57.16536018,56.91021247,56.79528723,56.90405610,0,0
12.62000000,57.15555383,56.91986157,56.82669204,56.91837768,0,0
12.63000000,57.14815615,56.98494457,56.78984894,56.85695211,0,0
12.64000000,57.20361002,56.96222799,56.86034642,56.86775201,0,0
12.65000000,57.25396420,56.97604353,56.85629318,56.82065847,0,0
12.66000000,57.21389314,56.95115141,56.77837061,56.84255517,0,0
12.67000000,57.16906768,56.95239165,56.75614376,56.87350430,0,0
12.68000000,57.13682279,56.93756338,56.79574281,56.96072287,0,0
12.69000000,57.21950668,56.91717225,56.75590296,57.01136691,0,0
12.70000000,57.23042229,56.94133325,56.75628265,56.96435828,0,0
12.71000000,57.28742199,56.97446802,56.78146283,56.89323274,0,0
12.72000000,57.14154532,57.01987589,56.80693356,56.88192164,0,0
12.73000000,57.20003678,57.03202760,56.78764207,56.80513337,0,0
12.74000000,57.13325737,56.95302711,56.76723834,56.86492688,0,0
12.75000000,57.26430563,56.93773308,56.77152837,56.87351644,0,0
12.76000000,57.24674816,56.96035411,56.82418380,56.82950857,0,0
12.77000000,57.24616205,56.96577912,56.83497424,56.83946774,0,0
12.78000000,57.14992519,57.07535673,56.87127975,56.80960685,0,0
12.79000000,57.27532924,56.96593571,56.88006892,56.86274511,0,0
12.80000000,57.16888543,56.94804178,56.84627436,56.94931107,0,0
12.81000000,57.34622009,57.04866562,56.87514936,56.97890229,0,0
12.82000000,57.19380788,57.15292385,56.88748460,56.93780599,0,0
12.83000000,57.13125359,56.96543597,56.82523433,56.98967857,0,0
12.84000000,57.10401729,56.84337099,56.86092145,56.99254747,0,0
12.85000000,57.14304287,56.78916264,56.83077253,56.97954147,0,0
12.86000000,57.30053530,56.89374862,56.89947198,56.96006791,0,0
12.87000000,57.19126093,57.00780357,56.80774021,56.86486883,0,0
12.88000000,57.13552642,57.01812667,56.81724065,56.91452988,0,0
12.89000000,57.06122557,56.96746377,56.82229954,56.81812312,0,0
12.90000000,57.17832800,56.86190303,56.81396798,56.94154042,0,0
12.91000000,57.36909386,56.82504495,56.78403823,56.92919847,0,0
12.92000000,57.21591360,56.78458828,56.78551448,56.92890854,0,0
12.93000000,56.86516171,56.82446676,56.76381146,56.97125375,0,0
12.94000000,56.92341220,56.98614273,56.78875325,56.82906289,0,0
12.95000000,57.43560847,56.98933911,56.76368207,56.79825735,0,0
12.96000000,57.65249955,56.94961937,56.87022858,56.82986845,0,0
12.97000000,57.13352571,56.67933526,56.83468048,56.78360545,0,0
12.98000000,57.08284312,56.86111699,56.95598957,56.94457640,0,0
12.99000000,56.85583083,56.94502700,57.00344341,57.15995538,0,0
13.00000000,57.35641950,57.27705933,57.02314622,57.09640937,0,0
13.01000000,57.20415680,57.10692760,56.93132788,57.04419762,0,0
13.02000000,57.34893052,56.94546378,56.87772115,56.97705365,0,0
13.03000000,57.27705805,56.89325167,56.93927421,57.00548083,0,0
13.04000000,57.33951402,57.04595809,57.00043830,57.08174584,0,0
13.05000000,57.38857468,57.24039150,56.95358695,57.17646578,0,0
13.06000000,57.29997997,57.11158913,56.92653496,57.16909621,0,0
13.07000000,57.16045992,57.08281666,56.91313397,57.13822948,0,0
13.08000000,57.28958111,57.07752420,57.01664580,57.08402756,0,0
13.09000000,57.43892433,57.15503269,56.78819391,57.05185105,0,0
13.10000000,57.46859705,57.21915715,56.30961757,56.90828854,0,0
13.11000000,57.36595121,57.15859457,56.40687307,56.94872020,0,0
13.12000000,57.30364562,57.14007207,56.86701387,56.91525807,0,0
13.13000000,57.31242739,57.21151319,57.13114730,56.92973464,0,0
13.14000000,57.39757491,57.21031489,56.92446410,56.76573781,0,0
13.15000000,57.37565686,57.17606257,56.77632087,56.78898466,0,0
13.16000000,57.32186982,57.11846948,56.61338819,56.82479366,0,0
13.17000000,57.32884697,57.09853787,56.66005390,56.86073879,0,0
13.18000000,57.37738344,57.17142915,56.72644908,56.88084922,0,0
13.19000000,57.32132979,57.15660023,56.80051644,56.80622685,0,0
13.20000000,57.33967844,57.12089703,56.84807150,56.80905341,0,0
13.21000000,57.28065119,57.06798156,56.85220109,56.86716207,0,0
13.22000000,57.37260062,57.05222890,56.87164557,56.90699611,0,0
13.23000000,57.34095601,57.08243149,56.87279436,56.96307441,0,0
13.24000000,57.29614321,57.07019293,56.83900802,57.00203144,0,0
13.25000000,57.28204455,57.05005231,56.88814967,57.04595945,0,0
13.26000000,57.20280853,57.04848378,56.92200105,57.03259448,0,0
13.27000000,57.21158632,57.06691501,56.97877374,57.05930104,0,0
13.28000000,57.27542779,57.04188841,56.96049681,57.09596902,0,0
13.29000000,57.27156408,57.01005253,56.91632175,57.09681290,0,0
13.30000000,57.26608476,56.95673494,56.95711097,57.09127226,0,0
13.31000000,57.23962824,56.91698690,56.98576336,57.16063064,0,0
13.32000000,57.21961540,56.96535074,56.95639788,57.11201501,0,0
13.33000000,57.20214395,57.01430982,56.97684818,57.05041668,0,0
13.34000000,57.18385735,56.99528629,56.89396089,57.05669977,0,0
13.35000000,57.20495012,56.99367583,56.91404364,57.06079924,0,0
13.36000000,57.24760285,56.94565593,56.88822371,57.07658924,0,0
13.37000000,57.24559942,56.97118769,56.88375490,57.08363367,0,0
13.38000000,57.23360625,56.96238839,56.95350254,57.11845945,0,0
13.39000000,57.24576978,56.94101542,56.96136340,57.07581039,0,0
13.40000000,57.15004196,56.98608032,56.97596195,57.04182634,0,0
13.41000000,57.20562168,56.98605521,56.98987895,56.99168279,0,0
13.42000000,57.16806258,56.96391932,56.99333730,56.96532164,0,0
13.43000000,57.19392748,56.92427697,56.91585594,56.95745472,0,0
13.44000000,57.20180281,56.93422944,56.88779106,56.96990515,0,0
13.45000000,57.17462772,56.93913646,56.89998407,57.05141806,0,0
13.46000000,57.10529668,56.93183546,56.94230406,57.06960702,0,0
13.47000000,57.20814110,56.95249703,56.96418006,57.10806895,0,0
13.48000000,57.15129583,56.94474066,56.96261957,57.09390333,0,0
13.49000000,57.18863973,56.91396173,56.97594549,57.05156912,0,0
13.50000000,57.24094198,56.89772102,56.89788550,57.07726577,0,0
13.51000000,57.23500090,57.06544143,56.90270861,57.01644763,0,0
13.52000000,57.25430910,57.04183078,56.85277395,57.03676749,0,0
13.53000000,57.21948698,57.03229527,56.85077748,57.00474005,0,0
13.54000000,57.18418959,56.97245082,56.85786336,56.93428664,0,0
13.55000000,57.15859117,56.93010792,56.88143110,56.94553222,0,0
13.56000000,57.22732914,56.96432303,56.86084240,56.96583778,0,0
13.57000000,57.22698988,57.07371763,56.82916424,56.94097199,0,0
13.58000000,57.27018209,57.13048484,56.85712764,56.98950344,0,0
13.59000000,57.20364142,57.04260796,56.85270651,56.99719585,0,0
13.60000000,57.17301589,57.03411001,56.87909012,56.95669674,0,0
13.61000000,57.22058931,56.97754546,56.83655822,56.99475217,0,0
13.62000000,57.17674066,57.01282624,56.88441938,56.95050333,0,0
13.63000000,57.27419934,57.04269938,56.75747078,56.92567493,0,0
13.64000000,57.21211255,57.06204146,56.84925479,56.93800062,0,0
13.65000000,57.21208282,57.01753679,56.77915956,56.84475684,0,0
13.66000000,57.09189211,56.99866035,56.70188117,56.83908314,0,0
13.67000000,57.17273846,56.98528415,56.78798913,56.78132769,0,0
13.68000000,57.15864646,57.00065463,56.80847956,56.99066096,0,0
13.69000000,57.30557053,56.96088562,56.83633505,56.97266231,0,0
13.70000000,57.10232563,57.01870068,56.87772600,57.01566890,0,0
13.71000000,57.19327254,56.96512046,56.86172844,57.03780351,0,0
13.72000000,57.12672796,57.02039974,56.71653904,56.92262734,0,0
13.73000000,57.16728500,56.99141711,56.79632415,56.85492762,0,0
13.74000000,57.15091693,57.00255789,56.78065031,56.87929954,0,0
13.75000000,57.12732270,56.89791728,56.83840046,56.91864522,0,0
13.76000000,57.14049495,56.98641988,56.79427647,56.90876051,0,0
13.77000000,57.16811282,56.96955015,56.76740126,56.89337246,0,0
13.78000000,57.14089116,56.94340198,56.77243982,56.93970314,0,0
13.79000000,57.15917554,56.95746380,56.73473648,56.95373905,0,0
13.80000000,57.10936092,56.95976758,56.80394776,56.98620830,0,0
13.81000000,57.12773113,57.00798425,56.86823130,56.97840270,0,0
13.82000000,57.17583522,56.92109646,56.85832607,57.03172951,0,0
13.83000000,57.20141262,56.95453803,56.80055965,57.01554666,0,0
13.84000000,57.16731601,56.96616234,56.78119105,56.97404143,0,0
13.85000000,57.17890818,56.98387273,56.82094861,56.98633328,0,0
13.86000000,57.16992573,56.97778261,56.87724606,56.94588736,0,0
13.87000000,57.17060203,57.00033852,56.84725988,56.93856689,0,0
13.88000000,57.16555730,56.99324668,56.84731723,56.90906188,0,0
13.89000000,57.18464699,57.00264472,56.82354447,56.91647059,0,0
13.90000000,57.17077169,56.97450237,56.80599128,56.96540178,0,0
13.91000000,57.23210194,56.95068063,56.78894411,56.97937846,0,0
13.92000000,57.19693257,57.00100384,56.82159905,56.99973030,0,0
13.93000000,57.21171230,56.97495467,56.80823421,56.99852012,0,0
13.94000000,57.23376447,56.99496339,56.83686683,56.97132883,0,0
13.95000000,57.18459242,56.99234261,56.81294153,56.91472487,0,0
13.96000000,57.22986590,57.00355223,56.84208834,56.90642833,0,0
13.97000000,57.18047108,57.02097362,56.79141641,56.86500791,0,0
13.98000000,57.23930590,56.98472558,56.76238341,56.91241502,0,0
13.99000000,57.26996646,56.95533136,56.81092988,56.88643456,0,0
14.00000000,57.26859605,56.97209521,56.79866770,56.92373773,0,0
14.01000000,57.26796548,56.98884328,56.85060362,56.95226964,0,0
14.02000000,57.22058387,56.99807571,56.83753317,56.95710766,0,0
14.03000000,57.19659223,57.05402624,56.89014938,56.95138835,0,0
14.04000000,57.23910836,56.97062935,56.89257728,56.95542121,0,0
14.05000000,57.24456744,56.93502831,56.82825947,56.91131178,0,0
14.06000000,57.26595912,56.93535139,56.84376227,56.92076767,0,0
14.07000000,57.31997549,57.00031531,56.84841464,56.94092586,0,0
14.08000000,57.29174383,57.02846904,56.85528206,56.93046986,0,0
14.09000000,57.20616322,56.98265650,56.88112033,56.88171732,0,0
14.10000000,57.26498799,56.98855874,56.89126356,56.92391822,0,0
14.11000000,57.21980346,56.96858398,56.92986756,56.92767051,0,0
14.12000000,57.28112408,57.03564850,56.88617762,56.97430693,0,0
14.13000000,57.26513483,57.01899611,56.82902383,56.92445333,0,0
14.14000000,57.24643928,57.00320024,56.82655414,56.97019636,0,0
14.15000000,57.24178335,56.98184181,56.82624120,56.95290528,0,0
14.16000000,57.27245787,56.96393212,56.87379521,56.95990598,0,0
14.17000000,57.22053719,56.97236998,56.89200594,56.90625150,0,0
14.18000000,57.26576329,57.02254225,56.90768998,56.93196591,0,0
14.19000000,57.23137235,56.97993789,56.88484380,56.94497759,0,0
14.20000000,57.24880912,56.96700441,56.82731250,56.91703986,0,0
14.21000000,57.23299198,56.98241269,56.79568415,56.89034507,0,0
14.22000000,57.23916158,57.01174989,56.80820227,56.91291285,0,0
14.23000000,57.21672436,57.04565755,56.79567449,56.97077678,0,0
14.24000000,57.20895953,57.03779709,56.85659026,56.96187361,0,0
14.25000000,57.19018296,57.02265970,56.91423130,56.98164459,0,0
14.26000000,57.26071257,56.95461220,56.86573356,57.02321184,0,0
14.27000000,57.10766815,56.90680639,56.88342177,56.96706514,0,0
14.28000000,57.18185977,57.00816586,56.83294624,56.93820639,0,0
14.29000000,57.13771862,57.00741538,56.82808912,56.91518336,0,0
14.30000000,57.27225848,57.06417722,56.87246851,56.91079910,0,0
14.31000000,57.16972330,56.98511195,56.84941278,56.95170638,0,0
14.32000000,57.12866155,56.95882335,56.83663291,56.91416300,0,0
14.33000000,57.16929367,56.93007526,56.81798470,56.98727051,0,0
14.34000000,57.20137436,56.98197100,56.82413062,56.99121252,0,0
14.35000000,57.29424311,57.00495032,56.81229213,57.05811265,0,0
14.36000000,57.05229788,56.99731287,56.88497801,56.99278107,0,0
14.37000000,57.14006170,56.98002931,56.86300407,56.94067608,0,0
14.38000000,57.11332804,56.99418680,56.88001193,56.93771958,0,0
14.39000000,57.19567180,57.01131284,56.90953028,56.91463862,0,0
14.40000000,57.25376089,56.95658199,56.82677637,56.96717293,0,0
14.41000000,57.12756746,56.93708020,56.89596103,56.95025393,0,0
14.42000000,57.11091115,56.95036581,56.87856737,56.98827987,0,0
14.43000000,57.14125451,57.05657921,56.94569466,56.96936649,0,0
14.44000000,57.23098746,57.01919062,56.77445854,56.90554728,0,0
14.45000000,57.21820152,56.97156683,56.78407923,56.91837124,0,0
14.46000000,57.16938746,56.94538052,56.76739632,56.99380868,0,0
14.47000000,57.09905055,56.99254209,56.83788673,56.98318060,0,0
14.48000000,57.15817247,57.00769883,56.90129170,57.10419364,0,0
14.49000000,57.16959008,56.94281698,56.71637188,57.02264543,0,0
14.50000000,57.18448834,56.96563228,56.83038127,56.95357084,0,0
14.51000000,57.22433620,56.97342751,56.78948977,56.97117194,0,0
14.52000000,57.16528108,56.92343552,56.88533546,56.92435512,0,0
14.53000000,57.14642406,56.98509709,56.79453314,56.88361613,0,0
14.54000000,57.14262269,56.96498655,56.80409273,56.87343733,0,0
14.55000000,57.15746476,57.01198243,56.79481628,56.90344665,0,0
14.56000000,57.14896507,56.98523834,56.77316813,56.98152686,0,0
14.57000000,57.15890748,57.00724696,56.75088826,56.93956623,0,0
14.58000000,57.15672842,57.00276193,56.82081852,56.99205139,0,0
14.59000000,57.22351901,56.95762114,56.77618550,56.98069079,0,0
14.60000000,57.17337756,56.96127557,56.77515572,56.96342606,0,0
14.61000000,57.10526706,56.92552579,56.81704613,56.92656883,0,0
14.62000000,57.19702844,56.93768515,56.81999725,56.94115861,0,0
14.63000000,57.14177077,56.99089419,56.81331610,56.92178477,0,0
14.64000000,57.21048749,57.00271378,56.78754037,56.92158747,0,0
14.65000000,57.13206361,56.94110217,56.76307427,56.89809146,0,0
14.66000000,57.10156913,56.92381232,56.78549070,56.91630657,0,0
14.67000000,57.11674989,56.92505845,56.77167446,56.93561893,0,0
14.68000000,57.16420703,56.95136241,56.79740719,56.96231373,0,0
14.69000000,57.16772664,56.99751299,56.80730398,56.89176252,0,0
14.70000000,57.15544889,56.94015104,56.81623660,56.91653476,0,0
14.71000000,57.10151776,56.95678584,56.81649373,56.90240722,0,0
14.72000000,57.14377885,56.95407998,56.79073013,56.91813123,0,0
14.73000000,57.22957600,56.97094804,56.79818959,56.92095620,0,0
14.74000000,57.19114538,56.94534595,56.82019543,56.93156537,0,0
14.75000000,57.12221851,56.91913807,56.81187989,56.93112616,0,0
14.76000000,57.08934500,56.93309924,56.82240904,56.91679634,0,0
14.77000000,57.09158013,56.98160133,56.83036759,56.90824211,0,0
14.78000000,57.24303223,56.96991664,56.74071428,56.95359263,0,0
14.79000000,57.19776446,56.99723090,56.75805526,56.93648463,0,0
14.80000000,57.12657184,56.99154013,56.80456030,57.00435516,0,0
14.81000000,57.10856948,56.95736323,56.82379855,57.00518918,0,0
14.82000000,57.14887297,56.97752374,56.82765067,56.98454873,0,0
14.83000000,57.19448383,56.95049410,56.77071118,56.95998334,0,0
14.84000000,57.24100963,56.93637698,56.77804002,56.92273967,0,0
14.85000000,57.12734825,56.94549679,56.78966650,56.87039057,0,0
14.86000000,57.18383796,56.99160328,56.80183796,56.89250992,0,0
14.87000000,57.15750185,57.02765165,56.81060647,56.89185386,0,0
14.88000000,57.19541836,57.05270414,56.77726969,56.90343459,0,0
14.89000000,57.18549419,56.97053255,56.72562419,56.95770518,0,0
14.90000000,57.16396411,56.95134708,56.79550861,56.97243654,0,0
14.91000000,57.16472869,56.95622968,56.84116027,56.98935219,0,0
14.92000000,57.20505958,56.98526564,56.81595826,56.97743474,0,0
14.93000000,57.21663512,56.97082646,56.79418923,56.89107079,0,0
14.94000000,57.19693501,56.99827562,56.76675151,56.87523844,0,0
14.95000000,57.19962962,57.00140605,56.83654865,56.86777973,0,0
14.96000000,57.13794094,56.99667433,56.89189760,56.88603241,0,0
14.97000000,57.13412068,56.91216543,56.78380841,56.91700128,0,0
14.98000000,57.11285950,56.88192878,56.77578886,56.90746222,0,0
14.99000000,57.10468239,56.89406812,56.78641710,56.93677060,0,0
15.00000000,57.20764570,56.95991252,56.79581942,56.95161911,0,0
15.01000000,57.17674134,56.96427941,56.83528466,56.89501780,0,0
15.02000000,57.17517750,56.96425329,56.78458006,56.90091317,0,0
15.03000000,57.18601708,56.94420226,56.83460556,56.93191893,0,0
15.04000000,57.19168423,56.97666863,56.79362246,56.91224018,0,0
15.05000000,57.17486317,56.97262931,56.76022454,56.93765431,0,0
15.06000000,57.15297529,56.98231331,56.83799870,56.93329981,0,0
15.07000000,57.11653067,56.89778780,56.82097616,56.94805075,0,0
15.08000000,57.15625116,56.88323521,56.81683971,56.91283708,0,0
15.09000000,57.19571921,56.92398089,56.75367766,56.87614641,0,0
15.10000000,57.14415198,56.90737595,56.77324715,56.87379443,0,0
15.11000000,57.13488678,56.96971944,56.80673515,56.94059342,0,0
15.12000000,57.16665049,56.99062782,56.85575479,56.95802978,0,0
15.13000000,57.17157072,56.97136216,56.87324896,57.03496249,0,0
15.14000000,57.22696791,56.94233718,56.87192943,57.02574601,0,0
15.15000000,57.14433390,56.93842868,56.81658566,56.98874677,0,0
15.16000000,57.23578003,57.02233163,56.76955049,56.95366960,0,0
15.17000000,57.14251927,56.98979427,56.75767182,56.91313943,0,0
15.18000000,57.19852406,56.94857703,56.83922321,56.89089618,0,0
15.19000000,57.19594448,56.95233895,56.79297264,56.91849137,0,0
15.20000000,57.17435826,56.99429529,56.85877800,56.82638069,0,0
15.21000000,57.16567997,57.03193273,56.82012965,56.97428725,0,0
15.22000000,57.21934894,56.98159461,56.88465704,56.93919607,0,0
15.23000000,57.20529390,56.98235448,56.80662830,57.01783204,0,0
15.24000000,57.21802522,57.01077760,56.87227025,57.03011614,0,0
15.25000000,57.21138747,57.01610158,56.80592656,56.96531462,0,0
15.26000000,57.19664324,56.99586256,56.82311269,56.92747739,0,0
15.27000000,57.21152110,57.04336821,56.80531174,56.90439594,0,0
15.28000000,57.24395852,56.99827552,56.81103557,56.82952345,0,0
15.29000000,57.16505406,56.93725667,56.83528157,56.90390484,0,0
15.30000000,57.14895400,56.97799908,56.83424686,56.87686506,0,0
15.31000000,57.13328044,56.98883093,56.78419333,56.90359813,0,0
15.32000000,57.18478682,56.97637682,56.82678052,56.96062233,0,0
15.33000000,57.23687135,56.97030965,56.82852408,56.94843738,0,0
15.34000000,57.16756426,56.95499946,56.80619449,56.93648403,0,0
15.35000000,57.14333430,56.94792726,56.83890432,56.92086653,0,0
15.36000000,57.19366492,56.94301609,56.81842546,56.94345402,0,0
15.37000000,57.16359128,56.98042987,56.80174010,56.95770809,0,0
15.38000000,57.19819253,56.98674448,56.77902024,56.92268469,0,0
15.39000000,57.17772499,56.95991912,56.78042405,56.91931428,0,0
15.40000000,57.15027435,56.93603236,56.82889989,56.92145994,0,0
15.41000000,57.15860013,56.93416744,56.82603825,56.90876131,0,0
15.42000000,57.14319329,56.93666273,56.79324772,56.85604327,0,0
15.43000000,57.20276075,56.96187019,56.83133468,56.88701983,0,0
15.44000000,57.16078089,56.99894178,56.82767090,56.93571431,0,0
15.45000000,57.10215236,56.97574544,56.84834589,56.97612311,0,0
15.46000000,57.11437926,56.94064875,56.82333632,56.95434687,0,0
15.47000000,57.19035405,56.90689235,56.80107597,56.99612271,0,0
15.48000000,57.16223954,56.90515824,56.80296655,57.01837898,0,0
15.49000000,57.13231168,56.94029593,56.77906862,56.96193896,0,0
15.50000000,57.12413835,56.98847197,56.80302246,56.90283643,0,0
15.51000000,57.11291891,56.97335388,56.82129832,56.91740473,0,0
15.52000000,57.19057229,56.98980143,56.80571084,56.89362366,0,0
15.53000000,57.16950926,56.94317663,56.79753916,56.89900756,0,0
15.54000000,57.17897769,56.94606226,56.80634914,56.93293959,0,0
15.55000000,57.17045638,56.95360993,56.79483361,56.98735713,0,0
15.56000000,57.15281285,56.98253704,56.81426275,56.98248468,0,0
15.57000000,57.14441646,57.03972932,56.83129823,56.95267162,0,0
15.58000000,57.17586282,56.99484917,56.82285776,56.94395239,0,0
15.59000000,57.17167243,56.96858812,56.79832400,56.94850144,0,0
15.60000000,57.17842845,56.92653438,56.81218982,56.92656379,0,0
15.61000000,57.14760745,56.86953840,56.83128241,56.96072685,0,0
15.62000000,57.11465731,56.88291118,56.79390980,56.93948197,0,0
15.63000000,57.09195665,56.91566741,56.82334938,56.92632063,0,0
15.64000000,57.10365400,56.96914364,56.82608501,56.90500929,0,0
15.65000000,57.14618066,56.97771375,56.83905627,56.90000970,0,0
15.66000000,57.25798284,56.95983249,56.76153773,56.90178395,0,0
15.67000000,57.20919514,56.90885782,56.78460932,56.93405932,0,0
15.68000000,57.19797878,56.92571497,56.84302927,56.96748749,0,0
15.69000000,57.16103304,56.96776114,56.87795600,56.99637227,0,0
15.70000000,57.16151942,56.98735784,56.84821623,56.97606968,0,0
15.71000000,57.21856951,56.99687307,56.84196185,56.91209914,0,0
15.72000000,57.20454849,56.95859603,56.82848775,56.90234638,0,0
15.73000000,57.17759503,56.90489594,56.83286959,56.85583883,0,0
15.74000000,57.20778902,56.96068319,56.75691148,56.84630717,0,0
15.75000000,57.17266654,56.96605418,56.77502324,56.93393122,0,0
15.76000000,57.17101583,56.98933653,56.83255242,56.91720076,0,0
15.77000000,57.23759952,56.96853811,56.82149258,57.00779608,0,0
15.78000000,57.21896774,56.99383633,56.85137639,56.94962843,0,0
15.79000000,57.21622503,57.01540119,56.89955990,56.95242432,0,0
15.80000000,57.26089536,56.94937152,56.84671613,56.97169775,0,0
15.81000000,57.17890516,56.95439804,56.82837192,56.96046002,0,0
15.82000000,57.29855711,57.01272942,56.77953891,56.95094922,0,0
15.83000000,57.21522940,56.99557782,56.83792841,56.92240360,0,0
15.84000000,57.21305328,57.05905968,56.88956849,56.94214248,0,0
15.85000000,57.19544868,56.99496620,56.82449884,56.89515573,0,0
15.86000000,57.19470764,56.99287316,56.79116532,56.87428231,0,0
15.87000000,57.29415419,56.97538159,56.84340216,56.94394698,0,0
15.88000000,57.34457829,56.99392889,56.82065868,56.92062019,0,0
15.89000000,57.19742396,57.04099820,56.84264079,56.98564571,0,0
15.90000000,57.25567657,57.08236067,56.84508149,56.91483152,0,0
15.91000000,57.19820265,57.06031739,56.87338611,56.91736284,0,0
15.92000000,57.21881086,56.99944276,56.81551513,56.90201037,0,0
15.93000000,57.25448081,56.98864649,56.72270413,56.89455559,0,0
15.94000000,57.22544563,56.97323138,56.75128273,56.94449847,0,0
15.95000000,57.16747184,56.96667614,56.82097197,56.90693303,0,0
15.96000000,57.20685069,57.00177060,56.81027729,56.93574916,0,0
15.97000000,57.16225216,56.96295041,56.85190183,56.87142861,0,0
15.98000000,57.19955155,57.05059235,56.83538194,56.88027843,0,0
15.99000000,57.21501497,56.86926938,56.85194903,56.91602179,0,0
16.00000000,57.17386112,56.99426587,56.83129326,56.95859858,0,0
16.01000000,57.16485202,56.93591949,56.79186460,56.95842593,0,0
16.02000000,57.19239220,57.01075807,56.83424723,57.03928298,0,0
16.03000000,57.14474217,56.97587418,56.76704581,56.91468624,0,0
16.04000000,57.20800721,56.95157803,56.80976298,56.93323736,0,0
16.05000000,57.17987154,56.95154651,56.87245949,56.89688384,0,0
16.06000000,57.10080663,56.87080800,56.89153098,56.91459458,0,0
16.07000000,57.27759558,56.96353533,56.88673933,56.94290676,0,0
16.08000000,57.05616145,56.97337209,56.89396790,56.95824198,0,0
16.09000000,57.17701095,56.98563575,56.90586539,56.99365988,0,0
16.10000000,57.15668809,56.92817374,56.84873047,57.04514962,0,0
16.11000000,57.18065569,56.95193891,56.83097190,57.02102758,0,0
16.12000000,57.20597158,56.98149015,56.89798575,57.03204468,0,0
16.13000000,57.20278354,56.95362572,56.93668343,57.09670336,0,0
16.14000000,57.21589632,56.95737226,56.89072757,57.00201034,0,0
16.15000000,57.22253098,57.01252984,56.88614200,56.99682075,0,0
16.16000000,57.21715040,57.05621523,56.83833861,56.92304350,0,0
16.17000000,57.16542483,56.98467222,56.86214795,56.93879766,0,0
16.18000000,57.18518861,56.99231083,56.87110254,56.93740648,0,0
16.19000000,57.21546547,56.96065426,56.85570446,56.94114621,0,0
16.20000000,57.24125043,57.01079782,56.87544555,57.01311043,0,0
16.21000000,57.24696024,57.05343199,56.75928565,57.00475033,0,0
16.22000000,57.20901784,57.05034676,56.78128455,57.00261181,0,0
16.23000000,57.22562761,57.02314070,56.82304922,56.93741575,0,0
16.24000000,57.26563206,56.96698973,56.90739627,56.95245085,0,0
16.25000000,57.28156450,56.96529890,56.86902011,56.97176734,0,0
16.26000000,57.27334786,57.00998885,56.81064731,56.94301332,0,0
16.27000000,57.22386659,57.02152184,56.77172313,56.92162570,0,0
16.28000000,57.17903787,56.99657989,56.81833449,56.90889667,0,0
16.29000000,57.17418380,57.00313223,56.82457200,56.89707103,0,0
16.30000000,57.19180886,57.00412791,56.81612707,56.88803392,0,0
16.31000000,57.27662302,57.01105616,56.85885707,56.87874383,0,0
16.32000000,57.23191882,56.92746126,56.84585481,56.90937996,0,0
16.33000000,57.21009726,56.92641168,56.83478023,56.95876487,0,0
16.34000000,57.19575755,56.95359635,56.84141099,56.93922468,0,0
16.35000000,57.22421247,56.98615605,56.87896329,56.96018659,0,0
16.36000000,57.21665567,57.03263132,56.85933637,56.96083747,0,0
16.37000000,57.23846540,57.00969668,56.84824800,56.94961913,0,0
16.38000000,57.21281428,56.94242355,56.82878957,56.94043310,0,0
16.39000000,57.23406156,56.90102976,56.82895692,56.95064874,0,0
16.40000000,57.24075656,56.97556975,56.83538337,56.90172793,0,0
16.41000000,57.20110916,56.98346120,56.82245268,56.89518944,0,0
16.42000000,57.13885346,57.00127160,56.88043025,56.91396092,0,0
16.43000000,57.18522454,56.97236591,56.88508376,56.95279702,0,0
16.44000000,57.21219904,56.95746467,56.89085964,56.99265170,0,0
16.45000000,57.25423766,56.95652058,56.89786143,57.01409124,0,0
16.46000000,57.19944669,56.92600027,56.88553026,57.04156800,0,0
16.47000000,57.16015392,56.99882260,56.80519020,57.03905289,0,0
16.48000000,57.21135397,56.98346169,56.81623912,56.99861210,0,0
16.49000000,57.26246052,57.01158801,56.82101513,56.99804428,0,0
16.50000000,57.18897955,56.95368637,56.88089915,56.89259668,0,0
16.51000000,57.16214863,56.90249663,56.86148667,56.88680244,0,0
16.52000000,57.16440523,56.95688175,56.83361553,56.87981773,0,0
16.53000000,57.23064182,57.02627613,56.84392411,56.92264044,0,0
16.54000000,57.31795987,57.05986208,56.84462014,56.99199462,0,0
16.55000000,57.18808033,56.97194044,56.88120300,57.00009223,0,0
16.56000000,57.18904346,57.02261210,56.91581198,56.95867171,0,0
16.57000000,57.17142841,56.95472666,57.01439562,56.98458445,0,0
16.58000000,57.26085633,56.98185626,56.89813893,56.97919662,0,0
16.59000000,57.27961717,56.97992142,56.88482733,56.92961141,0,0
16.60000000,57.25299332,56.99670895,56.85956630,56.96635764,0,0
16.61000000,57.17502975,56.91778636,56.92017946,56.93955815,0,0
16.62000000,57.25333737,57.01710135,56.88539256,56.95865726,0,0
16.63000000,57.20978414,57.01084470,56.85086582,56.83054224,0,0
16.64000000,57.27720128,56.95780551,56.88015871,56.90026994,0,0
16.65000000,57.21978739,56.89557956,56.84433191,56.91439775,0,0
16.66000000,57.19169544,56.92476092,56.92835877,56.95292209,0,0
16.67000000,57.25448175,57.04619817,56.82327512,56.97941127,0,0
16.68000000,57.25800123,57.00766773,56.80136634,56.93155605,0,0
16.69000000,57.24795338,57.01964818,56.79591990,56.89842911,0,0
16.70000000,57.32611096,56.94640230,56.83804496,56.90355875,0,0
16.71000000,57.21838854,56.93711109,56.89244201,56.91834228,0,0
16.72000000,57.23647736,56.91620274,56.86020760,56.93085734,0,0
16.73000000,57.17663951,57.03454476,56.87115570,56.90899081,0,0
16.74000000,57.16699598,56.95857115,56.80262066,56.92224816,0,0
16.75000000,57.19814441,57.00495467,56.90662194,56.91045828,0,0
16.76000000,57.28823939,56.96648897,56.88252396,56.92409007,0,0
16.77000000,57.19318270,56.98090184,56.89319314,56.99566462,0,0
16.78000000,57.25856762,56.99182929,56.88870033,56.97404468,0,0
16.79000000,57.16253339,56.94961572,56.91740020,57.04033157,0,0
16.80000000,57.17828154,56.99509479,56.91896572,57.03464902,0,0
16.81000000,57.28091312,57.01137240,56.88329533,56.99584862,0,0
16.82000000,57.24697500,57.02965121,56.85942643,56.91467720,0,0
16.83000000,57.26033902,56.97698372,56.83975602,56.88320599,0,0
16.84000000,57.22528848,57.00334388,56.82224083,56.92459144,0,0
16.85000000,57.21225015,56.97039514,56.79511269,56.87806697,0,0
16.86000000,57.22666084,57.02047817,56.89089822,56.99051870,0,0
16.87000000,57.25178435,56.98248229,56.91806489,56.99996296,0,0
16.88000000,57.22026907,57.04721699,56.88511193,56.97216785,0,0
16.89000000,57.24973161,57.05020379,56.88022084,56.95566855,0,0
16.90000000,57.18366184,57.05785405,56.88901479,56.97487031,0,0
16.91000000,57.23223490,56.97001709,56.89910573,56.98822473,0,0
16.92000000,57.27896781,56.99410444,56.84458819,56.99167301,0,0
16.93000000,57.25700901,56.95927987,56.86968214,56.97744483,0,0
16.94000000,57.27585606,57.00658257,56.88311118,56.93657833,0,0
16.95000000,57.22079266,57.03287937,56.84913987,56.92832934,0,0
16.96000000,57.23175055,57.00107325,56.85250496,56.88007147,0,0
16.97000000,57.26687702,56.99037379,56.82241120,56.90805334,0,0
16.98000000,57.23528203,56.94162941,56.88081241,56.93597715,0,0
16.99000000,57.23338256,56.97329907,56.82511563,56.97795397,0,0
17.00000000,57.21261990,57.01688737,56.88743989,56.96758311,0,0
17.01000000,57.16030268,57.03026722,56.88595888,57.00078580,0,0
17.02000000,57.18815483,57.02435046,56.87593832,56.93579191,0,0
17.03000000,57.30592030,56.96925435,56.86409649,56.91057593,0,0
17.04000000,57.25270497,56.92829543,56.85572990,56.93197562,0,0
17.05000000,57.27018137,56.94874638,56.89602374,56.96943763,0,0
17.06000000,57.14597234,57.01970697,56.87659567,56.92966482,0,0
17.07000000,57.17928083,57.01658586,56.88098965,56.97097260,0,0
17.08000000,57.23475506,57.00312095,56.89690921,57.00200812,0,0
17.09000000,57.28057976,56.97198808,56.86417969,57.02025541,0,0
17.10000000,57.25414869,56.99430753,56.82566933,57.05992769,0,0
17.11000000,57.21595055,57.01190086,56.89131883,57.03633882,0,0
17.12000000,57.19106254,57.03938152,56.89685437,57.06253234,0,0
17.13000000,57.29182411,57.04383498,56.93458170,57.01004635,0,0
17.14000000,57.35614102,57.01283202,56.92135724,56.96134074,0,0
17.15000000,57.32806086,56.98708273,56.91497749,56.92535275,0,0
17.16000000,57.21728770,56.99357185,56.92847476,56.92420394,0,0
17.17000000,57.23592979,57.07197605,56.91286718,56.92516008,0,0
17.18000000,57.28127058,57.04197111,56.86387751,56.94525985,0,0
17.19000000,57.34076456,56.93609833,56.87429711,56.95660948,0,0
17.20000000,57.32123499,56.95031805,56.91700416,56.98602260,0,0
17.21000000,57.26587262,57.06835146,56.90741052,56.99419790,0,0
17.22000000,57.30960305,57.12757924,56.90601982,56.97423501,0,0
17.23000000,57.30722685,57.05409087,56.92366707,56.95370010,0,0
17.24000000,57.32209709,56.93544452,56.86752633,56.95631502,0,0
17.25000000,57.33138123,56.96938376,56.86323375,56.90701987,0,0
17.26000000,57.27636270,57.01841593,56.88368487,56.94701081,0,0
17.27000000,57.22381028,57.08178466,56.84786438,56.91571800,0,0
17.28000000,57.23954140,57.03570269,56.85256042,56.87904869,0,0
17.29000000,57.21179191,56.96783773,56.79478430,56.88600925,0,0
17.30000000,57.31650910,56.92774852,56.84242767,56.91138547,0,0
17.31000000,57.26997445,56.93291206,56.85619551,56.95654203,0,0
17.32000000,57.22451156,56.96394301,56.86695918,56.94863373,0,0
17.33000000,57.21333399,56.99459916,56.88831644,56.92261851,0,0
17.34000000,57.25321609,56.99384183,56.92504482,56.99646024,0,0
17.35000000,57.28624961,57.01666026,56.87940575,56.99760995,0,0
17.36000000,57.29929323,56.95305042,56.89756698,56.97761573,0,0
17.37000000,57.14814629,56.88540755,56.84559645,56.95619776,0,0
17.38000000,57.15673958,56.90159158,56.91470516,56.94553653,0,0
17.39000000,57.21390105,56.93142770,56.90940197,56.94078367,0,0
17.40000000,57.24721710,56.97718654,56.94450270,56.82896407,0,0
17.41000000,57.30059700,56.89267422,56.96661429,56.84194230,0,0
17.42000000,57.20660329,56.98578759,56.95092945,56.93891668,0,0
17.43000000,57.19405635,56.97624792,56.93995492,56.97856385,0,0
17.44000000,57.23026266,56.95065697,56.95056246,57.01317324,0,0
17.45000000,57.20943146,56.91637895,57.01013951,57.07814623,0,0
17.46000000,57.28093043,56.92453790,56.92329067,57.03434693,0,0
17.47000000,57.31588455,56.97759061,56.86864803,56.96304739,0,0
17.48000000,57.24955482,57.05758298,56.91047465,56.93961875,0,0
17.49000000,57.23504917,56.95482354,56.92175254,56.90671940,0,0
17.50000000,57.22452024,56.95155563,56.87551003,56.90443492,0,0
17.51000000,57.20950807,56.91037450,56.92175271,56.92226834,0,0
17.52000000,57.32353089,56.95435768,56.91807027,56.99248869,0,0
17.53000000,57.32666962,57.00490032,56.96045733,57.03647383,0,0
17.54000000,57.27512541,56.98880362,56.88857915,56.96105005,0,0
17.55000000,57.30993376,57.00001643,56.88623793,56.95492155,0,0
17.56000000,57.24650526,56.97690796,56.93814242,56.94775028,0,0
17.57000000,57.30856105,57.04058836,56.88508573,56.94033807,0,0
17.58000000,57.37520299,57.00914392,56.89511629,56.87296320,0,0
17.59000000,57.31027684,57.01778584,56.82712010,56.92443854,0,0
17.60000000,57.28567821,56.97174371,56.91484839,56.96822386,0,0
17.61000000,57.28961139,57.02043568,56.87411905,56.88636672,0,0
17.62000000,57.25837494,57.02527898,56.92435331,56.86940193,0,0
17.63000000,57.41318365,56.99860526,56.90321117,56.92494843,0,0
17.64000000,57.29451130,56.94396219,56.92851503,56.89707453,0,0
17.65000000,57.34208305,56.98946348,56.92124911,56.94656333,0,0
17.66000000,57.27115246,57.01856810,56.96006840,56.91743692,0,0
17.67000000,57.26689098,57.01063827,56.93313307,56.94772571,0,0
17.68000000,57.32616745,56.95953185,56.88244522,56.94672004,0,0
17.69000000,57.33616840,56.93644944,56.83217513,56.89914870,0,0
17.70000000,57.32002440,56.97681748,56.94389342,56.89573297,0,0
17.71000000,57.31916003,56.99380940,56.96781808,56.91938845,0,0
17.72000000,57.26156443,57.01358781,56.92916716,56.90184762,0,0
17.73000000,57.31602546,56.98818580,56.90148935,56.86887334,0,0
17.74000000,57.34110249,56.98126807,56.89109523,56.91513782,0,0
17.75000000,57.29522113,56.96379728,56.95976437,56.97348839,0,0
17.76000000,57.27987704,56.99190812,56.94900392,56.98910620,0,0
17.77000000,57.28107006,57.02837062,56.95606386,57.03670909,0,0
17.78000000,57.30138112,56.97461710,56.96819520,57.06113920,0,0
17.79000000,57.31449808,56.94995946,56.94690789,57.01323328,0,0
17.80000000,57.29251263,56.98157654,56.97364482,56.99744643,0,0
17.81000000,57.22473760,56.97090308,56.95497621,56.95689970,0,0
17.82000000,57.28041447,56.99886984,57.00936196,56.90678813,0,0
17.83000000,57.26779722,57.00290300,56.94126985,56.90456075,0,0
17.84000000,57.32120297,56.99970371,56.89542622,56.90867640,0,0
17.85000000,57.29279034,56.97302819,56.85247643,56.93454154,0,0
17.86000000,57.30065544,56.99422514,56.86096696,56.96015993,0,0
17.87000000,57.30700168,56.99668417,56.90121156,56.99000227,0,0
17.88000000,57.31902874,57.00866252,56.97194480,56.97442774,0,0
17.89000000,57.23419607,57.00370670,56.97570737,56.99900416,0,0
17.90000000,57.26422987,57.03817917,56.95494416,56.95903817,0,0
17.91000000,57.29580951,57.07068427,56.93820278,56.93626776,0,0
17.92000000,57.34219170,57.05204416,56.90550992,56.97328755,0,0
17.93000000,57.29309009,56.94614935,56.91010932,56.94768564,0,0
17.94000000,57.25240461,56.92804705,56.97333931,56.96382834,0,0
17.95000000,57.23184493,56.94589885,56.97330789,56.94750791,0,0
17.96000000,57.31492361,56.99529533,57.00683840,56.97052434,0,0
17.97000000,57.27894840,57.00002992,56.96808404,56.97467728,0,0
17.98000000,57.27564293,56.98695792,56.91434312,56.96342006,0,0
17.99000000,57.27176152,56.99704636,56.94436111,56.96904689,0,0
18.00000000,57.30088425,56.98890832,56.97501537,56.98392352,0,0
18.01000000,57.41063186,56.99884148,56.92933517,56.98025271,0,0
18.02000000,57.37391243,57.00488848,56.95183687,56.97889166,0,0
18.03000000,57.33053217,56.96320541,56.93507005,56.90519678,0,0
18.04000000,57.26710757,56.94051627,57.01065720,56.92759833,0,0
18.05000000,57.31018764,57.02176444,56.99845571,56.91033462,0,0
18.06000000,57.30317414,57.00195272,56.92492086,56.88490587,0,0
18.07000000,57.36474934,56.98109017,56.94796277,56.92704651,0,0
18.08000000,57.32896396,56.96428124,56.94489869,56.92896227,0,0
18.09000000,57.40765133,56.98280498,57.01715706,57.03944925,0,0
18.10000000,57.36908048,57.04577354,56.99332824,57.03081512,0,0
18.11000000,57.32919643,57.01506679,57.05146017,57.05368045,0,0
18.12000000,57.35118440,57.02137285,56.97855448,57.00337090,0,0
18.13000000,57.33636950,57.00632944,56.97650537,56.98883154,0,0
18.14000000,57.37258247,56.99529459,56.91392558,56.96215132,0,0
18.15000000,57.38861546,56.96918744,56.94679275,56.92875771,0,0
18.16000000,57.31469576,57.01561932,56.91132351,56.88911410,0,0
18.17000000,57.34153100,57.04084804,56.89369876,56.89276919,0,0
18.18000000,57.38184493,57.04767495,56.90899869,56.91835680,0,0
18.19000000,57.36853736,57.03248730,56.92479918,56.95773525,0,0
18.20000000,57.36379821,56.97890004,56.97482479,57.00464980,0,0
18.21000000,57.35286193,57.02964175,56.96097744,56.94502104,0,0
18.22000000,57.33732738,57.01376329,57.01448960,57.00594421,0,0
18.23000000,57.36756647,57.07108543,56.89074344,56.99095056,0,0
18.24000000,57.33385517,57.01684260,56.90438723,56.89277247,0,0
18.25000000,57.32827342,57.00037849,56.94810807,56.91815181,0,0
18.26000000,57.30512350,56.91016408,57.04693928,56.88498796,0,0
18.27000000,57.28609363,57.05832350,57.00319096,56.95714444,0,0
18.28000000,57.29427079,56.98146468,56.94305471,56.92773308,0,0
18.29000000,57.28655676,56.97552089,56.98959061,56.97544188,0,0
18.30000000,57.26357926,56.95172187,56.98090783,57.01396434,0,0
18.31000000,57.34513116,56.99322423,56.95880981,57.05661942,0,0
18.32000000,57.32702410,57.07374665,57.02316776,56.96756002,0,0
18.33000000,57.24654873,56.95227690,56.95884887,56.96648413,0,0
18.34000000,57.29769970,56.98942972,56.94290898,56.98324250,0,0
18.35000000,57.24841880,56.92849143,56.95254818,56.95383626,0,0
18.36000000,57.30387629,56.96393981,56.96763235,56.98015927,0,0
18.37000000,57.22927031,56.94458639,57.00586479,56.95909985,0,0
18.38000000,57.18423794,56.96434552,56.96811224,56.98915462,0,0
18.39000000,57.25730403,57.01635007,56.96205378,56.95155430,0,0
18.40000000,57.31536531,56.97730289,56.97680120,56.95195602,0,0
18.41000000,57.30158683,57.02542966,57.04574674,57.01141460,0,0
18.42000000,57.36866071,56.97080733,56.99614720,57.03211166,0,0
18.43000000,57.25398689,57.00164941,57.02679895,57.05301448,0,0
18.44000000,57.28141648,56.97779424,57.04747960,57.08921297,0,0
18.45000000,57.29496518,56.95652429,56.99691690,57.06210355,0,0
18.46000000,57.26891452,56.97370014,56.96054851,56.99073015,0,0
18.47000000,57.26990100,56.99622156,56.95937858,56.98293197,0,0
18.48000000,57.30354988,57.07328200,57.01479257,56.99542926,0,0
18.49000000,57.35185493,57.06095951,57.06073702,57.02982143,0,0
18.50000000,57.33685387,57.05787374,57.03341529,56.93716208,0,0
18.51000000,57.43230395,56.98507328,57.03183074,57.00321979,0,0
18.52000000,57.45393290,57.02788122,56.99858355,57.02104275,0,0
18.53000000,57.40809289,57.10708335,56.95380760,57.00472786,0,0
18.54000000,57.38157686,57.11498016,56.99366687,57.02188165,0,0
18.55000000,57.41301471,57.10692431,56.95314793,57.01792176,0,0
18.56000000,57.41859735,57.08177931,56.97492567,57.00997292,0,0
18.57000000,57.40128256,57.06851005,56.96494927,56.98059427,0,0
18.58000000,57.40282569,57.06098241,56.97694812,56.94328043,0,0
18.59000000,57.39597618,57.07295230,57.00111492,56.96663922,0,0
18.60000000,57.38338917,57.10031191,56.98641100,56.97509096,0,0
18.61000000,57.46490318,57.12516734,57.02120463,56.92739310,0,0
18.62000000,57.41868006,57.10278264,56.97593608,56.91807760,0,0
18.63000000,57.42575296,57.06331921,56.93434808,56.90574486,0,0
18.64000000,57.43411334,57.08671808,56.89661625,56.94573550,0,0
18.65000000,57.49109805,57.06803028,56.90638100,56.99294367,0,0
18.66000000,57.48622919,57.11407570,56.95475362,57.00914044,0,0
18.67000000,57.47312792,57.11945255,56.86462635,56.94742190,0,0
18.68000000,57.39655495,57.08459151,56.89257536,56.95334717,0,0
18.69000000,57.33132830,57.03274200,56.96752528,56.91639543,0,0
18.70000000,57.36128808,57.03498983,57.01291959,56.94565053,0,0
18.71000000,57.42784516,57.07734381,57.04950767,56.98033801,0,0
18.72000000,57.44127007,57.11741792,57.05524073,56.97683358,0,0
18.73000000,57.38976406,57.08287848,57.01811205,57.00236200,0,0
18.74000000,57.32342734,57.01767205,57.01515189,57.00841179,0,0
18.75000000,57.34248121,57.03267731,56.98968012,57.03230207,0,0
18.76000000,57.34835840,57.06705685,57.02428597,57.06509353,0,0
18.77000000,57.35679395,57.05931092,57.01696489,57.08162846,0,0
18.78000000,57.32660944,57.08085345,57.02006825,57.05901907,0,0
18.79000000,57.26671154,57.00412165,56.96735955,57.05022146,0,0
18.80000000,57.35179606,57.01829749,57.01419045,57.04360519,0,0
18.81000000,57.35421995,57.06775118,57.02622498,57.03947709,0,0
18.82000000,57.35513360,57.08661011,57.02665852,57.01174744,0,0
18.83000000,57.35744173,57.10130263,57.08135963,57.03032135,0,0
18.84000000,57.35893786,57.05151061,57.10028987,57.01514416,0,0
18.85000000,57.30489953,57.05473933,57.04831045,57.09012442,0,0
18.86000000,57.39267125,57.01570666,57.01336772,57.10246643,0,0
18.87000000,57.28842078,57.08871286,56.99623976,57.09804871,0,0
18.88000000,57.36889759,57.09031330,57.06532093,57.11272615,0,0
18.89000000,57.41185056,57.08561683,57.09343795,57.09574048,0,0
18.90000000,57.43212019,57.11119218,57.13096788,57.08002095,0,0
18.91000000,57.38301049,57.05590021,57.11117387,57.06424242,0,0
18.92000000,57.34713169,57.09327034,57.12467315,57.02366465,0,0
18.93000000,57.38369241,57.09588171,57.11758879,57.08581434,0,0
18.94000000,57.43861605,57.12881610,57.08532287,57.02053036,0,0
18.95000000,57.41614606,57.10740514,57.06024856,57.01711334,0,0
18.96000000,57.36519990,57.07409540,57.00267307,57.05239244,0,0
18.97000000,57.41632181,57.08579899,56.97639039,56.98486512,0,0
18.98000000,57.40558480,57.04135618,57.03044484,57.03438094,0,0
18.99000000,57.44482691,57.08862552,57.05081139,57.04982101,0,0
19.00000000,57.43575707,57.08086657,57.00668442,57.07908763,0,0
19.01000000,57.36244818,57.14268072,57.04766595,56.97889893,0,0
19.02000000,57.40695532,57.06737054,57.00956448,57.04938145,0,0
19.03000000,57.36673485,57.03124671,57.05074123,56.97410738,0,0
19.04000000,57.43925530,57.01836308,56.99504861,56.96831101,0,0
19.05000000,57.40470887,56.97071450,56.99251309,57.00746190,0,0
19.06000000,57.36876599,57.19638829,57.04298851,56.95030961,0,0
19.07000000,57.35672812,57.08399220,57.07312798,57.03964366,0,0
19.08000000,57.45283928,57.10824284,57.01641580,57.06126264,0,0
19.09000000,57.29477875,57.03209780,57.09454743,57.05193937,0,0
19.10000000,57.36518262,57.02761099,57.06424214,57.11078594,0,0
19.11000000,57.37468470,57.04907116,57.08142225,57.10992303,0,0
19.12000000,57.39350748,57.07361392,57.04146222,57.08939474,0,0
19.13000000,57.46292355,57.05607228,57.02078793,57.05679321,0,0
19.14000000,57.38839876,57.06472676,57.06734781,57.04852620,0,0
19.15000000,57.37954564,56.99376458,57.04238401,57.02068256,0,0
19.16000000,57.36399787,57.07736375,57.04676594,57.05625543,0,0
19.17000000,57.41088541,57.07257964,57.08094541,57.07011878,0,0
19.18000000,57.42766052,57.11049371,57.06471916,57.10124299,0,0
19.19000000,57.45584008,57.10962559,57.04708038,57.14682092,0,0
19.20000000,57.34879742,57.08834387,57.01796449,57.04831298,0,0
19.21000000,57.40023609,57.10292085,57.06594292,57.11429726,0,0
19.22000000,57.40706823,57.05982619,57.01536380,57.04068206,0,0
19.23000000,57.43829799,57.09294842,57.05441079,56.99579834,0,0
19.24000000,57.40023548,57.04938054,57.04301001,57.06123816,0,0
19.25000000,57.32818729,57.05178456,57.09520291,57.03710967,0,0
19.26000000,57.34829863,57.07867584,57.00204267,56.96992365,0,0
19.27000000,57.40466808,57.09466662,56.94830479,56.99540849,0,0
19.28000000,57.38178053,57.09100327,56.98946470,56.99790079,0,0
19.29000000,57.44108310,57.08947974,57.01094000,56.96876578,0,0
19.30000000,57.39617184,57.06614906,57.01660901,57.02575225,0,0
19.31000000,57.34790598,57.04121677,57.03890553,57.06582247,0,0
19.32000000,57.36953748,57.04232580,57.01007696,57.06015156,0,0
19.33000000,57.35507583,57.07393351,57.00568036,57.04399014,0,0
19.34000000,57.38103227,57.09521374,57.00174195,57.02492127,0,0
19.35000000,57.40890302,57.08265688,57.06961631,56.98243045,0,0
19.36000000,57.37712908,57.07354678,57.10316528,57.01653858,0,0
19.37000000,57.38620290,57.09743032,57.06507820,57.02211464,0,0
19.38000000,57.37427679,57.07836280,57.02998356,57.05207286,0,0
19.39000000,57.34126241,57.08591513,57.07077765,57.05986658,0,0
19.40000000,57.43086468,57.08922999,57.06654404,57.08233264,0,0
19.41000000,57.37246126,57.08629781,57.10671457,57.10969099,0,0
19.42000000,57.39356188,57.07861437,57.07914370,57.08638479,0,0
19.43000000,57.42217502,57.08080414,57.04009781,57.05177120,0,0
19.44000000,57.45886507,57.07649534,57.00326986,57.05643742,0,0
19.45000000,57.37236540,57.05927681,56.98317004,57.04994419,0,0
19.46000000,57.35755286,57.09567651,57.01786819,57.05186324,0,0
19.47000000,57.33061247,57.12130093,57.07220388,57.07210336,0,0
19.48000000,57.48086212,57.15565221,57.06220244,57.04626917,0,0
19.49000000,57.48891269,57.12274671,57.04648639,57.01155636,0,0
19.50000000,57.45442014,57.07393251,57.03568755,57.02059486,0,0
19.51000000,57.40418134,57.09803090,57.05419777,57.04297593,0,0
19.52000000,57.43370010,57.16636928,57.02748695,57.06187235,0,0
19.53000000,57.36666093,57.21760756,57.07464759,57.09494862,0,0
19.54000000,57.48293980,57.15038877,57.03782181,57.08435695,0,0
19.55000000,57.38987171,57.08632700,57.02674480,57.07400558,0,0
19.56000000,57.42378876,57.08097921,56.98102023,57.02136988,0,0
19.57000000,57.43374602,57.09077049,57.03562445,57.04362683,0,0
19.58000000,57.45822971,57.12123053,57.03772456,57.06001425,0,0
19.59000000,57.43387128,57.14366771,57.02719528,57.05495629,0,0
19.60000000,57.41376281,57.11055774,57.10503936,57.02107603,0,0
19.61000000,57.32798834,57.11682044,57.10467843,57.06532147,0,0
19.62000000,57.44204710,57.14501565,57.05065292,57.05752768,0,0
19.63000000,57.41981431,57.14191641,57.00947804,57.07694490,0,0
19.64000000,57.38054247,57.09372277,56.99538784,57.09445552,0,0
19.65000000,57.36088781,57.04488987,57.01627556,57.12585732,0,0
19.66000000,57.40746524,57.06737021,57.06015652,57.09002461,0,0
19.67000000,57.40491251,57.09871987,57.03104602,57.05731432,0,0
19.68000000,57.41924795,57.14103707,57.01563597,57.03764510,0,0
19.69000000,57.39730857,57.08513350,57.05827214,56.98583418,0,0
19.70000000,57.38252378,57.08399644,57.01846928,57.04375305,0,0
19.71000000,57.37956728,57.06963239,57.08847887,57.05432705,0,0
19.72000000,57.35043740,57.05959360,57.06034450,57.08920185,0,0
19.73000000,57.37407493,57.10835349,57.06730806,57.08933838,0,0
19.74000000,57.36232337,57.05102145,57.01738245,57.13432211,0,0
19.75000000,57.30545239,57.09056763,57.07918463,57.13390152,0,0
19.76000000,57.39713178,57.05138662,57.12695776,57.16474476,0,0
19.77000000,57.39931053,57.10117938,57.12293817,57.12300348,0,0
19.78000000,57.39795947,57.10523875,57.07144242,57.10495638,0,0
19.79000000,57.46182926,57.13678905,57.10832657,57.13003674,0,0
19.80000000,57.29913856,57.11877006,57.11649492,57.12985635,0,0
19.81000000,57.47832294,57.11747616,57.04549007,57.10939947,0,0
19.82000000,57.36427191,57.09276908,56.99996441,57.05596955,0,0
19.83000000,57.42782153,57.10974197,57.04235790,57.06734322,0,0
19.84000000,57.44644727,57.10871024,57.01370687,57.07884226,0,0
19.85000000,57.39767035,57.18246302,57.02631892,57.05290532,0,0
19.86000000,57.39381184,57.20297570,57.05452951,57.10853967,0,0
19.87000000,57.48764906,57.16994904,57.06718416,57.07952121,0,0
19.88000000,57.40098108,57.17309069,57.05575652,57.08999133,0,0
19.89000000,57.47974300,57.09034942,57.03804920,57.03620760,0,0
19.90000000,57.42139935,57.11765091,57.01261165,57.04876926,0,0
19.91000000,57.40438996,57.10841227,57.05793556,57.04644069,0,0
19.92000000,57.42740760,57.17232943,57.01241410,57.02861629,0,0
19.93000000,57.47894768,57.16136825,57.01769305,56.95264676,0,0
19.94000000,57.42484826,57.11647345,56.98921752,56.98358929,0,0
19.95000000,57.44903300,57.15076941,57.02774046,57.05322366,0,0
19.96000000,57.36207199,57.12351615,57.00878712,57.07715546,0,0
19.97000000,57.40863908,57.12790272,57.06805909,57.13392445,0,0
19.98000000,57.43559490,57.06457699,57.05946619,57.13128461,0,0
19.99000000,57.39704170,57.11794962,57.03922664,57.05114835,0,0
20.00000000,57.39900189,57.13907205,56.96456425,57.04878003,0,0
20.01000000,57.44791908,57.13797866,57.04074673,57.04394973,0,0
20.02000000,57.38052971,57.08750593,57.03838981,56.97692127,0,0
20.03000000,57.46379096,57.08679591,57.01391961,57.03861373,0,0
20.04000000,57.37709011,57.07107991,57.08454639,57.04945192,0,0
20.05000000,57.35983949,57.14326267,57.05752297,57.09353941,0,0
20.06000000,57.43940707,57.11263962,57.04876363,57.12333187,0,0
20.07000000,57.37554027,57.11720890,57.00986593,57.10815555,0,0
20.08000000,57.40336832,57.03277918,57.08153894,57.12295464,0,0
20.09000000,57.38253489,57.04046397,57.07059619,57.13501722,0,0
20.10000000,57.40311121,57.11607118,57.09484094,57.11608647,0,0
20.11000000,57.41929184,57.09882739,57.10451278,57.06708927,0,0
20.12000000,57.39184632,57.09514065,57.09257578,57.13599911,0,0
20.13000000,57.39218620,57.12266872,57.11081343,57.10468587,0,0
20.14000000,57.41619545,57.13401359,57.08535702,57.10119187,0,0
20.15000000,57.37891602,57.12933347,57.07240016,57.08128020,0,0
20.16000000,57.41403327,57.09099825,57.04793138,57.09550117,0,0
20.17000000,57.43492674,57.09056696,57.07443289,57.13941225,0,0
20.18000000,57.39603354,57.12762036,57.03634215,57.13344906,0,0
20.19000000,57.39181784,57.18036642,57.09724699,57.10762481,0,0
20.20000000,57.41930780,57.20528602,57.09681366,57.13386084,0,0
20.21000000,57.42045910,57.16760382,57.06849875,57.11863137,0,0
20.22000000,57.41913166,57.07744786,57.03246369,57.09706930,0,0
20.23000000,57.37955978,57.06175291,57.07158951,57.11336359,0,0
20.24000000,57.38669824,57.10860594,57.07840755,57.13159005,0,0
20.25000000,57.36089352,57.15251589,57.03504904,57.11441413,0,0
20.26000000,57.40442775,57.17437541,57.05412637,57.06151321,0,0
20.27000000,57.43643178,57.11817162,57.05090832,57.04493354,0,0
20.28000000,57.51451561,57.13232480,57.08035694,57.08360439,0,0
20.29000000,57.40776534,57.12438425,57.05933948,57.06116036,0,0
20.30000000,57.39618763,57.11374218,57.05406455,57.10716989,0,0
20.31000000,57.35100959,57.11229754,57.06327005,57.11437101,0,0
20.32000000,57.41081849,57.12963402,57.06120595,57.07279037,0,0
20.33000000,57.45701196,57.12437955,57.02106185,57.01449612,0,0
20.34000000,57.44756718,57.14624848,57.04870780,56.98842816,0,0
20.35000000,57.38587579,57.11432538,57.04688326,56.99974310,0,0
20.36000000,57.44067697,57.12362267,57.03020714,56.99935010,0,0
20.37000000,57.43271070,57.15964154,57.12317509,57.06924471,0,0
20.38000000,57.43984131,57.17262571,57.08340186,57.09409878,0,0
20.39000000,57.43009100,57.13145198,57.07846615,57.14071176,0,0
20.40000000,57.40245319,57.09988982,57.04750619,57.15627177,0,0
20.41000000,57.43233332,57.08560349,57.06485321,57.16133515,0,0
20.42000000,57.44910441,57.12141866,57.06344591,57.18677631,0,0
20.43000000,57.42490899,57.13846719,57.01889030,57.13345401,0,0
20.44000000,57.44583084,57.13109376,57.03949899,57.06271904,0,0
20.45000000,57.39019960,57.16612562,57.08945405,57.09661600,0,0
20.46000000,57.43008967,57.15373738,57.10352834,57.09616199,0,0
20.47000000,57.46414906,57.19512559,57.11482857,57.06255308,0,0
20.48000000,57.48513664,57.11011499,57.04725009,57.03664777,0,0
20.49000000,57.40435344,57.10731753,57.05903172,57.11393910,0,0
20.50000000,57.46933367,57.09272276,57.10203377,57.11338915,0,0
20.51000000,57.38512379,57.18718301,57.04822610,57.10864158,0,0
20.52000000,57.49987078,57.20476697,57.11008508,57.06544792,0,0
20.53000000,57.43752267,57.17265527,57.10725773,57.08841412,0,0
20.54000000,57.42260266,57.15273374,57.04563052,57.09078865,0,0
20.55000000,57.44901111,57.11491293,57.07837038,57.13341001,0,0
20.56000000,57.40346879,57.06163709,57.04689275,57.14630697,0,0
20.57000000,57.46027977,57.11924520,57.07535145,57.11594204,0,0
20.58000000,57.39814006,57.16298715,57.07414059,57.07698041,0,0
20.59000000,57.37727793,57.15896667,57.04497014,57.01474029,0,0
20.60000000,57.44281344,57.20372679,57.08480005,57.05627470,0,0
20.61000000,57.40133134,57.07087116,57.04083733,57.05782126,0,0
20.62000000,57.40477651,57.12733997,57.03725440,57.12585612,0,0
20.63000000,57.33627092,57.03000399,57.05789009,57.13918209,0,0
20.64000000,57.39613526,57.16156585,57.04333108,57.18717142,0,0
20.65000000,57.31964201,57.08755124,57.08633237,57.11682626,0,0
20.66000000,57.46549788,57.18954141,57.00583724,57.06975285,0,0
20.67000000,57.42567293,57.13752343,57.06271542,57.08305200,0,0
20.68000000,57.46542061,57.13602205,57.06664272,57.08669029,0,0
20.69000000,57.40722582,57.09550205,57.08848296,57.06320115,0,0
20.70000000,57.38802468,57.13570733,57.11813418,57.10110117,0,0
20.71000000,57.48394947,57.14978425,57.06009381,57.09311105,0,0
20.72000000,57.40321701,57.12311603,57.09163990,57.15603787,0,0
20.73000000,57.41145153,57.15293340,57.07460987,57.13168939,0,0
20.74000000,57.44461356,57.10386012,57.14542322,57.15850467,0,0
20.75000000,57.42587523,57.15963193,57.07579566,57.17742071,0,0
20.76000000,57.46923348,57.14794633,57.11728611,57.10820346,0,0
20.77000000,57.46514935,57.13065321,57.11045124,57.12423407,0,0
20.78000000,57.44956787,57.16579609,57.13685774,57.07764305,0,0
20.79000000,57.42384471,57.11620003,57.14080331,57.09220747,0,0
20.80000000,57.46318956,57.18140308,57.06220581,57.05649271,0,0
20.81000000,57.40487101,57.10587639,57.01168909,57.03153989,0,0
20.82000000,57.50577540,57.15728269,57.01952792,57.05113725,0,0
20.83000000,57.46725070,57.15704341,57.03077403,57.10405249,0,0
20.84000000,57.47545836,57.19864097,57.05363427,57.10883668,0,0
20.85000000,57.51988874,57.15242596,57.08076404,57.12810225,0,0
20.86000000,57.43935657,57.13593880,57.08034539,57.12117457,0,0
20.87000000,57.41760487,57.15735792,57.05064188,57.08930419,0,0
20.88000000,57.44894873,57.13577044,57.04779530,57.10052269,0,0
20.89000000,57.47631249,57.13041673,57.03652676,57.07246755,0,0
20.90000000,57.49738701,57.12022175,57.08508077,57.07748697,0,0
20.91000000,57.38076935,57.12717245,57.05597658,57.04334566,0,0
20.92000000,57.43287835,57.12635140,57.06973805,57.05364828,0,0
20.93000000,57.41450870,57.08886846,57.08163726,57.07489719,0,0
20.94000000,57.39934987,57.09005357,57.10967440,57.08508984,0,0
20.95000000,57.39066546,57.07458008,57.10980292,57.13883629,0,0
20.96000000,57.38843589,57.07397433,57.08313616,57.12112483,0,0
20.97000000,57.41649092,57.07875166,57.07585654,57.09894928,0,0
20.98000000,57.43397778,57.12474624,57.04710309,57.07309704,0,0
20.99000000,57.41725563,57.15443743,57.01060774,57.03335659,0,0
21.00000000,57.43880976,57.19006671,57.06660243,57.05728884,0,0
21.01000000,57.45197808,57.16429094,57.07693172,57.05812061,0,0
21.02000000,57.47482502,57.10515885,57.09670161,57.03306071,0,0
21.03000000,57.42235140,57.08259236,57.04385983,57.05980482,0,0
21.04000000,57.43319260,57.14104692,57.04688324,57.08208092,0,0
21.05000000,57.41002599,57.21240098,57.06486760,57.16683395,0,0
21.06000000,57.44006348,57.24909436,57.09439931,57.19820892,0,0
21.07000000,57.46871050,57.17479563,57.15628751,57.22848794,0,0
21.08000000,57.47985458,57.08199233,57.17081664,57.26215661,0,0
21.09000000,57.47854886,57.05370407,57.16044812,57.25468738,0,0
21.10000000,57.46555273,57.10799011,57.17087484,57.17669343,0,0
21.11000000,57.46022120,57.18496655,57.10611716,57.15175523,0,0
21.12000000,57.46462842,57.20553665,57.10762582,57.06759161,0,0
21.13000000,57.51636669,57.15113840,57.07162058,56.99181535,0,0
21.14000000,57.46714592,57.08021641,57.00877690,56.90309175,0,0
21.15000000,57.50256950,57.13743535,56.99570719,56.95291022,0,0
21.16000000,57.47476188,57.15559086,57.00017753,57.00705168,0,0
21.17000000,57.48589455,57.17432565,57.02089021,57.01858134,0,0
21.18000000,57.46541393,57.10069859,57.10474893,56.98394534,0,0
21.19000000,57.45129642,57.07594249,57.12824321,56.99095423,0,0
21.20000000,57.40514092,57.08820511,57.05621878,56.91588378,0,0
21.21000000,57.40351241,57.06448235,57.02901840,56.92435476,0,0
21.22000000,57.34905502,57.01217751,57.05067439,57.06165662,0,0
21.23000000,57.40927337,56.95643696,57.11973443,57.09416880,0,0
21.24000000,57.41450807,56.96775954,57.11961860,57.08999596,0,0
21.25000000,57.33652088,57.00587795,57.10074975,57.07503636,0,0
21.26000000,57.41759168,57.04893372,57.12181747,57.03518193,0,0
21.27000000,57.36467944,57.00412165,57.08551543,57.06850168,0,0
21.28000000,57.43716844,57.03219855,57.01858045,57.07833121,0,0
21.29000000,57.41995564,56.96059532,57.07006303,57.10064126,0,0
21.30000000,57.37724386,56.93539380,57.12896921,57.09618130,0,0
21.31000000,57.31177285,56.96951048,57.11424311,57.03142452,0,0
21.32000000,57.40973506,56.98675628,57.09383958,57.02855676,0,0
21.33000000,57.37753769,56.96944339,57.10240052,57.01792167,0,0
21.34000000,57.44773084,57.01117907,57.18584058,56.99314560,0,0
21.35000000,57.34565601,56.97526861,57.16772719,57.00549144,0,0
21.36000000,57.37459943,57.00394515,57.16147978,57.01839953,0,0
21.37000000,57.49613649,56.97016795,57.15546105,57.09926574,0,0
21.38000000,57.38004857,57.01493379,57.13099719,57.14140470,0,0
21.39000000,57.35583928,57.03279439,57.15393352,57.09511723,0,0
21.40000000,57.39324092,57.00034314,57.18061408,57.10713884,0,0
21.41000000,57.46630718,57.06890120,57.15999240,57.08728801,0,0
21.42000000,57.49977399,57.09956542,57.06812253,57.01075233,0,0
21.43000000,57.40925955,57.02697450,57.02665211,56.98071057,0,0
21.44000000,57.48086255,56.93411143,57.03928577,56.99549666,0,0
21.45000000,57.40539184,57.01193063,57.07927156,56.95168551,0,0
21.46000000,57.48190813,57.09114547,57.08683322,56.94862368,0,0
21.47000000,57.39122535,57.08357669,57.01819669,56.89333468,0,0
21.48000000,57.49508739,57.05996543,57.03573672,56.91953498,0,0
21.49000000,57.41221695,57.03538481,57.00138901,56.99178964,0,0
21.50000000,57.52525898,57.08454087,57.05716515,56.96771079,0,0
21.51000000,57.51026504,57.08408828,57.05306008,56.99056096,0,0
21.52000000,57.44683097,57.09586430,57.02318477,56.98947686,0,0
21.53000000,57.40181179,57.05576263,57.07478890,56.93954797,0,0
21.54000000,57.44195239,57.06962899,57.10282863,56.91480019,0,0
21.55000000,57.59562026,56.99699841,57.07472951,56.90557087,0,0
21.56000000,57.49079360,57.03337379,57.02560253,56.91369851,0,0
21.57000000,57.37654476,57.01732735,56.97927234,56.91087341,0,0
21.58000000,57.36228955,57.06883971,57.08796259,56.91706910,0,0
21.59000000,57.46581714,57.07737359,57.11676757,56.94653753,0,0
21.60000000,57.56470580,57.06601025,57.04245632,56.99700742,0,0
21.61000000,57.52825575,57.05403369,57.09129244,56.95879066,0,0
21.62000000,57.47713974,56.98842682,57.08266672,56.96903964,0,0
21.63000000,57.39449890,57.03857437,57.08720101,57.01819430,0,0
21.64000000,57.48792789,57.04122103,57.03678298,56.99548824,0,0
21.65000000,57.44742355,57.06825818,57.02687340,56.94728675,0,0
21.66000000,57.48822011,57.01151553,57.10537160,56.95327554,0,0
21.67000000,57.45668431,57.04328383,57.09880904,56.92392466,0,0
21.68000000,57.42509524,57.07553035,57.07535301,56.93846855,0,0
21.69000000,57.42139205,57.08626738,57.09845410,56.98739889,0,0
21.70000000,57.47292314,57.05581696,57.08789675,57.04557318,0,0
21.71000000,57.47792761,57.00687883,57.07108383,57.07569209,0,0
21.72000000,57.47780724,57.01923643,57.23996477,57.10401242,0,0
21.73000000,57.43222603,57.04915355,57.17926942,57.07923793,0,0
21.74000000,57.43703722,57.06507870,57.13781362,57.04024540,0,0
21.75000000,57.42907633,57.05273225,57.05028115,56.94803165,0,0
21.76000000,57.45725187,57.07028500,57.07420866,56.98136251,0,0
21.77000000,57.42258900,57.07354072,57.11668235,56.97941443,0,0
21.78000000,57.45529414,57.05574565,57.11983824,57.00541853,0,0
21.79000000,57.42530273,57.04017613,57.11992506,56.99633953,0,0
21.80000000,57.46938878,57.03366174,57.10044206,56.98245374,0,0
21.81000000,57.42914586,57.03303776,57.06390331,56.99549220,0,0
21.82000000,57.46365376,57.03937956,57.08725795,57.01259354,0,0
21.83000000,57.47592488,57.08566334,57.10189368,56.98185562,0,0
21.84000000,57.45936295,57.09542266,57.11531482,57.01324460,0,0
21.85000000,57.47006017,57.07603226,57.09356718,57.01788227,0,0
21.86000000,57.47325034,57.02253410,57.07692140,57.00013258,0,0
21.87000000,57.41858990,56.97416770,57.10985613,57.02248350,0,0
21.88000000,57.46148841,57.02784357,57.14271436,57.02522633,0,0
21.89000000,57.45748365,57.09571979,57.16852499,57.01683497,0,0
21.90000000,57.40967321,57.08492047,57.14523518,56.97667592,0,0
21.91000000,57.44788678,57.02340353,57.19093270,56.91241911,0,0
21.92000000,57.47103269,56.98404684,57.10745140,56.98299223,0,0
21.93000000,57.47075141,57.01725326,57.13027410,56.97947037,0,0
21.94000000,57.47150545,57.08237926,57.08668547,57.04138550,0,0
21.95000000,57.40687526,57.12711123,57.15223835,57.05962061,0,0
21.96000000,57.46620490,57.06305444,57.11474646,57.03247051,0,0
21.97000000,57.43482783,57.01411181,57.07482042,56.99224685,0,0
21.98000000,57.47237461,56.96701682,57.05486989,56.98820168,0,0
21.99000000,57.51496097,56.97901055,57.03517403,56.92826565,0,0
22.00000000,57.52549414,57.08665215,57.10304816,56.93846146,0,0
22.01000000,57.38629683,57.07962163,57.06276683,56.98315798,0,0
22.02000000,57.46286035,57.07402120,57.14316033,57.00323791,0,0
22.03000000,57.41990523,57.04160861,57.15017008,57.07570713,0,0
22.04000000,57.39455106,57.04032074,57.14977851,57.09957545,0,0
22.05000000,57.49742859,57.09075893,57.11008816,57.11847497,0,0
22.06000000,57.50158185,57.01653804,57.21980130,57.14733563,0,0
22.07000000,57.48784904,57.02780581,57.11669758,57.08043533,0,0
22.08000000,57.49811110,57.08738523,57.18148569,57.02047507,0,0
22.09000000,57.44973015,57.13302635,57.11563941,56.96000278,0,0
22.10000000,57.41982793,57.10993751,57.15357641,56.93838250,0,0
22.11000000,57.47143851,57.06445116,57.11238347,56.94213774,0,0
22.12000000,57.43860205,57.06283895,57.02884117,56.98367218,0,0
22.13000000,57.57674876,57.08490292,57.10181974,57.03551983,0,0
22.14000000,57.47279634,57.03541311,57.07209349,57.02957462,0,0
22.15000000,57.51797958,57.10115343,56.98094069,57.01153460,0,0
22.16000000,57.40853453,57.08366256,57.10869567,56.96833622,0,0
22.17000000,57.43724807,57.05979768,57.16260565,57.04856566,0,0
22.18000000,57.47083925,57.11765467,57.12383573,57.00217774,0,0
22.19000000,57.55794562,57.03926842,57.16385588,56.99673003,0,0
22.20000000,57.44211902,57.02004021,57.08101339,57.06607645,0,0
22.21000000,57.47328893,57.00363378,57.06353904,56.98201046,0,0
22.22000000,57.36282340,56.93639803,57.10204438,56.98825773,0,0
22.23000000,57.47081154,57.06275710,57.14663718,56.89302728,0,0
22.24000000,57.44274367,57.03892146,57.14701245,56.87723428,0,0
22.25000000,57.46324155,57.10727285,57.16270835,56.94154003,0,0
22.26000000,57.43002649,57.01478632,57.09282584,56.98526916,0,0
22.27000000,57.43194106,57.02147737,57.06931019,57.05136292,0,0
22.28000000,57.44312226,56.96056819,57.10031664,57.06641527,0,0
22.29000000,57.47310377,57.00834067,57.11245629,57.06177256,0,0
22.30000000,57.44798836,57.01807221,57.17023736,57.03605707,0,0
22.31000000,57.49200183,57.05409469,57.11815697,56.92682208,0,0
22.32000000,57.50956400,57.03879724,57.18005614,56.90948952,0,0
22.33000000,57.46606092,57.00595728,57.11553003,56.95497076,0,0
22.34000000,57.38514350,57.05008074,57.08962380,56.91971431,0,0
22.35000000,57.45182113,57.03354985,57.12771713,57.01466108,0,0
22.36000000,57.44720607,57.07340174,57.17380772,57.05519011,0,0
22.37000000,57.45372745,57.04215531,57.10153004,57.05955812,0,0
22.38000000,57.47093209,57.00366434,57.13561056,57.12143828,0,0
22.39000000,57.42859263,56.99540534,57.13423622,56.98970748,0,0
22.40000000,57.40433499,57.02225609,57.15266842,56.98074349,0,0
22.41000000,57.41960060,57.06491305,57.10076893,57.00761190,0,0
22.42000000,57.42894323,57.02563488,57.11728516,56.96162373,0,0
22.43000000,57.51905950,57.00036505,57.13779960,56.98931447,0,0
22.44000000,57.47877938,57.02390342,57.09337237,57.00463444,0,0
22.45000000,57.46170671,57.07925706,57.08194912,56.96628301,0,0
22.46000000,57.36068475,57.05597729,57.04738453,56.97620764,0,0
22.47000000,57.39699537,57.04320208,57.04623435,56.97493639,0,0
22.48000000,57.52228671,57.03514704,57.06697449,56.96936464,0,0
22.49000000,57.52249857,57.05866273,57.12067703,56.97470699,0,0
22.50000000,57.45531440,57.04164203,57.13087237,56.98030878,0,0
22.51000000,57.38606067,57.05986170,57.11474114,57.00126427,0,0
22.52000000,57.39030191,57.05864798,57.13129849,57.01513642,0,0
22.53000000,57.51396140,57.03686479,57.15492172,57.03976669,0,0
22.54000000,57.54011220,56.99167998,57.15143968,57.04547424,0,0
22.55000000,57.46588633,56.97865799,57.13572884,56.95446540,0,0
22.56000000,57.35999146,57.02191899,57.11921165,56.94703355,0,0
22.57000000,57.38063822,57.06934734,57.09969207,56.92740857,0,0
22.58000000,57.49014259,57.08717095,57.07896341,56.96440897,0,0
22.59000000,57.51553430,57.02790051,57.09173872,57.00808434,0,0
22.60000000,57.47845445,56.98137584,57.15293737,57.02212863,0,0
22.61000000,57.38880165,57.02279585,57.19236013,57.05971148,0,0
22.62000000,57.45304930,57.05891672,57.12171224,57.03000016,0,0
22.63000000,57.47565278,57.08444297,57.06871369,56.96642065,0,0
22.64000000,57.54721551,57.02803184,57.04821303,56.92566123,0,0
22.65000000,57.47641899,56.99419639,57.15727693,56.91598791,0,0
22.66000000,57.42270268,57.00964930,57.14016493,56.94018892,0,0
22.67000000,57.40926446,57.06240109,57.09007723,56.97933594,0,0
22.68000000,57.47903019,57.10707947,57.05341279,56.99660982,0,0
22.69000000,57.46848674,57.04073908,57.09704421,57.04765378,0,0
22.70000000,57.50215972,57.05451398,57.10105457,57.06553400,0,0
22.71000000,57.45253872,57.05274893,57.19287907,57.04862486,0,0
22.72000000,57.43985546,57.08045905,57.18264243,57.02215891,0,0
22.73000000,57.51257531,57.04922892,57.08593162,57.00279190,0,0
22.74000000,57.47090070,57.09761560,57.06962165,56.99020534,0,0
22.75000000,57.51343403,57.08197373,57.08553313,56.96029345,0,0
22.76000000,57.51454273,57.06365648,57.13139899,57.03285182,0,0
22.77000000,57.43493879,57.05186725,57.14628038,56.98388218,0,0
22.78000000,57.47445333,57.03081001,57.04983174,56.99632970,0,0
22.79000000,57.49931438,57.11347304,57.08492328,56.96344015,0,0
22.80000000,57.46626612,57.12700126,57.08631753,56.98836365,0,0
22.81000000,57.49723792,57.13904279,57.15603696,57.02049354,0,0
22.82000000,57.44668162,57.06499170,57.12724732,57.00783167,0,0
22.83000000,57.44823831,57.07755292,57.17315374,57.08725715,0,0
22.84000000,57.55150562,57.02408081,57.08686572,57.02119149,0,0
22.85000000,57.48603875,57.07059597,57.10655962,57.01904294,0,0
22.86000000,57.44460501,57.03025305,56.98573194,56.97553679,0,0
22.87000000,57.49885001,57.05836948,57.14596124,56.91716661,0,0
22.88000000,57.40186739,57.08330676,57.07543444,56.97464043,0,0
22.89000000,57.43746702,57.04285693,57.05140991,56.91018769,0,0
22.90000000,57.35804395,57.07566107,57.10908028,56.95851442,0,0
22.91000000,57.37927967,57.03185179,57.06822542,56.98622025,0,0
22.92000000,57.44442466,57.00213940,57.07792319,57.10505265,0,0
22.93000000,57.49907027,56.99808524,57.14847671,57.07855822,0,0
22.94000000,57.40671428,57.01768535,57.10890563,57.03554157,0,0
22.95000000,57.40517970,57.02029440,57.10980693,56.98456131,0,0
22.96000000,57.27768590,57.01137146,57.06073876,56.98077872,0,0
22.97000000,57.41999425,56.99689211,57.14313415,56.96542700,0,0
22.98000000,57.44210944,57.01589586,57.10522787,57.05301371,0,0
22.99000000,57.46164054,56.96426917,57.09328963,56.99989789,0,0
23.00000000,57.41570930,57.03612464,57.06540420,57.04405636,0,0
23.01000000,57.44655002,56.99217509,57.12131442,57.05371133,0,0
23.02000000,57.39765836,57.10551602,57.09976251,57.04251996,0,0
23.03000000,57.48644086,57.01997477,57.12148200,57.02883644,0,0
23.04000000,57.42141472,57.06837593,57.18673793,57.00765655,0,0
23.05000000,57.39985953,56.95940538,57.24175673,57.04149565,0,0
23.06000000,57.41465244,57.00575871,57.12452083,57.02775757,0,0
23.07000000,57.43809481,57.00628292,57.12497593,57.05688260,0,0
23.08000000,57.48619226,57.01897939,57.05912427,57.07312736,0,0
23.09000000,57.43796449,57.04477446,57.13442068,57.03088812,0,0
23.10000000,57.41928888,57.07678401,57.13672442,56.99134544,0,0
23.11000000,57.44699980,57.07044800,57.15639776,56.93668143,0,0
23.12000000,57.48209890,57.05154003,57.11225436,56.97829169,0,0
23.13000000,57.45258159,57.05942124,57.03608759,56.99193523,0,0
23.14000000,57.50341398,57.05115123,57.02867010,57.01847397,0,0
23.15000000,57.43968039,57.05876656,57.01212133,57.04703099,0,0
23.16000000,57.45559166,57.03870176,57.02752163,57.02712172,0,0
23.17000000,57.49144060,57.01852817,57.04873579,57.00754632,0,0
23.18000000,57.47915435,57.02544296,57.04437247,56.92740482,0,0
23.19000000,57.44361680,57.04795356,57.05384486,56.93715676,0,0
23.20000000,57.36470007,57.02516812,57.09766472,56.96161529,0,0
23.21000000,57.38564882,57.04281945,57.07787102,56.97329232,0,0
23.22000000,57.51529684,57.00549595,57.09804511,56.97346991,0,0
23.23000000,57.48995505,56.97845816,57.09643060,56.93965220,0,0
23.24000000,57.44572731,57.01175000,57.08284551,56.97689420,0,0
23.25000000,57.43464040,57.05008278,57.09843613,56.97276702,0,0
23.26000000,57.40010608,57.06558799,57.11553326,56.93611393,0,0
23.27000000,57.44002700,57.04031126,57.13173381,56.96896539,0,0
23.28000000,57.45705763,57.02379853,57.10811836,56.98296865,0,0
23.29000000,57.46020157,57.00206099,57.09705894,56.96649334,0,0
23.30000000,57.43561561,56.98258127,57.07947216,56.98230715,0,0
23.31000000,57.42569893,56.99866282,57.07526739,56.99673457,0,0
23.32000000,57.41208493,57.01700203,57.04606421,57.00181340,0,0
23.33000000,57.49333012,57.02566517,57.04532619,56.96155981,0,0
23.34000000,57.47249105,57.05378252,57.13547758,56.95121662,0,0
23.35000000,57.46700054,57.05127636,57.13069012,56.98661753,0,0
23.36000000,57.41377008,57.05561017,57.07198217,57.00725867,0,0
23.37000000,57.43897960,57.02088193,57.09057045,57.05602529,0,0
23.38000000,57.48651568,56.96269691,57.13337928,57.06236202,0,0
23.39000000,57.56673834,57.00882769,57.13793603,57.06527201,0,0
23.40000000,57.51506007,57.04272808,57.13095170,57.00916958,0,0
23.41000000,57.49160714,57.05618439,57.11432827,56.98403809,0,0
23.42000000,57.43350473,57.07105659,57.14904201,56.92275448,0,0
23.43000000,57.47116265,57.07721898,57.17124149,56.90334270,0,0
23.44000000,57.58334650,57.08690229,57.17463661,56.91040008,0,0
23.45000000,57.57010458,57.02175777,57.20183952,56.96697249,0,0
23.46000000,57.56009545,57.00927464,57.14741869,57.01819154,0,0
23.47000000,57.57143390,57.02178976,57.15061481,57.05657754,0,0
23.48000000,57.51798479,57.06894295,57.09510158,57.03198936,0,0
23.49000000,57.53521747,57.02295541,57.17131834,57.00916625,0,0
23.50000000,57.52691663,57.04559834,57.18444175,56.92383698,0,0
23.51000000,57.49946446,57.00733306,57.16745778,56.88931815,0,0
23.52000000,57.56294037,57.01286030,57.15128410,56.90083451,0,0
23.53000000,57.55831713,56.99474652,57.12058494,56.94111971,0,0
23.54000000,57.55884869,57.00594347,57.13038568,56.93765853,0,0
23.55000000,57.55828817,56.97091779,57.16293394,56.91118330,0,0
23.56000000,57.49130378,57.03028605,57.22799914,56.90392441,0,0
23.57000000,57.54581614,57.06800616,57.20712513,56.95174469,0,0
23.58000000,57.56550878,57.05591968,57.12768388,56.91378214,0,0
23.59000000,57.51583897,56.98742534,57.10672861,56.94186474,0,0
23.60000000,57.56761809,56.90887023,57.09747239,57.00531406,0,0
23.61000000,57.56829453,56.93600256,57.20475322,56.99420998,0,0
23.62000000,57.50613597,57.02891390,57.14892116,56.95548845,0,0
23.63000000,57.51482992,57.00883824,57.12766782,56.99169626,0,0
23.64000000,57.45369043,56.94803166,57.23224331,56.91029724,0,0
23.65000000,57.54538011,56.96533735,57.16377105,56.95050484,0,0
23.66000000,57.53687582,57.00282155,57.21147395,56.91101562,0,0
23.67000000,57.49146976,57.08172717,57.17339220,56.94633413,0,0
23.68000000,57.56385702,57.03750238,57.15359663,56.99429069,0,0
23.69000000,57.56872454,56.99027158,57.12701430,57.04916161,0,0
23.70000000,57.43442502,56.99262406,57.20470053,56.98248282,0,0
23.71000000,57.52272654,56.91167903,57.20013040,57.01727801,0,0
23.72000000,57.47007221,57.03900816,57.20333078,56.99131240,0,0
23.73000000,57.52848813,57.01656556,57.18523286,56.90049527,0,0
23.74000000,57.52608926,56.99776057,57.15131975,56.92885262,0,0
23.75000000,57.48644970,57.04483616,57.22157748,56.93896185,0,0
23.76000000,57.44140903,57.03145476,57.11928021,56.97657184,0,0
23.77000000,57.48593737,57.00799420,57.20089151,56.95139198,0,0
23.78000000,57.47733725,57.01781339,57.18902872,56.94437390,0,0
23.79000000,57.57516732,56.97342412,57.14727787,56.99635253,0,0
23.80000000,57.53393451,57.05790201,57.13374238,56.97354528,0,0
23.81000000,57.40849557,56.94487182,57.13282665,56.91245056,0,0
23.82000000,57.48408649,56.95959850,57.17304345,56.94152253,0,0
23.83000000,57.50118306,56.95045334,57.17720824,56.90195959,0,0
23.84000000,57.51955305,56.98413604,57.15111710,56.91953797,0,0
23.85000000,57.53491332,56.99625620,57.18008343,56.95833654,0,0
23.86000000,57.41688089,56.96240854,57.18680182,56.92562125,0,0
23.87000000,57.41316003,56.95518777,57.16397440,56.97281423,0,0
23.88000000,57.49155905,56.98121428,57.18689798,56.91409508,0,0
23.89000000,57.49460224,57.00260093,57.16592253,56.86316657,0,0
23.90000000,57.58345734,56.97710817,57.16228800,56.90457671,0,0
23.91000000,57.50557183,56.98491476,57.14168026,56.89665018,0,0
23.92000000,57.45619152,56.96255865,57.16445933,56.97108288,0,0
23.93000000,57.43660186,56.94606881,57.10346374,56.99264252,0,0
23.94000000,57.47549447,56.96964907,57.10872650,56.95279083,0,0
23.95000000,57.50392151,56.96579117,57.13892887,56.95732155,0,0
23.96000000,57.53972442,56.97393069,57.16019288,56.89489637,0,0
23.97000000,57.49011403,56.94316446,57.14979046,56.90509662,0,0
23.98000000,57.50917181,56.97164871,57.08792565,56.87889799,0,0
23.99000000,57.47640502,56.97586597,57.12692864,56.85053333,0,0
24.00000000,57.44538360,56.97194451,57.20375962,56.92903341,0,0
24.01000000,57.50708393,57.05966664,57.20106365,56.97761137,0,0
24.02000000,57.57219352,57.05170152,57.20273338,57.02379878,0,0
24.03000000,57.58542988,56.93880359,57.20408871,57.03138989,0,0
24.04000000,57.50653588,56.95235449,57.16254454,56.96810169,0,0
24.05000000,57.47016344,56.98031341,57.14992974,56.94381078,0,0
24.06000000,57.42988623,57.05672510,57.13317714,56.90066220,0,0
24.07000000,57.49167708,57.02800139,57.21554505,56.89513808,0,0
24.08000000,57.52341639,56.95256848,57.18663814,56.90150082,0,0
24.09000000,57.52664415,56.91397242,57.08709528,56.93076349,0,0
24.10000000,57.47219884,56.94382982,57.05318139,56.91870314,0,0
24.11000000,57.48900606,57.05339764,57.06976007,56.91527040,0,0
24.12000000,57.50916817,57.05916587,57.08134722,56.88596760,0,0
24.13000000,57.51918147,56.96736778,57.12212334,56.90931666,0,0
24.14000000,57.46870379,56.91174610,57.17174619,56.92032440,0,0
24.15000000,57.50461149,56.91218393,57.18143064,56.93470051,0,0
24.16000000,57.45294262,56.99784133,57.08616890,56.97781761,0,0
24.17000000,57.49018652,57.05741235,57.03106659,56.94651010,0,0
24.18000000,57.52508289,56.93590081,57.08104926,56.91965887,0,0
24.19000000,57.47778247,56.89707741,57.26281407,56.95894216,0,0
24.20000000,57.54397271,56.93134594,57.26818729,56.86667419,0,0
24.21000000,57.48238104,56.97166517,57.24277959,56.82372634,0,0
24.22000000,57.48081164,56.95630001,57.19055085,56.87008825,0,0
24.23000000,57.49389418,56.97358359,57.10818740,56.93716072,0,0
24.24000000,57.47579682,56.98536787,57.10824954,56.98301104,0,0
24.25000000,57.52100627,57.00622624,57.24480977,56.98920085,0,0
24.26000000,57.47872592,56.93634930,57.25228749,57.00891970,0,0
24.27000000,57.53098681,57.03845196,57.14339204,56.93003160,0,0
24.28000000,57.52877659,57.05564165,57.12976592,56.89971398,0,0
24.29000000,57.57625458,57.02924956,57.15786644,56.90959669,0,0
24.30000000,57.47751069,56.97689507,57.20894368,56.93527212,0,0
24.31000000,57.51554821,56.98107108,57.13249900,56.90907800,0,0
24.32000000,57.49528041,56.95541452,57.17608798,56.94138932,0,0
24.33000000,57.49574816,56.98368500,57.10288927,56.94925751,0,0
24.34000000,57.58550428,57.05667864,57.05397327,56.97240424,0,0
24.35000000,57.55051245,57.08635059,57.12867467,56.99299558,0,0
24.36000000,57.50990428,57.06482062,57.11241317,56.92048018,0,0
24.37000000,57.47903228,56.99653470,57.17910706,56.98815325,0,0
24.38000000,57.41656791,57.00297239,57.07449824,57.04151064,0,0
24.39000000,57.51785168,56.95383460,57.12140678,56.88095327,0,0
24.40000000,57.53530765,57.01258179,57.13127383,56.95712675,0,0
24.41000000,57.48027445,57.01329981,57.11530126,56.92059975,0,0
24.42000000,57.43091683,57.05258756,57.12471077,56.88179554,0,0
24.43000000,57.37155379,57.02934537,57.09027870,56.74170117,0,0
24.44000000,57.50148378,57.03876384,57.11010085,56.83265064,0,0
24.45000000,57.56594702,57.01733558,57.12472051,56.97390024,0,0
24.46000000,57.57069505,56.92624508,57.11968878,57.01126874,0,0
24.47000000,57.34351465,56.94952138,57.20984238,57.01721853,0,0
24.48000000,57.42755776,56.96909173,57.13926508,57.08419308,0,0
24.49000000,57.40682378,57.03705302,57.14878204,56.96522598,0,0
24.50000000,57.60003789,57.08172781,57.03917810,56.82193699,0,0
24.51000000,57.51231844,56.90955284,57.11636398,56.86511295,0,0
24.52000000,57.33734819,56.95237300,57.22137021,56.86804764,0,0
24.53000000,57.51026159,56.94370003,57.20559963,56.96012069,0,0
24.54000000,57.32946885,57.07896990,57.25887030,56.95331114,0,0
24.55000000,57.61973516,57.06193676,57.14286103,56.96322621,0,0
24.56000000,57.52184952,56.97241024,57.11787308,56.97212168,0,0
24.57000000,57.47449596,57.00892910,57.19583555,56.95811889,0,0
24.58000000,57.47215459,57.01696647,57.21792662,56.95409791,0,0
24.59000000,57.48773752,57.07934307,57.13972299,56.98391688,0,0
24.60000000,57.47157574,57.01079822,57.10796444,57.00537707,0,0
24.61000000,57.49046309,56.96371170,57.10261788,57.00735329,0,0
24.62000000,57.50665264,56.91196971,57.15681233,57.02132011,0,0
24.63000000,57.51299017,56.99480556,57.23572469,57.01066370,0,0
24.64000000,57.51760765,57.07369651,57.12420900,56.97301600,0,0
24.65000000,57.43401336,57.07670338,57.15647592,56.90419808,0,0
24.66000000,57.50723296,57.06704079,57.09649589,56.86261091,0,0
24.67000000,57.53771086,56.99890410,57.12319083,56.96223498,0,0
24.68000000,57.52804589,57.03355135,57.14241367,56.94234262,0,0
24.69000000,57.51784969,56.99484874,57.07724670,56.97764292,0,0
24.70000000,57.48251856,57.02443611,57.10503492,57.01472793,0,0
24.71000000,57.49858518,57.04493176,57.07811248,56.95361402,0,0
24.72000000,57.54342571,57.05629130,57.15189049,56.93782822,0,0
24.73000000,57.42403155,56.94137165,57.12367175,56.86837987,0,0
24.74000000,57.42828044,56.94033624,57.15121488,56.88876293,0,0
24.75000000,57.44767924,57.00988108,57.12787625,56.91981374,0,0
24.76000000,57.46137091,57.08034023,57.20093994,56.96936364,0,0
24.77000000,57.49491174,57.04054534,57.14250886,56.97461035,0,0
24.78000000,57.41816621,56.95636184,57.07316535,57.01783917,0,0
24.79000000,57.45454998,56.93137446,57.11964997,56.99857418,0,0
24.80000000,57.48622862,56.97707143,57.12333156,56.96249859,0,0
24.81000000,57.44431800,56.99917193,57.09056153,56.90879520,0,0
24.82000000,57.46454738,57.00983530,57.07655219,56.90893875,0,0
24.83000000,57.42751255,56.93818125,57.09212247,56.86913596,0,0
24.84000000,57.47860589,56.93471490,57.11234230,56.91083080,0,0
24.85000000,57.47037272,56.95393513,57.11579104,56.95137861,0,0
24.86000000,57.42819658,56.97313816,57.08677398,56.98048891,0,0
24.87000000,57.37969236,57.00027905,57.16153738,56.99740961,0,0
24.88000000,57.41230725,56.95512133,57.18013757,56.95814065,0,0
24.89000000,57.44146104,56.97109983,57.19854755,56.95836419,0,0
24.90000000,57.41358886,56.94800998,57.18037148,56.99288409,0,0
24.91000000,57.41650329,56.94659984,57.17147955,56.97484867,0,0
24.92000000,57.37129803,56.93252964,57.21008718,57.02676153,0,0
24.93000000,57.47766727,56.93630714,57.16840593,57.08162343,0,0
24.94000000,57.46735801,56.95238454,57.15970508,57.03441831,0,0
24.95000000,57.44979512,57.00350825,57.16344599,57.00111912,0,0
24.96000000,57.43731410,57.01791550,57.18314306,56.92010964,0,0
24.97000000,57.45041286,57.00171997,57.11621069,56.87632869,0,0
24.98000000,57.41007245,56.95072000,57.04067164,56.85999743,0,0
24.99000000,57.47082659,56.98123894,57.06292207,56.91905950,0,0
25.00000000,57.46926923,57.01227136,57.06032319,56.92722512,0,0
25.01000000,57.50898460,57.02208355,57.09308676,56.98880592,0,0
25.02000000,57.45793751,57.03188670,57.12404620,56.98405664,0,0
25.03000000,57.48883170,56.99716242,57.11908038,56.94526917,0,0
25.04000000,57.50700749,56.95506447,57.12360686,56.92978374,0,0
25.05000000,57.43733975,56.97976756,57.13202809,56.91379574,0,0
25.06000000,57.47072471,57.00869361,57.15219893,56.91327217,0,0
25.07000000,57.40716807,57.07871046,57.11929008,56.97251474,0,0
25.08000000,57.57161697,57.08089144,57.13606431,56.93478014,0,0
25.09000000,57.47264866,56.93642258,57.07574462,56.90788431,0,0
25.10000000,57.54603538,56.99076434,57.08985956,56.91560959,0,0
25.11000000,57.46620886,56.98814374,57.04997256,56.84504572,0,0
25.12000000,57.51637910,57.06161498,57.08752626,56.89401770,0,0
25.13000000,57.59059447,57.04420487,57.11670078,56.88962086,0,0
25.14000000,57.52574272,56.98405049,57.16533810,56.90905770,0,0
25.15000000,57.59868917,56.96754165,56.99843464,56.87825394,0,0
25.16000000,57.55810050,56.93841217,57.05016555,56.88892560,0,0
25.17000000,57.51065101,57.00983025,56.98950149,56.90454558,0,0
25.18000000,57.46734831,57.00917847,57.19359870,56.86761082,0,0
25.19000000,57.47420990,56.95573610,57.10824615,56.79165400,0,0
25.20000000,57.42753503,56.95213437,57.13549339,56.88367930,0,0
25.21000000,57.55777069,56.96634808,57.17805268,56.81311270,0,0
25.22000000,57.54292320,57.01164363,57.07131564,56.90375301,0,0
25.23000000,57.51145420,56.90761675,57.14899492,57.00011127,0,0
25.24000000,57.52511284,56.92839484,57.13356439,56.96889454,0,0
25.25000000,57.49599928,56.90997533,57.19748909,57.04974977,0,0
25.26000000,57.59312151,56.97336266,57.12436636,56.92378895,0,0
25.27000000,57.49139733,56.96150929,57.09657026,56.82177916,0,0
25.28000000,57.49016630,56.93097993,57.15171036,56.86372210,0,0
25.29000000,57.52796254,56.94114744,57.12329734,56.86396098,0,0
25.30000000,57.52987835,56.93630012,57.19957825,56.91746107,0,0
25.31000000,57.53079085,56.95786774,57.12801424,56.92305365,0,0
25.32000000,57.50425866,56.95079398,57.20765640,56.92009134,0,0
25.33000000,57.47965747,57.00608124,57.17653347,56.93456543,0,0
25.34000000,57.54118786,56.91096639,57.23866632,56.91623377,0,0
25.35000000,57.51737477,56.98515678,57.26066047,56.89884576,0,0
25.36000000,57.51227351,56.88759365,57.20045080,56.91974979,0,0
25.37000000,57.54357971,56.94816011,57.21616732,56.93141744,0,0
25.38000000,57.50452819,56.94451199,57.14230230,56.91524944,0,0
25.39000000,57.50818296,56.97811218,57.22086739,56.97173990,0,0
25.40000000,57.50066215,56.96259342,57.16273085,56.90802525,0,0
25.41000000,57.50144703,56.87932448,57.16967726,56.88832528,0,0
25.42000000,57.50932342,56.91133369,57.16038247,56.80735576,0,0
25.43000000,57.49532983,56.91610492,57.14962788,56.82884019,0,0
25.44000000,57.47223042,56.95450447,57.16059637,56.88044714,0,0
25.45000000,57.47148625,56.97674613,57.17032431,56.90206781,0,0
25.46000000,57.48462325,56.90543453,57.15703556,56.95472335,0,0
25.47000000,57.50267075,56.86590989,57.16734488,56.93482336,0,0
25.48000000,57.52830369,56.97427155,57.14525445,56.93594364,0,0
25.49000000,57.48864265,56.94173401,57.12002883,56.84040954,0,0
25.50000000,57.42162154,56.92573889,57.21411016,56.85715925,0,0
25.51000000,57.47904113,56.86414053,57.19377003,56.84164959,0,0
25.52000000,57.46713810,56.92323798,57.17383871,56.89776334,0,0
25.53000000,57.48275385,56.94612873,57.21640209,56.86133026,0,0
25.54000000,57.54870937,56.90234185,57.17523448,56.88740989,0,0
25.55000000,57.48194229,56.87243880,57.18012774,56.93845534,0,0
25.56000000,57.47104296,56.91863376,57.17494491,56.91026238,0,0
25.57000000,57.45822440,56.94921423,57.17211971,56.93419322,0,0
25.58000000,57.42126728,56.93386083,57.18702059,56.94738037,0,0
25.59000000,57.54116436,56.93548007,57.21586685,56.90849616,0,0
25.60000000,57.55438621,56.93224849,57.12658208,56.91575459,0,0
25.61000000,57.55045640,56.88519779,57.19508176,56.92296893,0,0
25.62000000,57.54777288,56.86166709,57.16946967,56.93068308,0,0
25.63000000,57.53732025,56.96930409,57.13243419,56.90055551,0,0
25.64000000,57.46387564,57.01692822,57.17576469,56.76763922,0,0
25.65000000,57.50334569,56.97163018,57.11097524,56.79182989,0,0
25.66000000,57.50415012,56.92067792,57.14393754,56.81749922,0,0
25.67000000,57.56294896,56.93459730,57.18585226,56.88198745,0,0
25.68000000,57.54674135,56.98367164,57.14112922,56.91886207,0,0
25.69000000,57.52037038,56.96137812,57.12739344,56.94847753,0,0
25.70000000,57.47672706,56.96154303,57.09292579,56.90935584,0,0
25.71000000,57.46234801,56.93402569,57.14853462,56.79075172,0,0
25.72000000,57.56401391,56.92171210,57.18827454,56.75538222,0,0
25.73000000,57.58195221,56.91650934,57.17468552,56.79466015,0,0
25.74000000,57.48952316,56.95586769,57.08057347,56.84123900,0,0
25.75000000,57.45608725,56.91607836,57.06693910,56.84665172,0,0
25.76000000,57.47732818,56.86370723,57.05671058,56.86311945,0,0
25.77000000,57.61337573,56.85951013,57.14795110,56.93942067,0,0
25.78000000,57.56251089,56.93618127,57.16792886,56.90718433,0,0
25.79000000,57.48029614,56.97885647,57.15806069,56.82884219,0,0
25.80000000,57.47240150,56.93394666,57.16628135,56.85209417,0,0
25.81000000,57.50609410,56.91722225,57.13651863,56.86055319,0,0
25.82000000,57.57588175,56.87339373,57.12943135,56.82124283,0,0
25.83000000,57.49256441,56.91708450,57.19525016,56.82522083,0,0
25.84000000,57.49277032,56.89434697,57.20107162,56.85782947,0,0
25.85000000,57.37527827,56.94732628,57.16611651,56.87029358,0,0
25.86000000,57.51180554,56.89689743,57.15273601,56.82586031,0,0
25.87000000,57.54425015,56.90120578,57.13190739,56.80451520,0,0
25.88000000,57.52190312,56.90268889,57.13602060,56.83715826,0,0
25.89000000,57.49921441,56.88634208,57.23963665,56.88671685,0,0
25.90000000,57.46328408,56.98929345,57.29130830,56.90249521,0,0
25.91000000,57.51445488,56.94067743,57.14188794,57.03702917,0,0
25.92000000,57.47193008,56.90574651,57.10373424,57.02361944,0,0
25.93000000,57.47450100,56.91989910,57.08096568,56.90675370,0,0
25.94000000,57.39240095,56.83645871,57.21940905,56.80495248,0,0
25.95000000,57.53831724,56.95370193,57.16788714,56.77839269,0,0
25.96000000,57.46405009,56.98943730,57.08904212,56.83070723,0,0
25.97000000,57.58635346,56.98602917,57.17275650,56.82566241,0,0
25.98000000,57.52013870,56.86546646,57.11752552,56.82843764,0,0
25.99000000,57.45158470,56.89765068,57.18398071,56.89687238,0,0
26.00000000,57.43244458,56.94662419,57.16567482,56.97557698,0,0
26.01000000,57.49792151,57.00747408,57.22954555,56.93029034,0,0
26.02000000,57.55699700,56.94593156,57.17555184,56.87313285,0,0
26.03000000,57.52541759,56.99542740,57.08582821,56.87793340,0,0
26.04000000,57.44077420,56.86569125,57.12103670,56.78432446,0,0
26.05000000,57.48076501,56.91477406,57.24148513,56.84533594,0,0
26.06000000,57.54316815,56.90430601,57.16823496,56.87818367,0,0
26.07000000,57.53213023,56.98782106,57.25013317,56.85715453,0,0
26.08000000,57.58033742,56.94354086,57.13150652,56.89305341,0,0
26.09000000,57.43166514,56.87845699,57.17343368,56.79673491,0,0
26.10000000,57.38689050,56.87835461,57.07073125,56.85672087,0,0
26.11000000,57.46298823,56.93785195,57.09392134,56.83297340,0,0
26.12000000,57.38207968,57.01848513,57.12492901,56.87083066,0,0
26.13000000,57.51285024,56.92933594,57.13773764,56.95548155,0,0
26.14000000,57.56056775,56.89545818,57.12186727,56.97480487,0,0
26.15000000,57.64211957,56.87677673,57.14376256,56.89841970,0,0
26.16000000,57.52987901,56.84815057,57.18941581,56.84394849,0,0
26.17000000,57.37389450,56.93084049,57.09886789,56.77687799,0,0
26.18000000,57.33802540,56.94731015,57.16044750,56.82488358,0,0
26.19000000,57.45482085,56.99687007,57.21738103,56.76955049,0,0
26.20000000,57.55854662,56.90283966,57.09548083,56.92837572,0,0
26.21000000,57.51859232,56.88248755,57.04365397,56.95098732,0,0
26.22000000,57.49690909,56.86978067,57.04702175,56.93419305,0,0
26.23000000,57.42409352,56.92208350,57.16990493,56.94828680,0,0
26.24000000,57.46541884,56.94961760,57.22421546,56.88872008,0,0
26.25000000,57.44466909,56.95000210,57.24511436,56.86514762,0,0
26.26000000,57.35619541,56.88019336,57.22581407,56.81036285,0,0
26.27000000,57.46599318,56.83123963,57.21694230,56.87190021,0,0
26.28000000,57.51175275,56.89795986,57.16083146,56.86180292,0,0
26.29000000,57.53353215,56.99412105,57.01905039,56.92210515,0,0
26.30000000,57.55690829,57.01161241,57.06709370,56.91448460,0,0
26.31000000,57.45322847,56.89435683,57.12712071,56.85585950,0,0
26.32000000,57.44407226,56.84414870,57.22122143,56.83924853,0,0
26.33000000,57.44856794,56.91282584,57.18603375,56.87759837,0,0
26.34000000,57.49039024,56.99843938,57.09997996,56.89595059,0,0
26.35000000,57.55740501,56.94809037,57.08103686,56.93050854,0,0
26.36000000,57.54996155,56.91609591,57.11824920,56.94433230,0,0
26.37000000,57.52029042,56.90033091,57.14544315,56.90358682,0,0
26.38000000,57.54354770,56.88345561,57.20604590,56.88891539,0,0
26.39000000,57.39514457,56.91401863,57.20361206,56.82019126,0,0
26.40000000,57.42029986,56.96827111,57.21730319,56.80236313,0,0
26.41000000,57.49307466,56.94877447,57.22415616,56.79369400,0,0
26.42000000,57.57187230,56.96050106,57.18085369,56.83251857,0,0
26.43000000,57.56580937,56.93567192,57.09481969,56.84855919,0,0
26.44000000,57.49960687,56.94986583,57.01805731,56.86235949,0,0
26.45000000,57.44732366,56.93226753,57.08042120,56.85929479,0,0
26.46000000,57.47293831,56.88717758,57.10420661,56.87675483,0,0
26.47000000,57.54194648,56.93066936,57.10220579,56.86175520,0,0
26.48000000,57.53528391,56.93130972,57.09419063,56.81433074,0,0
26.49000000,57.52525426,56.87850820,57.08619637,56.76107719,0,0
26.50000000,57.41192723,56.86993337,57.01569287,56.78430251,0,0
26.51000000,57.40534680,56.90766725,57.01706581,56.81286491,0,0
26.52000000,57.43612349,56.90470647,57.11048071,56.87271687,0,0
26.53000000,57.46877656,56.90909443,57.16310773,56.86458093,0,0
26.54000000,57.44875680,56.89763847,57.15087081,56.85449370,0,0
26.55000000,57.43920122,56.92604810,57.15576443,56.88935398,0,0
26.56000000,57.50136929,56.94981864,57.09216239,56.88900104,0,0
26.57000000,57.51283677,56.89826341,57.09525404,56.92692111,0,0
26.58000000,57.39917712,56.86397023,57.14451054,56.94463015,0,0
26.59000000,57.39316385,56.90193722,57.20675221,56.90895950,0,0
26.60000000,57.44659882,56.87988360,57.22808079,56.92916826,0,0
26.61000000,57.48360107,56.93010708,57.14829672,56.86690282,0,0
26.62000000,57.48096702,56.97214533,57.10825378,56.81814961,0,0
26.63000000,57.48709293,56.97387481,57.09600805,56.77619517,0,0
26.64000000,57.41912624,56.92722339,57.12426905,56.82609021,0,0
26.65000000,57.46729066,56.90154610,57.19174120,56.91028231,0,0
26.66000000,57.43649170,56.94276470,57.21545999,56.98690074,0,0
26.67000000,57.48796698,56.91214606,57.17595574,56.95156991,0,0
26.68000000,57.46466695,56.86831526,57.11525369,56.98332209,0,0
26.69000000,57.49435418,56.95156711,57.08986462,56.85791585,0,0
26.70000000,57.40125106,56.90222736,57.10267387,56.77811434,0,0
26.71000000,57.60597823,56.97462277,57.20060447,56.79604810,0,0
26.72000000,57.41378343,56.88047960,57.18843356,56.85776377,0,0
26.73000000,57.52420754,56.90837581,57.18928357,56.85950738,0,0
26.74000000,57.51693381,56.92669866,57.12057643,56.88470584,0,0
26.75000000,57.53799527,56.89641197,57.07742491,56.80298833,0,0
26.76000000,57.56051029,56.93745720,57.04358700,56.80784646,0,0
26.77000000,57.45675963,56.96150922,57.12737583,56.76972558,0,0
26.78000000,57.47498578,56.96112962,57.13327165,56.75358873,0,0
26.79000000,57.50831949,56.89945222,57.19328555,56.84058701,0,0
26.80000000,57.46043699,56.87553142,57.09638271,56.86967216,0,0
26.81000000,57.44651382,56.83484950,57.15199407,56.90912221,0,0
26.82000000,57.53248467,56.83977683,57.13945834,56.85332030,0,0
26.83000000,57.42997055,56.89330746,57.10741136,56.85629355,0,0
26.84000000,57.41192398,56.91254217,57.09258530,56.82681343,0,0
26.85000000,57.34907502,56.96192742,57.08814025,56.67471613,0,0
26.86000000,57.31370790,56.86919986,57.09948630,56.84327599,0,0
26.87000000,57.49369453,56.88267951,57.06843988,56.84155048,0,0
26.88000000,57.44898254,56.90025659,57.09503937,56.90546019,0,0
26.89000000,57.49183278,56.89698722,57.05421637,56.99960815,0,0
26.90000000,57.43848658,56.87265203,57.01499021,56.92289946,0,0
26.91000000,57.31855339,56.89269507,57.06402663,56.88709696,0,0
26.92000000,57.41576353,56.91071720,57.10346250,56.80131274,0,0
26.93000000,57.43880346,56.84772552,57.19588264,56.77968930,0,0
26.94000000,57.41112935,56.92383972,57.15504072,56.85204343,0,0
26.95000000,57.42822911,56.94979231,57.11182730,56.88453317,0,0
26.96000000,57.38007166,56.89394409,57.12059207,56.91398500,0,0
26.97000000,57.42932100,56.84651499,57.09191606,56.92208165,0,0
26.98000000,57.44640332,56.87768936,57.17232386,56.90312126,0,0
26.99000000,57.45688400,56.95981066,57.22688543,56.86553184,0,0
27.00000000,57.41598258,56.93553731,57.24731510,56.87406114,0,0
27.01000000,57.45584430,56.88361076,57.18835771,56.86404460,0,0
27.02000000,57.44654139,56.86768943,57.06405249,56.86660295,0,0
27.03000000,57.53047043,56.87292182,57.04738269,56.84573411,0,0
27.04000000,57.44595679,56.89948565,57.15486089,56.84105678,0,0
27.05000000,57.44064668,56.88369772,57.11884433,56.85869538,0,0
27.06000000,57.43156413,56.88704780,57.12375148,56.78583701,0,0
27.07000000,57.47981757,56.93844919,57.12781886,56.76174548,0,0
27.08000000,57.55290619,56.99584093,57.07157128,56.77373507,0,0
27.09000000,57.52602104,56.96101214,57.07168267,56.81671006,0,0
27.10000000,57.43926819,56.87464154,57.10953183,56.83280223,0,0
27.11000000,57.48631877,56.81306931,57.14417293,56.90361646,0,0
27.12000000,57.53562922,56.84663679,57.10139694,56.96840036,0,0
27.13000000,57.49111944,56.98142612,57.09228334,56.88516283,0,0
27.14000000,57.45606248,56.99779673,57.09779940,56.76229571,0,0
27.15000000,57.40758906,56.91241226,57.13604852,56.78208799,0,0
27.16000000,57.46692293,56.83687711,57.12461579,56.81501119,0,0
27.17000000,57.53930804,56.81535809,57.08606730,56.82687995,0,0
27.18000000,57.53548287,56.88436857,57.09483180,56.86225121,0,0
27.19000000,57.49375309,56.91979507,57.07904352,56.85387253,0,0
27.20000000,57.50917797,56.88787812,57.10370185,56.82972631,0,0
27.21000000,57.48043019,56.91693126,57.11261693,56.77531791,0,0
27.22000000,57.52510231,56.91106729,57.12512673,56.78625589,0,0
27.23000000,57.45598029,56.86717269,57.11038529,56.79279235,0,0
27.24000000,57.40005328,56.86906064,57.11218472,56.85649480,0,0
27.25000000,57.51828662,56.84956830,57.16423644,56.92374652,0,0
27.26000000,57.51770647,56.86229467,57.16255892,56.93560805,0,0
27.27000000,57.53805615,56.86550556,57.10896404,56.85537177,0,0
27.28000000,57.48689234,56.92566443,57.13923963,56.76475633,0,0
27.29000000,57.46211403,56.95388923,57.17840692,56.69942395,0,0
27.30000000,57.45556388,56.92137490,57.14670247,56.70742374,0,0
27.31000000,57.51018858,56.84109395,57.13702584,56.83620154,0,0
27.32000000,57.53971370,56.84874146,57.13513001,56.87509630,0,0
27.33000000,57.49203028,56.85539324,57.12562070,56.92244635,0,0
27.34000000,57.52826171,56.85078374,57.09992692,56.92622811,0,0
27.35000000,57.44772913,56.83072549,57.12630625,56.80362514,0,0
27.36000000,57.49448541,56.81448404,57.15711556,56.72258208,0,0
27.37000000,57.41202213,56.76067786,57.25789077,56.73238259,0,0
27.38000000,57.46591338,56.86525110,57.24530355,56.75253336,0,0
27.39000000,57.52143662,56.87176540,57.11670292,56.80622530,0,0
27.40000000,57.46839758,56.86343917,57.15493024,56.87107845,0,0
27.41000000,57.51712058,56.84410721,57.10632240,56.84823056,0,0
27.42000000,57.47091059,56.82104827,57.15313780,56.85481061,0,0
27.43000000,57.50793710,56.87349614,57.17439462,56.75870566,0,0
27.44000000,57.50951606,56.91406051,57.15956315,56.76932748,0,0
27.45000000,57.57690361,56.86875779,57.15766142,56.80782455,0,0
27.46000000,57.50823912,56.82806597,57.13689446,56.84710324,0,0
27.47000000,57.51222862,56.84986081,57.20384415,56.90885720,0,0
27.48000000,57.55404293,56.83875167,57.19381442,56.89877307,0,0
27.49000000,57.47553834,56.88740908,57.20550729,56.88295188,0,0
27.50000000,57.47974396,56.87456014,57.17257880,56.80286811,0,0
27.51000000,57.37849926,56.89705569,57.24309413,56.77929928,0,0
27.52000000,57.50530766,56.96927169,57.16776232,56.75246383,0,0
27.53000000,57.47613715,56.87742937,57.18670213,56.86684935,0,0
27.54000000,57.62605358,56.89125371,57.14367811,56.87174466,0,0
27.55000000,57.54241710,56.82914466,57.13098541,56.88313319,0,0
27.56000000,57.53549263,56.89303287,57.10681894,56.93464799,0,0
27.57000000,57.42298907,56.93261309,57.07853375,56.81121281,0,0
27.58000000,57.47720892,56.94248284,57.14837480,56.68376739,0,0
27.59000000,57.45967949,56.83596836,57.10822540,56.72617512,0,0
27.60000000,57.50400700,56.87779374,57.11564146,56.73144818,0,0
27.61000000,57.53664708,56.84072731,57.05009154,56.80302085,0,0
27.62000000,57.43925689,56.88869696,57.13907314,56.85875560,0,0
27.63000000,57.41154082,56.90069628,57.07757486,56.82207181,0,0
27.64000000,57.49638857,56.91885481,57.13285550,56.83051974,0,0
27.65000000,57.44868547,56.85459648,57.25502251,56.77483286,0,0
27.66000000,57.51410508,56.87398855,57.28554585,56.74911725,0,0
27.67000000,57.50180293,56.82820166,57.15032220,56.78687408,0,0
27.68000000,57.41268187,56.81758329,57.11155745,56.83250644,0,0
27.69000000,57.43555310,56.77882921,57.13049175,56.85088055,0,0
27.70000000,57.43834970,56.83200048,57.17342805,56.86046878,0,0
27.71000000,57.48780841,56.92259295,57.21620159,56.80481537,0,0
27.72000000,57.48187259,56.85874368,57.16753933,56.73218581,0,0
27.73000000,57.47411513,56.83482429,57.07439382,56.63527596,0,0
27.74000000,57.44844510,56.76538322,57.06077169,56.68448866,0,0
27.75000000,57.52940044,56.81938366,57.05657445,56.80349177,0,0
27.76000000,57.43819543,56.86770119,57.17113683,56.82357133,0,0
27.77000000,57.46636399,56.87114845,57.17240556,56.87548673,0,0
27.78000000,57.45623753,56.83753506,57.17854396,56.85728230,0,0
27.79000000,57.53128528,56.81891493,57.15211612,56.80571899,0,0
27.80000000,57.54600266,56.83285586,57.13898591,56.74839167,0,0
27.81000000,57.45555628,56.83483586,57.17961335,56.80593997,0,0
27.82000000,57.43327420,56.83876271,57.17672051,56.80170165,0,0
27.83000000,57.42144078,56.82013896,57.24454673,56.84981681,0,0
27.84000000,57.50959040,56.89038439,57.21696329,56.86286008,0,0
27.85000000,57.49720808,56.88815909,57.15337110,56.83282180,0,0
27.86000000,57.45571627,56.84578454,57.08053410,56.80431207,0,0
27.87000000,57.41980215,56.84722811,57.14579968,56.74508504,0,0
27.88000000,57.47852401,56.87088467,57.16380794,56.79077171,0,0
27.89000000,57.52778385,56.86441090,57.11940979,56.79789645,0,0
27.90000000,57.56622580,56.86372277,57.15802556,56.81534134,0,0
27.91000000,57.42420354,56.85226268,57.13900501,56.82336317,0,0
27.92000000,57.35102833,56.88478211,57.10600572,56.85542626,0,0
27.93000000,57.41924863,56.91134683,57.04996743,56.85656309,0,0
27.94000000,57.50667314,56.89255570,57.04093553,56.79382825,0,0
27.95000000,57.52446497,56.86614810,57.11776170,56.72097386,0,0
27.96000000,57.46732830,56.87729284,57.17283711,56.72035644,0,0
27.97000000,57.44668181,56.91888331,57.18483331,56.77221136,0,0
27.98000000,57.42462225,56.93126319,57.19709538,56.84773869,0,0
27.99000000,57.49504606,56.92358133,57.12445287,56.91626927,0,0
28.00000000,57.46514687,56.86179628,57.10516530,56.94209456,0,0
28.01000000,57.50097721,56.86597870,57.13020927,56.87967287,0,0
28.02000000,57.45248628,56.88219771,57.18749389,56.80234618,0,0
28.03000000,57.42016132,56.87659717,57.15796189,56.74462568,0,0
28.04000000,57.46358262,56.94467449,57.09099760,56.75397020,0,0
28.05000000,57.47408147,56.90380321,57.09642315,56.81253405,0,0
28.06000000,57.49885143,56.92054954,57.15216905,56.85724151,0,0
28.07000000,57.45851260,56.86855841,57.22832410,56.88444357,0,0
28.08000000,57.50096181,56.91273461,57.14810906,56.85039150,0,0
28.09000000,57.48272744,56.99239172,57.11237244,56.80696694,0,0
28.10000000,57.47808529,56.96548900,57.09977301,56.79358962,0,0
28.11000000,57.48173555,56.92379237,57.09993523,56.79474185,0,0
28.12000000,57.47086663,56.86874089,57.17033594,56.86254886,0,0
28.13000000,57.60479523,56.94753972,57.14223732,56.92572048,0,0
28.14000000,57.48479733,56.93797064,57.14614287,56.92999792,0,0
28.15000000,57.47481840,56.86708317,57.04124273,56.86715275,0,0
28.16000000,57.40355234,56.84061243,57.10153419,56.77650186,0,0
28.17000000,57.46433668,56.88169326,57.12595603,56.74299714,0,0
28.18000000,57.53735292,56.96956142,57.18305004,56.74522085,0,0
28.19000000,57.47524192,56.94432750,57.13616118,56.81789789,0,0
28.20000000,57.51179922,56.83240083,57.11620790,56.82847477,0,0
28.21000000,57.44436438,56.89087972,57.10167978,56.93433330,0,0
28.22000000,57.49107650,56.89355846,57.11546372,56.91746593,0,0
28.23000000,57.50162125,56.94982111,57.14947637,56.84781952,0,0
28.24000000,57.48698793,56.89887973,57.16371514,56.75091050,0,0
28.25000000,57.43519857,56.86806446,57.20761592,56.70720124,0,0
28.26000000,57.52995916,56.87940326,57.09753168,56.82045224,0,0
28.27000000,57.53573810,56.83368725,57.09824600,56.78967527,0,0
28.28000000,57.49168133,56.90650452,57.11911063,56.86616991,0,0
28.29000000,57.47960805,56.83855432,57.12181367,56.85552063,0,0
28.30000000,57.43286284,56.79433546,57.21416280,56.81820559,0,0
28.31000000,57.49166064,56.90232806,57.21071485,56.85548369,0,0
28.32000000,57.64012361,56.96224498,57.13480233,56.77708773,0,0
28.33000000,57.32590886,56.82716034,57.08333045,56.77699581,0,0
28.34000000,57.47880350,56.74010029,57.18510023,56.82304649,0,0
28.35000000,57.37416177,56.73335322,57.18206084,56.84725392,0,0
28.36000000,57.57095400,56.84673260,57.20121595,56.85174330,0,0
28.37000000,57.56385373,56.89341771,57.11322468,56.79842874,0,0
28.38000000,57.40999930,56.85450041,57.11491765,56.67820801,0,0
28.39000000,57.44443383,56.76507100,57.09467264,56.67631008,0,0
28.40000000,57.40031556,56.81115775,57.14401115,56.69090341,0,0
28.41000000,57.64017432,56.79071681,57.17845419,56.80347388,0,0
28.42000000,57.46913689,56.81668240,57.19297611,56.86060804,0,0
28.43000000,57.45918238,56.80695704,57.10193256,56.92913901,0,0
28.44000000,57.41813019,56.82557252,57.14468581,56.91152146,0,0
28.45000000,57.50307287,56.85348898,57.11395823,56.82935275,0,0
28.46000000,57.47664651,56.81986118,57.21545092,56.76396890,0,0
28.47000000,57.39876346,56.82578468,57.22420888,56.71060001,0,0
28.48000000,57.49933943,56.75176153,57.21706174,56.78414387,0,0
28.49000000,57.47126639,56.83796654,57.27635539,56.89947708,0,0
28.50000000,57.55800722,56.87943108,57.11572366,56.87619566,0,0
28.51000000,57.49029695,56.83705887,57.09092514,56.79655342,0,0
28.52000000,57.43696707,56.84202178,57.09946460,56.70019130,0,0
28.53000000,57.48955452,56.80834343,57.19639213,56.65024423,0,0
28.54000000,57.47406642,56.84770159,57.16256250,56.68241302,0,0
28.55000000,57.43086005,56.75294632,57.11089197,56.79454227,0,0
28.56000000,57.48705161,56.75773868,57.11660744,56.81561708,0,0
28.57000000,57.45991793,56.79679035,57.14416450,56.84797136,0,0
28.58000000,57.51074239,56.84875715,57.18226151,56.85239854,0,0
28.59000000,57.45851872,56.86969556,57.13728184,56.74837733,0,0
28.60000000,57.40635946,56.83981925,57.14931688,56.67125265,0,0
28.61000000,57.43995258,56.82315150,57.18150951,56.66318182,0,0
28.62000000,57.46536299,56.75787632,57.14197267,56.68163259,0,0
28.63000000,57.49576624,56.75974552,57.12127293,56.71475939,0,0
28.64000000,57.51415567,56.85036092,57.06243846,56.85031626,0,0
28.65000000,57.47555353,56.85669557,57.04937403,56.84837400,0,0
28.66000000,57.43794981,56.85020542,57.09298221,56.79879965,0,0
28.67000000,57.49566551,56.84769082,57.10664557,56.72059806,0,0
28.68000000,57.44281550,56.78616480,57.16639158,56.66852478,0,0
28.69000000,57.45698262,56.81283209,57.16962006,56.70884733,0,0
28.70000000,57.48597672,56.79733224,57.14139571,56.75370926,0,0
28.71000000,57.45782555,56.80225480,57.11348455,56.84256558,0,0
28.72000000,57.48711411,56.81577894,57.09252544,56.83608381,0,0
28.73000000,57.45126888,56.82899394,57.13362856,56.75354500,0,0
28.74000000,57.42729744,56.81966828,57.17068720,56.66233205,0,0
28.75000000,57.44937808,56.82882570,57.18423449,56.65773312,0,0
28.76000000,57.45674658,56.82979340,57.14855703,56.74684476,0,0
28.77000000,57.50877189,56.80740392,57.13258444,56.86395133,0,0
28.78000000,57.51706283,56.83623272,57.13462990,56.91040031,0,0
28.79000000,57.48783220,56.82620677,57.11776682,56.88911778,0,0
28.80000000,57.46844302,56.85591238,57.11367080,56.77238525,0,0
28.81000000,57.47668101,56.84487055,57.10623160,56.63248333,0,0
28.82000000,57.49144622,56.85710914,57.11380750,56.60072904,0,0
28.83000000,57.47885849,56.82260150,57.09123017,56.56809095,0,0
28.84000000,57.42626073,56.79680370,57.08908176,56.65683534,0,0
28.85000000,57.43351252,56.83239821,57.12221986,56.80802756,0,0
28.86000000,57.49614190,56.83589272,57.06161369,56.85531676,0,0
28.87000000,57.49204908,56.86000534,57.06029850,56.84856595,0,0
28.88000000,57.45926701,56.80098634,57.10912052,56.74509654,0,0
28.89000000,57.45626797,56.82560639,57.13152648,56.71719055,0,0
28.90000000,57.39613491,56.82668527,57.17955265,56.71569122,0,0
28.91000000,57.48923598,56.74750370,57.12089599,56.73816330,0,0
28.92000000,57.53045565,56.79999127,57.05743366,56.78357987,0,0
28.93000000,57.52312789,56.76658034,57.06224352,56.81785983,0,0
28.94000000,57.46281163,56.83836536,57.06399435,56.76368692,0,0
28.95000000,57.36732314,56.77100821,57.12013555,56.64197305,0,0
28.96000000,57.40156359,56.84312110,57.11699166,56.63427736,0,0
28.97000000,57.48789153,56.76817600,57.18920542,56.66445487,0,0
28.98000000,57.46937339,56.81339706,57.15420738,56.74712036,0,0
28.99000000,57.46903669,56.78539964,57.14173562,56.83361860,0,0
29.00000000,57.47989147,56.80919322,57.19176834,56.89309888,0,0
29.01000000,57.42295714,56.80747537,57.12903819,56.85970723,0,0
29.02000000,57.45374028,56.78761177,57.18984769,56.75530211,0,0
29.03000000,57.49727893,56.82087766,57.11061806,56.66797095,0,0
29.04000000,57.50088431,56.82679789,57.14815866,56.68591309,0,0
29.05000000,57.43423456,56.83257253,57.16809782,56.73324562,0,0
29.06000000,57.43020135,56.83130620,57.09278594,56.78159316,0,0
29.07000000,57.49883793,56.81225783,57.08977309,56.93569820,0,0
29.08000000,57.56609480,56.85919073,57.14242238,56.82416490,0,0
29.09000000,57.40262790,56.79644912,57.11516614,56.82920344,0,0
29.10000000,57.49573562,56.84513462,57.15296029,56.69357513,0,0
29.11000000,57.40450243,56.76121996,57.15154784,56.74721288,0,0
29.12000000,57.44361511,56.88914373,57.15753945,56.65650122,0,0
29.13000000,57.52689583,56.80741780,57.12982286,56.74239766,0,0
29.14000000,57.43971175,56.83404499,57.07028739,56.78713138,0,0
29.15000000,57.42244760,56.75489883,57.05110997,56.78824939,0,0
29.16000000,57.43539307,56.82349041,57.10368953,56.72970872,0,0
29.17000000,57.46343724,56.81654189,57.05857512,56.61962509,0,0
29.18000000,57.35548310,56.83936884,57.08342728,56.61610874,0,0
29.19000000,57.49454921,56.80698548,57.08085553,56.64017797,0,0
29.20000000,57.35776836,56.78188204,57.06861110,56.75480017,0,0
29.21000000,57.47976235,56.83015486,57.08720325,56.84868068,0,0
29.22000000,57.42097381,56.74663464,57.03167999,56.88206104,0,0
29.23000000,57.32576664,56.77192139,57.10266422,56.84929401,0,0
29.24000000,57.42258438,56.73227832,57.11276458,56.65493584,0,0
29.25000000,57.39951848,56.77351958,57.10320023,56.69848448,0,0
29.26000000,57.47127907,56.83039796,57.12059681,56.64694503,0,0
29.27000000,57.41404169,56.78412754,57.13472500,56.69194785,0,0
29.28000000,57.40475910,56.81551132,57.11639791,56.76568243,0,0
29.29000000,57.41021450,56.79482528,57.12620969,56.81625517,0,0
29.30000000,57.45012375,56.75222892,57.07568106,56.79347548,0,0
29.31000000,57.36585101,56.77301028,57.09960326,56.70621344,0,0
29.32000000,57.36200246,56.76462334,57.06102534,56.66725730,0,0
29.33000000,57.36498901,56.76508191,57.12372829,56.68131085,0,0
29.34000000,57.41959383,56.79460492,57.17364823,56.71202815,0,0
29.35000000,57.48594366,56.75045064,57.09485596,56.78594509,0,0
29.36000000,57.43991100,56.76402225,57.08598805,56.85338031,0,0
29.37000000,57.31207970,56.74648072,57.06873959,56.81559515,0,0
29.38000000,57.32432265,56.75595865,57.10804617,56.72094842,0,0
29.39000000,57.35743163,56.82037670,57.08089587,56.64626758,0,0
29.40000000,57.44703007,56.83027914,57.14715996,56.60641241,0,0
29.41000000,57.46576908,56.75676620,57.07628797,56.69201915,0,0
29.42000000,57.42248269,56.76677304,57.08808065,56.79501750,0,0
29.43000000,57.41342085,56.72615656,57.03442735,56.84865595,0,0
29.44000000,57.37192676,56.78990175,57.05358922,56.86037279,0,0
29.45000000,57.41417859,56.80376912,57.09827729,56.71520933,0,0
29.46000000,57.38924547,56.79778579,57.09393552,56.64731657,0,0
29.47000000,57.37021353,56.76633643,57.12890937,56.59556575,0,0
29.48000000,57.42498647,56.76718175,57.08857421,56.64892761,0,0
29.49000000,57.50831242,56.76275498,57.01602390,56.73455623,0,0
29.50000000,57.38309811,56.75071235,57.02673013,56.77615826,0,0
29.51000000,57.35992604,56.79253619,57.08954583,56.79801598,0,0
29.52000000,57.40569709,56.81828583,57.15111721,56.73710343,0,0
29.53000000,57.42193922,56.85498393,57.10879776,56.68933015,0,0
29.54000000,57.53004774,56.80657963,57.08806531,56.65436169,0,0
29.55000000,57.40986449,56.73715867,57.01770894,56.69098522,0,0
29.56000000,57.37511390,56.75068985,57.05594767,56.75844804,0,0
29.57000000,57.42315167,56.77239567,57.08188001,56.80318078,0,0
29.58000000,57.42765504,56.78373629,57.08478462,56.80262004,0,0
29.59000000,57.44108229,56.74545039,57.08134877,56.66343491,0,0
29.60000000,57.41835870,56.74836429,57.01880178,56.58684495,0,0
29.61000000,57.43221037,56.81313485,57.04437389,56.55928345,0,0
29.62000000,57.44771544,56.82713733,57.07467492,56.60806801,0,0
29.63000000,57.45601948,56.77863987,57.09814778,56.74503292,0,0
29.64000000,57.42813126,56.75575694,57.05820838,56.83575905,0,0
29.65000000,57.46758498,56.72313733,57.07608858,56.85457405,0,0
29.66000000,57.41326490,56.75259677,57.16734056,56.75474709,0,0
29.67000000,57.45606759,56.81989256,57.08293852,56.64358727,0,0
29.68000000,57.46962157,56.84096326,57.00820414,56.56425818,0,0
29.69000000,57.30028010,56.70676229,57.09049033,56.64932180,0,0
29.70000000,57.43141263,56.73578016,57.12225397,56.74679555,0,0
29.71000000,57.35531321,56.75945215,57.09646266,56.82673871,0,0
29.72000000,57.46977739,56.81577674,57.06761077,56.81724446,0,0
29.73000000,57.49060793,56.75172874,57.01711324,56.68824405,0,0
29.74000000,57.50621384,56.75990611,57.05094243,56.65225301,0,0
29.75000000,57.38581621,56.80363613,57.07513263,56.63073366,0,0
29.76000000,57.46078704,56.88197454,57.06225498,56.65268711,0,0
29.77000000,57.43119417,56.85038491,57.16130217,56.75420626,0,0
29.78000000,57.39473412,56.80724986,57.09956069,56.85862019,0,0
29.79000000,57.52530850,56.74652225,57.05116907,56.78397773,0,0
29.80000000,57.47965431,56.74774620,57.06996119,56.72358812,0,0
29.81000000,57.37652675,56.83519906,57.04781076,56.62939116,0,0
29.82000000,57.43488824,56.79076411,57.14477255,56.57226143,0,0
29.83000000,57.34583248,56.84865507,57.07983002,56.65166295,0,0
29.84000000,57.46391247,56.78355027,57.24859084,56.68741570,0,0
29.85000000,57.51326938,56.75809508,57.24167951,56.86634311,0,0
29.86000000,57.37426873,56.85093837,57.00094936,56.85937287,0,0
29.87000000,57.46823624,56.71775032,57.06332635,56.78491316,0,0
29.88000000,57.25076572,56.81201616,56.99681546,56.68714396,0,0
29.89000000,57.43919869,56.74148276,57.11326359,56.64469724,0,0
29.90000000,57.47843802,56.82033850,57.07542593,56.54173925,0,0
29.91000000,57.55721499,56.80479283,57.13624047,56.64137110,0,0
29.92000000,57.41931636,56.73950140,57.01096972,56.75083757,0,0
29.93000000,57.46203779,56.77050817,57.03470713,56.78093558,0,0
29.94000000,57.31839815,56.73306907,57.14247329,56.74517520,0,0
29.95000000,57.44942489,56.80305433,57.14764967,56.63935871,0,0
29.96000000,57.40433249,56.81039383,57.18552267,56.65281728,0,0
29.97000000,57.47809085,56.75630278,57.18077034,56.66235952,0,0
29.98000000,57.34808750,56.63714977,57.07729659,56.76452413,0,0
29.99000000,57.16317265,56.60929413,57.09376740,56.85451506,0,0
30.00000000,57.37303399,56.77078634,57.12420910,56.87525771,0,0
30.01000000,57.51031194,56.90970402,57.15804631,56.77998617,0,0
30.02000000,57.63498084,56.86993785,57.21957103,56.61936391,0,0
30.03000000,57.45900133,56.69981950,57.16289402,56.66435499,0,0
30.04000000,57.37774887,56.69330407,57.09280022,56.66243939,0,0
30.05000000,57.40167761,56.74762739,57.02208851,56.71339802,0,0
30.06000000,57.51149853,56.90405055,57.05187069,56.81208814,0,0
30.07000000,57.53462553,56.88454925,57.06645508,56.79647265,0,0
30.08000000,57.54976695,56.81946204,57.10145556,56.76222384,0,0
30.09000000,57.57285029,56.81075401,57.07831083,56.65800922,0,0
30.10000000,57.50882471,56.80365202,57.18833718,56.66540028,0,0
30.11000000,57.54145567,56.84055105,57.11976784,56.70214879,0,0
30.12000000,57.40544878,56.76990667,57.23900123,56.74114008,0,0
30.13000000,57.39641128,56.76608910,57.30116901,56.86860010,0,0
30.14000000,57.45027045,56.84259610,57.32831361,56.82687391,0,0
30.15000000,57.58385744,56.81467768,57.11589601,56.70013126,0,0
30.16000000,57.56379754,56.81274324,56.86401419,56.53309893,0,0
30.17000000,57.50911808,56.77290827,57.02500034,56.50534532,0,0
30.18000000,57.48648762,56.85740584,57.08108139,56.60743347,0,0
30.19000000,57.43832259,56.86240914,57.18375946,56.70999074,0,0
30.20000000,57.45494382,56.75709546,57.05030667,56.77333300,0,0
30.21000000,57.45112746,56.68107662,56.90263101,56.77162818,0,0
30.22000000,57.42794997,56.65757690,56.92216875,56.67050953,0,0
30.23000000,57.36203264,56.70352081,56.89975941,56.52003187,0,0
30.24000000,57.34242802,56.74546396,57.05853094,56.52500963,0,0
30.25000000,57.38879466,56.72007976,57.14750770,56.59521916,0,0
30.26000000,57.39018595,56.68417888,57.14495622,56.68870100,0,0
30.27000000,57.38456628,56.65377558,57.12036443,56.75546636,0,0
30.28000000,57.34579955,56.69049778,57.11534878,56.78799943,0,0
30.29000000,57.29435856,56.70110358,57.12092621,56.74561209,0,0
30.30000000,57.34406734,56.74150512,57.09921984,56.66667461,0,0
30.31000000,57.36521115,56.71493375,57.15313040,56.68163554,0,0
30.32000000,57.39177274,56.67092665,57.13194844,56.72202240,0,0
30.33000000,57.38021842,56.68770445,57.17517252,56.77158662,0,0
30.34000000,57.37977515,56.70856024,57.10817630,56.83332595,0,0
30.35000000,57.36282165,56.70304650,57.13064774,56.82444592,0,0
30.36000000,57.32390923,56.64940161,57.17974104,56.77262290,0,0
30.37000000,57.34761014,56.68269198,57.15399265,56.65715531,0,0
30.38000000,57.37401476,56.71860880,57.20205329,56.58558784,0,0
30.39000000,57.44022863,56.76025713,57.11251150,56.60410132,0,0
30.40000000,57.38752463,56.76109064,57.05861216,56.70347313,0,0
30.41000000,57.34699217,56.65576686,57.01166528,56.79905936,0,0
30.42000000,57.35718723,56.68036196,57.05292867,56.82811098,0,0
30.43000000,57.28311639,56.67451541,57.14812122,56.77030139,0,0
30.44000000,57.46022896,56.77040553,57.13554780,56.65776505,0,0
30.45000000,57.41152774,56.81121387,57.11935224,56.57655941,0,0
30.46000000,57.48351462,56.75369630,57.01804646,56.56629650,0,0
30.47000000,57.38373901,56.64117777,57.09091946,56.67309449,0,0
30.48000000,57.40733259,56.68545560,57.08184593,56.75668425,0,0
30.49000000,57.43298511,56.71400309,57.08042993,56.73445969,0,0
30.50000000,57.42350313,56.81324271,57.11890339,56.65692010,0,0
30.51000000,57.35881681,56.76506923,57.06492658,56.57272837,0,0
30.52000000,57.43033131,56.71980489,57.07311540,56.55528554,0,0
30.53000000,57.45589168,56.69762165,57.04415492,56.60131075,0,0
30.54000000,57.43667569,56.66141289,57.08253213,56.65899803,0,0
30.55000000,57.44442713,56.69945493,57.12341074,56.82360642,0,0
30.56000000,57.40122440,56.72952671,57.11297583,56.73261853,0,0
30.57000000,57.38298170,56.75462738,57.14944024,56.68760735,0,0
30.58000000,57.51932975,56.77164751,57.02988879,56.56629283,0,0
30.59000000,57.52349552,56.76990209,57.08854997,56.49730425,0,0
30.60000000,57.56689162,56.75334384,56.94563705,56.53168590,0,0
30.61000000,57.45382116,56.79132236,57.07657763,56.61115390,0,0
30.62000000,57.36754068,56.77747042,57.03969958,56.76325506,0,0
30.63000000,57.45045888,56.78211097,57.09117153,56.85689294,0,0
30.64000000,57.49218715,56.71845450,57.03581357,56.70055000,0,0
30.65000000,57.37890534,56.61979873,57.03965755,56.59068480,0,0
30.66000000,57.39811808,56.77576904,57.06969660,56.51807822,0,0
30.67000000,57.44018843,56.70990044,57.03921362,56.52259680,0,0
30.68000000,57.43511411,56.81278691,57.01013699,56.67393202,0,0
30.69000000,57.45836384,56.67922822,57.11520049,56.76592844,0,0
30.70000000,57.43942970,56.72168299,57.07863909,56.80699262,0,0
30.71000000,57.42908814,56.75686911,57.13758905,56.71963261,0,0
30.72000000,57.49502844,56.81706248,57.11086684,56.55429056,0,0
30.73000000,57.45733182,56.81820483,56.98733624,56.55580942,0,0
30.74000000,57.51361160,56.74249751,56.99236430,56.56764808,0,0
30.75000000,57.37544648,56.68703347,57.04013997,56.64307001,0,0
30.76000000,57.44675621,56.70922665,57.14971067,56.77977245,0,0
30.77000000,57.42592154,56.72749999,57.13124991,56.76035445,0,0
30.78000000,57.38683062,56.71075969,57.13791151,56.67655564,0,0
30.79000000,57.39709716,56.72869396,57.15908611,56.63272077,0,0
30.80000000,57.43130723,56.73765316,57.14467090,56.54597459,0,0
30.81000000,57.44214210,56.79694906,57.14565617,56.62891261,0,0
30.82000000,57.46682315,56.68205739,57.08733833,56.60762590,0,0
30.83000000,57.43891528,56.75617046,57.01900593,56.73099507,0,0
30.84000000,57.39806493,56.73276770,57.08229488,56.74812062,0,0
30.85000000,57.41429358,56.78736679,57.07090338,56.74053107,0,0
30.86000000,57.34699974,56.76606053,57.10011262,56.62059557,0,0
30.87000000,57.42820963,56.72443738,57.13283368,56.56406792,0,0
30.88000000,57.45346191,56.74417228,57.09311106,56.60923673,0,0
30.89000000,57.47907563,56.70483757,57.07838492,56.64952795,0,0
30.90000000,57.39564611,56.67668722,57.08946484,56.74845349,0,0
30.91000000,57.42490958,56.70480199,57.10573166,56.78186301,0,0
30.92000000,57.37266301,56.76954134,57.11924660,56.71137778,0,0
30.93000000,57.45799472,56.77836915,57.11112072,56.58424774,0,0
30.94000000,57.41650026,56.76961143,57.13159099,56.53265241,0,0
30.95000000,57.45081447,56.72479261,57.04870966,56.53767048,0,0
30.96000000,57.47994286,56.76705577,57.05946423,56.71697552,0,0
30.97000000,57.37712874,56.73321596,57.07847242,56.81641292,0,0
30.98000000,57.40292750,56.70116471,57.15783371,56.84552707,0,0
30.99000000,57.36959056,56.74289137,57.22964246,56.79088897,0,0
31.00000000,57.44410768,56.76147371,57.15878587,56.61824856,0,0
31.01000000,57.42582162,56.77721747,57.14812039,56.58277794,0,0
31.02000000,57.41745080,56.70865737,57.07858309,56.57240968,0,0
31.03000000,57.37161433,56.67270427,57.04126111,56.64482894,0,0
31.04000000,57.41070890,56.72759574,57.04352884,56.74840803,0,0
31.05000000,57.47469372,56.79192378,57.04455850,56.75505976,0,0
31.06000000,57.40877902,56.76179881,57.07153612,56.77152386,0,0
31.07000000,57.44042620,56.76207247,57.02878068,56.62371523,0,0
31.08000000,57.35413638,56.73809217,57.07229635,56.57781623,0,0
31.09000000,57.42046034,56.73149593,57.06740640,56.62174278,0,0
31.10000000,57.45859818,56.74737225,57.11112357,56.66669814,0,0
31.11000000,57.39409478,56.68068210,57.08979575,56.76469494,0,0
31.12000000,57.38364713,56.62926873,57.06951083,56.76099116,0,0
31.13000000,57.33849024,56.66064637,57.11923462,56.74730718,0,0
31.14000000,57.44183086,56.74166416,57.06431881,56.63304943,0,0
31.15000000,57.42567450,56.77575682,57.08315951,56.52830100,0,0
31.16000000,57.41896447,56.70997501,57.07914069,56.50481524,0,0
31.17000000,57.37193886,56.73026509,57.10902357,56.63058082,0,0
31.18000000,57.41085791,56.73450179,57.11651858,56.75620883,0,0
31.19000000,57.39413458,56.72158735,57.07165813,56.79041033,0,0
31.20000000,57.38341037,56.71597365,57.08520456,56.77328839,0,0
31.21000000,57.48467894,56.66729025,57.07299554,56.60284016,0,0
31.22000000,57.42640978,56.73393370,57.09627588,56.53906978,0,0
31.23000000,57.44912092,56.71061426,57.09444871,56.54076215,0,0
31.24000000,57.35258340,56.69933256,57.06455498,56.57574667,0,0
31.25000000,57.41427251,56.71280740,57.07915891,56.76033996,0,0
31.26000000,57.48192471,56.66788016,57.03817406,56.75827882,0,0
31.27000000,57.45290743,56.70013398,57.13384009,56.75889352,0,0
31.28000000,57.42191453,56.71721588,57.06992170,56.61836477,0,0
31.29000000,57.38414802,56.73291410,57.06072287,56.59403839,0,0
31.30000000,57.39938551,56.78750177,57.05158741,56.57770829,0,0
31.31000000,57.49674371,56.74257770,57.15667424,56.61955531,0,0
31.32000000,57.47848413,56.69135939,57.15673794,56.69189550,0,0
31.33000000,57.36337023,56.64378844,57.08796648,56.74733677,0,0
31.34000000,57.35263097,56.68379989,57.05177065,56.70934464,0,0
31.35000000,57.37280503,56.74311152,57.06002221,56.65556193,0,0
31.36000000,57.41876112,56.78507264,57.00350962,56.59323249,0,0
31.37000000,57.52454788,56.73727868,57.00874632,56.57134026,0,0
31.38000000,57.37829917,56.76962318,57.08316121,56.58744845,0,0
31.39000000,57.37374563,56.74315532,57.09028395,56.64850206,0,0
31.40000000,57.38624844,56.77096206,57.00837783,56.78682563,0,0
31.41000000,57.47801884,56.76772094,56.93669577,56.79772350,0,0
31.42000000,57.35384742,56.65375222,57.07327645,56.68198051,0,0
31.43000000,57.32120965,56.64067415,57.08089020,56.68474429,0,0
31.44000000,57.37896266,56.75648549,57.08949538,56.54789661,0,0
31.45000000,57.39426726,56.67418061,57.04820642,56.59152559,0,0
31.46000000,57.39911246,56.78473263,56.99843764,56.62671151,0,0
31.47000000,57.36086981,56.69826559,57.03165142,56.70760284,0,0
31.48000000,57.37811356,56.71226264,57.11352548,56.76669384,0,0
31.49000000,57.17903457,56.71729286,57.17674869,56.62730153,0,0
31.50000000,57.38842385,56.75584601,57.09357700,56.56514179,0,0
31.51000000,57.40832807,56.69047567,57.05887333,56.59715194,0,0
31.52000000,57.33579179,56.70383652,57.02412038,56.59972487,0,0
31.53000000,57.34929857,56.65359780,57.07541610,56.72645347,0,0
31.54000000,57.33669184,56.70446151,57.15674163,56.77240234,0,0
31.55000000,57.36755959,56.75859966,57.00066870,56.78051409,0,0
31.56000000,57.44028971,56.73175179,57.07649906,56.72896088,0,0
31.57000000,57.37316752,56.73533698,57.02213072,56.61893493,0,0
31.58000000,57.35714078,56.65305083,57.14209002,56.62130374,0,0
31.59000000,57.31746141,56.68862542,57.00655995,56.66417181,0,0
31.60000000,57.25541148,56.78719807,57.09213997,56.61230467,0,0
31.61000000,57.33900960,56.70206736,57.03755066,56.78487506,0,0
31.62000000,57.35369306,56.72933008,57.02144202,56.74331078,0,0
31.63000000,57.36204748,56.68529828,57.01747354,56.67301976,0,0
31.64000000,57.35528857,56.74160738,57.05241528,56.60872662,0,0
31.65000000,57.34786444,56.77849279,57.12554453,56.63767875,0,0
31.66000000,57.34505895,56.74475633,56.97597130,56.61991870,0,0
31.67000000,57.36074620,56.68830378,57.05724825,56.68453458,0,0
31.68000000,57.35042210,56.68666791,57.00265269,56.76942586,0,0
31.69000000,57.37749734,56.76043814,56.94533048,56.77046036,0,0
31.70000000,57.32582478,56.80332926,56.92007796,56.69550527,0,0
31.71000000,57.33474217,56.81910104,56.95435398,56.52327582,0,0
31.72000000,57.37457282,56.74661997,57.00335277,56.54234226,0,0
31.73000000,57.40583410,56.70136839,57.07849307,56.61232340,0,0
31.74000000,57.39751605,56.70312402,57.05712905,56.70912884,0,0
31.75000000,57.34887661,56.78142207,57.10296284,56.81060768,0,0
31.76000000,57.36161852,56.73750226,57.01070502,56.79779398,0,0
31.77000000,57.32507871,56.72952149,56.99923624,56.74927740,0,0
31.78000000,57.37139482,56.68718654,57.00899794,56.55493930,0,0
31.79000000,57.41262671,56.70245839,57.05686830,56.53798340,0,0
31.80000000,57.42995403,56.72691974,57.02567604,56.54237978,0,0
31.81000000,57.37590665,56.70321147,57.01836362,56.58925554,0,0
31.82000000,57.35092724,56.70562759,57.05949977,56.68821066,0,0
31.83000000,57.41505335,56.73974448,57.05766104,56.73332020,0,0
31.84000000,57.37200557,56.75183208,57.07010452,56.73036919,0,0
31.85000000,57.37698608,56.76171991,57.05601163,56.61721702,0,0
31.86000000,57.38553049,56.74913253,57.05195683,56.58760395,0,0
31.87000000,57.41667698,56.74548016,57.02472064,56.60122552,0,0
31.88000000,57.39714006,56.69512101,57.00446615,56.66921340,0,0
31.89000000,57.40909010,56.68369615,57.04950897,56.73402002,0,0
31.90000000,57.38970891,56.70248966,57.02883139,56.77710167,0,0
31.91000000,57.39193415,56.72295320,57.03014406,56.76038291,0,0
31.92000000,57.42009235,56.78516771,57.02685569,56.63147578,0,0
31.93000000,57.39630675,56.73985387,57.00365940,56.58177465,0,0
31.94000000,57.43052790,56.74613769,56.99803444,56.52035765,0,0
31.95000000,57.37081013,56.71267673,56.96907456,56.63876824,0,0
31.96000000,57.39198586,56.80847585,57.02713186,56.75004862,0,0
31.97000000,57.40446484,56.77288451,57.04664421,56.79424705,0,0
31.98000000,57.33626390,56.71899420,57.04959931,56.80804707,0,0
31.99000000,57.32773220,56.71620920,57.03693047,56.67514542,0,0
32.00000000,57.42251457,56.71544736,57.04626956,56.56699049,0,0
32.01000000,57.46702085,56.78292229,57.05043650,56.54981405,0,0
32.02000000,57.43583108,56.77235646,57.01420076,56.62213894,0,0
32.03000000,57.35720731,56.71719326,57.01732457,56.67850677,0,0
32.04000000,57.24066565,56.78293387,57.06220952,56.75815725,0,0
32.05000000,57.37375496,56.76176408,57.01386160,56.76258747,0,0
32.06000000,57.41728119,56.80149911,57.04271006,56.70770007,0,0
32.07000000,57.37227194,56.73817431,57.00178798,56.60064734,0,0
32.08000000,57.40503191,56.62626366,57.08771450,56.59184728,0,0
32.09000000,57.29045026,56.68277809,57.04120587,56.67299653,0,0
32.10000000,57.36324310,56.71186037,57.05968235,56.65513741,0,0
32.11000000,57.26837023,56.75921545,57.05027464,56.72673376,0,0
32.12000000,57.35610793,56.74373782,57.04342589,56.75150521,0,0
32.13000000,57.32969557,56.66523959,56.99314884,56.67615265,0,0
32.14000000,57.34953708,56.74994123,57.04748257,56.62853022,0,0
32.15000000,57.37622859,56.76360655,56.99969619,56.55742655,0,0
32.16000000,57.39823964,56.72287093,56.90374276,56.56365666,0,0
32.17000000,57.30337155,56.65008814,57.01624398,56.65351958,0,0
32.18000000,57.29414130,56.70671544,57.10379444,56.67522971,0,0
32.19000000,57.33083856,56.73245632,57.08770587,56.80400839,0,0
32.20000000,57.36065775,56.74736421,57.10634423,56.73248242,0,0
32.21000000,57.34616336,56.70856253,57.00489137,56.67022724,0,0
32.22000000,57.31251664,56.64045041,56.98419046,56.62871302,0,0
32.23000000,57.35058706,56.67142511,57.06888028,56.60697146,0,0
32.24000000,57.44174780,56.74164655,57.03889867,56.77705918,0,0
32.25000000,57.38980916,56.88226428,57.12204028,56.71521006,0,0
32.26000000,57.33696503,56.65905214,57.00442712,56.75230138,0,0
32.27000000,57.38428868,56.66508351,57.06819480,56.74156598,0,0
32.28000000,57.34594059,56.66320128,57.03091054,56.59614358,0,0
32.29000000,57.40102033,56.84036346,57.02744570,56.65523058,0,0
32.30000000,57.37014262,56.78518933,57.10032917,56.58407501,0,0
32.31000000,57.35899897,56.66106414,56.99739529,56.65241243,0,0
32.32000000,57.42114533,56.66550365,57.09636851,56.79133198,0,0
32.33000000,57.49704804,56.75459649,57.06656258,56.76224610,0,0
32.34000000,57.40067320,56.79688559,57.04373268,56.72914384,0,0
32.35000000,57.37422188,56.81909125,57.05980318,56.62992065,0,0
32.36000000,57.32789293,56.74104396,57.02503764,56.54318792,0,0
32.37000000,57.43009068,56.72749995,57.05089601,56.52170300,0,0
32.38000000,57.48773563,56.70090807,56.94885054,56.56035335,0,0
32.39000000,57.39084584,56.73039834,56.92665643,56.64107573,0,0
32.40000000,57.32193175,56.72759462,56.91532205,56.74549770,0,0
32.41000000,57.33737644,56.71529738,57.01629097,56.73226737,0,0
32.42000000,57.39711069,56.73821044,57.05281007,56.78402141,0,0
32.43000000,57.37577098,56.77551312,57.04778712,56.63337604,0,0
32.44000000,57.33206100,56.67443766,57.01715299,56.55317762,0,0
32.45000000,57.32968231,56.65172562,56.95996672,56.55947440,0,0
32.46000000,57.38972408,56.68824016,56.95381775,56.64772578,0,0
32.47000000,57.36655597,56.74561870,56.95467788,56.73097029,0,0
32.48000000,57.34385332,56.73069890,57.01472109,56.67680684,0,0
32.49000000,57.31308287,56.69516911,57.02733119,56.63140414,0,0
32.50000000,57.29056777,56.69414440,56.98964392,56.60834775,0,0
32.51000000,57.35722604,56.74402377,57.00177524,56.62311805,0,0
32.52000000,57.34730185,56.67417968,57.01002957,56.65701370,0,0
32.53000000,57.30362902,56.64031536,57.02993700,56.71616156,0,0
32.54000000,57.31876990,56.68756458,57.06081226,56.76520145,0,0
32.55000000,57.36737809,56.73063693,57.06830678,56.77121683,0,0
32.56000000,57.35006879,56.76588282,57.03836024,56.72362337,0,0
32.57000000,57.35205580,56.73728360,57.00365251,56.61144236,0,0
32.58000000,57.26122122,56.69656180,57.03865072,56.60154697,0,0
32.59000000,57.34066156,56.67731894,57.10036723,56.58694770,0,0
32.60000000,57.38333904,56.69497152,57.04520412,56.63434205,0,0
32.61000000,57.38315681,56.73994206,57.01542105,56.73354218,0,0
32.62000000,57.36703466,56.74918650,56.98862660,56.76785422,0,0
32.63000000,57.30711862,56.73912107,56.99945003,56.72841037,0,0
32.64000000,57.35763677,56.74164267,57.05310837,56.65679834,0,0
32.65000000,57.36151138,56.72777089,57.02048495,56.59771936,0,0
32.66000000,57.35361837,56.68531451,57.03878593,56.56634446,0,0
32.67000000,57.32328115,56.62711236,57.01879871,56.58961883,0,0
32.68000000,57.38273992,56.68596187,56.95161536,56.64537543,0,0
32.69000000,57.36593221,56.74575077,56.96704214,56.70028401,0,0
32.70000000,57.40937367,56.74727431,56.98229479,56.66535323,0,0
32.71000000,57.39630872,56.68240674,56.99616922,56.60701842,0,0
32.72000000,57.28519214,56.66929869,57.00795213,56.59807975,0,0
32.73000000,57.35240767,56.70863122,57.02780976,56.61916311,0,0
32.74000000,57.38193413,56.73343035,57.03435304,56.64754037,0,0
32.75000000,57.37371084,56.74713982,57.01211650,56.68870525,0,0
32.76000000,57.34156141,56.71406121,57.01670780,56.70876910,0,0
32.77000000,57.38111725,56.69196870,57.02924113,56.68263921,0,0
32.78000000,57.42017590,56.73184213,57.07327980,56.67052009,0,0
32.79000000,57.39285511,56.74491858,57.01146825,56.58757771,0,0
32.80000000,57.33504131,56.76571643,57.00873902,56.55328722,0,0
32.81000000,57.31724146,56.72026913,57.03674854,56.56362491,0,0
32.82000000,57.42300073,56.71245207,56.98690429,56.60653439,0,0
32.83000000,57.44126054,56.73692202,56.93073902,56.71511036,0,0
32.84000000,57.46486984,56.71542527,56.93120050,56.73506359,0,0
32.85000000,57.28267519,56.71471587,56.97795239,56.74000544,0,0
32.86000000,57.36909671,56.73930438,57.08395788,56.66036508,0,0
32.87000000,57.37613902,56.79276898,57.07523974,56.64423515,0,0
32.88000000,57.50459892,56.76170091,57.10976664,56.56970533,0,0
32.89000000,57.33719858,56.68033959,57.04599274,56.59438944,0,0
32.90000000,57.31266683,56.62974938,56.97705322,56.67520025,0,0
32.91000000,57.18217347,56.66475627,57.08219047,56.71248637,0,0
32.92000000,57.38653718,56.74222539,57.01907685,56.73898982,0,0
32.93000000,57.43827443,56.78377635,57.01398980,56.66167228,0,0
32.94000000,57.32833481,56.76029867,56.95124714,56.53468993,0,0
32.95000000,57.40051910,56.71050696,57.03631391,56.58342295,0,0
32.96000000,57.27850099,56.69295233,57.01239994,56.65181256,0,0
32.97000000,57.38191342,56.70080765,57.07272808,56.72298591,0,0
32.98000000,57.31018188,56.73110571,57.01354375,56.80487920,0,0
32.99000000,57.39420389,56.63220260,56.99151535,56.72990838,0,0
33.00000000,57.19112175,56.64220139,56.97584686,56.70774000,0,0
33.01000000,57.45242327,56.71191508,56.96975446,56.56308038,0,0
33.02000000,57.24915855,56.78373743,56.89134722,56.54780537,0,0
33.03000000,57.41272247,56.75671773,57.04141097,56.53638704,0,0
33.04000000,57.28472781,56.59974690,57.02276912,56.61236168,0,0
33.05000000,57.30215171,56.62795587,57.12234556,56.72252454,0,0
33.06000000,57.32770375,56.70593297,57.07098334,56.83305347,0,0
33.07000000,57.38412277,56.66871048,57.12290425,56.80165020,0,0
33.08000000,57.27560835,56.67079052,57.03062955,56.69137563,0,0
33.09000000,57.34434877,56.64784520,57.07196830,56.59458596,0,0
33.10000000,57.33449963,56.76062953,57.08252019,56.54125795,0,0
33.11000000,57.41747677,56.70035449,57.01524478,56.56451620,0,0
33.12000000,57.42274487,56.73420018,57.00878185,56.63313638,0,0
33.13000000,57.35547273,56.70298602,56.97515966,56.71616579,0,0
33.14000000,57.37177422,56.69643955,57.00332926,56.72890625,0,0
33.15000000,57.32271645,56.72069667,57.02880163,56.67307709,0,0
33.16000000,57.35900194,56.75831930,57.08117360,56.57712134,0,0
33.17000000,57.42940553,56.76009055,56.97381495,56.56153562,0,0
33.18000000,57.30104267,56.70346142,57.02742283,56.60805147,0,0
33.19000000,57.35462814,56.69446605,57.01376653,56.66589151,0,0
33.20000000,57.35297940,56.70472546,56.99329917,56.76772693,0,0
33.21000000,57.39706145,56.69145439,56.97480386,56.72827025,0,0
33.22000000,57.42773767,56.69991062,56.99078479,56.65274942,0,0
33.23000000,57.33786801,56.68734106,56.94544609,56.57756197,0,0
33.24000000,57.29952421,56.74927784,57.00748876,56.50400856,0,0
33.25000000,57.32651731,56.75088614,57.02515009,56.54047721,0,0
33.26000000,57.33642867,56.72829900,56.94539879,56.57620905,0,0
33.27000000,57.34648836,56.65262823,56.94216735,56.70090681,0,0
33.28000000,57.35473652,56.66513418,56.93150715,56.73678676,0,0
33.29000000,57.30617967,56.65139194,56.99592896,56.74046488,0,0
33.30000000,57.30359747,56.72458725,57.00056733,56.65477350,0,0
33.31000000,57.28942670,56.73323650,57.01368222,56.59232893,0,0
33.32000000,57.28599366,56.63926089,56.99146502,56.56459465,0,0
33.33000000,57.33292326,56.65512369,57.00208338,56.57820800,0,0
33.34000000,57.29421537,56.69609123,56.98958171,56.63919643,0,0
33.35000000,57.25956928,56.61718192,56.93850638,56.71836506,0,0
33.36000000,57.22083726,56.59479539,56.92913392,56.70641982,0,0
33.37000000,57.32261309,56.62053300,56.98847273,56.65454122,0,0
33.38000000,57.37588622,56.72269783,57.03210620,56.60530457,0,0
33.39000000,57.35755170,56.73983051,57.07808874,56.60997783,0,0
33.40000000,57.27138811,56.62464183,57.08795905,56.63598929,0,0
33.41000000,57.22738657,56.58263704,57.05706048,56.67176057,0,0
33.42000000,57.32910169,56.62273460,57.03749722,56.73893303,0,0
33.43000000,57.34361507,56.70962187,57.01406764,56.74972698,0,0
33.44000000,57.43656945,56.74997901,57.01257683,56.65196287,0,0
33.45000000,57.36980373,56.70580586,57.00410234,56.53931239,0,0
33.46000000,57.36405969,56.65956601,57.01225923,56.52942562,0,0
33.47000000,57.37143224,56.65181833,57.03449603,56.50637029,0,0
33.48000000,57.32866465,56.68730896,56.96385051,56.57158823,0,0
33.49000000,57.27644241,56.73848391,56.98292282,56.66243898,0,0
33.50000000,57.32675104,56.68918387,57.00998566,56.67892804,0,0
33.51000000,57.39947922,56.64608367,56.99484750,56.73310441,0,0
33.52000000,57.45603222,56.65580320,56.99087770,56.65505545,0,0
33.53000000,57.41076144,56.67926536,56.95801244,56.54051305,0,0
33.54000000,57.30778685,56.72144166,57.04857948,56.58579416,0,0
33.55000000,57.35806568,56.73617929,57.06636132,56.63099187,0,0
33.56000000,57.41169902,56.71103034,57.06382457,56.67124788,0,0
33.57000000,57.41614736,56.69196903,57.01686881,56.64161687,0,0
33.58000000,57.41922870,56.69330785,56.94337762,56.59968567,0,0
33.59000000,57.41119606,56.74490460,56.87692303,56.54252800,0,0
33.60000000,57.35947448,56.83770441,56.88993140,56.47814030,0,0
33.61000000,57.43343862,56.78305614,56.94772585,56.56094845,0,0
33.62000000,57.40536194,56.68417534,57.05780217,56.64408155,0,0
33.63000000,57.42240200,56.60196749,57.09670020,56.65012606,0,0
33.64000000,57.34424851,56.69631228,57.04948901,56.73205150,0,0
33.65000000,57.35071141,56.74639388,56.99826026,56.68755461,0,0
33.66000000,57.33659371,56.75586435,56.93627102,56.63859109,0,0
33.67000000,57.32891450,56.73081840,56.90337394,56.55587442,0,0
33.68000000,57.35640648,56.66676771,57.02754442,56.52999705,0,0
33.69000000,57.40485451,56.70115315,57.08667568,56.52275931,0,0
33.70000000,57.30145288,56.63305018,56.96507345,56.60344980,0,0
33.71000000,57.30704750,56.67753686,56.94510346,56.58614863,0,0
33.72000000,57.33974151,56.70474966,56.97136614,56.70913186,0,0
33.73000000,57.34265154,56.71179461,57.06460696,56.70859723,0,0
33.74000000,57.32818780,56.69956739,57.00181880,56.58582666,0,0
33.75000000,57.36338736,56.65594481,57.01809901,56.56585503,0,0
33.76000000,57.24920256,56.66954835,57.02749525,56.55591698,0,0
33.77000000,57.37673696,56.59205249,56.94547085,56.54815471,0,0
33.78000000,57.29822414,56.63870447,56.96527843,56.63379654,0,0
33.79000000,57.29275159,56.73538438,57.08838550,56.73701468,0,0
33.80000000,57.33813665,56.68746858,57.10615115,56.69331424,0,0
33.81000000,57.22760627,56.61795306,57.07580769,56.63720419,0,0
33.82000000,57.39548553,56.64860108,57.03462095,56.59063346,0,0
33.83000000,57.49345180,56.62333827,57.00677672,56.59994772,0,0
33.84000000,57.25528269,56.73527732,57.09429480,56.64038727,0,0
33.85000000,57.33411662,56.68590182,57.06997867,56.68174020,0,0
33.86000000,57.29187299,56.70481945,57.10611170,56.75789463,0,0
33.87000000,57.38061349,56.69932587,57.06915079,56.74677335,0,0
33.88000000,57.47916135,56.63099208,57.01561983,56.61079623,0,0
33.89000000,57.31484557,56.65160763,56.97040189,56.57639861,0,0
33.90000000,57.33614527,56.74202530,57.01286635,56.55086842,0,0
33.91000000,57.36319116,56.72378293,57.05999153,56.56555526,0,0
33.92000000,57.39628928,56.71252898,57.04503770,56.55615741,0,0
33.93000000,57.39112039,56.67011234,57.03106515,56.62268715,0,0
33.94000000,57.40909191,56.67992222,57.01459965,56.72807466,0,0
33.95000000,57.31907608,56.72085917,57.04490102,56.70516853,0,0
33.96000000,57.38069380,56.71297065,56.99209352,56.69967490,0,0
33.97000000,57.35130328,56.76121056,57.02371894,56.68810882,0,0
33.98000000,57.35972948,56.69061159,57.01410492,56.59764775,0,0
33.99000000,57.43894674,56.63817187,56.98697458,56.57357718,0,0
34.00000000,57.34261988,56.66368602,57.10304668,56.58403705,0,0
34.01000000,57.39495408,56.67370275,56.97449120,56.63713374,0,0
34.02000000,57.37106955,56.70629608,56.99466758,56.66238100,0,0
34.03000000,57.31701038,56.77237152,57.00057694,56.63853468,0,0
34.04000000,57.40544859,56.74184247,57.00585642,56.55684976,0,0
34.05000000,57.38934846,56.71716330,57.00014476,56.56653268,0,0
34.06000000,57.32945719,56.65024579,57.05988238,56.55978128,0,0
34.07000000,57.30391550,56.59679999,57.03989574,56.64724445,0,0
34.08000000,57.31667530,56.63438518,57.07139236,56.69148525,0,0
34.09000000,57.33789037,56.69465954,57.02776874,56.71008167,0,0
34.10000000,57.40342116,56.72776732,56.98866447,56.68524865,0,0
34.11000000,57.35897018,56.67623415,57.02057564,56.56686975,0,0
34.12000000,57.36372720,56.66678205,57.02429842,56.56751691,0,0
34.13000000,57.33924296,56.67982061,57.05040065,56.58884163,0,0
34.14000000,57.35141002,56.70047880,57.02147281,56.62374944,0,0
34.15000000,57.32084454,56.69592489,57.02214298,56.70018654,0,0
34.16000000,57.34508634,56.70441287,57.01816162,56.74862869,0,0
34.17000000,57.36096517,56.71253720,57.04273856,56.72156210,0,0
34.18000000,57.38474271,56.73046153,57.04497180,56.66974879,0,0
34.19000000,57.39375770,56.69485394,57.04788559,56.58263217,0,0
34.20000000,57.38637583,56.71360611,57.05609769,56.60374488,0,0
34.21000000,57.37011275,56.66983721,57.07630363,56.61800208,0,0
34.22000000,57.37119100,56.66562291,57.08882788,56.66284627,0,0
34.23000000,57.41860613,56.71738803,57.08228849,56.68692937,0,0
34.24000000,57.36766340,56.75769401,57.02116291,56.65660303,0,0
34.25000000,57.38352907,56.76892264,56.99016371,56.62189985,0,0
34.26000000,57.41164960,56.79986166,57.01554231,56.56304321,0,0
34.27000000,57.41693377,56.72771537,57.02829037,56.57937130,0,0
34.28000000,57.40401670,56.72626023,57.08909379,56.62361322,0,0
34.29000000,57.44876286,56.66064413,57.10018194,56.65620772,0,0
34.30000000,57.44266416,56.70453584,57.07475644,56.68813255,0,0
34.31000000,57.36827476,56.79089065,57.08738507,56.71334247,0,0
34.32000000,57.41783683,56.79202526,57.02024216,56.64230198,0,0
34.33000000,57.34291776,56.75825220,56.98017782,56.60817560,0,0
34.34000000,57.39988588,56.77882973,57.05322885,56.56052457,0,0
34.35000000,57.47143931,56.69303094,57.04638106,56.59240141,0,0
34.36000000,57.39782225,56.73894973,57.00219823,56.64119680,0,0
34.37000000,57.43541977,56.70326966,56.97177228,56.60692918,0,0
34.38000000,57.34812651,56.77303881,56.99272433,56.69834092,0,0
34.39000000,57.35722286,56.75308349,57.02593212,56.69117723,0,0
34.40000000,57.36742689,56.67573376,57.04614844,56.62599596,0,0
34.41000000,57.39135868,56.66291331,57.01444682,56.61471003,0,0
34.42000000,57.43310572,56.70977343,57.02044519,56.61088443,0,0
34.43000000,57.36582886,56.74242034,56.98687100,56.57288233,0,0
34.44000000,57.25660081,56.71093319,56.94911842,56.64305538,0,0
34.45000000,57.32102740,56.72273637,56.98979912,56.66040933,0,0
34.46000000,57.30158694,56.68622446,57.08652414,56.69748046,0,0
34.47000000,57.35257382,56.73035597,57.02249452,56.68234453,0,0
34.48000000,57.37060148,56.73759207,57.01571371,56.60372588,0,0
34.49000000,57.34074320,56.74889256,56.98888860,56.65859336,0,0
34.50000000,57.30998923,56.72222568,57.09539711,56.63951858,0,0
34.51000000,57.37304507,56.67280114,57.00745003,56.76562481,0,0
34.52000000,57.31493943,56.71063243,57.09318194,56.74851005,0,0
34.53000000,57.37711457,56.74151526,57.05278630,56.79087104,0,0
34.54000000,57.32853205,56.73669025,57.06831228,56.74124620,0,0
34.55000000,57.25944319,56.75101678,57.04742327,56.68886356,0,0
34.56000000,57.36888216,56.70496004,57.03049087,56.62342039,0,0
34.57000000,57.32985794,56.70858218,57.08588216,56.62207195,0,0
34.58000000,57.39142879,56.80975740,57.00926795,56.61636119,0,0
34.59000000,57.39329359,56.71752125,57.01601995,56.63816787,0,0
34.60000000,57.31891698,56.77149261,57.03316350,56.74781391,0,0
34.61000000,57.34169624,56.67157536,57.07186687,56.73105073,0,0
34.62000000,57.31454563,56.74688308,57.03226701,56.75411928,0,0
34.63000000,57.36107629,56.77125315,57.00956385,56.65830524,0,0
34.64000000,57.40739240,56.75320364,56.97231566,56.63617072,0,0
34.65000000,57.36409739,56.75272928,56.98512408,56.63117727,0,0
34.66000000,57.36050142,56.68676986,56.98841109,56.68917114,0,0
34.67000000,57.35914659,56.72943392,57.02756091,56.69675495,0,0
34.68000000,57.32423492,56.75843595,57.01242646,56.73582448,0,0
34.69000000,57.36406489,56.75752303,56.99009672,56.70641565,0,0
34.70000000,57.33577010,56.78605595,56.98477653,56.65151770,0,0
34.71000000,57.31034085,56.69803637,56.97307193,56.59798001,0,0
34.72000000,57.34500320,56.74562579,57.02164404,56.63987020,0,0
34.73000000,57.35552494,56.68417838,56.99075954,56.66244680,0,0
34.74000000,57.33359003,56.68319181,56.98123941,56.68071189,0,0
34.75000000,57.29716817,56.68320828,57.00467545,56.77368119,0,0
34.76000000,57.28818730,56.70564600,57.02046630,56.72768233,0,0
34.77000000,57.27531385,56.73904825,56.97192669,56.70327957,0,0
34.78000000,57.33872835,56.75522739,57.01320578,56.60880524,0,0
34.79000000,57.32420262,56.69632300,56.96223665,56.60229032,0,0
34.80000000,57.35948737,56.68191856,56.96189823,56.61229043,0,0
34.81000000,57.32464530,56.61826154,57.00897595,56.65081182,0,0
34.82000000,57.32057840,56.75128393,57.03094279,56.73208607,0,0
34.83000000,57.29957242,56.71602447,57.04122128,56.79377348,0,0
34.84000000,57.29195173,56.70643564,57.01368905,56.73004725,0,0
34.85000000,57.31421755,56.66620245,57.02509601,56.69392615,0,0
34.86000000,57.37110812,56.69367810,57.01455445,56.64361881,0,0
34.87000000,57.32746503,56.70870840,57.02020479,56.63603548,0,0
34.88000000,57.31526078,56.69748247,56.96933348,56.63902854,0,0
34.89000000,57.30972988,56.70353689,57.04885043,56.66917069,0,0
34.90000000,57.34243416,56.69287815,57.02145378,56.71442640,0,0
34.91000000,57.40253545,56.68786823,57.00335639,56.67195555,0,0
34.92000000,57.39221965,56.71709024,56.99762735,56.61964472,0,0
34.93000000,57.37833536,56.72800158,56.95841133,56.55601862,0,0
34.94000000,57.34070987,56.69815745,56.98250970,56.58623183,0,0
34.95000000,57.35598609,56.67750577,57.01052415,56.63233927,0,0
34.96000000,57.37491742,56.65920916,57.00877710,56.69699165,0,0
34.97000000,57.45021306,56.68170543,57.05314244,56.71499359,0,0
34.98000000,57.41781455,56.69797055,57.04220514,56.71049480,0,0
34.99000000,57.35630585,56.71702018,57.01726970,56.64247755,0,0
35.00000000,57.37033932,56.75805195,57.08960024,56.58739507,0,0
35.01000000,57.39798593,56.75030316,57.06985148,56.54785250,0,0
35.02000000,57.46912630,56.76249971,57.05347190,56.52351260,0,0
35.03000000,57.52309191,56.71721764,57.02079367,56.57226881,0,0
35.04000000,57.45346909,56.74684181,57.00516899,56.64435642,0,0
35.05000000,57.37576449,56.75839974,57.02971646,56.73599154,0,0
35.06000000,57.45677569,56.72214157,56.99249554,56.71732576,0,0
35.07000000,57.40026918,56.74734210,57.04259282,56.68893050,0,0
35.08000000,57.45803733,56.74169603,57.07465494,56.61817361,0,0
35.09000000,57.40208009,56.72484720,57.01294708,56.55802443,0,0
35.10000000,57.35412843,56.71324793,57.02122325,56.60170450,0,0
35.11000000,57.37608602,56.70863966,57.01833198,56.64156413,0,0
35.12000000,57.32014140,56.68090481,56.98136876,56.63885615,0,0
35.13000000,57.46039011,56.70709615,56.97173081,56.67246491,0,0
35.14000000,57.37185910,56.74590107,56.99572395,56.63795492,0,0
35.15000000,57.47240172,56.80990881,56.98994808,56.57509291,0,0
35.16000000,57.38096025,56.77653335,57.01016073,56.59630093,0,0
35.17000000,57.39226380,56.71672989,56.95612887,56.65825363,0,0
35.18000000,57.36813038,56.60571650,56.94461709,56.63150710,0,0
35.19000000,57.44901403,56.69989961,57.04235284,56.70664719,0,0
35.20000000,57.41223055,56.75671712,57.06078453,56.72094759,0,0
35.21000000,57.33252820,56.77427355,57.06178036,56.66390635,0,0
35.22000000,57.32475549,56.70899944,57.00812656,56.66336527,0,0
35.23000000,57.25334893,56.68004307,57.11365370,56.57155384,0,0
35.24000000,57.41931159,56.71853581,57.10580782,56.62391296,0,0
35.25000000,57.35717901,56.65655007,57.12210782,56.64855004,0,0
35.26000000,57.40290977,56.64309452,57.12099591,56.73228155,0,0
35.27000000,57.34295005,56.67912922,57.18072429,56.80414001,0,0
35.28000000,57.35574158,56.72174479,57.09261186,56.81535396,0,0
35.29000000,57.38535968,56.74670214,56.98986747,56.72614902,0,0
35.30000000,57.39018719,56.74260998,57.09334900,56.62734505,0,0
35.31000000,57.32646260,56.74468793,56.98939032,56.54381833,0,0
35.32000000,57.31954080,56.66229028,57.05789818,56.57061143,0,0
35.33000000,57.47108726,56.71414792,57.02550903,56.62829943,0,0
35.34000000,57.41145146,56.66967326,57.06216936,56.67097199,0,0
35.35000000,57.41847153,56.71884540,56.89654333,56.66520402,0,0
35.36000000,57.36671044,56.72561314,57.00761024,56.63482477,0,0
35.37000000,57.28001840,56.65626123,57.11827427,56.63835831,0,0
35.38000000,57.39123288,56.73981086,57.13779214,56.64633512,0,0
35.39000000,57.39165033,56.71027673,57.10312396,56.66547570,0,0
35.40000000,57.46928951,56.71000048,57.04833836,56.68146805,0,0
35.41000000,57.42197302,56.74088482,57.09406888,56.75429692,0,0
35.42000000,57.36200872,56.73098184,56.97133652,56.72027893,0,0
35.43000000,57.39304364,56.69585973,57.09444121,56.68250064,0,0
35.44000000,57.45614571,56.65571703,57.09622772,56.66183906,0,0
35.45000000,57.40059326,56.69718139,57.06340748,56.54829208,0,0
35.46000000,57.41705860,56.77457445,57.08586971,56.61379400,0,0
35.47000000,57.40970212,56.73977956,57.00470449,56.58755524,0,0
35.48000000,57.38461354,56.74712066,57.05773887,56.67387514,0,0
35.49000000,57.44495512,56.71152471,56.96857697,56.68981423,0,0
35.50000000,57.43303859,56.69904042,57.04384430,56.71003055,0,0
35.51000000,57.44386685,56.73759443,57.09786865,56.73976837,0,0
35.52000000,57.42901147,56.76005070,57.09780662,56.65005908,0,0
35.53000000,57.37896255,56.77051696,57.04261017,56.63300467,0,0
35.54000000,57.40979885,56.72541252,57.00844406,56.60336495,0,0
35.55000000,57.41312015,56.69812420,56.97832547,56.60102548,0,0
35.56000000,57.42776137,56.68903962,57.01041223,56.61669687,0,0
35.57000000,57.37626232,56.72810736,57.02812371,56.65643537,0,0
35.58000000,57.37819536,56.74537046,57.01595393,56.65691661,0,0
35.59000000,57.31384029,56.72906015,57.03341832,56.68482515,0,0
35.60000000,57.36896362,56.70847321,57.06823389,56.62721346,0,0
35.61000000,57.39631856,56.71101190,57.06882779,56.64264290,0,0
35.62000000,57.41585844,56.70485076,57.09465883,56.61866249,0,0
35.63000000,57.40351070,56.73315987,57.05018201,56.70899167,0,0
35.64000000,57.33902977,56.70341603,57.06365833,56.72125694,0,0
35.65000000,57.40266378,56.67663130,57.03997902,56.70242800,0,0
35.66000000,57.38655068,56.66945960,57.06862990,56.69710422,0,0
35.67000000,57.37672488,56.70431934,57.07797596,56.62094318,0,0
35.68000000,57.38123623,56.74924709,57.04303477,56.58756591,0,0
35.69000000,57.43587129,56.76525035,57.04438146,56.57868085,0,0
35.70000000,57.43143626,56.73708606,57.06548832,56.63991858,0,0
35.71000000,57.45693448,56.69062468,57.09365083,56.70844543,0,0
35.72000000,57.39871570,56.65896023,57.09613769,56.73869569,0,0
35.73000000,57.38424125,56.70776790,57.12745772,56.75536346,0,0
35.74000000,57.40486747,56.75529256,57.13275605,56.70173709,0,0
35.75000000,57.39096051,56.73199479,57.10238672,56.60280262,0,0
35.76000000,57.47319200,56.74875772,57.07586795,56.60322189,0,0
35.77000000,57.49371720,56.74866899,57.07194837,56.61553640,0,0
35.78000000,57.36954742,56.73192092,57.11112203,56.68095929,0,0
35.79000000,57.36864231,56.73987890,57.06751533,56.70749062,0,0
35.80000000,57.39764685,56.71318400,57.03025416,56.71208333,0,0
35.81000000,57.44794014,56.78973323,57.05800158,56.69383609,0,0
35.82000000,57.52743118,56.79900223,57.07445701,56.63842244,0,0
35.83000000,57.44570171,56.76441739,57.04869909,56.58519545,0,0
35.84000000,57.44929314,56.76248051,56.99528362,56.60809364,0,0
35.85000000,57.39156815,56.71993143,57.01991453,56.68227342,0,0
35.86000000,57.41343456,56.76754359,57.02711728,56.73687693,0,0
35.87000000,57.44542810,56.74301817,57.04397197,56.74108131,0,0
35.88000000,57.39365993,56.73864534,57.07790798,56.72448571,0,0
35.89000000,57.37636182,56.73204549,57.10808913,56.66825153,0,0
35.90000000,57.45032440,56.75342055,57.04785715,56.55692363,0,0
35.91000000,57.45346613,56.73121709,57.04907994,56.56772040,0,0
35.92000000,57.47316761,56.77222110,57.08634416,56.60702011,0,0
35.93000000,57.42849981,56.68180563,57.10500142,56.62932003,0,0
35.94000000,57.35663948,56.68874093,57.27798847,56.78037511,0,0
35.95000000,57.46851148,56.77887230,57.01869609,56.73243061,0,0
35.96000000,57.43909770,56.79496595,57.05317231,56.70911725,0,0
35.97000000,57.33096545,56.76807800,57.04169183,56.65495107,0,0
35.98000000,57.41313235,56.65527303,56.99491834,56.56746131,0,0
35.99000000,57.39497470,56.67568222,57.08359662,56.65867378,0,0
36.00000000,57.48401902,56.77718975,57.13037482,56.68051720,0,0
36.01000000,57.41791902,56.76252387,57.08833065,56.71282973,0,0
36.02000000,57.35663188,56.75942976,57.08996031,56.74112742,0,0
36.03000000,57.40809822,56.69231709,57.11607372,56.71831637,0,0
36.04000000,57.47890377,56.75138424,57.23292040,56.76592323,0,0
36.05000000,57.45596281,56.77421008,57.10820055,56.70654332,0,0
36.06000000,57.40692444,56.76452892,57.02421510,56.69044134,0,0
36.07000000,57.36184546,56.77285532,57.05161126,56.72439356,0,0
36.08000000,57.35913132,56.64868236,57.08513941,56.72174758,0,0
36.09000000,57.47456864,56.66020657,57.06246479,56.70786750,0,0
36.10000000,57.34314705,56.72079902,57.15939240,56.71143438,0,0
36.11000000,57.46153617,56.82410841,57.03327627,56.61599270,0,0
36.12000000,57.42479454,56.82343861,57.12761759,56.60283686,0,0
36.13000000,57.50381265,56.74899680,57.04405406,56.59949541,0,0
36.14000000,57.34792738,56.61863258,57.02217376,56.61508592,0,0
36.15000000,57.39897815,56.66674924,57.15007271,56.68366947,0,0
36.16000000,57.40247153,56.69120859,57.05955443,56.72310349,0,0
36.17000000,57.46950147,56.81503926,57.12067326,56.78445233,0,0
36.18000000,57.42828305,56.72214687,57.07355381,56.75000529,0,0
36.19000000,57.41207928,56.72493344,57.07566332,56.72755858,0,0
36.20000000,57.32767927,56.65618738,57.16772650,56.59613357,0,0
36.21000000,57.43291595,56.71530678,57.11058427,56.58589429,0,0
36.22000000,57.42280077,56.77044420,57.10875528,56.64437418,0,0
36.23000000,57.52061337,56.67288384,57.04238413,56.67943276,0,0
36.24000000,57.43089622,56.69815770,57.08771084,56.69178666,0,0
36.25000000,57.46162023,56.70267422,57.07661701,56.66911847,0,0
36.26000000,57.41538809,56.83619404,57.15102243,56.63682844,0,0
36.27000000,57.42807599,56.79181913,57.05044033,56.64186196,0,0
36.28000000,57.45677849,56.75832823,57.09733075,56.65334698,0,0
36.29000000,57.42949139,56.68956223,57.13424742,56.70604720,0,0
36.30000000,57.46269932,56.72479702,57.11039090,56.76148195,0,0
36.31000000,57.54817321,56.77288658,57.09780739,56.70499499,0,0
36.32000000,57.38536868,56.71539284,57.10142613,56.71161458,0,0
36.33000000,57.42743479,56.70569223,57.06660808,56.66009968,0,0
36.34000000,57.38344150,56.71149997,57.11037712,56.67583339,0,0
36.35000000,57.45809215,56.78618223,57.10896633,56.59454218,0,0
36.36000000,57.47933149,56.76919507,57.09359000,56.59765483,0,0
36.37000000,57.39182170,56.70493630,57.08555812,56.61300624,0,0
36.38000000,57.40515250,56.69012539,57.05413685,56.67925413,0,0
36.39000000,57.42638620,56.71736170,57.07246064,56.70451969,0,0
36.40000000,57.43582666,56.75136253,57.10083492,56.72652996,0,0
36.41000000,57.43186670,56.77289601,57.09407784,56.69962904,0,0
36.42000000,57.39173098,56.74354316,57.06914553,56.63895863,0,0
36.43000000,57.35363042,56.69859710,57.10022493,56.60094175,0,0
36.44000000,57.41385848,56.72560096,57.04782455,56.62842756,0,0
36.45000000,57.45039992,56.71423317,57.02835299,56.67674329,0,0
36.46000000,57.39731602,56.76194735,57.04042334,56.67454265,0,0
36.47000000,57.38102531,56.70298295,57.10289296,56.71440862,0,0
36.48000000,57.37961065,56.73880835,57.18960050,56.76403905,0,0
36.49000000,57.48115122,56.75327101,57.14818224,56.75769275,0,0
36.50000000,57.44070787,56.73418245,57.10832340,56.66010152,0,0
36.51000000,57.38827863,56.73665104,57.08110843,56.66878714,0,0
36.52000000,57.35704258,56.71416936,57.10856538,56.65591907,0,0
36.53000000,57.44657396,56.72837329,57.15806005,56.63793782,0,0
36.54000000,57.45701572,56.74013862,57.15630309,56.64201767,0,0
36.55000000,57.42631594,56.74366674,57.11034059,56.70503913,0,0
36.56000000,57.39168623,56.73998301,57.11320852,56.73761522,0,0
36.57000000,57.39409071,56.74843858,57.12708841,56.67557536,0,0
36.58000000,57.47187446,56.74746132,57.13469990,56.63027268,0,0
36.59000000,57.52911514,56.77351718,57.12920568,56.63479763,0,0
36.60000000,57.45106324,56.76774139,57.01294360,56.63972295,0,0
36.61000000,57.40047748,56.73161859,57.03556698,56.62380584,0,0
36.62000000,57.38498242,56.66244856,57.05798010,56.67788288,0,0
36.63000000,57.41743778,56.70408554,57.03923062,56.69711043,0,0
36.64000000,57.46414257,56.77716096,57.08233218,56.68583199,0,0
36.65000000,57.37810875,56.81681134,57.06708572,56.62401086,0,0
36.66000000,57.37596717,56.79608541,57.17265460,56.65771503,0,0
36.67000000,57.39242710,56.70982561,57.06903984,56.65780261,0,0
36.68000000,57.45647960,56.68286923,57.03016666,56.65631447,0,0
36.69000000,57.43072854,56.69851252,57.07704361,56.69549305,0,0
36.70000000,57.43000304,56.75814359,57.10112969,56.73851897,0,0
36.71000000,57.37944051,56.81349747,57.10225824,56.77194281,0,0
36.72000000,57.46318466,56.79759030,57.06002693,56.73099862,0,0
36.73000000,57.36923194,56.74365930,57.05253765,56.63596357,0,0
36.74000000,57.45525070,56.74495362,56.98722957,56.66351398,0,0
36.75000000,57.34451232,56.75231111,56.99091456,56.68847959,0,0
36.76000000,57.32973351,56.72741748,57.09694287,56.71372946,0,0
36.77000000,57.43122085,56.77769264,57.08531711,56.75092960,0,0
36.78000000,57.44718709,56.76606936,57.01777241,56.76857829,0,0
36.79000000,57.47190964,56.77949778,57.06679214,56.69210628,0,0
36.80000000,57.42240566,56.76538374,57.10112410,56.51649971,0,0
36.81000000,57.37701334,56.74026137,57.11254795,56.65084699,0,0
36.82000000,57.43040503,56.76985782,57.10383575,56.69196586,0,0
36.83000000,57.42923905,56.80001970,57.06181915,56.79275845,0,0
36.84000000,57.45894311,56.81547010,57.13716407,56.78194580,0,0
36.85000000,57.47715134,56.83414758,57.06324193,56.80701733,0,0
36.86000000,57.49063326,56.74398845,57.05627720,56.70843002,0,0
36.87000000,57.37027091,56.72827552,57.16196579,56.65864119,0,0
36.88000000,57.46713706,56.75924032,57.15784882,56.58642371,0,0
36.89000000,57.44218970,56.82122164,57.14270254,56.64200041,0,0
36.90000000,57.52195083,56.83419862,57.08913346,56.70962422,0,0
36.91000000,57.48305102,56.78491539,57.14116603,56.70708136,0,0
36.92000000,57.48696007,56.78529706,57.15813678,56.80058673,0,0
36.93000000,57.50021290,56.87530740,57.05607629,56.77258286,0,0
36.94000000,57.51794797,56.82018338,57.09165020,56.73964190,0,0
36.95000000,57.43184309,56.80609639,57.07640912,56.71773850,0,0
36.96000000,57.48611786,56.82598899,57.09553423,56.68612543,0,0
36.97000000,57.52537001,56.83483288,57.17253628,56.69920426,0,0
36.98000000,57.49311467,56.85216195,57.08555735,56.73949126,0,0
36.99000000,57.46510532,56.80985892,57.12174492,56.69725749,0,0
37.00000000,57.39758343,56.78980856,56.98939517,56.78417517,0,0
37.01000000,57.42566591,56.79098071,57.08304131,56.77322393,0,0
37.02000000,57.45720677,56.81836003,57.22562915,56.75518435,0,0
37.03000000,57.43482149,56.84989883,57.18808156,56.72245200,0,0
37.04000000,57.40617751,56.83956220,57.10822544,56.77753034,0,0
37.05000000,57.47228754,56.79235066,57.06678610,56.76962761,0,0
37.06000000,57.37843344,56.82915492,57.09389128,56.78747802,0,0
37.07000000,57.43024066,56.82984073,57.03751509,56.81776141,0,0
37.08000000,57.32008560,56.78489253,57.07219661,56.78035323,0,0
37.09000000,57.34318425,56.77373418,57.07556566,56.73394458,0,0
37.10000000,57.42467071,56.83732280,57.05234703,56.70812700,0,0
37.11000000,57.41481168,56.88465765,57.02530577,56.71705218,0,0
37.12000000,57.38541091,56.79861039,57.05864186,56.70907521,0,0
37.13000000,57.32642334,56.77446826,57.11078115,56.74622938,0,0
37.14000000,57.33314577,56.80471063,57.19769950,56.81955415,0,0
37.15000000,57.40591605,56.86691320,57.15823347,56.88459743,0,0
37.16000000,57.42987683,56.87044176,57.13735688,56.90003193,0,0
37.17000000,57.35803668,56.82752557,57.12696429,56.84571058,0,0
37.18000000,57.39660895,56.83622762,57.10350064,56.77570491,0,0
37.19000000,57.35411373,56.87546558,57.09310801,56.76484698,0,0
37.20000000,57.36526544,56.86878428,57.10007444,56.75988507,0,0
37.21000000,57.35184988,56.83331445,57.04945478,56.80014126,0,0
37.22000000,57.39722496,56.79013878,57.07414995,56.83003026,0,0
37.23000000,57.39569020,56.81258310,57.05530135,56.84218711,0,0
37.24000000,57.41855940,56.87375409,57.07162585,56.83602592,0,0
37.25000000,57.38284344,56.89901808,57.08044255,56.76080577,0,0
37.26000000,57.40165431,56.89726960,57.07512322,56.76389538,0,0
37.27000000,57.43086917,56.82931523,57.08032620,56.77580352,0,0
37.28000000,57.44877958,56.81245312,57.08664393,56.84042805,0,0
37.29000000,57.47886044,56.86021380,57.08906741,56.85510610,0,0
37.30000000,57.42827681,56.90488121,57.06594609,56.85586176,0,0
37.31000000,57.41247507,56.90513640,57.09822480,56.83029892,0,0
37.32000000,57.41867923,56.86344980,57.09662638,56.79272326,0,0
37.33000000,57.45825035,56.84391379,57.10659404,56.70823161,0,0
37.34000000,57.47134913,56.86831843,57.09348289,56.72092006,0,0
37.35000000,57.45938794,56.86417411,57.12484813,56.71556469,0,0
37.36000000,57.41501356,56.88364468,57.11269264,56.81367354,0,0
37.37000000,57.44659846,56.90494176,57.07957656,56.89053965,0,0
37.38000000,57.44161281,56.91198797,57.06442212,56.89659181,0,0
37.39000000,57.42046961,56.89571769,57.07039125,56.87474777,0,0
37.40000000,57.42374249,56.90431692,57.09002435,56.79595532,0,0
37.41000000,57.42943800,56.87356327,57.05236048,56.75617939,0,0
37.42000000,57.38814904,56.88183023,57.02621516,56.77950215,0,0
37.43000000,57.50130817,56.87796619,57.01267105,56.80632846,0,0
37.44000000,57.42521756,56.86115347,56.98660830,56.81284541,0,0
37.45000000,57.45685222,56.82658809,57.05156073,56.78492324,0,0
37.46000000,57.43449000,56.84092233,57.07934222,56.77396628,0,0
37.47000000,57.43677723,56.88859624,57.12332504,56.81510079,0,0
37.48000000,57.51190355,56.90355487,57.07874363,56.78333255,0,0
37.49000000,57.42405161,56.89655690,57.07475156,56.80694715,0,0
37.50000000,57.47528988,56.84011586,57.10358267,56.76738878,0,0
37.51000000,57.44018890,56.81817192,57.12024028,56.82978627,0,0
37.52000000,57.44665862,56.76777572,57.14276481,56.80537323,0,0
37.53000000,57.38562046,56.85412354,57.16626957,56.80066908,0,0
37.54000000,57.46003120,56.89266879,57.11225714,56.81773453,0,0
37.55000000,57.44505099,56.85579292,57.14624104,56.77734616,0,0
37.56000000,57.52111786,56.80625518,57.16722414,56.71979840,0,0
37.57000000,57.47581936,56.84338973,57.13344708,56.78032799,0,0
37.58000000,57.43886510,56.86591288,57.14688613,56.79415427,0,0
37.59000000,57.46827438,56.89160418,57.11167248,56.87579803,0,0
37.60000000,57.47617676,56.84869778,57.14493633,56.91925801,0,0
37.61000000,57.47994694,56.74712020,57.06911530,56.88150264,0,0
37.62000000,57.52388115,56.80966070,57.05319352,56.86188378,0,0
37.63000000,57.42692688,56.82575848,57.10445492,56.71524587,0,0
37.64000000,57.47697757,56.90036566,57.10924049,56.70585977,0,0
37.65000000,57.46491013,56.84694261,57.15535465,56.68890352,0,0
37.66000000,57.49580927,56.79951078,57.10389873,56.80121942,0,0
37.67000000,57.52572246,56.77080472,57.15611964,56.81321956,0,0
37.68000000,57.60385016,56.80106742,57.16790780,56.83512446,0,0
37.69000000,57.48458527,56.89929377,57.20836813,56.79810304,0,0
37.70000000,57.54968575,56.87343619,57.09940824,56.78008907,0,0
37.71000000,57.44609773,56.85446580,57.19649200,56.75277986,0,0
37.72000000,57.50301953,56.79603028,57.17431376,56.79983866,0,0
37.73000000,57.58416305,56.81641057,57.20954951,56.81020094,0,0
37.74000000,57.48416081,56.84522418,57.19700212,56.78569761,0,0
37.75000000,57.53633113,56.82513648,57.19477432,56.81404200,0,0
37.76000000,57.48407850,56.83618435,57.18848040,56.78519861,0,0
37.77000000,57.51424313,56.80937715,57.17404933,56.81145857,0,0
37.78000000,57.50093682,56.80236339,57.13553843,56.68382813,0,0
37.79000000,57.50920094,56.80602700,57.15864980,56.66275202,0,0
37.80000000,57.48450447,56.81916660,57.20107198,56.69990020,0,0
37.81000000,57.56187923,56.83859956,57.12159675,56.76604382,0,0
37.82000000,57.45937482,56.80470274,57.11935273,56.77898230,0,0
37.83000000,57.50394743,56.83338640,57.10479345,56.83434663,0,0
37.84000000,57.47190887,56.77395401,57.07516092,56.86136309,0,0
37.85000000,57.44591730,56.80178445,57.19105086,56.76689521,0,0
37.86000000,57.52017926,56.79953528,57.19942299,56.71498323,0,0
37.87000000,57.47238848,56.80575014,57.17767438,56.71698313,0,0
37.88000000,57.45078365,56.78376772,57.16553398,56.71425803,0,0
37.89000000,57.42407018,56.76652226,57.13034800,56.76260462,0,0
37.90000000,57.42632104,56.79016028,57.22243630,56.77600675,0,0
37.91000000,57.50217163,56.80244494,57.21989712,56.82310063,0,0
37.92000000,57.51473354,56.82922455,57.18857900,56.83212579,0,0
37.93000000,57.42886938,56.77997587,57.20254210,56.79467061,0,0
37.94000000,57.42853306,56.74942090,57.20193340,56.74810039,0,0
37.95000000,57.42887244,56.78458800,57.17966444,56.79914361,0,0
37.96000000,57.49635479,56.81870430,57.17322957,56.79279703,0,0
37.97000000,57.47996352,56.79548475,57.22293575,56.77519718,0,0
37.98000000,57.45267823,56.79690806,57.19869904,56.80864884,0,0
37.99000000,57.48045343,56.79980202,57.15966419,56.80163846,0,0
38.00000000,57.51232901,56.83043993,57.17527357,56.78909304,0,0
38.01000000,57.54379272,56.83718348,57.19974771,56.67079886,0,0
38.02000000,57.55308086,56.82513559,57.19673118,56.69662692,0,0
38.03000000,57.55592461,56.81590067,57.17318161,56.70968597,0,0
38.04000000,57.44656938,56.79748712,57.15993042,56.74966831,0,0
38.05000000,57.49572336,56.80457292,57.15729797,56.78210021,0,0
38.06000000,57.45697538,56.81842630,57.16640408,56.81840108,0,0
38.07000000,57.50613335,56.83411196,57.18864260,56.79937420,0,0
38.08000000,57.52837337,56.80569493,57.20796939,56.76068693,0,0
38.09000000,57.55124498,56.84434330,57.20225992,56.68931540,0,0
38.10000000,57.53586436,56.85273514,57.12115174,56.73491654,0,0
38.11000000,57.53191521,56.82891878,57.10624093,56.70413222,0,0
38.12000000,57.47888076,56.82611222,57.13436781,56.70430909,0,0
38.13000000,57.53719171,56.84340515,57.20181754,56.75817620,0,0
38.14000000,57.56332309,56.89788215,57.12081741,56.80095396,0,0
38.15000000,57.55555658,56.87462157,57.14319662,56.79954926,0,0
38.16000000,57.57151867,56.85180504,57.14294094,56.75608820,0,0
38.17000000,57.55624531,56.89450054,57.11861511,56.75238676,0,0
38.18000000,57.54163713,56.86706256,57.15146792,56.73800000,0,0
38.19000000,57.54348966,56.84286985,57.22445049,56.74398800,0,0
38.20000000,57.51928287,56.83076815,57.21270885,56.77182877,0,0
38.21000000,57.51569626,56.82573705,57.17544127,56.80270867,0,0
38.22000000,57.55300244,56.90502799,57.16373585,56.77721776,0,0
38.23000000,57.55961335,56.87546557,57.20091137,56.73531946,0,0
38.24000000,57.58936940,56.85562667,57.23819680,56.67895403,0,0
38.25000000,57.54359744,56.85442798,57.19991187,56.73442422,0,0
38.26000000,57.49672577,56.84724337,57.21582232,56.74065324,0,0
38.27000000,57.58157745,56.91578483,57.21486674,56.85379352,0,0
38.28000000,57.57355861,56.89269713,57.20786810,56.85042681,0,0
38.29000000,57.52549192,56.91419867,57.17873217,56.84822254,0,0
38.30000000,57.60414689,56.86421234,57.20130062,56.81641177,0,0
38.31000000,57.56240881,56.86381108,57.19795549,56.74129070,0,0
38.32000000,57.56929268,56.90276358,57.14109338,56.69706582,0,0
38.33000000,57.52209145,56.83880852,57.19078951,56.68922801,0,0
38.34000000,57.48671321,56.80836497,57.18145236,56.77114344,0,0
38.35000000,57.50193731,56.86716440,57.25790030,56.79854282,0,0
38.36000000,57.56971314,56.94560776,57.17658872,56.83862475,0,0
38.37000000,57.53261061,56.87949665,57.14485828,56.85007876,0,0
38.38000000,57.60867487,56.84591623,57.19066728,56.83146466,0,0
38.39000000,57.44942901,56.75709337,57.14963992,56.79633632,0,0
38.40000000,57.51029847,56.87309669,57.27845127,56.84723357,0,0
38.41000000,57.50227794,56.84627280,57.21417305,56.77233940,0,0
38.42000000,57.48024977,56.91161490,57.20084228,56.80885385,0,0
38.43000000,57.56613802,56.81135199,57.17539881,56.79886569,0,0
38.44000000,57.44646183,56.79401659,57.29739043,56.83477821,0,0
38.45000000,57.60929006,56.81831888,57.21833053,56.83179042,0,0
38.46000000,57.57861305,56.85541653,57.31622298,56.80896594,0,0
38.47000000,57.61085866,56.95007816,57.24143329,56.78080489,0,0
38.48000000,57.48978382,56.85055161,57.33094387,56.79976499,0,0
38.49000000,57.54954113,56.80737676,57.26924966,56.81599586,0,0
38.50000000,57.41150112,56.77960875,57.19703186,56.87728363,0,0
38.51000000,57.59568381,56.87127447,57.28736841,56.84158129,0,0
38.52000000,57.60956570,56.92079484,57.25033324,56.82282271,0,0
38.53000000,57.65350896,56.84978901,57.24088909,56.83876088,0,0
38.54000000,57.61874650,56.85309253,57.23362992,56.77348103,0,0
38.55000000,57.50044995,56.81816693,57.32364682,56.76937030,0,0
38.56000000,57.51401760,56.90929001,57.28336438,56.75981857,0,0
38.57000000,57.60167291,56.82676041,57.28134196,56.78442113,0,0
38.58000000,57.55483966,56.90405920,57.18225650,56.80158829,0,0
38.59000000,57.62930279,56.86207479,57.22905339,56.85132285,0,0
38.60000000,57.65171319,56.89893939,57.11873923,56.86514000,0,0
38.61000000,57.53962607,56.89881447,57.10201182,56.84595968,0,0
38.62000000,57.55844895,56.90491657,57.18639422,56.75787555,0,0
38.63000000,57.54726264,56.82876121,57.25047572,56.73565232,0,0
38.64000000,57.61022065,56.85932625,57.24587919,56.75832299,0,0
38.65000000,57.58344167,56.80901654,57.20200744,56.81465870,0,0
38.66000000,57.57902039,56.87161078,57.15298469,56.80686329,0,0
38.67000000,57.54291221,56.88408853,57.12893091,56.77712211,0,0
38.68000000,57.59463768,56.88574104,57.14930300,56.78880469,0,0
38.69000000,57.54853172,56.86958106,57.26902393,56.80118960,0,0
38.70000000,57.53333980,56.83654369,57.33404897,56.77738415,0,0
38.71000000,57.51077790,56.80560000,57.33869019,56.84843977,0,0
38.72000000,57.51561460,56.82434110,57.27292771,56.83788482,0,0
38.73000000,57.59200119,56.91157369,57.21881051,56.88526091,0,0
38.74000000,57.61912112,56.87091269,57.24414065,56.79078020,0,0
38.75000000,57.56673711,56.83711308,57.23578196,56.76461409,0,0
38.76000000,57.52595623,56.80916186,57.25413536,56.78357905,0,0
38.77000000,57.54982995,56.83873436,57.28399445,56.72863618,0,0
38.78000000,57.57958033,56.84999780,57.24723995,56.71239786,0,0
38.79000000,57.62160231,56.86245118,57.24236265,56.76620026,0,0
38.80000000,57.52973410,56.85502458,57.23635524,56.79549148,0,0
38.81000000,57.54377249,56.81877153,57.22731029,56.80621304,0,0
38.82000000,57.52696973,56.81093043,57.22495059,56.84658983,0,0
38.83000000,57.57268521,56.84078532,57.20813395,56.83924528,0,0
38.84000000,57.57848552,56.86599732,57.25329561,56.83118315,0,0
38.85000000,57.56276133,56.86453751,57.29557060,56.77864086,0,0
38.86000000,57.53392675,56.83274838,57.28769791,56.80829781,0,0
38.87000000,57.59629342,56.85231819,57.24678553,56.79158087,0,0
38.88000000,57.55548944,56.87646788,57.18969716,56.79042496,0,0
38.89000000,57.59797017,56.86386014,57.19640653,56.74997417,0,0
38.90000000,57.59881432,56.86551629,57.18272803,56.76467509,0,0
38.91000000,57.61393985,56.91662431,57.23981834,56.82952637,0,0
38.92000000,57.63821040,56.92417986,57.23560018,56.80573978,0,0
38.93000000,57.60915008,56.89515047,57.23163901,56.78471944,0,0
38.94000000,57.52374958,56.85482664,57.18426523,56.79125613,0,0
38.95000000,57.54422064,56.84611111,57.22720798,56.76834092,0,0
38.96000000,57.55086065,56.87807793,57.19911525,56.77763829,0,0
38.97000000,57.57662823,56.85533626,57.21287536,56.79459384,0,0
38.98000000,57.55552955,56.88771708,57.16511363,56.78323943,0,0
38.99000000,57.55569687,56.84147348,57.20559729,56.78929323,0,0
39.00000000,57.59072979,56.92154541,57.24185626,56.73268204,0,0
39.01000000,57.60182820,56.94945816,57.23183656,56.74447044,0,0
39.02000000,57.56706792,56.94513546,57.21756125,56.77282927,0,0
39.03000000,57.49909121,56.85442602,57.20850421,56.81473449,0,0
39.04000000,57.57259880,56.81119535,57.17093150,56.85104755,0,0
39.05000000,57.54328011,56.90365757,57.21721056,56.85482403,0,0
39.06000000,57.63226818,56.91172913,57.15824405,56.84235814,0,0
39.07000000,57.54483039,56.87440844,57.15684063,56.76173131,0,0
39.08000000,57.53282846,56.92176643,57.16518816,56.71560525,0,0
39.09000000,57.56281403,56.91994223,57.26856755,56.78132045,0,0
39.10000000,57.61581574,56.97150049,57.25941288,56.78487936,0,0
39.11000000,57.58818287,56.87563886,57.25780680,56.83334269,0,0
39.12000000,57.53472888,56.84449907,57.23158374,56.81009356,0,0
39.13000000,57.48220361,56.88274533,57.21745460,56.84628539,0,0
39.14000000,57.57689973,56.91200365,57.24712507,56.90589664,0,0
39.15000000,57.50234390,56.91255398,57.19107267,56.81733970,0,0
39.16000000,57.49003751,56.91665167,57.20254623,56.81405936,0,0
39.17000000,57.56177560,56.90591699,57.24524820,56.84634479,0,0
39.18000000,57.49010692,56.86129563,57.27602571,56.85647336,0,0
39.19000000,57.59768219,56.84010052,57.20482169,56.89551918,0,0
39.20000000,57.46619654,56.87197009,57.22771188,56.90405810,0,0
39.21000000,57.51728526,56.89638355,57.19713298,56.90014443,0,0
39.22000000,57.54328164,57.00732949,57.25915644,56.81093534,0,0
39.23000000,57.66163717,56.96447191,57.17169136,56.80334112,0,0
39.24000000,57.47321307,56.94921313,57.22750841,56.74160390,0,0
39.25000000,57.50698481,56.75452081,57.18421235,56.83948614,0,0
39.26000000,57.50070992,56.93738990,57.23572318,56.85710808,0,0
39.27000000,57.52118825,56.85038904,57.18658600,56.89543339,0,0
39.28000000,57.60550244,56.93398482,57.25825430,56.91447365,0,0
39.29000000,57.48589836,56.88733510,57.22232001,56.85769247,0,0
39.30000000,57.51127347,56.94035072,57.16175751,56.86228479,0,0
39.31000000,57.51071495,56.99940311,57.26244992,56.78671545,0,0
39.32000000,57.48518276,56.92596305,57.23201899,56.81027675,0,0
39.33000000,57.53869953,56.83985184,57.26899035,56.79755173,0,0
39.34000000,57.55669371,56.81574134,57.25503673,56.85984905,0,0
39.35000000,57.53965696,56.94481880,57.20029525,56.90043338,0,0
39.36000000,57.58550378,57.04340970,57.19255378,56.91898028,0,0
39.37000000,57.46251277,57.02223422,57.10052910,56.92199319,0,0
39.38000000,57.48433327,56.90626519,57.14849546,56.83660011,0,0
39.39000000,57.54507002,56.90999600,57.21518672,56.83100277,0,0
39.40000000,57.56121270,56.88962400,57.21419810,56.83144926,0,0
39.41000000,57.57183490,56.96189309,57.17673342,56.92082982,0,0
39.42000000,57.48003786,56.93235291,57.11634972,56.88588208,0,0
39.43000000,57.47681689,56.91963922,57.17873078,56.91661013,0,0
39.44000000,57.54400896,56.96263560,57.20287575,56.85483324,0,0
39.45000000,57.51442948,56.94906953,57.19446901,56.79900561,0,0
39.46000000,57.50989086,56.97049086,57.15837733,56.78044079,0,0
39.47000000,57.48612639,56.91715421,57.16566149,56.82383970,0,0
39.48000000,57.48382141,56.88053910,57.16997262,56.91041313,0,0
39.49000000,57.52930150,56.94276667,57.19751715,56.95324945,0,0
39.50000000,57.50793726,56.92033776,57.14070059,56.93790817,0,0
39.51000000,57.43031124,56.89401406,57.13229202,56.86731804,0,0
39.52000000,57.45659736,56.90589461,57.11898910,56.85302098,0,0
39.53000000,57.50509018,56.93582838,57.12670447,56.86775490,0,0
39.54000000,57.58529357,56.99111848,57.17933173,56.87467291,0,0
39.55000000,57.56000912,56.96037864,57.20311894,56.84509927,0,0
39.56000000,57.52740594,56.92772709,57.18056924,56.86638097,0,0
39.57000000,57.46888964,56.93679453,57.17187843,56.90065001,0,0
39.58000000,57.55255833,56.97147543,57.15752903,56.90792928,0,0
39.59000000,57.52922792,56.99156722,57.16664311,56.94729037,0,0
39.60000000,57.50755106,56.96436098,57.17113309,56.93716018,0,0
39.61000000,57.50117614,56.89730043,57.20514370,56.91960731,0,0
39.62000000,57.51220976,56.89741890,57.18292796,56.87181349,0,0
39.63000000,57.56333850,56.91374063,57.15946817,56.83961148,0,0
39.64000000,57.53777457,56.90552647,57.18169838,56.83120709,0,0
39.65000000,57.47546062,56.91751166,57.19799858,56.84585713,0,0
39.66000000,57.52489294,56.95488257,57.26711877,56.87113133,0,0
39.67000000,57.55507821,57.01106816,57.21920817,56.91736105,0,0
39.68000000,57.52225396,56.98290256,57.13311158,56.89755010,0,0
39.69000000,57.52965982,56.89102600,57.09080032,56.86616350,0,0
39.70000000,57.48533605,56.87442598,57.13766472,56.80267452,0,0
39.71000000,57.53553601,56.92855827,57.18376655,56.87040242,0,0
39.72000000,57.51962670,56.94389160,57.24439230,56.87818125,0,0
39.73000000,57.50629145,56.93523340,57.17183661,56.88926777,0,0
39.74000000,57.51479356,56.93283594,57.16980285,56.88334691,0,0
39.75000000,57.57131177,56.91290283,57.16711684,56.88736390,0,0
39.76000000,57.50834856,56.90963747,57.22014371,56.89665872,0,0
39.77000000,57.55594709,56.89731328,57.21367599,56.87138171,0,0
39.78000000,57.44183400,56.91918206,57.18396109,56.82839720,0,0
39.79000000,57.53404410,56.93904276,57.20479674,56.89499975,0,0
39.80000000,57.53046677,56.93776702,57.21702495,56.91988655,0,0
39.81000000,57.53806723,56.96562073,57.16266725,56.95007815,0,0
39.82000000,57.55886513,56.94815533,57.22104473,56.91199940,0,0
39.83000000,57.51704061,56.94474568,57.20011626,56.94967118,0,0
39.84000000,57.52367817,56.91694169,57.17105348,56.90833233,0,0
39.85000000,57.60554731,56.94552199,57.15799590,56.87198150,0,0
39.86000000,57.54310894,56.93214621,57.18313304,56.86879921,0,0
39.87000000,57.55489057,56.94750748,57.18499391,56.84029556,0,0
39.88000000,57.56336176,56.97507459,57.21033212,56.84738905,0,0
39.89000000,57.50366241,56.96925717,57.15505532,56.83038930,0,0
39.90000000,57.55051441,56.95381898,57.15982674,56.87466594,0,0
39.91000000,57.53547584,56.91658128,57.16293555,56.92559042,0,0
39.92000000,57.54271457,56.94308777,57.19433006,56.90031924,0,0
39.93000000,57.59075948,56.99024757,57.20079767,56.90384600,0,0
39.94000000,57.57952678,56.95611609,57.24311799,56.89119094,0,0
39.95000000,57.54228768,56.94024454,57.19575464,56.80928247,0,0
39.96000000,57.52144100,56.85203300,57.14532354,56.87021397,0,0
39.97000000,57.54907302,56.95768646,57.17088440,56.85891584,0,0
39.98000000,57.52919154,56.93833966,57.22373904,56.90143020,0,0
39.99000000,57.63250583,56.99524053,57.24575835,56.85666655,0,0
40.00000000,57.51439622,56.94597648,57.15948909,56.85422615,0,0
40.01000000,57.60176665,56.98567115,57.20216036,56.82362513,0,0
40.02000000,57.53677878,56.88716961,57.26674155,56.87061991,0,0
40.03000000,57.52754403,56.88414599,57.22411849,56.84819947,0,0
40.04000000,57.60413033,56.98932718,57.25028813,56.92139936,0,0
40.05000000,57.58025646,56.92095697,57.26731447,56.93553171,0,0
40.06000000,57.59385268,56.94217411,57.19077669,56.87962596,0,0
40.07000000,57.56979211,56.86785794,57.15593370,56.90135253,0,0
40.08000000,57.53556395,56.91339090,57.18700053,56.84098314,0,0
40.09000000,57.55988286,56.93677542,57.27161265,56.82037930,0,0
40.10000000,57.57665688,56.93262117,57.30807788,56.87448710,0,0
40.11000000,57.54631699,56.92023187,57.19519355,56.81940843,0,0
40.12000000,57.57915467,56.90708716,57.28635810,56.93967140,0,0
40.13000000,57.57950771,56.90016224,57.22402500,56.93519108,0,0
40.14000000,57.58314879,56.92009827,57.21542455,56.95987884,0,0
40.15000000,57.59330688,56.96932675,57.23625039,56.91501371,0,0
40.16000000,57.59544221,56.97366694,57.26701096,56.88225741,0,0
40.17000000,57.54852642,56.89723172,57.25165368,56.85951059,0,0
40.18000000,57.60705251,56.90955365,57.24431074,56.82651888,0,0
40.19000000,57.55847496,56.94104772,57.18272155,56.85381116,0,0
40.20000000,57.62290070,56.98727802,57.23130112,56.85535098,0,0
40.21000000,57.56768984,56.93620033,57.22265983,56.88005143,0,0
40.22000000,57.55531927,56.93640428,57.22794646,56.87994016,0,0
40.23000000,57.56590792,56.95393842,57.22894136,56.89748261,0,0
40.24000000,57.57932966,56.98661062,57.27024108,56.87106733,0,0
40.25000000,57.59299645,56.97034098,57.19717252,56.88023720,0,0
40.26000000,57.62211145,56.96298052,57.23250733,56.89350494,0,0
40.27000000,57.60766751,56.94341555,57.22107765,56.90646333,0,0
40.28000000,57.54930349,56.92575751,57.19527996,56.89148548,0,0
40.29000000,57.54776042,56.91691202,57.18845269,56.89123931,0,0
40.30000000,57.55377449,56.91212969,57.24049268,56.88505977,0,0
40.31000000,57.60167898,56.90346498,57.27895826,56.86096639,0,0
40.32000000,57.57344451,56.93158231,57.26526332,56.78090819,0,0
40.33000000,57.55343042,56.96187835,57.20609164,56.85253995,0,0
40.34000000,57.52176469,57.00737522,57.23784532,56.85100003,0,0
40.35000000,57.56053143,56.90767187,57.20640781,56.90434912,0,0
40.36000000,57.54273028,56.90040557,57.21087889,56.92314488,0,0
40.37000000,57.59556937,56.89369658,57.26024736,56.96223084,0,0
40.38000000,57.50812143,56.91891739,57.23258783,56.95425541,0,0
40.39000000,57.52082983,56.93114665,57.21364688,56.87044057,0,0
40.40000000,57.52700725,56.94314242,57.19186682,56.81221700,0,0
40.41000000,57.60729357,56.93608867,57.22158322,56.83187027,0,0
40.42000000,57.62027125,56.89055065,57.26652601,56.84324563,0,0
40.43000000,57.62174652,56.90152828,57.29947141,56.88451247,0,0
40.44000000,57.52407365,56.94409143,57.30039154,56.93819271,0,0
40.45000000,57.54747816,56.97234937,57.29519106,57.04448756,0,0
40.46000000,57.55336441,56.99722062,57.24901423,57.14694396,0,0
40.47000000,57.62605409,56.99034471,57.27402123,57.27424893,0,0
40.48000000,57.67062495,56.96654843,57.30671828,57.37104198,0,0
40.49000000,57.55827727,56.93463713,57.35915288,57.53406025,0,0
40.50000000,57.59560564,56.93936263,57.33790752,57.60561349,0,0
40.51000000,57.62248302,57.01185290,57.29124812,57.62573487,0,0
40.52000000,57.67366250,57.07425240,57.33019495,57.68020456,0,0
40.53000000,57.66748556,57.02976062,57.31886069,57.62227451,0,0
40.54000000,57.60290867,57.03696049,57.28774426,57.66760052,0,0
40.55000000,57.61260049,57.06403393,57.26596389,57.66464047,0,0
40.56000000,57.72270540,57.10827650,57.25461140,57.62254373,0,0
40.57000000,57.65065103,57.06725064,57.17114166,57.64649994,0,0
40.58000000,57.64743659,56.96236926,57.19646729,57.64231397,0,0
40.59000000,57.58162229,57.04334113,57.21325775,57.55482375,0,0
40.60000000,57.58009966,57.00871436,57.34338053,57.42464445,0,0
40.61000000,57.57547347,57.05082561,57.25428771,57.32502741,0,0
40.62000000,57.65907096,57.04496923,57.18839211,57.16981656,0,0
40.63000000,57.65185355,57.02756894,57.14115194,57.05081280,0,0
40.64000000,57.66091709,57.02129574,57.21736713,57.12103438,0,0
40.65000000,57.55708061,57.00523002,57.19200415,57.19625807,0,0
40.66000000,57.55152787,57.03992283,57.17506683,57.30114455,0,0
40.67000000,57.53847966,56.98315205,57.16895835,57.37918710,0,0
40.68000000,57.51398637,56.92407043,57.17498285,57.37560814,0,1
40.69000000,57.54353985,56.91679244,57.07764466,57.32191282,0,1
40.70000000,57.54821438,57.00303994,57.12640869,57.35800107,0,1
40.71000000,57.46821406,56.91131545,57.13922446,57.29998499,0,1
40.72000000,57.46470858,56.90167983,57.11364834,57.29634177,0,1
40.73000000,57.39982228,56.84138448,57.17203029,57.31988012,0,1
40.74000000,57.50511316,56.88304110,57.21147803,57.41352289,0,1
40.75000000,57.58657904,56.90217991,57.17633697,57.29075357,0,1
40.76000000,57.45901402,56.87480112,57.17320095,57.42242292,0,1
40.77000000,57.46105406,56.85712745,57.08735481,57.52093230,0,1
40.78000000,57.43358011,56.87248690,57.11721326,57.39825769,0,1
40.79000000,57.40680102,56.90762603,57.21981541,57.44946241,0,1
40.80000000,57.53949003,56.86112463,57.21611181,57.53187815,0,1
40.81000000,57.44119923,56.85323642,57.26355161,57.44321100,0,1
40.82000000,57.45964204,56.78968279,57.18881099,57.43875698,0,1
40.83000000,57.46415129,56.80624771,57.21591204,57.51800397,0,1
40.84000000,57.42890821,56.84762120,57.16738601,57.41864987,0,1
40.85000000,57.40048497,56.82927295,57.20569865,57.37313820,0,1
40.86000000,57.49032396,56.81517231,57.20838796,57.32247789,0,1
40.87000000,57.39226040,56.84798914,57.27461432,57.34572813,0,1
40.88000000,57.52769792,56.86223649,57.19286119,57.44015042,0,1
40.89000000,57.53324601,56.83355988,57.17669602,57.43109664,0,1
40.90000000,57.48547196,56.79516494,57.09882129,57.49417028,0,1
40.91000000,57.49421804,56.80540593,57.19101164,57.48112869,0,1
40.92000000,57.40814440,56.83188719,57.27586124,57.46276810,0,1
40.93000000,57.52565679,56.84630021,57.23137259,57.44409459,0,1
40.94000000,57.51254286,56.82337694,57.20656719,57.37095774,0,1
40.95000000,57.52406625,56.77864831,57.14954283,57.36921338,0,1
40.96000000,57.46930198,56.83264153,57.21765914,57.33402631,0,1
40.97000000,57.48475046,56.86656742,57.26643705,57.33657903,0,1
40.98000000,57.48945086,56.86433364,57.27664911,57.39858078,0,1
40.99000000,57.53294670,56.82244323,57.25783505,57.37969180,0,1
41.00000000,57.46762135,56.76687127,57.24479231,57.40557284,0,1
41.01000000,57.41009745,56.76034342,57.18391387,57.47459241,0,1
41.02000000,57.42535317,56.86629714,57.14660604,57.39200969,0,1
41.03000000,57.46875764,56.88882316,57.16658307,57.32517406,0,1
41.04000000,57.51615760,56.86113399,57.12804630,57.34056990,0,1
41.05000000,57.52641385,56.78441141,57.13283337,57.36241483,0,1
41.06000000,57.53573452,56.79580802,57.12370831,57.34723401,0,1
41.07000000,57.55211392,56.82417430,57.17585561,57.33547478,0,1
41.08000000,57.47811988,56.84997781,57.14583598,57.35362928,0,1
41.09000000,57.46218155,56.89621622,57.09213649,57.37931494,0,1
41.10000000,57.47130603,56.88111645,57.15925592,57.26503297,0,1
41.11000000,57.48859866,56.85803610,57.21762579,57.33433265,0,1
41.12000000,57.49087362,56.83740608,57.17228798,57.44078699,0,1
41.13000000,57.52876904,56.79835856,57.16867542,57.39791678,0,1
41.14000000,57.47932278,56.79428237,57.18794188,57.39023131,0,1
41.15000000,57.44231376,56.78487335,57.27857918,57.47501335,0,1
41.16000000,57.41515534,56.82506527,57.25309834,57.36823437,0,1
41.17000000,57.42600309,56.86508926,57.17493607,57.28621147,0,1
41.18000000,57.49103113,56.84425147,57.11541797,57.26313060,0,1
41.19000000,57.56811905,56.83532625,57.07232224,57.27514727,0,1
41.20000000,57.53399451,56.81327420,57.05020864,57.28635031,0,1
41.21000000,57.51741656,56.80966681,57.09121291,57.33260258,0,1
41.22000000,57.45388423,56.77465518,57.14537742,57.28605696,0,1
41.23000000,57.39369012,56.77498911,57.14222920,57.29585980,0,1
41.24000000,57.43629679,56.79793262,57.14711909,57.32678745,0,1
41.25000000,57.42982992,56.84784649,57.10411644,57.29570019,0,1
41.26000000,57.42999502,56.82697504,57.10606617,57.18493274,0,1
41.27000000,57.40771555,56.72848036,57.05590904,57.23306053,0,1
41.28000000,57.40858690,56.69669514,57.10140849,57.26536705,0,1
41.29000000,57.45507077,56.71766291,57.13171340,57.20229858,0,1
41.30000000,57.41031579,56.78081260,57.19538824,57.25400269,0,1
41.31000000,57.33986539,56.81070512,57.21039999,57.35985659,0,1
41.32000000,57.42993157,56.78879649,57.14339844,57.35520556,0,1
41.33000000,57.41787135,56.76255744,57.08077643,57.28793173,0,1
41.34000000,57.46446034,56.75561379,57.09445706,57.33419765,0,1
41.35000000,57.40941677,56.75181229,57.00286485,57.34960381,0,1
41.36000000,57.37771754,56.75242450,57.12541749,57.30871161,0,1
41.37000000,57.35956600,56.74884272,57.12698662,57.28515802,0,1
41.38000000,57.39994691,56.76621482,57.13391500,57.28593740,0,1
41.39000000,57.32771398,56.70603619,57.12492911,57.31428234,0,1
41.40000000,57.44263195,56.75673931,57.08862897,57.24180175,0,1
41.41000000,57.37132594,56.73681935,57.08479263,57.24200965,0,1
41.42000000,57.40123933,56.85812351,57.10831947,57.32005913,0,1
41.43000000,57.41365935,56.81456022,57.13614555,57.26604183,0,1
41.44000000,57.34359801,56.77233169,57.13850741,57.29395636,0,1
41.45000000,57.38422416,56.77535453,57.09633999,57.41592972,0,1
41.46000000,57.39705484,56.67953235,57.11984137,57.34323393,0,1
41.47000000,57.35830916,56.77982693,57.09173877,57.31232852,0,1
41.48000000,57.33046762,56.75978442,57.02148468,57.35840717,0,1
41.49000000,57.36088133,56.79690955,57.03818803,57.23354156,0,1
41.50000000,57.42231563,56.79416750,57.10054718,57.21708611,0,1
41.51000000,57.44675510,56.72733747,57.08061265,57.19640240,0,1
41.52000000,57.40439190,56.77563997,57.14529918,57.23784160,0,1
41.53000000,57.36469372,56.77008616,57.10065903,57.41452905,0,1
41.54000000,57.38318074,56.74761048,57.09047513,57.27388319,0,1
41.55000000,57.33209105,56.76771371,57.10404005,57.27190989,0,1
41.56000000,57.43778015,56.76961597,57.04286278,57.29043400,0,1
41.57000000,57.36984667,56.69874984,57.03426457,57.24523179,0,1
41.58000000,57.37666994,56.75439738,57.08258783,57.22855571,0,1
41.59000000,57.35750731,56.72608035,57.06397958,57.19528485,0,1
41.60000000,57.42125254,56.75683322,57.07576095,57.34215675,0,1
41.61000000,57.52862504,56.76838206,57.07546395,57.13956605,0,1
41.62000000,57.28936131,56.75888219,57.07416991,57.15944741,0,1
41.63000000,57.26959376,56.75968391,57.12949317,57.32323687,0,1
41.64000000,57.34232560,56.66204511,57.02237604,57.23854942,0,1
41.65000000,57.52075639,56.86526234,57.07708520,57.21884933,0,1
41.66000000,57.45622340,56.68254191,57.02487265,57.35514083,0,1
41.67000000,57.33731110,56.75809436,56.98379523,57.28664215,0,1
41.68000000,57.37412334,56.68008452,56.99293979,57.22177681,0,1
41.69000000,57.24753546,56.77994015,57.04083198,57.32030598,0,1
41.70000000,57.54184394,56.77695926,57.04045227,57.26179693,0,1
41.71000000,57.29929801,56.71613835,57.04288194,57.23893389,0,1
41.72000000,57.41091874,56.72384041,57.00554889,57.20556933,0,1
41.73000000,57.36910985,56.74498007,57.05639922,57.12034631,0,1
41.74000000,57.38696307,56.82187672,57.02985383,57.18736057,0,1
41.75000000,57.47900224,56.76902765,56.96905102,57.20179935,0,1
41.76000000,57.41546180,56.74242835,57.09429583,57.24091889,0,1
41.77000000,57.42573027,56.71540084,57.05322328,57.30296733,0,1
41.78000000,57.38600393,56.74980949,57.17127084,57.32481713,0,1
41.79000000,57.40237532,56.78042392,57.05245833,57.30117358,0,1
41.80000000,57.35523936,56.83893770,57.02439620,57.38359839,0,1
41.81000000,57.41290571,56.75719531,57.08251405,57.19584474,0,1
41.82000000,57.40672862,56.74550607,57.12364945,57.17407512,0,1
41.83000000,57.46040811,56.73512363,57.12967135,57.23146094,0,1
41.84000000,57.38181570,56.69050342,57.07686224,57.17012096,0,1
41.85000000,57.31102184,56.72877404,57.09376517,57.22979704,0,1
41.86000000,57.30503441,56.71792158,57.07679468,57.26665644,0,1
41.87000000,57.40440074,56.76808647,57.08835600,57.21525369,0,1
41.88000000,57.47853037,56.77479075,57.00801312,57.24372368,0,1
41.89000000,57.42046638,56.76319866,56.96404232,57.20362331,0,1
41.90000000,57.31729923,56.74447546,56.97784510,57.19048545,0,1
41.91000000,57.31903198,56.74184344,56.98913442,57.22116017,0,1
41.92000000,57.36289416,56.76351849,57.01611442,57.21793519,0,1
41.93000000,57.45178340,56.71957285,57.01583334,57.19037460,0,1
41.94000000,57.36372129,56.71363037,57.03864792,57.14309409,0,1
41.95000000,57.33304678,56.71086661,57.05772545,57.12731685,0,1
41.96000000,57.26598529,56.70131938,57.05088180,57.21470012,0,1
41.97000000,57.36061297,56.74873704,57.02463359,57.21525060,0,1
41.98000000,57.36270143,56.72896984,57.08232758,57.27675263,0,1
41.99000000,57.35288265,56.72350150,57.12432287,57.26902087,0,1
42.00000000,57.32040581,56.70103945,57.08841835,57.28774273,0,1
42.01000000,57.28544139,56.70748933,57.07453919,57.29909176,0,1
42.02000000,57.33008821,56.71613292,57.04781980,57.28340624,0,1
42.03000000,57.34613088,56.69909744,57.05594069,57.30390886,0,1
42.04000000,57.21758070,56.67098967,57.02027400,57.25189825,0,1
42.05000000,57.31758747,56.67177947,57.08448219,57.12014220,0,1
42.06000000,57.29012567,56.72839730,57.05451161,57.14935680,0,1
42.07000000,57.39951700,56.74226976,57.02412456,57.20767901,0,1
42.08000000,57.34744208,56.69110941,57.01029118,57.21862337,0,1
42.09000000,57.40133726,56.65059494,57.04714246,57.26774850,0,1
42.10000000,57.29072428,56.69470236,57.10375620,57.37064662,0,1
42.11000000,57.37937334,56.77252853,57.07297823,57.25990095,0,1
42.12000000,57.33230583,56.76262996,57.06161450,57.23960090,0,1
42.13000000,57.40765298,56.69530778,57.06433968,57.25170599,0,1
42.14000000,57.31107563,56.70198589,57.00974740,57.15981212,0,1
42.15000000,57.36307495,56.68646994,57.07453835,57.21468943,0,1
42.16000000,57.31998370,56.68645417,56.98944272,57.27584376,0,1
42.17000000,57.45241007,56.68477343,57.14061018,57.12974719,0,1
42.18000000,57.32706042,56.65759710,57.05615776,57.18166434,0,1
42.19000000,57.40339742,56.70756172,57.09588679,57.24760882,0,1
42.20000000,57.34087774,56.71878302,57.13383964,57.14750557,0,1
42.21000000,57.41512782,56.78947470,56.94440888,57.23365279,0,1
42.22000000,57.42457219,56.73316222,56.93562782,57.28435174,0,1
42.23000000,57.36855411,56.71623393,57.01360714,57.20153857,0,1
42.24000000,57.40247866,56.66784888,57.06493773,57.21586028,0,1
42.25000000,57.37262915,56.73776544,57.07961088,57.19982369,0,1
42.26000000,57.41735309,56.72826587,56.99297842,57.15952326,0,1
42.27000000,57.35768260,56.63004610,56.97129136,57.15744133,0,1
42.28000000,57.38708100,56.68766213,56.93633985,57.09632135,0,1
42.29000000,57.21707070,56.66575198,57.09177651,57.17991802,0,1
42.30000000,57.35117028,56.93009070,57.12704840,57.21014664,0,1
42.31000000,57.30174139,56.60179442,57.12784087,57.17764045,0,1
42.32000000,57.36601334,56.73133971,56.98994797,57.28369410,0,1
42.33000000,57.42454057,56.62364261,56.95124178,57.30340725,0,1
42.34000000,57.40708965,56.65894061,56.99183634,57.29060321,0,1
42.35000000,57.25343099,56.68050248,57.01749878,57.25562332,0,1
42.36000000,57.29833794,56.74903887,57.01264650,57.18237992,0,1
42.37000000,57.34273685,56.75843531,56.94282509,57.12744897,0,1
42.38000000,57.44867956,56.65409854,57.02834053,57.07793987,0,1
42.39000000,57.32640089,56.67733713,57.01664480,57.14919579,0,1
42.40000000,57.25442843,56.69067258,57.05048728,57.24725522,0,1
42.41000000,57.31418563,56.73043628,57.05288161,57.21430131,0,1
42.42000000,57.29975796,56.74310934,57.12988999,57.22168380,0,1
42.43000000,57.38176286,56.70135635,57.07005508,57.30864883,0,1
42.44000000,57.38397790,56.71640255,57.03115804,57.17143005,0,1
42.45000000,57.27566318,56.67506689,57.08945363,57.18696558,0,1
42.46000000,57.31834703,56.73993075,57.07979404,57.26069263,0,1
42.47000000,57.34551131,56.73189694,57.04900466,57.28354266,0,1
42.48000000,57.42352315,56.69059311,57.01823455,57.22454348,0,1
42.49000000,57.39573000,56.67388318,56.99567119,57.15556312,0,1
42.50000000,57.31882451,56.66949226,57.03791338,57.22151950,0,1
42.51000000,57.28824287,56.72883465,57.02667360,57.22589870,0,1
42.52000000,57.33974446,56.77986714,56.96992988,57.19913818,0,1
42.53000000,57.36050479,56.75391893,57.04639278,57.22670854,0,1
42.54000000,57.40024125,56.76715476,57.08480582,57.26848293,0,1
42.55000000,57.38773129,56.70365761,57.07938827,57.22214017,0,1
42.56000000,57.31043757,56.70640158,57.00395877,57.20997055,0,1
42.57000000,57.34674244,56.81706100,57.03648783,57.25120135,0,1
42.58000000,57.40194811,56.82641517,57.02950286,57.21056544,0,1
42.59000000,57.41765662,56.77877330,56.98584768,57.22292505,0,1
42.60000000,57.38668140,56.66729946,57.00027001,57.12387642,0,1
42.61000000,57.35621417,56.62203355,57.07459448,57.19220246,0,1
42.62000000,57.35235422,56.70257436,57.02643481,57.27757429,0,1
42.63000000,57.35291783,56.78495896,57.01023837,57.20916161,0,1
42.64000000,57.34628043,56.78571411,57.02705904,57.26433846,0,1
42.65000000,57.30454189,56.72329025,57.07789843,57.32109838,0,1
42.66000000,57.39186623,56.71478943,57.07989955,57.23197407,0,1
42.67000000,57.34955136,56.64702545,57.06425262,57.26709944,0,1
42.68000000,57.46844574,56.57071472,57.07415019,57.20713405,0,1
42.69000000,57.32869589,56.59228542,56.97072109,57.12513197,0,1
42.70000000,57.31497343,56.68853972,56.95253809,57.05751095,0,1
42.71000000,57.35970256,56.76425650,56.99463006,57.03387776,0,1
42.72000000,57.38884695,56.78807796,57.03194221,57.10341481,0,1
42.73000000,57.40441532,56.73043292,57.01988945,57.18834018,0,1
42.74000000,57.40934346,56.64507982,56.99950453,57.15342527,0,1
42.75000000,57.31590576,56.61079090,57.03955902,57.19329333,0,1
42.76000000,57.33350828,56.69408006,57.05260314,57.23017183,0,1
42.77000000,57.30853117,56.73539064,57.06884642,57.18247932,0,1
42.78000000,57.29061951,56.69503292,57.08673761,57.17055131,0,1
42.79000000,57.24639693,56.59655140,57.11001108,57.24510750,0,1
42.80000000,57.28308388,56.62130117,57.03808322,57.28171138,0,1
42.81000000,57.30803945,56.68079402,57.05660721,57.30477174,0,1
42.82000000,57.35818961,56.67186740,56.96870407,57.29544990,0,1
42.83000000,57.24710383,56.67091934,56.96181612,57.21647221,0,1
42.84000000,57.19699936,56.59808513,57.02762558,57.20341856,0,1
42.85000000,57.24514796,56.68343994,57.00071813,57.23556447,0,1
42.86000000,57.30965517,56.71096882,57.06701303,57.21603307,0,1
42.87000000,57.37975029,56.74553245,56.90741198,57.28556175,0,1
42.88000000,57.31067194,56.66526531,56.89542328,57.26828028,0,1
42.89000000,57.22461190,56.63375948,56.95882134,57.22666558,0,1
42.90000000,57.24532229,56.68814135,57.03759088,57.17355155,0,1
42.91000000,57.26937586,56.74346545,57.04374173,57.16386004,0,1
42.92000000,57.37365556,56.71952979,57.00578906,57.14556734,0,1
42.93000000,57.34511000,56.66645931,57.03050285,57.14940615,0,1
42.94000000,57.36412682,56.66474296,57.06745327,57.19688732,0,1
42.95000000,57.25980904,56.68057838,57.15576160,57.27910546,0,1
42.96000000,57.31247138,56.71192372,57.07361161,57.32511571,0,1
42.97000000,57.28189213,56.68865958,57.09192361,57.25957536,0,1
42.98000000,57.32715118,56.70478764,57.08231219,57.32943327,0,1
42.99000000,57.33607806,56.74678491,57.06493542,57.26234643,0,1
43.00000000,57.33902142,56.73326122,57.05179244,57.19799785,0,1
43.01000000,57.32844848,56.76102041,57.03977562,57.23236882,0,1
43.02000000,57.36966010,56.70969476,56.97501053,57.17295761,0,1
43.03000000,57.36610645,56.69058225,56.94048482,57.16476518,0,1
43.04000000,57.36461302,56.68393409,57.05206358,57.07815466,0,1
43.05000000,57.26257108,56.74546538,57.00925882,57.16848316,0,1
43.06000000,57.30711565,56.74465456,56.92518221,57.19944000,0,1
43.07000000,57.40120389,56.75545069,56.84215588,57.09287704,0,1
43.08000000,57.38690847,56.74356481,56.83302301,57.19134872,0,1
43.09000000,57.44904284,56.77065970,57.00735130,57.30412934,0,1
43.10000000,57.29488850,56.76395260,56.92478862,57.14990521,0,1
43.11000000,57.28385157,56.67267928,57.07367445,57.21996027,0,1
43.12000000,57.30677762,56.67870083,57.02314814,57.27108021,0,1
43.13000000,57.27545288,56.68986432,56.99449529,57.08907676,0,1
43.14000000,57.28300926,56.66271673,56.90277871,57.17081343,0,1
43.15000000,57.29084638,56.69208741,56.94629280,57.12587757,0,1
43.16000000,57.27625671,56.66753456,56.94827678,57.10477010,0,1
43.17000000,57.27837237,56.66178932,57.04335642,57.19504164,0,1
43.18000000,57.28982891,56.64682053,56.96896735,57.11846777,0,1
43.19000000,57.21076430,56.66159037,57.07437540,57.18575070,0,1
43.20000000,57.28638835,56.68659455,56.97227042,57.26457052,0,1
43.21000000,57.25621244,56.70265725,56.97884369,57.19568837,0,1
43.22000000,57.30570674,56.67965172,56.91866855,57.25957451,0,1
43.23000000,57.30665390,56.64276212,56.97355423,57.21383989,0,1
43.24000000,57.27004301,56.65578934,56.99852710,57.12283345,0,1
43.25000000,57.29653301,56.63007716,56.98468687,57.18417187,0,1
43.26000000,57.34938557,56.64273428,57.02940453,57.09095987,0,1
43.27000000,57.27557662,56.60681906,57.05750895,57.18761075,0,1
43.28000000,57.30890260,56.66788715,57.08272603,57.29245910,0,1
43.29000000,57.30276597,56.71362028,57.05559083,57.21394133,0,1
43.30000000,57.19809364,56.71615501,57.05431754,57.30230337,0,1
43.31000000,57.30597049,56.71184739,57.00080597,57.32892531,0,1
43.32000000,57.34522113,56.67443508,56.98990490,57.19003430,0,1
43.33000000,57.31970215,56.64424304,57.04844660,57.23665288,0,1
43.34000000,57.34125571,56.62713129,57.04479552,57.26220598,0,1
43.35000000,57.29641240,56.68575118,57.00021393,57.16902279,0,1
43.36000000,57.35218609,56.70965399,56.90815229,57.13954034,0,1
43.37000000,57.35531129,56.68023200,56.93023249,57.19178493,0,1
43.38000000,57.34842803,56.71124107,56.97639178,57.19378072,0,1
43.39000000,57.35465593,56.69365541,56.98244976,57.21341262,0,1
43.40000000,57.43420123,56.75334772,56.98480925,57.20019706,0,1
43.41000000,57.27944847,56.69432904,56.97330921,57.20584547,0,1
43.42000000,57.32108695,56.61018099,56.98336626,57.19985103,0,1
43.43000000,57.24764805,56.62916332,56.94810907,57.20941190,0,1
43.44000000,57.26017309,56.63241002,56.97136921,57.21727945,0,1
43.45000000,57.34696098,56.68778159,57.03696658,57.17601400,0,1
43.46000000,57.30931690,56.74092903,56.99076078,57.15114382,0,1
43.47000000,57.32152069,56.67297551,56.94354650,57.09711198,0,1
43.48000000,57.30544006,56.61992375,56.93627687,57.02940819,0,1
43.49000000,57.31301980,56.63928776,57.02642710,57.13318691,0,1
43.50000000,57.30978065,56.67024586,57.01857449,57.15088199,0,1
43.51000000,57.25804663,56.67680607,56.98303031,57.16005959,0,1
43.52000000,57.26830369,56.65287902,56.95094048,57.21775659,0,1
43.53000000,57.32094853,56.66550332,56.96829765,57.27396701,0,1
43.54000000,57.34531258,56.72019041,56.96459870,57.26853919,0,1
43.55000000,57.31221936,56.64683579,57.00916400,57.19784183,0,1
43.56000000,57.27188806,56.60052639,57.06298841,57.13858535,0,1
43.57000000,57.28225061,56.60250184,57.11125946,57.11878463,0,1
43.58000000,57.35614898,56.67188918,57.09576676,57.13249281,0,1
43.59000000,57.34777886,56.65163901,56.98490365,57.16310565,0,1
43.60000000,57.21611958,56.63435155,56.97952047,57.19193359,0,1
43.61000000,57.25402202,56.61620821,56.96022037,57.22218486,0,1
43.62000000,57.23432198,56.57702357,56.98345410,57.21176041,0,1
43.63000000,57.30578853,56.65537849,56.95845152,57.16657574,0,1
43.64000000,57.32775171,56.64872089,56.95547799,57.21354664,0,1
43.65000000,57.23565261,56.74246906,56.95150760,57.23270207,0,1
43.66000000,57.22860931,56.65186787,57.02458799,57.16693059,0,1
43.67000000,57.26101682,56.61799389,57.05787782,57.24403511,0,1
43.68000000,57.29639968,56.59850761,56.94268806,57.21341787,0,1
43.69000000,57.33472134,56.66748224,56.94884613,57.18958360,0,1
43.70000000,57.32444460,56.69868835,56.92154804,57.08461510,0,1
43.71000000,57.26424431,56.72363567,56.93098957,57.15461611,0,1
43.72000000,57.30178435,56.71941738,57.03239581,57.17859575,0,1
43.73000000,57.29311047,56.66237136,56.94742933,57.15750800,0,1
43.74000000,57.25577585,56.62694895,56.99887855,57.18222775,0,1
43.75000000,57.28854510,56.67621769,57.00945210,57.27722535,0,1
43.76000000,57.32403847,56.71954618,56.98762797,57.27499763,0,1
43.77000000,57.30958972,56.70791979,57.00760073,57.14980402,0,1
43.78000000,57.26980484,56.67046602,57.06657254,57.18404770,0,1
43.79000000,57.23978511,56.72537021,56.96442780,57.17367697,0,1
43.80000000,57.26114714,56.59474814,56.95134040,57.08167669,0,1
43.81000000,57.30077618,56.67389978,56.95952550,57.07135302,0,1
43.82000000,57.27570577,56.64342651,56.97762151,57.17185221,0,1
43.83000000,57.31630851,56.69555466,56.98490858,57.15007165,0,1
43.84000000,57.21330533,56.73896692,56.92536037,57.14695822,0,1
43.85000000,57.33747528,56.69286057,56.93572820,57.24337040,0,1
43.86000000,57.31929959,56.72084994,56.95151000,57.21332921,0,1
43.87000000,57.39618885,56.67399528,56.87330468,57.22233863,0,1
43.88000000,57.26319011,56.70387595,57.03559459,57.17501206,0,1
43.89000000,57.31214902,56.70162415,56.95213398,57.12551381,0,1
43.90000000,57.25807227,56.73804132,57.05456779,57.19318941,0,1
43.91000000,57.38761158,56.69846029,56.94198724,57.10818453,0,1
43.92000000,57.40781360,56.73330247,56.92563444,57.10086932,0,1
43.93000000,57.30708501,56.66572531,57.02653385,57.27747481,0,1
43.94000000,57.36841407,56.76795428,57.03038808,57.27443750,0,1
43.95000000,57.22841470,56.71721569,57.04511522,57.11099718,0,1
43.96000000,57.37918524,56.74705307,57.01280384,57.24588469,0,1
43.97000000,57.32631294,56.68742430,57.06176795,57.27920384,0,1
43.98000000,57.35716048,56.72675245,56.98872986,57.15860735,0,1
43.99000000,57.32460107,56.71717825,57.02251565,57.31518632,0,1
44.00000000,57.33924292,56.76182944,56.97721367,57.26789733,0,1
44.01000000,57.33030056,56.74393408,56.92643594,57.12941975,0,1
44.02000000,57.30753476,56.62189872,56.87950649,57.09476952,0,1
44.03000000,57.26308033,56.64519135,56.86185345,57.04511894,0,1
44.04000000,57.22081975,56.73773872,56.91706700,57.12789300,0,1
44.05000000,57.31657825,56.77649615,56.91675079,57.15249378,0,1
44.06000000,57.26670815,56.73350541,56.91654023,57.07843632,0,1
44.07000000,57.24529625,56.63783850,56.93512029,57.23632661,0,1
44.08000000,57.27572996,56.58109134,56.92197177,57.20755116,0,1
44.09000000,57.23303118,56.65423863,56.94725543,57.15776891,0,1
44.10000000,57.25399631,56.68312628,56.94954050,57.26639538,0,1
44.11000000,57.18708376,56.69369900,57.00307088,57.20054649,0,1
44.12000000,57.23595116,56.67951519,56.97802650,57.10433679,0,1
44.13000000,57.28778899,56.65943211,57.02029545,57.13324725,0,1
44.14000000,57.21391665,56.63356384,57.04349702,57.18175389,0,1
44.15000000,57.16033196,56.60411039,57.01906980,57.23596409,0,1
44.16000000,57.17562897,56.62842848,57.02292615,57.24995128,0,1
44.17000000,57.22662592,56.70230366,57.01764686,57.22388270,0,1
44.18000000,57.29546128,56.71350969,57.05811594,57.31273325,0,1
44.19000000,57.28760083,56.67342073,57.00004056,57.32177824,0,1
44.20000000,57.27316914,56.66913678,56.96082780,57.20306961,0,1
44.21000000,57.22651203,56.64216842,56.97730693,57.19869269,0,1
44.22000000,57.22726206,56.65082795,57.01265987,57.26019390,0,1
44.23000000,57.25327052,56.66970208,57.01160876,57.16296381,0,1
44.24000000,57.26038470,56.64948564,56.91389893,57.10141969,0,1
44.25000000,57.22467568,56.60827755,56.90854126,57.18336680,0,1
44.26000000,57.24954809,56.64075068,56.97727030,57.25223678,0,1
44.27000000,57.27092310,56.65448161,57.00520312,57.21753388,0,1
44.28000000,57.24344967,56.64258802,57.01406493,57.24076038,0,1
44.29000000,57.24961927,56.66320693,57.04256996,57.24584900,0,1
44.30000000,57.28825130,56.70437370,57.07120119,57.19628862,0,1
44.31000000,57.28832313,56.70761320,57.00323458,57.21263609,0,1
44.32000000,57.29037578,56.65790691,56.89854815,57.26781160,0,1
44.33000000,57.20270068,56.61354587,56.90567157,57.22493670,0,1
44.34000000,57.26355843,56.57543774,56.91878426,57.15548907,0,1
44.35000000,57.29569203,56.61761421,56.91147716,57.12008033,0,1
44.36000000,57.28148575,56.63411228,56.90211903,57.06194335,0,1
44.37000000,57.19144771,56.64909247,56.93930660,57.08992668,0,1
44.38000000,57.27759527,56.66137908,56.97470493,57.13200605,0,1
44.39000000,57.23910206,56.64896681,56.91941536,57.14756616,0,1
44.40000000,57.31199440,56.64091756,56.95482678,57.20235070,0,1
44.41000000,57.32853854,56.60830171,56.95228486,57.19305765,0,1
44.42000000,57.27330376,56.63962371,56.93283260,57.20540533,0,1
44.43000000,57.24476993,56.65733502,56.96909128,57.16003054,0,1
44.44000000,57.33276075,56.70355951,56.99185673,57.13548822,0,1
44.45000000,57.30312392,56.64266612,56.95590187,57.14753909,0,1
44.46000000,57.32293249,56.61039971,56.95905541,57.12756697,0,1
44.47000000,57.24164688,56.60023235,57.00946077,57.06806448,0,1
44.48000000,57.24082133,56.60188591,57.03315855,57.20746185,0,1
44.49000000,57.28909095,56.70619835,57.02892121,57.16200031,0,1
44.50000000,57.25989341,56.63534825,56.93046578,57.15972268,0,1
44.51000000,57.28351396,56.66700463,56.96087035,57.22104603,0,1
44.52000000,57.34946344,56.63437236,56.96470012,57.15520426,0,1
44.53000000,57.28679906,56.71762464,56.93973986,57.14969855,0,1
44.54000000,57.34846674,56.70634864,56.94321650,57.19456607,0,1
44.55000000,57.24868060,56.67001882,56.92282716,57.12271941,0,1
44.56000000,57.28500496,56.63194018,56.92977850,57.09431955,0,1
44.57000000,57.38092146,56.68827763,56.85329094,57.10673742,0,1
44.58000000,57.34371497,56.68568861,56.89161957,57.02145014,0,1
44.59000000,57.30217494,56.66951432,56.94031732,57.19004876,0,1
44.60000000,57.31854656,56.68703210,56.93578263,57.15466063,0,1
44.61000000,57.23186684,56.71103042,57.04484568,57.03338645,0,1
44.62000000,57.44045002,56.74751814,57.04563738,57.26264004,0,1
44.63000000,57.38249361,56.78067579,57.05285071,57.17886292,0,1
44.64000000,57.32921533,56.57362866,57.02607925,57.14094693,0,1
44.65000000,57.25697957,56.69315095,57.05502128,57.19468535,0,1
44.66000000,57.29452598,56.66805271,57.09390036,57.21002938,0,1
44.67000000,57.34257262,56.78611035,57.01927308,57.18051325,0,1
44.68000000,57.40945369,56.73370988,56.93988000,57.07274551,0,1
44.69000000,57.32528880,56.60186810,56.98856219,57.06649390,0,1
44.70000000,57.35045829,56.67862569,57.00323612,57.16322851,0,1
44.71000000,57.29713541,56.72446928,57.06416122,57.13075361,0,1
44.72000000,57.32377687,56.74823740,56.99798629,57.17931972,0,1
44.73000000,57.33289218,56.70962632,56.95151883,57.22539425,0,1
44.74000000,57.39026540,56.64408626,56.99287772,57.17419780,0,1
44.75000000,57.30243981,56.64900936,56.95599292,57.15554993,0,1
44.76000000,57.32529369,56.67414879,56.95849119,57.19345823,0,1
44.77000000,57.29638473,56.72599034,56.98445442,57.11887456,0,1
44.78000000,57.30902452,56.65179926,56.94377755,57.15627888,0,1
44.79000000,57.32987466,56.66048499,57.07242904,57.02270710,0,1
44.80000000,57.28687616,56.65900038,57.05150989,57.20158975,0,1
44.81000000,57.24133315,56.62179762,57.06782890,57.24393569,0,1
44.82000000,57.30782687,56.67010628,57.01548151,57.16067431,0,1
44.83000000,57.25031346,56.62548607,56.98174804,57.25986725,0,1
44.84000000,57.35580344,56.64701937,57.01340401,57.25668080,0,1
44.85000000,57.28293652,56.64754953,57.03568057,57.17445589,0,1
44.86000000,57.28646554,56.70763936,57.01320525,57.20816616,0,1
44.87000000,57.26187831,56.68028044,57.07702936,57.22624285,0,1
44.88000000,57.29299556,56.64554448,57.04938777,57.23737940,0,1
44.89000000,57.33189553,56.64602918,57.04657567,57.24327848,0,1
44.90000000,57.39484996,56.66806602,57.03951358,57.16220020,0,1
44.91000000,57.30597397,56.68606931,57.05852960,57.18640731,0,1
44.92000000,57.34554224,56.67702884,57.04256454,57.21518549,0,1
44.93000000,57.29287466,56.69295871,57.02776043,57.15856716,0,1
44.94000000,57.28431130,56.70464344,57.09610808,57.23117099,0,1
44.95000000,57.35245557,56.72213457,57.10895192,57.32995556,0,1
44.96000000,57.38219721,56.69240037,57.08126025,57.24169097,0,1
44.97000000,57.37947270,56.67913720,57.04346418,57.23953849,0,1
44.98000000,57.36864560,56.72813992,56.99738313,57.27580227,0,1
44.99000000,57.29206114,56.72221613,57.01155666,57.18251127,0,1
45.00000000,57.33390369,56.70839667,56.99697327,57.15902154,0,1
45.01000000,57.32781387,56.66944525,56.99337558,57.15179726,0,1
45.02000000,57.33792683,56.66837881,56.98228733,57.11628893,0,1
45.03000000,57.36526186,56.69568008,56.99037472,57.15172520,0,1
45.04000000,57.36356532,56.68937206,56.96173908,57.16835096,0,1
45.05000000,57.29877457,56.71181950,56.95516191,57.20241426,0,1
45.06000000,57.35762400,56.71961656,56.99306771,57.22720776,0,1
45.07000000,57.33585663,56.69265288,57.03556911,57.22253689,0,1
45.08000000,57.34612496,56.66434599,57.02636291,57.19373246,0,1
45.09000000,57.32118936,56.71450276,57.02091809,57.18740701,0,1
45.10000000,57.30996606,56.71451031,57.02876283,57.13024692,0,1
45.11000000,57.34099062,56.69957544,56.98799326,57.12252477,0,1
45.12000000,57.32539802,56.69502468,57.01088341,57.09342252,0,1
45.13000000,57.29501708,56.66328146,57.06143824,57.17348616,0,1
45.14000000,57.35724286,56.72980096,57.08048999,57.24834759,0,1
45.15000000,57.36834669,56.72375958,57.04711624,57.20977725,0,1
45.16000000,57.19367036,56.70039088,56.98248247,57.23735469,0,1
45.17000000,57.32795607,56.68954143,56.97628344,57.30805360,0,1
45.18000000,57.28377924,56.73066407,56.97336258,57.22876799,0,1
45.19000000,57.38752129,56.80823787,56.97246855,57.24873302,0,1
45.20000000,57.34509624,56.70356393,56.99803388,57.31038770,0,1
45.21000000,57.28902080,56.67707210,56.99919607,57.21806359,0,1
45.22000000,57.29825741,56.67989871,56.95885158,57.18530848,0,1
45.23000000,57.33253135,56.82483096,56.97339098,57.17627652,0,1
45.24000000,57.23895962,56.75241218,57.00474634,57.15964505,0,1
45.25000000,57.25762613,56.67344253,57.00939721,57.26910343,0,1
45.26000000,57.21030623,56.63627951,57.07031441,57.20901649,0,1
45.27000000,57.32825880,56.72805598,56.99443925,57.25065046,0,1
45.28000000,57.34767741,56.81507368,57.02440816,57.34272635,0,1
45.29000000,57.29326306,56.74053129,56.98432830,57.28478932,0,1
45.30000000,57.23652203,56.74412695,56.97420535,57.20102731,0,1
45.31000000,57.29116644,56.67085255,57.05322583,57.28424039,0,1
45.32000000,57.31740569,56.71405303,57.11649694,57.25764881,0,1
45.33000000,57.38402959,56.70394206,56.85752902,57.17918525,0,1
45.34000000,57.20518393,56.71627404,56.90500683,57.20073221,0,1
45.35000000,57.22622132,56.68914430,56.91508945,57.15123947,0,1
45.36000000,57.27431931,56.68350312,57.05272287,57.18010519,0,1
45.37000000,57.32434027,56.75594113,57.02482805,57.31080145,0,1
45.38000000,57.30401175,56.71522952,57.00153243,57.32339665,0,1
45.39000000,57.36719394,56.76944499,56.99396448,57.20951888,0,1
45.40000000,57.27490115,56.66150538,57.02783613,57.27471311,0,1
45.41000000,57.28007978,56.64525271,56.96093099,57.30621775,0,1
45.42000000,57.30563310,56.71861753,57.06498041,57.18836928,0,1
45.43000000,57.30666414,56.75817598,57.00353442,57.24247274,0,1
45.44000000,57.43139597,56.80254879,57.02203460,57.23932428,0,1
45.45000000,57.30812039,56.69493550,56.94534244,57.17875208,0,1
45.46000000,57.30764788,56.65209307,56.96470952,57.22537027,0,1
45.47000000,57.28005536,56.65751510,57.04632115,57.24089289,0,1
45.48000000,57.30645708,56.78274896,57.04694457,57.27993916,0,1
45.49000000,57.36317368,56.80164643,57.02756012,57.28149230,0,1
45.50000000,57.27863778,56.76623417,57.08447454,57.29051407,0,1
45.51000000,57.34332407,56.71723223,56.98997766,57.20482390,0,1
45.52000000,57.26921173,56.70849018,56.94572163,57.27385990,0,1
45.53000000,57.33025351,56.74908554,56.97384948,57.24580687,0,1
45.54000000,57.27917317,56.72576917,56.98327313,57.28984139,0,1
45.55000000,57.36891797,56.74134328,56.93497052,57.22222225,0,1
45.56000000,57.33103891,56.68963413,56.98612747,57.08233464,0,1
45.57000000,57.25764470,56.73086282,56.99157302,57.23726955,0,1
45.58000000,57.34070043,56.68454391,56.91629465,57.23175067,0,1
45.59000000,57.22239041,56.72560054,56.93589764,57.16220042,0,1
45.60000000,57.28548269,56.67164898,56.96051380,57.29042291,0,1
45.61000000,57.28120183,56.72366822,57.06721047,57.26732035,0,1
45.62000000,57.34740725,56.76254803,57.00178535,57.25971124,0,1
45.63000000,57.33717879,56.73883476,56.99801437,57.28022137,0,1
45.64000000,57.27643641,56.69931287,56.98483442,57.26613794,0,1
45.65000000,57.28484150,56.62362976,57.02848886,57.23296176,0,1
45.66000000,57.27217244,56.66024600,57.07121021,57.22366596,0,1
45.67000000,57.34304641,56.70653513,57.05600097,57.16071099,0,1
45.68000000,57.30682656,56.70349917,57.09360308,57.22037454,0,1
45.69000000,57.31660563,56.66139788,57.04038498,57.22115180,0,1
45.70000000,57.26589237,56.66744602,57.02051850,57.29722980,0,1
45.71000000,57.29206341,56.69720182,57.05563970,57.27191819,0,1
45.72000000,57.33917801,56.71752256,57.05992996,57.29059295,0,1
45.73000000,57.31923063,56.69783270,57.05534785,57.28986879,0,1
45.74000000,57.31705072,56.67098562,57.01646498,57.23215890,0,1
45.75000000,57.29457549,56.68541422,56.98253883,57.17552056,0,1
45.76000000,57.36580234,56.68629535,57.02434216,57.20637395,0,1
45.77000000,57.40168657,56.69276549,56.98453336,57.19114505,0,1
45.78000000,57.39849900,56.65279254,56.99186687,57.17057862,0,1
45.79000000,57.34159380,56.67404474,57.01899753,57.20930179,0,1
45.80000000,57.33279117,56.68711466,57.06450582,57.27280154,0,1
45.81000000,57.28177634,56.67966766,57.04224498,57.26965908,0,1
45.82000000,57.35440697,56.67209738,57.03858753,57.27012414,0,1
45.83000000,57.39681342,56.69512664,57.03653092,57.27629588,0,1
45.84000000,57.40156994,56.70681883,57.05271074,57.27947678,0,1
45.85000000,57.35954193,56.67445450,57.09812702,57.25799718,0,1
45.86000000,57.31486581,56.75173584,57.09028834,57.27251527,0,1
45.87000000,57.37360507,56.75708301,57.08669134,57.23726940,0,1
45.88000000,57.42858321,56.72899833,57.01210336,57.16726245,0,1
45.89000000,57.35380134,56.65817612,57.00064041,57.14625127,0,1
45.90000000,57.33855982,56.65087193,57.02449364,57.21407095,0,1
45.91000000,57.32422299,56.70972315,56.98244780,57.19198855,0,1
45.92000000,57.38483189,56.74071740,56.96356690,57.17069491,0,1
45.93000000,57.37269289,56.73741451,57.00128963,57.24860334,0,1
45.94000000,57.43941369,56.69304196,57.07011841,57.30237086,0,1
45.95000000,57.35874726,56.66904386,57.09049775,57.26425718,0,1
45.96000000,57.39082093,56.73241904,57.04922528,57.20263952,0,1
45.97000000,57.33898345,56.74858421,57.06193617,57.24818391,0,1
45.98000000,57.35934519,56.70776727,57.07553350,57.23900268,0,1
45.99000000,57.41214676,56.69744200,57.08530619,57.21081721,0,1
46.00000000,57.40433978,56.68830372,57.08134581,57.12146188,0,1
46.01000000,57.35743873,56.74549606,57.11297592,57.24507589,0,1
46.02000000,57.34264646,56.71209304,57.07061406,57.30516261,0,1
46.03000000,57.33847181,56.71341949,57.04028402,57.17613073,0,1
46.04000000,57.42554009,56.68972512,57.02217450,57.20913784,0,1
46.05000000,57.46011190,56.69035972,57.08492220,57.31688972,0,1
46.06000000,57.40410225,56.74162185,57.07421944,57.21185599,0,1
46.07000000,57.34805463,56.72924702,57.01283416,57.20380082,0,1
46.08000000,57.41192146,56.75370618,57.05943117,57.23929310,0,1
46.09000000,57.40146349,56.70493819,57.10549350,57.18760863,0,1
46.10000000,57.49672063,56.70345483,57.01597943,57.11415303,0,1
46.11000000,57.31973780,56.65704043,57.10517432,57.16515573,0,1
46.12000000,57.39918678,56.75234411,57.06258958,57.25772962,0,1
46.13000000,57.46991496,56.78135765,57.11864183,57.20082759,0,1
46.14000000,57.27925656,56.68627360,57.10818982,57.27224963,0,1
46.15000000,57.38857407,56.70932393,57.09296848,57.30808597,0,1
46.16000000,57.26751691,56.73195831,57.07763821,57.20134402,0,1
46.17000000,57.43834428,56.76068779,57.08494863,57.26912287,0,1
46.18000000,57.48387507,56.72910507,57.03991078,57.28000418,0,1
46.19000000,57.45370224,56.69126938,57.06299810,57.17782741,0,1
46.20000000,57.26993644,56.65594906,57.03530287,57.21304977,0,1
46.21000000,57.33257108,56.72626056,57.00372437,57.18260431,0,1
46.22000000,57.29372576,56.76403229,57.09223417,57.09675636,0,1
46.23000000,57.38239601,56.72339861,56.98823401,57.28388925,0,1
46.24000000,57.43180130,56.69818719,57.08512963,57.18532221,0,1
46.25000000,57.34985656,56.66372150,57.07387805,57.19435267,0,1
46.26000000,57.37717054,56.74014173,57.03535561,57.28078710,0,1
46.27000000,57.36829603,56.73412365,57.10987367,57.28101500,0,1
46.28000000,57.32347946,56.73211338,57.07130982,57.28615942,0,1
46.29000000,57.36172868,56.69636455,57.14746213,57.28625592,0,1
46.30000000,57.29524487,56.71009467,57.25259158,57.25807079,0,1
46.31000000,57.45343334,56.75570185,57.08897337,57.28196122,0,1
46.32000000,57.35585925,56.72243878,57.01851596,57.15563456,0,1
46.33000000,57.38790652,56.75512595,56.99692733,57.13849914,0,1
46.34000000,57.32048059,56.69762881,57.09405498,57.28308492,0,1
46.35000000,57.34228992,56.72409849,57.25003773,57.28408954,0,1
46.36000000,57.37087898,56.80497876,57.20962780,57.25476624,0,1
46.37000000,57.42572891,56.73237547,57.05477467,57.31083343,0,1
46.38000000,57.36656362,56.71134601,57.01367584,57.32891585,0,1
46.39000000,57.36412559,56.69391555,56.99847749,57.26840751,0,1
46.40000000,57.43002626,56.73655052,57.06368359,57.29414267,0,1
46.41000000,57.41995323,56.85195314,57.11012224,57.23629281,0,1
46.42000000,57.42038329,56.77428330,57.13215517,57.21609836,0,1
46.43000000,57.40973651,56.72060315,57.06104218,57.17569042,0,1
46.44000000,57.37748459,56.72200961,57.07958840,57.20448700,0,1
46.45000000,57.41889908,56.71929236,57.08597383,57.23057002,0,1
46.46000000,57.35511908,56.73823582,57.13439856,57.29714087,0,1
46.47000000,57.32294390,56.74005811,57.12087160,57.27280736,0,1
46.48000000,57.36291221,56.79225225,57.12029451,57.26074408,0,1
46.49000000,57.43387764,56.80064215,57.07876657,57.27554971,0,1
46.50000000,57.44694272,56.77481342,57.04642539,57.26439313,0,1
46.51000000,57.42683540,56.74057690,57.10228018,57.31298506,0,1
46.52000000,57.37798983,56.75299484,57.12623497,57.29504073,0,1
46.53000000,57.40047220,56.80611185,57.12559109,57.22436664,0,1
46.54000000,57.39705437,56.79735706,57.06647915,57.24694324,0,1
46.55000000,57.39019339,56.72042385,57.00430665,57.22081355,0,1
46.56000000,57.35546807,56.65265432,57.00186606,57.17990799,0,1
46.57000000,57.35434674,56.69903911,57.05994209,57.22019844,0,1
46.58000000,57.30509143,56.78679999,57.10312499,57.25807324,0,1
46.59000000,57.36892315,56.84140015,57.09411377,57.25621429,0,1
46.60000000,57.35787877,56.75445717,57.10730460,57.26095309,0,1
46.61000000,57.35457140,56.67984720,57.09766145,57.26944815,0,1
46.62000000,57.38116395,56.67683773,57.05314647,57.24241875,0,1
46.63000000,57.32713884,56.75046835,57.07634803,57.26072287,0,1
46.64000000,57.27693273,56.74867290,57.03704995,57.27126043,0,1
46.65000000,57.23704267,56.74574090,56.99235378,57.15109283,0,1
46.66000000,57.27200039,56.71578922,56.98827254,57.10874906,0,1
46.67000000,57.28141024,56.71727550,57.01865149,57.25830776,0,1
46.68000000,57.31583558,56.70507900,57.07172858,57.28557184,0,1
46.69000000,57.28030365,56.70232298,57.06148055,57.31293229,0,1
46.70000000,57.31817940,56.67965560,57.05126630,57.36663900,0,1
46.71000000,57.24346642,56.71389093,57.05755190,57.29539262,0,1
46.72000000,57.25711197,56.74201685,57.10492562,57.27750173,0,1
46.73000000,57.25089990,56.77244697,57.04420089,57.34971191,0,1
46.74000000,57.28853227,56.72098003,56.99301786,57.28478830,0,1
46.75000000,57.29146815,56.71413339,57.02762875,57.27837491,0,1
46.76000000,57.33806496,56.69547493,56.99299048,57.29220090,0,1
46.77000000,57.30046814,56.69572708,57.06474364,57.25734595,0,1
46.78000000,57.28254488,56.77318690,57.08018952,57.28831810,0,1
46.79000000,57.32050730,56.75859204,57.15981400,57.32182661,0,1
46.80000000,57.31648118,56.78277570,57.11876121,57.33114475,0,1
46.81000000,57.32145562,56.75456429,57.05163359,57.40517177,0,1
46.82000000,57.34908100,56.77907052,57.00050013,57.37122141,0,1
46.83000000,57.30448542,56.76794431,57.03381154,57.33249574,0,1
46.84000000,57.35827899,56.77440437,57.01813916,57.35204714,0,1
46.85000000,57.32852187,56.77852771,57.01739792,57.26634699,0,1
46.86000000,57.37409156,56.80131825,57.01570723,57.27017255,0,1
46.87000000,57.32514509,56.79285975,56.98260082,57.25697810,0,1
46.88000000,57.29463110,56.76085029,56.94808968,57.19752388,0,1
46.89000000,57.35888046,56.71306789,56.97876304,57.27597382,0,1
46.90000000,57.35339550,56.78787179,57.00224137,57.28458977,0,1
46.91000000,57.37688526,56.76990371,57.02184110,57.27831121,0,1
46.92000000,57.30583339,56.87926239,56.99452700,57.26907902,0,1
46.93000000,57.30383643,56.74387495,57.03931487,57.34747633,0,1
46.94000000,57.29905614,56.77677598,57.01046228,57.31187079,0,1
46.95000000,57.43788108,56.69936500,56.94799473,57.24414169,0,1
46.96000000,57.30679512,56.74657815,56.99968561,57.23128081,0,1
46.97000000,57.40684412,56.88252188,57.01159019,57.24484078,0,1
46.98000000,57.29147824,56.79160926,56.98020862,57.10626067,0,1
46.99000000,57.33425862,56.79788593,56.93946721,57.19496654,0,1
47.00000000,57.34451462,56.71265746,56.99372102,57.28831130,0,1
47.01000000,57.33538428,56.74289655,57.06481567,57.26566264,0,1
47.02000000,57.33485226,56.75224956,57.03433474,57.38564103,0,1
47.03000000,57.31975676,56.79268026,56.95933117,57.38346369,0,1
47.04000000,57.27804024,56.79617768,57.01708352,57.23266560,0,1
47.05000000,57.36091720,56.78727141,56.96987902,57.30776483,0,1
47.06000000,57.36859526,56.76121024,57.07637242,57.30238905,0,1
47.07000000,57.31908714,56.79817448,57.02043138,57.21447553,0,1
47.08000000,57.27458037,56.77589076,57.02325978,57.24009354,0,1
47.09000000,57.40632583,56.73002787,56.99541840,57.23800722,0,1
47.10000000,57.17706117,56.73196899,56.94926344,57.21555812,0,1
47.11000000,57.33719867,56.72942929,56.96286211,57.28779859,0,1
47.12000000,57.19940532,56.72720823,57.02374500,57.33173337,0,1
47.13000000,57.33355231,56.76179352,56.95086901,57.30800576,0,1
47.14000000,57.29146195,56.77896292,56.99004852,57.28967526,0,1
47.15000000,57.30864426,56.76210229,56.94257801,57.25947962,0,1
47.16000000,57.26192890,56.73598874,57.02113163,57.25505198,0,1
47.17000000,57.27195362,56.76365103,56.96628793,57.25498027,0,1
47.18000000,57.27361134,56.72517127,57.04296341,57.29260014,0,1
47.19000000,57.33849291,56.73851484,56.98833849,57.30796446,0,1
47.20000000,57.24810249,56.69747866,56.94498305,57.24031256,0,1
47.21000000,57.25277872,56.70889699,56.96644274,57.24565828,0,1
47.22000000,57.22431251,56.69736116,57.01791315,57.31898450,0,1
47.23000000,57.25250781,56.72713380,57.05879734,57.27934004,0,1
47.24000000,57.31997640,56.77282966,57.03187602,57.26448628,0,1
47.25000000,57.30742481,56.73880933,56.99699774,57.35398071,0,1
47.26000000,57.21102064,56.70148984,57.07808316,57.28129067,0,1
47.27000000,57.28437144,56.67714854,56.98606500,57.30186494,0,1
47.28000000,57.29789533,56.68303721,56.94403822,57.31985203,0,1
47.29000000,57.29417622,56.68141770,56.99250639,57.26622470,0,1
47.30000000,57.30825962,56.70349182,56.97617052,57.21711953,0,1
47.31000000,57.25882027,56.67189449,56.94748318,57.17320409,0,1
47.32000000,57.24635589,56.72023413,56.96804658,57.18787501,0,1
47.33000000,57.26617635,56.71769210,56.99111397,57.23458930,0,1
47.34000000,57.23586284,56.68333674,57.03309590,57.24181514,0,1
47.35000000,57.31299670,56.69589236,57.04477588,57.33925474,0,1
47.36000000,57.31507003,56.69001799,57.02008101,57.29913087,0,1
47.37000000,57.31510755,56.75250989,57.01998334,57.28152754,0,1
47.38000000,57.29065886,56.68453649,56.97953888,57.32559445,0,1
47.39000000,57.23521652,56.62971029,56.96296613,57.29406265,0,1
47.40000000,57.28105488,56.66913682,56.95225222,57.21197222,0,1
47.41000000,57.29701009,56.68194995,56.97916196,57.21698605,0,1
47.42000000,57.27720826,56.73168739,56.95984253,57.17360678,0,1
47.43000000,57.24931217,56.71326768,56.88772072,57.16946060,0,1
47.44000000,57.29901292,56.72073872,56.92863665,57.24719594,0,1
47.45000000,57.22990315,56.68251186,56.96915524,57.20568996,0,1
47.46000000,57.26327052,56.66910379,56.98800785,57.27118435,0,1
47.47000000,57.23481553,56.70928391,56.96372045,57.28806713,0,1
47.48000000,57.26850278,56.70739651,57.00021107,57.21245429,0,1
47.49000000,57.32934485,56.71790315,56.92449405,57.17149135,0,1
47.50000000,57.30524029,56.68786363,56.92529146,57.18642473,0,1
47.51000000,57.30953397,56.69134873,56.96515887,57.19870957,0,1
47.52000000,57.27731410,56.65192802,57.01409589,57.25794905,0,1
47.53000000,57.24729583,56.69402073,56.93057784,57.19203698,0,1
47.54000000,57.26925454,56.62077104,56.96439100,57.16737068,0,1
47.55000000,57.28326789,56.68985966,56.99501088,57.24327544,0,1
47.56000000,57.26558788,56.66566087,56.98879940,57.17908986,0,1
47.57000000,57.31553986,56.66486881,56.97452722,57.16341105,0,1
47.58000000,57.29311348,56.67845497,57.03098066,57.29188127,0,1
47.59000000,57.29525592,56.69819021,57.02677189,57.22673040,0,1
47.60000000,57.29404520,56.68972334,57.05490479,57.19010570,0,1
47.61000000,57.30817015,56.68160286,57.02290879,57.20103995,0,1
47.62000000,57.26880979,56.68484054,56.95184166,57.16089413,0,1
47.63000000,57.36830395,56.68358762,56.98865276,57.10811116,0,1
47.64000000,57.26320045,56.63073506,56.87638373,57.18659945,0,1
47.65000000,57.31129638,56.68334135,56.95619983,57.24006058,0,1
47.66000000,57.30034586,56.65710288,57.05405974,57.22647218,0,1
47.67000000,57.25997248,56.70855981,57.01854712,57.21049429,0,1
47.68000000,57.32866362,56.60964308,56.99287047,57.24123788,0,1
47.69000000,57.36808475,56.70568926,56.96474941,57.22824948,0,1
47.70000000,57.27968209,56.68908217,56.95493654,57.22640774,0,1
47.71000000,57.32601924,56.71481410,57.00103708,57.28470228,0,1
47.72000000,57.20677485,56.70128645,56.99234152,57.16053772,0,1
47.73000000,57.39242776,56.66604827,56.98231283,57.14754262,0,1
47.74000000,57.31948702,56.72685723,57.00810304,57.18267237,0,1
47.75000000,57.35346307,56.66240628,56.91638277,57.03535685,0,1
47.76000000,57.28925466,56.71284939,56.99718623,57.17675524,0,1
47.77000000,57.38848516,56.69160603,57.02029792,57.32063419,0,1
47.78000000,57.24548741,56.75104322,57.03562484,57.19737834,0,1
47.79000000,57.36759924,56.64323281,57.00644649,57.25182465,0,1
47.80000000,57.26560785,56.74375037,57.00005870,57.34876528,0,1
47.81000000,57.33453220,56.71633689,57.01884885,57.21826572,0,1
47.82000000,57.30096980,56.68759924,56.98867100,57.16538539,0,1
47.83000000,57.38826593,56.71344976,57.01230482,57.20473219,0,1
47.84000000,57.28192499,56.69922540,56.97168029,57.19600207,0,1
47.85000000,57.37665209,56.76064871,56.98872307,57.15039564,0,1
47.86000000,57.25532724,56.65443804,56.93437990,57.11275247,0,1
47.87000000,57.35157858,56.68821732,56.93993804,57.18770780,0,1
47.88000000,57.32348588,56.65900249,56.97907769,57.19009934,0,1
47.89000000,57.26359685,56.73044306,56.93179574,57.16955904,0,1
47.90000000,57.29338291,56.71958068,56.97204985,57.22673582,0,1
47.91000000,57.26883559,56.72167266,56.90566981,57.20576391,0,1
47.92000000,57.28603219,56.70302406,56.96651332,57.16922157,0,1
47.93000000,57.29260822,56.68456002,56.99873574,57.24867542,0,1
47.94000000,57.36373050,56.66287007,56.98713189,57.11122202,0,1
47.95000000,57.30173465,56.64048864,56.98023975,57.16264809,0,1
47.96000000,57.30647268,56.76933786,56.95471713,57.17961279,0,1
47.97000000,57.22256603,56.67907815,56.98940147,57.09499628,0,1
47.98000000,57.28780876,56.65533856,57.01473733,57.18944642,0,1
47.99000000,57.27821727,56.63924825,56.99873637,57.23550086,0,1
48.00000000,57.28505642,56.68573450,57.05761716,57.19963392,0,1
48.01000000,57.27651388,56.71127829,56.97433687,57.22012975,0,1
48.02000000,57.26575757,56.70300043,56.93736577,57.29536258,0,1
48.03000000,57.27451476,56.66945840,56.93219391,57.19239364,0,1
48.04000000,57.31401668,56.64777756,56.99712082,57.18105968,0,1
48.05000000,57.24442213,56.66362760,57.01693417,57.21739341,0,1
48.06000000,57.26940799,56.69443364,56.95491265,57.14657869,0,1
48.07000000,57.28826607,56.70964248,56.89445074,57.06936164,0,1
48.08000000,57.30364965,56.66959069,56.91059935,57.13082380,0,1
48.09000000,57.26573545,56.63963255,56.92909242,57.14145171,0,1
48.10000000,57.26249537,56.62617142,56.99293104,57.16852354,0,1
48.11000000,57.24137982,56.65270079,57.03430534,57.27385085,0,1
48.12000000,57.25711447,56.68634931,56.97746937,57.23508515,0,1
48.13000000,57.16217406,56.64647235,56.93821985,57.15425878,0,1
48.14000000,57.15303911,56.61591383,56.94940899,57.22349949,0,1
48.15000000,57.22617977,56.62228606,56.94351580,57.20766075,0,1
48.16000000,57.26232761,56.66045233,56.95322158,57.12325634,0,1
48.17000000,57.30080948,56.65532278,56.93658681,57.14864032,0,1
48.18000000,57.23156788,56.60295675,56.91872372,57.14526197,0,1
48.19000000,57.18500738,56.54903602,56.89607729,57.08657285,0,1
48.20000000,57.18805699,56.57635030,56.90573207,57.13892612,0,1
48.21000000,57.24225876,56.64637008,56.96860203,57.18526190,0,1
48.22000000,57.15862699,56.60621667,56.93022952,57.18451079,0,1
48.23000000,57.20604495,56.59421637,56.89178136,57.23728270,0,1
48.24000000,57.22419913,56.58495040,56.93813914,57.19225336,0,1
48.25000000,57.21852677,56.65046426,57.00526293,57.16828470,0,1
48.26000000,57.17354927,56.61992455,57.00964469,57.20742777,0,1
48.27000000,57.15282605,56.60792374,57.01658573,57.21349874,0,1
48.28000000,57.20066371,56.54458697,57.02146516,57.11195040,0,1
48.29000000,57.26529861,56.57793626,57.03046334,57.11846534,0,1
48.30000000,57.22928833,56.58522293,56.89236819,57.14087526,0,1
48.31000000,57.21559325,56.60225546,56.82065647,57.13945016,0,1
48.32000000,57.14064598,56.62526753,56.87110564,57.15142150,0,1
48.33000000,57.13771975,56.59958675,56.93709323,57.18050012,0,1
48.34000000,57.27101422,56.60465082,56.91221072,57.21011187,0,1
48.35000000,57.28956497,56.58211408,56.93118999,57.20064270,0,1
48.36000000,57.26526098,56.59999056,56.89115208,57.23197891,0,1
48.37000000,57.15534703,56.63284613,56.87556608,57.15661925,0,1
48.38000000,57.18586752,56.67528137,56.91913890,57.12372240,0,1
48.39000000,57.23926817,56.62730218,56.96840837,57.15189858,0,1
48.40000000,57.27442745,56.52335448,56.89725027,57.08437565,0,1
48.41000000,57.20077874,56.57829904,56.94179404,57.02492605,0,1
48.42000000,57.22218216,56.58363386,56.90283086,57.17554820,0,1
48.43000000,57.21241699,56.70431830,56.90383852,57.15224317,0,1
48.44000000,57.20814071,56.64670300,56.91138959,57.14687975,0,1
48.45000000,57.26872211,56.68089777,56.92004502,57.18853252,0,1
48.46000000,57.22937377,56.58822773,56.89838838,57.15949599,0,1
48.47000000,57.27909342,56.62731524,56.98280727,57.16850425,0,1
48.48000000,57.26840483,56.56734904,56.83283830,57.19209821,0,1
48.49000000,57.18899750,56.68093848,56.83445577,57.07603852,0,1
48.50000000,57.26467348,56.56604347,56.80957645,57.07269618,0,1
48.51000000,57.29984325,56.74694102,56.91529762,57.04207455,0,1
48.52000000,57.28421908,56.61663196,56.90744569,57.01255747,0,1
48.53000000,57.32620204,56.67330823,56.92909484,57.18402170,0,1
48.54000000,57.24614407,56.55364747,56.86721006,57.19351154,0,1
48.55000000,57.25544834,56.63471613,56.94984284,56.98054458,0,1
48.56000000,57.25140090,56.67583166,56.94604949,57.26847613,0,1
48.57000000,57.30661569,56.68942395,56.88958784,57.15222874,0,1
48.58000000,57.24212944,56.56907755,56.90875812,56.92733509,0,1
48.59000000,57.23303541,56.58080496,56.94351234,57.14209226,0,1
48.60000000,57.27490741,56.59816193,56.91998688,57.21580908,0,1
48.61000000,57.35893437,56.65219311,56.94070038,57.00985177,0,1
48.62000000,57.34025168,56.67918864,56.92290587,56.98893892,0,1
48.63000000,57.25044810,56.59514912,56.92067962,57.09773257,0,1
48.64000000,57.24522330,56.59697104,56.96379016,57.11747250,0,1
48.65000000,57.22584449,56.56874823,56.94104011,57.04789459,0,1
48.66000000,57.28035393,56.61268664,56.90222819,57.16466426,0,1
48.67000000,57.32416758,56.64242176,56.90187815,57.20804957,0,1
48.68000000,57.27149553,56.61997620,56.87065660,57.06264269,0,1
48.69000000,57.30292181,56.57045564,56.91190831,57.09262774,0,1
48.70000000,57.20934178,56.57937234,56.93535201,57.10863018,0,1
48.71000000,57.26341941,56.59525008,56.94482171,57.09482013,0,1
48.72000000,57.25178857,56.58590244,56.98973928,57.11396676,0,1
48.73000000,57.26135282,56.57775056,56.94260017,57.01630581,0,1
48.74000000,57.24779333,56.56990013,56.93690031,57.04689527,0,1
48.75000000,57.30186319,56.58158108,56.90655015,57.10912883,0,1
48.76000000,57.19170127,56.60938035,56.89250796,57.04797883,0,1
48.77000000,57.26801608,56.59107083,56.96444803,57.13602395,0,1
48.78000000,57.19246308,56.53539241,56.96780491,57.20559448,0,1
48.79000000,57.23406377,56.52181347,56.97077458,57.12570827,0,1
48.80000000,57.21771919,56.58180223,56.96027018,57.08770456,0,1
48.81000000,57.23808750,56.60214815,56.93184994,57.11312374,0,1
48.82000000,57.24316155,56.54942267,56.88916920,57.05842331,0,1
48.83000000,57.31534499,56.53613965,56.93933374,57.01644280,0,1
48.84000000,57.26977219,56.53826800,56.99108823,57.01338931,0,1
48.85000000,57.22577659,56.58386418,56.97217342,57.04699997,0,1
48.86000000,57.23218986,56.53392135,56.96046495,57.09083506,0,1
48.87000000,57.21540592,56.52378422,56.93145006,57.05684311,0,1
48.88000000,57.23694965,56.55023637,56.96161139,57.07403483,0,1
48.89000000,57.26671297,56.55059715,56.95257264,57.12188306,0,1
48.90000000,57.28120995,56.56203375,56.95059509,57.12205410,0,1
48.91000000,57.18185539,56.55985331,56.97871867,57.07030219,0,1
48.92000000,57.22124020,56.56107414,57.01719636,57.09283107,0,1
48.93000000,57.24039674,56.55499502,57.01400408,57.08132667,0,1
48.94000000,57.29544836,56.50832258,57.01015468,57.03912142,0,1
48.95000000,57.29780107,56.51847764,56.97453761,57.03441468,0,1
48.96000000,57.19238873,56.55242945,56.85764924,57.08050347,0,1
48.97000000,57.22347051,56.55861730,56.88677820,57.06577987,0,1
48.98000000,57.20108294,56.57546217,56.88601142,57.09824638,0,1
48.99000000,57.22643881,56.58226907,56.91582620,57.12334311,0,1
49.00000000,57.24411841,56.50439439,56.87127363,57.04823038,0,1
49.01000000,57.19084967,56.46971034,56.87975780,57.05636291,0,1
49.02000000,57.23335746,56.53873539,56.86005170,57.06574548,0,1
49.03000000,57.20366712,56.58280557,56.85061279,57.07787256,0,1
49.04000000,57.21765284,56.59641693,56.88065459,57.01218520,0,1
49.05000000,57.21978058,56.46791358,56.88399892,56.99033379,0,1
49.06000000,57.15240538,56.45673591,56.93737699,56.99453700,0,1
49.07000000,57.13227851,56.48567976,56.87277416,56.99921348,0,1
49.08000000,57.20034708,56.55276511,56.86187538,57.00934798,0,1
49.09000000,57.25154723,56.55829880,56.87364139,57.04075990,0,1
49.10000000,57.08740311,56.46626798,56.88985532,57.02041673,0,1
49.11000000,57.15176146,56.44059047,56.89634530,57.09703815,0,1
49.12000000,57.08513190,56.45239394,56.89794089,57.10239011,0,1
49.13000000,57.23332960,56.52655223,56.90097457,57.03275578,0,1
49.14000000,57.16535486,56.49743663,56.87879312,57.09780055,0,1
49.15000000,57.12855777,56.51465998,56.90046484,57.04556677,0,1
49.16000000,57.14637422,56.45108983,56.88562498,56.88231346,0,1
49.17000000,57.19072857,56.51594097,56.92421042,56.99027059,0,1
49.18000000,57.16599563,56.50811049,56.86727171,57.05512866,0,1
49.19000000,57.12951396,56.42735120,56.83691571,56.94983684,0,1
49.20000000,57.06484399,56.39693803,56.82369780,57.03470294,0,1
49.21000000,57.13866863,56.46205146,56.91495814,57.11418440,0,1
49.22000000,57.20005926,56.50317353,56.92683410,57.03288439,0,1
49.23000000,57.15406189,56.52156163,56.87956274,57.02323091,0,1
49.24000000,57.13457622,56.51686533,56.85110095,57.12736417,0,1
49.25000000,57.13876010,56.46881195,56.81376508,56.98468963,0,1
49.26000000,57.12381904,56.47740991,56.96670610,57.07356271,0,1
49.27000000,57.25359809,56.45959457,56.86095562,57.09380433,0,1
49.28000000,57.12790192,56.49442724,56.83869978,56.87959100,0,1
49.29000000,57.14715622,56.51750307,56.76335080,56.91295375,0,1
49.30000000,57.12623052,56.48031013,56.81363290,57.11886218,0,1
49.31000000,57.07783311,56.50937015,56.84069290,56.97567170,0,1
49.32000000,57.17835418,56.50856299,56.84146104,57.06555724,0,1
49.33000000,57.21846597,56.55107006,56.80273966,57.09357346,0,1
49.34000000,57.21621971,56.52004211,56.87793899,56.98560772,0,1
49.35000000,57.12375732,56.53648088,56.85572811,56.97581700,0,1
49.36000000,57.13204640,56.49561570,56.82599237,57.04027822,0,1
49.37000000,57.06339886,56.47782882,56.79964426,57.00200735,0,1
49.38000000,57.18796130,56.52334547,56.76035058,56.98675700,0,1
49.39000000,57.11931406,56.53619043,56.81781396,56.99200330,0,1
49.40000000,57.09916764,56.50725790,56.75272840,56.91480601,0,1
49.41000000,57.15769835,56.47392749,56.81766083,56.97278092,0,1
49.42000000,57.09191883,56.46455298,56.81887568,57.05953184,0,1
49.43000000,57.22242643,56.56461518,56.84342655,57.02169312,0,1
49.44000000,57.12100448,56.52058851,56.84317667,57.07121179,0,1
49.45000000,57.09716948,56.44472831,56.80334288,57.09615872,0,1
49.46000000,57.04102292,56.44103507,56.80800578,56.99826225,0,1
49.47000000,57.13510006,56.50736663,56.76433534,56.99922415,0,1
49.48000000,57.13401811,56.54251156,56.77581155,57.01645211,0,1
49.49000000,57.16279459,56.49868891,56.72691397,56.97186221,0,1
49.50000000,57.08566515,56.46702930,56.82912452,56.93401515,0,1
49.51000000,57.07356745,56.49827389,56.86779679,56.99621836,0,1
49.52000000,57.09106726,56.49856508,56.85479935,57.00203584,0,1
49.53000000,57.09772298,56.51356501,56.84710126,57.03128461,0,1
49.54000000,57.09965239,56.51226628,56.82057602,57.10038275,0,1
49.55000000,57.10014382,56.47161697,56.75522308,57.06490206,0,1
49.56000000,57.02737513,56.47424639,56.79589299,57.06209341,0,1
49.57000000,57.11106266,56.48073457,56.77848391,57.08582258,0,1
49.58000000,57.07041524,56.52415717,56.75400769,57.05601957,0,1
49.59000000,57.11099248,56.51240096,56.73578975,56.99721927,0,1
49.60000000,57.06155663,56.47529212,56.83449441,56.96991888,0,1
49.61000000,57.07352839,56.49148307,56.80309003,56.99633717,0,1
49.62000000,57.07089891,56.49825749,56.77676587,57.06224124,0,1
49.63000000,57.09389780,56.47687852,56.73067392,57.04547825,0,1
49.64000000,57.06189478,56.47311975,56.74598359,57.08917925,0,1
49.65000000,57.03546886,56.49060065,56.83233321,57.12832766,0,1
49.66000000,57.06932109,56.51988235,56.78363513,57.09694470,0,1
49.67000000,57.05871323,56.53988796,56.73140476,57.03132814,0,1
49.68000000,57.08214020,56.52573756,56.73994377,57.06844111,0,1
49.69000000,57.05651314,56.50141392,56.74220617,57.08362746,0,1
49.70000000,57.08257972,56.48658934,56.75811544,57.04858314,0,1
49.71000000,57.08268576,56.50663660,56.79179135,57.03734430,0,1
49.72000000,57.14955552,56.54591777,56.75160174,56.99634604,0,1
49.73000000,57.12880793,56.56878213,56.73932445,56.96791712,0,1
49.74000000,57.15166080,56.54562300,56.74231270,57.00806953,0,1
49.75000000,57.08652665,56.53964496,56.80537860,57.04365543,0,1
49.76000000,57.08984833,56.56425653,56.82201363,57.05165448,0,1
49.77000000,57.14247649,56.58449762,56.82897861,57.14212382,0,1
49.78000000,57.17336732,56.55349360,56.81075533,57.07286791,0,1
49.79000000,57.20234129,56.53034194,56.83207252,57.04672944,0,1
49.80000000,57.18432566,56.53516432,56.81289967,57.08429997,0,1
49.81000000,57.14051252,56.58570715,56.82522429,57.02812313,0,1
49.82000000,57.14144661,56.57767711,56.82786390,56.99988130,0,1
49.83000000,57.10183644,56.55687149,56.80394010,57.01118575,0,1
49.84000000,57.13191498,56.59176802,56.76698209,56.96768726,0,1
49.85000000,57.18246622,56.58053836,56.77443486,57.03044013,0,1
49.86000000,57.15275822,56.51269515,56.78315149,57.07483304,0,1
49.87000000,57.17818492,56.57126111,56.77282770,57.04808390,0,1
49.88000000,57.14104454,56.55400452,56.75991196,57.07771185,0,1
49.89000000,57.11441221,56.60149206,56.74680546,57.06494858,0,1
49.90000000,57.05936024,56.55345225,56.75150880,57.00968766,0,1
49.91000000,57.09753246,56.52443349,56.73676886,57.04704138,0,1
49.92000000,57.13073555,56.54574777,56.69588970,57.01444017,0,1
49.93000000,57.22371069,56.57735253,56.70442673,56.92177687,0,1
49.94000000,57.12931876,56.58051068,56.73714033,56.94639531,0,1
49.95000000,57.01236523,56.49767587,56.76388718,57.02466829,0,1
49.96000000,56.97488177,56.48451091,56.77546835,57.06796412,0,1
49.97000000,56.88957442,56.46737381,56.79386704,57.06862151,0,1
49.98000000,57.05398814,56.52510586,56.81358041,57.10881542,0,1
49.99000000,56.97944643,56.51277179,56.79703381,57.12497460,0,1
