time_s,wheel0_corrected_rad_s,wheel1_corrected_rad_s,wheel2_corrected_rad_s,wheel3_corrected_rad_s,FL_blowout_signal,RR_blowout_signal
0.00000000,56.11448592,55.93246102,55.83884623,55.86414753,0,0
0.01000000,56.16221139,55.98521418,55.84798327,55.80918649,0,0
0.02000000,56.16299265,55.94931738,55.80716195,55.82126485,0,0
0.03000000,56.23213131,55.92827603,55.74176751,55.83905820,0,0
0.04000000,56.14332365,55.86172924,55.79930776,55.87999006,0,0
0.05000000,56.13594617,55.91925027,55.79441393,55.89663970,0,0
0.06000000,56.22134554,55.97905388,55.81720241,55.89323047,0,0
0.07000000,56.18351298,56.03843581,55.81732932,55.90163421,0,0
0.08000000,56.16865403,55.91317025,55.67014167,55.88945308,0,0
0.09000000,56.14572169,55.92136400,55.78386422,55.89789903,0,0
0.10000000,56.10998590,55.86036843,55.79133489,55.92689986,0,0
0.11000000,56.20801370,55.95045536,55.86694390,55.87919544,0,0
0.12000000,56.12549669,55.94244659,55.83194300,55.91832499,0,0
0.13000000,56.09549298,55.96205287,55.80791217,55.87830730,0,0
0.14000000,56.19260129,55.90189258,55.81698298,55.90317194,0,0
0.15000000,56.22029981,55.97537663,55.82692932,55.88690485,0,0
0.16000000,56.27019272,55.99941207,55.81857787,55.89787376,0,0
0.17000000,56.11590602,55.95541801,55.76015924,55.94767450,0,0
0.18000000,56.09863911,55.93433917,55.82909813,55.96096249,0,0
0.19000000,56.13958489,55.99121393,55.85153206,55.91302610,0,0
0.20000000,56.31075718,55.99080531,55.86468580,55.93499453,0,0
0.21000000,56.22092579,55.91861615,55.80782889,55.93547741,0,0
0.22000000,56.17246948,55.90903757,55.84189064,55.84526259,0,0
0.23000000,56.14175305,55.91857669,55.82270846,55.86999034,0,0
0.24000000,56.12106331,55.93062132,55.82612582,55.92515606,0,0
0.25000000,56.21439389,56.00931045,55.73881445,55.84591320,0,0
0.26000000,56.15178590,55.93462516,55.75805051,55.87956753,0,0
0.27000000,56.20269223,55.95299545,55.74924494,55.84665833,0,0
0.28000000,56.09012948,55.90554693,55.83837001,55.82929979,0,0
0.29000000,56.14050650,55.96280773,55.78318184,55.88029063,0,0
0.30000000,56.17046379,55.98183000,55.74289344,55.84343524,0,0
0.31000000,56.25194659,55.95772982,55.72095890,55.89456958,0,0
0.32000000,56.12656481,55.91110606,55.76076675,55.93931100,0,0
0.33000000,56.11299871,55.87834640,55.84680224,55.94211140,0,0
0.34000000,56.08882588,55.93738483,55.80283429,55.97311163,0,0
0.35000000,56.15190769,55.87949855,55.81607457,55.91365895,0,0
0.36000000,56.19552336,55.88277380,55.82874428,55.87136653,0,0
0.37000000,56.15536757,55.88379538,55.86748551,55.87917343,0,0
0.38000000,56.17752185,55.94013567,55.84430121,55.89264592,0,0
0.39000000,56.13251429,55.98232389,55.84248134,55.89799141,0,0
0.40000000,56.13359558,55.95110437,55.87752898,55.96074814,0,0
0.41000000,56.14094667,55.91339089,55.80604497,55.90814028,0,0
0.42000000,56.18914050,55.95733037,55.75983592,55.94031855,0,0
0.43000000,56.18471078,55.94998638,55.74015466,55.97295885,0,0
0.44000000,56.15617962,55.89284306,55.80998089,55.90368896,0,0
0.45000000,56.06478312,55.86667153,55.82603931,55.81239148,0,0
0.46000000,56.08370367,55.83816997,55.78971778,55.81275852,0,0
0.47000000,56.12733055,55.86416715,55.76466187,55.80574463,0,0
0.48000000,56.15276003,55.87459757,55.79621568,55.79040063,0,0
0.49000000,56.13279263,55.94669119,55.73906207,55.83070088,0,0
0.50000000,56.08457376,55.92009176,55.76241043,55.88608507,0,0
0.51000000,56.09329121,55.92598783,55.75302996,55.93435508,0,0
0.52000000,56.14673813,55.93582776,55.75071356,55.98899721,0,0
0.53000000,56.17781995,55.87428896,55.76968250,55.94972930,0,0
0.54000000,56.03955549,55.84727663,55.79230957,55.88501079,0,0
0.55000000,56.07518064,55.82380060,55.87367316,55.88081550,0,0
0.56000000,56.11272338,55.92226811,55.89045774,55.82689846,0,0
0.57000000,56.22717426,55.91180383,55.89659074,55.90872999,0,0
0.58000000,56.17732515,55.89578231,55.88210358,55.89493085,0,0
0.59000000,56.08073802,55.92238247,55.82221665,55.86020556,0,0
0.60000000,56.02966844,55.91773281,55.77323505,55.94739089,0,0
0.61000000,56.18602572,55.92154900,55.78651766,55.94184387,0,0
0.62000000,56.20674552,55.93376382,55.79184199,55.91027437,0,0
0.63000000,56.21627269,55.85938690,55.81997397,55.91210161,0,0
0.64000000,56.13580997,55.93271875,55.75194711,55.87631665,0,0
0.65000000,56.09341911,55.97055802,55.78484102,55.84296753,0,0
0.66000000,56.15036830,55.92134328,55.76450900,55.87174920,0,0
0.67000000,56.08605527,55.88993885,55.76668622,55.82502274,0,0
0.68000000,56.18135752,55.85974876,55.70343570,55.80505572,0,0
0.69000000,56.16265576,55.89998150,55.76070860,55.88243608,0,0
0.70000000,56.21018584,55.95017774,55.78740231,55.84890245,0,0
0.71000000,55.99156225,55.94679707,55.77435531,55.78425498,0,0
0.72000000,56.14293335,55.88555487,55.74179833,55.80931367,0,0
0.73000000,56.09339522,55.87966539,55.72580091,55.84640410,0,0
0.74000000,56.20046415,55.88146432,55.71427272,55.85133384,0,0
0.75000000,56.12407844,55.93530559,55.73693259,55.86186248,0,0
0.76000000,56.08778161,55.91756389,55.73567413,55.92194795,0,0
0.77000000,56.07356886,55.89213313,55.78899248,55.93845949,0,0
0.78000000,56.13297754,55.85250037,55.89401741,55.90766692,0,0
0.79000000,56.13957002,55.88125733,55.91223437,55.92390255,0,0
0.80000000,56.13670787,55.88640871,55.91476491,55.86583607,0,0
0.81000000,56.16615671,55.93147010,55.81186719,55.84234568,0,0
0.82000000,56.16146823,55.98747679,55.69517301,55.84907599,0,0
0.83000000,56.19361311,55.98053259,55.68981336,55.84654981,0,0
0.84000000,56.07924435,55.93206579,55.71127022,55.88795628,0,0
0.85000000,56.11970280,55.91242994,55.76224360,55.89320082,0,0
0.86000000,56.11523570,55.92628902,55.79526170,55.95376489,0,0
0.87000000,56.19063124,55.86478184,55.81663331,55.94432146,0,0
0.88000000,56.15811674,55.89158022,55.77920320,55.85592662,0,0
0.89000000,56.18742094,55.93331896,55.81956249,55.83867773,0,0
0.90000000,56.14393977,55.94000768,55.74177731,55.82626031,0,0
0.91000000,56.12274364,55.92879855,55.73359066,55.80006363,0,0
0.92000000,56.10226771,55.90939715,55.77247139,55.84300069,0,0
0.93000000,56.13081260,55.92282288,55.77725837,55.82049832,0,0
0.94000000,56.17283742,55.93048463,55.75995628,55.86807658,0,0
0.95000000,56.18261386,55.94522443,55.80662459,55.88703257,0,0
0.96000000,56.19727156,55.94087614,55.83824277,55.93146885,0,0
0.97000000,56.11331359,55.90029587,55.81007218,55.95747726,0,0
0.98000000,56.10400751,55.87230478,55.78701637,55.93902492,0,0
0.99000000,56.10406885,55.84915795,55.72447999,55.85577695,0,0
1.00000000,56.18087805,55.87095052,55.75555279,55.80536630,0,0
1.01000000,56.14231805,55.92090725,55.72788613,55.79874865,0,0
1.02000000,56.22091804,55.92149597,55.75727873,55.77434884,0,0
1.03000000,56.10337358,55.93357061,55.75608297,55.87582730,0,0
1.04000000,56.16911351,55.90920918,55.78873428,55.89073135,0,0
1.05000000,56.17872385,55.91099906,55.81353928,55.86025042,0,0
1.06000000,56.18467408,55.89272321,55.83773661,55.90162435,0,0
1.07000000,56.19362995,55.91157696,55.84232096,55.89360979,0,0
1.08000000,56.15361628,55.89817236,55.75423768,55.83605737,0,0
1.09000000,56.12064024,55.90473059,55.80054275,55.92200557,0,0
1.10000000,56.10577148,55.86390176,55.80840256,55.84993866,0,0
1.11000000,56.17870366,55.89245600,55.89205725,55.85187673,0,0
1.12000000,56.16832974,55.88956432,55.78187505,55.89908803,0,0
1.13000000,56.26143458,55.87812688,55.83555102,55.88195110,0,0
1.14000000,56.14379839,55.92575047,55.82422780,55.83889971,0,0
1.15000000,56.18936456,55.90827412,55.82345236,55.82207610,0,0
1.16000000,56.09899227,55.87116304,55.74831656,55.79789684,0,0
1.17000000,56.16877791,55.92758892,55.81930922,55.78233322,0,0
1.18000000,56.19534396,55.90236221,55.80974383,55.83150645,0,0
1.19000000,56.32982232,55.95788231,55.84112611,55.91241357,0,0
1.20000000,56.16569139,55.90410893,55.79193849,55.94940705,0,0
1.21000000,56.24410709,55.88974543,55.80464168,55.93405449,0,0
1.22000000,56.12490199,55.89688814,55.87667021,55.89329304,0,0
1.23000000,56.17551674,55.91558281,55.91746667,55.89169503,0,0
1.24000000,56.27183615,55.88757225,55.79141345,55.86953930,0,0
1.25000000,56.17066369,55.90083251,55.85053559,55.78058781,0,0
1.26000000,56.21442207,55.96612685,55.75857134,55.80630503,0,0
1.27000000,56.16283161,55.95111796,55.77698421,55.81307432,0,0
1.28000000,56.12736544,55.94410880,55.81710409,55.84435068,0,0
1.29000000,56.20337591,55.86856047,55.79349225,55.92040514,0,0
1.30000000,56.17963872,55.89471402,55.77872894,55.85546348,0,0
1.31000000,56.17657777,55.92690480,55.83144215,55.90206796,0,0
1.32000000,56.16989484,55.90134253,55.80568999,55.88769994,0,0
1.33000000,56.16192825,55.91824814,55.77616117,55.75737789,0,0
1.34000000,56.17699408,55.85940821,55.78131446,55.78392667,0,0
1.35000000,56.15845207,55.85705759,55.77005823,55.79682311,0,0
1.36000000,56.18229044,55.90044941,55.81065345,55.82473885,0,0
1.37000000,56.11376341,55.98040693,55.78676268,55.87273299,0,0
1.38000000,56.17397608,55.85989268,55.80753176,55.89074383,0,0
1.39000000,56.06800206,55.85107637,55.83551595,55.87320042,0,0
1.40000000,56.17506544,55.84036480,55.83463758,55.88441990,0,0
1.41000000,56.17537553,55.92652973,55.80413045,55.90831500,0,0
1.42000000,56.17167303,55.89241277,55.82802289,55.91377942,0,0
1.43000000,56.12691940,55.86137457,55.86216104,55.93391156,0,0
1.44000000,56.13314591,55.88896245,55.87389691,55.89936293,0,0
1.45000000,56.14672019,55.93199569,55.83314220,55.89684420,0,0
1.46000000,56.20314586,55.92044015,55.79208110,55.87716326,0,0
1.47000000,56.14681630,55.91207952,55.77778465,55.85807518,0,0
1.48000000,56.14104119,55.89446969,55.77309381,55.80224988,0,0
1.49000000,56.17641796,55.88599889,55.82321955,55.87313181,0,0
1.50000000,56.18476575,55.96381741,55.84591177,55.88897941,0,0
1.51000000,56.20554938,55.94938327,55.84052778,55.88649466,0,0
1.52000000,56.19468257,55.91298164,55.78211063,55.89095250,0,0
1.53000000,56.18160448,55.91597125,55.81375521,55.93297731,0,0
1.54000000,56.14746828,55.85032323,55.85433089,55.94467753,0,0
1.55000000,56.17094636,55.88431456,55.88032445,55.86575468,0,0
1.56000000,56.17233276,55.89070213,55.84448477,55.79760886,0,0
1.57000000,56.17835627,55.89388234,55.84195990,55.83504820,0,0
1.58000000,56.11140034,55.93458137,55.80322494,55.82955203,0,0
1.59000000,56.15135288,55.94552994,55.80300373,55.76734236,0,0
1.60000000,56.18050498,55.92794232,55.78699278,55.83939628,0,0
1.61000000,56.23100834,55.90847415,55.83590838,55.87176817,0,0
1.62000000,56.16721893,55.93335201,55.88676866,55.95588711,0,0
1.63000000,56.21933268,55.90902294,55.80200208,55.96402028,0,0
1.64000000,56.16607787,55.97238039,55.83086437,55.95005567,0,0
1.65000000,56.24263631,55.90700415,55.79312508,55.92963964,0,0
1.66000000,56.25143402,55.93837490,55.81024398,55.84826803,0,0
1.67000000,56.24212262,55.89582456,55.79904498,55.83848244,0,0
1.68000000,56.22326054,55.93638019,55.80790538,55.89502771,0,0
1.69000000,56.18261458,55.94482084,55.84776390,55.86310860,0,0
1.70000000,56.23022022,55.97802182,55.85773868,55.87906688,0,0
1.71000000,56.22469985,55.94269790,55.78659241,55.90236410,0,0
1.72000000,56.20308098,55.91897598,55.83744026,55.88138828,0,0
1.73000000,56.21143334,55.95638044,55.99603584,55.84959734,0,0
1.74000000,56.20161750,55.91215211,55.85240119,55.89120950,0,0
1.75000000,56.16334192,55.93872864,55.78164367,55.86490898,0,0
1.76000000,56.19731912,55.87978700,55.78612841,55.80600122,0,0
1.77000000,56.14341635,55.87470870,55.78434907,55.87394107,0,0
1.78000000,56.16078713,55.93242690,55.84198039,55.85918783,0,0
1.79000000,56.22333887,55.90088156,55.77135840,55.87672124,0,0
1.80000000,56.23347321,55.88647962,55.82473019,55.91726700,0,0
1.81000000,56.20939004,55.91476589,55.78693940,55.78043047,0,0
1.82000000,56.19873015,55.92486468,55.80522810,55.82750862,0,0
1.83000000,56.03080430,55.89246265,55.87576240,55.88386907,0,0
1.84000000,56.22528487,55.97549976,55.88619077,55.90932572,0,0
1.85000000,56.19416622,55.93928379,55.88749274,55.96333762,0,0
1.86000000,56.26254842,55.94679019,55.84161917,55.98630493,0,0
1.87000000,56.17253537,55.84479673,55.89738378,55.94793831,0,0
1.88000000,56.22591696,55.89259671,55.91756571,55.93766487,0,0
1.89000000,56.14228767,55.96206268,55.96384244,55.90054837,0,0
1.90000000,56.24996695,55.99367927,55.91000884,55.88111669,0,0
1.91000000,56.13868635,55.86639984,55.89905861,55.91939509,0,0
1.92000000,56.21659451,55.91060729,55.82265996,55.85892304,0,0
1.93000000,56.23892422,55.90615459,55.83679203,55.92692663,0,0
1.94000000,56.28807590,56.01964486,55.86170436,55.94368342,0,0
1.95000000,56.20427930,56.03328339,55.87928935,55.91875833,0,0
1.96000000,56.16379361,55.91533390,55.80818367,55.96244860,0,0
1.97000000,56.18493946,55.90990234,55.85253029,55.91296790,0,0
1.98000000,56.29015884,55.91569010,55.88726543,55.85238488,0,0
1.99000000,56.24952865,55.95502193,55.90284384,55.88666738,0,0
2.00000000,56.22867226,56.01634802,55.83979026,55.82677625,0,0
2.01000000,56.22528592,55.94499933,55.83817209,55.83933159,0,0
2.02000000,56.23597434,55.96908929,55.86311272,55.90168655,0,0
2.03000000,56.23407668,55.99373701,55.83517306,55.87963165,0,0
2.04000000,56.22342155,55.95573532,55.82456726,55.94883041,0,0
2.05000000,56.21012357,55.95624370,55.88398822,55.94616838,0,0
2.06000000,56.21504125,55.96061037,55.91231751,55.93299916,0,0
2.07000000,56.29166970,55.98413673,55.93656441,55.98694831,0,0
2.08000000,56.26421388,56.00210417,55.89030351,55.97427871,0,0
2.09000000,56.30090263,55.99497427,55.85369326,55.90203003,0,0
2.10000000,56.19851217,55.95383716,55.82428473,55.89142479,0,0
2.11000000,56.26192323,56.00354127,55.83879579,55.89442785,0,0
2.12000000,56.24197706,55.96467915,55.83871983,55.94554205,0,0
2.13000000,56.25618825,55.98510327,55.85167859,55.92628713,0,0
2.14000000,56.22004064,56.00790772,55.86051307,55.82805942,0,0
2.15000000,56.30051529,55.97244621,55.87745157,55.85166994,0,0
2.16000000,56.19449825,55.97350037,55.89507548,55.90601610,0,0
2.17000000,56.27123606,55.96358372,55.87269862,55.87233918,0,0
2.18000000,56.23907267,55.99144684,55.89579412,55.97315231,0,0
2.19000000,56.24977114,55.98466639,55.89090745,55.99273190,0,0
2.20000000,56.23075286,55.99435663,55.88757051,55.96160378,0,0
2.21000000,56.24913567,55.95678206,55.87439580,55.95326597,0,0
2.22000000,56.23748594,55.97003949,55.87476250,55.88683894,0,0
2.23000000,56.29336467,55.96429327,55.89609334,55.87907285,0,0
2.24000000,56.22227364,55.94829850,55.91144335,55.91840670,0,0
2.25000000,56.28604394,56.00509202,55.91514685,55.87824040,0,0
2.26000000,56.23496878,55.99230667,55.89420975,55.97823763,0,0
2.27000000,56.26771304,56.05901579,55.87510246,55.97867590,0,0
2.28000000,56.32946499,56.01901105,55.95167851,55.99213836,0,0
2.29000000,56.23264599,55.94004840,55.88060276,56.01446919,0,0
2.30000000,56.20462335,55.98568761,55.89804863,56.01865841,0,0
2.31000000,56.26638782,55.95888130,55.93439494,55.99519749,0,0
2.32000000,56.27220774,56.01902262,56.00991037,55.94427599,0,0
2.33000000,56.26354129,55.98724702,55.91462078,55.93238354,0,0
2.34000000,56.26347896,55.96936163,55.87477841,55.89528417,0,0
2.35000000,56.17053711,55.96687330,55.90598477,55.95865859,0,0
2.36000000,56.31036644,56.02598191,55.89395725,55.88973866,0,0
2.37000000,56.28019413,55.99021749,55.87437569,55.96666220,0,0
2.38000000,56.18980462,55.94277580,55.84648226,55.96055421,0,0
2.39000000,56.21415968,55.98220973,55.87810017,55.93399810,0,0
2.40000000,56.21348311,55.99555214,55.88131600,55.92343160,0,0
2.41000000,56.34807961,56.02199911,55.88594338,55.95935823,0,0
2.42000000,56.32693452,55.92154974,55.89856578,55.91585070,0,0
2.43000000,56.16134519,55.94517280,55.89824922,55.89941124,0,0
2.44000000,56.19796268,56.00047954,55.90550365,55.94502078,0,0
2.45000000,56.21152690,56.03251838,55.93354833,55.99270331,0,0
2.46000000,56.29382473,56.02884879,55.87278733,55.95954735,0,0
2.47000000,56.27211178,55.97774301,55.88992311,55.90867147,0,0
2.48000000,56.24405200,55.96458064,55.91992899,55.92254208,0,0
2.49000000,56.19572337,56.00129023,55.97279742,56.00680959,0,0
2.50000000,56.27711840,56.01936208,55.93271022,55.95813963,0,0
2.51000000,56.28471537,56.04046929,55.91515794,55.99018440,0,0
2.52000000,56.29218587,56.01144164,55.90104021,56.04321963,0,0
2.53000000,56.23987051,55.95741661,55.91221406,56.03370115,0,0
2.54000000,56.25288026,55.97100089,55.91771766,55.99705368,0,0
2.55000000,56.22049783,55.97781278,55.86678215,55.91852011,0,0
2.56000000,56.23056294,55.94382518,55.81403487,55.85289035,0,0
2.57000000,56.17303685,55.92528032,55.85337468,55.91017208,0,0
2.58000000,56.24590736,55.97504801,55.89278721,55.86899350,0,0
2.59000000,56.25679202,56.07187563,55.95610200,55.90380841,0,0
2.60000000,56.28158151,56.03183059,55.93264946,55.94545140,0,0
2.61000000,56.24886808,56.00349629,55.91727323,55.98386830,0,0
2.62000000,56.28880085,55.94193817,55.87834508,56.00753352,0,0
2.63000000,56.23615812,55.97670208,55.87670955,56.01979495,0,0
2.64000000,56.28110061,56.03712487,55.92649239,55.99944789,0,0
2.65000000,56.18863385,55.99958778,55.94235387,55.94845770,0,0
2.66000000,56.22887727,55.93831121,55.89513512,55.91559330,0,0
2.67000000,56.24723887,55.96051182,55.89137182,55.91431164,0,0
2.68000000,56.26180415,56.01073222,55.89333822,55.93401185,0,0
2.69000000,56.26913186,56.04749571,55.91317097,55.95210819,0,0
2.70000000,56.30298683,56.02689705,55.89929093,56.01016326,0,0
2.71000000,56.19760837,55.96690175,55.92124608,56.00153127,0,0
2.72000000,56.29363555,55.94866712,55.96292305,55.96217214,0,0
2.73000000,56.25799941,56.02116404,55.88937844,55.98062318,0,0
2.74000000,56.30069317,56.07315256,55.85416171,55.94410152,0,0
2.75000000,56.24299435,56.00607306,55.83122374,55.91284607,0,0
2.76000000,56.20424341,55.94114708,55.88590749,55.95182553,0,0
2.77000000,56.24410779,55.97952483,55.91405340,55.91511719,0,0
2.78000000,56.30763782,55.97931133,55.84536875,55.94616072,0,0
2.79000000,56.26301781,56.05053676,55.93094655,55.96509068,0,0
2.80000000,56.23186787,56.02263962,55.91253263,55.88888515,0,0
2.81000000,56.17211302,55.94727376,55.95788825,55.89762687,0,0
2.82000000,56.22677053,56.04111231,55.90985877,55.97671821,0,0
2.83000000,56.38031997,56.01012075,55.91788222,55.94593412,0,0
2.84000000,56.34806509,56.02493611,55.83192016,55.97886673,0,0
2.85000000,56.19768053,55.98968860,55.85661449,56.01953332,0,0
2.86000000,56.29181120,55.93635516,55.85717500,56.03316866,0,0
2.87000000,56.22844103,56.01971760,55.98817373,55.95566178,0,0
2.88000000,56.27799492,56.03722729,55.89802281,55.92794003,0,0
2.89000000,56.25269931,56.00509416,55.87061303,55.87338098,0,0
2.90000000,56.17719245,55.95208518,55.87694469,55.90335208,0,0
2.91000000,56.28039944,55.94014275,55.88352891,55.85962341,0,0
2.92000000,56.24342633,56.01989614,55.92118498,55.95264894,0,0
2.93000000,56.27946973,56.04793472,55.82856731,55.92806987,0,0
2.94000000,56.24236225,56.00847383,55.89611671,56.02636531,0,0
2.95000000,56.27105297,56.02843582,55.85025256,56.02775053,0,0
2.96000000,56.25486936,55.99373356,55.91878103,55.99459641,0,0
2.97000000,56.21682063,55.92882966,55.90328802,55.98224335,0,0
2.98000000,56.22225283,55.94324655,55.92033502,55.89309038,0,0
2.99000000,56.30473641,56.02217993,55.86198596,55.90144195,0,0
3.00000000,56.28525156,56.02752386,55.89605536,55.93471924,0,0
3.01000000,56.22599046,55.97304586,55.91923864,55.92661572,0,0
3.02000000,56.25534440,55.97160860,55.92775616,55.95041546,0,0
3.03000000,56.22350170,55.98114284,55.91021245,55.97626017,0,0
3.04000000,56.25858936,56.05678851,55.96478324,55.98101690,0,0
3.05000000,56.30390725,56.02751770,55.94946482,55.97940046,0,0
3.06000000,56.23785971,55.97706382,55.95273370,56.00699116,0,0
3.07000000,56.27610737,55.95437663,55.89430805,55.98669929,0,0
3.08000000,56.28396672,56.00004460,55.93086611,56.00754026,0,0
3.09000000,56.25362791,56.04023868,55.91407339,55.95580310,0,0
3.10000000,56.25763691,56.02979392,55.93322134,55.96718930,0,0
3.11000000,56.27702357,56.01354178,55.89428919,56.00336351,0,0
3.12000000,56.26732278,55.99065939,55.92339102,55.96816841,0,0
3.13000000,56.28205489,55.98078382,55.92769955,55.93451416,0,0
3.14000000,56.24827898,56.03358064,55.86353881,55.94344331,0,0
3.15000000,56.27156484,56.06267001,55.82495844,55.89280004,0,0
3.16000000,56.29837556,56.06184978,55.92750898,55.94140130,0,0
3.17000000,56.31580957,56.05380751,55.90815304,56.00318638,0,0
3.18000000,56.26588031,56.00448883,55.94553714,56.02603341,0,0
3.19000000,56.26500069,55.99038602,55.89470739,56.03003280,0,0
3.20000000,56.22246403,55.99765971,55.93954205,55.97739905,0,0
3.21000000,56.29144288,56.01487394,55.93405687,55.94427291,0,0
3.22000000,56.24789406,55.97849515,55.94259082,55.98221686,0,0
3.23000000,56.27149003,56.00995119,55.93708496,55.93597083,0,0
3.24000000,56.27925337,56.01875978,55.93918972,55.95466995,0,0
3.25000000,56.20583296,56.02944601,55.90856262,55.94732903,0,0
3.26000000,56.23704969,56.00354144,55.90971441,55.98299031,0,0
3.27000000,56.27739675,55.99465713,55.89437184,56.01655655,0,0
3.28000000,56.23998649,56.04307884,55.87560537,55.99424648,0,0
3.29000000,56.25301105,55.97518350,55.91778069,55.98780821,0,0
3.30000000,56.22391529,55.99549287,55.89984030,56.01239033,0,0
3.31000000,56.26718429,55.95093604,55.88368072,55.85717188,0,0
3.32000000,56.26970619,55.98403237,55.91494200,55.93077769,0,0
3.33000000,56.28958260,56.02162264,55.89578025,55.93632209,0,0
3.34000000,56.18598198,56.04698873,55.85862112,55.93872345,0,0
3.35000000,56.25603672,56.00428169,55.92027864,55.99345925,0,0
3.36000000,56.23743445,56.01493315,55.89749481,55.95907839,0,0
3.37000000,56.27317173,55.98064363,55.92864704,55.98081399,0,0
3.38000000,56.28920606,56.01522661,55.96470755,56.04264035,0,0
3.39000000,56.31133608,56.03384669,55.89839342,55.97341057,0,0
3.40000000,56.28708244,56.04837281,55.92549961,56.03366025,0,0
3.41000000,56.32187752,56.00716184,55.95458789,56.02927491,0,0
3.42000000,56.24749792,56.00352389,55.92543286,55.96374490,0,0
3.43000000,56.26653623,56.00855455,55.94541071,56.02475086,0,0
3.44000000,56.24233105,56.02135847,55.87035552,55.97909318,0,0
3.45000000,56.28013987,55.97559273,55.90152370,55.91606267,0,0
3.46000000,56.35123092,56.02068270,55.89761059,55.93643053,0,0
3.47000000,56.23987493,56.00805082,55.86236383,55.86348205,0,0
3.48000000,56.23642856,56.04215364,55.90881913,55.90065940,0,0
3.49000000,56.23741532,56.02827059,55.89630895,55.94378375,0,0
3.50000000,56.27645875,56.03052950,55.89199453,55.96572020,0,0
3.51000000,56.30350797,55.96366832,55.86035866,56.05422217,0,0
3.52000000,56.25035502,55.98213744,55.87226688,56.01557230,0,0
3.53000000,56.20910876,55.96959163,55.90997989,55.93110980,0,0
3.54000000,56.27589547,55.97966953,55.91719570,55.95388948,0,0
3.55000000,56.25639018,56.04544333,55.84513253,55.90076791,0,0
3.56000000,56.24669544,56.01575814,55.88025597,55.88931540,0,0
3.57000000,56.25080886,56.04721779,55.89503559,55.94102660,0,0
3.58000000,56.27353400,56.02043786,55.94061747,55.98368837,0,0
3.59000000,56.27004946,55.97693912,55.90143716,56.04322491,0,0
3.60000000,56.29795777,56.04068100,55.89529943,56.02565903,0,0
3.61000000,56.23170516,55.99143125,55.90423425,55.97773604,0,0
3.62000000,56.21641399,55.98429460,55.90585095,55.98683391,0,0
3.63000000,56.26402462,55.99504917,55.92575001,55.92668224,0,0
3.64000000,56.32423219,55.98936085,55.93759092,55.93823376,0,0
3.65000000,56.29618381,56.04891138,55.90161623,55.94439666,0,0
3.66000000,56.21829562,55.99929854,55.88818104,55.96980456,0,0
3.67000000,56.18161933,56.00954938,55.87325534,55.99698723,0,0
3.68000000,56.26361889,56.02830189,55.88593497,55.97713208,0,0
3.69000000,56.28940753,55.99449412,55.91756133,55.92893433,0,0
3.70000000,56.25155995,56.00624145,55.93055854,55.97254374,0,0
3.71000000,56.25601484,55.98256453,55.92758705,55.93087906,0,0
3.72000000,56.21811573,56.01680282,55.91454241,55.93293867,0,0
3.73000000,56.27246411,56.03740755,55.84347449,56.00407469,0,0
3.74000000,56.29564642,56.00992605,55.87450460,56.02502583,0,0
3.75000000,56.24368338,55.92610356,55.90360498,56.01159147,0,0
3.76000000,56.21919144,55.96626177,55.93696219,56.00633344,0,0
3.77000000,56.20084713,55.96014840,55.91339147,55.90255890,0,0
3.78000000,56.22732646,56.03326388,55.93450872,55.98717549,0,0
3.79000000,56.28308471,56.03036333,55.81670527,55.84458765,0,0
3.80000000,56.27161346,55.99535865,55.88351840,55.85954249,0,0
3.81000000,56.23647202,56.02173559,55.88036931,55.94397533,0,0
3.82000000,56.30532007,56.01923212,55.98382639,56.00879866,0,0
3.83000000,56.22706060,56.05710176,55.85170355,56.05812717,0,0
3.84000000,56.27911529,56.00561660,55.87882710,56.00626034,0,0
3.85000000,56.21869021,55.91546873,55.90359914,56.00376843,0,0
3.86000000,56.25551639,55.96857645,55.96894916,55.96846701,0,0
3.87000000,56.26798300,56.02921733,55.94094166,55.91293780,0,0
3.88000000,56.28378175,56.03308175,55.92551611,55.95157354,0,0
3.89000000,56.17944735,56.00356039,55.88953893,55.97027080,0,0
3.90000000,56.32034091,55.96773059,55.94151670,55.93070479,0,0
3.91000000,56.22576986,55.99085983,55.89292944,56.05611438,0,0
3.92000000,56.29532769,56.07306704,55.95801659,55.96668826,0,0
3.93000000,56.26615620,56.06853682,55.94871946,55.98170999,0,0
3.94000000,56.23681171,56.01786185,55.91919139,55.97230464,0,0
3.95000000,56.35379855,56.05683720,55.82261022,55.89815521,0,0
3.96000000,56.30150926,55.99031885,55.88039810,55.96918942,0,0
3.97000000,56.25819126,56.09836608,55.86804844,55.94706637,0,0
3.98000000,56.27168112,55.99539994,55.89024605,55.93907474,0,0
3.99000000,56.21700259,55.91809074,55.85722053,55.98899725,0,0
4.00000000,56.30135508,55.99476579,55.90963871,55.95216736,0,0
4.01000000,56.25539705,56.03251484,55.90989070,55.92333942,0,0
4.02000000,56.21796257,56.04838982,55.94544127,55.92423323,0,0
4.03000000,56.24960341,56.02991959,55.88123687,55.91047514,0,0
4.04000000,56.32723667,55.99711289,55.96249259,55.99424131,0,0
4.05000000,56.24859442,56.01809940,55.91141549,56.00900001,0,0
4.06000000,56.27328198,56.02179162,55.88211256,56.06100134,0,0
4.07000000,56.19116349,56.04566236,55.86534865,56.03478396,0,0
4.08000000,56.24462694,56.02816671,55.90688883,55.94463524,0,0
4.09000000,56.28523965,55.98447948,55.93163128,55.91059323,0,0
4.10000000,56.30957697,55.97875210,55.91185006,55.91589616,0,0
4.11000000,56.25161465,55.99092528,55.85319584,55.87523269,0,0
4.12000000,56.22029596,56.06913882,55.90385420,55.96343131,0,0
4.13000000,56.19500803,56.06239166,55.91424033,55.99297875,0,0
4.14000000,56.27846245,55.99825024,55.92102655,56.06760590,0,0
4.15000000,56.28653203,56.01901509,55.92058873,56.06047435,0,0
4.16000000,56.25822384,56.03284694,55.90591271,55.97231324,0,0
4.17000000,56.22486918,56.03022505,55.88239977,56.01042989,0,0
4.18000000,56.27595927,56.00013194,55.90859951,55.99341836,0,0
4.19000000,56.30298074,55.97888146,55.91488999,55.90948507,0,0
4.20000000,56.28506954,56.00194613,55.96393881,55.95949916,0,0
4.21000000,56.26257345,56.03313076,55.95851432,55.94309399,0,0
4.22000000,56.25009767,56.02629526,55.91384880,55.99107101,0,0
4.23000000,56.21291512,56.02767647,55.87808766,55.99358266,0,0
4.24000000,56.26415727,55.99166390,55.89044694,55.97965270,0,0
4.25000000,56.26143117,55.99865988,55.87307035,56.00133217,0,0
4.26000000,56.27248390,56.02240623,55.93182183,55.97704776,0,0
4.27000000,56.24680874,56.03975559,55.91302937,55.94897716,0,0
4.28000000,56.25097745,56.08497090,55.89718276,56.00959081,0,0
4.29000000,56.26896073,56.01240456,55.90421885,55.99220644,0,0
4.30000000,56.32466888,55.97226048,55.90245341,56.03913187,0,0
4.31000000,56.30493103,56.02356431,55.89493680,55.99191978,0,0
4.32000000,56.18850731,55.96712098,55.88889353,55.93324466,0,0
4.33000000,56.21447534,56.02566610,55.89260904,55.97558433,0,0
4.34000000,56.29571221,55.99007797,55.89099330,55.91798628,0,0
4.35000000,56.30365880,55.99143606,55.89625882,55.89402890,0,0
4.36000000,56.26278527,56.00817430,55.89359335,55.98993908,0,0
4.37000000,56.31176146,56.03899780,55.95187469,56.00853105,0,0
4.38000000,56.14402606,56.05542379,55.97311749,56.05093022,0,0
4.39000000,56.27990979,56.04674826,55.90646585,56.03806624,0,0
4.40000000,56.25415860,55.96007618,55.89289784,55.98179530,0,0
4.41000000,56.31525431,55.95090331,55.88208136,55.93938723,0,0
4.42000000,56.31259419,56.00295046,55.93459557,55.90230064,0,0
4.43000000,56.25590871,56.04076095,55.86629199,55.91638299,0,0
4.44000000,56.17103734,56.03031986,55.85360461,55.92734100,0,0
4.45000000,56.30187919,55.92505960,55.89701351,55.97511130,0,0
4.46000000,56.26497556,56.00621126,55.87081837,55.99019604,0,0
4.47000000,56.29649329,56.01958278,55.96812604,56.00762726,0,0
4.48000000,56.21631842,56.00330342,55.94537443,56.00091806,0,0
4.49000000,56.15922183,55.99121213,55.91161517,55.98637260,0,0
4.50000000,56.29971179,56.01225920,55.88695830,55.99222904,0,0
4.51000000,56.27197877,56.02575883,55.95292832,55.97579562,0,0
4.52000000,56.24644207,56.02552461,55.85839076,55.94516478,0,0
4.53000000,56.24819769,55.97073393,55.95103483,55.92156577,0,0
4.54000000,56.21618078,55.98431025,55.89125607,55.94838735,0,0
4.55000000,56.30276871,55.95723142,55.85101085,55.94296890,0,0
4.56000000,56.28504803,55.99534243,55.86957296,55.89830412,0,0
4.57000000,56.21060371,55.98022768,55.88408640,55.92263466,0,0
4.58000000,56.21073513,55.99204226,55.84537195,55.90533646,0,0
4.59000000,56.26532636,56.02995511,55.91582433,55.98910403,0,0
4.60000000,56.26903993,56.01267469,55.91899771,55.99395185,0,0
4.61000000,56.26877415,56.01444797,55.89306607,56.05735222,0,0
4.62000000,56.19641303,55.92975869,55.88939175,56.01729046,0,0
4.63000000,56.21125565,55.97671510,55.96106288,55.95483399,0,0
4.64000000,56.25579803,56.00630393,55.95900545,55.95662280,0,0
4.65000000,56.27356226,55.99409078,55.94528654,55.96052713,0,0
4.66000000,56.32350516,56.03200487,55.87151180,55.89894745,0,0
4.67000000,56.24916558,56.00694734,55.89351425,55.93155711,0,0
4.68000000,56.23427524,56.01628731,55.87190346,55.95090302,0,0
4.69000000,56.23635483,56.03285477,55.86767468,56.03315838,0,0
4.70000000,56.27384307,56.04566909,55.87728816,56.00998900,0,0
4.71000000,56.26285543,56.01414778,55.92812539,55.98475196,0,0
4.72000000,56.32820484,55.98434316,55.97025138,56.04157431,0,0
4.73000000,56.27830874,55.99537312,55.92344757,55.99405644,0,0
4.74000000,56.30039836,56.02865635,55.91385554,55.93152547,0,0
4.75000000,56.28715854,56.07840447,55.94493478,55.91045383,0,0
4.76000000,56.25435127,55.99844770,55.92510339,55.92425575,0,0
4.77000000,56.24532204,55.98086639,55.95072881,55.96104025,0,0
4.78000000,56.31808089,55.99238897,55.87956433,55.95459821,0,0
4.79000000,56.28042392,56.03057957,55.91424036,55.93331726,0,0
4.80000000,56.32915724,56.04917899,55.91404368,55.94723417,0,0
4.81000000,56.29060211,55.99688770,55.86804080,55.92857726,0,0
4.82000000,56.21788883,56.00105428,55.88785827,55.89630678,0,0
4.83000000,56.27258195,56.07469804,55.89302773,55.95105185,0,0
4.84000000,56.29027835,56.02656273,55.91883025,56.00956341,0,0
4.85000000,56.30837861,56.02129311,55.88895608,55.97546810,0,0
4.86000000,56.29376640,55.98950918,55.91046939,55.96231084,0,0
4.87000000,56.25357721,55.98013108,55.95335040,55.96220048,0,0
4.88000000,56.27673753,56.01363258,55.91542188,55.99677400,0,0
4.89000000,56.34698153,56.06635920,55.93880804,55.93529827,0,0
4.90000000,56.21961006,56.06944650,55.94656449,55.93960326,0,0
4.91000000,56.34733778,56.04029799,55.91399875,55.97377252,0,0
4.92000000,56.27336631,55.93956746,55.96033122,56.07020554,0,0
4.93000000,56.32371777,56.05946292,55.90944338,56.04178756,0,0
4.94000000,56.21670659,55.99104694,55.84772319,56.02623302,0,0
4.95000000,56.28731247,56.04807353,55.93500852,56.02343170,0,0
4.96000000,56.26199446,55.94536725,55.93874747,55.90643227,0,0
4.97000000,56.40534890,55.99619497,56.00400873,55.89744216,0,0
4.98000000,56.22105904,56.07496837,55.94927619,55.92570777,0,0
4.99000000,56.25904890,55.96957724,55.87224867,55.89434689,0,0
5.00000000,56.17586921,55.97951631,55.91373396,55.96402002,0,0
5.01000000,56.21058294,55.94312125,55.89764674,55.97627741,0,0
5.02000000,56.29472629,55.95957100,55.88884147,55.92338650,0,0
5.03000000,56.36132747,56.01787825,55.93444415,55.98175061,0,0
5.04000000,56.23471999,56.02743876,55.91025703,55.94445084,0,0
5.05000000,56.22492322,56.01407135,55.87591252,55.90543092,0,0
5.06000000,56.24221192,56.03846758,55.90329528,56.01335693,0,0
5.07000000,56.31659001,55.93468346,55.90537514,55.96705504,0,0
5.08000000,56.29135858,55.95254083,56.00183774,56.07898923,0,0
5.09000000,56.19414296,55.94402763,55.92380715,55.99645568,0,0
5.10000000,56.21957032,55.99140218,55.92839858,55.98430109,0,0
5.11000000,56.31657479,56.05583132,55.96236646,55.95272105,0,0
5.12000000,56.30537771,56.04332994,55.90341186,55.90503205,0,0
5.13000000,56.28248547,55.98354986,55.90541397,55.94709094,0,0
5.14000000,56.24231455,55.98592351,55.94691797,55.96488258,0,0
5.15000000,56.22850042,55.97602877,55.99019374,56.06468714,0,0
5.16000000,56.33678663,56.06546358,55.91712024,56.09911015,0,0
5.17000000,56.30384224,55.98568608,55.87193353,56.00041084,0,0
5.18000000,56.31709919,55.95360944,55.83766556,55.92555793,0,0
5.19000000,56.24989750,55.91233873,55.90367882,55.89393751,0,0
5.20000000,56.22165227,55.99702686,55.91760258,55.81045358,0,0
5.21000000,56.22762732,56.05006292,55.92353414,55.89980050,0,0
5.22000000,56.26488933,55.99709623,55.88664599,55.86661638,0,0
5.23000000,56.22633762,55.94751667,55.89750887,55.94269307,0,0
5.24000000,56.26462515,55.92880286,55.85640415,55.98157441,0,0
5.25000000,56.21605340,55.95423177,55.88655013,55.95582788,0,0
5.26000000,56.27294873,55.99849963,55.89785274,55.97957398,0,0
5.27000000,56.23615317,56.00627320,55.86359618,55.94841946,0,0
5.28000000,56.20429685,55.97236865,55.84774765,55.87072797,0,0
5.29000000,56.26662202,55.95558212,55.93273891,55.93411430,0,0
5.30000000,56.30317682,55.92568696,55.94058344,55.92797564,0,0
5.31000000,56.24599172,55.93433274,55.91938842,55.98856556,0,0
5.32000000,56.18040711,55.92480980,55.83308771,55.99509237,0,0
5.33000000,56.16794824,55.93422246,55.90077512,55.92323441,0,0
5.34000000,56.21370128,55.95497549,55.92961098,55.93519998,0,0
5.35000000,56.33198788,55.96199736,55.90515852,55.88480736,0,0
5.36000000,56.25314603,56.00063581,55.92708522,55.87817684,0,0
5.37000000,56.23068350,55.97584377,55.90689890,55.92393591,0,0
5.38000000,56.20633326,55.93647736,55.89216051,56.00742124,0,0
5.39000000,56.26466866,55.96136335,55.89977987,56.03179639,0,0
5.40000000,56.28205887,55.93756530,55.88412927,55.96508740,0,0
5.41000000,56.32441466,55.93444428,55.93917274,55.91020452,0,0
5.42000000,56.20905458,55.94875270,55.90666111,55.87746595,0,0
5.43000000,56.26772464,55.94424757,55.89574655,55.85480716,0,0
5.44000000,56.26099623,56.00287044,55.91585726,55.87751528,0,0
5.45000000,56.26440422,55.97636828,55.87040783,55.88938500,0,0
5.46000000,56.27274759,55.92641953,55.90819458,55.95616976,0,0
5.47000000,56.25129714,55.94457985,55.92590995,55.97959707,0,0
5.48000000,56.23529830,55.92003965,55.95738362,55.94417512,0,0
5.49000000,56.29844861,55.96115813,55.86704547,55.96455549,0,0
5.50000000,56.29849473,55.89949266,55.88151256,55.91653164,0,0
5.51000000,56.23959065,55.88939877,55.81980838,55.81691545,0,0
5.52000000,56.26829692,55.94058817,55.94742255,55.86240232,0,0
5.53000000,56.18951673,55.93643312,55.90384663,55.86332027,0,0
5.54000000,56.32327740,55.92861053,55.89248624,55.94552393,0,0
5.55000000,56.21130893,55.89802428,55.82395766,55.91025741,0,0
5.56000000,56.24178637,55.92153249,55.89307394,55.82411363,0,0
5.57000000,56.31672047,55.95028902,55.91540611,55.89101475,0,0
5.58000000,56.32625706,55.97777521,55.93567858,55.84674253,0,0
5.59000000,56.24850931,55.92634383,55.92176840,55.86884895,0,0
5.60000000,56.36892423,55.86819597,55.89359028,55.86254616,0,0
5.61000000,56.29234460,55.85297131,55.88717453,55.92829795,0,0
5.62000000,56.31307223,55.92030519,55.93045538,55.95047629,0,0
5.63000000,56.22188882,55.96369798,55.92041895,55.88306165,0,0
5.64000000,56.20808273,55.90059158,55.93579021,55.84398647,0,0
5.65000000,56.33032638,55.86845216,55.92798251,55.83157287,0,0
5.66000000,56.34209118,55.89078888,55.91273625,55.75270109,0,0
5.67000000,56.29211920,55.97379321,55.91178392,55.79536678,0,0
5.68000000,56.27445390,55.95617349,55.92393387,55.83505567,0,0
5.69000000,56.23898484,55.93838880,55.93737653,55.90721349,0,0
5.70000000,56.25350881,55.91892421,55.92564871,55.92508193,0,0
5.71000000,56.27364430,55.89913546,55.92049765,55.92244666,0,0
5.72000000,56.29935560,55.88343917,55.91011182,55.94335804,0,0
5.73000000,56.29891956,55.90529021,55.86552214,55.90213010,0,0
5.74000000,56.28660973,55.98279014,55.89233407,55.83875357,0,0
5.75000000,56.29441420,55.96678742,55.91691261,55.89152427,0,0
5.76000000,56.28652163,55.86078774,55.89712919,55.88499056,0,0
5.77000000,56.24674412,55.86892561,55.95648208,55.89836239,0,0
5.78000000,56.20984734,55.89499767,55.93016310,55.88927806,0,0
5.79000000,56.28471626,55.97194602,55.92050065,55.86517251,0,0
5.80000000,56.27114932,55.98857401,55.91556254,55.88878355,0,0
5.81000000,56.30395735,55.94224757,55.85300189,55.81849336,0,0
5.82000000,56.24182349,55.92397148,55.86957661,55.80176808,0,0
5.83000000,56.23558327,55.84002477,55.87185004,55.84774875,0,0
5.84000000,56.20702166,55.87786091,55.91612423,55.86936017,0,0
5.85000000,56.21493876,55.95232930,55.91941591,55.87157169,0,0
5.86000000,56.20438888,55.93818564,55.91280625,55.87413450,0,0
5.87000000,56.25549069,55.85933464,55.91019199,55.87394066,0,0
5.88000000,56.28444200,55.87764139,55.90683544,55.86003742,0,0
5.89000000,56.22223235,55.93205770,55.87615827,55.76329647,0,0
5.90000000,56.25770490,56.02420609,55.86491644,55.85203114,0,0
5.91000000,56.19360622,55.93475563,55.88017868,55.88967809,0,0
5.92000000,56.21200146,55.89454286,55.93835899,55.97092413,0,0
5.93000000,56.21678844,55.85406408,55.90930415,55.97656045,0,0
5.94000000,56.28812443,55.89108839,55.93529963,55.93224848,0,0
5.95000000,56.23971582,55.93573219,55.88516740,55.90480311,0,0
5.96000000,56.24662858,55.88733897,55.84153285,55.80383305,0,0
5.97000000,56.15383599,55.89608025,55.88156724,55.77782117,0,0
5.98000000,56.24200123,55.84633088,55.88812050,55.83982210,0,0
5.99000000,56.20267074,55.89013197,55.89986921,55.85030419,0,0
6.00000000,56.19255633,55.99979453,55.86371130,55.85600802,0,0
6.01000000,56.15475936,55.92938212,55.86007548,55.86722188,0,0
6.02000000,56.24250645,55.81277765,55.83999366,55.84184876,0,0
6.03000000,56.24353685,55.79441245,55.93523488,55.86599668,0,0
6.04000000,56.27499770,55.84442961,55.85693347,55.76803639,0,0
6.05000000,56.17821886,55.95861182,55.83784217,55.81851993,0,0
6.06000000,56.18777503,55.87058965,55.83966375,55.79989420,0,0
6.07000000,56.14260791,55.83363376,55.89184676,55.87129261,0,0
6.08000000,56.16516850,55.82658184,55.86876902,55.87823584,0,0
6.09000000,56.31286869,55.81825725,55.82967006,55.78514790,0,0
6.10000000,56.17001156,55.82203938,55.86169962,55.82031921,0,0
6.11000000,56.19473659,55.88959566,55.83375784,55.77255462,0,0
6.12000000,56.16806774,55.87537858,55.80541766,55.77713889,0,0
6.13000000,56.10748887,55.86683707,55.83174688,55.82176978,0,0
6.14000000,56.15717079,55.80190937,55.87484214,55.80377284,0,0
6.15000000,56.15900140,55.88941828,55.82578986,55.86684400,0,0
6.16000000,56.20579159,55.86483369,55.77526716,55.87933822,0,0
6.17000000,56.21992012,55.78245553,55.81986133,55.86129684,0,0
6.18000000,56.22714430,55.82952463,55.86134484,55.90501029,0,0
6.19000000,56.10497573,55.85252396,55.86604830,55.78155377,0,0
6.20000000,56.22807499,55.91938951,55.84557272,55.75942329,0,0
6.21000000,56.16214364,55.84864339,55.86892993,55.76406846,0,0
6.22000000,56.20921377,55.85793498,55.84602935,55.79142220,0,0
6.23000000,56.20801638,55.79120052,55.79581617,55.83944441,0,0
6.24000000,56.18673098,55.81707536,55.81263356,55.83414825,0,0
6.25000000,56.18001845,55.78587552,55.85726897,55.83402208,0,0
6.26000000,56.18157599,55.83928171,55.87161114,55.84369407,0,0
6.27000000,56.17414549,55.90601615,55.81641024,55.78199528,0,0
6.28000000,56.20923211,55.86361710,55.82933772,55.74244166,0,0
6.29000000,56.21839760,55.82312266,55.88244527,55.71634445,0,0
6.30000000,56.19426420,55.81463918,55.82848762,55.76976966,0,0
6.31000000,56.10800128,55.77459553,55.74492662,55.76639307,0,0
6.32000000,56.10504726,55.75969809,55.78185712,55.74320257,0,0
6.33000000,56.17731582,55.86176159,55.83567039,55.80447769,0,0
6.34000000,56.18957664,55.90575987,55.76131276,55.71581075,0,0
6.35000000,56.17732280,55.86706766,55.79045300,55.70613454,0,0
6.36000000,56.09980254,55.75475693,55.79939612,55.75392002,0,0
6.37000000,56.13736374,55.80221998,55.82676564,55.84344810,0,0
6.38000000,56.12863900,55.81813300,55.79099171,55.91703832,0,0
6.39000000,56.21207904,55.80982842,55.78126260,55.89819534,0,0
6.40000000,56.14221626,55.75774196,55.82840400,55.84525896,0,0
6.41000000,56.10451154,55.77285031,55.83349070,55.77265594,0,0
6.42000000,56.11881106,55.80177384,55.78391158,55.66431819,0,0
6.43000000,56.16904366,55.82258197,55.75966511,55.69145186,0,0
6.44000000,56.14994339,55.81628090,55.79377844,55.71835813,0,0
6.45000000,56.12415795,55.86500023,55.81929677,55.82483206,0,0
6.46000000,56.05459022,55.72941717,55.82621283,55.85666475,0,0
6.47000000,56.12453342,55.77169996,55.91268825,55.81748829,0,0
6.48000000,56.20924890,55.73218308,55.82821175,55.79551513,0,0
6.49000000,56.13461502,55.83787390,55.71458459,55.70583503,0,0
6.50000000,56.15170403,55.87514360,55.82080607,55.66825697,0,0
6.51000000,56.12251887,55.79145686,55.83238747,55.78397392,0,0
6.52000000,56.10357797,55.83100210,55.92347762,55.78774523,0,0
6.53000000,56.14642280,55.82957141,55.82853224,55.86436091,0,0
6.54000000,56.20315956,55.77494040,55.79433530,55.81443438,0,0
6.55000000,56.16684192,55.82247419,55.82741900,55.78459603,0,0
6.56000000,56.17362545,55.81168542,55.78903671,55.74750572,0,0
6.57000000,56.13801852,55.93199033,55.78939291,55.74193159,0,0
6.58000000,56.15718569,55.91155028,55.80889625,55.73020556,0,0
6.59000000,56.18409017,55.88649256,55.75248238,55.76252664,0,0
6.60000000,56.12658938,55.78954775,55.78419557,55.87953735,0,0
6.61000000,56.21807851,55.68226593,55.76778547,55.82050099,0,0
6.62000000,56.19027379,55.78332693,55.83953543,55.82176908,0,0
6.63000000,56.14683193,55.98564377,55.80247483,55.78479790,0,0
6.64000000,56.09675776,55.80722230,55.70941110,55.66070825,0,0
6.65000000,56.11779581,55.81949837,55.74471286,55.62573546,0,0
6.66000000,56.19856857,55.76773577,55.79916695,55.63972749,0,0
6.67000000,56.24584421,55.89854959,55.76040851,55.77990108,0,0
6.68000000,56.13665667,55.92931885,55.75423651,55.81982845,0,0
6.69000000,56.12937283,55.84050335,55.81174102,55.78807368,0,0
6.70000000,56.12764216,55.79136315,55.80962577,55.82918721,0,0
6.71000000,56.21530652,55.73919434,55.82283114,55.78025957,0,0
6.72000000,56.24267327,55.85014143,55.81291745,55.67849657,0,0
6.73000000,56.17471491,55.82944082,55.77918802,55.69191082,0,0
6.74000000,56.04065722,55.87535642,55.79255412,55.73009168,0,0
6.75000000,56.10150616,55.83344750,55.77062661,55.82434835,0,0
6.76000000,56.13758935,55.85037492,55.80185712,55.87241911,0,0
6.77000000,56.21332591,55.87815273,55.83655469,55.80004852,0,0
6.78000000,56.18166014,55.82247955,55.83411616,55.77893891,0,0
6.79000000,56.10236854,55.82110187,55.78275320,55.68994968,0,0
6.80000000,56.17393156,55.82702952,55.80249620,55.78556980,0,0
6.81000000,56.21963085,55.92232571,55.74143135,55.78212569,0,0
6.82000000,56.20378158,55.92491299,55.73095655,55.79333914,0,0
6.83000000,56.10626744,55.79531086,55.77492281,55.82620439,0,0
6.84000000,56.11143411,55.74753494,55.81337307,55.80992093,0,0
6.85000000,56.20053269,55.81190533,55.85777824,55.81454947,0,0
6.86000000,56.19474367,55.90901095,55.79156787,55.78026403,0,0
6.87000000,56.17437005,56.00101402,55.76951020,55.71479310,0,0
6.88000000,56.06983160,55.84942622,55.80282319,55.70631363,0,0
6.89000000,56.13582670,55.77891846,55.81345727,55.73894289,0,0
6.90000000,56.11283779,55.78897855,55.86145649,55.84261011,0,0
6.91000000,56.20741071,55.79866070,55.84646708,55.88263337,0,0
6.92000000,56.15949016,55.84346360,55.82347457,55.85060779,0,0
6.93000000,56.09766962,55.85158127,55.78066775,55.83844454,0,0
6.94000000,56.09204984,55.85502027,55.72959962,55.77145545,0,0
6.95000000,56.12984117,55.82272009,55.77359814,55.74675938,0,0
6.96000000,56.12000379,55.77804469,55.75246846,55.72258569,0,0
6.97000000,56.10423994,55.79579423,55.79115633,55.80875324,0,0
6.98000000,56.09740230,55.80438626,55.73379796,55.85512423,0,0
6.99000000,56.11213657,55.87012463,55.81612562,55.82626156,0,0
7.00000000,56.15845836,55.86137895,55.77379694,55.77286242,0,0
7.01000000,56.08133375,55.83413071,55.72537484,55.68224954,0,0
7.02000000,56.08602473,55.81476936,55.77671907,55.69464072,0,0
7.03000000,56.09759758,55.77473681,55.76383232,55.77405993,0,0
7.04000000,56.08995473,55.86661350,55.77966724,55.85753385,0,0
7.05000000,56.11161349,55.86423419,55.77683128,55.96979665,0,0
7.06000000,56.12837847,55.81561903,55.76544436,55.88790112,0,0
7.07000000,56.10294899,55.79669270,55.83029141,55.85939973,0,0
7.08000000,56.11495319,55.80291065,55.80797121,55.83874352,0,0
7.09000000,56.10962974,55.89877275,55.82081916,55.76306359,0,0
7.10000000,56.10036668,55.90253218,55.83034589,55.79707650,0,0
7.11000000,56.12604348,55.86778603,55.78791654,55.78130545,0,0
7.12000000,56.07562591,55.82429842,55.76512150,55.88288601,0,0
7.13000000,56.13527186,55.83535384,55.79575832,55.91865635,0,0
7.14000000,56.13911715,55.84107005,55.78555807,55.83774572,0,0
7.15000000,56.17645850,55.88870544,55.80487898,55.89207638,0,0
7.16000000,56.11918503,55.86516898,55.73249169,55.80598565,0,0
7.17000000,56.13084871,55.84770880,55.76709340,55.75805231,0,0
7.18000000,56.06841627,55.86461515,55.81036734,55.74894588,0,0
7.19000000,56.10115078,55.89430335,55.75592508,55.76720859,0,0
7.20000000,56.09050640,55.88516157,55.73061353,55.82007618,0,0
7.21000000,56.23877219,55.81997976,55.73159597,55.78239449,0,0
7.22000000,56.19991728,55.85002837,55.73069941,55.78973057,0,0
7.23000000,56.13231555,55.88637552,55.75846508,55.82976173,0,0
7.24000000,56.12347936,55.92830971,55.79283122,55.75240517,0,0
7.25000000,56.11227613,55.92149520,55.78986210,55.80635402,0,0
7.26000000,56.15616747,55.93693505,55.78646105,55.87010403,0,0
7.27000000,56.18930750,55.87096705,55.79267147,55.91850788,0,0
7.28000000,56.16069335,55.81295196,55.77753985,55.89096182,0,0
7.29000000,56.12786695,55.82861575,55.82661522,55.83047460,0,0
7.30000000,56.22009449,55.86605378,55.79804743,55.84910394,0,0
7.31000000,56.13411320,55.93030415,55.78101187,55.75744692,0,0
7.32000000,56.16768903,55.94996335,55.80243766,55.70852791,0,0
7.33000000,56.11642732,55.86444148,55.78515291,55.75725058,0,0
7.34000000,56.07001184,55.84127607,55.75776213,55.82501796,0,0
7.35000000,56.14050777,55.81482972,55.71814722,55.88176224,0,0
7.36000000,56.17013442,55.85847386,55.70651273,55.86139589,0,0
7.37000000,56.20192288,55.87810022,55.70641845,55.88094449,0,0
7.38000000,56.15969440,55.88508493,55.74563920,55.80075982,0,0
7.39000000,56.16572058,55.90971471,55.78414599,55.68592516,0,0
7.40000000,56.16232529,55.87027085,55.77562218,55.72708144,0,0
7.41000000,56.15427335,55.87486400,55.75923239,55.74489262,0,0
7.42000000,56.09012068,55.83505686,55.75509326,55.82639638,0,0
7.43000000,56.11423490,55.85858000,55.75758896,55.86763566,0,0
7.44000000,56.17207912,55.88521183,55.78924578,55.83915566,0,0
7.45000000,56.11466835,55.83905052,55.77433439,55.84849776,0,0
7.46000000,56.14446455,55.85459435,55.78023120,55.73396002,0,0
7.47000000,56.10894247,55.81161331,55.81598407,55.78865997,0,0
7.48000000,56.09056865,55.86928703,55.79475204,55.85403889,0,0
7.49000000,56.08106947,55.88026523,55.80904537,55.95217838,0,0
7.50000000,56.14253906,55.82401717,55.84901548,55.97173162,0,0
7.51000000,56.14985853,55.82112552,55.80889129,55.89127432,0,0
7.52000000,56.10380252,55.78825087,55.78765814,55.87122125,0,0
7.53000000,56.00281550,55.85017506,55.72715539,55.80048421,0,0
7.54000000,56.03624809,55.92094118,55.75594988,55.74422478,0,0
7.55000000,56.12585371,55.92654700,55.71942753,55.72368695,0,0
7.56000000,56.14390784,55.87195483,55.72852183,55.77727243,0,0
7.57000000,56.14676853,55.76230951,55.79464741,55.86450587,0,0
7.58000000,56.10506899,55.77833223,55.76240843,55.84970985,0,0
7.59000000,56.11432428,55.85804132,55.78738403,55.90054230,0,0
7.60000000,56.11839558,55.92166140,55.72794543,55.85867157,0,0
7.61000000,56.12595895,55.90049752,55.76327402,55.74899607,0,0
7.62000000,56.07194307,55.84054185,55.81870740,55.79362777,0,0
7.63000000,56.09774199,55.86478704,55.78196558,55.79638659,0,0
7.64000000,56.11421456,55.81545565,55.84682314,55.89110898,0,0
7.65000000,56.15121286,55.85464759,55.74928057,55.88486116,0,0
7.66000000,56.22968760,55.82394841,55.80147975,55.84493612,0,0
7.67000000,56.07163065,55.84938467,55.79234552,55.83631784,0,0
7.68000000,56.11767808,55.94884172,55.88641228,55.76049639,0,0
7.69000000,56.11024225,55.90111453,55.85130056,55.76950114,0,0
7.70000000,56.15232869,55.91587675,55.71501034,55.78351829,0,0
7.71000000,56.19828675,55.82039166,55.72505783,55.89252237,0,0
7.72000000,56.17805677,55.82027287,55.73917456,55.92038804,0,0
7.73000000,56.10489553,55.87426998,55.79334675,55.86592632,0,0
7.74000000,56.13394752,55.86394685,55.76817436,55.81660548,0,0
7.75000000,56.09052222,55.88487929,55.68991875,55.72692181,0,0
7.76000000,56.15512854,55.89279775,55.74630661,55.68196316,0,0
7.77000000,56.17103806,55.86448207,55.72390672,55.71753524,0,0
7.78000000,56.04853061,55.87294304,55.75060311,55.80210660,0,0
7.79000000,56.11283735,55.83094621,55.75986949,55.87430170,0,0
7.80000000,56.09279959,55.82630789,55.71966373,55.89138791,0,0
7.81000000,56.15548062,55.85518863,55.72431875,55.87191261,0,0
7.82000000,56.13387494,55.88228522,55.71348018,55.81939366,0,0
7.83000000,56.10399938,55.85925386,55.74983657,55.71852575,0,0
7.84000000,56.06047181,55.82867948,55.79574733,55.72149593,0,0
7.85000000,56.09592931,55.80283685,55.72044417,55.77346946,0,0
7.86000000,56.08647121,55.80154957,55.75120349,55.82531135,0,0
7.87000000,56.12373189,55.81972534,55.75120567,55.87350174,0,0
7.88000000,56.13323594,55.83063921,55.80393268,55.83459444,0,0
7.89000000,56.07973052,55.82334859,55.81249007,55.86880457,0,0
7.90000000,56.09466076,55.88348527,55.80872911,55.77565941,0,0
7.91000000,56.06864418,55.83361411,55.81796323,55.76321163,0,0
7.92000000,56.07652697,55.86204725,55.74787588,55.78364694,0,0
7.93000000,56.12464870,55.86487245,55.77977024,55.87003909,0,0
7.94000000,56.10182206,55.80153329,55.73903157,55.90304331,0,0
7.95000000,56.10043562,55.81198068,55.77533963,55.85144158,0,0
7.96000000,56.07896234,55.82498935,55.75080024,55.83552836,0,0
7.97000000,56.13497813,55.92658148,55.69400671,55.76319563,0,0
7.98000000,56.12394871,55.91556169,55.73259154,55.70400582,0,0
7.99000000,56.12652616,55.90382425,55.71969228,55.72948077,0,0
8.00000000,56.06591654,55.84867101,55.75779906,55.82029575,0,0
8.01000000,56.13096524,55.79861427,55.76720943,55.90463202,0,0
8.02000000,56.16001859,55.82338366,55.75830871,55.94224190,0,0
8.03000000,56.16355671,55.88791603,55.73278062,55.90484767,0,0
8.04000000,56.14536851,55.91073585,55.72120993,55.83829757,0,0
8.05000000,56.12639143,55.92445440,55.76886377,55.72633900,0,0
8.06000000,56.09027461,55.86974465,55.79683996,55.71570113,0,0
8.07000000,56.14131022,55.87414638,55.81450449,55.75812194,0,0
8.08000000,56.17632644,55.82407531,55.75520705,55.82777544,0,0
8.09000000,56.12893940,55.82755020,55.77923783,55.89675707,0,0
8.10000000,56.16897519,55.86519349,55.78961465,55.83863921,0,0
8.11000000,56.02391181,55.92906217,55.75754233,55.85765823,0,0
8.12000000,56.13689696,55.92914304,55.69464407,55.70117683,0,0
8.13000000,56.09390152,55.88472235,55.71335929,55.70381131,0,0
8.14000000,56.16163929,55.87587570,55.70105073,55.76484669,0,0
8.15000000,56.17227248,55.88385654,55.74546988,55.88505621,0,0
8.16000000,56.21597214,55.84164728,55.70254606,55.92143152,0,0
8.17000000,56.17085269,55.86272660,55.75468380,55.88683441,0,0
8.18000000,56.08204154,55.86045295,55.77976261,55.86087306,0,0
8.19000000,56.14220868,55.92625475,55.67569600,55.72038466,0,0
8.20000000,56.09880577,55.87789405,55.77464115,55.68232339,0,0
8.21000000,56.18453042,55.87471127,55.74485787,55.70261537,0,0
8.22000000,56.04486806,55.84506934,55.78482972,55.79467941,0,0
8.23000000,56.14419332,55.80926408,55.79497754,55.95730265,0,0
8.24000000,56.14831465,55.88657549,55.82769570,55.93273364,0,0
8.25000000,56.11029566,55.90549929,55.89750898,55.96194400,0,0
8.26000000,56.12981533,55.86526691,55.76392896,55.88637445,0,0
8.27000000,56.15915590,55.81537594,55.80044847,55.70028527,0,0
8.28000000,56.12135999,55.86265004,55.69700584,55.72959287,0,0
8.29000000,56.08607872,55.88851222,55.73186282,55.72975519,0,0
8.30000000,56.03968172,55.86454262,55.63908463,55.81990446,0,0
8.31000000,56.15820313,55.83392943,55.68307396,55.84135637,0,0
8.32000000,56.10966175,55.80784368,55.70243808,55.81829329,0,0
8.33000000,56.01507788,55.81750948,55.77915566,55.83270629,0,0
8.34000000,55.99600459,55.84388504,55.75771324,55.74277004,0,0
8.35000000,56.12081494,55.87041946,55.81062860,55.73538448,0,0
8.36000000,56.18820371,55.94025998,55.75265437,55.80292612,0,0
8.37000000,56.19217634,55.84485843,55.79812402,55.92113036,0,0
8.38000000,56.07771004,55.77555250,55.74303847,55.92137922,0,0
8.39000000,56.03889445,55.81796518,55.79768238,55.90100062,0,0
8.40000000,56.09679671,55.87169664,55.80255498,55.90536852,0,0
8.41000000,56.19061946,55.91104864,55.77599402,55.76315622,0,0
8.42000000,56.17213616,55.85609253,55.79222126,55.72510394,0,0
8.43000000,56.09710408,55.87221148,55.77196407,55.72849668,0,0
8.44000000,56.06318269,55.86884190,55.83821800,55.84313141,0,0
8.45000000,56.12454731,55.86424359,55.83960867,55.95074686,0,0
8.46000000,56.16547103,55.88651014,55.85096709,55.94753870,0,0
8.47000000,56.08217075,55.88987252,55.85923631,55.96257477,0,0
8.48000000,56.13089556,55.90208341,55.84342544,55.88972293,0,0
8.49000000,56.14444708,55.89212323,55.83138420,55.77763423,0,0
8.50000000,56.20237133,55.90179907,55.72161801,55.74510703,0,0
8.51000000,56.16075257,55.86607383,55.69071910,55.78227161,0,0
8.52000000,56.09721750,55.82024162,55.69723120,55.84082342,0,0
8.53000000,56.16187697,55.84179023,55.80512039,55.86333675,0,0
8.54000000,56.15612936,55.92054701,55.79220586,55.85269143,0,0
8.55000000,56.18660184,55.94368835,55.68130506,55.77774203,0,0
8.56000000,56.11123548,55.88160698,55.64152140,55.67121721,0,0
8.57000000,56.09764199,55.85796555,55.67075938,55.71434342,0,0
8.58000000,56.10935784,55.89915793,55.74580976,55.77554798,0,0
8.59000000,56.19213499,55.87795343,55.80733869,55.89592051,0,0
8.60000000,56.14169404,55.81020928,55.73944262,55.89860831,0,0
8.61000000,56.04157012,55.80556793,55.79013501,55.83657415,0,0
8.62000000,56.10194757,55.85175055,55.78750562,55.82235998,0,0
8.63000000,56.09351511,55.87261976,55.76905707,55.68573920,0,0
8.64000000,56.08608566,55.85304995,55.74653937,55.69826151,0,0
8.65000000,56.05199882,55.85858769,55.78974939,55.72312685,0,0
8.66000000,56.07671143,55.82840401,55.75640132,55.81642675,0,0
8.67000000,56.13095305,55.80537529,55.75495941,55.93850215,0,0
8.68000000,56.14512336,55.82773945,55.78866499,55.90517915,0,0
8.69000000,56.06954300,55.82076960,55.72156470,55.92787816,0,0
8.70000000,56.06932157,55.87776653,55.73956250,55.80899332,0,0
8.71000000,56.11734165,55.81762760,55.80099470,55.72848459,0,0
8.72000000,56.07462954,55.82900989,55.73680248,55.69652499,0,0
8.73000000,56.14106664,55.82553837,55.78328945,55.77598801,0,0
8.74000000,56.01617188,55.75932260,55.69527579,55.85401365,0,0
8.75000000,56.09950263,55.83685108,55.74965466,55.86508339,0,0
8.76000000,56.08860260,55.88654586,55.80513272,55.84870091,0,0
8.77000000,56.11056179,55.89363841,55.72667574,55.75893292,0,0
8.78000000,56.13949746,55.77020740,55.74075743,55.69040585,0,0
8.79000000,56.07041303,55.80874170,55.74347834,55.72116281,0,0
8.80000000,56.06128100,55.88338237,55.80698410,55.81235965,0,0
8.81000000,56.06962230,55.88357768,55.73113373,55.93052546,0,0
8.82000000,56.05894943,55.80634451,55.75992127,55.88889335,0,0
8.83000000,56.11081371,55.75687415,55.77831377,55.91178492,0,0
8.84000000,56.16070681,55.80121070,55.79357499,55.78091269,0,0
8.85000000,56.05972393,55.85250667,55.73130352,55.70085106,0,0
8.86000000,56.06913880,55.90504390,55.71041004,55.71508704,0,0
8.87000000,56.07455628,55.89256625,55.73058441,55.71347902,0,0
8.88000000,56.09520353,55.83515549,55.77799633,55.83121589,0,0
8.89000000,56.13353724,55.74955454,55.71525205,55.89080010,0,0
8.90000000,56.06641239,55.87107989,55.78566758,55.92271916,0,0
8.91000000,56.09720412,55.93228229,55.71298976,55.89304310,0,0
8.92000000,56.08816022,55.86013384,55.68107560,55.74203940,0,0
8.93000000,56.11931839,55.77781648,55.72875710,55.70691365,0,0
8.94000000,56.17155380,55.81069104,55.73000629,55.70001887,0,0
8.95000000,56.09419147,55.83447486,55.81573839,55.81653931,0,0
8.96000000,56.00318162,55.89625816,55.73768074,55.89282177,0,0
8.97000000,56.00871856,55.87733409,55.78894292,55.87662263,0,0
8.98000000,56.15036553,55.83928766,55.79199803,55.84923565,0,0
8.99000000,56.16076283,55.82705444,55.70226171,55.70468493,0,0
9.00000000,56.14685291,55.85743358,55.72623958,55.75297940,0,0
9.01000000,56.01647790,55.93993758,55.74211906,55.74834102,0,0
9.02000000,56.07237049,55.92917107,55.77073752,55.82037264,0,0
9.03000000,56.19900993,55.90859628,55.73317424,55.93672755,0,0
9.04000000,56.18460092,55.82939691,55.73492058,55.89123740,0,0
9.05000000,56.12463505,55.81203026,55.71994583,55.86469553,0,0
9.06000000,56.02563272,55.85676382,55.67940331,55.74049816,0,0
9.07000000,56.09795717,55.87735977,55.67983651,55.67904427,0,0
9.08000000,56.10917700,55.94593876,55.66838375,55.70439516,0,0
9.09000000,56.18426684,55.91977840,55.71651213,55.74398029,0,0
9.10000000,56.08333543,55.85557124,55.67645948,55.78961052,0,0
9.11000000,56.07035410,55.80653419,55.73529014,55.87770135,0,0
9.12000000,56.11030972,55.82098786,55.77836921,55.89692348,0,0
9.13000000,56.11386669,55.88730022,55.71970606,55.77544477,0,0
9.14000000,56.15090115,55.92594073,55.68598651,55.70200624,0,0
9.15000000,56.03285597,55.90321352,55.72695120,55.70020649,0,0
9.16000000,56.11875290,55.87763647,55.72832036,55.71494779,0,0
9.17000000,56.07212743,55.87353208,55.76348796,55.82374069,0,0
9.18000000,56.11219523,55.79277099,55.70568708,55.87480635,0,0
9.19000000,56.05707937,55.78892421,55.76210421,55.89964806,0,0
9.20000000,56.11256780,55.85967033,55.78813559,55.84501499,0,0
9.21000000,56.07484498,55.85785848,55.79282380,55.73875443,0,0
9.22000000,56.12076073,55.90317472,55.71961457,55.73894977,0,0
9.23000000,56.08039070,55.86456657,55.72491838,55.79335790,0,0
9.24000000,56.06717519,55.82592031,55.72636191,55.88288855,0,0
9.25000000,56.12029422,55.82358141,55.69805798,55.92301529,0,0
9.26000000,56.10942486,55.80243212,55.72715406,55.97131295,0,0
9.27000000,56.06014876,55.89218251,55.72927701,55.93089044,0,0
9.28000000,56.07109322,55.87286301,55.75886935,55.68228705,0,0
9.29000000,55.99313469,55.84435074,55.72521107,55.67550630,0,0
9.30000000,56.09188970,55.82817758,55.69040310,55.67037182,0,0
9.31000000,56.11837150,55.75535339,55.74157627,55.77274237,0,0
9.32000000,56.09130326,55.79799032,55.67850384,55.91298042,0,0
9.33000000,56.02917009,55.86163774,55.75250223,55.87159948,0,0
9.34000000,56.08887397,55.89895430,55.75941014,55.99373960,0,0
9.35000000,56.06929144,55.91749748,55.71958376,55.75585613,0,0
9.36000000,56.12235494,55.80506841,55.69756410,55.70404492,0,0
9.37000000,56.05335869,55.79627200,55.70792173,55.76268211,0,0
9.38000000,56.07646154,55.80543891,55.76697439,55.78117912,0,0
9.39000000,56.11386123,55.84596067,55.77048567,55.88532983,0,0
9.40000000,56.02736151,55.83643719,55.78894525,55.90013795,0,0
9.41000000,56.08344459,55.85275971,55.76728670,55.84855909,0,0
9.42000000,56.02535114,55.84911642,55.73271585,55.71948905,0,0
9.43000000,56.01517027,55.88048750,55.72169721,55.60742803,0,0
9.44000000,56.00968229,55.89257468,55.69225071,55.69208215,0,0
9.45000000,56.07796623,55.82524180,55.69702441,55.83242900,0,0
9.46000000,56.10505399,55.82075364,55.65042789,55.91663206,0,0
9.47000000,56.10226763,55.78651735,55.66984028,55.95612791,0,0
9.48000000,56.08022049,55.83035260,55.68373339,55.92546149,0,0
9.49000000,55.99220020,55.89013152,55.67034238,55.72636531,0,0
9.50000000,56.02849928,55.84336722,55.71921674,55.63909739,0,0
9.51000000,56.01222708,55.81578795,55.67029417,55.65077498,0,0
9.52000000,56.09693768,55.82543197,55.70253655,55.73401906,0,0
9.53000000,56.09502616,55.80994924,55.71594079,55.85851145,0,0
9.54000000,56.00523606,55.81058243,55.70750854,55.88526832,0,0
9.55000000,56.03357963,55.80826436,55.76390427,55.90213842,0,0
9.56000000,56.03214090,55.85517701,55.77719090,55.81332516,0,0
9.57000000,56.11416446,55.84303160,55.76961442,55.67870022,0,0
9.58000000,56.07757930,55.87327204,55.73684856,55.71364461,0,0
9.59000000,56.05923989,55.85814958,55.69775879,55.76212214,0,0
9.60000000,56.01057955,55.79126685,55.66703010,55.85621287,0,0
9.61000000,56.03086292,55.75762102,55.67065829,55.91327654,0,0
9.62000000,56.07049394,55.75542890,55.70606210,55.89476883,0,0
9.63000000,56.07939062,55.83373428,55.66709827,55.80852094,0,0
9.64000000,56.01761204,55.84919372,55.68362561,55.65710866,0,0
9.65000000,55.98525609,55.89986939,55.69683484,55.64133466,0,0
9.66000000,56.04449706,55.84286757,55.65319962,55.69560325,0,0
9.67000000,56.10508230,55.75465877,55.65723841,55.82536894,0,0
9.68000000,56.07526918,55.76084063,55.66032362,55.89001920,0,0
9.69000000,56.05344418,55.83666137,55.67611475,55.87797941,0,0
9.70000000,56.00140065,55.87444707,55.65208742,55.85236294,0,0
9.71000000,56.02121682,55.82723234,55.65978863,55.63588471,0,0
9.72000000,56.08159486,55.77218613,55.66804849,55.58448127,0,0
9.73000000,56.05502873,55.73880178,55.69265938,55.64138469,0,0
9.74000000,56.03925671,55.76692731,55.69849554,55.79451011,0,0
9.75000000,56.03019469,55.86115397,55.69323575,55.86291331,0,0
9.76000000,56.00789737,55.88584810,55.70889334,55.84105023,0,0
9.77000000,56.07075580,55.79625384,55.71963228,55.86776975,0,0
9.78000000,56.04978539,55.74939528,55.66030344,55.68747629,0,0
9.79000000,55.99513242,55.82619991,55.67244973,55.68659895,0,0
9.80000000,56.06191135,55.92632757,55.65372636,55.74281711,0,0
9.81000000,55.99476101,55.83480564,55.67340686,55.83222739,0,0
9.82000000,56.02481179,55.75539245,55.67517503,55.87754971,0,0
9.83000000,56.09952744,55.71559046,55.69863702,55.83639639,0,0
9.84000000,56.06743143,55.77109243,55.72012288,55.85772930,0,0
9.85000000,56.01904945,55.90182199,55.62781422,55.70927650,0,0
9.86000000,55.98061340,55.83619199,55.63687756,55.61614007,0,0
9.87000000,55.95222556,55.85039545,55.67829996,55.64858283,0,0
9.88000000,56.04996698,55.68661953,55.64050033,55.74461653,0,0
9.89000000,56.03988333,55.74138172,55.64937061,55.85865145,0,0
9.90000000,56.00497973,55.74384877,55.64210629,55.84518173,0,0
9.91000000,56.05118209,55.87605246,55.66258727,55.88047559,0,0
9.92000000,55.95587415,55.82661546,55.63919148,55.72258481,0,0
9.93000000,56.01396053,55.74814350,55.66822781,55.60620262,0,0
9.94000000,55.98958145,55.80009478,55.71814704,55.59582613,0,0
9.95000000,55.99768636,55.70747626,55.71324972,55.69139360,0,0
9.96000000,56.01259293,55.78770386,55.65564904,55.82786280,0,0
9.97000000,56.05226823,55.78634594,55.71043173,55.86001512,0,0
9.98000000,55.97878881,55.79205534,55.69736094,55.84931507,0,0
9.99000000,55.95231896,55.80473570,55.57623666,55.75145337,0,0
10.00000000,55.94824802,55.76068139,55.65885126,55.65580154,0,0
10.01000000,56.05788473,55.84159606,55.65950183,55.65676532,0,0
10.02000000,56.06413821,55.77353558,55.64560045,55.76150563,0,0
10.03000000,56.05398644,55.75097586,55.63491559,55.86704035,0,0
10.04000000,55.98085675,55.76919815,55.62468459,55.92091570,0,0
10.05000000,56.06524867,55.76926005,55.68119600,55.87802275,0,0
10.06000000,55.99635905,55.80634520,55.64320539,55.72329801,0,0
10.07000000,56.00784742,55.78323815,55.63894891,55.56520343,0,0
10.08000000,55.99359308,55.81958586,55.66902397,55.57314022,0,0
10.09000000,55.99434299,55.83106089,55.68446007,55.65066337,0,0
10.10000000,56.02893539,55.77292966,55.69635502,55.76846143,0,0
10.11000000,56.01686520,55.74427600,55.64232007,55.88016110,0,0
10.12000000,56.04209797,55.75789807,55.66615301,55.85725064,0,0
10.13000000,56.02032438,55.81219931,55.67909367,55.78627326,0,0
10.14000000,56.00345121,55.80690707,55.67291086,55.66044117,0,0
10.15000000,55.99711110,55.83145900,55.66741425,55.59379497,0,0
10.16000000,56.03613104,55.79473557,55.64377448,55.62749200,0,0
10.17000000,56.02432064,55.75932660,55.63019280,55.77951808,0,0
10.18000000,55.98584355,55.78139295,55.59050773,55.82863372,0,0
10.19000000,56.08728637,55.76476235,55.61598891,55.84190650,0,0
10.20000000,55.99543221,55.80805461,55.62222894,55.74454007,0,0
10.21000000,56.02222146,55.77212259,55.60937908,55.58710582,0,0
10.22000000,56.01224716,55.82772876,55.63919472,55.60444004,0,0
10.23000000,56.03570375,55.82421327,55.66778488,55.62567721,0,0
10.24000000,56.01819484,55.78827765,55.67211551,55.76029167,0,0
10.25000000,56.00635806,55.73386542,55.61745953,55.91186579,0,0
10.26000000,56.01337776,55.72703777,55.68203637,55.88588666,0,0
10.27000000,56.03221041,55.79674734,55.66812753,55.82142917,0,0
10.28000000,56.01865139,55.81508244,55.68396456,55.61531435,0,0
10.29000000,56.03332954,55.84393619,55.70567324,55.58931467,0,0
10.30000000,56.07678112,55.83002478,55.64731291,55.62537862,0,0
10.31000000,56.03287297,55.76788828,55.72719298,55.70956411,0,0
10.32000000,55.99205414,55.74364160,55.64414306,55.85146927,0,0
10.33000000,55.99378740,55.78644236,55.68919444,55.89412860,0,0
10.34000000,55.99650269,55.86240701,55.65109911,55.89438573,0,0
10.35000000,56.13781775,55.87701575,55.62814066,55.75462454,0,0
10.36000000,56.01774794,55.82295601,55.61107112,55.68326305,0,0
10.37000000,55.99611057,55.65734166,55.62953689,55.64713863,0,0
10.38000000,55.97477374,55.67217616,55.66657182,55.70287332,0,0
10.39000000,55.95809048,55.73347649,55.68532714,55.81329115,0,0
10.40000000,55.99140809,55.85319764,55.65627843,55.80713812,0,0
10.41000000,56.04093759,55.82794578,55.65333687,55.79621755,0,0
10.42000000,55.96977724,55.73086846,55.59262298,55.59559136,0,0
10.43000000,56.00253625,55.67362274,55.64687963,55.58554087,0,0
10.44000000,56.04906596,55.83642989,55.57400409,55.59514587,0,0
10.45000000,56.01355558,55.84575465,55.68327931,55.72012144,0,0
10.46000000,55.98937400,55.74257741,55.65167119,55.81707747,0,0
10.47000000,55.97227429,55.70414131,55.72920559,55.90612463,0,0
10.48000000,55.96125421,55.72865418,55.68291492,55.85404398,0,0
10.49000000,56.09038498,55.83681666,55.71509739,55.68864417,0,0
10.50000000,55.95595827,55.80198117,55.64368338,55.60492956,0,0
10.51000000,56.00110359,55.78361842,55.59415607,55.60599014,0,0
10.52000000,55.97466144,55.69688319,55.67918672,55.71609660,0,0
10.53000000,55.97838211,55.74689521,55.63042448,55.86739784,0,0
10.54000000,55.98950614,55.81159299,55.64223278,55.79801807,0,0
10.55000000,55.95484049,55.78560495,55.62640611,55.79351085,0,0
10.56000000,55.94813527,55.71181230,55.61728330,55.72632701,0,0
10.57000000,56.02596560,55.74182750,55.61366941,55.61441121,0,0
10.58000000,56.06380119,55.84500848,55.57816796,55.63246257,0,0
10.59000000,56.00209487,55.85302756,55.59373974,55.69540649,0,0
10.60000000,55.96210978,55.72372965,55.62880324,55.73122667,0,0
10.61000000,55.98817954,55.69369869,55.68623678,55.79279184,0,0
10.62000000,56.08666123,55.69523327,55.71511823,55.86034853,0,0
10.63000000,56.06988094,55.79144092,55.65874595,55.72276414,0,0
10.64000000,55.89411481,55.82117467,55.63454597,55.57665547,0,0
10.65000000,55.90967514,55.81519159,55.60945066,55.55715707,0,0
10.66000000,55.95489054,55.74809757,55.66286328,55.62902010,0,0
10.67000000,56.11112656,55.70734358,55.70954897,55.77651116,0,0
10.68000000,56.05445310,55.73407484,55.64482638,55.85339745,0,0
10.69000000,55.96549503,55.72902893,55.62988340,55.91577568,0,0
10.70000000,55.88382405,55.72793533,55.66307435,55.79024745,0,0
10.71000000,55.96403694,55.73836543,55.68131327,55.60879253,0,0
10.72000000,56.02246674,55.77603394,55.63536568,55.58700743,0,0
10.73000000,55.98646730,55.74864278,55.58349653,55.59926869,0,0
10.74000000,55.96262435,55.67736614,55.59011619,55.72503582,0,0
10.75000000,55.89911925,55.71615302,55.60873246,55.81175507,0,0
10.76000000,55.96799469,55.70639081,55.62555333,55.83382665,0,0
10.77000000,56.00008107,55.77063733,55.61736833,55.80574623,0,0
10.78000000,55.98814340,55.71357022,55.59012976,55.58713235,0,0
10.79000000,55.95491912,55.74700202,55.66293713,55.59146852,0,0
10.80000000,55.95322516,55.75838764,55.63555737,55.65307145,0,0
10.81000000,55.95616100,55.77782438,55.65291333,55.76123157,0,0
10.82000000,55.95298040,55.73667784,55.59532664,55.80192090,0,0
10.83000000,55.98733852,55.66618794,55.65176769,55.83077266,0,0
10.84000000,55.94542402,55.70411188,55.68410217,55.78895491,0,0
10.85000000,56.00098042,55.70985147,55.65521965,55.57350307,0,0
10.86000000,55.97390132,55.80891643,55.61410349,55.54797490,0,0
10.87000000,55.87794720,55.76001628,55.59436753,55.53259064,0,0
10.88000000,55.89910123,55.69747802,55.59721674,55.69512166,0,0
10.89000000,55.94269250,55.68961562,55.57215420,55.82649140,0,0
10.90000000,56.09341875,55.76496066,55.63413794,55.87363209,0,0
10.91000000,56.03566147,55.79719886,55.57946836,55.90310808,0,0
10.92000000,55.92427153,55.74328186,55.57980361,55.65851658,0,0
10.93000000,55.96102405,55.75041884,55.59204469,55.58611544,0,0
10.94000000,55.97062173,55.80749170,55.62326790,55.57309520,0,0
10.95000000,55.97870239,55.76878098,55.68244247,55.62340079,0,0
10.96000000,55.98932521,55.75830817,55.61822053,55.78631720,0,0
10.97000000,55.99752294,55.73234106,55.60989643,55.75204179,0,0
10.98000000,55.99677890,55.75704422,55.64589179,55.82224065,0,0
10.99000000,56.03856027,55.72081101,55.56581793,55.69155701,0,0
11.00000000,55.92188967,55.79956428,55.62549077,55.59775171,0,0
11.01000000,55.95078199,55.76928418,55.59594064,55.55972664,0,0
11.02000000,55.97401931,55.73185562,55.62097987,55.67784008,0,0
11.03000000,55.97764674,55.73606346,55.62360950,55.77053480,0,0
11.04000000,56.09698967,55.70851634,55.55571700,55.81725519,0,0
11.05000000,55.87930633,55.66916154,55.62310571,55.78136519,0,0
11.06000000,55.92104287,55.67760252,55.58186974,55.63686255,0,0
11.07000000,55.93051571,55.68935430,55.60364119,55.54178738,0,0
11.08000000,55.95169862,55.85181073,55.60210910,55.51677540,0,0
11.09000000,55.95049182,55.72213123,55.60347834,55.59263643,0,0
11.10000000,55.86096019,55.74136896,55.56112996,55.73070786,0,0
11.11000000,55.97784711,55.64132371,55.59251194,55.80583624,0,0
11.12000000,55.98862042,55.68296592,55.56498759,55.83016417,0,0
11.13000000,55.95920498,55.71925674,55.55224312,55.72774791,0,0
11.14000000,55.87157572,55.75293916,55.58231405,55.58174396,0,0
11.15000000,55.89773445,55.77259193,55.62853333,55.57299141,0,0
11.16000000,55.93607533,55.73430261,55.67850830,55.64074409,0,0
11.17000000,55.95626022,55.69296709,55.62219795,55.74183797,0,0
11.18000000,56.01467562,55.67383919,55.56071485,55.84087965,0,0
11.19000000,55.90280425,55.68389287,55.60158873,55.82121990,0,0
11.20000000,55.88802266,55.73242905,55.63400089,55.77488916,0,0
11.21000000,55.91109104,55.75879689,55.66095229,55.64522585,0,0
11.22000000,55.94793518,55.79882438,55.64891516,55.60561061,0,0
11.23000000,55.97158015,55.75512919,55.60043601,55.62667771,0,0
11.24000000,55.96890860,55.74788433,55.61084495,55.70389671,0,0
11.25000000,55.95169864,55.69964429,55.54836512,55.81647506,0,0
11.26000000,55.95049661,55.70997933,55.57533731,55.83310023,0,0
11.27000000,55.96954518,55.75147301,55.58106853,55.74956944,0,0
11.28000000,55.94736750,55.73596185,55.56928291,55.57855596,0,0
11.29000000,56.03776682,55.83561567,55.60985422,55.52559367,0,0
11.30000000,55.95279261,55.74631404,55.58589078,55.54661000,0,0
11.31000000,55.97221890,55.72265638,55.62510676,55.64984241,0,0
11.32000000,55.96177656,55.69417543,55.56051223,55.79512741,0,0
11.33000000,56.02642156,55.70192161,55.60726674,55.83026410,0,0
11.34000000,55.97477902,55.80035469,55.63614332,55.82263112,0,0
11.35000000,55.90605244,55.80155764,55.60295436,55.61958283,0,0
11.36000000,55.95496106,55.79420742,55.63189022,55.58876544,0,0
11.37000000,56.04301210,55.77183557,55.59096519,55.57445959,0,0
11.38000000,56.03020475,55.75227017,55.64550677,55.66571178,0,0
11.39000000,55.98755794,55.73681601,55.60984824,55.75337927,0,0
11.40000000,55.99930195,55.75135929,55.56600626,55.77663622,0,0
11.41000000,55.93419479,55.77459935,55.61517012,55.78723883,0,0
11.42000000,55.95121315,55.74494270,55.60393602,55.56941806,0,0
11.43000000,55.94354809,55.73276568,55.53971845,55.56421620,0,0
11.44000000,55.94732652,55.76039757,55.54515229,55.61955132,0,0
11.45000000,55.95148669,55.81593937,55.57587575,55.72466239,0,0
11.46000000,56.00611095,55.77775051,55.54691182,55.83653064,0,0
11.47000000,55.96907312,55.69054790,55.55405890,55.86611854,0,0
11.48000000,56.04432532,55.71177493,55.63565518,55.78914014,0,0
11.49000000,55.92820884,55.70037532,55.57233663,55.60107915,0,0
11.50000000,55.95134905,55.81275115,55.75939546,55.59331036,0,0
11.51000000,55.92225094,55.81115318,55.54695667,55.56362884,0,0
11.52000000,55.96165677,55.76616850,55.59256007,55.67961350,0,0
11.53000000,55.95782969,55.69162894,55.54989487,55.74266053,0,0
11.54000000,56.04304133,55.68173429,55.59027046,55.79600303,0,0
11.55000000,55.94724904,55.75948600,55.58377666,55.88318219,0,0
11.56000000,55.95215388,55.81725072,55.66527204,55.69505798,0,0
11.57000000,55.96294614,55.78005018,55.67376966,55.66016330,0,0
11.58000000,55.96611844,55.76005109,55.66897031,55.61530711,0,0
11.59000000,56.00408814,55.74033112,55.64074474,55.65984418,0,0
11.60000000,55.93864361,55.74870327,55.60204582,55.77995294,0,0
11.61000000,55.91090812,55.76051864,55.59903366,55.78757156,0,0
11.62000000,55.94238824,55.74720703,55.54279341,55.79610021,0,0
11.63000000,55.91412800,55.74347436,55.55914942,55.69006779,0,0
11.64000000,55.98636953,55.74203013,55.60002540,55.55385962,0,0
11.65000000,55.90714138,55.73285119,55.58264300,55.58877944,0,0
11.66000000,55.91486518,55.69793981,55.55339803,55.72778557,0,0
11.67000000,55.90548485,55.70908774,55.58636707,55.80993913,0,0
11.68000000,55.96889870,55.71025322,55.57156500,55.86374797,0,0
11.69000000,55.92274672,55.75802568,55.57199302,55.86594828,0,0
11.70000000,55.95068561,55.75137717,55.56057110,55.66888017,0,0
11.71000000,55.89587922,55.74795358,55.56624082,55.53889323,0,0
11.72000000,55.92849049,55.75409044,55.56657728,55.51817821,0,0
11.73000000,55.97012025,55.68651855,55.55519949,55.62634931,0,0
11.74000000,55.89164460,55.70981231,55.58137833,55.73269236,0,0
11.75000000,55.91744601,55.72054244,55.57745098,55.79039743,0,0
11.76000000,55.86047490,55.69920475,55.62823775,55.84221817,0,0
11.77000000,55.89955601,55.73253934,55.64090826,55.76478771,0,0
11.78000000,55.98011644,55.74703423,55.62285722,55.64992553,0,0
11.79000000,55.99602466,55.80897528,55.58873414,55.64869522,0,0
11.80000000,55.94793637,55.73197922,55.57351333,55.70963587,0,0
11.81000000,55.84226368,55.69493857,55.57436114,55.80534791,0,0
11.82000000,55.93634401,55.70738259,55.57126941,55.86010082,0,0
11.83000000,55.93543190,55.74788905,55.62900720,55.81784766,0,0
11.84000000,55.97492983,55.77687147,55.55954116,55.69592105,0,0
11.85000000,55.91109010,55.69413446,55.55067031,55.52484989,0,0
11.86000000,55.91743302,55.72436995,55.55439237,55.47724492,0,0
11.87000000,55.97812559,55.70298177,55.54663245,55.58441262,0,0
11.88000000,55.93502376,55.69891783,55.57973609,55.69025477,0,0
11.89000000,55.92992805,55.70330953,55.53770307,55.77232686,0,0
11.90000000,55.88689971,55.66469818,55.61401410,55.81256623,0,0
11.91000000,55.91305515,55.74677772,55.59127504,55.78049960,0,0
11.92000000,56.03052077,55.69539098,55.54435515,55.58063391,0,0
11.93000000,56.01039053,55.77794473,55.54092733,55.51515977,0,0
11.94000000,55.89592913,55.72209735,55.56183916,55.49907782,0,0
11.95000000,55.90360219,55.70456128,55.64766690,55.64037132,0,0
11.96000000,55.93772082,55.66448433,55.60920225,55.74681203,0,0
11.97000000,55.97677233,55.63873513,55.63664943,55.78432432,0,0
11.98000000,55.93809298,55.64166442,55.58400660,55.76451285,0,0
11.99000000,55.86910748,55.65724959,55.51600744,55.64153437,0,0
12.00000000,55.94642011,55.73803591,55.59404987,55.59337551,0,0
12.01000000,55.98234671,55.80314141,55.57116797,55.63942975,0,0
12.02000000,55.95970566,55.73888727,55.60064131,55.69897387,0,0
12.03000000,55.98107847,55.67115101,55.57233997,55.79163433,0,0
12.04000000,55.98808310,55.60682980,55.61473775,55.81993776,0,0
12.05000000,55.87360668,55.71022705,55.67964773,55.78720698,0,0
12.06000000,56.03656737,55.76976493,55.58158469,55.58942809,0,0
12.07000000,55.98994855,55.80798088,55.51617012,55.50071409,0,0
12.08000000,55.93225072,55.79256798,55.48968051,55.42583239,0,0
12.09000000,55.90420422,55.67618529,55.57335424,55.61724354,0,0
12.10000000,55.97509304,55.70502841,55.56415485,55.73542680,0,0
12.11000000,56.04175791,55.68329153,55.54190429,55.85459415,0,0
12.12000000,56.02089374,55.77504420,55.62101968,55.87686360,0,0
12.13000000,55.86261517,55.70803070,55.58148069,55.72237982,0,0
12.14000000,55.96909281,55.75474213,55.61683175,55.57974504,0,0
12.15000000,55.92309538,55.75997162,55.60332570,55.54071211,0,0
12.16000000,55.97355959,55.71962130,55.63076674,55.62241053,0,0
12.17000000,55.95628543,55.70406248,55.58914955,55.71849356,0,0
12.18000000,55.90226251,55.66570803,55.58853973,55.76968283,0,0
12.19000000,55.88996495,55.76361941,55.64146345,55.76827941,0,0
12.20000000,55.92504717,55.68491170,55.57524417,55.65423893,0,0
12.21000000,55.97226833,55.75620074,55.59215723,55.54151451,0,0
12.22000000,55.98222268,55.69029065,55.57051774,55.51234009,0,0
12.23000000,55.93025977,55.70189880,55.62237270,55.60050179,0,0
12.24000000,55.93817246,55.73561880,55.61097441,55.77018081,0,0
12.25000000,55.97490551,55.66862481,55.56456859,55.80754173,0,0
12.26000000,55.89830909,55.71334301,55.55591120,55.79098808,0,0
12.27000000,55.86531941,55.69185519,55.58868985,55.64738270,0,0
12.28000000,55.94913681,55.74159256,55.63196757,55.54099974,0,0
12.29000000,55.93228879,55.67978448,55.62097123,55.54281753,0,0
12.30000000,55.94697497,55.69136351,55.63715497,55.62888441,0,0
12.31000000,55.92264222,55.65754841,55.61520335,55.75918167,0,0
12.32000000,55.89728247,55.66660937,55.60010472,55.82775477,0,0
12.33000000,55.95065203,55.70682392,55.63059151,55.85685164,0,0
12.34000000,55.97917188,55.74113772,55.64103837,55.70836615,0,0
12.35000000,55.99264253,55.70320955,55.62867881,55.62401587,0,0
12.36000000,55.98682632,55.72380105,55.57821114,55.59809705,0,0
12.37000000,55.95928087,55.71221969,55.60008600,55.65251534,0,0
12.38000000,55.89000984,55.76481540,55.60629666,55.72880059,0,0
12.39000000,55.96215282,55.64044821,55.58493436,55.77943998,0,0
12.40000000,55.95534959,55.64590744,55.60062237,55.77114454,0,0
12.41000000,55.97977947,55.67617179,55.60252186,55.63537500,0,0
12.42000000,55.99322272,55.74325826,55.60675270,55.52851045,0,0
12.43000000,55.96797061,55.86408057,55.58003980,55.54082042,0,0
12.44000000,55.95740805,55.73851917,55.53416145,55.61549754,0,0
12.45000000,55.95629206,55.71658059,55.63231367,55.69867860,0,0
12.46000000,55.96672663,55.61586735,55.58510074,55.81783104,0,0
12.47000000,56.05384992,55.71209090,55.61286393,55.81894692,0,0
12.48000000,55.94186249,55.76465273,55.56522002,55.73812976,0,0
12.49000000,55.91361872,55.77807941,55.53093466,55.56077787,0,0
12.50000000,55.95206155,55.67582454,55.61109825,55.51178117,0,0
12.51000000,55.98806611,55.60092854,55.64684404,55.56808337,0,0
12.52000000,56.02462199,55.61295806,55.66376913,55.62012788,0,0
12.53000000,55.96568741,55.74931233,55.64250990,55.78373243,0,0
12.54000000,55.94915101,55.79638662,55.65645981,55.82383564,0,0
12.55000000,55.88739418,55.76372835,55.55272524,55.77104813,0,0
12.56000000,56.08177117,55.68059119,55.65402548,55.62595128,0,0
12.57000000,55.98418620,55.74410082,55.57461284,55.52336923,0,0
12.58000000,56.00999945,55.67709549,55.64050216,55.61344710,0,0
12.59000000,55.88469085,55.79548329,55.62020646,55.74825201,0,0
12.60000000,55.92556429,55.76527570,55.64783232,55.85096667,0,0
12.61000000,56.00433589,55.72592285,55.71461778,55.82249779,0,0
12.62000000,55.99528582,55.70323912,55.63685708,55.75731313,0,0
12.63000000,56.03892651,55.71951881,55.56795681,55.58083786,0,0
12.64000000,55.97870712,55.84304580,55.65830841,55.56631437,0,0
12.65000000,56.01208242,55.80913757,55.59387735,55.65425024,0,0
12.66000000,55.98878582,55.77312092,55.60909339,55.77726274,0,0
12.67000000,56.07959998,55.72605405,55.56478991,55.84032485,0,0
12.68000000,55.98622481,55.72009204,55.61418764,55.86935071,0,0
12.69000000,56.03506911,55.82271527,55.62957588,55.74549053,0,0
12.70000000,55.98077577,55.79127239,55.56794615,55.57581902,0,0
12.71000000,56.04096131,55.82832430,55.64922457,55.56442917,0,0
12.72000000,56.04672674,55.80335083,55.63008073,55.55972435,0,0
12.73000000,56.04429712,55.78959716,55.64694841,55.66996945,0,0
12.74000000,56.04735082,55.86949040,55.65266083,55.74395988,0,0
12.75000000,56.07353169,55.78180214,55.68477356,55.80231957,0,0
12.76000000,56.00664601,55.78030260,55.68161420,55.84201054,0,0
12.77000000,56.07778756,55.79141001,55.64870783,55.68381417,0,0
12.78000000,56.07117469,55.97196087,55.69745729,55.62291048,0,0
12.79000000,55.99857815,55.88776330,55.62252327,55.64922897,0,0
12.80000000,55.90125986,55.74052216,55.61871043,55.75848990,0,0
12.81000000,55.95337794,55.60062454,55.61854872,55.83490122,0,0
12.82000000,56.00325289,55.59195667,55.68807016,55.89378032,0,0
12.83000000,56.03340323,55.74986064,55.70759099,55.84421089,0,0
12.84000000,55.97428108,55.79295450,55.60366542,55.66632296,0,0
12.85000000,55.92462492,55.83027929,55.63254830,55.55295636,0,0
12.86000000,55.97169936,55.77833500,55.63899628,55.55448586,0,0
12.87000000,56.03365076,55.68847609,55.63000191,55.70938228,0,0
12.88000000,56.13123758,55.66101466,55.59950927,55.79972267,0,0
12.89000000,55.83384049,55.56853096,55.59870612,55.85659945,0,0
12.90000000,55.73677788,55.72821321,55.63263045,55.86613145,0,0
12.91000000,55.95685607,55.74436820,55.59453505,55.65022822,0,0
12.92000000,56.38977012,55.80417020,55.65666556,55.56969410,0,0
12.93000000,56.22945084,55.63819046,55.68931911,55.52635714,0,0
12.94000000,55.84304452,55.55405003,55.70806486,55.62437437,0,0
12.95000000,55.80562258,55.72266572,55.79136864,55.91392975,0,0
12.96000000,55.82143252,55.86491575,55.78269771,56.04977654,0,0
12.97000000,56.16679610,56.07444848,55.82021845,55.94500103,0,0
12.98000000,56.02126864,55.81957535,55.70893474,55.80265094,0,0
12.99000000,56.17300321,55.74062238,55.70072069,55.68274659,0,0
13.00000000,56.11718362,55.76470147,55.74507146,55.71887121,0,0
13.01000000,56.12177468,55.93958792,55.77192136,55.89425448,0,0
13.02000000,56.19710134,56.03183593,55.77480663,56.07405213,0,0
13.03000000,56.03569016,55.82561833,55.71680011,56.08586409,0,0
13.04000000,55.98023111,55.89865311,55.76987963,56.04669951,0,0
13.05000000,56.13388562,55.92296227,55.86275853,55.89166322,0,0
13.06000000,56.29047819,56.05021869,55.49083028,55.71708833,0,0
13.07000000,56.22728618,56.04933561,55.04915716,55.60255169,0,0
13.08000000,56.13044473,55.91035937,55.35005285,55.72409773,0,0
13.09000000,56.08740823,55.91992518,55.85251094,55.79213916,0,0
13.10000000,56.18384710,55.98231576,55.93714723,55.85455990,0,0
13.11000000,56.20483649,56.05278541,55.62046847,55.62430976,0,0
13.12000000,56.15024803,56.04347611,55.56743630,55.64694785,0,0
13.13000000,56.11479889,55.90884654,55.30098238,55.48478028,0,0
13.14000000,56.21057617,55.94217774,55.59130748,55.58727157,0,0
13.15000000,56.14556328,55.98770629,55.48939413,55.63455698,0,0
13.16000000,56.10499159,55.95991881,55.70978012,55.58807788,0,0
13.17000000,56.12754766,55.87707167,55.66403734,55.82493924,0,0
13.18000000,56.07148003,55.82049174,55.70766604,55.79311969,0,0
13.19000000,56.24625628,55.86478037,55.68526371,55.82683072,0,0
13.20000000,56.09664795,55.90571511,55.63511715,55.65511628,0,0
13.21000000,56.13076093,55.94179186,55.62846870,55.66660321,0,0
13.22000000,56.02806737,55.85665277,55.71889006,55.76543232,0,0
13.23000000,55.99164024,55.86169671,55.77848251,55.85147735,0,0
13.24000000,56.07152510,55.77697173,55.77423623,55.99488596,0,0
13.25000000,56.07530908,55.79444629,55.76776794,56.06632430,0,0
13.26000000,56.05003009,55.83858182,55.74421019,55.92991846,0,0
13.27000000,56.05997901,55.81082793,55.78288725,55.85110470,0,0
13.28000000,56.07612973,55.80167894,55.78339479,55.81378181,0,0
13.29000000,56.05077857,55.79409827,55.79521047,55.76135522,0,0
13.30000000,55.99882293,55.78718789,55.76546925,55.89084619,0,0
13.31000000,55.97552479,55.80323129,55.68691713,56.00346454,0,0
13.32000000,56.00668919,55.78473920,55.71339341,56.03553220,0,0
13.33000000,56.05442200,55.77702414,55.70579791,55.98655299,0,0
13.34000000,56.10427226,55.78307123,55.72827618,55.81040791,0,0
13.35000000,56.06324125,55.77617659,55.77163810,55.76376815,0,0
13.36000000,55.97313655,55.77904643,55.77630500,55.73400186,0,0
13.37000000,55.92308470,55.79705716,55.80924861,55.81780423,0,0
13.38000000,55.99855993,55.75916982,55.80684075,55.91674361,0,0
13.39000000,55.99916116,55.69569607,55.77379757,55.91859052,0,0
13.40000000,55.98484991,55.72391942,55.73794614,55.89507334,0,0
13.41000000,55.98302867,55.72896289,55.68993178,55.75152528,0,0
13.42000000,55.94644433,55.82144350,55.71400108,55.71265912,0,0
13.43000000,55.97864194,55.79839595,55.73189190,55.73687337,0,0
13.44000000,56.02485869,55.79476117,55.75361141,55.87235131,0,0
13.45000000,55.99259020,55.71175594,55.76203941,55.96102907,0,0
13.46000000,56.00415215,55.68077074,55.79176287,56.02687766,0,0
13.47000000,56.02893227,55.76581607,55.77037995,56.02884674,0,0
13.48000000,56.06005641,55.86666654,55.70246381,55.83063085,0,0
13.49000000,56.07773909,55.87788038,55.66864362,55.72053934,0,0
13.50000000,56.02550230,55.84163021,55.66441094,55.65366165,0,0
13.51000000,55.95016541,55.78665939,55.67927928,55.68254895,0,0
13.52000000,55.96483767,55.72680923,55.70829161,55.80205987,0,0
13.53000000,56.01667678,55.75828623,55.65162192,55.87615440,0,0
13.54000000,56.02796794,55.89788280,55.65406729,55.92547026,0,0
13.55000000,56.09924389,55.91964234,55.66163964,55.81954348,0,0
13.56000000,56.01928686,55.87663127,55.65772437,55.68377898,0,0
13.57000000,56.01752305,55.84367262,55.68050408,55.63472006,0,0
13.58000000,55.99111843,55.83725134,55.64178718,55.71953208,0,0
13.59000000,55.99640654,55.80483329,55.68221465,55.78562650,0,0
13.60000000,56.07983333,55.83270179,55.55377701,55.85185837,0,0
13.61000000,56.04446061,55.85497479,55.66897768,55.87104437,0,0
13.62000000,56.01033684,55.83975824,55.61886915,55.72341708,0,0
13.63000000,55.95207147,55.81506738,55.54308817,55.57343535,0,0
13.64000000,55.95791624,55.83448952,55.62076539,55.48350592,0,0
13.65000000,55.91325730,55.80549207,55.59429781,55.70391956,0,0
13.66000000,56.10066607,55.76695243,55.64812146,55.81398614,0,0
13.67000000,55.92009828,55.77005374,55.68001388,55.92244507,0,0
13.68000000,56.01529055,55.78360312,55.69282734,55.96713927,0,0
13.69000000,55.95015463,55.84702740,55.55506902,55.77193693,0,0
13.70000000,55.95807154,55.81895485,55.59959745,55.59776516,0,0
13.71000000,55.99506512,55.83960120,55.59721145,55.57874763,0,0
13.72000000,55.87854770,55.72006326,55.62263906,55.64452319,0,0
13.73000000,55.95628850,55.79917043,55.62974018,55.73997074,0,0
13.74000000,55.99224178,55.74315616,55.60960995,55.83648596,0,0
13.75000000,55.96950820,55.76799181,55.61176430,55.86689585,0,0
13.76000000,55.93723626,55.79402882,55.57738453,55.85169767,0,0
13.77000000,55.94719488,55.78086977,55.57086257,55.70711481,0,0
13.78000000,55.94175087,55.84810191,55.68160296,55.69562972,0,0
13.79000000,55.98474368,55.72952906,55.65248289,55.72021681,0,0
13.80000000,55.98127122,55.73983600,55.61363925,55.81136080,0,0
13.81000000,55.97060185,55.71891485,55.58920132,55.85873007,0,0
13.82000000,56.00775888,55.75263797,55.65396932,55.91218247,0,0
13.83000000,55.95994265,55.82354731,55.69757826,55.82312640,0,0
13.84000000,56.00662846,55.80882174,55.64857319,55.69182914,0,0
13.85000000,55.95454212,55.85133351,55.66404231,55.60261605,0,0
13.86000000,55.99153071,55.82988905,55.66545965,55.62440712,0,0
13.87000000,55.96633647,55.81657717,55.63579296,55.77499347,0,0
13.88000000,56.05504021,55.72970458,55.60085615,55.90017180,0,0
13.89000000,56.00145230,55.75634872,55.62002010,55.93546408,0,0
13.90000000,56.00231552,55.79420262,55.65026915,55.93654895,0,0
13.91000000,56.04160303,55.78737112,55.64747132,55.76506640,0,0
13.92000000,56.00462746,55.84437207,55.60930591,55.59443079,0,0
13.93000000,56.01261892,55.83311143,55.63979072,55.58417362,0,0
13.94000000,55.99323112,55.83180325,55.61810972,55.66890899,0,0
13.95000000,56.04357864,55.77741305,55.60334701,55.76615267,0,0
13.96000000,56.07908271,55.71784579,55.61969085,55.83988364,0,0
13.97000000,56.08060423,55.80330907,55.62943377,55.82654443,0,0
13.98000000,56.09297793,55.84100141,55.64797117,55.75651477,0,0
13.99000000,56.03903649,55.84570258,55.64669265,55.63888730,0,0
14.00000000,56.00884948,55.88065284,55.69722363,55.61915594,0,0
14.01000000,55.99321899,55.79886340,55.71631289,55.70460828,0,0
14.02000000,56.07207877,55.72721663,55.68738143,55.80035625,0,0
14.03000000,56.05973227,55.71337921,55.62810852,55.85237446,0,0
14.04000000,56.13267115,55.77981236,55.66216510,55.88876909,0,0
14.05000000,56.12047214,55.86260725,55.65570400,55.81729703,0,0
14.06000000,56.02730332,55.79348094,55.68073197,55.58419049,0,0
14.07000000,56.09649195,55.84188863,55.70486578,55.58776780,0,0
14.08000000,55.97640386,55.75927338,55.68575180,55.57212611,0,0
14.09000000,56.09331295,55.84871660,55.74116788,55.78385673,0,0
14.10000000,56.07565293,55.75576374,55.65969664,55.88605075,0,0
14.11000000,56.08117482,55.84693614,55.68385881,55.92678368,0,0
14.12000000,56.01331627,55.78085236,55.67359413,55.88586611,0,0
14.13000000,56.07223274,55.78423804,55.66261596,55.66323880,0,0
14.14000000,56.02898780,55.79362261,55.70682515,55.58687761,0,0
14.15000000,56.06312102,55.86058653,55.68642514,55.60654623,0,0
14.16000000,56.04997121,55.82641087,55.70317172,55.75729111,0,0
14.17000000,56.04808269,55.74032887,55.64788076,55.82740951,0,0
14.18000000,56.04976263,55.74824628,55.61280122,55.87739479,0,0
14.19000000,56.02627043,55.81588693,55.65254280,55.82634336,0,0
14.20000000,56.06207156,55.87133780,55.54169521,55.74690629,0,0
14.21000000,56.03292568,55.87484433,55.65675204,55.63100109,0,0
14.22000000,55.95014811,55.87981904,55.75051802,55.64531218,0,0
14.23000000,56.09119030,55.80616915,55.68011492,55.80433311,0,0
14.24000000,55.94382093,55.69653308,55.72655325,55.84003034,0,0
14.25000000,55.97369247,55.76534179,55.64114021,55.86391154,0,0
14.26000000,55.93662904,55.79876530,55.66242468,55.88175627,0,0
14.27000000,56.04682754,55.86475154,55.68009648,55.70068249,0,0
14.28000000,56.03978859,55.84071767,55.66488119,55.67209901,0,0
14.29000000,55.94162513,55.78506683,55.65039566,55.57740767,0,0
14.30000000,55.97903735,55.78643116,55.62657237,55.72727825,0,0
14.31000000,55.97677370,55.76058278,55.65770396,55.82888361,0,0
14.32000000,56.10296434,55.78188414,55.59670152,55.96734879,0,0
14.33000000,55.88470078,55.80073466,55.69939755,55.93153888,0,0
14.34000000,55.95342989,55.78812094,55.70167033,55.80647833,0,0
14.35000000,55.91834776,55.81985100,55.67357629,55.65866761,0,0
14.36000000,56.00292753,55.84797560,55.72990585,55.62795470,0,0
14.37000000,56.00797482,55.80519064,55.61787341,55.69147853,0,0
14.38000000,55.99079995,55.76106235,55.69466882,55.79343869,0,0
14.39000000,55.92235263,55.70913041,55.65412595,55.86541229,0,0
14.40000000,55.94704878,55.81924938,55.72718730,55.87299113,0,0
14.41000000,55.99371325,55.84851731,55.66180122,55.77762086,0,0
14.42000000,56.02314711,55.79039026,55.59049916,55.67569289,0,0
14.43000000,56.00106848,55.80146554,55.62799535,55.69426946,0,0
14.44000000,55.90524133,55.77092283,55.63093417,55.71398043,0,0
14.45000000,55.93958921,55.79365903,55.70702180,55.88395580,0,0
14.46000000,55.97988422,55.74230970,55.60027166,55.93582683,0,0
14.47000000,55.99091348,55.76868768,55.59583754,55.88634759,0,0
14.48000000,55.99745480,55.82086613,55.65660247,55.83898635,0,0
14.49000000,56.00577654,55.75740401,55.64600361,55.69145818,0,0
14.50000000,55.97144494,55.79062019,55.67774997,55.62867529,0,0
14.51000000,55.94633674,55.79190530,55.60988754,55.60360509,0,0
14.52000000,55.95857123,55.79977179,55.61506046,55.71334763,0,0
14.53000000,55.97336591,55.79292984,55.60326590,55.87157799,0,0
14.54000000,55.97236237,55.77953439,55.56697706,55.88947011,0,0
14.55000000,55.96208705,55.83960509,55.61084566,55.87985173,0,0
14.56000000,56.02112048,55.78528211,55.61869875,55.77124603,0,0
14.57000000,56.03010749,55.77313937,55.56366208,55.63409331,0,0
14.58000000,55.93074430,55.78459550,55.62197424,55.62863367,0,0
14.59000000,55.94634502,55.78383256,55.63514317,55.70098941,0,0
14.60000000,55.98750446,55.77539058,55.63533889,55.79226715,0,0
14.61000000,55.98396790,55.77143837,55.61851259,55.84434359,0,0
14.62000000,55.99326613,55.78624189,55.59684748,55.82843554,0,0
14.63000000,55.95074341,55.75082886,55.59402345,55.73912469,0,0
14.64000000,55.91073448,55.74303457,55.56061130,55.61181718,0,0
14.65000000,55.95650001,55.78088058,55.59762119,55.63021084,0,0
14.66000000,55.93527230,55.80164608,55.62513579,55.72196347,0,0
14.67000000,55.98208914,55.77563106,55.65117633,55.76608973,0,0
14.68000000,55.94176198,55.67837077,55.62352254,55.86413764,0,0
14.69000000,55.91378659,55.77251082,55.62792562,55.79616369,0,0
14.70000000,56.01515752,55.78463009,55.60746795,55.75828137,0,0
14.71000000,56.02888481,55.80298142,55.58814026,55.59268344,0,0
14.72000000,55.93473633,55.75901427,55.61313704,55.59319045,0,0
14.73000000,55.92553822,55.71719905,55.63134213,55.65686436,0,0
14.74000000,55.85583779,55.75140110,55.64620189,55.73098811,0,0
14.75000000,55.99538762,55.75623022,55.66041286,55.90639774,0,0
14.76000000,56.05886398,55.76666844,55.47999496,55.87230411,0,0
14.77000000,55.96906604,55.86079796,55.65662991,55.84856292,0,0
14.78000000,55.90413214,55.78154746,55.61841779,55.78663427,0,0
14.79000000,55.97929202,55.81712669,55.64914801,55.67853760,0,0
14.80000000,55.91465616,55.77847629,55.61899478,55.65199247,0,0
14.81000000,56.10739704,55.74617804,55.58254125,55.74814260,0,0
14.82000000,55.94724271,55.70737711,55.64870399,55.80644427,0,0
14.83000000,55.96170585,55.74540017,55.61679280,55.81919335,0,0
14.84000000,55.95988014,55.85093828,55.62407269,55.85534819,0,0
14.85000000,55.96796800,55.87408446,55.63271644,55.66985890,0,0
14.86000000,56.06253752,55.86908397,55.53613815,55.62177458,0,0
14.87000000,55.95718520,55.78933297,55.55425248,55.63009452,0,0
14.88000000,55.98946641,55.77445278,55.63380192,55.71912281,0,0
14.89000000,55.96709499,55.78107213,55.64359937,55.84697782,0,0
14.90000000,56.04375353,55.73571695,55.61016544,55.89337490,0,0
14.91000000,55.98092869,55.78295034,55.63128337,55.82652680,0,0
14.92000000,56.02509827,55.77174551,55.61834659,55.77146958,0,0
14.93000000,55.98779849,55.82578601,55.70451965,55.57699071,0,0
14.94000000,55.94263602,55.80013954,55.67115598,55.59795064,0,0
14.95000000,55.93234371,55.76554955,55.58245338,55.61462146,0,0
14.96000000,55.92726314,55.73068830,55.60981167,55.72503903,0,0
14.97000000,55.98448174,55.69995182,55.56084543,55.84428335,0,0
14.98000000,56.03299600,55.75890909,55.62926303,55.85959377,0,0
14.99000000,56.00650829,55.79331998,55.63769082,55.79902705,0,0
15.00000000,55.96696320,55.78884971,55.60634811,55.65276015,0,0
15.01000000,55.99236987,55.77824996,55.64565401,55.65692398,0,0
15.02000000,55.96680088,55.80292797,55.62040923,55.66584729,0,0
15.03000000,56.00194809,55.78398582,55.65015192,55.77246878,0,0
15.04000000,55.94866291,55.73841099,55.65332709,55.83215347,0,0
15.05000000,55.91208024,55.69829988,55.62240550,55.82066886,0,0
15.06000000,55.96455845,55.74715846,55.61227551,55.80213603,0,0
15.07000000,55.99620953,55.74951777,55.56863078,55.64423371,0,0
15.08000000,55.99731304,55.77452880,55.57646302,55.60021549,0,0
15.09000000,55.93791681,55.78713986,55.60032863,55.63198271,0,0
15.10000000,55.97633058,55.78814698,55.65387481,55.75589662,0,0
15.11000000,55.97683828,55.74282153,55.70066191,55.87632502,0,0
15.12000000,56.00566759,55.74826337,55.64588814,55.92061790,0,0
15.13000000,55.96857249,55.78890375,55.62422834,55.88617888,0,0
15.14000000,56.04193422,55.83914184,55.62219755,55.76757497,0,0
15.15000000,55.99973555,55.77617076,55.59500139,55.63568421,0,0
15.16000000,55.98893034,55.78708753,55.68842494,55.62567868,0,0
15.17000000,55.98418656,55.77313188,55.62372985,55.66376703,0,0
15.18000000,55.95533964,55.78033822,55.70235755,55.73883990,0,0
15.19000000,55.96670849,55.78544017,55.63558510,55.90458750,0,0
15.20000000,56.02556640,55.77791704,55.67353230,55.87002589,0,0
15.21000000,56.03021819,55.81217966,55.61791660,55.86003410,0,0
15.22000000,56.01977869,55.80979023,55.65540294,55.71870066,0,0
15.23000000,56.02367865,55.83642457,55.62305094,55.64472051,0,0
15.24000000,55.94558390,55.80237091,55.61748718,55.64617218,0,0
15.25000000,56.03129178,55.82338883,55.59420527,55.72348294,0,0
15.26000000,56.01384182,55.76163791,55.61074171,55.73325542,0,0
15.27000000,55.97982429,55.71952479,55.66515806,55.81667071,0,0
15.28000000,55.92656871,55.83377753,55.65657677,55.74474831,0,0
15.29000000,55.97358344,55.78801659,55.63459360,55.68752830,0,0
15.30000000,56.01421663,55.83435356,55.62992624,55.63104894,0,0
15.31000000,56.05210963,55.80020507,55.64365421,55.68452471,0,0
15.32000000,55.96242088,55.79913385,55.62044178,55.78317329,0,0
15.33000000,55.96796338,55.73100053,55.66241502,55.79361568,0,0
15.34000000,56.02069349,55.72709051,55.63293328,55.88909225,0,0
15.35000000,55.96587544,55.79316433,55.63134908,55.83362239,0,0
15.36000000,56.00535455,55.78666801,55.59503146,55.74189624,0,0
15.37000000,56.00475810,55.79237098,55.58217037,55.59837179,0,0
15.38000000,55.92218737,55.80198484,55.66987328,55.61479526,0,0
15.39000000,56.00084563,55.75787039,55.60506302,55.66219825,0,0
15.40000000,55.91975703,55.72714760,55.62640253,55.72139438,0,0
15.41000000,56.05689855,55.72568427,55.62190677,55.80304532,0,0
15.42000000,55.92190432,55.79560738,55.63729720,55.82880900,0,0
15.43000000,55.92620008,55.80826832,55.66175819,55.80104694,0,0
15.44000000,55.91359048,55.77865525,55.61966935,55.67170525,0,0
15.45000000,56.01924036,55.77685904,55.61545831,55.69529279,0,0
15.46000000,55.96715746,55.73779413,55.61360100,55.75010942,0,0
15.47000000,55.96596202,55.73342561,55.60186778,55.80302999,0,0
15.48000000,55.92626340,55.74672253,55.64346723,55.84442710,0,0
15.49000000,55.88814026,55.75710747,55.64088116,55.83429548,0,0
15.50000000,55.99573286,55.81368792,55.62424813,55.79361054,0,0
15.51000000,55.97617808,55.74194058,55.60921227,55.64891282,0,0
15.52000000,56.00799422,55.77381848,55.61121962,55.62418985,0,0
15.53000000,55.94362565,55.77533922,55.61402252,55.68104280,0,0
15.54000000,55.93805791,55.78296342,55.62180125,55.76358344,0,0
15.55000000,55.92578781,55.78687041,55.64845729,55.83637963,0,0
15.56000000,55.97639768,55.76076360,55.62365085,55.87913395,0,0
15.57000000,55.98968404,55.77891151,55.61437171,55.84842645,0,0
15.58000000,55.98485163,55.78543010,55.63229395,55.74536327,0,0
15.59000000,56.02843565,55.74551199,55.61550652,55.64676391,0,0
15.60000000,55.93102277,55.77612838,55.63736442,55.64355072,0,0
15.61000000,55.94157068,55.75976713,55.60496524,55.66781661,0,0
15.62000000,55.91043640,55.76378906,55.65740152,55.74675404,0,0
15.63000000,55.95877899,55.76058640,55.64670593,55.82489437,0,0
15.64000000,56.02441003,55.74723161,55.61961491,55.84211460,0,0
15.65000000,56.02313832,55.71328570,55.62579449,55.82122449,0,0
15.66000000,55.99457894,55.70699922,55.64175333,55.71967467,0,0
15.67000000,55.97009894,55.81272491,55.72094847,55.69100111,0,0
15.68000000,55.95158745,55.79178311,55.66186602,55.70523458,0,0
15.69000000,56.02622164,55.81485449,55.66165030,55.71090064,0,0
15.70000000,56.02102192,55.72868944,55.62377960,55.77453865,0,0
15.71000000,55.95810027,55.67692160,55.62248020,55.75164721,0,0
15.72000000,56.02905988,55.76004170,55.59560115,55.74554160,0,0
15.73000000,55.98837347,55.77055566,55.60053779,55.71753288,0,0
15.74000000,55.98655658,55.82972482,55.63155683,55.61536075,0,0
15.75000000,56.00220577,55.81859696,55.63242639,55.71452392,0,0
15.76000000,56.03280072,55.80583564,55.61681867,55.74784064,0,0
15.77000000,56.02299867,55.83091475,55.73411312,55.81482028,0,0
15.78000000,56.10683882,55.73793370,55.63677204,55.85974060,0,0
15.79000000,55.97238228,55.77178974,55.65054880,55.84744473,0,0
15.80000000,56.10189101,55.83789666,55.61464726,55.80444968,0,0
15.81000000,56.04707459,55.82917942,55.63527377,55.65515098,0,0
15.82000000,55.98935397,55.93004123,55.70391854,55.68134659,0,0
15.83000000,56.02165663,55.82519793,55.62533103,55.65589297,0,0
15.84000000,55.99092770,55.77288194,55.63549216,55.72328816,0,0
15.85000000,56.09892508,55.73051681,55.65891884,55.83468647,0,0
15.86000000,56.15449390,55.79512041,55.65285094,55.78167498,0,0
15.87000000,56.02326752,55.85891079,55.66168195,55.83361921,0,0
15.88000000,56.05959889,55.90155109,55.66713410,55.66658107,0,0
15.89000000,56.00831206,55.91226403,55.68118541,55.64603250,0,0
15.90000000,56.02066828,55.82215905,55.66175159,55.64480430,0,0
15.91000000,56.06349318,55.78051098,55.54935501,55.70946615,0,0
15.92000000,56.03746950,55.72514503,55.56895055,55.81230679,0,0
15.93000000,55.94602832,55.75952425,55.60440748,55.79483756,0,0
15.94000000,56.01149106,55.82715551,55.61774109,55.81322558,0,0
15.95000000,55.98096010,55.81255398,55.65579630,55.68120933,0,0
15.96000000,56.03184034,55.87223844,55.64014520,55.60672580,0,0
15.97000000,55.99572570,55.74798300,55.68509663,55.66166432,0,0
15.98000000,55.99663419,55.74998483,55.63322624,55.74206317,0,0
15.99000000,55.95882730,55.74930277,55.63374020,55.83536587,0,0
16.00000000,55.99261628,55.76511238,55.60672336,55.92607397,0,0
16.01000000,55.93994090,55.81155088,55.60612822,55.85267674,0,0
16.02000000,56.04513156,55.74157151,55.65608154,55.77474955,0,0
16.03000000,56.02057065,55.78413279,55.68216262,55.62073674,0,0
16.04000000,55.93587475,55.73271811,55.72554154,55.61736622,0,0
16.05000000,55.98998612,55.78875039,55.71409102,55.69856139,0,0
16.06000000,55.91942169,55.76843701,55.70478593,55.79779821,0,0
16.07000000,55.94616105,55.77004951,55.68508370,55.87050444,0,0
16.08000000,55.97914238,55.72922483,55.68071410,55.88090612,0,0
16.09000000,55.98739707,55.72867448,55.65608538,55.89917636,0,0
16.10000000,56.00071614,55.79658271,55.68633819,55.75860089,0,0
16.11000000,56.00236466,55.84953516,55.71231316,55.77712154,0,0
16.12000000,56.01372406,55.80083694,55.69370803,55.76608398,0,0
16.13000000,56.03457823,55.80495759,55.65394273,55.83514590,0,0
16.14000000,56.02389543,55.79939733,55.73232537,55.85998818,0,0
16.15000000,56.01045982,55.79519407,55.65729564,55.83591723,0,0
16.16000000,55.99590029,55.80573496,55.71128608,55.82745652,0,0
16.17000000,56.01706784,55.79921002,55.68544245,55.73898371,0,0
16.18000000,56.03934379,55.80904064,55.65352009,55.68011568,0,0
16.19000000,56.03544694,55.86508736,55.62015540,55.74028473,0,0
16.20000000,56.02917066,55.84217313,55.54652531,55.73962089,0,0
16.21000000,56.00606671,55.81005822,55.67773614,55.81987997,0,0
16.22000000,56.05018827,55.77109666,55.67080164,55.82841703,0,0
16.23000000,56.08682540,55.80244868,55.72221176,55.85021776,0,0
16.24000000,56.09406427,55.82782694,55.63086214,55.81677192,0,0
16.25000000,56.10718820,55.83865127,55.60950628,55.63316728,0,0
16.26000000,55.95594104,55.85520807,55.57743508,55.64727358,0,0
16.27000000,56.03918540,55.78996541,55.65302719,55.62913661,0,0
16.28000000,55.93078000,55.83818945,55.62991157,55.73901995,0,0
16.29000000,56.08186389,55.79860432,55.67557184,55.79316310,0,0
16.30000000,56.05952330,55.79679446,55.69271148,55.82061900,0,0
16.31000000,56.05899532,55.71274718,55.66389441,55.84573959,0,0
16.32000000,56.00560619,55.77621740,55.66638059,55.74431131,0,0
16.33000000,56.05317495,55.79494013,55.66327463,55.63700510,0,0
16.34000000,55.98996475,55.87353181,55.67267574,55.67846918,0,0
16.35000000,56.04116841,55.86646533,55.64682235,55.71588293,0,0
16.36000000,56.03003551,55.76571136,55.65542501,55.77399882,0,0
16.37000000,56.03647092,55.67224209,55.58880711,55.84286785,0,0
16.38000000,56.05451787,55.77161065,55.70917914,55.84457911,0,0
16.39000000,56.06254873,55.77761019,55.62972423,55.72460870,0,0
16.40000000,55.90782408,55.81380450,55.67680478,55.64398665,0,0
16.41000000,55.96149220,55.81136133,55.68225959,55.65535885,0,0
16.42000000,55.97740830,55.75754045,55.70670455,55.71157039,0,0
16.43000000,56.06090454,55.77441906,55.68257296,55.84021346,0,0
16.44000000,56.03380581,55.65693433,55.73178559,55.91036676,0,0
16.45000000,55.96066049,55.76960360,55.61176826,55.92607422,0,0
16.46000000,55.94775657,55.76903436,55.66976130,55.88184854,0,0
16.47000000,56.06752903,55.84292554,55.61897404,55.79433909,0,0
16.48000000,55.99727953,55.86214250,55.66819067,55.64731649,0,0
16.49000000,56.00038115,55.73613566,55.68524819,55.63152183,0,0
16.50000000,55.94674137,55.72670086,55.67177821,55.70884281,0,0
16.51000000,56.01544933,55.73892255,55.68646041,55.77959305,0,0
16.52000000,56.15439918,55.86593376,55.65595553,55.87746100,0,0
16.53000000,56.07392763,55.84315475,55.66799749,55.89118927,0,0
16.54000000,55.99303159,55.84086532,55.72137396,55.79015889,0,0
16.55000000,55.99270260,55.82436965,55.79912014,55.71106260,0,0
16.56000000,56.00277221,55.81925005,55.80763279,55.72974893,0,0
16.57000000,56.12883665,55.78265920,55.73662823,55.72051073,0,0
16.58000000,56.04366623,55.77608291,55.68936436,55.78754945,0,0
16.59000000,56.00943661,55.74238073,55.69734399,55.82023094,0,0
16.60000000,55.99646403,55.79499034,55.70422854,55.82903594,0,0
16.61000000,56.06428159,55.85416690,55.67400574,55.72043870,0,0
16.62000000,56.08299496,55.78433518,55.65220714,55.61366073,0,0
16.63000000,56.03250169,55.74699270,55.62104249,55.63753637,0,0
16.64000000,56.03270296,55.71236981,55.67437265,55.66761928,0,0
16.65000000,55.97657715,55.77761474,55.67754663,55.78038547,0,0
16.66000000,56.07486079,55.81923738,55.64035911,55.82564116,0,0
16.67000000,56.03166888,55.80275896,55.61092693,55.80050609,0,0
16.68000000,56.10898056,55.82597229,55.63552143,55.77020450,0,0
16.69000000,56.09998280,55.76198065,55.73620748,55.70908225,0,0
16.70000000,56.03518921,55.77212004,55.69483429,55.63194693,0,0
16.71000000,56.01391250,55.78068138,55.68507548,55.67233260,0,0
16.72000000,55.96746504,55.81188956,55.65205531,55.72136029,0,0
16.73000000,55.98466371,55.81756088,55.64998122,55.79676155,0,0
16.74000000,56.03182699,55.78199579,55.69126997,55.82097590,0,0
16.75000000,56.06304703,55.76925121,55.68901396,55.81273010,0,0
16.76000000,56.01029373,55.74567837,55.71793922,55.84124692,0,0
16.77000000,56.08294761,55.78385743,55.69872444,55.72550072,0,0
16.78000000,55.94784740,55.83857248,55.72611919,55.75175242,0,0
16.79000000,56.01305051,55.84458444,55.73274771,55.75839099,0,0
16.80000000,56.06149069,55.83118832,55.70432047,55.81354089,0,0
16.81000000,56.06369540,55.79922152,55.67534849,55.80283621,0,0
16.82000000,56.07878832,55.78414126,55.63312612,55.78232545,0,0
16.83000000,56.04636543,55.80262399,55.65677639,55.77693087,0,0
16.84000000,56.04650042,55.80384855,55.65888697,55.68053644,0,0
16.85000000,56.03289602,55.86189737,55.69470817,55.67835222,0,0
16.86000000,56.05821859,55.83218573,55.71876254,55.71757028,0,0
16.87000000,56.00830270,55.86059333,55.67827408,55.75613714,0,0
16.88000000,56.03873951,55.82144665,55.70527410,55.85276063,0,0
16.89000000,56.01206641,55.82515703,55.67745660,55.91131120,0,0
16.90000000,56.05708083,55.77755845,55.70734249,55.85783455,0,0
16.91000000,56.09154143,55.81681588,55.65139775,55.82945328,0,0
16.92000000,56.02869011,55.77080489,55.68125068,55.67197650,0,0
16.93000000,56.07264533,55.86185413,55.68854567,55.66207641,0,0
16.94000000,55.98521861,55.85469407,55.67843939,55.65724395,0,0
16.95000000,56.09052751,55.79724877,55.64542125,55.71125492,0,0
16.96000000,56.04587898,55.75576271,55.66428078,55.80287840,0,0
16.97000000,56.06911066,55.70764906,55.67374105,55.84798190,0,0
16.98000000,56.00366714,55.81539753,55.64645185,55.83145577,0,0
16.99000000,56.05358502,55.85009145,55.72446713,55.78449887,0,0
17.00000000,55.92481219,55.85701537,55.67734512,55.71240494,0,0
17.01000000,56.06938799,55.85149101,55.69612258,55.66158143,0,0
17.02000000,56.10034893,55.75325549,55.66553198,55.71849353,0,0
17.03000000,56.06706869,55.71483205,55.72301309,55.76625151,0,0
17.04000000,56.02965438,55.73789723,55.71998786,55.84168735,0,0
17.05000000,55.95613115,55.86881466,55.71608398,55.82952729,0,0
17.06000000,56.00961222,55.83954164,55.69464270,55.83176686,0,0
17.07000000,56.08452414,55.83280695,55.67592404,55.74063288,0,0
17.08000000,56.07609421,55.79798614,55.67225559,55.77180429,0,0
17.09000000,56.03283517,55.79564606,55.64375834,55.77022085,0,0
17.10000000,56.02534906,55.78349324,55.71348419,55.87105481,0,0
17.11000000,56.01866156,55.83640582,55.71977616,55.94492887,0,0
17.12000000,56.10883688,55.83907778,55.71830988,55.88399779,0,0
17.13000000,56.12228157,55.82590741,55.75993272,55.84322124,0,0
17.14000000,56.11360647,55.77460399,55.76003905,55.72826916,0,0
17.15000000,56.01489507,55.83778994,55.74663991,55.63455102,0,0
17.16000000,56.06552317,55.90156899,55.73347784,55.66709479,0,0
17.17000000,56.08444302,55.88593654,55.65137125,55.72404229,0,0
17.18000000,56.13438229,55.77692234,55.68062365,55.80767805,0,0
17.19000000,56.09668442,55.74802797,55.68355425,55.88580950,0,0
17.20000000,56.10496960,55.84254476,55.73746961,55.85734971,0,0
17.21000000,56.16014999,55.86059206,55.74894817,55.81810168,0,0
17.22000000,56.12205250,55.84425130,55.73119663,55.73656166,0,0
17.23000000,56.12333315,55.86868357,55.68694403,55.71289325,0,0
17.24000000,56.08249369,55.84478901,55.70378245,55.68716821,0,0
17.25000000,56.08052852,55.81370957,55.70666992,55.75992363,0,0
17.26000000,56.06732494,55.85046593,55.70653365,55.75947060,0,0
17.27000000,56.07055752,55.80405856,55.62793651,55.72411525,0,0
17.28000000,56.04712895,55.81343671,55.60162180,55.72838176,0,0
17.29000000,56.11924826,55.75329314,55.67656161,55.68967217,0,0
17.30000000,56.06487654,55.78927758,55.64914764,55.67421191,0,0
17.31000000,56.04063906,55.77284845,55.69381080,55.71406122,0,0
17.32000000,56.00448153,55.78239573,55.64917595,55.76912809,0,0
17.33000000,56.04023105,55.77376237,55.74793403,55.88169839,0,0
17.34000000,56.06550414,55.80544036,55.68994144,55.86217712,0,0
17.35000000,56.11899019,55.77581513,55.69202809,55.79978851,0,0
17.36000000,55.99735818,55.68767554,55.66112869,55.75572869,0,0
17.37000000,55.97691153,55.72095088,55.70874880,55.65835136,0,0
17.38000000,56.00347599,55.78961591,55.71188158,55.68631133,0,0
17.39000000,56.01698404,55.82940015,55.75308852,55.61652352,0,0
17.40000000,56.10738411,55.74073757,55.78273995,55.68127901,0,0
17.41000000,56.00270806,55.78831532,55.77015387,55.85213213,0,0
17.42000000,56.02567564,55.74629113,55.76938045,55.85402165,0,0
17.43000000,56.05094556,55.75405816,55.78072590,55.89686551,0,0
17.44000000,56.04800508,55.72260102,55.85790762,55.88997530,0,0
17.45000000,56.05569764,55.75300817,55.73097400,55.78959402,0,0
17.46000000,56.09399003,55.78284895,55.71808071,55.72166971,0,0
17.47000000,56.00810251,55.82706321,55.71245229,55.74265933,0,0
17.48000000,56.08114488,55.72508075,55.75761941,55.79606835,0,0
17.49000000,56.04850015,55.76710149,55.67511623,55.78697550,0,0
17.50000000,56.04860223,55.72728830,55.74280646,55.75683699,0,0
17.51000000,56.11735219,55.81425874,55.74511194,55.77534856,0,0
17.52000000,56.10922258,55.85805819,55.77265938,55.72655172,0,0
17.53000000,56.09990396,55.86117604,55.70192565,55.68770383,0,0
17.54000000,56.10762855,55.80658269,55.66659782,55.72231530,0,0
17.55000000,56.08123614,55.77337272,55.72743577,55.78647640,0,0
17.56000000,56.09746750,55.81813188,55.71601971,55.84368122,0,0
17.57000000,56.19349291,55.81414411,55.69338172,55.76827709,0,0
17.58000000,56.11211882,55.84941042,55.67390598,55.78109858,0,0
17.59000000,56.14581016,55.79022842,55.74401595,55.74429416,0,0
17.60000000,56.06447221,55.83807231,55.68574089,55.62720671,0,0
17.61000000,56.10004295,55.83170813,55.73661671,55.63991412,0,0
17.62000000,56.16458389,55.80766877,55.73251162,55.69132301,0,0
17.63000000,56.13661162,55.77242558,55.78096151,55.76591899,0,0
17.64000000,56.11729875,55.78887853,55.73301431,55.85122197,0,0
17.65000000,56.10314085,55.80399256,55.73810323,55.79582018,0,0
17.66000000,56.06926147,55.82463782,55.73203625,55.78288012,0,0
17.67000000,56.09157809,55.78491104,55.70836910,55.69357180,0,0
17.68000000,56.13541695,55.80140606,55.64187041,55.65223682,0,0
17.69000000,56.11105986,55.77199739,55.71045223,55.65080453,0,0
17.70000000,56.13579817,55.76444593,55.75533590,55.75584451,0,0
17.71000000,56.08802855,55.79754794,55.75190808,55.77185476,0,0
17.72000000,56.13389608,55.80336290,55.69795640,55.73536326,0,0
17.73000000,56.13713368,55.78881502,55.72297569,55.76252492,0,0
17.74000000,56.09726444,55.78381201,55.77498443,55.76344937,0,0
17.75000000,56.03778669,55.81710603,55.76575278,55.69350610,0,0
17.76000000,56.11477967,55.85168197,55.78016281,55.78096254,0,0
17.77000000,56.11316057,55.80064343,55.79263957,55.84539582,0,0
17.78000000,56.16281665,55.75421230,55.80574847,55.88216944,0,0
17.79000000,56.09412892,55.74451131,55.76746082,55.85671299,0,0
17.80000000,56.04863940,55.79020503,55.80805254,55.82205459,0,0
17.81000000,56.05502434,55.80606857,55.79887894,55.79756514,0,0
17.82000000,56.11030550,55.84429841,55.77207307,55.67302756,0,0
17.83000000,56.08887175,55.85143070,55.67095461,55.64715041,0,0
17.84000000,56.13553637,55.77981899,55.69582054,55.67158951,0,0
17.85000000,56.07779364,55.77048415,55.66869422,55.77629346,0,0
17.86000000,56.11192349,55.82131966,55.69689566,55.82663450,0,0
17.87000000,56.14297726,55.80083984,55.70343055,55.85943752,0,0
17.88000000,56.03434488,55.81425893,55.80284707,55.81852041,0,0
17.89000000,56.05535728,55.79790657,55.78515852,55.81600980,0,0
17.90000000,56.04055083,55.82036290,55.75417707,55.66295708,0,0
17.91000000,56.15995626,55.91954645,55.74806411,55.74245617,0,0
17.92000000,56.08800700,55.79581742,55.70830278,55.76386915,0,0
17.93000000,56.12712908,55.74826423,55.76947307,55.79028782,0,0
17.94000000,56.01879424,55.71777170,55.79831037,55.83010030,0,0
17.95000000,56.12928321,55.78385764,55.81527349,55.78940591,0,0
17.96000000,56.08431718,55.84847728,55.83862142,55.80813346,0,0
17.97000000,56.05531948,55.82171286,55.79259607,55.73203205,0,0
17.98000000,56.11252169,55.81355631,55.69253991,55.72725243,0,0
17.99000000,56.07056362,55.78190320,55.84985716,55.77979975,0,0
18.00000000,56.23067170,55.81639614,55.71561766,55.80915304,0,0
18.01000000,56.16350219,55.81132506,55.80021334,55.86781610,0,0
18.02000000,56.15793021,55.82829255,55.69769058,55.75272205,0,0
18.03000000,56.08043272,55.71781327,55.79579336,55.74840260,0,0
18.04000000,56.16382151,55.81037644,55.82284697,55.75161363,0,0
18.05000000,56.08090708,55.83962639,55.74010378,55.55062359,0,0
18.06000000,56.16995398,55.82043358,55.73155231,55.70046051,0,0
18.07000000,56.09118948,55.79328443,55.73240681,55.67211015,0,0
18.08000000,56.19657838,55.74345557,55.79832083,55.85072519,0,0
18.09000000,56.18957029,55.82275981,55.77115979,55.90608132,0,0
18.10000000,56.10840088,55.81198495,55.82523123,55.90203620,0,0
18.11000000,56.15874704,55.86353218,55.81595255,55.87405825,0,0
18.12000000,56.12045240,55.81485064,55.83697457,55.76942033,0,0
18.13000000,56.18619824,55.84783968,55.74270097,55.69075821,0,0
18.14000000,56.17742568,55.75077002,55.77233649,55.69410769,0,0
18.15000000,56.13473933,55.82738846,55.73446965,55.75328536,0,0
18.16000000,56.11086705,55.82650542,55.73536477,55.79300469,0,0
18.17000000,56.18077082,55.86251959,55.71216268,55.80522677,0,0
18.18000000,56.16888535,55.82209389,55.73708806,55.79565184,0,0
18.19000000,56.20528149,55.79778568,55.81455496,55.82049314,0,0
18.20000000,56.15683403,55.86636313,55.78959643,55.70536171,0,0
18.21000000,56.15121104,55.88862754,55.79957178,55.72481329,0,0
18.22000000,56.14724262,55.87176174,55.75607546,55.75063343,0,0
18.23000000,56.15609852,55.81297194,55.69117834,55.77516639,0,0
18.24000000,56.15520606,55.79095384,55.71962282,55.79064902,0,0
18.25000000,56.15660390,55.77658266,55.77971116,55.76714072,0,0
18.26000000,56.10181828,55.82868566,55.83233054,55.76565266,0,0
18.27000000,56.08448780,55.82957834,55.79446418,55.73446054,0,0
18.28000000,56.09327003,55.80969196,55.76122424,55.69749491,0,0
18.29000000,56.11047537,55.77659052,55.80974057,55.76944302,0,0
18.30000000,56.11869794,55.79157061,55.78415485,55.81053059,0,0
18.31000000,56.13959551,55.85742388,55.80569085,55.83625372,0,0
18.32000000,56.08948991,55.82071291,55.80134230,55.83110934,0,0
18.33000000,56.05469186,55.77339672,55.75027368,55.82769961,0,0
18.34000000,56.10924596,55.78400969,55.78129890,55.81674049,0,0
18.35000000,56.06476046,55.76827841,55.76825234,55.72034502,0,0
18.36000000,56.10707578,55.81649084,55.77798611,55.71564288,0,0
18.37000000,55.99659126,55.76924024,55.81214665,55.72879451,0,0
18.38000000,56.01051179,55.78883428,55.78338437,55.80446435,0,0
18.39000000,56.07824492,55.78123271,55.81950020,55.82283924,0,0
18.40000000,56.13424450,55.74837717,55.79442779,55.86467522,0,0
18.41000000,56.12779488,55.81654865,55.84727190,55.90637973,0,0
18.42000000,56.14996945,55.78956883,55.83785050,55.87172484,0,0
18.43000000,56.01981014,55.84398823,55.81927339,55.78126339,0,0
18.44000000,56.09580143,55.82341507,55.86231214,55.85101282,0,0
18.45000000,56.07140244,55.75265660,55.78576300,55.79124209,0,0
18.46000000,56.09240231,55.79833305,55.76559717,55.81603132,0,0
18.47000000,56.09020638,55.78139089,55.76851975,55.83981342,0,0
18.48000000,56.14613787,55.88472904,55.85003183,55.84518612,0,0
18.49000000,56.15787761,55.86349968,55.87429787,55.88538357,0,0
18.50000000,56.12482549,55.86052615,55.85566025,55.74617767,0,0
18.51000000,56.26264809,55.83219770,55.82200730,55.76846592,0,0
18.52000000,56.23110930,55.85001305,55.81888337,55.79858792,0,0
18.53000000,56.22270360,55.94092781,55.77076466,55.79844079,0,0
18.54000000,56.19259625,55.88828377,55.85458151,55.89493140,0,0
18.55000000,56.24453378,55.89222259,55.74698348,55.86735599,0,0
18.56000000,56.22907424,55.89671240,55.79907886,55.83748383,0,0
18.57000000,56.18790887,55.88164535,55.77642485,55.79280875,0,0
18.58000000,56.22746480,55.90232797,55.78265812,55.70922855,0,0
18.59000000,56.17622061,55.92124913,55.81087241,55.75497099,0,0
18.60000000,56.19939533,55.91347369,55.79111612,55.73852246,0,0
18.61000000,56.30392204,55.91735090,55.86580313,55.76673352,0,0
18.62000000,56.23181927,55.88331459,55.74008096,55.74619856,0,0
18.63000000,56.24143931,55.85150487,55.72419886,55.76414216,0,0
18.64000000,56.26311891,55.91523885,55.69142065,55.77213061,0,0
18.65000000,56.25639716,55.91549511,55.76365824,55.83498097,0,0
18.66000000,56.28914274,55.95373591,55.74932536,55.70684566,0,0
18.67000000,56.25748985,55.93896268,55.65188890,55.72694741,0,0
18.68000000,56.18222875,55.88101757,55.73702442,55.71603542,0,0
18.69000000,56.13831305,55.80385670,55.79814383,55.75215495,0,0
18.70000000,56.16646547,55.83869353,55.80578497,55.82341557,0,0
18.71000000,56.23479271,55.87975661,55.87099393,55.82398525,0,0
18.72000000,56.26367949,55.92280875,55.86907855,55.82390175,0,0
18.73000000,56.13691331,55.86068386,55.84780238,55.76610997,0,0
18.74000000,56.11655972,55.83702278,55.80122633,55.75621521,0,0
18.75000000,56.11171822,55.85775039,55.82420244,55.82800709,0,0
18.76000000,56.15420407,55.87679548,55.84861464,55.90274540,0,0
18.77000000,56.15205127,55.86492766,55.85896559,55.94441102,0,0
18.78000000,56.14190293,55.82608586,55.77772269,55.95268368,0,0
18.79000000,56.10512527,55.80660136,55.78767645,55.90044937,0,0
18.80000000,56.16717109,55.85364384,55.81800620,55.86671328,0,0
18.81000000,56.16199805,55.91368987,55.85530300,55.75942311,0,0
18.82000000,56.12814467,55.91356450,55.83796572,55.75795492,0,0
18.83000000,56.14092860,55.89562992,55.89474087,55.79379454,0,0
18.84000000,56.12928299,55.84041263,55.88825295,55.89324506,0,0
18.85000000,56.17262787,55.84088091,55.86590696,55.95269002,0,0
18.86000000,56.19046347,55.81956234,55.81607005,55.93277456,0,0
18.87000000,56.14324813,55.91457634,55.84340144,55.91374967,0,0
18.88000000,56.12842948,55.92599528,55.90102162,55.88385901,0,0
18.89000000,56.24673934,55.96412964,55.87639487,55.82563086,0,0
18.90000000,56.21595729,55.93160700,55.94136440,55.85633890,0,0
18.91000000,56.21342931,55.87605052,55.91058248,55.84733998,0,0
18.92000000,56.13969966,55.84315603,55.92962875,55.91429601,0,0
18.93000000,56.20809753,55.88977507,55.91103642,55.97770082,0,0
18.94000000,56.20165879,55.92783397,55.88272243,55.87140076,0,0
18.95000000,56.21538421,55.90425111,55.88126761,55.85138710,0,0
18.96000000,56.16959956,55.88222121,55.80487737,55.78587585,0,0
18.97000000,56.24801793,55.92479387,55.76745346,55.72511548,0,0
18.98000000,56.19468465,55.87126286,55.85178246,55.78576618,0,0
18.99000000,56.22390777,55.94209232,55.84292073,55.85221673,0,0
19.00000000,56.20108589,55.86090344,55.82163409,55.91270113,0,0
19.01000000,56.19143958,55.90429135,55.81668309,55.86860306,0,0
19.02000000,56.22087773,55.85123091,55.82864202,55.88467705,0,0
19.03000000,56.16853126,55.83501488,55.86588826,55.81127607,0,0
19.04000000,56.22087668,55.86432326,55.80340839,55.71612333,0,0
19.05000000,56.18433451,55.81271708,55.82398327,55.76605863,0,0
19.06000000,56.17562168,55.98506260,55.86166652,55.73150471,0,0
19.07000000,56.16923969,55.87446241,55.90206689,55.88042807,0,0
19.08000000,56.27070001,55.90687492,55.82499777,55.91455152,0,0
19.09000000,56.08760185,55.83515899,55.89697175,55.92951928,0,0
19.10000000,56.19250594,55.84815115,55.89930252,55.97227603,0,0
19.11000000,56.16564478,55.85198796,55.92476168,55.90058067,0,0
19.12000000,56.25318485,55.92179001,55.83012929,55.83351716,0,0
19.13000000,56.24664476,55.87639369,55.82928086,55.80952158,0,0
19.14000000,56.20626573,55.88383175,55.87584915,55.84287573,0,0
19.15000000,56.14747851,55.83523569,55.85314108,55.87006260,0,0
19.16000000,56.20824945,55.89495454,55.84108861,55.91169556,0,0
19.17000000,56.20923772,55.89290038,55.88493346,55.90605139,0,0
19.18000000,56.25782136,55.91084123,55.88582374,55.94295088,0,0
19.19000000,56.23975678,55.92229467,55.85387454,55.86526208,0,0
19.20000000,56.16683226,55.92327400,55.80204460,55.80091290,0,0
19.21000000,56.17253818,55.89696663,55.86530478,55.85910930,0,0
19.22000000,56.19256071,55.85710312,55.81895856,55.86804028,0,0
19.23000000,56.25430549,55.86658139,55.87222851,55.88412660,0,0
19.24000000,56.23771320,55.84367914,55.83714612,55.92520854,0,0
19.25000000,56.16782829,55.88654953,55.91549977,55.85953061,0,0
19.26000000,56.09237663,55.87041575,55.85307739,55.80597324,0,0
19.27000000,56.18666773,55.92454357,55.76659442,55.71148792,0,0
19.28000000,56.16133210,55.90220448,55.81209090,55.75559740,0,0
19.29000000,56.27338171,55.90712968,55.81419069,55.78334099,0,0
19.30000000,56.18992800,55.84312701,55.82209528,55.88056192,0,0
19.31000000,56.17065783,55.83086844,55.85091399,55.94388814,0,0
19.32000000,56.14252163,55.86458551,55.83457464,55.91512269,0,0
19.33000000,56.18665548,55.90844620,55.83794086,55.88073949,0,0
19.34000000,56.15430021,55.91221976,55.81624275,55.79450219,0,0
19.35000000,56.20149900,55.90041376,55.82912881,55.74512056,0,0
19.36000000,56.18196316,55.84285209,55.92348116,55.78768507,0,0
19.37000000,56.20053631,55.89919237,55.90795108,55.83968122,0,0
19.38000000,56.21037595,55.88016944,55.85743098,55.90972679,0,0
19.39000000,56.19988499,55.88999192,55.84562880,55.92864655,0,0
19.40000000,56.22247425,55.92361068,55.90075072,55.90930641,0,0
19.41000000,56.17873678,55.91642007,55.91326472,55.92601494,0,0
19.42000000,56.18232984,55.92781873,55.91163426,55.83974149,0,0
19.43000000,56.23022207,55.91930649,55.84726576,55.81441789,0,0
19.44000000,56.26951308,55.88010696,55.84039773,55.82980482,0,0
19.45000000,56.18941162,55.86546295,55.77948114,55.90410163,0,0
19.46000000,56.16760805,55.87191933,55.83240766,55.91442222,0,0
19.47000000,56.14967062,55.93154217,55.79542512,55.90911636,0,0
19.48000000,56.26024390,55.97060836,55.90350714,55.89232503,0,0
19.49000000,56.27373727,55.96377748,55.84665568,55.80605491,0,0
19.50000000,56.27531805,55.91685315,55.84072473,55.72847483,0,0
19.51000000,56.18931317,55.90187754,55.85927709,55.80322500,0,0
19.52000000,56.24689208,55.93351108,55.86264993,55.86483999,0,0
19.53000000,56.13507721,56.02424666,55.88200837,55.94209903,0,0
19.54000000,56.29871074,55.96566085,55.84323272,55.94628136,0,0
19.55000000,56.21500430,55.88688107,55.83453623,55.91462780,0,0
19.56000000,56.21659321,55.89422787,55.82462575,55.85360308,0,0
19.57000000,56.20804963,55.90709610,55.84906142,55.81083265,0,0
19.58000000,56.23697924,55.93600588,55.85526556,55.80872275,0,0
19.59000000,56.22866113,55.96008277,55.81709128,55.85041456,0,0
19.60000000,56.23812405,55.89447675,55.91247073,55.85558110,0,0
19.61000000,56.10189814,55.91298792,55.92958522,55.92580407,0,0
19.62000000,56.27447372,55.91063552,55.87786737,55.94211800,0,0
19.63000000,56.27389864,55.96736138,55.79782130,55.89715856,0,0
19.64000000,56.16962927,55.92972779,55.82927412,55.92025739,0,0
19.65000000,56.16184431,55.84621794,55.82382539,55.84033826,0,0
19.66000000,56.18754599,55.91242842,55.85673714,55.84012413,0,0
19.67000000,56.23249985,55.93275034,55.89818059,55.83467362,0,0
19.68000000,56.23806826,55.94172081,55.84224330,55.89141300,0,0
19.69000000,56.21125275,55.87945703,55.89927258,55.88301382,0,0
19.70000000,56.19326653,55.87355838,55.81198707,55.92248237,0,0
19.71000000,56.18614671,55.88420654,55.91053017,55.90547026,0,0
19.72000000,56.16343374,55.87410886,55.86295960,55.89319356,0,0
19.73000000,56.20491451,55.95199957,55.85342742,55.79522024,0,0
19.74000000,56.16589434,55.89758372,55.81999323,55.87892262,0,0
19.75000000,56.12280501,55.91571395,55.87417693,55.88801095,0,0
19.76000000,56.17062637,55.86090248,55.91822131,55.98100578,0,0
19.77000000,56.22596164,55.88595743,55.90175856,56.00149799,0,0
19.78000000,56.19869597,55.88312611,55.84482112,55.92684996,0,0
19.79000000,56.23020351,55.93461738,55.90935226,55.97096209,0,0
19.80000000,56.15407101,55.93725382,55.94131984,55.90896908,0,0
19.81000000,56.19867383,55.95098376,55.88515305,55.84898117,0,0
19.82000000,56.19611774,55.90563104,55.85782560,55.85073811,0,0
19.83000000,56.20774402,55.90320864,55.83263618,55.87361637,0,0
19.84000000,56.24110153,55.88675093,55.82531966,55.92439027,0,0
19.85000000,56.21171694,55.92305674,55.81662578,55.92662602,0,0
19.86000000,56.19181504,56.00079728,55.85856448,55.93248923,0,0
19.87000000,56.23093904,55.99708101,55.89310988,55.93067926,0,0
19.88000000,56.27239570,55.99882349,55.86053540,55.83039791,0,0
19.89000000,56.23446495,55.94382001,55.85707682,55.80985678,0,0
19.90000000,56.26219828,55.90837877,55.86187713,55.81902763,0,0
19.91000000,56.17557467,55.92533830,55.85486344,55.88736953,0,0
19.92000000,56.24047070,55.94510793,55.87487070,55.89592030,0,0
19.93000000,56.25873791,55.94800916,55.78828982,55.85788932,0,0
19.94000000,56.28221967,55.94121153,55.82580369,55.83757785,0,0
19.95000000,56.23459991,55.94326328,55.83195750,55.85039206,0,0
19.96000000,56.22984506,55.98081942,55.84460510,55.80507904,0,0
19.97000000,56.16995077,55.94208640,55.86393935,55.86760353,0,0
19.98000000,56.22047327,55.91096406,55.87519574,55.88133066,0,0
19.99000000,56.20764586,55.87258850,55.84888588,55.92775060,0,0
20.00000000,56.21900865,55.92085623,55.81140874,55.88165067,0,0
20.01000000,56.24069528,55.94578768,55.79245391,55.87409711,0,0
20.02000000,56.23007829,55.92897681,55.82157824,55.82810325,0,0
20.03000000,56.21946129,55.91216594,55.85070257,55.78210938,0,0
20.04000000,56.24524374,55.89769660,55.78815613,55.78895267,0,0
20.05000000,56.16379226,55.90684587,55.84857947,55.83036636,0,0
20.06000000,56.17306192,55.93756705,55.84288966,55.89753076,0,0
20.07000000,56.22886730,55.89796833,55.87551912,55.96449391,0,0
20.08000000,56.17306088,55.89045782,55.82544397,55.99723300,0,0
20.09000000,56.25581588,55.86149220,55.94875929,55.98616751,0,0
20.10000000,56.18140559,55.88041242,55.89543756,55.97141621,0,0
20.11000000,56.19863928,55.94868948,55.92805094,55.87718760,0,0
20.12000000,56.19817275,55.89345625,55.93507976,55.84245892,0,0
20.13000000,56.17015202,55.90621012,55.89537358,55.91037770,0,0
20.14000000,56.23002056,55.92365756,55.92436789,55.88656917,0,0
20.15000000,56.24216686,55.93726266,55.85423100,55.91615845,0,0
20.16000000,56.16370358,55.92180601,55.86972896,55.91284118,0,0
20.17000000,56.23291888,55.92723680,55.88235423,55.90813475,0,0
20.18000000,56.23233694,55.93263803,55.86240611,55.95649321,0,0
20.19000000,56.17013709,55.95715408,55.84312971,55.84848981,0,0
20.20000000,56.21276605,56.00438344,55.88980744,55.88354101,0,0
20.21000000,56.19958681,55.96188438,55.89971638,55.93631313,0,0
20.22000000,56.23379963,55.94451973,55.85038189,55.96600724,0,0
20.23000000,56.21499592,55.86028029,55.87376944,55.98425047,0,0
20.24000000,56.20725890,55.90837661,55.88941962,55.97525861,0,0
20.25000000,56.17186995,55.97216054,55.87686122,55.97596832,0,0
20.26000000,56.20087924,56.00191938,55.86785686,55.84550998,0,0
20.27000000,56.20167990,55.97399795,55.86166900,55.78207224,0,0
20.28000000,56.30688765,55.94417284,55.89613726,55.85365791,0,0
20.29000000,56.25142486,55.92987069,55.89105468,55.87480656,0,0
20.30000000,56.23480035,55.90499761,55.84594471,55.94346669,0,0
20.31000000,56.19387068,55.90527883,55.86618740,56.01166933,0,0
20.32000000,56.17372835,55.94917073,55.88910083,55.93749555,0,0
20.33000000,56.25221146,55.94720404,55.84866336,55.88492341,0,0
20.34000000,56.25127127,55.96376522,55.85025213,55.72488012,0,0
20.35000000,56.19640654,55.91912484,55.84697978,55.75508144,0,0
20.36000000,56.18283573,55.90872510,55.84962662,55.78827423,0,0
20.37000000,56.20164859,55.90724327,55.87323819,55.87844420,0,0
20.38000000,56.25341117,55.96772245,55.90655320,55.93457081,0,0
20.39000000,56.26670695,55.94826520,55.88801161,55.94658417,0,0
20.40000000,56.20462492,55.94076063,55.87439158,55.94588198,0,0
20.41000000,56.20606221,55.89974080,55.85532630,55.92482968,0,0
20.42000000,56.20275607,55.92378360,55.85003020,55.87633636,0,0
20.43000000,56.23445152,55.93985970,55.86522598,55.94195689,0,0
20.44000000,56.25299948,55.93478270,55.85149037,55.91951447,0,0
20.45000000,56.24689119,55.93562775,55.90567018,55.96615285,0,0
20.46000000,56.22553961,55.93683988,55.92818442,55.99831913,0,0
20.47000000,56.24510794,55.97291568,55.93768391,55.96221249,0,0
20.48000000,56.25788524,55.98850302,55.91471458,55.88468204,0,0
20.49000000,56.26247212,55.95070606,55.86050961,55.81518702,0,0
20.50000000,56.21717472,55.96021885,55.84343156,55.82174207,0,0
20.51000000,56.25542971,55.91839110,55.90512396,55.87419922,0,0
20.52000000,56.22319087,55.99255775,55.87073004,55.89404983,0,0
20.53000000,56.30826522,55.98906018,55.92587236,55.94588307,0,0
20.54000000,56.25533325,55.95438788,55.85278133,55.94587659,0,0
20.55000000,56.24860978,55.94749397,55.81857937,55.92064684,0,0
20.56000000,56.23107323,55.93065950,55.88926925,55.95295042,0,0
20.57000000,56.19572673,55.92163857,55.87571416,55.86737753,0,0
20.58000000,56.22548846,55.98097678,55.90075644,55.86665740,0,0
20.59000000,56.20698463,55.95500759,55.91475437,55.84925933,0,0
20.60000000,56.20044799,55.94465312,55.87877724,55.85903535,0,0
20.61000000,56.25012371,55.95868269,55.91659671,55.93910035,0,0
20.62000000,56.22952713,55.87796830,55.82985917,55.95246799,0,0
20.63000000,56.15836659,55.93897798,55.83514832,55.96957837,0,0
20.64000000,56.15662931,55.86314513,55.86868686,55.95996396,0,0
20.65000000,56.18769381,55.98813738,55.83696134,55.89852913,0,0
20.66000000,56.17459267,55.92833906,55.87763802,55.87299662,0,0
20.67000000,56.25474571,55.98732237,55.79987356,55.83290509,0,0
20.68000000,56.22330220,55.92319042,55.90785239,55.89489775,0,0
20.69000000,56.23364926,55.93188625,55.87264487,55.95659243,0,0
20.70000000,56.24217579,55.90871003,55.89014161,55.92752922,0,0
20.71000000,56.18241977,55.95778367,55.92278324,55.96988537,0,0
20.72000000,56.32028774,55.96806580,55.90001926,55.88594014,0,0
20.73000000,56.17895810,55.96196953,55.88572807,55.88274361,0,0
20.74000000,56.23622593,55.98723712,55.89853257,55.90519040,0,0
20.75000000,56.24293495,55.92729806,55.94066101,55.93841735,0,0
20.76000000,56.25571981,55.95580638,55.89101930,56.02685531,0,0
20.77000000,56.27895762,55.90528131,55.92084888,55.97851851,0,0
20.78000000,56.27648453,55.95269919,55.92323259,55.99607013,0,0
20.79000000,56.20408012,55.94510267,55.98501459,55.90729970,0,0
20.80000000,56.23258075,55.96300423,55.96960358,55.87589924,0,0
20.81000000,56.25814689,56.00009182,55.83421372,55.77523217,0,0
20.82000000,56.21445741,55.91014062,55.81690873,55.78275314,0,0
20.83000000,56.28688519,55.96498939,55.81231207,55.84723194,0,0
20.84000000,56.28237784,55.94044212,55.86619426,55.94906191,0,0
20.85000000,56.26068046,55.99374960,55.84064508,55.97121772,0,0
20.86000000,56.28267762,55.94185754,55.89367089,55.99300032,0,0
20.87000000,56.24842534,55.94908913,55.86742887,55.94670792,0,0
20.88000000,56.20947121,55.95835711,55.85432779,55.83288025,0,0
20.89000000,56.26321756,55.96840556,55.83887044,55.86407810,0,0
20.90000000,56.27033022,55.94960708,55.88956455,55.85088411,0,0
20.91000000,56.29955765,55.90971171,55.88029413,55.92274681,0,0
20.92000000,56.19629678,55.93277474,55.88122084,55.90056544,0,0
20.93000000,56.26089827,55.91330759,55.89068256,55.92034612,0,0
20.94000000,56.20569055,55.90927778,55.94279324,55.94038051,0,0
20.95000000,56.19395502,55.87627622,55.94698546,55.89534679,0,0
20.96000000,56.16084882,55.89310582,55.91127198,55.86200886,0,0
20.97000000,56.20195543,55.89651651,55.91870850,55.90001133,0,0
20.98000000,56.23183091,55.90465551,55.87296632,55.88021630,0,0
20.99000000,56.28306223,55.93038956,55.84110006,55.90269494,0,0
21.00000000,56.25052901,55.99127790,55.82357038,55.89368610,0,0
21.01000000,56.23926021,56.00578703,55.85346403,55.88280101,0,0
21.02000000,56.27310058,56.00567978,55.89562325,55.91117410,0,0
21.03000000,56.29192823,55.92727512,55.86955103,55.81488524,0,0
21.04000000,56.21895857,55.89069881,55.84221473,55.80293507,0,0
21.05000000,56.23167916,55.94122203,55.86569543,55.87786337,0,0
21.06000000,56.23167890,56.03263797,55.88863246,55.97184856,0,0
21.07000000,56.27741981,56.05359605,55.92541839,56.03724800,0,0
21.08000000,56.30257245,55.99439764,55.93859267,56.05746013,0,0
21.09000000,56.23789177,55.88639934,55.97118671,56.05909980,0,0
21.10000000,56.24533784,55.84391847,55.95797790,56.04765722,0,0
21.11000000,56.23808237,55.91816592,55.97275987,55.91981023,0,0
21.12000000,56.22873952,55.97080263,55.88448097,55.91024910,0,0
21.13000000,56.25754542,56.01569880,55.91786253,55.86475402,0,0
21.14000000,56.31727871,55.93947618,55.86887465,55.84310862,0,0
21.15000000,56.25096641,55.89444125,55.85147505,55.79625965,0,0
21.16000000,56.35699241,55.93607815,55.78622789,55.78612669,0,0
21.17000000,56.25953555,55.97348498,55.84684310,55.85069283,0,0
21.18000000,56.30995460,55.97461870,55.85411705,55.86456224,0,0
21.19000000,56.23383368,55.92640213,55.90742725,55.76890442,0,0
21.20000000,56.24043116,55.90680695,56.00473866,55.80178161,0,0
21.21000000,56.18576584,55.92152494,55.91240396,55.74785169,0,0
21.22000000,56.27537804,55.86397584,55.86675696,55.74050355,0,0
21.23000000,56.15168394,55.78630696,55.85538856,55.91378653,0,0
21.24000000,56.22537770,55.79874203,55.92322723,55.91205295,0,0
21.25000000,56.21423731,55.77900225,55.93401601,55.88825114,0,0
21.26000000,56.14453127,55.80719601,55.92156925,55.86593005,0,0
21.27000000,56.21722994,55.88383839,55.83278721,55.76766101,0,0
21.28000000,56.18181603,55.80827403,55.86351893,55.83015259,0,0
21.29000000,56.22171566,55.82928304,55.82706350,55.86917579,0,0
21.30000000,56.25646496,55.79275572,55.87648595,55.95086231,0,0
21.31000000,56.20985171,55.74679509,55.91957551,55.95342242,0,0
21.32000000,56.11041793,55.79524862,55.90786509,55.85345312,0,0
21.33000000,56.19937647,55.80254741,55.91150035,55.84694452,0,0
21.34000000,56.15847057,55.78022816,55.92100013,55.75800631,0,0
21.35000000,56.24389318,55.81621235,55.98552885,55.77354239,0,0
21.36000000,56.13335965,55.79410068,56.00248927,55.81525449,0,0
21.37000000,56.17562696,55.78083886,55.97308435,55.85441496,0,0
21.38000000,56.27345109,55.76317001,55.98652738,55.94392040,0,0
21.39000000,56.25740468,55.82217795,55.93837103,55.97522340,0,0
21.40000000,56.16872728,55.88562309,55.96121883,55.92789073,0,0
21.41000000,56.19205986,55.84477991,55.98799577,55.89671095,0,0
21.42000000,56.21230390,55.88068377,55.97816206,55.81636598,0,0
21.43000000,56.31730997,55.89023141,55.91004514,55.81455782,0,0
21.44000000,56.22868601,55.86596197,55.85902417,55.81334965,0,0
21.45000000,56.28654324,55.73846475,55.84081251,55.86596942,0,0
21.46000000,56.20927548,55.78085685,55.88335580,55.83159418,0,0
21.47000000,56.29076888,55.89808966,55.86684892,55.79276261,0,0
21.48000000,56.22110265,55.93299485,55.86793880,55.74641508,0,0
21.49000000,56.23818330,55.86788487,55.82542210,55.68413146,0,0
21.50000000,56.22663612,55.84510339,55.79430828,55.67161047,0,0
21.51000000,56.25818685,55.85445036,55.84522657,55.73966263,0,0
21.52000000,56.31376704,55.89329644,55.85926652,55.79577944,0,0
21.53000000,56.27091023,55.88114293,55.85612265,55.86407601,0,0
21.54000000,56.22579526,55.85495552,55.84650491,55.83293807,0,0
21.55000000,56.22147161,55.88738817,55.90190600,55.77266912,0,0
21.56000000,56.34656348,55.87055795,55.91109692,55.73838848,0,0
21.57000000,56.36465183,55.83408911,55.88449450,55.68067699,0,0
21.58000000,56.20605606,55.84440534,55.81859004,55.64450889,0,0
21.59000000,56.19936684,55.82999823,55.87668327,55.68808302,0,0
21.60000000,56.19771668,55.88152044,55.94306028,55.77759781,0,0
21.61000000,56.31152263,55.88186359,55.90802441,55.87356252,0,0
21.62000000,56.37068670,55.83004886,55.82976575,55.84630414,0,0
21.63000000,56.27674655,55.87550325,55.89192693,55.79860492,0,0
21.64000000,56.27463365,55.80567497,55.87439588,55.80524689,0,0
21.65000000,56.21245921,55.89562650,55.89625246,55.74439624,0,0
21.66000000,56.29083541,55.85296268,55.79435529,55.70311603,0,0
21.67000000,56.22763789,55.86958317,55.86513160,55.70369845,0,0
21.68000000,56.30693924,55.81545699,55.88061219,55.77727585,0,0
21.69000000,56.25391230,55.88759561,55.87058319,55.81539292,0,0
21.70000000,56.21524049,55.87689105,55.87854274,55.81532121,0,0
21.71000000,56.27897213,55.91260704,55.95700536,55.86347949,0,0
21.72000000,56.27937566,55.82182506,55.94754880,55.86101220,0,0
21.73000000,56.27935239,55.87681098,55.93434011,55.83086594,0,0
21.74000000,56.23013496,55.83564643,56.09016953,55.85419687,0,0
21.75000000,56.22786423,55.83670829,55.93105792,55.86360086,0,0
21.76000000,56.24136018,55.86638741,55.90085543,55.85856965,0,0
21.77000000,56.24373095,55.82884298,55.86232384,55.84722361,0,0
21.78000000,56.21696942,55.88941365,55.87841472,55.81629243,0,0
21.79000000,56.24243679,55.87440856,55.93647874,55.81493639,0,0
21.80000000,56.27873978,55.89711746,55.90942522,55.77259679,0,0
21.81000000,56.21672192,55.88327012,55.88157010,55.68780694,0,0
21.82000000,56.24486962,55.82195644,55.91176567,55.77857845,0,0
21.83000000,56.20533422,55.81952879,55.88587315,55.79897219,0,0
21.84000000,56.29306497,55.83756968,55.93075494,55.90060885,0,0
21.85000000,56.28187231,55.91052522,55.92820243,55.88975681,0,0
21.86000000,56.24016824,55.91792910,55.93252301,55.89130076,0,0
21.87000000,56.28918457,55.85800735,55.90283345,55.84659217,0,0
21.88000000,56.27257141,55.84027729,55.94445465,55.78218181,0,0
21.89000000,56.26073100,55.83959318,55.91019421,55.76258526,0,0
21.90000000,56.26110925,55.83407454,55.99631568,55.76963293,0,0
21.91000000,56.23653343,55.89982729,55.90924736,55.81307521,0,0
21.92000000,56.22892115,55.85564872,56.03128970,55.77173867,0,0
21.93000000,56.30708385,55.80141775,55.92979146,55.82076064,0,0
21.94000000,56.25824312,55.80135560,55.92113303,55.81253785,0,0
21.95000000,56.31199335,55.84093760,55.90158630,55.82514490,0,0
21.96000000,56.20567904,55.94873224,55.91912961,55.75869437,0,0
21.97000000,56.25034383,55.95329006,55.93256441,55.79944125,0,0
21.98000000,56.24033049,55.86905737,55.91325172,55.77908441,0,0
21.99000000,56.28350930,55.79135640,55.84974061,55.82743312,0,0
22.00000000,56.28472409,55.75251989,55.85124835,55.83116010,0,0
22.01000000,56.31988743,55.82535164,55.86778154,55.81768652,0,0
22.02000000,56.23316479,55.88631253,55.89802969,55.82073646,0,0
22.03000000,56.23817758,55.89146599,55.90190495,55.79728457,0,0
22.04000000,56.27007948,55.90499905,55.95293299,55.75616083,0,0
22.05000000,56.20338798,55.85120696,55.96518475,55.85657049,0,0
22.06000000,56.24569814,55.86220984,55.97527281,55.87611950,0,0
22.07000000,56.27889205,55.85093817,55.99049125,55.95918049,0,0
22.08000000,56.30899203,55.82916487,55.97196419,55.97629202,0,0
22.09000000,56.27436629,55.85451267,55.94406491,55.91453796,0,0
22.10000000,56.30345483,55.90984563,55.97394614,55.86142724,0,0
22.11000000,56.20895514,55.91361541,55.96379911,55.74226462,0,0
22.12000000,56.24514034,55.92787257,55.95859551,55.67657919,0,0
22.13000000,56.24287322,55.88796087,55.90936960,55.75122486,0,0
22.14000000,56.32544625,55.87363231,55.85288032,55.78610523,0,0
22.15000000,56.33773177,55.84151170,55.87381326,55.87044230,0,0
22.16000000,56.28502899,55.84815706,55.84568298,55.89325789,0,0
22.17000000,56.24484569,55.92154067,55.82525110,55.84066032,0,0
22.18000000,56.23997652,55.90556611,55.94765537,55.84868765,0,0
22.19000000,56.23828508,55.89978624,55.96980284,55.79562768,0,0
22.20000000,56.32673392,55.92646191,55.90420994,55.75319508,0,0
22.21000000,56.30113366,55.85099835,55.98390104,55.79808825,0,0
22.22000000,56.26690194,55.83366009,55.89630100,55.85782566,0,0
22.23000000,56.25400390,55.79802921,55.90702706,55.83904647,0,0
22.24000000,56.22108144,55.76856413,55.88392523,55.82398993,0,0
22.25000000,56.28193765,55.89849148,55.97974272,55.75114422,0,0
22.26000000,56.27154096,55.84381749,55.94413527,55.73127162,0,0
22.27000000,56.21799844,55.91131380,55.98887398,55.68815058,0,0
22.28000000,56.25375796,55.83380497,55.85520945,55.75246955,0,0
22.29000000,56.21500655,55.83965790,55.89929538,55.80888020,0,0
22.30000000,56.26382432,55.74915883,55.90171191,55.87299717,0,0
22.31000000,56.25406968,55.81532838,55.95295358,55.89768337,0,0
22.32000000,56.24628023,55.82122904,55.94540899,55.85530892,0,0
22.33000000,56.26505433,55.87194040,55.93908971,55.76807898,0,0
22.34000000,56.33520009,55.80164725,55.97273504,55.74835149,0,0
22.35000000,56.23088852,55.83024114,55.87918486,55.70200575,0,0
22.36000000,56.20214315,55.86007530,55.87034883,55.71170053,0,0
22.37000000,56.29171816,55.87021077,55.98920791,55.81858547,0,0
22.38000000,56.24412883,55.85598382,56.02201227,55.90430054,0,0
22.39000000,56.26393365,55.82594868,55.91304983,55.91962767,0,0
22.40000000,56.21621320,55.85185146,55.92868501,55.95603354,0,0
22.41000000,56.22562705,55.82029752,55.97315482,55.83184536,0,0
22.42000000,56.23712384,55.85302914,55.96310690,55.81323634,0,0
22.43000000,56.24329811,55.88244442,55.89078931,55.73024624,0,0
22.44000000,56.24964891,55.81299923,55.94004017,55.77619187,0,0
22.45000000,56.32972201,55.81464760,55.94372842,55.76874795,0,0
22.46000000,56.26436891,55.82912660,55.87929827,55.82420162,0,0
22.47000000,56.25183326,55.88843180,55.86626878,55.77663406,0,0
22.48000000,56.16073618,55.89749247,55.81190720,55.79910350,0,0
22.49000000,56.23052822,55.84508292,55.91022757,55.82220673,0,0
22.50000000,56.31861851,55.82708804,55.91755611,55.77805308,0,0
22.51000000,56.33195309,55.88055811,55.95283326,55.72591118,0,0
22.52000000,56.19845836,55.83081533,55.94193678,55.76371887,0,0
22.53000000,56.21321016,55.87788582,55.89937877,55.81443017,0,0
22.54000000,56.19598629,55.87182950,55.94525107,55.84931827,0,0
22.55000000,56.32943596,55.83955099,55.95125367,55.89335930,0,0
22.56000000,56.32005410,55.81638316,55.96140752,55.85063351,0,0
22.57000000,56.27038279,55.78558012,55.94604319,55.80819607,0,0
22.58000000,56.17749237,55.84784945,55.92148845,55.71706502,0,0
22.59000000,56.21472503,55.88510691,55.86541101,55.69986581,0,0
22.60000000,56.26549741,55.90478203,55.89206514,55.75545827,0,0
22.61000000,56.31892063,55.83837114,55.92077134,55.83324165,0,0
22.62000000,56.28926978,55.78987228,56.00138878,55.87693095,0,0
22.63000000,56.20465175,55.82588588,56.00045121,55.89065328,0,0
22.64000000,56.23781756,55.88328321,55.91810012,55.85398646,0,0
22.65000000,56.28025957,55.87242086,55.87029207,55.81100841,0,0
22.66000000,56.30533123,55.85106020,55.88666511,55.69308984,0,0
22.67000000,56.30422384,55.81082383,55.92750181,55.70493802,0,0
22.68000000,56.23555222,55.81095198,55.95879902,55.71847500,0,0
22.69000000,56.23191585,55.86209477,55.88845236,55.80279006,0,0
22.70000000,56.28533994,55.89270700,55.87447707,55.82488894,0,0
22.71000000,56.22316761,55.86505243,55.86295460,55.87004001,0,0
22.72000000,56.29724530,55.86905684,55.92444337,55.88950355,0,0
22.73000000,56.25198551,55.86556432,56.00094671,55.89658559,0,0
22.74000000,56.25647532,55.88985325,56.01637090,55.79825518,0,0
22.75000000,56.29655955,55.88994675,55.91533530,55.79190074,0,0
22.76000000,56.29745397,55.91033589,55.91983473,55.78185231,0,0
22.77000000,56.30956952,55.90184974,55.88204404,55.79032128,0,0
22.78000000,56.34376840,55.84978734,55.94171641,55.86394270,0,0
22.79000000,56.21695461,55.86293320,55.90030969,55.79964751,0,0
22.80000000,56.25791539,55.85235098,55.88402602,55.80746586,0,0
22.81000000,56.27482689,55.88624715,55.88337411,55.79389433,0,0
22.82000000,56.28557301,55.93857094,55.88952154,55.75807238,0,0
22.83000000,56.28636288,55.95957169,55.95789637,55.83179993,0,0
22.84000000,56.29540813,55.86504774,55.91823611,55.79257922,0,0
22.85000000,56.19542078,55.88047379,55.99018500,55.92378690,0,0
22.86000000,56.37825389,55.83387999,55.88911671,55.84608036,0,0
22.87000000,56.29138224,55.90253856,55.93086977,55.81418392,0,0
22.88000000,56.28759261,55.89161931,55.80333909,55.83306917,0,0
22.89000000,56.25871269,55.85712056,55.97662270,55.73398353,0,0
22.90000000,56.23168190,55.89937024,55.88061910,55.74929356,0,0
22.91000000,56.20280203,55.81805095,55.89006516,55.72874756,0,0
22.92000000,56.20666432,55.88666509,55.92699398,55.76165936,0,0
22.93000000,56.17559872,55.85295629,55.88275540,55.83424818,0,0
22.94000000,56.23950326,55.81275850,55.87371197,55.92615917,0,0
22.95000000,56.28457650,55.83081974,55.93877285,55.89485033,0,0
22.96000000,56.23683879,55.81710824,55.91898805,55.87493903,0,0
22.97000000,56.21675714,55.82784802,55.91250479,55.77369999,0,0
22.98000000,56.11666053,55.81192542,55.83843816,55.74567646,0,0
22.99000000,56.18892335,55.80478545,55.93791604,55.75776980,0,0
23.00000000,56.22609687,55.80345802,55.93779819,55.81055651,0,0
23.01000000,56.27662933,55.82109184,55.92326364,55.86378932,0,0
23.02000000,56.21524972,55.83044240,55.85363669,55.88247906,0,0
23.03000000,56.25043849,55.83074960,55.91001509,55.85215343,0,0
23.04000000,56.20048729,55.88207755,55.92274492,55.85982156,0,0
23.05000000,56.28743082,55.87713979,55.94006211,55.81397555,0,0
23.06000000,56.22023755,55.85812239,55.95567765,55.80052779,0,0
23.07000000,56.21394994,55.78830702,56.03790775,55.84642842,0,0
23.08000000,56.20619060,55.76858148,55.96266678,55.86452011,0,0
23.09000000,56.26722650,55.83212369,55.93129691,55.88482073,0,0
23.10000000,56.25170982,55.83650663,55.88351146,55.90338548,0,0
23.11000000,56.25717316,55.85555463,55.93420535,55.83627449,0,0
23.12000000,56.18135591,55.86276897,55.97696222,55.79316315,0,0
23.13000000,56.25728235,55.91026715,55.96510308,55.72740520,0,0
23.14000000,56.27057227,55.85629093,55.90767893,55.77031539,0,0
23.15000000,56.27980112,55.84733911,55.85435784,55.79148005,0,0
23.16000000,56.26792700,55.85327820,55.83903369,55.83803062,0,0
23.17000000,56.29001538,55.86956857,55.85323462,55.87507501,0,0
23.18000000,56.22978636,55.85778242,55.82974152,55.87897169,0,0
23.19000000,56.28657640,55.84003224,55.85628796,55.83416887,0,0
23.20000000,56.27163775,55.81642848,55.87510695,55.77599794,0,0
23.21000000,56.27262923,55.86501063,55.87363664,55.71129300,0,0
23.22000000,56.20578403,55.84604162,55.90427751,55.78134405,0,0
23.23000000,56.21184274,55.84952968,55.92730539,55.75369477,0,0
23.24000000,56.24286318,55.82114988,55.89120967,55.81096860,0,0
23.25000000,56.34547296,55.80739722,55.87567810,55.77636985,0,0
23.26000000,56.24669116,55.85964026,55.87481139,55.77407828,0,0
23.27000000,56.27223224,55.86178954,55.89846391,55.81344110,0,0
23.28000000,56.19363718,55.86810421,55.92631851,55.73506149,0,0
23.29000000,56.22991567,55.83310449,55.92880809,55.72767501,0,0
23.30000000,56.26821874,55.82069966,55.94393428,55.81753863,0,0
23.31000000,56.27089743,55.81801311,55.90116438,55.75656136,0,0
23.32000000,56.21852279,55.80727708,55.86447357,55.81034120,0,0
23.33000000,56.21069735,55.77783419,55.87629384,55.82433182,0,0
23.34000000,56.20300218,55.82556941,55.88634497,55.79853506,0,0
23.35000000,56.25730329,55.79977048,55.86920512,55.77035184,0,0
23.36000000,56.30764027,55.84561791,55.93722997,55.72468790,0,0
23.37000000,56.24537780,55.87501346,55.89467680,55.72868572,0,0
23.38000000,56.25502406,55.88016678,55.92893701,55.81243109,0,0
23.39000000,56.22889860,55.87503156,55.83556303,55.86251123,0,0
23.40000000,56.27419507,55.79745855,55.99112959,55.91426853,0,0
23.41000000,56.35888755,55.80771969,55.88314146,55.92127153,0,0
23.42000000,56.33432259,55.89410524,56.01883412,55.80968999,0,0
23.43000000,56.31748348,55.85595207,55.91563615,55.81638575,0,0
23.44000000,56.25378689,55.85881010,55.99323492,55.75670411,0,0
23.45000000,56.19496538,55.86861652,55.95200054,55.73390636,0,0
23.46000000,56.39695704,55.87779814,55.98496735,55.75302910,0,0
23.47000000,56.39016415,55.83279861,56.01676469,55.77244533,0,0
23.48000000,56.35204600,55.86508973,55.95028528,55.81623100,0,0
23.49000000,56.34133503,55.77924286,55.94828393,55.83652894,0,0
23.50000000,56.31981823,55.89277119,55.88895213,55.78981663,0,0
23.51000000,56.34887732,55.81130833,55.96431972,55.80834197,0,0
23.52000000,56.33496338,55.89403906,55.95819375,55.72164351,0,0
23.53000000,56.26946956,55.84155378,55.98125392,55.70007505,0,0
23.54000000,56.33933747,55.80886092,55.98479978,55.74988900,0,0
23.55000000,56.36711254,55.76903677,55.96276357,55.76586895,0,0
23.56000000,56.38159522,55.80647563,55.93506611,55.83158065,0,0
23.57000000,56.35717070,55.80484202,55.92455043,55.78278192,0,0
23.58000000,56.31721834,55.83383128,56.01855143,55.70445463,0,0
23.59000000,56.29921448,55.88802920,56.08073431,55.76967454,0,0
23.60000000,56.35821580,55.88279992,55.99507386,55.69181584,0,0
23.61000000,56.33807463,55.85060403,55.93070273,55.72755703,0,0
23.62000000,56.37013850,55.73890856,55.89670577,55.78267336,0,0
23.63000000,56.38026114,55.72055262,55.95379089,55.79523612,0,0
23.64000000,56.34141509,55.78948941,55.97608885,55.79548387,0,0
23.65000000,56.30725577,55.84499551,55.91602130,55.79598229,0,0
23.66000000,56.29412099,55.82892554,55.99478501,55.75962365,0,0
23.67000000,56.30568964,55.76653917,56.00846611,55.74389702,0,0
23.68000000,56.35348458,55.81160767,56.00125435,55.69155604,0,0
23.69000000,56.29332794,55.82654355,55.96535185,55.72002695,0,0
23.70000000,56.33218703,55.84607266,55.97900564,55.77552736,0,0
23.71000000,56.36596986,55.80747556,55.96467873,55.84242380,0,0
23.72000000,56.29354897,55.80551639,55.97520901,55.86719251,0,0
23.73000000,56.26741993,55.80513698,55.98160199,55.82460152,0,0
23.74000000,56.30572214,55.78455914,56.02988060,55.85006773,0,0
23.75000000,56.29848664,55.83286257,55.99821885,55.76285785,0,0
23.76000000,56.32687141,55.82485180,55.96972521,55.67454707,0,0
23.77000000,56.29736940,55.82147650,55.96584434,55.74403265,0,0
23.78000000,56.27358524,55.84166256,55.97495290,55.73388504,0,0
23.79000000,56.27413599,55.84186773,55.94336317,55.80513193,0,0
23.80000000,56.28587391,55.81877904,56.01881681,55.78909010,0,0
23.81000000,56.33895751,55.84282572,55.97302962,55.78102252,0,0
23.82000000,56.36153559,55.80648430,55.97948042,55.82142034,0,0
23.83000000,56.30097729,55.84581270,55.95654659,55.75021166,0,0
23.84000000,56.21257339,55.73783708,55.96370661,55.68614509,0,0
23.85000000,56.27338464,55.75885649,55.98167122,55.74868656,0,0
23.86000000,56.29126609,55.75569737,55.97386283,55.73605527,0,0
23.87000000,56.31296102,55.79970655,55.96960807,55.78597069,0,0
23.88000000,56.33704911,55.81695009,56.02125975,55.79421851,0,0
23.89000000,56.22301265,55.76599584,55.97426729,55.73188026,0,0
23.90000000,56.23041232,55.77114521,55.98227405,55.77451422,0,0
23.91000000,56.26563001,55.78824068,55.96450478,55.67507832,0,0
23.92000000,56.27781396,55.82170377,55.96648249,55.64538426,0,0
23.93000000,56.43237054,55.79474517,55.95050942,55.72387185,0,0
23.94000000,56.29282175,55.79440675,55.96857494,55.71355546,0,0
23.95000000,56.28401433,55.75858702,55.98378236,55.81702402,0,0
23.96000000,56.19971222,55.74333357,55.91955445,55.84025019,0,0
23.97000000,56.29227656,55.84187797,55.93706361,55.71751208,0,0
23.98000000,56.32087873,55.80210491,55.96614804,55.80655357,0,0
23.99000000,56.38773076,55.77357927,55.95274052,55.67266033,0,0
24.00000000,56.23067388,55.71039883,55.93321845,55.74520464,0,0
24.01000000,56.35918463,55.78481877,55.93198292,55.70238581,0,0
24.02000000,56.26381114,55.79506939,55.96523979,55.67526626,0,0
24.03000000,56.25327880,55.81100771,56.01577711,55.77633367,0,0
24.04000000,56.32967276,55.88369271,55.91868997,55.77782080,0,0
24.05000000,56.36057638,55.85559920,56.03986076,55.81420835,0,0
24.06000000,56.39212183,55.71709768,56.01334289,55.83436353,0,0
24.07000000,56.29130937,55.79374974,56.00266413,55.74352924,0,0
24.08000000,56.20440354,55.77493074,55.89506946,55.70090505,0,0
24.09000000,56.24279086,55.87827015,55.93446744,55.70085109,0,0
24.10000000,56.30913533,55.78762082,56.01662995,55.73265131,0,0
24.11000000,56.40531978,55.76545115,55.98569958,55.77724022,0,0
24.12000000,56.26054624,55.71976366,55.89473759,55.76737672,0,0
24.13000000,56.28729491,55.80337244,55.85416168,55.71998172,0,0
24.14000000,56.23854432,55.85858722,55.91016109,55.74368227,0,0
24.15000000,56.35781718,55.87723038,55.91538069,55.68785422,0,0
24.16000000,56.26045679,55.75067445,55.91172106,55.67769054,0,0
24.17000000,56.30952159,55.71166671,55.99725431,55.72536048,0,0
24.18000000,56.28891932,55.72699745,55.96591410,55.75744093,0,0
24.19000000,56.27351262,55.82822647,55.92672480,55.82445772,0,0
24.20000000,56.29061685,55.85678327,55.80502560,55.76611148,0,0
24.21000000,56.29412396,55.74936338,55.92029315,55.71864006,0,0
24.22000000,56.29888479,55.70716485,56.06347473,55.77837500,0,0
24.23000000,56.34350410,55.78175241,56.09813596,55.65211079,0,0
24.24000000,56.27044091,55.78323424,56.05909958,55.62148121,0,0
24.25000000,56.32740501,55.77928411,56.00982855,55.69822959,0,0
24.26000000,56.30073902,55.78371855,55.91271836,55.78436902,0,0
24.27000000,56.29577471,55.80763901,55.95629819,55.82014203,0,0
24.28000000,56.31182989,55.80219280,56.04440779,55.82372569,0,0
24.29000000,56.29003979,55.77126851,56.03155990,55.80514284,0,0
24.30000000,56.32508643,55.84271003,55.97498324,55.77948200,0,0
24.31000000,56.33471921,55.87438437,55.93678881,55.68860778,0,0
24.32000000,56.35214133,55.82085985,55.93719130,55.68906601,0,0
24.33000000,56.28478133,55.79216860,56.00498635,55.70627220,0,0
24.34000000,56.34533896,55.79610842,55.91485792,55.71206776,0,0
24.35000000,56.27816427,55.76428293,55.98813335,55.74373666,0,0
24.36000000,56.29869669,55.81690664,55.87991917,55.75474114,0,0
24.37000000,56.39526353,55.86359737,55.87158413,55.79756850,0,0
24.38000000,56.34591009,55.87712218,55.94514471,55.85660982,0,0
24.39000000,56.32754202,55.86495780,55.92338090,55.70718046,0,0
24.40000000,56.24184608,55.78609031,55.95512721,55.80288505,0,0
24.41000000,56.22058939,55.80615170,55.92011487,55.80091785,0,0
24.42000000,56.33527502,55.76534683,55.96851088,55.70831581,0,0
24.43000000,56.32728523,55.82123637,55.94592182,55.77392186,0,0
24.44000000,56.30263513,55.84771500,55.91320961,55.72677393,0,0
24.45000000,56.23018150,55.85082745,55.92248259,55.71488022,0,0
24.46000000,56.18136297,55.84584280,55.93702237,55.60714068,0,0
24.47000000,56.29425413,55.86097570,55.94392718,55.61040437,0,0
24.48000000,56.35300745,55.82453268,55.88936352,55.77185249,0,0
24.49000000,56.37998384,55.73821691,55.91492355,55.78603412,0,0
24.50000000,56.16230039,55.73942136,55.99911134,55.86362409,0,0
24.51000000,56.21944446,55.78681118,55.95645707,55.89687593,0,0
24.52000000,56.23286252,55.86227078,55.97288248,55.79028205,0,0
24.53000000,56.34001998,55.88270296,55.90082159,55.67871271,0,0
24.54000000,56.34957700,55.73123942,55.92665901,55.69101343,0,0
24.55000000,56.14161278,55.77198627,56.00356916,55.64092189,0,0
24.56000000,56.34160943,55.76734885,55.95234377,55.73995551,0,0
24.57000000,56.15203553,55.86648292,56.06666389,55.72763409,0,0
24.58000000,56.40566532,55.86224324,55.97969998,55.78681610,0,0
24.59000000,56.27415251,55.78814272,55.96790575,55.77801765,0,0
24.60000000,56.30006637,55.80493606,55.97247771,55.77530355,0,0
24.61000000,56.21912411,55.82500434,56.01488388,55.82221044,0,0
24.62000000,56.29859759,55.87645923,55.94113533,55.82242868,0,0
24.63000000,56.21836568,55.86372505,55.91696600,55.75988095,0,0
24.64000000,56.35054067,55.78667219,55.94379131,55.79866918,0,0
24.65000000,56.30448372,55.71319442,55.96512253,55.80401234,0,0
24.66000000,56.33252328,55.77904416,56.00353030,55.83056364,0,0
24.67000000,56.27761811,55.85626994,55.92797285,55.80260144,0,0
24.68000000,56.27337188,55.90730354,55.92688964,55.75008655,0,0
24.69000000,56.27138539,55.90309201,55.95894633,55.74495692,0,0
24.70000000,56.37386017,55.84006830,55.97471194,55.77036855,0,0
24.71000000,56.31256042,55.82990177,55.96220496,55.70513022,0,0
24.72000000,56.33539490,55.82468618,55.91188564,55.76617300,0,0
24.73000000,56.30034039,55.81574406,55.90686440,55.75677755,0,0
24.74000000,56.30924440,55.86469474,55.88035014,55.79854111,0,0
24.75000000,56.31516511,55.86880084,55.93077757,55.77095653,0,0
24.76000000,56.26559155,55.78688796,55.93818051,55.72527824,0,0
24.77000000,56.19566959,55.70686895,55.97239791,55.76159570,0,0
24.78000000,56.27445327,55.81103355,55.93343109,55.74934101,0,0
24.79000000,56.24246341,55.88142472,55.94467670,55.70762835,0,0
24.80000000,56.28909599,55.87008196,55.96710844,55.75930818,0,0
24.81000000,56.24134642,55.77095964,55.91424052,55.76697237,0,0
24.82000000,56.23298880,55.74908265,55.91734521,55.83698275,0,0
24.83000000,56.26713470,55.78290745,55.94369513,55.81276890,0,0
24.84000000,56.25067278,55.80688326,55.88647044,55.79124983,0,0
24.85000000,56.24324790,55.80931966,55.88375170,55.77871585,0,0
24.86000000,56.27160806,55.79662870,55.88585864,55.67864565,0,0
24.87000000,56.24157475,55.75875667,55.91938131,55.63384119,0,0
24.88000000,56.27764220,55.74255199,55.91474778,55.71347015,0,0
24.89000000,56.24940888,55.78091116,55.93719087,55.74718200,0,0
24.90000000,56.21737444,55.83633232,55.94410364,55.81457270,0,0
24.91000000,56.18324824,55.74734349,55.99113989,55.83145315,0,0
24.92000000,56.23988894,55.75672924,55.96282676,55.81023910,0,0
24.93000000,56.19992769,55.77340223,56.03371944,55.84552278,0,0
24.94000000,56.27891297,55.80339470,55.97097469,55.77401733,0,0
24.95000000,56.19884967,55.74853682,55.99331987,55.72138803,0,0
24.96000000,56.22898779,55.70305475,55.98948189,55.85488425,0,0
24.97000000,56.29858573,55.73357508,55.99473875,55.82009306,0,0
24.98000000,56.23963133,55.81870843,55.97225949,55.83398070,0,0
24.99000000,56.22591384,55.82841435,55.99758659,55.82440453,0,0
25.00000000,56.27200361,55.83483778,55.91843299,55.75141098,0,0
25.01000000,56.18261062,55.74322749,55.87514370,55.71651064,0,0
25.02000000,56.29309169,55.83530735,55.86501345,55.70964609,0,0
25.03000000,56.25549229,55.79985503,55.86138796,55.67990141,0,0
25.04000000,56.32756100,55.83873149,55.83440997,55.71351903,0,0
25.05000000,56.24421595,55.84849107,55.95926302,55.75297051,0,0
25.06000000,56.25433035,55.84699832,55.89803395,55.77775867,0,0
25.07000000,56.34676664,55.75933822,55.96833808,55.84638107,0,0
25.08000000,56.26637334,55.77642499,55.89495012,55.79180661,0,0
25.09000000,56.28133010,55.80922794,55.98161088,55.76636947,0,0
25.10000000,56.18904164,55.84589355,55.96336070,55.74622150,0,0
25.11000000,56.33138176,55.93406223,55.95513355,55.68381570,0,0
25.12000000,56.28854120,55.78447482,55.91057360,55.66345317,0,0
25.13000000,56.35282027,55.79973350,55.93373344,55.68422053,0,0
25.14000000,56.27834803,55.76134337,55.86729256,55.72667418,0,0
25.15000000,56.32386640,55.84737224,55.87248176,55.76514453,0,0
25.16000000,56.36176935,55.88597186,55.89031570,55.76353833,0,0
25.17000000,56.36875731,55.83647881,55.98822891,55.76203994,0,0
25.18000000,56.32780250,55.78835465,55.86680106,55.66149476,0,0
25.19000000,56.37068423,55.73134829,55.81648789,55.59679923,0,0
25.20000000,56.33305891,55.76867936,55.82551124,55.66101718,0,0
25.21000000,56.29014766,55.80474740,55.93608641,55.67276949,0,0
25.22000000,56.27542327,55.78393949,55.94208432,55.71070659,0,0
25.23000000,56.19979153,55.76635339,55.90709856,55.74076249,0,0
25.24000000,56.29732797,55.76503088,55.94620395,55.66654690,0,0
25.25000000,56.36022765,55.80891881,55.93314229,55.68326258,0,0
25.26000000,56.32299618,55.77630158,55.92956476,55.71214545,0,0
25.27000000,56.32529128,55.72917375,55.94303585,55.70039180,0,0
25.28000000,56.28033073,55.72830978,56.02358972,55.77670635,0,0
25.29000000,56.35694258,55.76019178,55.98200833,55.83245435,0,0
25.30000000,56.34174906,55.77692152,55.95086478,55.78893374,0,0
25.31000000,56.34278860,55.76048145,55.88938451,55.74906063,0,0
25.32000000,56.29767760,55.75422149,55.90510189,55.70328804,0,0
25.33000000,56.35958421,55.76357314,55.99074654,55.70433359,0,0
25.34000000,56.28186505,55.77733209,56.00625602,55.64449776,0,0
25.35000000,56.33081622,55.78466253,55.96832162,55.62815579,0,0
25.36000000,56.29354173,55.78168735,55.99846285,55.68423201,0,0
25.37000000,56.35509737,55.76064688,56.00357480,55.74312929,0,0
25.38000000,56.33077458,55.75627749,56.05217801,55.80560379,0,0
25.39000000,56.32859980,55.74383390,56.03543482,55.79443980,0,0
25.40000000,56.28733459,55.73182035,56.00148955,55.77288061,0,0
25.41000000,56.34778111,55.77860223,55.99359054,55.75656958,0,0
25.42000000,56.28277566,55.78439692,55.99523679,55.68126810,0,0
25.43000000,56.32728638,55.77417485,56.01543924,55.67408112,0,0
25.44000000,56.30127715,55.74445793,56.00221940,55.67598224,0,0
25.45000000,56.28854467,55.70412971,55.96834385,55.69640126,0,0
25.46000000,56.28995449,55.73392968,55.94851029,55.70935517,0,0
25.47000000,56.29621001,55.70763264,55.91263891,55.72727793,0,0
25.48000000,56.31072434,55.76753605,55.93959601,55.70980481,0,0
25.49000000,56.28163836,55.75633425,55.97981379,55.71240117,0,0
25.50000000,56.23223154,55.72563989,56.00665755,55.67682206,0,0
25.51000000,56.28815371,55.70660599,55.99619889,55.66896529,0,0
25.52000000,56.31112582,55.77927112,55.94794002,55.71139084,0,0
25.53000000,56.32909330,55.69346121,55.90994094,55.70484570,0,0
25.54000000,56.21680153,55.71340004,56.03263191,55.76942270,0,0
25.55000000,56.30320319,55.68665819,55.98667466,55.71175353,0,0
25.56000000,56.22037429,55.80100467,56.01944765,55.69666833,0,0
25.57000000,56.35057555,55.74919247,56.01143758,55.61779514,0,0
25.58000000,56.31658510,55.74866502,55.96947769,55.64318415,0,0
25.59000000,56.25368799,55.65322735,55.96611695,55.69221285,0,0
25.60000000,56.28003451,55.74951955,56.01344896,55.74297540,0,0
25.61000000,56.25437087,55.75790592,56.00720081,55.82772216,0,0
25.62000000,56.26110330,55.76151744,55.99236344,55.82970036,0,0
25.63000000,56.39599580,55.73958998,55.98248102,55.77404516,0,0
25.64000000,56.29806560,55.69143547,55.88668760,55.70506705,0,0
25.65000000,56.33521787,55.68593374,56.07895474,55.68708946,0,0
25.66000000,56.31380747,55.76471638,55.95432248,55.63887296,0,0
25.67000000,56.30444552,55.80859083,55.94366417,55.61404011,0,0
25.68000000,56.29628329,55.77366164,55.96374481,55.59151986,0,0
25.69000000,56.31181900,55.73089566,55.90883301,55.70798509,0,0
25.70000000,56.30856691,55.72973039,55.96372575,55.73498799,0,0
25.71000000,56.35349930,55.79093227,55.94578378,55.74157205,0,0
25.72000000,56.33622608,55.79804308,55.95180179,55.70928232,0,0
25.73000000,56.32455411,55.80964321,55.95814200,55.72150850,0,0
25.74000000,56.27019145,55.75341863,55.94973520,55.59730653,0,0
25.75000000,56.30395889,55.72104291,55.95011818,55.61045043,0,0
25.76000000,56.41991205,55.70206971,56.01674364,55.61736814,0,0
25.77000000,56.34378922,55.76461662,55.93737516,55.68389786,0,0
25.78000000,56.27578408,55.75635527,55.90552839,55.69902075,0,0
25.79000000,56.23624681,55.72748001,55.84885963,55.65946585,0,0
25.80000000,56.31599115,55.69147728,55.88969520,55.66460997,0,0
25.81000000,56.38751986,55.71609952,55.96780939,55.68590954,0,0
25.82000000,56.34746722,55.80467321,55.99152823,55.62085684,0,0
25.83000000,56.32966302,55.73994982,55.93577281,55.64761030,0,0
25.84000000,56.30969411,55.74670243,55.95627711,55.70184487,0,0
25.85000000,56.34158936,55.70519283,55.93138971,55.72289393,0,0
25.86000000,56.33308646,55.72762137,55.97064438,55.67935903,0,0
25.87000000,56.29769837,55.72045965,56.00672229,55.65756843,0,0
25.88000000,56.26438260,55.76104249,56.02735556,55.64871249,0,0
25.89000000,56.23289309,55.75863119,56.00255952,55.62959507,0,0
25.90000000,56.29653357,55.71943298,55.96277688,55.59879364,0,0
25.91000000,56.33610686,55.68609783,55.91254521,55.64674972,0,0
25.92000000,56.32817741,55.69458311,55.96019785,55.69507422,0,0
25.93000000,56.27153041,55.71350618,56.04554249,55.76822140,0,0
25.94000000,56.27313134,55.78209178,56.02789728,55.76013209,0,0
25.95000000,56.28560141,55.77158681,55.92704496,55.82673481,0,0
25.96000000,56.28449373,55.73022602,55.90707529,55.74244563,0,0
25.97000000,56.27332561,55.71496905,55.91589909,55.67388322,0,0
25.98000000,56.19840575,55.63326533,56.01145751,55.58479500,0,0
25.99000000,56.32765208,55.75093048,55.95081509,55.61244709,0,0
26.00000000,56.26256181,55.78683210,55.93628587,55.66963997,0,0
26.01000000,56.39314554,55.78812380,56.00296230,55.69432648,0,0
26.02000000,56.30692998,55.70748540,55.96881864,55.67751177,0,0
26.03000000,56.24374586,55.72375666,56.00403742,55.71365439,0,0
26.04000000,56.25295727,55.79139000,55.99739892,55.74105049,0,0
26.05000000,56.32593491,55.80329475,56.01635919,55.74224827,0,0
26.06000000,56.36514388,55.75818296,55.97868290,55.68537396,0,0
26.07000000,56.31256107,55.76264255,55.87256148,55.68127090,0,0
26.08000000,56.24505330,55.68566021,55.95961454,55.64342871,0,0
26.09000000,56.28570402,55.72254258,56.04612533,55.65891810,0,0
26.10000000,56.32724703,55.73805089,55.99518830,55.68521652,0,0
26.11000000,56.30992446,55.80417765,56.03163359,55.63904609,0,0
26.12000000,56.39105772,55.74304322,55.93560813,55.67066253,0,0
26.13000000,56.23189821,55.67746386,55.96760239,55.65056147,0,0
26.14000000,56.20076778,55.66797739,55.89204175,55.65922472,0,0
26.15000000,56.24890245,55.70350746,55.87220945,55.67659578,0,0
26.16000000,56.16227295,55.82745122,55.94541595,55.67646721,0,0
26.17000000,56.28318083,55.75654512,55.95481756,55.76929109,0,0
26.18000000,56.40057169,55.75411912,55.94373378,55.76464212,0,0
26.19000000,56.43766691,55.69224517,55.94537093,55.68464351,0,0
26.20000000,56.33779266,55.67612443,55.95907913,55.66673164,0,0
26.21000000,56.19166685,55.72969239,55.94723948,55.67953384,0,0
26.22000000,56.13325285,55.78274938,55.97386396,55.65270546,0,0
26.23000000,56.27893161,55.81121217,56.01113112,55.61391082,0,0
26.24000000,56.35581639,55.72106582,55.93733906,55.72189265,0,0
26.25000000,56.34922266,55.71201479,55.89455122,55.73921993,0,0
26.26000000,56.32342120,55.70058243,55.90157522,55.75167484,0,0
26.27000000,56.25038603,55.74918461,55.94778653,55.73985798,0,0
26.28000000,56.26487415,55.77221090,55.99095525,55.71359594,0,0
26.29000000,56.25407194,55.75119501,56.02827621,55.70223099,0,0
26.30000000,56.15014805,55.68844822,56.01467882,55.59205555,0,0
26.31000000,56.24528907,55.63570460,55.99541023,55.63116183,0,0
26.32000000,56.33102669,55.72525333,55.96741999,55.63992641,0,0
26.33000000,56.34024172,55.82920228,55.84079769,55.70515217,0,0
26.34000000,56.37445528,55.85236038,55.86621548,55.71633582,0,0
26.35000000,56.23236747,55.71768030,55.90553994,55.69263676,0,0
26.36000000,56.24395117,55.66227684,56.01172462,55.70620795,0,0
26.37000000,56.24373371,55.69232468,56.01811206,55.73859782,0,0
26.38000000,56.27824489,55.79860819,55.94942551,55.68592381,0,0
26.39000000,56.33273680,55.73557757,55.89152538,55.71339860,0,0
26.40000000,56.35502837,55.73673577,55.96611853,55.72422272,0,0
26.41000000,56.30480469,55.74442112,55.95084718,55.71103828,0,0
26.42000000,56.34466762,55.71000559,56.02828044,55.71675519,0,0
26.43000000,56.21591838,55.71497775,55.97312548,55.72158505,0,0
26.44000000,56.22631492,55.75566550,56.01457310,55.69112223,0,0
26.45000000,56.30957678,55.75263042,56.05545049,55.67539375,0,0
26.46000000,56.36500209,55.75977267,56.03629537,55.57979412,0,0
26.47000000,56.38109219,55.78651596,55.89645569,55.60541623,0,0
26.48000000,56.35448446,55.76421801,55.86218181,55.60256269,0,0
26.49000000,56.22210879,55.75723758,55.86561668,55.64728660,0,0
26.50000000,56.27295579,55.69303801,55.93211545,55.73468303,0,0
26.51000000,56.31888965,55.73587519,55.89523671,55.77720098,0,0
26.52000000,56.35198119,55.73319054,55.94883775,55.69320923,0,0
26.53000000,56.33374148,55.73708997,55.90849623,55.60449807,0,0
26.54000000,56.20831251,55.66874143,55.85140152,55.54500841,0,0
26.55000000,56.19920739,55.74455620,55.77338070,55.55899946,0,0
26.56000000,56.29007897,55.72573375,55.87803135,55.63645424,0,0
26.57000000,56.26423399,55.72386714,55.93722367,55.64986245,0,0
26.58000000,56.26496168,55.69358200,55.93284337,55.75094558,0,0
26.59000000,56.21351580,55.70764186,56.00049517,55.75455453,0,0
26.60000000,56.27823443,55.77268084,55.92704067,55.74577257,0,0
26.61000000,56.33843814,55.73163474,55.91670366,55.72011696,0,0
26.62000000,56.19168261,55.68511397,55.96587664,55.69135995,0,0
26.63000000,56.21474620,55.72486428,55.99535945,55.62491514,0,0
26.64000000,56.23508372,55.68993549,56.05057444,55.69122148,0,0
26.65000000,56.32189129,55.76121990,55.98227292,55.69887515,0,0
26.66000000,56.23173247,55.75190297,55.90267890,55.74851956,0,0
26.67000000,56.31314248,55.76281447,55.87408123,55.67373161,0,0
26.68000000,56.21676052,55.74897348,55.92293690,55.65932986,0,0
26.69000000,56.26234628,55.69167637,56.00620133,55.72067696,0,0
26.70000000,56.24015806,55.77057105,56.05011753,55.70873271,0,0
26.71000000,56.26046925,55.74085382,55.95356719,55.67286360,0,0
26.72000000,56.29673129,55.67063771,55.95988168,55.75206360,0,0
26.73000000,56.29312108,55.75646513,55.92392552,55.76450966,0,0
26.74000000,56.23395776,55.68439034,55.89968917,55.68509038,0,0
26.75000000,56.33579927,55.76273824,55.95211290,55.66374817,0,0
26.76000000,56.24336878,55.72678230,55.96581585,55.66084099,0,0
26.77000000,56.27062595,55.73564728,56.02161356,55.63954012,0,0
26.78000000,56.35902122,55.78598457,55.98994017,55.61455407,0,0
26.79000000,56.31461727,55.69006769,55.88191237,55.54973832,0,0
26.80000000,56.39690902,55.71741724,55.89524424,55.63724853,0,0
26.81000000,56.26626943,55.74286521,55.91694482,55.68288455,0,0
26.82000000,56.28600023,55.78571399,55.93723991,55.66540380,0,0
26.83000000,56.28007212,55.76716255,55.96247233,55.67763931,0,0
26.84000000,56.28624249,55.72541121,55.93199960,55.66619336,0,0
26.85000000,56.25284624,55.69190937,55.94816246,55.67738517,0,0
26.86000000,56.30885032,55.69661234,55.97218874,55.58457657,0,0
26.87000000,56.28592269,55.68957049,55.93435054,55.61624541,0,0
26.88000000,56.27058950,55.70969338,55.90393314,55.67980733,0,0
26.89000000,56.15515938,55.72345340,55.88930087,55.62688379,0,0
26.90000000,56.11426646,55.68377753,55.91565941,55.68475133,0,0
26.91000000,56.16810468,55.69729714,55.87426845,55.70180619,0,0
26.92000000,56.32673707,55.73525932,55.86894623,55.66677820,0,0
26.93000000,56.28474488,55.73510982,55.86014672,55.69581465,0,0
26.94000000,56.29197593,55.69370477,55.83177349,55.64884584,0,0
26.95000000,56.12620598,55.65090601,55.84790186,55.64932794,0,0
26.96000000,56.17316539,55.66708047,55.91340994,55.65362494,0,0
26.97000000,56.19961485,55.67230997,55.95290514,55.66465912,0,0
26.98000000,56.22655040,55.71563504,55.97888109,55.70510278,0,0
26.99000000,56.19515158,55.77637617,55.93580700,55.74024203,0,0
27.00000000,56.21699415,55.75912760,55.93241664,55.71198383,0,0
27.01000000,56.18058084,55.68543735,55.97330305,55.69521009,0,0
27.02000000,56.25354958,55.67875173,55.96730263,55.66915695,0,0
27.03000000,56.25064912,55.70288466,55.98234109,55.67900881,0,0
27.04000000,56.28670080,55.76776353,56.02819812,55.74189649,0,0
27.05000000,56.21845265,55.74204716,56.03256403,55.73900404,0,0
27.06000000,56.27293171,55.71278228,55.97842963,55.75319393,0,0
27.07000000,56.25264978,55.68451891,55.86383148,55.71243200,0,0
27.08000000,56.39650425,55.70257538,55.89424065,55.62033777,0,0
27.09000000,56.23876550,55.69586341,55.97183868,55.59898371,0,0
27.10000000,56.25405087,55.70290585,55.93572933,55.58655151,0,0
27.11000000,56.22812018,55.70596008,55.93515197,55.58090766,0,0
27.12000000,56.31047936,55.77053292,55.94591712,55.60367579,0,0
27.13000000,56.35572493,55.81885378,55.87041699,55.64638532,0,0
27.14000000,56.32817036,55.73007436,55.87137917,55.65078933,0,0
27.15000000,56.19866711,55.69452499,55.89848344,55.64663946,0,0
27.16000000,56.33674750,55.61160233,55.88526380,55.64324647,0,0
27.17000000,56.30656001,55.70918456,55.91167539,55.75324105,0,0
27.18000000,56.30509094,55.81156176,55.89532421,55.63692094,0,0
27.19000000,56.25085349,55.75210939,55.89448876,55.58027874,0,0
27.20000000,56.23952604,55.70645929,55.94268784,55.67610773,0,0
27.21000000,56.25246147,55.63891177,55.91724630,55.65041709,0,0
27.22000000,56.38497929,55.66867202,55.92565081,55.69257024,0,0
27.23000000,56.25561207,55.76359498,55.93976429,55.65088050,0,0
27.24000000,56.34729629,55.72378102,55.91148099,55.64191830,0,0
27.25000000,56.31130075,55.69774009,55.95885714,55.64639871,0,0
27.26000000,56.25842796,55.74058812,55.92910832,55.62550272,0,0
27.27000000,56.33424740,55.66897363,55.93174856,55.59723240,0,0
27.28000000,56.16325978,55.69131280,55.89964092,55.67949048,0,0
27.29000000,56.27610844,55.70201357,55.93143888,55.66039218,0,0
27.30000000,56.33771249,55.67900588,55.94675463,55.75054238,0,0
27.31000000,56.34256697,55.65164978,55.93392736,55.65110989,0,0
27.32000000,56.30980814,55.71082970,55.90812129,55.59186711,0,0
27.33000000,56.25108228,55.70897058,56.01125915,55.59735300,0,0
27.34000000,56.24086760,55.77215458,55.97149618,55.49615626,0,0
27.35000000,56.26375742,55.66237362,55.95455733,55.55648895,0,0
27.36000000,56.35834714,55.67845690,55.92801920,55.67485934,0,0
27.37000000,56.32928851,55.64784558,55.93355168,55.69646294,0,0
27.38000000,56.33240341,55.67198609,55.93762033,55.76092318,0,0
27.39000000,56.24502734,55.63883695,55.95566981,55.70529418,0,0
27.40000000,56.28953510,55.67925379,55.93408857,55.64285763,0,0
27.41000000,56.21946699,55.61748690,56.00903312,55.61246916,0,0
27.42000000,56.26006812,55.63575100,56.06411011,55.57881785,0,0
27.43000000,56.31906832,55.69160368,56.00042485,55.55571041,0,0
27.44000000,56.33125278,55.69172951,55.97547005,55.62757609,0,0
27.45000000,56.30810752,55.67914728,55.94554061,55.61359104,0,0
27.46000000,56.31780587,55.66948127,55.93669854,55.63906684,0,0
27.47000000,56.26526319,55.65353382,55.95745397,55.66281347,0,0
27.48000000,56.29820691,55.71394934,55.97619150,55.65465214,0,0
27.49000000,56.30693802,55.71907206,55.98379431,55.66817801,0,0
27.50000000,56.31716544,55.66282913,55.97430537,55.64375239,0,0
27.51000000,56.28952999,55.61732911,55.94664551,55.58621153,0,0
27.52000000,56.35571815,55.62289861,55.95119283,55.64941537,0,0
27.53000000,56.33086561,55.64820244,56.00950400,55.65018475,0,0
27.54000000,56.28425975,55.68775507,55.98123047,55.69108729,0,0
27.55000000,56.23252347,55.67861344,56.02265021,55.70214258,0,0
27.56000000,56.21479405,55.72842413,56.01428914,55.66158910,0,0
27.57000000,56.30062928,55.74319789,55.98179705,55.62319658,0,0
27.58000000,56.34964907,55.69979852,56.01614628,55.64996737,0,0
27.59000000,56.38809034,55.74047396,55.96702102,55.56782593,0,0
27.60000000,56.34939940,55.68193131,55.93508111,55.63260019,0,0
27.61000000,56.29267840,55.71788835,55.93654540,55.67115611,0,0
27.62000000,56.27454626,55.73099235,55.86867662,55.64237476,0,0
27.63000000,56.26347025,55.71571792,55.90954377,55.61684188,0,0
27.64000000,56.25566894,55.67767824,55.90887445,55.61232467,0,0
27.65000000,56.28864905,55.68185260,55.87608034,55.59551328,0,0
27.66000000,56.33894950,55.69560028,55.88532276,55.62707147,0,0
27.67000000,56.27972485,55.71207980,55.93556016,55.58284411,0,0
27.68000000,56.26215485,55.67726217,55.92433207,55.57222292,0,0
27.69000000,56.28188464,55.69930791,56.01895840,55.58413824,0,0
27.70000000,56.21525090,55.65778965,56.08025583,55.65785933,0,0
27.71000000,56.30046421,55.70803743,56.05167684,55.64058662,0,0
27.72000000,56.29590077,55.65937148,55.90117339,55.68418539,0,0
27.73000000,56.25794173,55.62249555,55.92592928,55.62787812,0,0
27.74000000,56.24047733,55.61270098,55.94866511,55.63143676,0,0
27.75000000,56.25311754,55.67280125,55.99957656,55.53863588,0,0
27.76000000,56.27829278,55.76529406,55.98347818,55.55134920,0,0
27.77000000,56.24677975,55.69315605,55.98945200,55.58020938,0,0
27.78000000,56.29272836,55.60800946,55.88439122,55.53729394,0,0
27.79000000,56.24898058,55.55005681,55.88322014,55.62356358,0,0
27.80000000,56.34498542,55.62939490,55.89573258,55.67125615,0,0
27.81000000,56.21488426,55.71929303,55.95039737,55.61608725,0,0
27.82000000,56.21351519,55.71664870,55.99573166,55.63085263,0,0
27.83000000,56.27406578,55.67061384,55.97429651,55.56543345,0,0
27.84000000,56.32117317,55.60239360,55.96647691,55.57354342,0,0
27.85000000,56.33456471,55.61736626,55.98563919,55.60573943,0,0
27.86000000,56.27356655,55.61706561,56.00306204,55.67405368,0,0
27.87000000,56.28223398,55.65692797,55.94313062,55.66943571,0,0
27.88000000,56.27188692,55.69121389,56.00124792,55.69704461,0,0
27.89000000,56.30052864,55.72289354,55.97493061,55.61715937,0,0
27.90000000,56.24780929,55.70582029,55.98929693,55.58486172,0,0
27.91000000,56.27051361,55.62043371,55.92322095,55.55333400,0,0
27.92000000,56.21360035,55.63831295,55.98914882,55.57857116,0,0
27.93000000,56.31994891,55.66909008,55.99520845,55.68902585,0,0
27.94000000,56.32170183,55.69083712,55.96262027,55.67021089,0,0
27.95000000,56.34979963,55.68470144,55.95779690,55.70118330,0,0
27.96000000,56.19717132,55.71572206,55.95150930,55.65918190,0,0
27.97000000,56.18431058,55.70181406,55.90774428,55.60875931,0,0
27.98000000,56.20443734,55.72146681,55.82240702,55.61308521,0,0
27.99000000,56.32799656,55.69672736,55.82798317,55.57425877,0,0
28.00000000,56.30170370,55.65111082,55.93007982,55.55140463,0,0
28.01000000,56.29487136,55.70111255,55.96343747,55.60144442,0,0
28.02000000,56.19132333,55.70508277,55.99159054,55.62440748,0,0
28.03000000,56.25900127,55.75633778,55.96313112,55.69392399,0,0
28.04000000,56.27080779,55.70590369,55.97699380,55.66573302,0,0
28.05000000,56.36731163,55.69936130,55.92371828,55.64448271,0,0
28.06000000,56.29772521,55.67880810,55.96609723,55.65711777,0,0
28.07000000,56.26757211,55.73374630,55.99589740,55.63821577,0,0
28.08000000,56.20322545,55.72968538,55.97351883,55.57977128,0,0
28.09000000,56.24005290,55.72784064,55.90489095,55.62776861,0,0
28.10000000,56.25824853,55.69919221,55.92114149,55.63631481,0,0
28.11000000,56.34734115,55.66694487,55.99515199,55.65522624,0,0
28.12000000,56.24873155,55.68124847,56.07227256,55.66792335,0,0
28.13000000,56.29833093,55.76283833,55.96142495,55.68304258,0,0
28.14000000,56.21873222,55.80438590,55.92683889,55.73471190,0,0
28.15000000,56.30339000,55.78576575,55.85295588,55.66340036,0,0
28.16000000,56.27887474,55.69422442,55.87730240,55.63299146,0,0
28.17000000,56.31334114,55.65165419,55.90391566,55.62192556,0,0
28.18000000,56.33578670,55.76157560,55.90722404,55.60159822,0,0
28.19000000,56.33450019,55.78541845,55.98338166,55.64466202,0,0
28.20000000,56.22497084,55.71799885,55.87493149,55.64199572,0,0
28.21000000,56.26788809,55.68771635,55.91071511,55.67885084,0,0
28.22000000,56.18292676,55.66234018,55.98579512,55.64016701,0,0
28.23000000,56.38986200,55.77376526,55.97287164,55.62134200,0,0
28.24000000,56.28565522,55.80836860,56.00777178,55.60797549,0,0
28.25000000,56.39339659,55.69599551,55.93044416,55.59017366,0,0
28.26000000,56.26541941,55.69735881,55.93236570,55.70425799,0,0
28.27000000,56.28041867,55.66641041,55.95180334,55.71619903,0,0
28.28000000,56.29689500,55.76711283,55.99593529,55.73374717,0,0
28.29000000,56.29945600,55.74865596,55.94032935,55.67423237,0,0
28.30000000,56.22260396,55.68837138,55.96888613,55.54536724,0,0
28.31000000,56.34379555,55.68294774,55.85689952,55.62326524,0,0
28.32000000,56.31577740,55.64585596,55.91166352,55.51599461,0,0
28.33000000,56.32646692,55.72178613,55.91067547,55.57157341,0,0
28.34000000,56.24256192,55.68725508,55.93430145,55.57278916,0,0
28.35000000,56.22592666,55.59574838,55.92999781,55.58800006,0,0
28.36000000,56.20855991,55.67000269,55.99099365,55.72542036,0,0
28.37000000,56.45715204,55.73060641,55.97320993,55.73211711,0,0
28.38000000,56.18339935,55.62812062,55.87669637,55.66283795,0,0
28.39000000,56.23267384,55.58217592,55.99219234,55.68413048,0,0
28.40000000,56.17275710,55.57500795,56.01639364,55.59558996,0,0
28.41000000,56.29405331,55.66896702,56.00685481,55.56967815,0,0
28.42000000,56.37273418,55.74552356,55.97020300,55.59568388,0,0
28.43000000,56.25513865,55.65116957,55.95874455,55.55284065,0,0
28.44000000,56.23404028,55.55155662,55.93449852,55.60475589,0,0
28.45000000,56.24948381,55.54933689,55.96981345,55.59644904,0,0
28.46000000,56.39641980,55.61665612,55.96304661,55.61064777,0,0
28.47000000,56.28839895,55.63909365,55.99171717,55.63777941,0,0
28.48000000,56.22642867,55.63906148,55.96705063,55.63374661,0,0
28.49000000,56.20528735,55.64079334,55.97588552,55.62140440,0,0
28.50000000,56.31618357,55.63502243,55.95659795,55.67717376,0,0
28.51000000,56.38076872,55.63323451,56.00295377,55.62780391,0,0
28.52000000,56.26649725,55.63276765,55.98900868,55.61842233,0,0
28.53000000,56.26948586,55.64186759,55.96855259,55.61379607,0,0
28.54000000,56.23852201,55.65848373,55.99826495,55.65634041,0,0
28.55000000,56.28423237,55.65840632,55.98357496,55.65474187,0,0
28.56000000,56.36076130,55.63174666,55.90673311,55.57063606,0,0
28.57000000,56.30783890,55.67384505,55.91632281,55.51929972,0,0
28.58000000,56.33176762,55.67392615,55.97595559,55.57043522,0,0
28.59000000,56.26110908,55.70622677,56.03814930,55.56124371,0,0
28.60000000,56.20634712,55.63010279,55.91293651,55.62048831,0,0
28.61000000,56.22081355,55.56381903,55.88074716,55.66204241,0,0
28.62000000,56.29370560,55.58469186,55.88446341,55.54864968,0,0
28.63000000,56.27659989,55.60945984,55.92173191,55.54637469,0,0
28.64000000,56.29927857,55.66867022,56.02320981,55.49937059,0,0
28.65000000,56.17921335,55.66864567,55.96106103,55.50029851,0,0
28.66000000,56.21741004,55.62930924,55.99983788,55.57213124,0,0
28.67000000,56.23823030,55.59476809,55.97836320,55.58628768,0,0
28.68000000,56.32856513,55.55258270,55.88408384,55.57911398,0,0
28.69000000,56.27605317,55.59810472,55.91681520,55.57774237,0,0
28.70000000,56.30553040,55.67916213,55.87469813,55.55912779,0,0
28.71000000,56.20952134,55.68117221,55.92658126,55.54945773,0,0
28.72000000,56.24890716,55.63984628,55.95136371,55.59867717,0,0
28.73000000,56.30848572,55.64772846,55.93433981,55.58485039,0,0
28.74000000,56.22687363,55.58692402,55.97735814,55.53063160,0,0
28.75000000,56.31034722,55.64481417,55.90041448,55.61101230,0,0
28.76000000,56.24834658,55.60356119,55.97322347,55.57365847,0,0
28.77000000,56.22821651,55.62287527,55.93011764,55.63956614,0,0
28.78000000,56.28412068,55.62142764,55.94741434,55.57720995,0,0
28.79000000,56.24552797,55.62099711,55.95846356,55.56396950,0,0
28.80000000,56.26525613,55.61029740,55.98045249,55.59276093,0,0
28.81000000,56.24478401,55.65499797,55.99398207,55.57068055,0,0
28.82000000,56.27769952,55.64662600,55.92007850,55.63002492,0,0
28.83000000,56.32589971,55.64579101,55.94442688,55.64152202,0,0
28.84000000,56.32181333,55.63914792,55.92369162,55.62562805,0,0
28.85000000,56.23335534,55.68449227,55.93557593,55.57381312,0,0
28.86000000,56.33609163,55.68121472,55.90145527,55.52748619,0,0
28.87000000,56.27518282,55.69113166,55.91952859,55.50105509,0,0
28.88000000,56.33673138,55.60273304,55.91054917,55.49613761,0,0
28.89000000,56.22807102,55.61193750,55.84835500,55.44759971,0,0
28.90000000,56.21431056,55.67086142,55.93574135,55.49748108,0,0
28.91000000,56.27545370,55.67001296,55.90776475,55.55026706,0,0
28.92000000,56.30149964,55.68403215,55.89955133,55.59005699,0,0
28.93000000,56.25113195,55.61020559,55.93148947,55.63333432,0,0
28.94000000,56.27928181,55.60791893,55.92201450,55.61836372,0,0
28.95000000,56.22833441,55.67654185,55.95301308,55.61663300,0,0
28.96000000,56.23098949,55.58337295,55.90645211,55.55989074,0,0
28.97000000,56.32447036,55.59932426,55.87460963,55.54382216,0,0
28.98000000,56.31948441,55.56831924,55.86061270,55.50746330,0,0
28.99000000,56.32036560,55.65892903,55.86930600,55.52225393,0,0
29.00000000,56.22067279,55.63135718,55.91951405,55.48845920,0,0
29.01000000,56.17865017,55.65598118,55.90418572,55.48695512,0,0
29.02000000,56.24656472,55.59182899,55.96992573,55.56127255,0,0
29.03000000,56.29260124,55.60340233,55.95710077,55.61279014,0,0
29.04000000,56.25258859,55.59267737,55.93613341,55.63315969,0,0
29.05000000,56.30734488,55.62079613,56.02865254,55.65915025,0,0
29.06000000,56.21457711,55.63580341,55.99117748,55.57648808,0,0
29.07000000,56.25843781,55.62656606,55.97290961,55.55725405,0,0
29.08000000,56.27370421,55.62269616,55.96786794,55.56278284,0,0
29.09000000,56.32084556,55.61755873,55.92388634,55.58098090,0,0
29.10000000,56.27283371,55.63470977,55.94161218,55.63167077,0,0
29.11000000,56.23039282,55.65617863,55.93497237,55.57716903,0,0
29.12000000,56.24298153,55.64411515,55.89594239,55.61206894,0,0
29.13000000,56.34207047,55.66303021,55.95621310,55.61706744,0,0
29.14000000,56.27869171,55.65629716,55.97180801,55.54493484,0,0
29.15000000,56.26685587,55.62827933,55.94694553,55.56881363,0,0
29.16000000,56.25268182,55.61900276,55.94909368,55.61827321,0,0
29.17000000,56.25579846,55.61931389,55.96152408,55.62846461,0,0
29.18000000,56.26324838,55.67591495,55.94005273,55.59975743,0,0
29.19000000,56.30662103,55.62843669,55.92448131,55.58233987,0,0
29.20000000,56.18836103,55.62363668,55.86340720,55.50878091,0,0
29.21000000,56.23200515,55.59180483,55.89386657,55.50313724,0,0
29.22000000,56.25160703,55.63304311,55.90683972,55.49001334,0,0
29.23000000,56.25793220,55.63793120,55.88702145,55.45541065,0,0
29.24000000,56.21675478,55.64278923,55.87399928,55.51028076,0,0
29.25000000,56.27602231,55.61842034,55.89069876,55.53474677,0,0
29.26000000,56.15485074,55.60036871,55.89855655,55.63114798,0,0
29.27000000,56.25547931,55.63042737,55.90644429,55.61186268,0,0
29.28000000,56.18797580,55.58903151,55.85325061,55.62007854,0,0
29.29000000,56.15888189,55.57782913,55.91376791,55.59319003,0,0
29.30000000,56.25048467,55.53826411,55.92256054,55.51762705,0,0
29.31000000,56.24058601,55.59445814,55.92940564,55.56301034,0,0
29.32000000,56.25349960,55.64537017,55.89190060,55.51565269,0,0
29.33000000,56.20283406,55.62651022,55.93999706,55.51836872,0,0
29.34000000,56.18100989,55.64493754,55.89286808,55.50888341,0,0
29.35000000,56.22609489,55.63135571,55.93578579,55.56112718,0,0
29.36000000,56.28444555,55.55468717,55.86611040,55.58211669,0,0
29.37000000,56.14495653,55.60477630,55.93610469,55.59202369,0,0
29.38000000,56.20162145,55.54138036,55.90662148,55.57609134,0,0
29.39000000,56.14200055,55.60959429,55.94902127,55.55780213,0,0
29.40000000,56.25261408,55.61856826,55.97736090,55.53731708,0,0
29.41000000,56.26902748,55.55948763,55.88912125,55.53595470,0,0
29.42000000,56.21829221,55.58589782,55.93360053,55.58968594,0,0
29.43000000,56.08836830,55.55208856,55.91732932,55.57656663,0,0
29.44000000,56.14379010,55.56601760,55.90855075,55.61241078,0,0
29.45000000,56.18656683,55.62732799,55.85290953,55.54111564,0,0
29.46000000,56.29194869,55.63677742,55.90865369,55.52301516,0,0
29.47000000,56.24497327,55.57710859,55.85191680,55.51831899,0,0
29.48000000,56.19745674,55.58488204,55.87658446,55.49428430,0,0
29.49000000,56.18284482,55.56388270,55.87691648,55.57724344,0,0
29.50000000,56.17589951,55.57561188,55.89569489,55.58211485,0,0
29.51000000,56.19977698,55.61990539,55.91868745,55.60160662,0,0
29.52000000,56.22493148,55.58944870,55.88833485,55.58210333,0,0
29.53000000,56.14192910,55.59528941,55.88651939,55.50909577,0,0
29.54000000,56.26295463,55.58880616,55.89389342,55.52085701,0,0
29.55000000,56.29695986,55.60133350,55.90591197,55.50728380,0,0
29.56000000,56.18203061,55.60694030,55.89620769,55.45513272,0,0
29.57000000,56.20770165,55.59636551,55.90373342,55.50090746,0,0
29.58000000,56.19559478,55.63271657,55.92626131,55.56171821,0,0
29.59000000,56.24150439,55.66134548,55.91407431,55.60083431,0,0
29.60000000,56.33650639,55.59588189,55.87663628,55.61124648,0,0
29.61000000,56.21157241,55.57170447,55.85047387,55.59734090,0,0
29.62000000,56.19704762,55.57357606,55.85793739,55.51436902,0,0
29.63000000,56.21482332,55.60751686,55.88760900,55.50714419,0,0
29.64000000,56.26486028,55.60046631,55.90428735,55.45245935,0,0
29.65000000,56.25102343,55.55852077,55.86433135,55.47621645,0,0
29.66000000,56.25122781,55.55859021,55.83785239,55.46960616,0,0
29.67000000,56.20537126,55.61539711,55.82783619,55.50023634,0,0
29.68000000,56.24061787,55.62683046,55.89956981,55.53200093,0,0
29.69000000,56.24019057,55.60975552,55.90563011,55.55242780,0,0
29.70000000,56.20097809,55.58285706,55.87599441,55.55651917,0,0
29.71000000,56.26971124,55.53195185,55.90004736,55.57779650,0,0
29.72000000,56.19606186,55.57463402,55.98082089,55.53641092,0,0
29.73000000,56.30869109,55.61497418,55.89273560,55.50999009,0,0
29.74000000,56.27308650,55.62970044,55.80423688,55.49696267,0,0
29.75000000,56.12340912,55.51029139,55.91575611,55.53523724,0,0
29.76000000,56.20441276,55.57083778,55.94318010,55.59315449,0,0
29.77000000,56.14546261,55.60573262,55.92817060,55.56379144,0,0
29.78000000,56.27004960,55.64825674,55.88913125,55.52408246,0,0
29.79000000,56.30329740,55.57208240,55.83678230,55.51135745,0,0
29.80000000,56.34301271,55.57332310,55.87889429,55.51966730,0,0
29.81000000,56.21125813,55.61135386,55.86091311,55.50176086,0,0
29.82000000,56.25295925,55.69670272,55.87134547,55.53892571,0,0
29.83000000,56.22145791,55.65576206,55.97312702,55.56841544,0,0
29.84000000,56.17220109,55.64987699,55.91649748,55.61185557,0,0
29.85000000,56.34491851,55.56371287,55.86375606,55.51756237,0,0
29.86000000,56.25418272,55.55146998,55.84997548,55.51373701,0,0
29.87000000,56.19799580,55.63754870,55.85536474,55.50536725,0,0
29.88000000,56.22461756,55.59799476,55.93490871,55.47584033,0,0
29.89000000,56.17077212,55.67781805,55.90195415,55.47400669,0,0
29.90000000,56.25271786,55.62993004,56.01507381,55.47300885,0,0
29.91000000,56.33764973,55.58212948,56.07597903,55.57814687,0,0
29.92000000,56.16930826,55.68822463,55.81552476,55.59733238,0,0
29.93000000,56.28919481,55.53258706,55.88967501,55.59734787,0,0
29.94000000,56.06579550,55.59582433,55.82676594,55.60525258,0,0
29.95000000,56.23392303,55.54128553,55.90257972,55.58106334,0,0
29.96000000,56.25536892,55.63392926,55.89492326,55.45685755,0,0
29.97000000,56.31536664,55.58784899,55.94656253,55.40800111,0,0
29.98000000,56.18758628,55.56407057,55.82544863,55.44289484,0,0
29.99000000,56.25849798,55.57236590,55.87462848,55.48346701,0,0
30.00000000,56.14297176,55.56026170,55.92564558,55.53593397,0,0
30.01000000,56.25333170,55.60749413,55.94053435,55.55512387,0,0
30.02000000,56.20908894,55.60948601,55.92341147,55.57383051,0,0
30.03000000,56.27083312,55.56870642,55.95359514,55.55168043,0,0
30.04000000,56.16505867,55.47610110,55.90414512,55.57585978,0,0
30.05000000,56.00202119,55.47719501,55.92019767,55.55024661,0,0
30.06000000,56.14883891,55.57605326,55.95674881,55.53941375,0,0
30.07000000,56.29125765,55.71194028,55.96148832,55.57212182,0,0
30.08000000,56.42983767,55.64765632,56.01739668,55.49928909,0,0
30.09000000,56.28245833,55.53929962,55.95379263,55.60382015,0,0
30.10000000,56.19656414,55.48823157,55.91899180,55.60306444,0,0
30.11000000,56.17662708,55.57463474,55.83184277,55.53170911,0,0
30.12000000,56.29168304,55.69912803,55.86019227,55.51972715,0,0
30.13000000,56.32376851,55.72940200,55.88176006,55.49794750,0,0
30.14000000,56.36120575,55.63999531,55.89839685,55.47411093,0,0
30.15000000,56.35926789,55.62048653,55.89204222,55.52974648,0,0
30.16000000,56.34620062,55.60509553,55.95961315,55.57758397,0,0
30.17000000,56.31075711,55.63977783,55.98870552,55.63424300,0,0
30.18000000,56.24783840,55.60124705,55.99903261,55.61298273,0,0
30.19000000,56.16801070,55.57280416,56.09337613,55.58963974,0,0
30.20000000,56.23125151,55.62239814,56.12990391,55.57009829,0,0
30.21000000,56.32008027,55.64229489,55.99705548,55.49255794,0,0
30.22000000,56.40382449,55.61867197,55.73860198,55.39465592,0,0
30.23000000,56.29813343,55.56089861,55.72387225,55.39110097,0,0
30.24000000,56.30687066,55.59382697,55.90507196,55.46412969,0,0
30.25000000,56.22027479,55.65604711,55.94993581,55.53784372,0,0
30.26000000,56.24920156,55.63107973,55.92322648,55.54371187,0,0
30.27000000,56.24465752,55.55257599,55.71685050,55.48891505,0,0
30.28000000,56.27777630,55.51897837,55.68853664,55.45524494,0,0
30.29000000,56.20192614,55.51578698,55.73125441,55.40732204,0,0
30.30000000,56.18073665,55.54119494,55.79318328,55.39753864,0,0
30.31000000,56.17075010,55.54210334,55.95001823,55.45090460,0,0
30.32000000,56.20630397,55.51357580,55.96668598,55.49035504,0,0
30.33000000,56.15816867,55.49735450,55.94754112,55.52312575,0,0
30.34000000,56.18017430,55.50496692,55.96303947,55.51523530,0,0
30.35000000,56.12383211,55.50411723,55.94613983,55.56383226,0,0
30.36000000,56.12853923,55.53684988,55.90131332,55.54383552,0,0
30.37000000,56.18069208,55.51056745,55.95298310,55.56511912,0,0
30.38000000,56.15278926,55.50153646,55.95858657,55.62345948,0,0
30.39000000,56.17412320,55.48522520,55.99866077,55.52143232,0,0
30.40000000,56.17398942,55.55492754,55.89626538,55.54353589,0,0
30.41000000,56.19312522,55.54861564,55.92429754,55.52708949,0,0
30.42000000,56.13914566,55.51560057,55.96551432,55.58986667,0,0
30.43000000,56.15457043,55.47485940,55.94945846,55.57774143,0,0
30.44000000,56.15772116,55.52927811,55.97398981,55.53915653,0,0
30.45000000,56.24883048,55.50000718,55.96210768,55.49948787,0,0
30.46000000,56.22118555,55.62815601,55.88562666,55.52889572,0,0
30.47000000,56.11312864,55.47509273,55.84025844,55.44381320,0,0
30.48000000,56.21664748,55.53032012,55.85090874,55.51415277,0,0
30.49000000,56.04596000,55.48278205,55.95986680,55.51337176,0,0
30.50000000,56.23055785,55.55790204,55.96523012,55.53559228,0,0
30.51000000,56.18938618,55.56582401,55.90973010,55.56550452,0,0
30.52000000,56.23446810,55.57800586,55.83016903,55.47929852,0,0
30.53000000,56.20130545,55.45680893,55.84979569,55.48696745,0,0
30.54000000,56.20047093,55.48857045,55.91328405,55.48760124,0,0
30.55000000,56.22138818,55.53591140,55.89555871,55.44955081,0,0
30.56000000,56.25593359,55.63705912,55.92496762,55.40676895,0,0
30.57000000,56.18161360,55.61709825,55.88445153,55.46601629,0,0
30.58000000,56.24115184,55.54997839,55.86007551,55.47000681,0,0
30.59000000,56.28610307,55.54592678,55.85323752,55.52823099,0,0
30.60000000,56.27013334,55.50440604,55.88517571,55.46523638,0,0
30.61000000,56.22483092,55.52352545,55.92546329,55.52842991,0,0
30.62000000,56.19780572,55.53849566,55.94589103,55.46854499,0,0
30.63000000,56.15209125,55.56449779,55.96193459,55.46395231,0,0
30.64000000,56.26724694,55.55761758,55.88603196,55.41996138,0,0
30.65000000,56.31918771,55.55731976,55.86662613,55.42472247,0,0
30.66000000,56.32671156,55.55934942,55.80213586,55.42962083,0,0
30.67000000,56.27866741,55.60002708,55.84062522,55.45873148,0,0
30.68000000,56.21705312,55.60515695,55.87146549,55.49900949,0,0
30.69000000,56.22035684,55.61605843,55.86368618,55.56877950,0,0
30.70000000,56.33808492,55.57519103,55.84932049,55.52930780,0,0
30.71000000,56.22577951,55.49222129,55.83393939,55.48284730,0,0
30.72000000,56.20877824,55.50893910,55.87078730,55.42151022,0,0
30.73000000,56.18634068,55.56922081,55.89017127,55.40613461,0,0
30.74000000,56.26048591,55.59096778,55.86877741,55.46222253,0,0
30.75000000,56.23380177,55.56496808,55.85616433,55.47782889,0,0
30.76000000,56.26901462,55.52550838,55.91466238,55.52594226,0,0
30.77000000,56.20781229,55.54489322,55.89241177,55.53340942,0,0
30.78000000,56.28064372,55.60833906,55.92153828,55.47479560,0,0
30.79000000,56.26197247,55.59628474,55.87028773,55.46027683,0,0
30.80000000,56.30929248,55.59184610,55.79410316,55.46807998,0,0
30.81000000,56.24127020,55.53805309,55.82827399,55.42108628,0,0
30.82000000,56.20870216,55.54063592,55.87240979,55.48520323,0,0
30.83000000,56.24124504,55.55081974,55.98848246,55.49573720,0,0
30.84000000,56.22996620,55.54412174,55.96452946,55.49501369,0,0
30.85000000,56.20552667,55.53751410,55.96027937,55.50338194,0,0
30.86000000,56.19347365,55.54779906,55.94616033,55.50641225,0,0
30.87000000,56.24917924,55.54001421,55.91311426,55.46951538,0,0
30.88000000,56.24312477,55.57541826,55.97311229,55.52374050,0,0
30.89000000,56.27408277,55.49120064,55.89315879,55.37056164,0,0
30.90000000,56.23692770,55.60144990,55.83104536,55.44237556,0,0
30.91000000,56.20859230,55.57631165,55.90680539,55.46194239,0,0
30.92000000,56.20859975,55.60754767,55.86051890,55.50032722,0,0
30.93000000,56.14300495,55.53022401,55.92331180,55.53009459,0,0
30.94000000,56.24657534,55.49300867,55.91785666,55.49394028,0,0
30.95000000,56.26102495,55.59686068,55.87513450,55.50161312,0,0
30.96000000,56.27451126,55.51373324,55.89524322,55.49795930,0,0
30.97000000,56.18643951,55.53594142,55.93930855,55.44980671,0,0
30.98000000,56.20041559,55.52264657,55.96115428,55.46963758,0,0
30.99000000,56.22958534,55.58352586,55.89122970,55.48721468,0,0
31.00000000,56.25628715,55.54689846,55.93852773,55.48511065,0,0
31.01000000,56.22193604,55.56491589,55.91265735,55.48406005,0,0
31.02000000,56.24233629,55.56423752,55.82380173,55.47245146,0,0
31.03000000,56.26853091,55.61108669,55.86168500,55.58469468,0,0
31.04000000,56.16850728,55.54027192,55.91101404,55.50471184,0,0
31.05000000,56.24844760,55.51259868,56.04235120,55.57269804,0,0
31.06000000,56.19958904,55.59201972,56.04230604,55.46924056,0,0
31.07000000,56.28562120,55.56082465,55.92520249,55.47323637,0,0
31.08000000,56.19305523,55.58068134,55.95673949,55.51057896,0,0
31.09000000,56.18006845,55.51967254,55.89070192,55.49748349,0,0
31.10000000,56.17641155,55.49028510,55.86168715,55.55623831,0,0
31.11000000,56.24186909,55.56836906,55.85714560,55.48403887,0,0
31.12000000,56.28293336,55.59898855,55.85639676,55.47801047,0,0
31.13000000,56.20594881,55.56669475,55.88460984,55.51188064,0,0
31.14000000,56.24765971,55.57054993,55.84068217,55.46437109,0,0
31.15000000,56.11274504,55.52125156,55.86040499,55.48203013,0,0
31.16000000,56.26571746,55.56261893,55.87238180,55.54844792,0,0
31.17000000,56.19908258,55.56835613,55.89974977,55.50178103,0,0
31.18000000,56.20440253,55.51490599,55.88858593,55.51340341,0,0
31.19000000,56.16047782,55.46742373,55.94023935,55.47984209,0,0
31.20000000,56.20969702,55.50682095,55.90993053,55.50673482,0,0
31.21000000,56.23592206,55.55209250,55.88164249,55.49781764,0,0
31.22000000,56.24127615,55.57089963,55.88171651,55.43638925,0,0
31.23000000,56.17219820,55.51218795,55.91906306,55.42240689,0,0
31.24000000,56.20185461,55.56335319,55.92506024,55.50018026,0,0
31.25000000,56.18954303,55.57151594,55.92523923,55.49644398,0,0
31.26000000,56.20631661,55.55893066,55.90405946,55.50685868,0,0
31.27000000,56.24536387,55.51756365,55.88522577,55.50958540,0,0
31.28000000,56.26737945,55.46198261,55.87465351,55.47001091,0,0
31.29000000,56.25029318,55.50785702,55.89800014,55.45331586,0,0
31.30000000,56.20395747,55.50948450,55.89515647,55.43647371,0,0
31.31000000,56.17525419,55.53593841,55.89320983,55.43085482,0,0
31.32000000,56.20242369,55.57318842,55.87044607,55.45093518,0,0
31.33000000,56.28479133,55.52223196,55.85964269,55.48309621,0,0
31.34000000,56.23562090,55.52743236,55.93253078,55.48632783,0,0
31.35000000,56.25293981,55.52454553,55.86054909,55.51329436,0,0
31.36000000,56.17975879,55.51920270,55.84786740,55.52249824,0,0
31.37000000,56.23798503,55.61856589,55.85001267,55.50704862,0,0
31.38000000,56.27118880,55.56068294,55.95583473,55.47953433,0,0
31.39000000,56.29579487,55.54705499,55.97225713,55.47069780,0,0
31.40000000,56.14748741,55.47659806,55.92095100,55.41443974,0,0
31.41000000,56.19427891,55.50854989,55.85856494,55.44435083,0,0
31.42000000,56.15319738,55.53647210,55.87281146,55.48374127,0,0
31.43000000,56.24533232,55.61362205,55.81897025,55.51662090,0,0
31.44000000,56.28669314,55.55608971,55.85253796,55.52498953,0,0
31.45000000,56.20099942,55.59654278,55.89491233,55.45522094,0,0
31.46000000,56.18554058,55.54966402,55.88534773,55.42581134,0,0
31.47000000,56.19617192,55.56622403,55.83090747,55.50596441,0,0
31.48000000,56.27307549,55.57106958,55.74673745,55.48571189,0,0
31.49000000,56.11549721,55.46598050,55.87077368,55.46741047,0,0
31.50000000,56.16137147,55.45367394,55.87682214,55.56936355,0,0
31.51000000,56.16816153,55.55524158,55.89202181,55.45534527,0,0
31.52000000,56.20368572,55.50032245,55.88031038,55.49181573,0,0
31.53000000,56.15740260,55.57443919,55.82123126,55.44661390,0,0
31.54000000,56.18343724,55.54880310,55.83836221,55.43090874,0,0
31.55000000,56.19376330,55.53984738,55.94402203,55.47772941,0,0
31.56000000,56.02743524,55.53456128,55.97643753,55.46807254,0,0
31.57000000,56.16963987,55.55139230,55.89852475,55.43906873,0,0
31.58000000,56.19871210,55.47631645,55.85834884,55.52263095,0,0
31.59000000,56.09849271,55.53894669,55.85717438,55.49669050,0,0
31.60000000,56.16228743,55.47572024,55.89201554,55.52688529,0,0
31.61000000,56.15020849,55.53286709,55.94643837,55.51362968,0,0
31.62000000,56.17446151,55.56015845,55.82824830,55.50046254,0,0
31.63000000,56.25149255,55.55399885,55.84484246,55.52336644,0,0
31.64000000,56.21020065,55.54731397,55.85803029,55.50724760,0,0
31.65000000,56.14289062,55.46676066,55.92474114,55.52468863,0,0
31.66000000,56.08106450,55.51951066,55.86001708,55.49698850,0,0
31.67000000,56.05179697,55.58724206,55.84853904,55.42839027,0,0
31.68000000,56.15518175,55.54314868,55.86289275,55.48628927,0,0
31.69000000,56.19334446,55.54858004,55.84392200,55.48726582,0,0
31.70000000,56.16083495,55.48962132,55.82305255,55.48593451,0,0
31.71000000,56.17008672,55.54597792,55.86989224,55.54064309,0,0
31.72000000,56.12554800,55.59845477,55.92314291,55.53830380,0,0
31.73000000,56.15953283,55.59216681,55.81808145,55.52757168,0,0
31.74000000,56.14684381,55.54249947,55.85686179,55.45436575,0,0
31.75000000,56.20920902,55.51036180,55.81046291,55.47463150,0,0
31.76000000,56.14839894,55.55132823,55.78003139,55.49178871,0,0
31.77000000,56.15567968,55.60487196,55.73936459,55.46562320,0,0
31.78000000,56.12846834,55.65145816,55.78876270,55.46057335,0,0
31.79000000,56.19620433,55.56173499,55.77998939,55.46005526,0,0
31.80000000,56.18630417,55.52990731,55.81602461,55.50519351,0,0
31.81000000,56.21958580,55.53757321,55.87836280,55.52253568,0,0
31.82000000,56.16334095,55.56217571,55.91852599,55.52733082,0,0
31.83000000,56.16268137,55.58233884,55.90030745,55.48153333,0,0
31.84000000,56.16048824,55.50474455,55.78032069,55.48951004,0,0
31.85000000,56.15219349,55.52367390,55.82399744,55.44420896,0,0
31.86000000,56.21752327,55.50067504,55.84778688,55.46404782,0,0
31.87000000,56.20737283,55.55338014,55.83185453,55.48808024,0,0
31.88000000,56.19634965,55.56513388,55.81234203,55.43767314,0,0
31.89000000,56.14294117,55.51451607,55.87655395,55.43209724,0,0
31.90000000,56.22929996,55.56206902,55.88764996,55.43338682,0,0
31.91000000,56.18607787,55.55995184,55.88727279,55.43892511,0,0
31.92000000,56.20812404,55.57299188,55.85126927,55.47829052,0,0
31.93000000,56.15160928,55.56213872,55.88099638,55.51739098,0,0
31.94000000,56.25228852,55.55021648,55.82734007,55.52284587,0,0
31.95000000,56.12663423,55.53135983,55.81857740,55.58407491,0,0
31.96000000,56.26183391,55.50513889,55.83580673,55.51515804,0,0
31.97000000,56.14907133,55.53249992,55.87262901,55.49055443,0,0
31.98000000,56.20317604,55.55775310,55.84255028,55.48652647,0,0
31.99000000,56.18931279,55.55974937,55.87257086,55.44058078,0,0
32.00000000,56.19971463,55.54816282,55.81187243,55.49023477,0,0
32.01000000,56.24980122,55.55636928,55.81166340,55.42331935,0,0
32.02000000,56.18527475,55.53394576,55.76554321,55.48900591,0,0
32.03000000,56.19135878,55.59654210,55.82097152,55.56741979,0,0
32.04000000,56.15274193,55.61431511,55.86533668,55.52964307,0,0
32.05000000,56.20746303,55.54801760,55.88117956,55.52871881,0,0
32.06000000,56.09049765,55.57572022,55.81399897,55.49509744,0,0
32.07000000,56.31344927,55.51629456,55.86891094,55.46163623,0,0
32.08000000,56.23454358,55.55367996,55.86449675,55.44843214,0,0
32.09000000,56.25736373,55.62826254,55.83353090,55.40047586,0,0
32.10000000,56.16502587,55.51680707,55.83323441,55.50927040,0,0
32.11000000,56.03654254,55.63185194,55.89133877,55.48808453,0,0
32.12000000,56.14420867,55.58045244,55.79561013,55.51433468,0,0
32.13000000,56.22388999,55.61625648,55.83704832,55.53431978,0,0
32.14000000,56.20949721,55.57937303,55.78110309,55.52773445,0,0
32.15000000,56.24681653,55.41570342,55.89886810,55.49885685,0,0
32.16000000,56.10634994,55.49969298,55.92473665,55.55697458,0,0
32.17000000,56.13555039,55.50917049,55.88313931,55.45101232,0,0
32.18000000,56.09068134,55.58451259,55.82594803,55.41948527,0,0
32.19000000,56.09388941,55.62308565,55.84973932,55.45644882,0,0
32.20000000,56.17716522,55.47029237,55.76721583,55.44092972,0,0
32.21000000,56.14086137,55.52369258,55.87389893,55.53957752,0,0
32.22000000,56.17831198,55.53287498,55.82207046,55.48057940,0,0
32.23000000,56.16743790,55.56312532,55.73145688,55.44822758,0,0
32.24000000,56.14129725,55.52693792,55.78611067,55.47764317,0,0
32.25000000,56.07646480,55.53682215,55.86224617,55.44231416,0,0
32.26000000,56.16510109,55.54021174,55.92867983,55.47153957,0,0
32.27000000,56.15147047,55.53317797,55.89460346,55.51113909,0,0
32.28000000,56.18472801,55.52437019,55.87141892,55.54054862,0,0
32.29000000,56.10350895,55.44448742,55.82895872,55.54428590,0,0
32.30000000,56.14133798,55.48062818,55.86700939,55.53472368,0,0
32.31000000,56.18400525,55.53681739,55.85946059,55.58132700,0,0
32.32000000,56.18969990,55.65525917,55.89043207,55.51970544,0,0
32.33000000,56.17410033,55.56215439,55.88713884,55.47541132,0,0
32.34000000,56.18427878,55.47637989,55.87339624,55.43844799,0,0
32.35000000,56.22519038,55.47826087,55.84850196,55.39877865,0,0
32.36000000,56.16247633,55.54081173,55.80807865,55.49918160,0,0
32.37000000,56.21385500,55.61469671,55.85240501,55.52962566,0,0
32.38000000,56.13193610,55.54771533,55.84751991,55.53620854,0,0
32.39000000,56.16794910,55.49716924,55.84584915,55.55390410,0,0
32.40000000,56.24020971,55.54199034,55.88793439,55.56785520,0,0
32.41000000,56.27150472,55.59097337,55.86190839,55.47553414,0,0
32.42000000,56.16312821,55.59247734,55.87394977,55.45710199,0,0
32.43000000,56.18690903,55.57557019,55.88642583,55.42550755,0,0
32.44000000,56.15943165,55.54435909,55.87796587,55.43295448,0,0
32.45000000,56.26444308,55.57509106,55.80417227,55.41771956,0,0
32.46000000,56.24838730,55.57102546,55.72389809,55.41937257,0,0
32.47000000,56.13680761,55.57538654,55.70561131,55.48446422,0,0
32.48000000,56.16225712,55.52836151,55.75968956,55.47055299,0,0
32.49000000,56.18205536,55.54636366,55.87418409,55.48417802,0,0
32.50000000,56.24331629,55.56755193,55.87187183,55.56287915,0,0
32.51000000,56.10792051,55.56198351,55.86773721,55.47405471,0,0
32.52000000,56.15283364,55.44177633,55.82987031,55.42069797,0,0
32.53000000,56.11536369,55.46416960,55.75322118,55.46400567,0,0
32.54000000,56.22058672,55.50284904,55.77873025,55.49903956,0,0
32.55000000,56.14952816,55.56038822,55.78832460,55.46356145,0,0
32.56000000,56.10666037,55.54698233,55.83420976,55.40589566,0,0
32.57000000,56.12430365,55.47516910,55.77991604,55.41108405,0,0
32.58000000,56.09878933,55.52916175,55.77667473,55.48268677,0,0
32.59000000,56.18105335,55.52276694,55.81023354,55.51679459,0,0
32.60000000,56.11657295,55.45780144,55.82020679,55.51842342,0,0
32.61000000,56.10044380,55.50012783,55.83592934,55.49615812,0,0
32.62000000,56.19349302,55.60290598,55.85692330,55.49935525,0,0
32.63000000,56.16810064,55.60130149,55.89370494,55.48932380,0,0
32.64000000,56.18833100,55.58104131,55.84208776,55.49720238,0,0
32.65000000,56.13799670,55.52885269,55.77387699,55.48400845,0,0
32.66000000,56.07032887,55.48705869,55.86863553,55.53478557,0,0
32.67000000,56.19105513,55.51307481,55.93285051,55.43822582,0,0
32.68000000,56.14026233,55.52288831,55.84527598,55.53320492,0,0
32.69000000,56.16148081,55.56018595,55.82903728,55.48132137,0,0
32.70000000,56.14057818,55.54465817,55.82586856,55.47900913,0,0
32.71000000,56.13748371,55.58916396,55.87408192,55.48700731,0,0
32.72000000,56.16393087,55.53035906,55.86467688,55.49154806,0,0
32.73000000,56.15644750,55.51352424,55.79616530,55.53369715,0,0
32.74000000,56.14636139,55.46193472,55.84254288,55.45988094,0,0
32.75000000,56.16452316,55.48563661,55.80033222,55.47901310,0,0
32.76000000,56.24324268,55.55376027,55.79139368,55.46585502,0,0
32.77000000,56.12214613,55.58267400,55.81376925,55.43794013,0,0
32.78000000,56.27836498,55.54230258,55.81148498,55.33468640,0,0
32.79000000,56.17214926,55.53754888,55.80663024,55.41769215,0,0
32.80000000,56.17102019,55.47560480,55.84609728,55.49133854,0,0
32.81000000,56.13287422,55.50861033,55.84755049,55.53906009,0,0
32.82000000,56.17606250,55.55709339,55.84229042,55.54047323,0,0
32.83000000,56.16949892,55.61037562,55.79541861,55.51415537,0,0
32.84000000,56.21155720,55.57660655,55.83519345,55.44015028,0,0
32.85000000,56.19810210,55.50985137,55.85407063,55.37291785,0,0
32.86000000,56.17147649,55.53525345,55.81458009,55.38059336,0,0
32.87000000,56.17511163,55.54261382,55.78725274,55.40325586,0,0
32.88000000,56.11244269,55.54970860,55.81973037,55.45814192,0,0
32.89000000,56.18393862,55.49607225,55.81056387,55.43516053,0,0
32.90000000,56.16974615,55.51684816,55.79849389,55.45984226,0,0
32.91000000,56.20943399,55.52994735,55.74298640,55.52598438,0,0
32.92000000,56.17485541,55.53469771,55.78783368,55.49435508,0,0
32.93000000,56.12748221,55.53832396,55.84602834,55.53829660,0,0
32.94000000,56.15768732,55.53286513,55.91331196,55.55261925,0,0
32.95000000,56.22561038,55.56578483,55.94064473,55.52161524,0,0
32.96000000,56.23541459,55.53965074,55.92047324,55.42978826,0,0
32.97000000,56.18295127,55.53499879,55.84540127,55.45767487,0,0
32.98000000,56.09818077,55.47961815,55.80481251,55.49045524,0,0
32.99000000,56.02582623,55.54632258,55.88780053,55.47999117,0,0
33.00000000,56.17726776,55.56946575,55.83706978,55.50909446,0,0
33.01000000,56.20936084,55.59091231,55.81648965,55.47222809,0,0
33.02000000,56.18143114,55.53727273,55.79233739,55.43482629,0,0
33.03000000,56.15744216,55.49739551,55.84698917,55.47056978,0,0
33.04000000,56.11797493,55.51325295,55.81225345,55.48670910,0,0
33.05000000,56.16308911,55.53057619,55.86005598,55.50252495,0,0
33.06000000,56.16061806,55.55775210,55.81211849,55.54136949,0,0
33.07000000,56.16700405,55.47843514,55.80378863,55.45103694,0,0
33.08000000,56.03200360,55.47373220,55.73555428,55.46605180,0,0
33.09000000,56.22120650,55.51563509,55.73763807,55.44426775,0,0
33.10000000,56.09215708,55.58039393,55.70973836,55.39429216,0,0
33.11000000,56.19138104,55.56447424,55.85164418,55.40960336,0,0
33.12000000,56.10629150,55.48219478,55.86640586,55.44140489,0,0
33.13000000,56.10050439,55.46604781,55.93744966,55.46645000,0,0
33.14000000,56.13224173,55.57600667,55.89092616,55.56899279,0,0
33.15000000,56.23564955,55.48021986,55.95710890,55.57679286,0,0
33.16000000,56.07715412,55.49313807,55.81720729,55.56424691,0,0
33.17000000,56.17117128,55.46902477,55.88212734,55.53612688,0,0
33.18000000,56.07848858,55.56915720,55.87189457,55.46839005,0,0
33.19000000,56.24423508,55.53867455,55.87131157,55.43756201,0,0
33.20000000,56.21152610,55.52906740,55.81302695,55.42294989,0,0
33.21000000,56.14212450,55.48306585,55.80400249,55.43385520,0,0
33.22000000,56.19127304,55.52297391,55.81135582,55.42628754,0,0
33.23000000,56.14485877,55.54143222,55.79595767,55.44363886,0,0
33.24000000,56.18315517,55.57806970,55.86176040,55.46218382,0,0
33.25000000,56.23187210,55.55997506,55.74240373,55.44163273,0,0
33.26000000,56.11772243,55.54581394,55.82054968,55.49653159,0,0
33.27000000,56.13558776,55.50650181,55.80528679,55.49109985,0,0
33.28000000,56.16632198,55.53196895,55.84976530,55.51541100,0,0
33.29000000,56.16977929,55.50853787,55.83835595,55.49700644,0,0
33.30000000,56.24810174,55.51577818,55.83897846,55.41317360,0,0
33.31000000,56.13447525,55.47473393,55.75381857,55.44449105,0,0
33.32000000,56.12662004,55.53722249,55.85415861,55.44632283,0,0
33.33000000,56.05348740,55.53756632,55.83397490,55.43435929,0,0
33.34000000,56.14039138,55.56181011,55.78887345,55.42879202,0,0
33.35000000,56.17600234,55.50615644,55.74160985,55.45528173,0,0
33.36000000,56.25014756,55.53292188,55.71822917,55.46653417,0,0
33.37000000,56.13578289,55.48428613,55.81331882,55.48146051,0,0
33.38000000,56.09908036,55.51843096,55.81425632,55.49172702,0,0
33.39000000,56.06676659,55.52265463,55.81710730,55.45494175,0,0
33.40000000,56.11747088,55.48652363,55.81000581,55.42851947,0,0
33.41000000,56.14744441,55.49564136,55.80715745,55.41586870,0,0
33.42000000,56.08884195,55.52129568,55.81907362,55.43338443,0,0
33.43000000,56.07692118,55.47289309,55.78535440,55.49810650,0,0
33.44000000,56.05491876,55.44725373,55.76841269,55.51414506,0,0
33.45000000,56.17867799,55.45732446,55.78203007,55.48991144,0,0
33.46000000,56.15016585,55.48979257,55.80856331,55.47253444,0,0
33.47000000,56.17222924,55.52833327,55.84194392,55.47939680,0,0
33.48000000,56.01448976,55.44486114,55.87525066,55.44833019,0,0
33.49000000,56.04732077,55.41926230,55.86591514,55.46336288,0,0
33.50000000,56.10058222,55.42668088,55.85859531,55.52506205,0,0
33.51000000,56.16179327,55.49511013,55.80169252,55.46321118,0,0
33.52000000,56.22791894,55.55854146,55.82398281,55.42920076,0,0
33.53000000,56.18550686,55.51816046,55.78804596,55.38739575,0,0
33.54000000,56.16649736,55.47531644,55.81497335,55.39692696,0,0
33.55000000,56.10448604,55.45710118,55.89198198,55.37019113,0,0
33.56000000,56.14234857,55.46128253,55.86042555,55.40612697,0,0
33.57000000,56.05891073,55.54110704,55.80114325,55.46077686,0,0
33.58000000,56.16240679,55.51742612,55.79393108,55.45977623,0,0
33.59000000,56.16325293,55.49152214,55.83304263,55.49125979,0,0
33.60000000,56.24254102,55.47375546,55.79946672,55.53014205,0,0
33.61000000,56.22396739,55.52355198,55.80404588,55.43101424,0,0
33.62000000,56.17608042,55.50483290,55.81820035,55.50485896,0,0
33.63000000,56.16526247,55.58130444,55.90273154,55.47590654,0,0
33.64000000,56.20549699,55.49597941,55.85112189,55.48693183,0,0
33.65000000,56.15734096,55.54029872,55.83964818,55.42686716,0,0
33.66000000,56.21498275,55.51473478,55.77364540,55.34101341,0,0
33.67000000,56.25002580,55.55363525,55.70289346,55.34952059,0,0
33.68000000,56.17136187,55.62563932,55.72241497,55.32256906,0,0
33.69000000,56.26171573,55.60658703,55.71055032,55.40983545,0,0
33.70000000,56.17842117,55.55374352,55.82230396,55.52151705,0,0
33.71000000,56.24272076,55.43418017,55.91679810,55.46314759,0,0
33.72000000,56.12267526,55.50515809,55.87885255,55.50175211,0,0
33.73000000,56.19087141,55.56111895,55.84779230,55.44247189,0,0
33.74000000,56.13192016,55.57743833,55.74751962,55.39252366,0,0
33.75000000,56.18441565,55.54598745,55.67598460,55.39197507,0,0
33.76000000,56.12566275,55.47732787,55.83933047,55.40455945,0,0
33.77000000,56.19657998,55.51570900,55.90232633,55.39516521,0,0
33.78000000,56.11241779,55.46809017,55.79796035,55.44653128,0,0
33.79000000,56.10966299,55.49484724,55.70964263,55.41909613,0,0
33.80000000,56.17867175,55.55666634,55.75870129,55.45209200,0,0
33.81000000,56.12667492,55.52521281,55.88214377,55.45189976,0,0
33.82000000,56.16378801,55.49048222,55.86209019,55.40875146,0,0
33.83000000,56.12091008,55.42771414,55.83097090,55.42518554,0,0
33.84000000,56.10116709,55.48843768,55.81259120,55.42461445,0,0
33.85000000,56.12508270,55.45601634,55.78144275,55.42005961,0,0
33.86000000,56.15810045,55.46129172,55.77228950,55.42629182,0,0
33.87000000,56.08266521,55.52778321,55.84760143,55.47379938,0,0
33.88000000,56.15389814,55.51611087,55.86941813,55.47126860,0,0
33.89000000,56.07029845,55.44041021,55.91927905,55.42844795,0,0
33.90000000,56.11273541,55.44164651,55.86726194,55.44771557,0,0
33.91000000,56.26977163,55.44463821,55.85587342,55.49481619,0,0
33.92000000,56.13019048,55.52204989,55.85322624,55.50255111,0,0
33.93000000,56.12940255,55.53373796,55.89646100,55.47606146,0,0
33.94000000,56.10251254,55.52229922,55.89533107,55.51270027,0,0
33.95000000,56.15303091,55.53495376,55.92460957,55.51102314,0,0
33.96000000,56.22926901,55.49978943,55.85740885,55.45499314,0,0
33.97000000,56.24204476,55.46029177,55.77334841,55.43457360,0,0
33.98000000,56.13163923,55.49645752,55.79369551,55.43118644,0,0
33.99000000,56.14873874,55.54413293,55.83357042,55.42969968,0,0
34.00000000,56.15696412,55.55070602,55.88685459,55.40132216,0,0
34.01000000,56.17511390,55.54604138,55.83937807,55.37332923,0,0
34.02000000,56.22169536,55.50040985,55.82717843,55.42808414,0,0
34.03000000,56.17039236,55.52429719,55.83070024,55.48147418,0,0
34.04000000,56.18073924,55.52515123,55.84010137,55.48262795,0,0
34.05000000,56.17675917,55.53416327,55.79946680,55.56284417,0,0
34.06000000,56.16526885,55.54346826,55.85264515,55.53452525,0,0
34.07000000,56.16554884,55.47539901,55.80271507,55.43823801,0,0
34.08000000,56.21378329,55.46674765,55.84253241,55.39373403,0,0
34.09000000,56.10832559,55.46134628,55.89239913,55.40217954,0,0
34.10000000,56.19736595,55.50281395,55.75050931,55.38820709,0,0
34.11000000,56.17923618,55.55031571,55.85357807,55.40832778,0,0
34.12000000,56.14189379,55.59233069,55.79917380,55.43448631,0,0
34.13000000,56.26586625,55.52793202,55.80775030,55.44427168,0,0
34.14000000,56.13204555,55.51970829,55.78708368,55.46779583,0,0
34.15000000,56.12399071,55.41242669,55.87919851,55.46051048,0,0
34.16000000,56.04616540,55.41682648,55.87168878,55.49551095,0,0
34.17000000,56.15322299,55.50517136,55.91807018,55.45810906,0,0
34.18000000,56.17189815,55.53115631,55.82652822,55.46131975,0,0
34.19000000,56.22625554,55.54373982,55.81924661,55.40629265,0,0
34.20000000,56.11189993,55.46308852,55.82906620,55.40894439,0,0
34.21000000,56.19711112,55.51062294,55.83676009,55.50306596,0,0
34.22000000,56.09930880,55.48151810,55.84683667,55.46099109,0,0
34.23000000,56.18569523,55.50737781,55.81228443,55.48967610,0,0
34.24000000,56.08955892,55.49255638,55.79123517,55.50364098,0,0
34.25000000,56.15759029,55.53391144,55.86407188,55.45284972,0,0
34.26000000,56.14752867,55.56829692,55.88064166,55.45491584,0,0
34.27000000,56.17463269,55.53267985,55.83386112,55.46353329,0,0
34.28000000,56.20029876,55.48080912,55.86539963,55.42217414,0,0
34.29000000,56.19159308,55.49189253,55.85462361,55.47850788,0,0
34.30000000,56.17935158,55.46984478,55.91373387,55.48045220,0,0
34.31000000,56.19968540,55.54053312,55.88932586,55.50796604,0,0
34.32000000,56.22155581,55.61744255,55.86242196,55.47707850,0,0
34.33000000,56.15319884,55.56170445,55.81131454,55.44028375,0,0
34.34000000,56.21786339,55.61893801,55.80158964,55.42009206,0,0
34.35000000,56.26946782,55.53739862,55.85191654,55.42000132,0,0
34.36000000,56.18501599,55.54975978,55.83605218,55.46959569,0,0
34.37000000,56.23998375,55.50566934,55.94713936,55.44445655,0,0
34.38000000,56.19649095,55.50752934,55.88964075,55.44487155,0,0
34.39000000,56.22332176,55.58653835,55.89553772,55.49653250,0,0
34.40000000,56.21299120,55.62864271,55.86687456,55.41968762,0,0
34.41000000,56.24787845,55.55645193,55.75311594,55.43074567,0,0
34.42000000,56.10289824,55.55278301,55.81765742,55.43568020,0,0
34.43000000,56.26885386,55.53137519,55.87897113,55.41722538,0,0
34.44000000,56.18102369,55.54547797,55.87692164,55.48713820,0,0
34.45000000,56.24678251,55.54618876,55.78956196,55.43193357,0,0
34.46000000,56.19642698,55.54421971,55.77463634,55.40838333,0,0
34.47000000,56.16072025,55.55514628,55.77722137,55.45776582,0,0
34.48000000,56.18007622,55.52198531,55.86977494,55.41689524,0,0
34.49000000,56.15764538,55.50739219,55.86325401,55.46835149,0,0
34.50000000,56.21942973,55.52173159,55.83271727,55.52620417,0,0
34.51000000,56.16383926,55.54115932,55.81524389,55.48661376,0,0
34.52000000,56.15189203,55.53287797,55.77830189,55.46119536,0,0
34.53000000,56.08206258,55.52163263,55.80027830,55.46593078,0,0
34.54000000,56.15495807,55.53209366,55.84677372,55.45061658,0,0
34.55000000,56.10914868,55.53491277,55.87747577,55.40925312,0,0
34.56000000,56.17188817,55.55203748,55.81214543,55.41409341,0,0
34.57000000,56.15825596,55.55646250,55.79098772,55.46374891,0,0
34.58000000,56.16292108,55.55118632,55.80028012,55.54348848,0,0
34.59000000,56.16518191,55.51904526,55.87940514,55.54319341,0,0
34.60000000,56.12805107,55.52202099,55.87274100,55.57890938,0,0
34.61000000,56.10898885,55.53083920,55.91826221,55.55275666,0,0
34.62000000,56.14419471,55.55884678,55.87738001,55.51815360,0,0
34.63000000,56.14278801,55.55924322,55.84847158,55.48923121,0,0
34.64000000,56.11510631,55.53703017,55.84491839,55.47052807,0,0
34.65000000,56.16832283,55.51829836,55.85502062,55.50490148,0,0
34.66000000,56.12134637,55.54362504,55.89453326,55.50674883,0,0
34.67000000,56.18008384,55.64755682,55.81468876,55.48269575,0,0
34.68000000,56.17963235,55.55959179,55.84800616,55.47913227,0,0
34.69000000,56.16559805,55.59032616,55.84304616,55.52714218,0,0
34.70000000,56.16025141,55.47524600,55.88050465,55.47896204,0,0
34.71000000,56.10850832,55.57159611,55.85579751,55.53984506,0,0
34.72000000,56.18787296,55.57905497,55.80006690,55.51034490,0,0
34.73000000,56.19478210,55.58498707,55.78753400,55.48797719,0,0
34.74000000,56.15818264,55.55937309,55.78428022,55.49865648,0,0
34.75000000,56.15348880,55.47318414,55.77923820,55.50766835,0,0
34.76000000,56.16930268,55.57549037,55.82021617,55.48547997,0,0
34.77000000,56.12346336,55.58967183,55.84318641,55.51951162,0,0
34.78000000,56.18028347,55.59575540,55.84423406,55.45191686,0,0
34.79000000,56.12916006,55.57949225,55.76314843,55.46202451,0,0
34.80000000,56.08170734,55.47472488,55.77470778,55.47687267,0,0
34.81000000,56.18104742,55.57525241,55.82561209,55.49514999,0,0
34.82000000,56.12024955,55.50279691,55.79912282,55.49036906,0,0
34.83000000,56.14760413,55.50053553,55.82114440,55.49863369,0,0
34.84000000,56.09826788,55.48969629,55.82914365,55.57527558,0,0
34.85000000,56.13837555,55.53572536,55.83141779,55.50302771,0,0
34.86000000,56.06104204,55.55168935,55.78850221,55.52549846,0,0
34.87000000,56.17747793,55.58960737,55.82963931,55.48737854,0,0
34.88000000,56.10625801,55.52036489,55.77542380,55.47525603,0,0
34.89000000,56.17182124,55.50372707,55.74715364,55.48671758,0,0
34.90000000,56.13844577,55.42896542,55.80728575,55.44681140,0,0
34.91000000,56.11859482,55.60413915,55.84503831,55.49072251,0,0
34.92000000,56.10894003,55.52635724,55.89231589,55.51976691,0,0
34.93000000,56.09473446,55.53137062,55.83672394,55.47038238,0,0
34.94000000,56.14800348,55.46382879,55.78670428,55.54045218,0,0
34.95000000,56.14691105,55.48721449,55.83774556,55.53387776,0,0
34.96000000,56.14651854,55.53607735,55.80922812,55.52603311,0,0
34.97000000,56.07024227,55.51896692,55.80477392,55.47622492,0,0
34.98000000,56.13184442,55.50302657,55.84834770,55.46187541,0,0
34.99000000,56.13325706,55.48526036,55.82050538,55.44639134,0,0
35.00000000,56.21465008,55.48528157,55.82016076,55.41869914,0,0
35.01000000,56.20003504,55.51842620,55.79374537,55.41207053,0,0
35.02000000,56.18772260,55.54756530,55.76676526,55.45856550,0,0
35.03000000,56.15493388,55.52934547,55.81317560,55.47785608,0,0
35.04000000,56.12995548,55.50512031,55.84312052,55.51079230,0,0
35.05000000,56.18662824,55.49961676,55.84695500,55.50789595,0,0
35.06000000,56.25635098,55.52741507,55.86119263,55.49867274,0,0
35.07000000,56.22961070,55.52321861,55.82959214,55.46191455,0,0
35.08000000,56.13395756,55.52658593,55.84578732,55.39411397,0,0
35.09000000,56.18972307,55.55727176,55.87987286,55.42749164,0,0
35.10000000,56.18733149,55.54745752,55.92166723,55.44356188,0,0
35.11000000,56.32750610,55.58434431,55.83241940,55.41475327,0,0
35.12000000,56.30151357,55.54442386,55.84711020,55.43459887,0,0
35.13000000,56.24575225,55.56831319,55.82022877,55.45859347,0,0
35.14000000,56.17347797,55.58936068,55.84744657,55.48737414,0,0
35.15000000,56.27162563,55.57218336,55.83315649,55.45563292,0,0
35.16000000,56.20695840,55.55950571,55.81210449,55.47387313,0,0
35.17000000,56.27854638,55.52489464,55.88437206,55.46785272,0,0
35.18000000,56.18042176,55.51319585,55.81510108,55.41067835,0,0
35.19000000,56.18242024,55.54674625,55.82110515,55.45712154,0,0
35.20000000,56.20212166,55.56386246,55.82132163,55.45394651,0,0
35.21000000,56.10579251,55.51866142,55.81443946,55.46054206,0,0
35.22000000,56.19750838,55.52987501,55.77097675,55.44793687,0,0
35.23000000,56.19016033,55.53965609,55.84661031,55.42998422,0,0
35.24000000,56.28690867,55.60800173,55.77664510,55.43606377,0,0
35.25000000,56.19730409,55.57286776,55.83918854,55.45467480,0,0
35.26000000,56.18443422,55.55091881,55.77493067,55.47917207,0,0
35.27000000,56.14338090,55.41940075,55.73033852,55.43540250,0,0
35.28000000,56.25093983,55.51567972,55.81162664,55.50176591,0,0
35.29000000,56.24473606,55.59553050,55.83083067,55.50075027,0,0
35.30000000,56.12377416,55.56235064,55.85218962,55.43647197,0,0
35.31000000,56.17889456,55.50074200,55.83447891,55.49365369,0,0
35.32000000,56.02932425,55.48569532,55.97031079,55.46415996,0,0
35.33000000,56.25378515,55.55155863,55.96217086,55.49715405,0,0
35.34000000,56.07531238,55.48990635,55.93492383,55.49521826,0,0
35.35000000,56.21106524,55.47070934,55.93707929,55.52636893,0,0
35.36000000,56.13065867,55.49788732,55.97315310,55.54282759,0,0
35.37000000,56.22624750,55.55286726,55.94312710,55.58384886,0,0
35.38000000,56.19268276,55.55676754,55.81140306,55.51846057,0,0
35.39000000,56.21759717,55.54323375,55.88162922,55.54191015,0,0
35.40000000,56.12158450,55.54901525,55.79383774,55.43836691,0,0
35.41000000,56.12385434,55.51354310,55.83543252,55.45265014,0,0
35.42000000,56.24881425,55.52251060,55.79722858,55.43580382,0,0
35.43000000,56.20620054,55.50475284,55.85145716,55.43063976,0,0
35.44000000,56.24571275,55.52051694,55.74841957,55.38111108,0,0
35.45000000,56.18908685,55.55708144,55.86032864,55.39047178,0,0
35.46000000,56.13686715,55.49699211,55.88924324,55.42884227,0,0
35.47000000,56.11994815,55.54786080,55.92839960,55.52172379,0,0
35.48000000,56.16439596,55.49857663,55.90767931,55.55435271,0,0
35.49000000,56.23034214,55.52825100,55.87597572,55.54570792,0,0
35.50000000,56.27098734,55.54455893,55.90235421,55.54888299,0,0
35.51000000,56.18079524,55.55210092,55.83123146,55.52937943,0,0
35.52000000,56.19166290,55.50802887,55.85245866,55.44747477,0,0
35.53000000,56.19881727,55.46442828,55.91161783,55.41083608,0,0
35.54000000,56.26260819,55.52078854,55.88659075,55.42134945,0,0
35.55000000,56.20136595,55.56501861,55.87077987,55.43394236,0,0
35.56000000,56.23776649,55.59952591,55.83132145,55.46719618,0,0
35.57000000,56.18246014,55.54979218,55.85657495,55.50803402,0,0
35.58000000,56.20723567,55.56754875,55.84755347,55.50013604,0,0
35.59000000,56.26416790,55.51726739,55.83632406,55.48407813,0,0
35.60000000,56.24031539,55.53893310,55.91417140,55.50984090,0,0
35.61000000,56.25841461,55.54150746,55.88249420,55.47775006,0,0
35.62000000,56.16583291,55.57483093,55.85997383,55.48549144,0,0
35.63000000,56.22627202,55.56708222,55.79890698,55.51316644,0,0
35.64000000,56.18447053,55.53917764,55.81578595,55.44382910,0,0
35.65000000,56.26034035,55.51931462,55.82304991,55.43920966,0,0
35.66000000,56.18961596,55.52708797,55.84747303,55.42578410,0,0
35.67000000,56.18189206,55.56603360,55.82806392,55.40223103,0,0
35.68000000,56.14033664,55.53636836,55.83560059,55.45265776,0,0
35.69000000,56.14739518,55.53528601,55.86408208,55.50913884,0,0
35.70000000,56.22427891,55.52651891,55.87967746,55.47369373,0,0
35.71000000,56.19479201,55.50598878,55.89675358,55.48531114,0,0
35.72000000,56.22751430,55.54878073,55.86503410,55.50500976,0,0
35.73000000,56.15588001,55.56507822,55.85643587,55.51825269,0,0
35.74000000,56.19669551,55.52353661,55.90223657,55.50130422,0,0
35.75000000,56.21349542,55.49131501,55.85043544,55.46888512,0,0
35.76000000,56.19094496,55.49621360,55.89752393,55.46606412,0,0
35.77000000,56.15867454,55.53906164,55.84017096,55.43357983,0,0
35.78000000,56.19933565,55.56918337,55.84657425,55.45907220,0,0
35.79000000,56.23743018,55.58487537,55.85009199,55.39959322,0,0
35.80000000,56.25229613,55.54140438,55.90805055,55.51354593,0,0
35.81000000,56.26951815,55.48027682,55.86526908,55.49114559,0,0
35.82000000,56.15464062,55.51078713,55.92461739,55.53178833,0,0
35.83000000,56.18761773,55.53856309,55.98488867,55.55685989,0,0
35.84000000,56.19757191,55.57554746,55.91678196,55.53462508,0,0
35.85000000,56.16440183,55.51098220,55.91156872,55.46253937,0,0
35.86000000,56.40485579,55.61491867,55.83117528,55.46289226,0,0
35.87000000,56.13544393,55.49469115,55.91705450,55.46932944,0,0
35.88000000,56.17716604,55.61008917,55.94719553,55.46868766,0,0
35.89000000,56.20776779,55.50613668,55.83682444,55.47045211,0,0
35.90000000,56.19393376,55.57368144,55.88372425,55.45594905,0,0
35.91000000,56.37365341,55.63169792,55.87701217,55.47745972,0,0
35.92000000,56.25016754,55.57061167,55.89295337,55.49517095,0,0
35.93000000,56.23381604,55.61021409,55.81004871,55.47308948,0,0
35.94000000,56.19587229,55.51465902,55.80976571,55.46651606,0,0
35.95000000,56.18567325,55.57009546,55.86102930,55.56518333,0,0
35.96000000,56.29507970,55.54763487,55.84345488,55.52021188,0,0
35.97000000,56.23442305,55.56281450,55.85828799,55.48693158,0,0
35.98000000,56.15699671,55.54949005,55.89040038,55.50155196,0,0
35.99000000,56.18377236,55.56269906,55.84665771,55.43415360,0,0
36.00000000,56.24069710,55.54891287,55.84564964,55.41981977,0,0
36.01000000,56.28548142,55.58223001,55.91414025,55.52530855,0,0
36.02000000,56.28623707,55.57125785,55.88962034,55.44368648,0,0
36.03000000,56.17722762,55.53215014,56.06256011,55.52043509,0,0
36.04000000,56.21920013,55.57151508,55.92280207,55.53740661,0,0
36.05000000,56.24729639,55.59343871,55.88752728,55.47347373,0,0
36.06000000,56.20243422,55.58613395,55.86664846,55.49031912,0,0
36.07000000,56.21780309,55.52190653,55.80642244,55.46446019,0,0
36.08000000,56.18830017,55.50393709,55.83529696,55.48175877,0,0
36.09000000,56.23391723,55.55497293,55.92388069,55.53247220,0,0
36.10000000,56.23664359,55.58879131,55.94253693,55.52719192,0,0
36.11000000,56.19963529,55.56961749,55.89871226,55.49867578,0,0
36.12000000,56.18651750,55.54346459,55.88295031,55.48293946,0,0
36.13000000,56.26505566,55.52680091,55.95274954,55.50765619,0,0
36.14000000,56.24711819,55.54627278,55.96253113,55.51317298,0,0
36.15000000,56.26213273,55.59007220,55.86783944,55.53012449,0,0
36.16000000,56.16799858,55.59225128,55.82535051,55.54339120,0,0
36.17000000,56.18656478,55.54951877,55.87467056,55.56357523,0,0
36.18000000,56.19180096,55.48746090,55.85912998,55.54440233,0,0
36.19000000,56.25435457,55.51403556,55.93701300,55.50630190,0,0
36.20000000,56.18925169,55.56963050,55.95904903,55.46010914,0,0
36.21000000,56.25925933,55.63630397,55.90192294,55.41132207,0,0
36.22000000,56.24462831,55.61772143,55.90112460,55.49911935,0,0
36.23000000,56.24167056,55.51869147,55.87143904,55.47315246,0,0
36.24000000,56.16137785,55.42915424,55.86972331,55.49066549,0,0
36.25000000,56.20761397,55.50014042,55.92745758,55.52863985,0,0
36.26000000,56.24612291,55.57371721,55.88486782,55.51599721,0,0
36.27000000,56.24853861,55.63054101,55.92376548,55.56192265,0,0
36.28000000,56.23177707,55.53319652,55.88586596,55.52534688,0,0
36.29000000,56.17403120,55.52443177,55.87006114,55.49916981,0,0
36.30000000,56.20925547,55.48304128,55.93341480,55.47169732,0,0
36.31000000,56.23231611,55.52622857,55.91046744,55.43799036,0,0
36.32000000,56.27926309,55.58257397,55.91204259,55.46710575,0,0
36.33000000,56.25627746,55.51718431,55.88175599,55.47774696,0,0
36.34000000,56.24097936,55.52281759,55.90440232,55.47681737,0,0
36.35000000,56.24753612,55.56996104,55.93361510,55.45612265,0,0
36.36000000,56.21130544,55.59908489,55.99021082,55.46847141,0,0
36.37000000,56.24681292,55.58782557,55.83992584,55.50280339,0,0
36.38000000,56.24904382,55.52164037,55.93800207,55.51577861,0,0
36.39000000,56.21338672,55.47287071,55.91056360,55.55187652,0,0
36.40000000,56.27282273,55.54840077,55.91597592,55.56277646,0,0
36.41000000,56.36983465,55.59631967,55.86080534,55.44621878,0,0
36.42000000,56.11461219,55.50241574,55.87593535,55.46257075,0,0
36.43000000,56.28412018,55.54259555,55.93347967,55.42200833,0,0
36.44000000,56.14284518,55.52246171,55.93387745,55.50089860,0,0
36.45000000,56.32208167,55.60898088,55.93543896,55.49290672,0,0
36.46000000,56.24907767,55.54880623,55.90512464,55.47511780,0,0
36.47000000,56.20081230,55.54719048,55.88995500,55.48520971,0,0
36.48000000,56.18294405,55.53356003,55.87315009,55.49891500,0,0
36.49000000,56.27491280,55.54140642,55.88644520,55.49367074,0,0
36.50000000,56.18794351,55.58188862,55.92473146,55.48378693,0,0
36.51000000,56.26820455,55.59312837,55.90705849,55.48945753,0,0
36.52000000,56.18480612,55.53187069,55.88868333,55.45289256,0,0
36.53000000,56.14591775,55.47951050,55.92499486,55.50808715,0,0
36.54000000,56.24655973,55.51800723,55.83555577,55.49711352,0,0
36.55000000,56.24460905,55.57416670,55.83179402,55.51385381,0,0
36.56000000,56.23850875,55.61113272,55.83525769,55.43766057,0,0
36.57000000,56.14811476,55.53485153,55.92005603,55.45629917,0,0
36.58000000,56.22748642,55.56456244,56.02443584,55.51319407,0,0
36.59000000,56.24064926,55.54356107,55.92361213,55.50356605,0,0
36.60000000,56.28285818,55.54067658,55.90714540,55.54474766,0,0
36.61000000,56.16977488,55.51445167,55.89802159,55.52277666,0,0
36.62000000,56.17512404,55.52885373,55.93206361,55.56109175,0,0
36.63000000,56.21364701,55.57395218,55.99062361,55.49632386,0,0
36.64000000,56.28259401,55.61381256,55.93731475,55.45064477,0,0
36.65000000,56.22261432,55.55004785,55.92644515,55.47231881,0,0
36.66000000,56.21715184,55.52995005,55.92124534,55.48269300,0,0
36.67000000,56.19523546,55.55489864,55.88042447,55.44571447,0,0
36.68000000,56.26740688,55.58085420,55.92387670,55.45152207,0,0
36.69000000,56.30407491,55.57856602,55.93589297,55.49264576,0,0
36.70000000,56.24689426,55.57664245,55.86376840,55.49664192,0,0
36.71000000,56.23061842,55.54366941,55.88692110,55.47273926,0,0
36.72000000,56.17195216,55.51721136,55.83848523,55.46780794,0,0
36.73000000,56.26396795,55.54728012,55.86891063,55.46844190,0,0
36.74000000,56.20844901,55.62545301,55.88680597,55.49278460,0,0
36.75000000,56.23082956,55.61850718,55.88965442,55.48592435,0,0
36.76000000,56.15329120,55.56436311,55.97834223,55.49867679,0,0
36.77000000,56.25515437,55.51276538,55.85890484,55.54934481,0,0
36.78000000,56.20995459,55.54178185,55.86256761,55.46765374,0,0
36.79000000,56.22696017,55.56575121,55.86718631,55.48229931,0,0
36.80000000,56.20976586,55.57627147,55.91417685,55.52489689,0,0
36.81000000,56.20903442,55.60272150,55.89214942,55.54199708,0,0
36.82000000,56.25672958,55.58324656,55.83268920,55.54688132,0,0
36.83000000,56.16644625,55.55172264,55.85720433,55.50276220,0,0
36.84000000,56.21966869,55.59292784,55.78101949,55.48423634,0,0
36.85000000,56.14702657,55.58878762,55.78547182,55.48069451,0,0
36.86000000,56.17197413,55.54748929,55.89526401,55.52993082,0,0
36.87000000,56.21559081,55.55963109,55.91744433,55.52753616,0,0
36.88000000,56.25176961,55.57647409,55.85472140,55.56785184,0,0
36.89000000,56.22186680,55.57655375,55.88659157,55.50934014,0,0
36.90000000,56.27694478,55.62955028,55.89231346,55.40577558,0,0
36.91000000,56.15387518,55.55717413,55.94154918,55.51871457,0,0
36.92000000,56.26895701,55.59472974,55.91501598,55.59060551,0,0
36.93000000,56.17411333,55.61410245,55.87916909,55.58547049,0,0
36.94000000,56.30927588,55.63780270,55.90131513,55.55086024,0,0
36.95000000,56.24829258,55.64929852,55.88890484,55.57716991,0,0
36.96000000,56.31649554,55.55294756,55.86308208,55.48106105,0,0
36.97000000,56.15892735,55.50813670,55.97960470,55.49882393,0,0
36.98000000,56.27879131,55.59179980,55.96396469,55.51145040,0,0
36.99000000,56.25897212,55.62432346,55.94799745,55.52118509,0,0
37.00000000,56.28647306,55.68684003,55.92253123,55.53799997,0,0
37.01000000,56.30165593,55.57786024,55.92954624,55.47368705,0,0
37.02000000,56.23717094,55.59279619,55.94694680,55.49757342,0,0
37.03000000,56.38071235,55.66885611,55.88907016,55.52352245,0,0
37.04000000,56.30743394,55.64623482,55.92910974,55.54116132,0,0
37.05000000,56.28134807,55.65543606,55.93010211,55.59422589,0,0
37.06000000,56.21201744,55.60864868,55.93209194,55.61237712,0,0
37.07000000,56.37119091,55.63829619,55.97158768,55.57405649,0,0
37.08000000,56.28843738,55.66632231,55.89784903,55.55191199,0,0
37.09000000,56.33926255,55.66096719,55.93195251,55.49720334,0,0
37.10000000,56.15952026,55.60559151,55.80761453,55.52955428,0,0
37.11000000,56.21498350,55.61154572,55.89149492,55.51966216,0,0
37.12000000,56.24077909,55.58840210,56.03448579,55.56641503,0,0
37.13000000,56.26318547,55.68065156,56.03301059,55.58682469,0,0
37.14000000,56.21138573,55.62898794,55.91041867,55.61173786,0,0
37.15000000,56.22900655,55.62876461,55.84487878,55.62896486,0,0
37.16000000,56.21759839,55.65620604,55.86977987,55.61025477,0,0
37.17000000,56.23082430,55.65922867,55.85774649,55.58218063,0,0
37.18000000,56.17364761,55.59790741,55.85750479,55.58309726,0,0
37.19000000,56.14000776,55.58531701,55.87445991,55.51603265,0,0
37.20000000,56.20630437,55.61551986,55.82120692,55.53268988,0,0
37.21000000,56.22501738,55.68218499,55.87363751,55.55196062,0,0
37.22000000,56.18364771,55.66320111,55.89445968,55.54912861,0,0
37.23000000,56.15293325,55.58314583,55.94661484,55.61411228,0,0
37.24000000,56.14210945,55.61933005,55.97498269,55.60768804,0,0
37.25000000,56.20992282,55.66171716,55.98708538,55.64989277,0,0
37.26000000,56.22276100,55.67885927,55.95747329,55.64225191,0,0
37.27000000,56.13735577,55.63201896,55.93846422,55.65125986,0,0
37.28000000,56.20106858,55.63081418,55.88063992,55.62245317,0,0
37.29000000,56.18699831,55.67093569,55.91062898,55.63715382,0,0
37.30000000,56.15231394,55.69731596,55.89654440,55.60373040,0,0
37.31000000,56.13794901,55.66295336,55.91104073,55.61616800,0,0
37.32000000,56.17798185,55.64616447,55.84730563,55.65241362,0,0
37.33000000,56.21382454,55.63663979,55.87192277,55.60839825,0,0
37.34000000,56.23266089,55.66067414,55.87926960,55.61151733,0,0
37.35000000,56.17030975,55.66593340,55.89366720,55.61037490,0,0
37.36000000,56.16532600,55.70285820,55.85201241,55.61780631,0,0
37.37000000,56.22608326,55.66023885,55.90941079,55.59717353,0,0
37.38000000,56.23157703,55.64590720,55.89776210,55.62628205,0,0
37.39000000,56.28959300,55.67757738,55.93307219,55.65644784,0,0
37.40000000,56.24955364,55.69760429,55.82791119,55.62407372,0,0
37.41000000,56.20593063,55.73817497,55.91456022,55.62149506,0,0
37.42000000,56.21348166,55.72039661,55.87193348,55.61868909,0,0
37.43000000,56.25558028,55.67822055,55.93272837,55.55664926,0,0
37.44000000,56.26497339,55.64560048,55.88626826,55.58474404,0,0
37.45000000,56.29474504,55.64442813,55.87718564,55.55755845,0,0
37.46000000,56.22597274,55.70740620,56.00178468,55.56363989,0,0
37.47000000,56.24025048,55.75327416,55.88191983,55.67861178,0,0
37.48000000,56.27452106,55.75703073,55.90991032,55.66120083,0,0
37.49000000,56.23672686,55.63962702,55.88127984,55.69477367,0,0
37.50000000,56.23981603,55.72256070,55.86921243,55.67213358,0,0
37.51000000,56.24942967,55.67922115,55.89603642,55.63418976,0,0
37.52000000,56.12194402,55.70651975,55.83462372,55.60207628,0,0
37.53000000,56.29238953,55.71815414,55.82871186,55.60294330,0,0
37.54000000,56.26063125,55.67702766,55.78343734,55.56678827,0,0
37.55000000,56.24784562,55.64701841,55.83589959,55.55983922,0,0
37.56000000,56.22544884,55.61803274,55.89365530,55.56528814,0,0
37.57000000,56.19877056,55.69895389,55.93154056,55.61366203,0,0
37.58000000,56.34942837,55.70557807,55.89886851,55.65062569,0,0
37.59000000,56.29144933,55.70669130,55.87899617,55.69729782,0,0
37.60000000,56.27888992,55.66760517,55.90616838,55.64200886,0,0
37.61000000,56.20736754,55.67719475,55.93419294,55.66058778,0,0
37.62000000,56.26106268,55.63114171,55.91328454,55.64236341,0,0
37.63000000,56.19541200,55.63581682,56.00930550,55.53929381,0,0
37.64000000,56.26212948,55.67237209,55.93390937,55.56476201,0,0
37.65000000,56.23560078,55.69367829,55.97754447,55.58536923,0,0
37.66000000,56.30613476,55.63960987,55.94251760,55.60472074,0,0
37.67000000,56.28831387,55.65918157,55.93770670,55.65575022,0,0
37.68000000,56.26064056,55.66407738,55.94747968,55.62832693,0,0
37.69000000,56.24800976,55.67135750,55.91002968,55.63515264,0,0
37.70000000,56.27699746,55.66276277,55.94200859,55.67507694,0,0
37.71000000,56.26404198,55.63001124,55.91550330,55.62309700,0,0
37.72000000,56.30546539,55.59668626,55.89891313,55.62266374,0,0
37.73000000,56.25537298,55.60961987,55.90306861,55.60715662,0,0
37.74000000,56.25761526,55.67406726,55.91227749,55.55565057,0,0
37.75000000,56.30099252,55.69173499,55.94426038,55.58524054,0,0
37.76000000,56.29045430,55.64922910,55.93050096,55.59897939,0,0
37.77000000,56.28913066,55.60420748,55.92663788,55.61023018,0,0
37.78000000,56.32329700,55.61055747,55.92542776,55.62316286,0,0
37.79000000,56.36108870,55.66364050,55.97778190,55.59993464,0,0
37.80000000,56.32462642,55.68453110,55.98974988,55.55880960,0,0
37.81000000,56.35746924,55.65224064,55.96317970,55.59121157,0,0
37.82000000,56.19954463,55.61593200,56.01911250,55.62597806,0,0
37.83000000,56.35877266,55.62967075,55.98346070,55.64006626,0,0
37.84000000,56.29448215,55.67767164,56.02102039,55.65888763,0,0
37.85000000,56.38498485,55.68990868,56.02567033,55.62869618,0,0
37.86000000,56.25438347,55.62653609,55.99977712,55.57833667,0,0
37.87000000,56.30796152,55.59938874,55.97743213,55.58186847,0,0
37.88000000,56.28170040,55.59116607,55.97712728,55.55818283,0,0
37.89000000,56.33402663,55.61787517,55.93297711,55.49114234,0,0
37.90000000,56.29138235,55.64283630,55.98713368,55.53271656,0,0
37.91000000,56.34934834,55.64805729,55.94274606,55.55656895,0,0
37.92000000,56.33090525,55.64494427,55.94932390,55.60284675,0,0
37.93000000,56.29120737,55.62825742,55.91391134,55.59761782,0,0
37.94000000,56.27950045,55.64629694,56.00554289,55.60283042,0,0
37.95000000,56.26188930,55.57898671,55.86798101,55.61384255,0,0
37.96000000,56.28289943,55.60796880,56.02502014,55.54334252,0,0
37.97000000,56.32087862,55.60363443,55.96653593,55.55307106,0,0
37.98000000,56.25960423,55.61386281,56.01649162,55.57205169,0,0
37.99000000,56.20105946,55.64888390,55.97295320,55.56551204,0,0
38.00000000,56.26147115,55.58454228,55.92662345,55.57243508,0,0
38.01000000,56.23698916,55.64643997,56.02693523,55.57984460,0,0
38.02000000,56.36247176,55.61079239,55.96067606,55.62504864,0,0
38.03000000,56.26729074,55.62287643,55.99623488,55.59972586,0,0
38.04000000,56.21172844,55.54602213,55.98100871,55.64601059,0,0
38.05000000,56.21550780,55.54263187,56.03791199,55.60168085,0,0
38.06000000,56.27431199,55.62735602,55.97710531,55.62818728,0,0
38.07000000,56.31983871,55.64637433,56.01856173,55.61315777,0,0
38.08000000,56.30544639,55.64392428,56.04833250,55.53172079,0,0
38.09000000,56.23846518,55.65377297,55.99978421,55.60813670,0,0
38.10000000,56.31020221,55.63680596,56.00245641,55.59218594,0,0
38.11000000,56.26856934,55.63981582,56.00899090,55.58848512,0,0
38.12000000,56.33733444,55.61161927,55.96800243,55.50522889,0,0
38.13000000,56.34590258,55.60162282,56.00453067,55.60727594,0,0
38.14000000,56.32548330,55.63716102,55.95437266,55.52197226,0,0
38.15000000,56.22773017,55.61063135,56.00387045,55.55852313,0,0
38.16000000,56.32397040,55.64859037,55.92871303,55.58220825,0,0
38.17000000,56.26330780,55.64895212,55.98183131,55.58781630,0,0
38.18000000,56.33568058,55.64693755,55.96613864,55.61873582,0,0
38.19000000,56.29891442,55.64046041,56.02973517,55.59645414,0,0
38.20000000,56.32902556,55.65655495,55.97368317,55.54667655,0,0
38.21000000,56.35396170,55.65536132,55.93461498,55.58729276,0,0
38.22000000,56.34637439,55.66973631,55.92169124,55.52644083,0,0
38.23000000,56.30970355,55.62118886,56.01087480,55.49102545,0,0
38.24000000,56.32724746,55.68810380,55.98510276,55.55832551,0,0
38.25000000,56.35156575,55.72237209,55.92802268,55.58489427,0,0
38.26000000,56.36231706,55.66588725,55.93790914,55.60041572,0,0
38.27000000,56.38342367,55.66754830,55.92272548,55.62238156,0,0
38.28000000,56.31430665,55.67925831,55.92649780,55.59987559,0,0
38.29000000,56.35219385,55.69618282,55.96909684,55.56540201,0,0
38.30000000,56.32838481,55.66578723,56.04220313,55.57413552,0,0
38.31000000,56.34928042,55.63978780,56.01591270,55.53030213,0,0
38.32000000,56.31566019,55.65415957,55.98872554,55.57457074,0,0
38.33000000,56.38126108,55.71453870,55.97861161,55.57048394,0,0
38.34000000,56.34438623,55.67804154,56.03061775,55.56493444,0,0
38.35000000,56.38934171,55.71014241,56.01945159,55.60424705,0,0
38.36000000,56.31203300,55.64513178,56.01019137,55.60096705,0,0
38.37000000,56.34775196,55.66525024,56.02886481,55.59402679,0,0
38.38000000,56.37332794,55.70403624,56.00993228,55.63737316,0,0
38.39000000,56.32935885,55.74149875,56.00218614,55.60381265,0,0
38.40000000,56.33497082,55.70104369,56.00129403,55.58086213,0,0
38.41000000,56.41526475,55.65520932,56.01831864,55.58306111,0,0
38.42000000,56.35687094,55.64420367,55.99289935,55.57435980,0,0
38.43000000,56.36732377,55.71193676,55.94986553,55.60215688,0,0
38.44000000,56.28285497,55.70070406,55.99850252,55.57113871,0,0
38.45000000,56.32804181,55.68826830,55.99256110,55.59787634,0,0
38.46000000,56.31384329,55.70098867,56.03825775,55.59103875,0,0
38.47000000,56.38597590,55.68055541,55.98055216,55.62912073,0,0
38.48000000,56.28609507,55.65970745,55.96607031,55.61859204,0,0
38.49000000,56.38311940,55.64207115,56.03753655,55.62488379,0,0
38.50000000,56.24110225,55.64542969,55.96355797,55.67133000,0,0
38.51000000,56.33134488,55.67445865,56.07928080,55.68141828,0,0
38.52000000,56.26878691,55.64715053,56.00771350,55.65233737,0,0
38.53000000,56.31098815,55.70715327,56.05092814,55.63581186,0,0
38.54000000,56.34673373,55.66056128,55.95514185,55.58703097,0,0
38.55000000,56.28605127,55.62814139,56.09534529,55.60109182,0,0
38.56000000,56.38248897,55.63037355,56.00654875,55.55048088,0,0
38.57000000,56.38001183,55.61881322,56.13652637,55.59613111,0,0
38.58000000,56.42391581,55.73076646,56.04320215,55.67059474,0,0
38.59000000,56.29202292,55.66148425,56.15181854,55.63458739,0,0
38.60000000,56.37576116,55.64494714,56.07924243,55.68991359,0,0
38.61000000,56.20129470,55.65174396,56.03172099,55.69320545,0,0
38.62000000,56.40479632,55.67444704,56.08217356,55.62235233,0,0
38.63000000,56.40528994,55.74291671,56.06446694,55.61388129,0,0
38.64000000,56.48819132,55.64097192,56.08194476,55.63476602,0,0
38.65000000,56.40515696,55.66474837,56.05042321,55.56512044,0,0
38.66000000,56.33742267,55.61756589,56.13040472,55.62450031,0,0
38.67000000,56.27741778,55.73508263,56.07870135,55.59531033,0,0
38.68000000,56.43260085,55.67758686,56.06678407,55.63741692,0,0
38.69000000,56.32507686,55.74926703,55.99745376,55.66395539,0,0
38.70000000,56.45254457,55.69061075,55.99286755,55.63992968,0,0
38.71000000,56.42813143,55.67755782,55.91401195,55.62117483,0,0
38.72000000,56.35924997,55.70135920,55.91881173,55.62245495,0,0
38.73000000,56.33374200,55.71979970,55.99213802,55.58475143,0,0
38.74000000,56.36167774,55.65538452,56.05831932,55.54352713,0,0
38.75000000,56.38508892,55.67934991,56.02939751,55.60809970,0,0
38.76000000,56.42967099,55.64774250,56.02268953,55.61857219,0,0
38.77000000,56.36235865,55.69395852,55.97972276,55.62599110,0,0
38.78000000,56.36343497,55.70027721,55.94821317,55.56863633,0,0
38.79000000,56.37284907,55.70632945,55.93803109,55.54971263,0,0
38.80000000,56.36159614,55.66388077,56.05490989,55.61350072,0,0
38.81000000,56.32871951,55.63359847,56.12841551,55.65101822,0,0
38.82000000,56.32278388,55.57903894,56.18379953,55.65951847,0,0
38.83000000,56.30993631,55.64338868,56.06507149,55.69605988,0,0
38.84000000,56.37999082,55.72960666,56.04803054,55.66438526,0,0
38.85000000,56.40284046,55.72930041,56.03166690,55.60471842,0,0
38.86000000,56.38020258,55.66908252,56.03440196,55.57166537,0,0
38.87000000,56.35484374,55.62884268,56.04848141,55.56949724,0,0
38.88000000,56.34011603,55.64174476,56.10984033,55.58982311,0,0
38.89000000,56.36855242,55.61474993,56.07113390,55.59256147,0,0
38.90000000,56.37518076,55.66323367,56.06124888,55.57106117,0,0
38.91000000,56.34796710,55.69152967,56.02706409,55.59576088,0,0
38.92000000,56.34749868,55.67615115,56.01997588,55.59231058,0,0
38.93000000,56.35368744,55.63981520,56.01132193,55.63895413,0,0
38.94000000,56.35204200,55.65256362,56.04827796,55.66837534,0,0
38.95000000,56.38283214,55.65582771,56.08756826,55.65326642,0,0
38.96000000,56.34403530,55.65581131,56.09899115,55.62441977,0,0
38.97000000,56.33168849,55.65612660,56.07409594,55.65742532,0,0
38.98000000,56.36221544,55.62924653,56.05807714,55.62806762,0,0
38.99000000,56.40350805,55.69199745,55.98867827,55.57082779,0,0
39.00000000,56.38311455,55.69366966,56.02316552,55.55660489,0,0
39.01000000,56.43747399,55.68105789,56.00057213,55.55269621,0,0
39.02000000,56.34697250,55.73021910,56.05282538,55.62589964,0,0
39.03000000,56.46986310,55.73877044,56.04077613,55.63507835,0,0
39.04000000,56.39706062,55.69451058,55.97867286,55.64595483,0,0
39.05000000,56.34713530,55.67378621,55.99779715,55.62412129,0,0
39.06000000,56.32502563,55.64904821,56.08867398,55.63298112,0,0
39.07000000,56.37267003,55.70877917,56.06329831,55.54823111,0,0
39.08000000,56.37449873,55.70566709,55.98568630,55.57543539,0,0
39.09000000,56.39961596,55.71632402,55.97488032,55.55223405,0,0
39.10000000,56.34199275,55.67220488,55.98304381,55.60995381,0,0
39.11000000,56.36900580,55.71450087,56.04413335,55.58416864,0,0
39.12000000,56.43972504,55.75010028,56.04150076,55.60789473,0,0
39.13000000,56.33511952,55.75525708,56.04311441,55.61892639,0,0
39.14000000,56.31797094,55.68294827,56.02971842,55.64192724,0,0
39.15000000,56.36573455,55.60982570,56.01483559,55.61168425,0,0
39.16000000,56.35005339,55.69093638,55.99638269,55.62049362,0,0
39.17000000,56.45445226,55.75801058,55.95256896,55.62707700,0,0
39.18000000,56.34641343,55.69037645,55.99126291,55.57175873,0,0
39.19000000,56.33052394,55.73454790,55.93539600,55.59680411,0,0
39.20000000,56.31981012,55.71336203,56.04890230,55.61057816,0,0
39.21000000,56.40165180,55.75667442,56.03897995,55.61062769,0,0
39.22000000,56.38068241,55.70627831,56.06316957,55.64326696,0,0
39.23000000,56.36126946,55.66618390,56.04527780,55.59259989,0,0
39.24000000,56.28965265,55.71528444,56.02080435,55.59207678,0,0
39.25000000,56.40448190,55.74918365,56.04380498,55.67735204,0,0
39.26000000,56.29473290,55.71690591,56.02481458,55.63523685,0,0
39.27000000,56.30900408,55.71499963,56.03350607,55.70428561,0,0
39.28000000,56.33731147,55.71445937,56.02309062,55.71121954,0,0
39.29000000,56.34195440,55.69632119,56.09127730,55.69773046,0,0
39.30000000,56.32075717,55.66875744,56.05156278,55.68900194,0,0
39.31000000,56.30855101,55.66458851,56.04350080,55.69579240,0,0
39.32000000,56.28054304,55.69756030,56.00990975,55.64154673,0,0
39.33000000,56.37521310,55.78699162,56.05964138,55.63482769,0,0
39.34000000,56.40814712,55.78921043,55.99493525,55.60532007,0,0
39.35000000,56.34764862,55.74849000,55.99217546,55.61719237,0,0
39.36000000,56.29808573,55.65759102,55.97482522,55.68111491,0,0
39.37000000,56.33795692,55.71701929,56.01532394,55.68603502,0,0
39.38000000,56.29552607,55.70520314,56.00418984,55.67442473,0,0
39.39000000,56.33623285,55.67510273,56.03560913,55.71163468,0,0
39.40000000,56.31118616,55.67698977,56.04872503,55.62290373,0,0
39.41000000,56.32962247,55.71682076,56.01363071,55.61861141,0,0
39.42000000,56.33602783,55.81181751,56.04330588,55.67036481,0,0
39.43000000,56.30220454,55.80005175,56.08072685,55.64787211,0,0
39.44000000,56.29362726,55.70291720,56.06647292,55.69686904,0,0
39.45000000,56.35790068,55.64826798,56.07887978,55.70225905,0,0
39.46000000,56.34313379,55.70655475,56.05095868,55.70484506,0,0
39.47000000,56.34285243,55.80091666,55.97405913,55.68691191,0,0
39.48000000,56.31342044,55.80786048,55.95684890,55.66500755,0,0
39.49000000,56.26238934,55.74428629,55.93328509,55.64311154,0,0
39.50000000,56.34032369,55.71273419,55.99093534,55.67068852,0,0
39.51000000,56.35955793,55.75012067,56.01034776,55.68732080,0,0
39.52000000,56.34564964,55.74911291,55.97327537,55.73398441,0,0
39.53000000,56.32553676,55.76301880,55.91289253,55.75486533,0,0
39.54000000,56.25770700,55.75251014,55.92515869,55.64298250,0,0
39.55000000,56.31893651,55.73709222,56.04116080,55.69081575,0,0
39.56000000,56.38301572,55.76988924,56.04530531,55.59207413,0,0
39.57000000,56.33025328,55.76953646,56.01026186,55.55149615,0,0
39.58000000,56.31435588,55.77814281,55.98244143,55.66561443,0,0
39.59000000,56.28125491,55.67954890,55.97817129,55.72883791,0,0
39.60000000,56.26409192,55.72773952,55.99010129,55.80973933,0,0
39.61000000,56.38450082,55.80698117,55.95822555,55.80219516,0,0
39.62000000,56.24691244,55.72455265,55.96910850,55.67374755,0,0
39.63000000,56.24001148,55.73654693,55.95064400,55.63434410,0,0
39.64000000,56.25248179,55.65967565,55.91543709,55.61032338,0,0
39.65000000,56.35881480,55.74881061,55.94271229,55.64085164,0,0
39.66000000,56.39947445,55.81944772,55.97853353,55.71901076,0,0
39.67000000,56.33145421,55.73301279,55.98331327,55.64638378,0,0
39.68000000,56.28701980,55.75621295,55.94817727,55.75356963,0,0
39.69000000,56.28786445,55.78838974,55.97594210,55.74437283,0,0
39.70000000,56.38629334,55.79063468,55.98772251,55.74109525,0,0
39.71000000,56.25363799,55.79158493,56.00057038,55.75149530,0,0
39.72000000,56.31786933,55.70066604,56.00121613,55.65962546,0,0
39.73000000,56.28172424,55.69359843,56.01503628,55.71416071,0,0
39.74000000,56.35521825,55.76353443,55.94344188,55.66803962,0,0
39.75000000,56.36556284,55.76508128,56.00172352,55.67229394,0,0
39.76000000,56.29002266,55.72900423,55.99624296,55.71630874,0,0
39.77000000,56.31290875,55.72818102,56.05074039,55.67915839,0,0
39.78000000,56.36209309,55.78988458,56.03818566,55.73489911,0,0
39.79000000,56.31717438,55.81649475,55.98836412,55.66120184,0,0
39.80000000,56.35328348,55.73363378,55.92934623,55.70353756,0,0
39.81000000,56.29215122,55.72170284,55.92879351,55.65456570,0,0
39.82000000,56.32338912,55.73366792,55.94943237,55.63804298,0,0
39.83000000,56.34657316,55.78105214,56.03282691,55.73289400,0,0
39.84000000,56.31355754,55.72839314,55.99347489,55.66540332,0,0
39.85000000,56.29235328,55.74429704,55.98122383,55.69877745,0,0
39.86000000,56.37347878,55.75128005,55.95343152,55.69782532,0,0
39.87000000,56.32639607,55.75971083,56.01790586,55.67560657,0,0
39.88000000,56.35289364,55.70151474,56.06646298,55.73296509,0,0
39.89000000,56.26846618,55.70047543,55.99088323,55.67632165,0,0
39.90000000,56.32451105,55.71537560,55.98253668,55.67156259,0,0
39.91000000,56.34318504,55.77241202,56.04029546,55.72725048,0,0
39.92000000,56.34169850,55.77670275,56.01518982,55.73745629,0,0
39.93000000,56.30601028,55.78069328,55.97947666,55.73316194,0,0
39.94000000,56.36917250,55.72565061,56.01976446,55.72611380,0,0
39.95000000,56.28942991,55.74556110,55.99442260,55.74676428,0,0
39.96000000,56.35462047,55.71896179,55.99010368,55.71229057,0,0
39.97000000,56.35884673,55.74248556,55.94937791,55.71165183,0,0
39.98000000,56.35065179,55.76804192,55.96743184,55.64919281,0,0
39.99000000,56.41295359,55.79522920,56.00548830,55.62939616,0,0
40.00000000,56.32579892,55.78470428,56.00425933,55.65579160,0,0
40.01000000,56.31238466,55.78445142,55.94296489,55.66000784,0,0
40.02000000,56.31285100,55.75372543,55.96077472,55.72644066,0,0
40.03000000,56.33112930,55.74994312,56.01489153,55.73594739,0,0
40.04000000,56.37811133,55.74211454,56.04431574,55.72729704,0,0
40.05000000,56.39547877,55.73823735,56.00858949,55.76394108,0,0
40.06000000,56.37387529,55.76417958,56.02370521,55.66342745,0,0
40.07000000,56.33334250,55.76357671,56.01725899,55.64934501,0,0
40.08000000,56.32982329,55.69881978,55.97500211,55.66815260,0,0
40.09000000,56.34165038,55.75549811,55.94262905,55.68457211,0,0
40.10000000,56.35763763,55.74554450,56.03650531,55.71049787,0,0
40.11000000,56.39251735,55.80179196,56.03920685,55.66692831,0,0
40.12000000,56.29986207,55.75504171,56.04239812,55.66309769,0,0
40.13000000,56.39876637,55.76523799,55.99225132,55.67075478,0,0
40.14000000,56.34052884,55.69251740,56.04545814,55.67649466,0,0
40.15000000,56.36242504,55.73975783,56.00564488,55.65235001,0,0
40.16000000,56.41124829,55.79593657,56.07954930,55.72476895,0,0
40.17000000,56.36307649,55.76767205,56.07006795,55.74004572,0,0
40.18000000,56.41052485,55.78877112,56.00085480,55.69600723,0,0
40.19000000,56.35531597,55.70619132,55.97559743,55.72996614,0,0
40.20000000,56.33361432,55.69299885,56.01206034,55.68683668,0,0
40.21000000,56.35576392,55.68987372,56.07189579,55.67471538,0,0
40.22000000,56.40351148,55.74471623,56.13365760,55.65136699,0,0
40.23000000,56.35235745,55.76608389,55.95996341,55.58698831,0,0
40.24000000,56.37709280,55.74559731,56.10849061,55.72438925,0,0
40.25000000,56.37356348,55.73079830,55.97015487,55.68819413,0,0
40.26000000,56.40805937,55.75876727,56.04527858,55.80252202,0,0
40.27000000,56.40316703,55.75803712,56.06153951,55.73002632,0,0
40.28000000,56.35655532,55.73726181,56.10283638,55.75128380,0,0
40.29000000,56.33089625,55.67168841,56.04238557,55.70385420,0,0
40.30000000,56.41722580,55.74039319,56.04413034,55.62252091,0,0
40.31000000,56.33528672,55.80463167,55.97561215,55.65435432,0,0
40.32000000,56.45006169,55.82976587,56.04957326,55.68491051,0,0
40.33000000,56.33096388,55.74861512,55.99352936,55.68126582,0,0
40.34000000,56.40621750,55.74465402,56.03867647,55.70690565,0,0
40.35000000,56.36445169,55.76610177,56.07308030,55.69066536,0,0
40.36000000,56.38651765,55.76104144,56.05090589,55.70753565,0,0
40.37000000,56.35324042,55.74102259,56.00086868,55.72295498,0,0
40.38000000,56.40911854,55.77897888,56.04309951,55.72588629,0,0
40.39000000,56.41419562,55.80637682,56.06267442,55.66912020,0,0
40.40000000,56.39293359,55.76247786,56.02816900,55.68961926,0,0
40.41000000,56.32837655,55.72619922,55.99639000,55.65926237,0,0
40.42000000,56.36244111,55.71041580,56.04960058,55.69356803,0,0
40.43000000,56.39014755,55.69323252,56.08499425,55.69558259,0,0
40.44000000,56.39930687,55.71899617,56.03900022,55.65003123,0,0
40.45000000,56.34298370,55.76958677,55.99994736,55.70079047,0,0
40.46000000,56.32510168,55.80400172,56.01972881,55.67649196,0,0
40.47000000,56.31944475,55.75883019,56.02686039,55.62698867,0,0
40.48000000,56.36760140,55.72612662,56.05443998,55.72638284,0,0
40.49000000,56.37877034,55.73122571,56.03191973,55.72508636,0,0
40.50000000,56.34200380,55.73794378,56.03469489,55.76330552,0,0
40.51000000,56.30418112,55.75028632,56.01609036,55.73559877,0,0
40.52000000,56.33515045,55.72743669,56.01596149,55.70388793,0,0
40.53000000,56.37337314,55.72027347,56.04914566,55.68145084,0,0
40.54000000,56.43955467,55.73161499,56.06787403,55.67611138,0,0
40.55000000,56.44663068,55.73517896,56.09798649,55.63879451,0,0
40.56000000,56.34102863,55.78592012,56.11700996,55.70884376,0,0
40.57000000,56.37708125,55.80405206,56.12256462,55.81988019,0,0
40.58000000,56.35317364,55.80749589,56.08222412,55.95038666,0,0
40.59000000,56.39373990,55.76748874,56.08645651,56.10266132,0,0
40.60000000,56.46784151,55.75314911,56.09797632,56.20188011,0,0
40.61000000,56.38321324,55.73953546,56.13568554,56.32402217,0,0
40.62000000,56.38043399,55.79767436,56.11783122,56.40972984,0,0
40.63000000,56.43012334,55.83154213,56.09937238,56.33717478,0,0
40.64000000,56.43444698,55.90788414,56.11646390,56.45471025,0,0
40.65000000,56.47236977,55.82358927,56.13300042,56.38884779,0,0
40.66000000,56.42463068,55.83959479,56.08022180,56.46016689,0,0
40.67000000,56.39515303,55.84931248,56.07802000,56.54969631,0,0
40.68000000,56.49947316,55.90119048,56.09337727,56.48382971,0,0
40.69000000,56.44571776,55.87867352,55.98674884,56.48077598,0,0
40.70000000,56.43665520,55.76957992,56.02212821,56.47986045,0,0
40.71000000,56.41397616,55.84065106,56.00681894,56.31702953,0,0
40.72000000,56.36807159,55.81138146,56.15658275,56.16188563,0,0
40.73000000,56.39588898,55.88033623,56.05508720,56.09958975,0,0
40.74000000,56.41760204,55.88549433,56.04799798,55.98240269,0,0
40.75000000,56.45146936,55.84495639,55.93493149,55.94111589,0,0
40.76000000,56.43631237,55.80710832,56.01496213,55.95701906,0,0
40.77000000,56.39364360,55.75492074,55.97269569,56.02904925,0,0
40.78000000,56.31453568,55.85676894,55.96007203,56.08923618,0,0
40.79000000,56.36789432,55.84087309,55.97537591,56.11511357,0,0
40.80000000,56.29621790,55.76843620,56.00384804,56.12999276,0,1
40.81000000,56.35367850,55.74039540,55.89235612,56.10580465,0,1
40.82000000,56.35999554,55.80511108,55.93192155,56.18511358,0,1
40.83000000,56.30729293,55.75612948,55.94438338,56.22126877,0,1
40.84000000,56.25158374,55.71048923,55.94575374,56.13470988,0,1
40.85000000,56.24241555,55.69059572,55.97164097,56.13489700,0,1
40.86000000,56.22373899,55.67088736,56.03057160,56.19836059,0,1
40.87000000,56.39435225,55.70039531,56.01269927,56.06467800,0,1
40.88000000,56.28599118,55.69279051,55.98293274,56.15472317,0,1
40.89000000,56.29868093,55.71377582,55.90719555,56.28101702,0,1
40.90000000,56.23414281,55.68713872,55.93505932,56.24098648,0,1
40.91000000,56.20794611,55.69161918,55.98056930,56.28276239,0,1
40.92000000,56.27515771,55.64420367,56.01028626,56.33288545,0,1
40.93000000,56.29122066,55.67725468,56.02088385,56.24899409,0,1
40.94000000,56.25816299,55.63278216,55.99369999,56.24056864,0,1
40.95000000,56.27083696,55.61073677,55.99846297,56.19851248,0,1
40.96000000,56.24374336,55.67765103,55.99971864,56.20636738,0,1
40.97000000,56.23435079,55.65977939,56.01302227,56.17041088,0,1
40.98000000,56.25536430,55.65848410,56.04820843,56.18189238,0,1
40.99000000,56.25142117,55.63418266,56.04923536,56.21889067,0,1
41.00000000,56.23744740,55.63590342,56.04642902,56.26238930,0,1
41.01000000,56.36776506,55.61729539,55.96085242,56.25025951,0,1
41.02000000,56.29334130,55.63621676,55.96853549,56.28419849,0,1
41.03000000,56.32264187,55.64843333,55.94630998,56.23553978,0,1
41.04000000,56.22597274,55.66625400,56.05639203,56.22039938,0,1
41.05000000,56.29023810,55.65681963,56.04432791,56.22790601,0,1
41.06000000,56.31315892,55.65183717,56.03088742,56.20422965,0,1
41.07000000,56.33497776,55.60792456,55.97145830,56.21823708,0,1
41.08000000,56.28527290,55.60265746,55.99462055,56.19082644,0,1
41.09000000,56.25497076,55.67323858,56.04299083,56.14081231,0,1
41.10000000,56.25834065,55.70126694,56.08833060,56.18203950,0,1
41.11000000,56.32269261,55.64266063,56.07948292,56.15074104,0,1
41.12000000,56.31249345,55.62965365,56.04299159,56.15383104,0,1
41.13000000,56.23902476,55.57650699,56.02177494,56.23477315,0,1
41.14000000,56.21235921,55.62918918,56.00688514,56.25875462,0,1
41.15000000,56.26587558,55.69148001,55.96119656,56.22191143,0,1
41.16000000,56.29646030,55.66018514,55.99314482,56.17587393,0,1
41.17000000,56.34567931,55.63595615,55.88240078,56.16905746,0,1
41.18000000,56.30487276,55.60951576,55.95212833,56.16474690,0,1
41.19000000,56.36166305,55.64306206,55.95939472,56.07563236,0,1
41.20000000,56.30481475,55.66057350,55.99892315,56.07506337,0,1
41.21000000,56.24990945,55.64547436,55.93974706,56.16250061,0,1
41.22000000,56.26099737,55.73237761,55.91397150,56.16818310,0,1
41.23000000,56.31562701,55.66489795,56.00289500,56.14769523,0,1
41.24000000,56.26508855,55.68816032,55.99035864,56.27019123,0,1
41.25000000,56.32730410,55.61117081,55.91226460,56.25765873,0,1
41.26000000,56.31901092,55.60503285,55.98488622,56.13470974,0,1
41.27000000,56.28644758,55.59856714,56.03507281,56.17803178,0,1
41.28000000,56.21067108,55.63604118,56.11114765,56.18968619,0,1
41.29000000,56.23381988,55.71703763,56.01271805,56.04826117,0,1
41.30000000,56.22493562,55.64733498,55.99699461,56.11708479,0,1
41.31000000,56.36336316,55.64020271,55.93593913,56.18757184,0,1
41.32000000,56.36579620,55.58627226,55.87714745,56.10530372,0,1
41.33000000,56.32469087,55.68527582,55.84175416,56.14475124,0,1
41.34000000,56.30467909,55.60824680,55.97043578,56.08379285,0,1
41.35000000,56.19492282,55.60503238,55.90377617,56.02222238,0,1
41.36000000,56.22910902,55.59569080,55.98519657,56.05889801,0,1
41.37000000,56.23588584,55.60620586,55.90357976,56.12396170,0,1
41.38000000,56.23415288,55.65335838,55.95495515,56.07305759,0,1
41.39000000,56.21407374,55.59269518,55.87062190,56.06766372,0,1
41.40000000,56.17127156,55.55019678,55.86772640,56.09880619,0,1
41.41000000,56.25875556,55.50021145,55.89942701,56.02652275,0,1
41.42000000,56.26402463,55.56104659,55.96855392,56.01198787,0,1
41.43000000,56.16768842,55.61477493,56.01579221,56.05315676,0,1
41.44000000,56.18194455,55.65019413,56.01128843,56.11497216,0,1
41.45000000,56.20558563,55.59548977,55.91374061,56.09608727,0,1
41.46000000,56.26779745,55.58927804,55.96213304,56.14216973,0,1
41.47000000,56.26661551,55.55405284,55.84619005,56.23569647,0,1
41.48000000,56.22831655,55.54879845,55.87647797,56.19764304,0,1
41.49000000,56.12357174,55.56035690,55.93193214,56.12576721,0,1
41.50000000,56.18915338,55.60051164,55.93887326,56.08217162,0,1
41.51000000,56.15222608,55.58005724,55.92183610,56.06040334,0,1
41.52000000,56.21695925,55.56544376,55.90936213,56.01217164,0,1
41.53000000,56.21296966,55.52402972,55.88521230,56.03860842,0,1
41.54000000,56.18771981,55.61011656,55.93599635,56.10842746,0,1
41.55000000,56.19653812,55.66243467,55.94296508,56.16913882,0,1
41.56000000,56.18705272,55.61627821,55.92381346,56.10714954,0,1
41.57000000,56.15150239,55.59620558,55.91064365,56.13142672,0,1
41.58000000,56.20664004,55.52110773,55.89749565,56.18687862,0,1
41.59000000,56.17719819,55.54472447,55.92198820,56.08163612,0,1
41.60000000,56.16290640,55.61492671,55.87831843,56.09797310,0,1
41.61000000,56.13496508,55.59760843,55.87681076,56.11806791,0,1
41.62000000,56.18740746,55.61749392,55.88029401,56.04130004,0,1
41.63000000,56.24833064,55.55475857,55.90304125,56.06781692,0,1
41.64000000,56.25150787,55.56191423,55.89980470,56.05056500,0,1
41.65000000,56.18576231,55.58887877,55.92527708,56.09562625,0,1
41.66000000,56.15939484,55.55898228,55.91678519,56.17130410,0,1
41.67000000,56.19497751,55.59207547,55.91797159,56.03870998,0,1
41.68000000,56.17247808,55.61591295,55.89086765,56.04915806,0,1
41.69000000,56.24495065,55.58926487,55.85219575,56.07921832,0,1
41.70000000,56.13526026,55.52717923,55.87429252,56.07571665,0,1
41.71000000,56.18154810,55.55159926,55.90055386,56.09318824,0,1
41.72000000,56.15340681,55.56044759,55.85483665,56.07598560,0,1
41.73000000,56.26333227,55.57070380,55.86731234,56.11897287,0,1
41.74000000,56.28759138,55.58304102,55.87192893,55.95730358,0,1
41.75000000,56.11733454,55.56771696,55.88696510,55.92892110,0,1
41.76000000,56.08775276,55.57183426,55.92869557,56.09434429,0,1
41.77000000,56.20333410,55.51427521,55.86526261,56.00601867,0,1
41.78000000,56.33409967,55.67455108,55.88916619,56.05504624,0,1
41.79000000,56.21655299,55.47016767,55.82261071,56.19827068,0,1
41.80000000,56.14377052,55.57856583,55.80255207,56.08750395,0,1
41.81000000,56.17753059,55.52093015,55.81357509,56.02967996,0,1
41.82000000,56.05113972,55.63596123,55.89939723,56.14083047,0,1
41.83000000,56.38796400,55.59915460,55.85055917,55.98736214,0,1
41.84000000,56.00927363,55.51546864,55.82754986,56.01110450,0,1
41.85000000,56.26405911,55.52790394,55.81677081,56.02325206,0,1
41.86000000,56.16609131,55.57595996,55.86089881,55.98438662,0,1
41.87000000,56.20555004,55.61394653,55.80928890,56.06726954,0,1
41.88000000,56.26324803,55.56511742,55.79044826,56.04694822,0,1
41.89000000,56.18201990,55.52542508,55.91571871,56.01666480,0,1
41.90000000,56.20872117,55.51822726,55.85309458,56.14015745,0,1
41.91000000,56.21709220,55.58887163,56.01751184,56.03593713,0,1
41.92000000,56.19831905,55.60189963,55.80469932,56.04464491,0,1
41.93000000,56.13804277,55.62247693,55.91476676,56.18847439,0,1
41.94000000,56.19666695,55.55942973,55.90244178,55.99562561,0,1
41.95000000,56.23812522,55.58041713,55.95913355,56.05648455,0,1
41.96000000,56.25462894,55.58344368,55.87590453,56.06655476,0,1
41.97000000,56.18926595,55.47277645,55.85261496,55.98083726,0,1
41.98000000,56.11454848,55.51979863,55.92519612,56.06116112,0,1
41.99000000,56.13553279,55.56362235,55.86940037,56.01528087,0,1
42.00000000,56.22633447,55.63567441,55.90248708,55.95838038,0,1
42.01000000,56.30820281,55.61671119,55.82047864,56.04637120,0,1
42.02000000,56.19735484,55.54882097,55.79034775,56.05768481,0,1
42.03000000,56.13053188,55.53462582,55.80427305,56.05024015,0,1
42.04000000,56.10675107,55.54928527,55.80424680,56.09257865,0,1
42.05000000,56.19838802,55.58992078,55.82844089,56.03036354,0,1
42.06000000,56.22397468,55.53405470,55.83965282,55.97196315,0,1
42.07000000,56.17599733,55.55316691,55.80715208,55.84491126,0,1
42.08000000,56.13392068,55.52330840,55.87860651,55.87960070,0,1
42.09000000,56.09177066,55.51997783,55.87078301,56.02396942,0,1
42.10000000,56.17521795,55.56882260,55.83961002,56.06323150,0,1
42.11000000,56.19497589,55.54274329,55.87272351,56.10347161,0,1
42.12000000,56.09943072,55.54277799,55.91771886,56.10252112,0,1
42.13000000,56.12984368,55.51853178,55.89920546,56.09270586,0,1
42.14000000,56.07589934,55.52534804,55.91886772,56.12142539,0,1
42.15000000,56.18115181,55.56415938,55.84955961,56.03077359,0,1
42.16000000,56.16905393,55.52526361,55.86532025,56.07566853,0,1
42.17000000,56.01711507,55.52514020,55.84299810,56.05639929,0,1
42.18000000,56.10275568,55.48746533,55.89936622,56.00715518,0,1
42.19000000,56.11436768,55.54608386,55.84541150,56.00031405,0,1
42.20000000,56.20690020,55.56047356,55.80801620,56.04734887,0,1
42.21000000,56.19877359,55.50753192,55.84235361,56.03221460,0,1
42.22000000,56.19499663,55.47581994,55.87751973,56.02694436,0,1
42.23000000,56.08063892,55.51543877,55.93069603,56.08951808,0,1
42.24000000,56.18143429,55.60846044,55.93150237,56.02744379,0,1
42.25000000,56.16542421,55.60362893,55.85167191,56.05255191,0,1
42.26000000,56.19266065,55.52542642,55.87189159,56.14004907,0,1
42.27000000,56.13301199,55.50781766,55.81302259,56.02897172,0,1
42.28000000,56.15164958,55.47794180,55.88528873,56.04314926,0,1
42.29000000,56.12663693,55.51792507,55.83150064,56.09448374,0,1
42.30000000,56.21802129,55.50746337,55.91694990,55.91775267,0,1
42.31000000,56.13017100,55.51693734,55.84056219,55.93342931,0,1
42.32000000,56.18680522,55.49423506,55.88984372,56.01458656,0,1
42.33000000,56.18006774,55.50198647,55.97793516,55.94649897,0,1
42.34000000,56.19800176,55.57228001,55.74430401,56.08514585,0,1
42.35000000,56.23549263,55.53758675,55.73523317,56.15236271,0,1
42.36000000,56.14257031,55.52468440,55.79748528,56.02114318,0,1
42.37000000,56.20686613,55.47710613,55.88309557,56.01520059,0,1
42.38000000,56.16278767,55.53794887,55.89768055,55.98337505,0,1
42.39000000,56.23755581,55.55025522,55.80721462,55.88203315,0,1
42.40000000,56.14641041,55.46137104,55.85525785,55.95174553,0,1
42.41000000,56.25037462,55.52599766,55.80140245,55.92163139,0,1
42.42000000,55.99663051,55.47715080,55.90831107,56.04034543,0,1
42.43000000,56.16439685,55.70777577,55.88458788,56.05966590,0,1
42.44000000,56.08360598,55.44732221,55.90059060,56.01959355,0,1
42.45000000,56.18009590,55.52727029,55.81535985,56.08808739,0,1
42.46000000,56.20339166,55.46064698,55.76495783,56.07525394,0,1
42.47000000,56.24625141,55.48693080,55.80179830,56.02426813,0,1
42.48000000,56.05863440,55.50781709,55.82274200,56.06086833,0,1
42.49000000,56.10156611,55.56152300,55.84522272,56.00143062,0,1
42.50000000,56.14113278,55.60193849,55.73633796,56.00332738,0,1
42.51000000,56.24051900,55.47716420,55.82140915,55.94936453,0,1
42.52000000,56.13115054,55.49288727,55.81674890,55.92378983,0,1
42.53000000,56.09279404,55.48349640,55.87766272,56.01693138,0,1
42.54000000,56.08937234,55.51537672,55.84697884,55.99281154,0,1
42.55000000,56.12290418,55.58524392,55.91536182,55.92877511,0,1
42.56000000,56.17116202,55.53766453,55.89697553,56.08564704,0,1
42.57000000,56.19268972,55.55744430,55.89523343,56.03028392,0,1
42.58000000,56.11580691,55.48771464,55.88529542,56.03997210,0,1
42.59000000,56.11619634,55.50950447,55.88813471,56.10251912,0,1
42.60000000,56.13544089,55.52580091,55.85703124,56.10107941,0,1
42.61000000,56.21368401,55.52532448,55.81550906,56.05162965,0,1
42.62000000,56.20940165,55.50339998,55.79077223,55.93879740,0,1
42.63000000,56.13949933,55.53928866,55.86519300,55.94194178,0,1
42.64000000,56.10032334,55.54629280,55.86489292,56.02644050,0,1
42.65000000,56.12281668,55.60181776,55.81481963,56.03273233,0,1
42.66000000,56.19866432,55.57663279,55.83082442,56.10829307,0,1
42.67000000,56.16345884,55.55891507,55.84995907,56.10230128,0,1
42.68000000,56.18488429,55.52418379,55.87323639,56.05456530,0,1
42.69000000,56.14783542,55.48996958,55.85895610,56.00779277,0,1
42.70000000,56.19625388,55.60011027,55.82895591,56.00329703,0,1
42.71000000,56.20002763,55.68819492,55.85363625,55.96181525,0,1
42.72000000,56.21189906,55.62145162,55.83154714,55.98957543,0,1
42.73000000,56.12123770,55.51011096,55.80641657,55.98552015,0,1
42.74000000,56.16199128,55.42078297,55.87224947,56.00472507,0,1
42.75000000,56.17400822,55.47118555,55.83515085,56.08711052,0,1
42.76000000,56.18347254,55.57723429,55.79646516,56.07746277,0,1
42.77000000,56.15630620,55.60027652,55.79741686,56.01679931,0,1
42.78000000,56.09166148,55.55249934,55.88536314,56.09004249,0,1
42.79000000,56.18850517,55.55894362,55.94129630,56.02738774,0,1
42.80000000,56.21898348,55.52149150,55.89871020,56.02662806,0,1
42.81000000,56.19661433,55.42551391,55.84510534,56.06681848,0,1
42.82000000,56.24226838,55.36015148,55.82122443,56.02855932,0,1
42.83000000,56.03125750,55.43277722,55.79896398,55.92937920,0,1
42.84000000,56.19375965,55.57650530,55.85086859,55.86292573,0,1
42.85000000,56.18412378,55.63487151,55.83848382,55.86684974,0,1
42.86000000,56.18171942,55.62402989,55.81147980,55.94374950,0,1
42.87000000,56.23303305,55.47397363,55.77940261,55.91116841,0,1
42.88000000,56.13485450,55.43143266,55.84833892,55.92825542,0,1
42.89000000,56.15624491,55.47225773,55.85841485,56.10022297,0,1
42.90000000,56.14029881,55.54845393,55.84642585,56.08273684,0,1
42.91000000,56.11174255,55.53848534,55.85787711,55.96302239,0,1
42.92000000,56.01437448,55.41074316,55.92872465,56.03976128,0,1
42.93000000,56.08306664,55.42766678,55.87160030,56.05772063,0,1
42.94000000,56.09582292,55.49232157,55.88710599,56.03809108,0,1
42.95000000,56.19297281,55.49038777,55.85460376,56.06532024,0,1
42.96000000,56.07471086,55.52464316,55.74631551,55.99704212,0,1
42.97000000,55.99704964,55.41891258,55.90082792,56.03615837,0,1
42.98000000,56.05636286,55.47704836,55.73217218,56.10414949,0,1
42.99000000,56.06137351,55.47211193,55.90824240,56.08306222,0,1
43.00000000,56.14796602,55.55415351,55.71962971,56.07921146,0,1
43.01000000,56.16166793,55.48867144,55.68990699,56.09812136,0,1
43.02000000,56.04944966,55.46713757,55.75212096,55.99868052,0,1
43.03000000,56.05649030,55.48984865,55.84215327,55.96375003,0,1
43.04000000,56.02614633,55.56861816,55.87904628,55.96691769,0,1
43.05000000,56.14851136,55.54902833,55.84880427,55.97628009,0,1
43.06000000,56.14806788,55.48956369,55.80864491,56.02892541,0,1
43.07000000,56.18874748,55.47258071,55.84491162,56.00313067,0,1
43.08000000,56.06878467,55.49280479,55.89184718,56.03067094,0,1
43.09000000,56.11884477,55.53888043,55.89731690,56.11921866,0,1
43.10000000,56.09108913,55.53810446,55.89175532,56.02141217,0,1
43.11000000,56.13541932,55.52944242,55.92363867,56.07834086,0,1
43.12000000,56.14377591,55.56307097,55.90441151,56.08327481,0,1
43.13000000,56.15886121,55.55229226,55.88073568,56.05981131,0,1
43.14000000,56.12377838,55.56291944,55.85144968,56.10309639,0,1
43.15000000,56.14631579,55.51711429,55.81467770,56.04024121,0,1
43.16000000,56.17177445,55.48328182,55.74942614,55.98890639,0,1
43.17000000,56.20516824,55.50633504,55.81757333,55.91980128,0,1
43.18000000,56.13096868,55.56421957,55.87344112,55.85888458,0,1
43.19000000,56.06471996,55.58475701,55.79267794,55.92691953,0,1
43.20000000,56.12374534,55.59923193,55.69926780,55.92917198,0,1
43.21000000,56.20459439,55.56422904,55.64883072,55.98197066,0,1
43.22000000,56.22083907,55.54487805,55.71137204,56.10186985,0,1
43.23000000,56.18953232,55.53753129,55.77154427,56.07798507,0,1
43.24000000,56.07331396,55.52177640,55.76746865,55.98383773,0,1
43.25000000,56.08999424,55.50307571,55.88305546,56.04633129,0,1
43.26000000,56.10390864,55.54966863,55.83772117,55.97178758,0,1
43.27000000,56.08248285,55.50684279,55.77652790,55.90893546,0,1
43.28000000,56.10398722,55.48319845,55.72527142,55.95809407,0,1
43.29000000,56.09108165,55.49012759,55.78227747,55.95931752,0,1
43.30000000,56.07562334,55.48778364,55.79772968,55.99626013,0,1
43.31000000,56.08309259,55.47716141,55.83488810,55.99881419,0,1
43.32000000,56.07970703,55.45759575,55.76795898,55.95567026,0,1
43.33000000,56.03617928,55.48611818,55.85264419,56.00919835,0,1
43.34000000,56.13372080,55.53910356,55.78654338,55.98699063,0,1
43.35000000,56.06601607,55.56293790,55.79198308,55.96973935,0,1
43.36000000,56.14197067,55.50394443,55.74411083,56.01897472,0,1
43.37000000,56.09478882,55.44435321,55.79751845,56.01982841,0,1
43.38000000,56.05644329,55.45418468,55.79171642,56.00223282,0,1
43.39000000,56.09269804,55.41879423,55.78953818,56.04069318,0,1
43.40000000,56.14598014,55.44558356,55.84843323,55.91842312,0,1
43.41000000,56.07566442,55.44482288,55.88972236,56.03297586,0,1
43.42000000,56.13978990,55.55743500,55.91474742,56.02859075,0,1
43.43000000,56.04373023,55.52965230,55.83327863,55.95157405,0,1
43.44000000,56.03576559,55.53860051,55.87523463,56.12634382,0,1
43.45000000,56.15264881,55.48711082,55.78039600,56.15451028,0,1
43.46000000,56.16154224,55.49959608,55.80209833,56.02332760,0,1
43.47000000,56.07765211,55.38977118,55.84644703,56.08580568,0,1
43.48000000,56.13329050,55.45363967,55.85725453,56.08924621,0,1
43.49000000,56.10549203,55.51523341,55.80892908,55.92095231,0,1
43.50000000,56.19256236,55.55768116,55.73905256,55.88500451,0,1
43.51000000,56.18131298,55.50783828,55.76547823,55.98987326,0,1
43.52000000,56.11702131,55.53023725,55.79854929,55.96321843,0,1
43.53000000,56.20504899,55.50611143,55.81197680,56.07022633,0,1
43.54000000,56.18929330,55.54475497,55.79910715,56.07658093,0,1
43.55000000,56.03702813,55.42747779,55.74609190,56.03987923,0,1
43.56000000,56.16576030,55.48018124,55.74036330,56.03317907,0,1
43.57000000,56.03777942,55.48398329,55.76669105,56.01409647,0,1
43.58000000,56.12142782,55.53304478,55.83022562,55.93335820,0,1
43.59000000,56.09366599,55.48701010,55.85539793,55.94263441,0,1
43.60000000,56.12652843,55.54774578,55.78463943,55.93492760,0,1
43.61000000,56.15085830,55.45588188,55.75671677,55.91380515,0,1
43.62000000,56.12624195,55.44699257,55.75201885,55.91480261,0,1
43.63000000,56.12130347,55.44569634,55.82959069,55.97615251,0,1
43.64000000,56.08082695,55.47524539,55.82268955,55.98335589,0,1
43.65000000,56.09231695,55.50487399,55.82439788,55.94695454,0,1
43.66000000,56.08246050,55.49371499,55.82013676,55.97972505,0,1
43.67000000,56.12220235,55.50766199,55.74936877,56.04382750,0,1
43.68000000,56.11202669,55.49181354,55.76341091,56.00072472,0,1
43.69000000,56.10697988,55.46132655,55.81844459,56.03714641,0,1
43.70000000,56.08002308,55.41219499,55.87010924,55.99991812,0,1
43.71000000,56.10661093,55.43037705,55.91463992,55.97043358,0,1
43.72000000,56.15845814,55.45007851,55.84955677,55.99674425,0,1
43.73000000,56.12805508,55.45971421,55.78396142,55.92899197,0,1
43.74000000,56.04455858,55.48930695,55.80451561,55.94080178,0,1
43.75000000,56.06748321,55.46479371,55.78988609,56.02318966,0,1
43.76000000,56.03511568,55.43722436,55.81692050,56.00159947,0,1
43.77000000,56.11926663,55.45448068,55.81041398,56.02922749,0,1
43.78000000,56.10792217,55.44957030,55.80091190,56.10174731,0,1
43.79000000,56.07456592,55.52278172,55.77181097,56.05050367,0,1
43.80000000,56.02955405,55.44938070,55.82092799,56.00044464,0,1
43.81000000,56.08816339,55.47858079,55.83321387,55.96739946,0,1
43.82000000,56.08746134,55.47604293,55.75919407,55.94875004,0,1
43.83000000,56.16735022,55.48414659,55.76299588,55.97265979,0,1
43.84000000,56.12047557,55.53050528,55.74969528,55.88936094,0,1
43.85000000,56.06567132,55.48829552,55.75805654,56.00440726,0,1
43.86000000,56.07861357,55.52435218,55.82098507,56.03054642,0,1
43.87000000,56.08607530,55.45167075,55.72512013,55.98131524,0,1
43.88000000,56.07279731,55.46926818,55.78697240,56.01007470,0,1
43.89000000,56.10362016,55.50776430,55.83933543,56.02071196,0,1
43.90000000,56.13600081,55.54564441,55.78343754,56.04510686,0,1
43.91000000,56.08228895,55.52921567,55.82426909,55.91344474,0,1
43.92000000,56.09543559,55.49890242,55.86832549,55.98240602,0,1
43.93000000,56.03344667,55.53105514,55.77990408,56.01095219,0,1
43.94000000,56.08124744,55.37903175,55.73710133,55.93027155,0,1
43.95000000,56.08041855,55.43583440,55.78280677,55.94646679,0,1
43.96000000,56.09320070,55.45783163,55.80536800,56.00629753,0,1
43.97000000,56.09892854,55.55884813,55.84329110,55.92741369,0,1
43.98000000,56.04049398,55.60669733,55.75487536,55.89708882,0,1
43.99000000,56.12297333,55.51906337,55.72739344,56.01114541,0,1
44.00000000,56.13809197,55.53290554,55.76457719,56.02389103,0,1
44.01000000,56.19231919,55.48735779,55.69852742,56.05271837,0,1
44.02000000,56.09032227,55.51995210,55.86224217,56.05111593,0,1
44.03000000,56.14314935,55.50768915,55.77067029,55.97784842,0,1
44.04000000,56.07536299,55.54229030,55.82614915,56.00046710,0,1
44.05000000,56.18776624,55.55925083,55.75033434,55.87617612,0,1
44.06000000,56.21282216,55.55950684,55.74261342,55.87226039,0,1
44.07000000,56.10766106,55.50722613,55.84157961,56.05769325,0,1
44.08000000,56.15431865,55.55150675,55.85141584,56.07156311,0,1
44.09000000,56.05923648,55.53800330,55.87912573,55.94699536,0,1
44.10000000,56.18397685,55.55580099,55.81738765,56.07980524,0,1
44.11000000,56.15515494,55.49157229,55.85677339,56.10964816,0,1
44.12000000,56.14502185,55.53372515,55.79381231,55.97968414,0,1
44.13000000,56.12315276,55.55444563,55.81605144,56.03303690,0,1
44.14000000,56.11631276,55.56848973,55.79527901,56.02830769,0,1
44.15000000,56.14889218,55.55515839,55.72510874,55.91826730,0,1
44.16000000,56.08999054,55.43552591,55.70379186,55.93019558,0,1
44.17000000,56.10499648,55.45954169,55.67939821,55.90453885,0,1
44.18000000,55.99589783,55.53240190,55.74835498,56.00058276,0,1
44.19000000,56.13759619,55.57467114,55.73683643,55.99900946,0,1
44.20000000,56.04320425,55.53879876,55.72621047,55.91828727,0,1
44.21000000,56.08407665,55.50260270,55.72353993,55.95909915,0,1
44.22000000,56.07159546,55.48495434,55.72860222,55.99029396,0,1
44.23000000,56.09024312,55.51531133,55.77910173,55.94933495,0,1
44.24000000,56.03753892,55.50901618,55.77755643,56.06645995,0,1
44.25000000,56.02345939,55.46068981,55.82147778,56.04091396,0,1
44.26000000,56.02669885,55.44895914,55.80315532,55.97294704,0,1
44.27000000,56.11032168,55.47706124,55.83002903,55.97020388,0,1
44.28000000,56.04474461,55.47436860,55.82528074,55.96353029,0,1
44.29000000,55.95860858,55.46527088,55.79468557,55.94997442,0,1
44.30000000,55.96685699,55.47755765,55.83874438,56.04203502,0,1
44.31000000,56.03716331,55.51783274,55.86060330,56.00470857,0,1
44.32000000,56.04810901,55.52441336,55.86061172,56.09332755,0,1
44.33000000,56.13105660,55.46155358,55.80369679,56.15408170,0,1
44.34000000,56.04366225,55.42851947,55.77143204,56.04165535,0,1
44.35000000,56.06447743,55.44239443,55.78416060,56.03429447,0,1
44.36000000,55.99559727,55.49603685,55.81028207,56.10383997,0,1
44.37000000,56.04932815,55.49824821,55.81253545,55.96113924,0,1
44.38000000,56.07346749,55.50104119,55.75324430,55.89457985,0,1
44.39000000,56.05222396,55.43250703,55.74866243,55.90890980,0,1
44.40000000,56.04904294,55.42499572,55.75924726,56.06958940,0,1
44.41000000,56.08718844,55.47462004,55.82063109,56.02632747,0,1
44.42000000,56.06243717,55.44731877,55.82309211,56.05605197,0,1
44.43000000,56.01950758,55.46889399,55.83824804,56.13381280,0,1
44.44000000,56.12148797,55.51033567,55.88478732,56.04020901,0,1
44.45000000,56.07534049,55.51454101,55.86319537,55.95256566,0,1
44.46000000,56.13577626,55.50099075,55.71851381,56.05816444,0,1
44.47000000,55.99723742,55.47910212,55.75653366,56.03003913,0,1
44.48000000,56.04097525,55.42506230,55.73472228,55.95834452,0,1
44.49000000,56.09139019,55.40768862,55.71634678,55.97876367,0,1
44.50000000,56.17228791,55.42384887,55.72690273,55.89215486,0,1
44.51000000,55.99388778,55.41605516,55.72987458,55.93353664,0,1
44.52000000,56.08760519,55.51345906,55.78847941,55.90512232,0,1
44.53000000,56.03070915,55.48771772,55.72773247,55.89364224,0,1
44.54000000,56.07862328,55.50706566,55.74098825,55.99326279,0,1
44.55000000,56.15215449,55.39705295,55.79752898,55.98688755,0,1
44.56000000,56.09127875,55.42807925,55.71904770,56.04612482,0,1
44.57000000,56.02973546,55.44940182,55.78903536,56.00675740,0,1
44.58000000,56.14351820,55.53967063,55.82316566,55.92238885,0,1
44.59000000,56.08889562,55.49456715,55.77784020,55.98941452,0,1
44.60000000,56.13894397,55.40114833,55.71443546,55.92211211,0,1
44.61000000,56.07606141,55.42150333,55.81125754,55.84175682,0,1
44.62000000,56.04300466,55.41476147,55.82560270,55.97915202,0,1
44.63000000,56.06363690,55.56437356,55.88601246,55.98486850,0,1
44.64000000,56.06033621,55.45545811,55.76340355,55.97484939,0,1
44.65000000,56.07792032,55.46205547,55.77533128,56.02803958,0,1
44.66000000,56.16387109,55.43694762,55.79939874,56.00738171,0,1
44.67000000,56.13890509,55.51545040,55.78479568,56.00581571,0,1
44.68000000,56.14370636,55.55586964,55.75658614,55.97965585,0,1
44.69000000,56.10876132,55.52331185,55.73802222,55.93393935,0,1
44.70000000,56.05627742,55.48140841,55.72935839,55.87329979,0,1
44.71000000,56.15719487,55.49733876,55.69763477,55.90270774,0,1
44.72000000,56.14925067,55.49985094,55.66744295,55.87646680,0,1
44.73000000,56.12915621,55.49083877,55.74336125,55.92908063,0,1
44.74000000,56.11135407,55.50162849,55.73242622,55.97347873,0,1
44.75000000,56.08663482,55.48895052,55.82547804,55.91410698,0,1
44.76000000,56.16776040,55.54993509,55.84031556,55.95815177,0,1
44.77000000,56.22699027,55.58219485,55.86382507,56.01347806,0,1
44.78000000,56.14936544,55.51858602,55.84167328,55.96064693,0,1
44.79000000,56.10740044,55.48681749,55.88116419,55.98169073,0,1
44.80000000,56.05192872,55.49314885,55.87367996,56.02489449,0,1
44.81000000,56.15658801,55.52906075,55.88317810,56.01375213,0,1
44.82000000,56.18402023,55.58914478,55.81920971,55.95770547,0,1
44.83000000,56.20789114,55.50428861,55.76665235,55.90102307,0,1
44.84000000,56.11689559,55.46155467,55.78575051,55.89716430,0,1
44.85000000,56.11815103,55.50479358,55.81867625,55.93889281,0,1
44.86000000,56.10153751,55.55323529,55.85736206,55.94500242,0,1
44.87000000,56.15330249,55.55089259,55.79861342,56.03295285,0,1
44.88000000,56.13326028,55.51048450,55.78910690,56.04432540,0,1
44.89000000,56.13797040,55.43122705,55.79729545,55.98400539,0,1
44.90000000,56.09766765,55.46353794,55.80868617,55.99400540,0,1
44.91000000,56.16169442,55.51603328,55.78985697,56.00298084,0,1
44.92000000,56.09619014,55.52341363,55.80460746,55.90691262,0,1
44.93000000,56.13242387,55.48175683,55.77514580,55.92068110,0,1
44.94000000,56.11403853,55.49101315,55.88567281,55.86040955,0,1
44.95000000,56.09379078,55.47194958,55.85733482,56.06449616,0,1
44.96000000,56.04645107,55.45917113,55.86712516,56.04826557,0,1
44.97000000,56.10162048,55.46134638,55.81464502,55.99318950,0,1
44.98000000,56.07587611,55.43600850,55.81030039,56.09361928,0,1
44.99000000,56.18873623,55.47119916,55.84138855,56.02495460,0,1
45.00000000,56.09600042,55.47373539,55.83866170,55.93605675,0,1
45.01000000,56.07660614,55.53648403,55.81751786,56.02568570,0,1
45.02000000,56.08448708,55.47293380,55.90206220,56.02329261,0,1
45.03000000,56.11454012,55.49909629,55.81477166,56.03425177,0,1
45.04000000,56.19200501,55.47755928,55.84816659,56.04423735,0,1
45.05000000,56.18662722,55.49113807,55.83754369,55.93578988,0,1
45.06000000,56.10748085,55.50533201,55.89215455,56.01435282,0,1
45.07000000,56.20447956,55.50042491,55.88735177,56.03179947,0,1
45.08000000,56.08109588,55.56940071,55.86588727,55.91756964,0,1
45.09000000,56.07487217,55.51022300,55.94153835,56.11797576,0,1
45.10000000,56.11352437,55.48464277,55.91606909,56.16508139,0,1
45.11000000,56.16453997,55.44074741,55.87854676,56.03530791,0,1
45.12000000,56.19889260,55.50468781,55.86361028,56.10278059,0,1
45.13000000,56.13351777,55.54491183,55.82762095,56.09503370,0,1
45.14000000,56.08226132,55.53395809,55.82535867,55.95203050,0,1
45.15000000,56.18145398,55.54217513,55.81179272,55.93786606,0,1
45.16000000,56.16874606,55.49507744,55.79740342,55.90194525,0,1
45.17000000,56.15295866,55.51423426,55.75372708,55.90673595,0,1
45.18000000,56.20479083,55.50493891,55.79437767,55.95351747,0,1
45.19000000,56.13799605,55.55871609,55.72594955,55.99721517,0,1
45.20000000,56.15953132,55.52841858,55.80746075,56.01383533,0,1
45.21000000,56.12501057,55.54482676,55.82551896,56.06634559,0,1
45.22000000,56.14503118,55.45846254,55.84390870,56.02434973,0,1
45.23000000,56.12858036,55.51750158,55.81921162,55.99563328,0,1
45.24000000,56.12683168,55.53694819,55.88079452,55.96642700,0,1
45.25000000,56.08901830,55.52463882,55.82351413,55.97093574,0,1
45.26000000,56.13702553,55.50806774,55.78216413,55.91886067,0,1
45.27000000,56.11851230,55.50958070,55.82228552,55.93370846,0,1
45.28000000,56.12372320,55.53612226,55.90501001,56.04129719,0,1
45.29000000,56.21138299,55.56593650,55.91103305,56.06163859,0,1
45.30000000,56.08526490,55.54040443,55.82671691,56.02227223,0,1
45.31000000,56.06829349,55.52943873,55.79405029,56.05162668,0,1
45.32000000,56.13287332,55.53232279,55.79533241,56.06631789,0,1
45.33000000,56.12531343,55.61073682,55.78568955,56.04696163,0,1
45.34000000,56.18360500,55.59620222,55.76671564,56.09333260,0,1
45.35000000,56.11709277,55.53196401,55.80674553,56.12208215,0,1
45.36000000,56.07047382,55.47396167,55.82918616,56.03626835,0,1
45.37000000,56.11525251,55.54372983,55.79643767,55.99800488,0,1
45.38000000,56.08288644,55.59946000,55.75743438,55.99185739,0,1
45.39000000,56.04795935,55.55495225,55.80380200,55.96665751,0,1
45.40000000,56.02432739,55.46203151,55.84824340,56.04163922,0,1
45.41000000,56.05906052,55.44383459,55.87449253,56.03275595,0,1
45.42000000,56.14031741,55.53488910,55.78749973,56.07449053,0,1
45.43000000,56.14940400,55.62204350,55.81034360,56.16227048,0,1
45.44000000,56.07766394,55.57969442,55.80221906,56.07349469,0,1
45.45000000,56.07196198,55.57349147,55.81441681,56.01739832,0,1
45.46000000,56.06187993,55.48812454,55.86202697,56.08635432,0,1
45.47000000,56.16126825,55.53507517,55.89447993,56.00325966,0,1
45.48000000,56.15841502,55.53596814,55.70227374,55.96959407,0,1
45.49000000,56.04096800,55.54928510,55.73374270,56.01497687,0,1
45.50000000,56.03914278,55.51351677,55.71873834,55.98677517,0,1
45.51000000,56.10402891,55.52439220,55.85338103,56.05203875,0,1
45.52000000,56.13614396,55.58109814,55.82624195,56.15602547,0,1
45.53000000,56.14896898,55.55261620,55.82285998,56.12073764,0,1
45.54000000,56.11604781,55.56873644,55.80540562,56.03782471,0,1
45.55000000,56.08868021,55.46851867,55.83952117,56.04362002,0,1
45.56000000,56.06247018,55.45479394,55.79949883,56.07416076,0,1
45.57000000,56.17029608,55.54087581,55.89170387,56.01731486,0,1
45.58000000,56.11527840,55.62561470,55.81863367,56.07220106,0,1
45.59000000,56.27066595,55.65375341,55.80799448,56.07406296,0,1
45.60000000,56.10911402,55.53644844,55.74832275,55.99232272,0,1
45.61000000,56.16215455,55.45412363,55.78190791,56.01119818,0,1
45.62000000,56.07450914,55.43970748,55.85204752,56.04940273,0,1
45.63000000,56.13768209,55.57910230,55.84209867,56.02309110,0,1
45.64000000,56.11549915,55.62600601,55.83647844,56.06720322,0,1
45.65000000,56.08057437,55.62261903,55.91713330,56.11188792,0,1
45.66000000,56.11355781,55.52953778,55.79218521,56.05805766,0,1
45.67000000,56.10940587,55.51600447,55.76541910,56.11858709,0,1
45.68000000,56.10342890,55.53389430,55.77639727,56.08092588,0,1
45.69000000,56.12122386,55.52516340,55.83829959,56.08456444,0,1
45.70000000,56.13358744,55.55266922,55.77115911,56.00530116,0,1
45.71000000,56.15533077,55.52219620,55.79227211,55.83083829,0,1
45.72000000,56.01636889,55.54968080,55.76925688,56.00577403,0,1
45.73000000,56.16249355,55.53505341,55.73610896,56.06440824,0,1
45.74000000,56.06171278,55.52825878,55.75630483,56.03012989,0,1
45.75000000,56.13176957,55.48970347,55.78773642,56.12327050,0,1
45.76000000,56.11312257,55.48597622,55.90314191,56.10848971,0,1
45.77000000,56.14388313,55.55050868,55.82641413,56.02948094,0,1
45.78000000,56.10634238,55.56145773,55.81801382,56.09999532,0,1
45.79000000,56.08448046,55.54999966,55.80945409,56.03839262,0,1
45.80000000,56.05363654,55.47614459,55.84223128,56.00644316,0,1
45.81000000,56.08112870,55.47925248,55.87501424,56.01792756,0,1
45.82000000,56.16285551,55.49332570,55.86467239,56.00519765,0,1
45.83000000,56.13775680,55.50806500,55.89464867,56.02871647,0,1
45.84000000,56.10472260,55.50668309,55.85858525,56.06119819,0,1
45.85000000,56.07614097,55.48330243,55.81030455,56.07339225,0,1
45.86000000,56.07503949,55.52433485,55.84416138,56.09193813,0,1
45.87000000,56.14759432,55.54843542,55.87121823,56.08309262,0,1
45.88000000,56.14121964,55.51586214,55.86793240,56.07680779,0,1
45.89000000,56.11931008,55.47502746,55.84040087,56.05413042,0,1
45.90000000,56.13357499,55.45891071,55.80275386,56.01849348,0,1
45.91000000,56.17969563,55.48963621,55.86874788,56.01597260,0,1
45.92000000,56.21341350,55.51828205,55.81894925,56.01279643,0,1
45.93000000,56.16850558,55.48742357,55.77657904,55.96011216,0,1
45.94000000,56.12000889,55.50854085,55.81206911,56.00319693,0,1
45.95000000,56.11283080,55.55100135,55.86421805,56.03507326,0,1
45.96000000,56.12125924,55.49145810,55.87364332,56.03702763,0,1
45.97000000,56.17080934,55.50049417,55.82258238,56.05281848,0,1
45.98000000,56.23017662,55.48947078,55.84572412,56.09857631,0,1
45.99000000,56.16568071,55.52716335,55.84890309,56.10708450,0,1
46.00000000,56.14780315,55.47223055,55.90678406,56.11347671,0,1
46.01000000,56.11798927,55.55843239,55.89395822,56.11266331,0,1
46.02000000,56.18055690,55.59210762,55.89228380,56.07799039,0,1
46.03000000,56.20171476,55.54111103,55.86525311,55.95895154,0,1
46.04000000,56.20520241,55.48954377,55.81543960,55.88637036,0,1
46.05000000,56.09651564,55.48904837,55.86380629,55.97792616,0,1
46.06000000,56.19277736,55.55178362,55.78982918,56.01936891,0,1
46.07000000,56.15931678,55.57734625,55.76730317,55.99472998,0,1
46.08000000,56.17347842,55.48397629,55.75446169,56.05902999,0,1
46.09000000,56.24649299,55.49257522,55.85507700,56.12097754,0,1
46.10000000,56.17184421,55.46677818,55.93397498,56.07843524,0,1
46.11000000,56.19045983,55.55906777,55.87406163,55.98882619,0,1
46.12000000,56.14485055,55.58460407,55.86227378,56.01735018,0,1
46.13000000,56.12673437,55.53849106,55.87265675,56.02830094,0,1
46.14000000,56.24818130,55.50655590,55.89054575,56.05846776,0,1
46.15000000,56.22262156,55.48558148,55.92123521,55.95164378,0,1
46.16000000,56.16523555,55.56742877,55.90291539,56.05180539,0,1
46.17000000,56.13003771,55.52825263,55.92318482,56.14650827,0,1
46.18000000,56.13069735,55.53837176,55.85689781,55.99001323,0,1
46.19000000,56.21503770,55.50803866,55.84434606,55.99108630,0,1
46.20000000,56.27371904,55.52216037,55.88098747,56.11014861,0,1
46.21000000,56.20966010,55.57636169,55.91339003,56.03157433,0,1
46.22000000,56.16446378,55.55107898,55.82701246,55.98546476,0,1
46.23000000,56.23718185,55.59144114,55.87016763,56.09156052,0,1
46.24000000,56.22304216,55.52127792,55.92425168,56.04573757,0,1
46.25000000,56.28273864,55.50109478,55.80381585,55.93615146,0,1
46.26000000,56.13833656,55.47401243,55.87836698,55.95360041,0,1
46.27000000,56.14183271,55.55088074,55.88718313,56.00263589,0,1
46.28000000,56.26727618,55.60252778,55.90616373,55.94750770,0,1
46.29000000,56.15614166,55.51901715,55.90332893,56.04151328,0,1
46.30000000,56.17431320,55.51586992,55.86225289,56.08301023,0,1
46.31000000,56.10562393,55.53231900,55.90274703,56.07730611,0,1
46.32000000,56.19133785,55.55087398,55.91554580,56.07801529,0,1
46.33000000,56.23807149,55.54322157,55.88567961,56.09756424,0,1
46.34000000,56.26649541,55.56164755,55.85959178,56.03416575,0,1
46.35000000,56.14739637,55.51834621,55.86664290,56.00466783,0,1
46.36000000,56.14888613,55.55011131,55.85701022,55.96973599,0,1
46.37000000,56.13828905,55.55265290,55.88690055,55.94707240,0,1
46.38000000,56.17151273,55.55329862,55.85286665,56.03236384,0,1
46.39000000,56.26028591,55.54448959,55.85830406,56.06867209,0,1
46.40000000,56.19471201,55.51809542,55.89488358,56.02356829,0,1
46.41000000,56.17851769,55.51888607,55.84043341,56.06692354,0,1
46.42000000,56.13479498,55.53222258,55.88632081,56.08662526,0,1
46.43000000,56.15689120,55.52191757,55.92290109,56.08140523,0,1
46.44000000,56.12913077,55.53405759,55.91677331,56.03465718,0,1
46.45000000,56.14828998,55.51214667,56.04650870,56.05407399,0,1
46.46000000,56.14995011,55.52928667,55.93237353,56.02644960,0,1
46.47000000,56.23540769,55.54153480,55.84407998,56.02377343,0,1
46.48000000,56.15738952,55.54469822,55.81446047,55.99575881,0,1
46.49000000,56.20014254,55.54609813,55.87745386,56.06368927,0,1
46.50000000,56.08136309,55.52302492,55.96399385,56.10404108,0,1
46.51000000,56.16658709,55.58132982,56.05106913,56.06073914,0,1
46.52000000,56.18797176,55.59151808,55.92759721,56.02921788,0,1
46.53000000,56.21869249,55.53454933,55.85173181,56.10289149,0,1
46.54000000,56.16691285,55.52883415,55.82406030,56.10266346,0,1
46.55000000,56.22189645,55.53602432,55.84021387,56.09581602,0,1
46.56000000,56.22749568,55.64876200,55.91720871,56.14273302,0,1
46.57000000,56.23439910,55.63447223,55.95250785,56.06586601,0,1
46.58000000,56.22342787,55.55204146,55.90054149,56.02669508,0,1
46.59000000,56.18746143,55.54498657,55.88617887,56.00293932,0,1
46.60000000,56.17730984,55.54284487,55.90034941,55.97103173,0,1
46.61000000,56.18663680,55.54713501,55.91021456,56.01825727,0,1
46.62000000,56.14388704,55.55705375,55.94846005,56.12788280,0,1
46.63000000,56.15729917,55.59276940,55.90526013,56.05629479,0,1
46.64000000,56.22201434,55.63474879,55.93913485,56.12962936,0,1
46.65000000,56.22112697,55.58015582,55.86773466,56.12846573,0,1
46.66000000,56.21337857,55.57089030,55.87141935,56.05500807,0,1
46.67000000,56.16661703,55.54460056,55.92554517,56.17125019,0,1
46.68000000,56.20799670,55.64066523,55.91526659,55.98798914,0,1
46.69000000,56.17190952,55.61913089,55.91463840,55.97221752,0,1
46.70000000,56.24036770,55.61196544,55.82289247,56.06840767,0,1
46.71000000,56.16838669,55.48356181,55.78917817,55.94349593,0,1
46.72000000,56.22585106,55.47863304,55.84957071,56.05751187,0,1
46.73000000,56.11314030,55.55620774,55.90381488,56.09939571,0,1
46.74000000,56.07514272,55.64440295,55.87663209,56.08746750,0,1
46.75000000,56.18674987,55.65311536,55.87546149,56.07621675,0,1
46.76000000,56.14130319,55.54070332,55.95942207,56.07846529,0,1
46.77000000,56.17403011,55.48235115,55.91649090,56.02254530,0,1
46.78000000,56.18249081,55.52707632,55.88202895,56.04420014,0,1
46.79000000,56.11584618,55.56382447,55.88006675,56.09721498,0,1
46.80000000,56.07768713,55.55948663,55.81182968,56.06072197,0,1
46.81000000,56.06350479,55.55754978,55.82690426,55.92927846,0,1
46.82000000,56.09609399,55.53743788,55.78473397,56.01215536,0,1
46.83000000,56.08771948,55.49678478,55.84925005,56.07643350,0,1
46.84000000,56.08319316,55.52740807,55.86973357,56.06367587,0,1
46.85000000,56.08146784,55.49975044,55.89999021,56.12179400,0,1
46.86000000,56.09636440,55.53034953,55.85266611,56.11915845,0,1
46.87000000,56.07008789,55.56358316,55.89707443,56.06960754,0,1
46.88000000,56.10383686,55.57922584,55.89153345,56.13354755,0,1
46.89000000,56.08865696,55.56423728,55.83401837,56.17931983,0,1
46.90000000,56.10208647,55.52630960,55.84887236,56.11803968,0,1
46.91000000,56.08849327,55.52826288,55.78342522,56.11308931,0,1
46.92000000,56.12138717,55.49223894,55.80671949,56.07107641,0,1
46.93000000,56.06589495,55.53557671,55.84988281,56.04040229,0,1
46.94000000,56.10947448,55.57652126,55.92772184,56.05596047,0,1
46.95000000,56.07860799,55.60171381,55.95040967,56.11559624,0,1
46.96000000,56.16395780,55.61170594,55.92084876,56.17535197,0,1
46.97000000,56.14360595,55.59888526,55.85794502,56.22476440,0,1
46.98000000,56.17043177,55.57874848,55.83163967,56.19380144,0,1
46.99000000,56.11626271,55.53170492,55.82328748,56.15514572,0,1
47.00000000,56.14927814,55.60677996,55.82804931,56.10877447,0,1
47.01000000,56.13808351,55.63036393,55.83873328,56.06302980,0,1
47.02000000,56.16125441,55.63329813,55.83311128,56.01531391,0,1
47.03000000,56.11748405,55.58846059,55.79661503,56.03531483,0,1
47.04000000,56.14166824,55.54474331,55.75484830,56.04726205,0,1
47.05000000,56.20524886,55.55912993,55.83341920,56.11791289,0,1
47.06000000,56.16022941,55.62305498,55.82704399,56.13216609,0,1
47.07000000,56.14555374,55.61502414,55.84005608,56.08565381,0,1
47.08000000,56.09122048,55.65308781,55.77502067,56.08100206,0,1
47.09000000,56.12418495,55.55943732,55.82307737,56.15037481,0,1
47.10000000,56.14358658,55.58882723,55.80810587,56.07679875,0,1
47.11000000,56.19635099,55.54585587,55.79331106,56.03051433,0,1
47.12000000,56.12423499,55.59496147,55.80203796,56.05209268,0,1
47.13000000,56.21392214,55.67205139,55.83206360,56.00482570,0,1
47.14000000,56.10668138,55.59086878,55.79412867,55.96894079,0,1
47.15000000,56.16003941,55.57798160,55.75814270,56.05681063,0,1
47.16000000,56.10648540,55.53081671,55.81852672,56.10766602,0,1
47.17000000,56.13688479,55.57737195,55.86551240,56.06534476,0,1
47.18000000,56.12212046,55.58063822,55.84705557,56.16498050,0,1
47.19000000,56.14084095,55.61846073,55.78804017,56.13047548,0,1
47.20000000,56.12581818,55.61063539,55.81064194,56.00170885,0,1
47.21000000,56.15527879,55.58727769,55.76656284,56.10948553,0,1
47.22000000,56.19741422,55.56636267,55.90705149,56.13184519,0,1
47.23000000,56.10300998,55.59914137,55.84123105,56.05213216,0,1
47.24000000,56.10692576,55.57060522,55.86206387,56.06979079,0,1
47.25000000,56.19684590,55.53196177,55.76906830,56.05882644,0,1
47.26000000,55.94680410,55.56723662,55.77849318,56.00776555,0,1
47.27000000,56.11453923,55.54241640,55.77485814,56.07958253,0,1
47.28000000,55.99828345,55.55414736,55.85129558,56.09842978,0,1
47.29000000,56.13757439,55.59265518,55.74178583,56.11012366,0,1
47.30000000,56.13165268,55.61709726,55.78495349,56.09755724,0,1
47.31000000,56.10680031,55.57813431,55.74987051,56.11491929,0,1
47.32000000,56.09643896,55.54595287,55.82658479,56.07518749,0,1
47.33000000,56.04908115,55.57443431,55.77821635,56.08577505,0,1
47.34000000,56.11153716,55.56229050,55.85384886,56.10846595,0,1
47.35000000,56.11122539,55.53093985,55.78079885,56.09949548,0,1
47.36000000,56.07207947,55.52776243,55.77689886,55.99811529,0,1
47.37000000,56.01457215,55.51221077,55.80667151,56.04388438,0,1
47.38000000,56.09559624,55.54503431,55.83640913,56.13722590,0,1
47.39000000,56.03728977,55.52026827,55.88840262,56.07730850,0,1
47.40000000,56.15140055,55.57095958,55.87325670,56.12070117,0,1
47.41000000,56.08143526,55.54518598,55.80977176,56.14867469,0,1
47.42000000,56.03895766,55.55656101,55.88191604,56.06172750,0,1
47.43000000,56.10160983,55.55054176,55.76156036,56.08667781,0,1
47.44000000,56.08673448,55.50495975,55.74566424,56.11112302,0,1
47.45000000,56.10904941,55.49180672,55.79655956,56.03773801,0,1
47.46000000,56.11713421,55.50774571,55.76545854,56.02330323,0,1
47.47000000,56.12739723,55.50054360,55.75780553,55.99712005,0,1
47.48000000,56.02984458,55.53344222,55.79987085,56.06252192,0,1
47.49000000,56.06996728,55.52413259,55.81909732,56.04712363,0,1
47.50000000,56.04081036,55.49374957,55.84156875,56.07005974,0,1
47.51000000,56.11536903,55.52321999,55.84860847,56.12786644,0,1
47.52000000,56.05968357,55.52228267,55.86350832,56.11758410,0,1
47.53000000,56.06474950,55.54937771,55.82317810,56.02955924,0,1
47.54000000,56.07343704,55.48983214,55.77292716,56.08125621,0,1
47.55000000,56.10701429,55.45801295,55.75168871,56.10433792,0,1
47.56000000,56.12652993,55.47484399,55.76885037,56.03960502,0,1
47.57000000,56.12698930,55.51339253,55.77905083,56.05837518,0,1
47.58000000,56.04535882,55.55471527,55.76410709,55.99802586,0,1
47.59000000,56.01216900,55.54647106,55.69029827,56.00196264,0,1
47.60000000,56.08253175,55.54719757,55.73936781,56.02987768,0,1
47.61000000,56.04596491,55.46968199,55.81730424,56.02801424,0,1
47.62000000,56.07241344,55.48324831,55.76980109,56.03951488,0,1
47.63000000,56.05313839,55.53592498,55.78878237,56.09388288,0,1
47.64000000,56.08201987,55.51669712,55.86116279,56.05453202,0,1
47.65000000,56.13944941,55.54302648,55.80073724,56.00633558,0,1
47.66000000,56.13869283,55.46335644,55.73683575,56.03391984,0,1
47.67000000,56.09801087,55.48797055,55.72644254,55.99132204,0,1
47.68000000,56.06238914,55.47124306,55.78394449,56.01923180,0,1
47.69000000,56.01896763,55.51210747,55.77576052,55.99534938,0,1
47.70000000,56.05221458,55.46580298,55.77289940,55.91761230,0,1
47.71000000,56.11552635,55.48932482,55.83240271,56.02093506,0,1
47.72000000,56.06987973,55.47660387,55.80104927,56.01303461,0,1
47.73000000,56.14763019,55.45928359,55.76537303,55.98625799,0,1
47.74000000,56.10631379,55.50534641,55.82815420,56.12512961,0,1
47.75000000,56.12644873,55.54452465,55.82659747,56.05987899,0,1
47.76000000,56.06360907,55.51000052,55.82160611,55.97293343,0,1
47.77000000,56.11850902,55.47820272,55.85179643,56.02415896,0,1
47.78000000,56.02454513,55.45658080,55.76093822,55.96448610,0,1
47.79000000,56.16656351,55.50181121,55.81729572,55.89374384,0,1
47.80000000,56.05159608,55.44718938,55.70107675,55.95209852,0,1
47.81000000,56.09944773,55.49682580,55.73443609,56.05769203,0,1
47.82000000,56.11254278,55.43183351,55.84980869,56.02002800,0,1
47.83000000,56.06286280,55.49654261,55.82778094,56.02498269,0,1
47.84000000,56.13459077,55.44815299,55.79633511,56.05844086,0,1
47.85000000,56.08557340,55.51292492,55.76826909,56.00433191,0,1
47.86000000,56.05450238,55.50994555,55.76421256,55.98391183,0,1
47.87000000,56.09541138,55.50319794,55.78325452,56.07038681,0,1
47.88000000,56.09265928,55.50761651,55.80402768,55.95656651,0,1
47.89000000,56.17060431,55.48293351,55.79227627,55.96653117,0,1
47.90000000,56.16947022,55.52861954,55.79993250,56.01499683,0,1
47.91000000,56.12017654,55.50008725,55.75049617,55.88170515,0,1
47.92000000,56.14880177,55.55010789,55.78896017,55.95861594,0,1
47.93000000,56.16689330,55.54776824,55.80512273,56.07222296,0,1
47.94000000,56.09837785,55.56858893,55.81198446,56.00567795,0,1
47.95000000,56.13788158,55.50123070,55.79463157,56.01294171,0,1
47.96000000,56.10493471,55.54909744,55.80373856,56.09609704,0,1
47.97000000,56.14552165,55.54762189,55.83524727,56.00768651,0,1
47.98000000,56.09747034,55.51397763,55.82104333,55.99962792,0,1
47.99000000,56.17407706,55.50806892,55.77622548,56.01452147,0,1
48.00000000,56.09301737,55.50988890,55.77086760,56.02200589,0,1
48.01000000,56.17079852,55.57724558,55.79425374,56.00218697,0,1
48.02000000,56.08460422,55.50876202,55.79051760,55.94004862,0,1
48.03000000,56.13466473,55.47481965,55.76812233,55.97282224,0,1
48.04000000,56.12021072,55.46381435,55.80517491,56.00821498,0,1
48.05000000,56.09451923,55.50637345,55.79310937,55.98567205,0,1
48.06000000,56.03297030,55.54432523,55.79616273,55.99209827,0,1
48.07000000,56.08272044,55.53614062,55.75040973,56.04813422,0,1
48.08000000,56.12266603,55.53754123,55.72443039,55.99498752,0,1
48.09000000,56.12167909,55.51887271,55.81328251,56.02356065,0,1
48.10000000,56.18290152,55.49698448,55.79553803,55.98742208,0,1
48.11000000,56.09763897,55.45325347,55.80797750,55.90876106,0,1
48.12000000,56.10439606,55.52186544,55.75719468,55.98506238,0,1
48.13000000,56.03435950,55.56406492,55.74888094,55.93131373,0,1
48.14000000,56.06918047,55.46194822,55.80857928,55.92292333,0,1
48.15000000,56.08504103,55.47041546,55.82956709,56.04976712,0,1
48.16000000,56.08512998,55.45629376,55.82070643,56.05401401,0,1
48.17000000,56.09841823,55.53506518,55.85140815,56.00765096,0,1
48.18000000,56.08358191,55.52736035,55.77445021,56.10623161,0,1
48.19000000,56.07781153,55.52352738,55.77969503,56.07787308,0,1
48.20000000,56.09248206,55.48019192,55.77877774,55.96147091,0,1
48.21000000,56.10732155,55.46650743,55.81306335,55.98805469,0,1
48.22000000,56.03399908,55.49830523,55.80199952,56.00304527,0,1
48.23000000,56.10784251,55.50483253,55.74093454,55.89319987,0,1
48.24000000,56.08909845,55.52608916,55.72989892,55.89761372,0,1
48.25000000,56.10762619,55.43695265,55.68962382,55.97247162,0,1
48.26000000,56.08677633,55.46885969,55.77488835,55.93399731,0,1
48.27000000,56.05356349,55.44977335,55.83625272,56.04232013,0,1
48.28000000,56.06155140,55.50841225,55.87225184,56.11647916,0,1
48.29000000,56.01076340,55.47322842,55.74889265,55.96106025,0,1
48.30000000,55.92451786,55.43720995,55.74993020,55.96951169,0,1
48.31000000,56.01098268,55.43798568,55.76045396,56.06698649,0,1
48.32000000,56.04500125,55.45920428,55.74238342,55.94102803,0,1
48.33000000,56.10402158,55.49429324,55.74988380,55.88800710,0,1
48.34000000,56.11859925,55.45624176,55.71929591,56.01890708,0,1
48.35000000,55.98741517,55.40835267,55.72392868,55.88369572,0,1
48.36000000,55.96435037,55.35818891,55.71943976,55.93190684,0,1
48.37000000,56.02305634,55.47691314,55.76778242,56.01938471,0,1
48.38000000,56.00395497,55.42993229,55.77314012,55.98259104,0,1
48.39000000,55.97904903,55.43657453,55.70573458,56.03345052,0,1
48.40000000,56.02289906,55.34770217,55.73974067,56.04923474,0,1
48.41000000,56.00042539,55.46264666,55.81351027,55.96573744,0,1
48.42000000,55.98217778,55.44896436,55.80424160,55.97597169,0,1
48.43000000,55.97833112,55.47863842,55.79287480,56.03382269,0,1
48.44000000,55.99878053,55.36042293,55.80914968,55.94037415,0,1
48.45000000,56.07210233,55.36217505,55.88536245,55.93263587,0,1
48.46000000,56.05225531,55.38589923,55.77768924,55.94013594,0,1
48.47000000,56.02252510,55.42521870,55.64494879,55.93998002,0,1
48.48000000,55.97598260,55.42597255,55.65694546,55.94894651,0,1
48.49000000,55.89133965,55.41783754,55.74415604,55.97771293,0,1
48.50000000,56.02769307,55.39954056,55.71708745,55.97102276,0,1
48.51000000,56.08649032,55.40385572,55.71898412,55.97271912,0,1
48.52000000,56.14870019,55.43470526,55.69866682,56.03468769,0,1
48.53000000,55.99115905,55.44147507,55.72024785,56.00079592,0,1
48.54000000,55.99777250,55.47246613,55.71137264,55.96770017,0,1
48.55000000,55.98335512,55.48185975,55.76365117,55.94152483,0,1
48.56000000,56.07718624,55.39547941,55.71676037,55.95937195,0,1
48.57000000,55.99344975,55.35019380,55.70420319,55.86702814,0,1
48.58000000,56.01611288,55.39134833,55.72695281,55.90287843,0,1
48.59000000,56.00842046,55.46336307,55.71561409,55.95558870,0,1
48.60000000,56.06987115,55.52491677,55.72501820,55.93679578,0,1
48.61000000,56.04729007,55.50088375,55.72631721,55.96551152,0,1
48.62000000,56.05707655,55.46168075,55.76003565,55.97965313,0,1
48.63000000,56.02586297,55.41158239,55.75224326,55.98370550,0,1
48.64000000,56.06300542,55.41354082,55.74120506,55.98628988,0,1
48.65000000,56.08188486,55.42520940,55.63924083,55.97651471,0,1
48.66000000,56.02588559,55.45270055,55.63767973,55.90066189,0,1
48.67000000,56.08741090,55.44788086,55.64097060,55.86531838,0,1
48.68000000,56.07131169,55.52368194,55.73187068,55.82818811,0,1
48.69000000,56.09706010,55.45706242,55.71037079,55.86254551,0,1
48.70000000,56.14541378,55.46943676,55.74297813,56.00174706,0,1
48.71000000,56.06312359,55.39342703,55.70081490,55.92563895,0,1
48.72000000,56.08106249,55.45574997,55.77562052,55.87545483,0,1
48.73000000,56.00523244,55.46432096,55.73637834,56.05302890,0,1
48.74000000,56.09235235,55.45465060,55.73515475,55.91558570,0,1
48.75000000,55.99206538,55.36020165,55.73818952,55.78847716,0,1
48.76000000,56.07763492,55.42782476,55.74606476,55.98078351,0,1
48.77000000,56.09238506,55.40003898,55.71110997,55.96089344,0,1
48.78000000,56.17214250,55.48539482,55.72557609,55.77204282,0,1
48.79000000,56.12711645,55.45143786,55.73657578,55.82377118,0,1
48.80000000,56.00622719,55.39641913,55.75188033,55.92220791,0,1
48.81000000,56.06404724,55.40451464,55.79158266,55.92329856,0,1
48.82000000,56.00913377,55.39774107,55.72360191,55.86954776,0,1
48.83000000,56.15188570,55.46372683,55.68512316,56.01460919,0,1
48.84000000,56.15026201,55.49482942,55.69951648,55.97508368,0,1
48.85000000,56.09515060,55.45144265,55.69925307,55.84780716,0,1
48.86000000,56.08787289,55.41625801,55.75023348,55.86512056,0,1
48.87000000,56.00039430,55.42608913,55.76239327,55.93287588,0,1
48.88000000,56.09315845,55.40844584,55.73045677,55.89897930,0,1
48.89000000,56.06296185,55.37800557,55.80262950,55.92500973,0,1
48.90000000,56.03687555,55.37271792,55.73598829,55.84017368,0,1
48.91000000,56.01381987,55.35017854,55.76892297,55.91457263,0,1
48.92000000,56.10425305,55.39149761,55.69663249,55.91268193,0,1
48.93000000,55.95427759,55.40146528,55.70636140,55.82410496,0,1
48.94000000,56.08569957,55.39405938,55.77463585,55.94221979,0,1
48.95000000,55.95206063,55.33793118,55.75980255,55.95755551,0,1
48.96000000,56.05197675,55.33140965,55.79760066,55.88545647,0,1
48.97000000,56.04648021,55.43253498,55.77228944,55.89864759,0,1
48.98000000,56.06105306,55.41585055,55.74409548,55.91344529,0,1
48.99000000,56.06827465,55.36917857,55.71319586,55.90200035,0,1
49.00000000,56.11681687,55.37757451,55.76381320,55.84473683,0,1
49.01000000,56.09658851,55.35046333,55.79002654,55.81979294,0,1
49.02000000,56.01820173,55.42759219,55.76861431,55.86788332,0,1
49.03000000,56.06222717,55.36143002,55.75975201,55.86853132,0,1
49.04000000,56.00863343,55.37439538,55.74513333,55.83560779,0,1
49.05000000,56.07773918,55.37290040,55.74761762,55.89537534,0,1
49.06000000,56.08806736,55.37857870,55.73504004,55.93324914,0,1
49.07000000,56.04798047,55.38173481,55.76458708,55.93405380,0,1
49.08000000,55.97465877,55.36856322,55.79881652,55.91390984,0,1
49.09000000,56.00430850,55.35484570,55.83415503,55.89471529,0,1
49.10000000,56.04243801,55.33678763,55.79902797,55.87655235,0,1
49.11000000,56.08686991,55.32627505,55.84337962,55.81473180,0,1
49.12000000,56.07891885,55.35512894,55.75275213,55.83858773,0,1
49.13000000,56.02156930,55.39925899,55.70076998,55.86200930,0,1
49.14000000,56.07155832,55.37726011,55.67661835,55.88178983,0,1
49.15000000,55.99559810,55.39433501,55.70301266,55.91185748,0,1
49.16000000,56.04304667,55.39667126,55.73916430,55.93234972,0,1
49.17000000,56.01436089,55.33168975,55.69038937,55.90572398,0,1
49.18000000,55.99998122,55.29691531,55.69779845,55.86580839,0,1
49.19000000,56.00953462,55.34134188,55.67145555,55.86825894,0,1
49.20000000,55.99573504,55.38225927,55.68711099,55.87329609,0,1
49.21000000,56.02353549,55.38043432,55.72194605,55.82420395,0,1
49.22000000,56.03267960,55.34346026,55.71481687,55.79615181,0,1
49.23000000,56.00933533,55.31404500,55.73283980,55.81936506,0,1
49.24000000,55.92065185,55.32620517,55.66917140,55.82427499,0,1
49.25000000,56.01738336,55.32982295,55.68014816,55.87044009,0,1
49.26000000,55.99761689,55.35579282,55.68234271,55.88635598,0,1
49.27000000,55.93874273,55.28645531,55.71386204,55.85282536,0,1
49.28000000,55.95048385,55.26791525,55.69672369,55.88178854,0,1
49.29000000,55.91686781,55.26234366,55.71481337,55.87038995,0,1
49.30000000,56.01810243,55.32550043,55.72715910,55.81104673,0,1
49.31000000,55.96949850,55.32921477,55.70628327,55.87764665,0,1
49.32000000,55.96338928,55.36984777,55.72580221,55.85715569,0,1
49.33000000,55.95604482,55.29520666,55.68559296,55.69720272,0,1
49.34000000,56.00743226,55.30887736,55.73408262,55.81543341,0,1
49.35000000,55.94674229,55.29140283,55.64804472,55.82900353,0,1
49.36000000,55.95492932,55.26839849,55.65263690,55.77132808,0,1
49.37000000,55.86519216,55.25320709,55.62722938,55.85204428,0,1
49.38000000,55.93757857,55.30606724,55.75627007,55.92356345,0,1
49.39000000,56.00721052,55.31895123,55.70913170,55.83630063,0,1
49.40000000,55.97983908,55.34479321,55.66956783,55.79882575,0,1
49.41000000,55.99092616,55.34549899,55.67401635,55.98920280,0,1
49.42000000,55.93527301,55.29963334,55.62699195,55.84219446,0,1
49.43000000,55.92937917,55.30817837,55.80742109,55.90467450,0,1
49.44000000,56.01426971,55.28856047,55.67709657,55.92178854,0,1
49.45000000,55.95463471,55.29080909,55.65442761,55.68122515,0,1
49.46000000,55.94395108,55.30787011,55.59370963,55.71766160,0,1
49.47000000,55.94765306,55.30454095,55.63021467,55.89146538,0,1
49.48000000,55.91441414,55.32796577,55.66520829,55.76756465,0,1
49.49000000,55.95362696,55.35933112,55.65897856,55.81606440,0,1
49.50000000,56.05358866,55.37138309,55.61741613,55.91354090,0,1
49.51000000,56.00541317,55.35967447,55.67090912,55.81550240,0,1
49.52000000,55.96444521,55.33160848,55.64984143,55.80240796,0,1
49.53000000,55.90707999,55.31586529,55.63166546,55.84464389,0,1
49.54000000,55.89143833,55.30352853,55.60125543,55.79689969,0,1
49.55000000,55.93826440,55.32590278,55.60480448,55.79422527,0,1
49.56000000,55.98019002,55.35789136,55.63235791,55.81656236,0,1
49.57000000,55.92789407,55.34675163,55.59641685,55.72193738,0,1
49.58000000,55.95911329,55.30405590,55.62251551,55.78454891,0,1
49.59000000,55.90821576,55.30332676,55.61802238,55.88981367,0,1
49.60000000,55.98564696,55.38262285,55.65281209,55.84410086,0,1
49.61000000,55.96773456,55.35385474,55.66244865,55.89662969,0,1
49.62000000,55.88850016,55.27100234,55.62998223,55.88000280,0,1
49.63000000,55.91828820,55.23964373,55.60100711,55.83118498,0,1
49.64000000,55.83741362,55.28844391,55.59104804,55.79167521,0,1
49.65000000,55.97302353,55.36077666,55.59890729,55.83272069,0,1
49.66000000,55.92399857,55.35411412,55.58388666,55.77996692,0,1
49.67000000,55.96199857,55.32026361,55.62604369,55.76046206,0,1
49.68000000,55.88109874,55.30553494,55.65418280,55.81284889,0,1
49.69000000,55.92218490,55.31689684,55.66191705,55.82435379,0,1
49.70000000,55.87201055,55.31572948,55.67278634,55.85779887,0,1
49.71000000,55.91265605,55.36256533,55.69840896,55.89590987,0,1
49.72000000,55.92250351,55.30947863,55.59570433,55.88077551,0,1
49.73000000,55.86779352,55.27975545,55.59679175,55.86306569,0,1
49.74000000,55.91958872,55.29219249,55.58655723,55.89427428,0,1
49.75000000,55.86798852,55.33001188,55.59703697,55.86907428,0,1
49.76000000,55.91994620,55.39760320,55.54110997,55.85722911,0,1
49.77000000,55.88011267,55.27825540,55.64533243,55.78158113,0,1
49.78000000,55.90090623,55.30108479,55.64811501,55.78462533,0,1
49.79000000,55.84669066,55.28513782,55.54261998,55.85139007,0,1
49.80000000,55.90813526,55.34420784,55.56037126,55.84508564,0,1
49.81000000,55.84863010,55.27573517,55.52110290,55.86831272,0,1
49.82000000,55.85982179,55.32818486,55.64307661,55.93047916,0,1
49.83000000,55.86289565,55.29452059,55.64004075,55.91800641,0,1
49.84000000,55.91474600,55.35826440,55.55296172,55.84290078,0,1
49.85000000,55.89969528,55.35156605,55.53283137,55.87004871,0,1
49.86000000,55.87652307,55.34547531,55.56224437,55.91096265,0,1
49.87000000,55.84226541,55.31879339,55.55824584,55.86964740,0,1
49.88000000,55.90264543,55.36295026,55.61987357,55.85381464,0,1
49.89000000,55.92973038,55.35447672,55.59942136,55.83477041,0,1
49.90000000,55.94356730,55.34453491,55.54925683,55.79691395,0,1
49.91000000,55.94276996,55.35827338,55.54467776,55.79202091,0,1
49.92000000,55.90648420,55.34715738,55.61581010,55.84086027,0,1
49.93000000,55.88052663,55.39911575,55.65994805,55.81004620,0,1
49.94000000,56.00266130,55.43477814,55.62424401,55.95540840,0,1
49.95000000,55.99160440,55.35533090,55.57996744,55.92785108,0,1
49.96000000,55.98333806,55.34185635,55.64196060,55.84277724,0,1
49.97000000,55.97412935,55.35777434,55.63127229,55.93382405,0,1
49.98000000,55.93895548,55.40531809,55.67830863,55.84716834,0,1
49.99000000,55.96701066,55.41539317,55.62690243,55.76798963,0,1
