time_s,wheel0_corrected_rad_s,wheel1_corrected_rad_s,wheel2_corrected_rad_s,wheel3_corrected_rad_s,FL_blowout_signal,RR_blowout_signal
0.00000000,59.26148164,59.08228190,58.89840048,59.06444649,0,0
0.01000000,59.36313775,59.02198412,58.92759833,59.02947221,0,0
0.02000000,59.35097016,59.02259526,58.89084997,59.05549508,0,0
0.03000000,59.32778927,59.05093124,58.97733758,59.05384354,0,0
0.04000000,59.31462861,59.11213368,58.92817113,59.06426105,0,0
0.05000000,59.26697641,59.10890056,58.98011362,59.02716139,0,0
0.06000000,59.29504217,59.09022732,58.92106247,59.04802821,0,0
0.07000000,59.29444936,59.04797995,58.87725451,58.96203752,0,0
0.08000000,59.32319817,59.06754189,58.93110128,59.08548523,0,0
0.09000000,59.30025727,59.02696233,58.89427967,59.01323310,0,0
0.10000000,59.25222740,59.04436051,58.96968364,59.00294591,0,0
0.11000000,59.30601551,59.01808973,58.87066167,58.94866636,0,0
0.12000000,59.29133331,59.01543462,58.89904612,58.99575716,0,0
0.13000000,59.38449581,59.03275037,58.95917277,58.97432806,0,0
0.14000000,59.19346408,59.06395386,58.94271010,58.92955638,0,0
0.15000000,59.28393580,59.06088967,58.92567450,59.04842343,0,0
0.16000000,59.19280773,59.01025680,58.90274386,59.03078184,0,0
0.17000000,59.33772228,59.07891125,58.90279985,59.07077345,0,0
0.18000000,59.31971305,59.05555094,58.92074252,59.10214142,0,0
0.19000000,59.24301460,59.01489858,58.95833739,59.04645777,0,0
0.20000000,59.23440435,59.00303232,58.95697144,59.03047682,0,0
0.21000000,59.23723036,59.05060344,59.01837125,59.00603857,0,0
0.22000000,59.37368416,59.06189014,58.94727598,59.07870122,0,0
0.23000000,59.32987739,59.02917151,58.95267244,59.01320134,0,0
0.24000000,59.23093626,59.03310131,58.92433666,58.94253192,0,0
0.25000000,59.19259431,59.03210747,58.90877440,59.01177268,0,0
0.26000000,59.29991824,59.06350215,58.92246104,59.03372999,0,0
0.27000000,59.32445179,59.04643070,58.92448851,59.04424331,0,0
0.28000000,59.30746494,58.97476856,58.89958659,59.07377389,0,0
0.29000000,59.22427796,59.03820347,58.90097014,59.05842473,0,0
0.30000000,59.22890211,59.12720789,58.94511251,59.04576664,0,0
0.31000000,59.28474023,59.07086303,58.92533828,59.00934250,0,0
0.32000000,59.30060993,59.07420072,58.94153984,59.00667446,0,0
0.33000000,59.32088423,58.94827360,58.86851907,58.91918686,0,0
0.34000000,59.38310562,59.03188380,58.96543467,58.98984367,0,0
0.35000000,59.29416311,59.04807743,58.91896495,59.02370000,0,0
0.36000000,59.16507077,59.09399182,58.87148982,58.92031593,0,0
0.37000000,59.23995245,59.05357265,58.85809385,58.96585257,0,0
0.38000000,59.23111845,58.99694133,58.95365560,59.05474824,0,0
0.39000000,59.37422922,59.02406976,58.91869985,59.01619645,0,0
0.40000000,59.26283963,59.05306772,58.88843706,59.04888020,0,0
0.41000000,59.29428430,59.08966103,58.86567374,59.07833401,0,0
0.42000000,59.19393806,59.03042973,58.90926248,59.00499427,0,0
0.43000000,59.31834034,58.98920529,58.97075512,58.93593331,0,0
0.44000000,59.26455729,59.03759627,58.94367238,59.01721651,0,0
0.45000000,59.32356936,59.02728291,58.95266223,58.95211089,0,0
0.46000000,59.28633683,59.05737770,58.85316569,58.95927623,0,0
0.47000000,59.28447840,59.05495937,58.86522098,59.04376646,0,0
0.48000000,59.33827931,59.06005994,58.83976690,58.98500681,0,0
0.49000000,59.24362288,59.06466605,58.86398244,59.05919722,0,0
0.50000000,59.35882044,59.12069519,58.93121166,59.04025773,0,0
0.51000000,59.30343202,59.14604479,58.95460800,59.06734124,0,0
0.52000000,59.30905600,58.99677896,59.00442410,59.09729584,0,0
0.53000000,59.34318605,59.03836374,58.93258207,58.99684020,0,0
0.54000000,59.32218459,59.06153767,58.95656262,58.97906833,0,0
0.55000000,59.34718664,59.05926121,58.91867974,58.95571795,0,0
0.56000000,59.24236070,59.07358770,58.89175377,58.97353373,0,0
0.57000000,59.26452839,59.04400868,58.90704939,58.97586176,0,0
0.58000000,59.32873779,59.07237326,58.88192797,58.98940744,0,0
0.59000000,59.35823321,59.08074724,58.87048725,59.01797006,0,0
0.60000000,59.36821629,59.18832730,58.90785441,59.01478487,0,0
0.61000000,59.28901248,59.03210217,58.88452479,59.00100995,0,0
0.62000000,59.28510816,58.99958314,58.85967942,58.98806307,0,0
0.63000000,59.20420668,58.99584383,58.88474110,58.97163843,0,0
0.64000000,59.36151283,58.96408020,58.90409462,58.91893925,0,0
0.65000000,59.22419752,59.04718997,58.89080509,58.95992998,0,0
0.66000000,59.36108736,59.01763248,58.86231285,58.92886040,0,0
0.67000000,59.25948683,59.06719232,58.90031840,58.96860755,0,0
0.68000000,59.28110774,59.08516733,58.92401932,59.06768373,0,0
0.69000000,59.36903027,59.08930225,58.93939746,59.02277482,0,0
0.70000000,59.28696947,58.99910334,58.97789002,59.07767988,0,0
0.71000000,59.37913146,59.01941427,59.04714663,59.08020154,0,0
0.72000000,59.32152083,59.03554487,58.95407419,59.00427838,0,0
0.73000000,59.31626852,59.07369984,58.88511955,59.05323255,0,0
0.74000000,59.23321035,59.03002699,58.90988656,58.98414793,0,0
0.75000000,59.33663250,59.03583836,59.02798101,58.98550204,0,0
0.76000000,59.31551908,59.06554137,58.97577475,58.99224829,0,0
0.77000000,59.40562126,59.05685605,58.94801430,59.04495243,0,0
0.78000000,59.34684583,59.08188770,58.94169229,59.05569842,0,0
0.79000000,59.29826670,59.07063707,58.95538920,58.97379276,0,0
0.80000000,59.28905727,58.97560636,58.92678816,58.94067940,0,0
0.81000000,59.29720912,59.05584722,58.97951478,58.93670078,0,0
0.82000000,59.34223450,59.02074700,58.93739856,58.95551548,0,0
0.83000000,59.44501675,59.07049210,58.94524756,59.02814825,0,0
0.84000000,59.30789557,59.04292292,58.88856892,59.06419199,0,0
0.85000000,59.39849737,59.05255536,58.89812971,59.02272511,0,0
0.86000000,59.27288763,59.04607597,58.95963138,59.01957812,0,0
0.87000000,59.35608181,59.05441970,59.00362997,59.01668207,0,0
0.88000000,59.37255411,59.03521951,58.95063534,59.00641880,0,0
0.89000000,59.32760909,58.99409809,59.01782861,58.94731533,0,0
0.90000000,59.33136673,59.09085331,58.92706454,58.91585956,0,0
0.91000000,59.31096673,59.06389718,58.92332603,58.94706029,0,0
0.92000000,59.28809911,59.06934239,58.96302882,58.99308447,0,0
0.93000000,59.33571421,59.01237845,58.96726288,59.04460126,0,0
0.94000000,59.31414715,59.03136498,58.93865936,59.05956613,0,0
0.95000000,59.34536539,59.07649231,58.97399577,59.10326462,0,0
0.96000000,59.37537033,59.05635074,58.91541076,59.07182585,0,0
0.97000000,59.33066975,59.08719526,58.90930654,58.94935546,0,0
0.98000000,59.30738901,58.94899441,58.91626210,58.92982153,0,0
0.99000000,59.29834327,58.99642868,58.93303683,58.89866489,0,0
1.00000000,59.29985055,59.03364099,58.95102581,58.93369962,0,0
1.01000000,59.31976916,59.11040190,58.89350775,58.90705823,0,0
1.02000000,59.27844687,58.99563840,58.94240715,59.01776061,0,0
1.03000000,59.23994051,58.99974995,58.93253300,59.02260940,0,0
1.04000000,59.35070400,59.01915761,58.88296891,58.98443749,0,0
1.05000000,59.39012057,59.12322417,58.94283607,59.09143265,0,0
1.06000000,59.28053028,59.03587327,58.94574429,59.08297773,0,0
1.07000000,59.29071260,58.96758999,58.97839823,59.03710615,0,0
1.08000000,59.27007643,58.99592683,58.99205690,58.99293152,0,0
1.09000000,59.36696775,59.07198980,58.92480755,58.97026386,0,0
1.10000000,59.33521464,59.06081041,58.92545272,58.96028412,0,0
1.11000000,59.26134429,59.05387211,58.93968350,58.94896295,0,0
1.12000000,59.24853193,59.00465987,58.90022580,59.00350826,0,0
1.13000000,59.33874001,59.05839303,58.97106303,59.06717972,0,0
1.14000000,59.36180885,59.09251920,59.02192307,59.09575802,0,0
1.15000000,59.41363326,59.05769955,58.96112128,59.06402756,0,0
1.16000000,59.33134804,59.04889555,58.93339296,59.04115132,0,0
1.17000000,59.31764454,59.02934135,59.00644814,59.05107048,0,0
1.18000000,59.26099109,59.00615313,59.04243085,59.03078476,0,0
1.19000000,59.37914268,59.03707475,58.97571944,58.96230494,0,0
1.20000000,59.32892280,59.03825737,58.92608257,58.95788528,0,0
1.21000000,59.29810031,59.06502430,58.95223225,59.01501476,0,0
1.22000000,59.25698702,59.04501125,58.97317685,58.97191637,0,0
1.23000000,59.30605999,59.08655274,58.93812677,58.97877304,0,0
1.24000000,59.39588960,59.04461739,58.94076286,58.99230837,0,0
1.25000000,59.37054503,59.06962902,58.99862137,59.00652765,0,0
1.26000000,59.41716083,59.09647765,58.95089651,59.02249633,0,0
1.27000000,59.29523262,59.10083063,58.91553709,59.05173652,0,0
1.28000000,59.35324097,59.06307338,58.89460724,59.03483541,0,0
1.29000000,59.37055587,59.01067790,58.93961666,58.96905506,0,0
1.30000000,59.39015513,59.01705771,58.94445567,58.99946827,0,0
1.31000000,59.38802098,59.04606727,58.93002352,59.02613398,0,0
1.32000000,59.32994078,59.11735373,58.95374302,59.02732956,0,0
1.33000000,59.38783344,59.14981241,59.01724862,59.04928100,0,0
1.34000000,59.35615826,59.06372265,59.03531722,59.05680640,0,0
1.35000000,59.38262386,59.03652988,58.97455790,59.03338656,0,0
1.36000000,59.34623834,59.05958523,59.10650947,59.02239397,0,0
1.37000000,59.37347052,59.09550045,58.93918165,59.00444119,0,0
1.38000000,59.33298282,59.09597769,58.91289825,58.97545606,0,0
1.39000000,59.32539574,59.02388151,58.95707267,58.99364380,0,0
1.40000000,59.33031101,58.98026579,58.97669454,59.01140315,0,0
1.41000000,59.33655365,59.04564098,58.98156701,59.02915047,0,0
1.42000000,59.40054068,59.10275202,58.93880712,59.02799199,0,0
1.43000000,59.34286606,59.06387040,58.93959475,59.02205056,0,0
1.44000000,59.40063680,59.08779957,58.92377234,58.89417261,0,0
1.45000000,59.35930826,59.07466380,58.94421290,58.94048188,0,0
1.46000000,59.28730153,59.02287034,58.98013533,59.00429010,0,0
1.47000000,59.31481056,59.07535841,59.02072046,59.03714040,0,0
1.48000000,59.28551594,59.04901903,59.00869009,59.10307785,0,0
1.49000000,59.34050642,59.07339804,58.96085349,59.10751995,0,0
1.50000000,59.38788558,59.00273152,58.98659573,59.08238486,0,0
1.51000000,59.41848260,59.07399319,59.01270975,59.06358939,0,0
1.52000000,59.27598390,59.05203739,59.07594404,59.04694642,0,0
1.53000000,59.42774436,59.11063115,59.03363738,59.00286873,0,0
1.54000000,59.27664118,59.00790947,59.07728431,59.04730965,0,0
1.55000000,59.41631967,59.05912634,58.99154572,58.97565854,0,0
1.56000000,59.32287000,59.04717436,58.96375786,59.02533335,0,0
1.57000000,59.38306065,59.13751253,58.95512681,59.10366000,0,0
1.58000000,59.37138610,59.13026470,58.99691660,59.08308109,0,0
1.59000000,59.36672307,59.09158033,59.04443288,59.12451651,0,0
1.60000000,59.42666897,59.10884978,59.06301842,59.13577990,0,0
1.61000000,59.41043378,59.05615925,59.07351857,59.03050592,0,0
1.62000000,59.38138539,59.13154155,59.04173635,59.02075375,0,0
1.63000000,59.35707960,59.13683106,58.97892201,59.00197299,0,0
1.64000000,59.46423219,59.10138781,58.92028058,59.00703021,0,0
1.65000000,59.38779110,59.09722152,59.03263518,59.01992685,0,0
1.66000000,59.40209917,59.10518268,58.91813918,59.00702490,0,0
1.67000000,59.35438405,59.12887646,58.98083966,59.00522583,0,0
1.68000000,59.40699983,59.15327614,59.01712725,59.07099397,0,0
1.69000000,59.41517625,59.13209291,58.99160465,59.08221930,0,0
1.70000000,59.43533589,59.10628031,59.01885565,59.14875720,0,0
1.71000000,59.43295161,59.14508339,58.98898548,59.05291240,0,0
1.72000000,59.38229868,59.09909823,59.02713816,59.02566209,0,0
1.73000000,59.39201833,59.10239009,59.00213006,58.99536779,0,0
1.74000000,59.35244719,59.07123133,58.99748853,59.00018765,0,0
1.75000000,59.41314583,59.08665731,58.95261446,59.06843198,0,0
1.76000000,59.35769914,59.17178222,58.95012030,59.01631723,0,0
1.77000000,59.46960662,59.18173551,58.97206871,59.06115511,0,0
1.78000000,59.36968258,59.15647616,59.00189406,59.06582056,0,0
1.79000000,59.38359521,59.04953457,59.03748139,59.02249841,0,0
1.80000000,59.37658279,59.09320486,59.04329717,59.07230560,0,0
1.81000000,59.34589877,59.11037609,59.05889730,59.14026289,0,0
1.82000000,59.43085450,59.12609844,59.02960595,59.11039723,0,0
1.83000000,59.42500226,59.13583637,59.03427327,59.07147985,0,0
1.84000000,59.47474131,59.10833560,59.01676835,59.07587195,0,0
1.85000000,59.43202513,59.14267785,59.04746176,59.05271348,0,0
1.86000000,59.43395027,59.14765189,59.04230003,59.09670996,0,0
1.87000000,59.40094424,59.15886410,59.08016502,59.07051864,0,0
1.88000000,59.44737715,59.11222133,59.09429272,59.09566908,0,0
1.89000000,59.37228843,59.16316655,59.07920731,59.07364320,0,0
1.90000000,59.47586473,59.14942555,59.04951038,59.10856135,0,0
1.91000000,59.43741424,59.11720619,59.02954776,59.08334075,0,0
1.92000000,59.35757317,59.11721252,59.05362777,59.10906205,0,0
1.93000000,59.42048256,59.10746674,59.04601499,59.15847397,0,0
1.94000000,59.43743696,59.18049449,59.04639734,59.09618260,0,0
1.95000000,59.47307833,59.14800279,58.98066197,59.12148942,0,0
1.96000000,59.38619002,59.13611986,58.95311442,59.07253052,0,0
1.97000000,59.33340706,59.08606582,59.03718917,59.04707991,0,0
1.98000000,59.34884912,59.09841876,59.09462095,59.01040969,0,0
1.99000000,59.47633305,59.10877692,59.02291949,59.03868217,0,0
2.00000000,59.40999687,59.11800399,58.96660890,59.04358001,0,0
2.01000000,59.35082035,59.09431093,58.99955480,59.10332664,0,0
2.02000000,59.38678265,59.15323613,59.03030607,59.11537990,0,0
2.03000000,59.45831776,59.17620065,59.05214217,59.14549406,0,0
2.04000000,59.52769930,59.14601681,59.06582641,59.17407179,0,0
2.05000000,59.31694212,59.07288854,59.08487246,59.09563012,0,0
2.06000000,59.34603039,59.07144606,59.07634601,59.08329955,0,0
2.07000000,59.30528350,59.13252262,59.10118460,59.05950913,0,0
2.08000000,59.45185543,59.18612747,59.07129987,59.05690393,0,0
2.09000000,59.44284167,59.14704282,59.05008802,59.02208654,0,0
2.10000000,59.41101312,59.13390733,59.05456918,59.08504380,0,0
2.11000000,59.38360682,59.16231187,59.06351168,59.15592540,0,0
2.12000000,59.45318601,59.16457208,59.04806572,59.16057028,0,0
2.13000000,59.46627212,59.20835168,58.99152021,59.16909307,0,0
2.14000000,59.40966596,59.09248871,59.01204515,59.15844523,0,0
2.15000000,59.40193034,59.07686097,59.03228241,59.07004286,0,0
2.16000000,59.37691441,59.12241463,59.09389218,59.06992979,0,0
2.17000000,59.43026677,59.14167988,58.99171232,59.04277033,0,0
2.18000000,59.36556451,59.07799894,58.97691829,59.00507070,0,0
2.19000000,59.35807342,59.04405594,58.98348105,59.07529989,0,0
2.20000000,59.39320501,59.15139126,59.06499012,59.05977697,0,0
2.21000000,59.44914238,59.23597664,59.09857903,59.08363635,0,0
2.22000000,59.40022910,59.19254245,59.04328143,59.12175744,0,0
2.23000000,59.42495077,59.09273181,59.03358147,59.09550074,0,0
2.24000000,59.37393098,59.08061854,59.01707393,59.08480228,0,0
2.25000000,59.41968697,59.12879382,59.07071808,59.18949143,0,0
2.26000000,59.42751087,59.19649394,59.05913142,59.12144364,0,0
2.27000000,59.33225878,59.14416967,59.05848922,59.06417865,0,0
2.28000000,59.40248331,59.07138508,59.03875173,59.11028017,0,0
2.29000000,59.38865743,59.09669520,59.01753645,59.08158216,0,0
2.30000000,59.47456878,59.18224175,59.04055789,59.12575379,0,0
2.31000000,59.43459434,59.18785945,59.01875958,59.13988659,0,0
2.32000000,59.42365042,59.14294576,59.04611859,59.08441372,0,0
2.33000000,59.36897118,59.10134910,59.11726383,59.08261462,0,0
2.34000000,59.48742774,59.12958308,59.10640600,59.09047439,0,0
2.35000000,59.47792784,59.21804401,59.02831959,59.07730047,0,0
2.36000000,59.46605357,59.19909696,59.02786199,59.09633260,0,0
2.37000000,59.38360540,59.09911832,58.99865903,59.10054000,0,0
2.38000000,59.36563537,59.10125341,59.04861810,59.08100711,0,0
2.39000000,59.45239957,59.16747556,58.98217076,59.07610623,0,0
2.40000000,59.43693061,59.17896437,58.98839029,59.07495915,0,0
2.41000000,59.43960718,59.17350366,59.03742066,59.04600797,0,0
2.42000000,59.31210320,59.10965135,59.05084867,59.01552606,0,0
2.43000000,59.35400214,59.13166690,59.04809546,59.07627464,0,0
2.44000000,59.42997146,59.18947931,59.02757650,59.08266937,0,0
2.45000000,59.52638475,59.14231819,58.96182433,59.10012445,0,0
2.46000000,59.39562192,59.11578986,58.91850990,59.13444040,0,0
2.47000000,59.38845836,59.08641110,58.94867143,59.16449596,0,0
2.48000000,59.38140320,59.14636799,59.04355393,59.15238957,0,0
2.49000000,59.40379948,59.13554409,59.10789436,59.07801307,0,0
2.50000000,59.43154612,59.17187668,59.05863853,59.02402730,0,0
2.51000000,59.36455785,59.12683929,59.06073521,59.02850787,0,0
2.52000000,59.41298656,59.10404927,59.06330475,59.06440828,0,0
2.53000000,59.38488926,59.12974910,59.07336093,59.07866380,0,0
2.54000000,59.40472796,59.14930813,59.07971450,59.13705883,0,0
2.55000000,59.44105193,59.16151985,59.07437417,59.12077063,0,0
2.56000000,59.47563573,59.20988289,59.04715338,59.16617467,0,0
2.57000000,59.45492885,59.18281605,59.00722242,59.19243126,0,0
2.58000000,59.39341860,59.08515454,59.05283808,59.18232706,0,0
2.59000000,59.33121131,59.06052132,59.06388913,59.06851429,0,0
2.60000000,59.39482556,59.12559066,59.05867684,59.07146507,0,0
2.61000000,59.42305591,59.17130119,58.97813019,59.05131226,0,0
2.62000000,59.39428807,59.10708762,59.01394255,58.99963254,0,0
2.63000000,59.44017067,59.12101456,58.98080843,59.01962126,0,0
2.64000000,59.38319427,59.14077036,59.02713415,59.03775656,0,0
2.65000000,59.39818793,59.20803425,59.03628495,59.12954225,0,0
2.66000000,59.41386865,59.18575175,59.04715809,59.16355021,0,0
2.67000000,59.44218756,59.10175407,59.03212365,59.12687439,0,0
2.68000000,59.37135570,59.09520611,59.02495568,59.14982392,0,0
2.69000000,59.44606037,59.07551601,59.08469176,59.16059408,0,0
2.70000000,59.41132345,59.15030438,59.06767253,59.07597529,0,0
2.71000000,59.45363009,59.16820623,59.15259590,59.12015129,0,0
2.72000000,59.43415123,59.18013366,59.15209454,59.13406678,0,0
2.73000000,59.42919305,59.16368352,59.11810513,59.13078986,0,0
2.74000000,59.42123688,59.17349984,59.06355704,59.14512608,0,0
2.75000000,59.46894317,59.17082183,58.99190769,59.10961180,0,0
2.76000000,59.45585939,59.22243035,59.02208512,59.09148731,0,0
2.77000000,59.47800041,59.18962099,59.11646487,59.11012361,0,0
2.78000000,59.50153953,59.20055464,59.03777381,59.11359074,0,0
2.79000000,59.46679916,59.17141236,59.01921935,59.07972037,0,0
2.80000000,59.47306102,59.14361940,58.99016896,59.13419700,0,0
2.81000000,59.37821027,59.14648847,59.01323864,59.09336370,0,0
2.82000000,59.41864864,59.16951089,59.01976433,59.10950277,0,0
2.83000000,59.35649443,59.15741085,59.03747450,59.13109403,0,0
2.84000000,59.46693029,59.17750140,59.10452233,59.08937237,0,0
2.85000000,59.40909777,59.14237551,59.07678812,59.04196032,0,0
2.86000000,59.42969593,59.13325964,59.04158299,59.06216601,0,0
2.87000000,59.39620344,59.14896602,58.96950487,59.06785081,0,0
2.88000000,59.42205008,59.18517855,58.97774700,59.08321275,0,0
2.89000000,59.41352084,59.17879370,59.00391423,59.11016010,0,0
2.90000000,59.39746273,59.12685367,59.02864126,59.15012942,0,0
2.91000000,59.37691011,59.09455530,59.03818816,59.16285374,0,0
2.92000000,59.36757156,59.10459685,59.12142963,59.14318849,0,0
2.93000000,59.43419012,59.14176497,59.14283098,59.13344815,0,0
2.94000000,59.39923696,59.16333952,59.10703084,59.09853481,0,0
2.95000000,59.42309761,59.15554433,59.08300602,59.08090334,0,0
2.96000000,59.40524407,59.17896976,59.03045086,59.06562893,0,0
2.97000000,59.40678551,59.20171855,59.02095411,59.10414815,0,0
2.98000000,59.37777923,59.18648423,59.03994647,59.17270433,0,0
2.99000000,59.42567179,59.14792742,59.05690024,59.19105540,0,0
3.00000000,59.39838084,59.10734564,59.03422530,59.22124615,0,0
3.01000000,59.48950211,59.09293867,59.06801110,59.20434276,0,0
3.02000000,59.45436594,59.14109114,59.07852020,59.09859801,0,0
3.03000000,59.42238307,59.19125699,59.10171515,59.08229592,0,0
3.04000000,59.38558073,59.19376373,59.01926701,59.06566988,0,0
3.05000000,59.38254933,59.13203153,58.96924616,59.03429923,0,0
3.06000000,59.48019388,59.12713651,59.01070076,59.08257561,0,0
3.07000000,59.45753501,59.17336830,59.01495887,59.03823963,0,0
3.08000000,59.36043044,59.16904998,59.01602173,59.07924609,0,0
3.09000000,59.39949693,59.14846851,59.08027503,59.10831529,0,0
3.10000000,59.44636306,59.13721492,59.13063853,59.14957554,0,0
3.11000000,59.43574736,59.15588038,59.10891990,59.19378778,0,0
3.12000000,59.44612637,59.10469595,59.04303805,59.19647099,0,0
3.13000000,59.35173654,59.13053606,58.95770618,59.11204890,0,0
3.14000000,59.44596172,59.14104306,59.00484158,59.04785887,0,0
3.15000000,59.44106127,59.16643431,58.98926438,59.05485555,0,0
3.16000000,59.41959180,59.17897994,59.01839148,59.04179086,0,0
3.17000000,59.38118351,59.14517994,59.03077031,59.10975282,0,0
3.18000000,59.44748139,59.17194174,59.03839152,59.12917761,0,0
3.19000000,59.41988483,59.17393163,59.06234603,59.11461516,0,0
3.20000000,59.48026573,59.18356317,59.01934641,59.12232048,0,0
3.21000000,59.43140180,59.18491005,59.01613911,59.12255745,0,0
3.22000000,59.36215575,59.10999452,58.98613192,59.10147961,0,0
3.23000000,59.42392175,59.15262326,59.08414211,59.13980601,0,0
3.24000000,59.42961416,59.11007902,59.08496812,59.11535800,0,0
3.25000000,59.49186327,59.16017358,59.04433100,59.10364823,0,0
3.26000000,59.37984818,59.13135845,58.98218669,59.11212172,0,0
3.27000000,59.38186992,59.15188167,59.04037159,59.08097708,0,0
3.28000000,59.40471014,59.18996503,59.06463350,59.05439030,0,0
3.29000000,59.48490450,59.16017655,59.05725169,59.03957054,0,0
3.30000000,59.37592976,59.12775286,59.00435701,59.03936884,0,0
3.31000000,59.42109706,59.13307365,59.05814341,59.06499322,0,0
3.32000000,59.34128173,59.15200815,59.03567218,59.07832610,0,0
3.33000000,59.48292248,59.17852872,59.01316910,59.15924768,0,0
3.34000000,59.44451603,59.14299654,59.01475052,59.17825134,0,0
3.35000000,59.41889068,59.03671902,59.08785122,59.16090666,0,0
3.36000000,59.38531995,59.11644668,59.12632680,59.14190479,0,0
3.37000000,59.36742228,59.14531551,59.07276154,59.11138284,0,0
3.38000000,59.39838872,59.17440243,59.01968115,59.12536636,0,0
3.39000000,59.41341488,59.14814734,58.95019059,58.99013489,0,0
3.40000000,59.42521326,59.12931902,59.02949193,59.02785628,0,0
3.41000000,59.42537116,59.16613507,59.04489954,59.09133220,0,0
3.42000000,59.44391316,59.22425592,59.09878281,59.12973168,0,0
3.43000000,59.41112936,59.18880053,58.96185257,59.15763320,0,0
3.44000000,59.42166207,59.11854466,58.99586303,59.12483304,0,0
3.45000000,59.39694325,59.07331781,59.04556656,59.12282495,0,0
3.46000000,59.41356193,59.13253495,59.09463473,59.10924407,0,0
3.47000000,59.39274388,59.18643750,59.07574205,59.05019827,0,0
3.48000000,59.39580606,59.14663386,59.04741894,59.07997404,0,0
3.49000000,59.37901151,59.11536356,59.02554112,59.09869683,0,0
3.50000000,59.49578130,59.12047306,59.07976108,59.09183243,0,0
3.51000000,59.38568498,59.19212554,59.06173257,59.19977736,0,0
3.52000000,59.45917265,59.19107821,59.11178136,59.13963862,0,0
3.53000000,59.39105412,59.21033998,59.09348076,59.11657378,0,0
3.54000000,59.42133210,59.14396800,59.06309595,59.11297757,0,0
3.55000000,59.47171345,59.17802500,58.98654733,59.09690132,0,0
3.56000000,59.47039698,59.12450351,59.02372604,59.08865395,0,0
3.57000000,59.42208230,59.19381232,59.03591897,59.09460492,0,0
3.58000000,59.40921718,59.14748290,59.05551695,59.07038822,0,0
3.59000000,59.36727427,59.12627261,59.03536432,59.14509812,0,0
3.60000000,59.46565891,59.16541767,59.05914916,59.13398287,0,0
3.61000000,59.43635971,59.18906698,59.04553766,59.07818318,0,0
3.62000000,59.38029009,59.19651929,59.04935078,59.05232519,0,0
3.63000000,59.43347825,59.14641016,59.06158476,59.11446642,0,0
3.64000000,59.44522418,59.14526890,59.05927562,59.13315638,0,0
3.65000000,59.40263205,59.17767903,59.01632054,59.14684592,0,0
3.66000000,59.40221897,59.17235906,58.97619876,59.13324524,0,0
3.67000000,59.36869316,59.18114828,59.02872186,59.11938667,0,0
3.68000000,59.42696122,59.13132736,59.01218617,59.09065554,0,0
3.69000000,59.48197596,59.15159290,59.05959425,59.04235886,0,0
3.70000000,59.39088121,59.12722935,59.04513230,59.04345468,0,0
3.71000000,59.41319186,59.11470194,59.06575771,59.08091885,0,0
3.72000000,59.35584803,59.19234494,59.03523832,59.11590056,0,0
3.73000000,59.39364257,59.19180056,59.02583530,59.08253678,0,0
3.74000000,59.44696790,59.20523421,59.05648960,59.18334099,0,0
3.75000000,59.47201302,59.19189978,59.06680022,59.15173815,0,0
3.76000000,59.37488120,59.18932279,59.06024569,59.17897664,0,0
3.77000000,59.43467798,59.09635454,59.04593302,59.21490180,0,0
3.78000000,59.41082566,59.19274839,59.07679858,59.16373793,0,0
3.79000000,59.43271268,59.11444225,59.06917659,59.10417787,0,0
3.80000000,59.46675798,59.18658592,59.08798863,59.08542895,0,0
3.81000000,59.40313280,59.11286545,59.04096897,59.03672759,0,0
3.82000000,59.43288694,59.17924578,59.04393229,59.09657219,0,0
3.83000000,59.39087683,59.13994366,59.02355223,59.09747378,0,0
3.84000000,59.44448901,59.20808633,58.98431731,59.13487403,0,0
3.85000000,59.41848702,59.18171158,59.00326395,59.16355543,0,0
3.86000000,59.40061327,59.15874829,59.05578922,59.15292664,0,0
3.87000000,59.42385351,59.19843007,59.05919658,59.12546455,0,0
3.88000000,59.41484622,59.10661366,59.07840134,59.11749190,0,0
3.89000000,59.47334418,59.14029976,59.01349145,59.07825403,0,0
3.90000000,59.48159216,59.18020891,59.05413963,59.04248158,0,0
3.91000000,59.34265566,59.16292975,59.00851870,59.08862674,0,0
3.92000000,59.36473916,59.20466795,59.05083685,59.14011770,0,0
3.93000000,59.43107756,59.12806820,59.01828150,59.18884174,0,0
3.94000000,59.45307138,59.10142626,59.03763120,59.13961691,0,0
3.95000000,59.46885599,59.10335285,59.04968909,59.12551645,0,0
3.96000000,59.44280332,59.18330204,59.07588605,59.13520316,0,0
3.97000000,59.26909787,59.21334954,59.11732590,59.12294260,0,0
3.98000000,59.44544106,59.20100472,59.04550106,59.14403806,0,0
3.99000000,59.44836094,59.15394960,59.02212195,59.15400814,0,0
4.00000000,59.51846134,59.13214424,59.02382685,59.09203380,0,0
4.01000000,59.42338603,59.14744843,59.10206274,59.10346199,0,0
4.02000000,59.39303700,59.14276059,58.99100814,59.11188556,0,0
4.03000000,59.31918066,59.13442127,59.01781118,59.06406521,0,0
4.04000000,59.48006865,59.10964026,59.06699019,59.09021713,0,0
4.05000000,59.39827624,59.13687930,58.99952590,59.10204549,0,0
4.06000000,59.44103349,59.16882852,59.04266083,59.07888857,0,0
4.07000000,59.37592086,59.14191592,59.05709163,59.15894568,0,0
4.08000000,59.36931871,59.15678796,59.03562814,59.12221751,0,0
4.09000000,59.43213567,59.17768455,59.05166586,59.17967581,0,0
4.10000000,59.40474532,59.11614763,59.03890265,59.19535573,0,0
4.11000000,59.36668691,59.10380697,58.98335464,59.07639960,0,0
4.12000000,59.40782046,59.13206178,59.12715447,59.00873987,0,0
4.13000000,59.39276826,59.12664155,59.05956849,59.03506867,0,0
4.14000000,59.49199518,59.14919113,58.98196495,59.02048801,0,0
4.15000000,59.43478783,59.12654719,59.01133690,59.00194536,0,0
4.16000000,59.29798673,59.12643069,59.01958841,59.08084898,0,0
4.17000000,59.38497759,59.16911698,59.02623025,59.15437724,0,0
4.18000000,59.42232769,59.12231110,59.02498026,59.23101740,0,0
4.19000000,59.44031238,59.13855483,59.06107815,59.19428459,0,0
4.20000000,59.38377116,59.13654357,59.00756503,59.17796430,0,0
4.21000000,59.37703437,59.08136069,59.15043546,59.11343366,0,0
4.22000000,59.41009601,59.17206802,59.11642472,59.07911303,0,0
4.23000000,59.47001717,59.16887700,59.09864213,59.09265084,0,0
4.24000000,59.41587576,59.13927646,58.99784371,59.07695192,0,0
4.25000000,59.50526056,59.20710556,58.98089612,59.07276873,0,0
4.26000000,59.38767297,59.10714548,59.01901716,59.09729468,0,0
4.27000000,59.38586124,59.20285497,58.99615016,59.14469521,0,0
4.28000000,59.41304001,59.17385944,59.02504737,59.08776248,0,0
4.29000000,59.44196094,59.16016983,59.08249967,59.09272559,0,0
4.30000000,59.45590215,59.16160023,59.07963590,59.15387147,0,0
4.31000000,59.48579252,59.14366437,59.05976338,59.11044966,0,0
4.32000000,59.39401292,59.16590013,59.02709728,59.15142091,0,0
4.33000000,59.48360665,59.17227123,59.04347332,59.08977223,0,0
4.34000000,59.43086934,59.17020102,59.09434319,59.08679452,0,0
4.35000000,59.36912721,59.14300212,59.04861498,59.11801295,0,0
4.36000000,59.45126980,59.14946136,59.04735638,59.01632897,0,0
4.37000000,59.45389245,59.13612325,59.05290211,59.08092296,0,0
4.38000000,59.46333112,59.19388529,59.03185026,59.03742675,0,0
4.39000000,59.48829629,59.15238637,59.02462651,59.11606997,0,0
4.40000000,59.32779920,59.14936815,59.02506188,59.08742347,0,0
4.41000000,59.45819170,59.18355868,59.01536688,59.09044768,0,0
4.42000000,59.44473486,59.18739894,59.07578621,59.17376250,0,0
4.43000000,59.48318137,59.13436202,59.03847542,59.10638820,0,0
4.44000000,59.44293694,59.15685565,59.03903276,59.11941207,0,0
4.45000000,59.40805713,59.17893236,59.14909321,59.10319515,0,0
4.46000000,59.40997711,59.17014510,59.04988869,59.10395371,0,0
4.47000000,59.53250749,59.17815721,59.11388165,59.09053663,0,0
4.48000000,59.39585543,59.14780407,59.07527222,59.07465239,0,0
4.49000000,59.50717091,59.20821962,59.04542774,59.13037980,0,0
4.50000000,59.41448886,59.12903784,59.08280076,59.17208549,0,0
4.51000000,59.47993892,59.22589121,59.06086115,59.17212798,0,0
4.52000000,59.41002900,59.09069536,58.94244339,59.16740822,0,0
4.53000000,59.42657677,59.19207344,59.05769562,59.15782266,0,0
4.54000000,59.37371124,59.07399719,59.06062217,59.03933775,0,0
4.55000000,59.50525910,59.16211202,59.17066460,59.08833068,0,0
4.56000000,59.42209438,59.14997999,59.06352963,59.02735108,0,0
4.57000000,59.43179093,59.10219412,59.00416121,59.03146650,0,0
4.58000000,59.38871436,59.15567038,59.03662367,59.05502954,0,0
4.59000000,59.36111594,59.11260389,59.06123854,59.12655325,0,0
4.60000000,59.48797189,59.13993440,59.00661114,59.10820334,0,0
4.61000000,59.49065406,59.17693290,59.07200064,59.12772353,0,0
4.62000000,59.40489156,59.15012782,59.07643575,59.09081341,0,0
4.63000000,59.36632403,59.12772269,59.05094654,59.14284198,0,0
4.64000000,59.43876148,59.17029203,59.07217438,59.14403305,0,0
4.65000000,59.48266287,59.11501269,59.06540332,59.09322272,0,0
4.66000000,59.48846064,59.13663176,59.16737938,59.18593061,0,0
4.67000000,59.31379295,59.11940734,59.05793640,59.11155443,0,0
4.68000000,59.44441860,59.13236091,59.03799672,59.16974073,0,0
4.69000000,59.44268525,59.21664551,59.05975007,59.05008475,0,0
4.70000000,59.44689894,59.15107359,59.01625278,59.03917431,0,0
4.71000000,59.41745554,59.07287078,59.02741744,59.14295693,0,0
4.72000000,59.40297029,59.10411894,59.07903103,59.05323538,0,0
4.73000000,59.40823213,59.16103648,59.13235468,59.19711487,0,0
4.74000000,59.53659092,59.22777984,59.02697274,59.16300454,0,0
4.75000000,59.38500203,59.09383418,59.02396532,59.11525833,0,0
4.76000000,59.46540279,59.07149399,58.96724162,59.11624289,0,0
4.77000000,59.36666575,59.04347112,59.07412156,59.03196304,0,0
4.78000000,59.38945194,59.18757224,59.07925694,59.01437854,0,0
4.79000000,59.41133606,59.11572929,59.05209855,59.10277077,0,0
4.80000000,59.39796585,59.12759028,59.04714089,58.99736417,0,0
4.81000000,59.40795215,59.10415004,59.03768411,59.05371377,0,0
4.82000000,59.45979536,59.07714684,59.03646334,59.09201089,0,0
4.83000000,59.37436957,59.17922240,59.03596267,59.07680109,0,0
4.84000000,59.43852385,59.15194673,59.04205283,59.19216679,0,0
4.85000000,59.30444628,59.15241802,58.98524387,59.13694207,0,0
4.86000000,59.42348614,59.05525463,59.09883327,59.09654515,0,0
4.87000000,59.45855888,59.04599291,59.05222650,59.11526583,0,0
4.88000000,59.46350435,59.06554493,59.04662868,58.99785664,0,0
4.89000000,59.31118129,59.08018380,58.96028180,59.04446370,0,0
4.90000000,59.37222387,59.09078063,58.99189975,59.07374841,0,0
4.91000000,59.26209100,59.14498119,59.04929231,59.03453570,0,0
4.92000000,59.48424119,59.05831596,59.02969550,59.08925177,0,0
4.93000000,59.42527020,59.10073464,59.03070432,59.10794019,0,0
4.94000000,59.39669446,59.07719123,59.05691723,59.01906285,0,0
4.95000000,59.32984642,59.10518591,59.05201587,59.09035221,0,0
4.96000000,59.41730423,59.09830783,59.03963919,59.10861169,0,0
4.97000000,59.44316350,59.11351867,59.02431259,59.02956749,0,0
4.98000000,59.58008032,59.06298174,59.09555117,59.09489728,0,0
4.99000000,59.33498001,59.12820849,59.03708628,59.00738304,0,0
5.00000000,59.41482293,59.07370257,59.06533395,59.08589430,0,0
5.01000000,59.41922519,59.11490172,59.05829478,59.09774712,0,0
5.02000000,59.41079887,59.13885868,59.02229986,59.03700432,0,0
5.03000000,59.46387715,59.04311586,59.04516983,59.06494636,0,0
5.04000000,59.39918006,59.07855216,59.10063457,59.06901097,0,0
5.05000000,59.43949012,59.07085752,59.06472392,59.00358160,0,0
5.06000000,59.44322437,59.15580683,59.02066906,59.08056496,0,0
5.07000000,59.46967404,59.10575913,58.96496804,59.03686765,0,0
5.08000000,59.38137692,58.99839661,58.94531405,59.08427779,0,0
5.09000000,59.43193899,59.03655298,59.02663697,59.06556196,0,0
5.10000000,59.35349984,59.08756851,59.05278989,59.00380340,0,0
5.11000000,59.46520832,59.05924021,59.02593289,59.00171287,0,0
5.12000000,59.38178733,59.02179668,58.98455531,58.97665948,0,0
5.13000000,59.40428680,59.05541600,59.00117409,58.90239800,0,0
5.14000000,59.48191343,59.11885666,59.03355102,59.00071667,0,0
5.15000000,59.41834139,59.13593645,59.08812326,59.02526126,0,0
5.16000000,59.41847102,59.00492097,59.06692618,59.06990181,0,0
5.17000000,59.50982416,58.95795867,59.02461174,59.05108242,0,0
5.18000000,59.48150264,59.00633264,59.04581987,59.02454717,0,0
5.19000000,59.48191357,59.05481841,59.09861661,59.02683279,0,0
5.20000000,59.35678269,59.11188739,59.12306110,58.99785449,0,0
5.21000000,59.35041542,59.02665430,59.05000111,58.93486296,0,0
5.22000000,59.49288067,59.03612735,59.07049455,58.99546822,0,0
5.23000000,59.50541221,59.06131299,59.07703652,59.00153043,0,0
5.24000000,59.44749117,59.08900701,59.06670259,59.02983153,0,0
5.25000000,59.43628064,59.10612469,59.05550106,59.07558373,0,0
5.26000000,59.42193887,59.08210207,59.07661004,59.02814315,0,0
5.27000000,59.42848550,59.03854771,59.11259866,59.01190512,0,0
5.28000000,59.44554553,59.05881552,59.03663864,59.04923122,0,0
5.29000000,59.42884243,59.06533637,58.98970495,58.96019588,0,0
5.30000000,59.47573850,59.08712538,58.97374699,58.99806409,0,0
5.31000000,59.48065401,59.12543225,59.04420355,59.03077268,0,0
5.32000000,59.44210088,59.04761705,59.03600353,59.08530759,0,0
5.33000000,59.45150173,59.00150031,59.01013266,59.04551659,0,0
5.34000000,59.34445290,58.99752214,59.13556535,58.94925636,0,0
5.35000000,59.40812757,59.07202640,59.05190889,58.94912733,0,0
5.36000000,59.40066267,59.10637712,59.04434441,58.97658731,0,0
5.37000000,59.44962191,59.10327774,58.99029032,58.98404854,0,0
5.38000000,59.42156629,59.06516452,59.03051216,59.00641620,0,0
5.39000000,59.38526062,59.02476715,59.00964235,59.01349589,0,0
5.40000000,59.39393561,59.01432830,59.05956114,59.04168846,0,0
5.41000000,59.41083389,59.00854346,59.02525029,59.00986293,0,0
5.42000000,59.34814987,59.12438421,59.06865180,58.97852391,0,0
5.43000000,59.35518962,59.02446103,59.06474477,58.97163955,0,0
5.44000000,59.37577131,59.04782432,59.05703008,59.02998736,0,0
5.45000000,59.43972761,58.99244793,59.02268551,58.90579632,0,0
5.46000000,59.42775673,59.07858096,58.99854542,58.99964457,0,0
5.47000000,59.39518276,59.12793837,59.00150822,59.03702972,0,0
5.48000000,59.31358023,59.05989178,59.06624816,59.07737765,0,0
5.49000000,59.40439523,59.03811364,59.06511722,59.12752887,0,0
5.50000000,59.40357234,59.03277047,59.06847452,59.05440504,0,0
5.51000000,59.43301818,59.04083048,59.02939893,59.01777630,0,0
5.52000000,59.38561561,59.03187934,58.99826087,58.98907627,0,0
5.53000000,59.35756861,59.02673242,59.01413889,58.93726960,0,0
5.54000000,59.39340465,59.01231912,59.04395155,58.97042938,0,0
5.55000000,59.36524229,59.01663463,59.03608568,59.01166840,0,0
5.56000000,59.38383973,59.10427944,59.02814157,58.94772468,0,0
5.57000000,59.32092203,59.08182220,58.99250214,59.02333018,0,0
5.58000000,59.38783559,59.03468860,58.95487421,58.99965395,0,0
5.59000000,59.35189141,58.93904114,59.04695419,58.94923694,0,0
5.60000000,59.42391264,58.96074294,59.01679032,58.97372600,0,0
5.61000000,59.36659614,59.00628564,58.95727471,58.92421206,0,0
5.62000000,59.36337685,59.03374337,58.97259716,58.91463656,0,0
5.63000000,59.29044703,58.99366036,58.98361267,58.94527886,0,0
5.64000000,59.32814014,58.98583940,59.01542367,58.96220338,0,0
5.65000000,59.41827904,58.98559082,58.95128962,58.96672146,0,0
5.66000000,59.36733928,59.00203882,58.98179298,58.95975943,0,0
5.67000000,59.31329677,58.97802717,58.99354857,58.91417435,0,0
5.68000000,59.33843240,58.94819189,58.97994794,58.99768939,0,0
5.69000000,59.27064256,58.98871920,58.96515900,58.95302587,0,0
5.70000000,59.34211963,58.98760382,59.00864335,58.90911818,0,0
5.71000000,59.31765107,59.05652808,58.96189270,58.94888563,0,0
5.72000000,59.39165341,59.04299934,58.95511007,58.99367878,0,0
5.73000000,59.34570867,58.91240023,58.94787412,59.03350314,0,0
5.74000000,59.34979752,58.96355068,58.96912814,59.02779102,0,0
5.75000000,59.26481033,58.94118285,59.00748120,58.94531940,0,0
5.76000000,59.35109157,58.97429905,58.97970298,58.91664443,0,0
5.77000000,59.32444587,58.99387793,58.98717462,58.86815638,0,0
5.78000000,59.38101131,58.99596999,58.98324146,58.87981486,0,0
5.79000000,59.36028310,58.98920672,58.96215834,58.92931747,0,0
5.80000000,59.35465105,58.95795886,58.94102242,58.96899254,0,0
5.81000000,59.30598973,58.91193491,58.95349509,58.98378145,0,0
5.82000000,59.30534741,58.96044980,58.96934135,59.01613380,0,0
5.83000000,59.33747676,58.96928870,58.98884787,59.00804509,0,0
5.84000000,59.37360267,59.00497836,59.02319434,58.92825981,0,0
5.85000000,59.38209827,58.97186323,59.02321450,58.83939224,0,0
5.86000000,59.34738806,58.94680689,58.95955958,58.84250738,0,0
5.87000000,59.23905483,58.93294565,58.87851500,58.83693086,0,0
5.88000000,59.27125816,58.92077202,58.92550440,58.86793495,0,0
5.89000000,59.29043732,59.02043445,58.92330649,58.94144052,0,0
5.90000000,59.35095720,58.98624134,58.89025385,58.91363137,0,0
5.91000000,59.28825392,58.94458647,58.92083424,58.87616903,0,0
5.92000000,59.27813006,58.90023671,58.95925034,58.92954566,0,0
5.93000000,59.29227229,58.93016989,58.89966309,58.89953894,0,0
5.94000000,59.33413976,58.96838403,58.91350964,58.96394026,0,0
5.95000000,59.32813239,58.95745157,58.91681475,58.96293421,0,0
5.96000000,59.27040599,58.90900762,58.99125995,58.95446568,0,0
5.97000000,59.23095719,58.91519839,58.94361477,58.97758114,0,0
5.98000000,59.32101667,58.91679127,58.89893786,58.89129281,0,0
5.99000000,59.28754004,58.92136022,58.92477121,58.86150400,0,0
6.00000000,59.32543545,58.95904098,58.98053577,58.87253161,0,0
6.01000000,59.25222382,58.90937988,58.93943872,58.88021152,0,0
6.02000000,59.25141178,58.95283861,59.02294990,58.91933959,0,0
6.03000000,59.28113583,58.91342037,59.02113888,58.91377324,0,0
6.04000000,59.34028971,58.92442239,58.89468612,58.94821755,0,0
6.05000000,59.28457697,58.95573399,58.89035623,58.90603772,0,0
6.06000000,59.32059201,58.96137680,58.93732748,58.91254734,0,0
6.07000000,59.23229903,58.93459420,59.00485103,58.87558057,0,0
6.08000000,59.30807084,58.97020241,59.00726818,58.89022969,0,0
6.09000000,59.34542795,58.93325754,58.89711359,58.84074776,0,0
6.10000000,59.33129767,58.98091644,58.93828155,58.87781116,0,0
6.11000000,59.29305040,59.00386575,58.92483852,58.89125183,0,0
6.12000000,59.31123358,58.98692636,58.91587976,58.96247410,0,0
6.13000000,59.29462761,58.97902241,58.91874073,58.95479642,0,0
6.14000000,59.33637103,59.01134881,58.89682887,58.89112975,0,0
6.15000000,59.27705898,58.94971382,58.90409023,58.94436866,0,0
6.16000000,59.37182886,58.87783686,58.94916893,58.91419538,0,0
6.17000000,59.37880401,58.91095613,58.92626894,58.87130566,0,0
6.18000000,59.30917997,59.06803694,58.96000674,58.88658048,0,0
6.19000000,59.24210309,59.00144422,58.88115203,58.85824521,0,0
6.20000000,59.25722384,58.91589010,58.89767657,58.88201520,0,0
6.21000000,59.31533188,58.94069703,58.89372465,58.84481488,0,0
6.22000000,59.40860186,58.99518446,58.91112906,58.87238002,0,0
6.23000000,59.33800739,59.03518521,58.91343238,58.91789220,0,0
6.24000000,59.31099827,58.99909139,58.94892819,58.88808784,0,0
6.25000000,59.26314757,58.97844382,58.91221583,58.85793135,0,0
6.26000000,59.30716133,58.95347068,58.91786504,58.91522829,0,0
6.27000000,59.37233705,58.95174076,58.93843498,58.89877301,0,0
6.28000000,59.36410083,58.90243052,58.94035494,58.91186949,0,0
6.29000000,59.24249453,58.97694428,58.92671662,58.90561698,0,0
6.30000000,59.23964881,58.95601877,58.90299207,58.87624185,0,0
6.31000000,59.22752116,59.01113750,58.91851590,58.94355918,0,0
6.32000000,59.33538719,59.02781216,58.96317486,58.88851929,0,0
6.33000000,59.35438067,58.94892110,58.94681902,58.82303192,0,0
6.34000000,59.29013809,58.91840493,58.96101170,58.89700907,0,0
6.35000000,59.29728576,58.95692629,58.96108542,58.97612156,0,0
6.36000000,59.37265300,59.08838775,58.88732562,59.00962028,0,0
6.37000000,59.32921328,59.07487780,58.84509829,58.93490272,0,0
6.38000000,59.32729874,58.93517486,58.91401182,58.90684279,0,0
6.39000000,59.23960894,58.87058879,58.94407474,58.91325815,0,0
6.40000000,59.33229089,58.96646331,58.99748934,58.92239188,0,0
6.41000000,59.37319656,59.07724335,58.93585521,58.88484043,0,0
6.42000000,59.28731613,59.12729630,58.91891636,58.93976336,0,0
6.43000000,59.26331935,58.99306542,58.92413928,58.88523090,0,0
6.44000000,59.27305202,58.88387363,58.94296636,58.95195829,0,0
6.45000000,59.31546035,58.92413385,58.94845762,58.94833300,0,0
6.46000000,59.31042225,58.92806887,58.98949283,58.93565729,0,0
6.47000000,59.27813334,58.99338967,58.91631739,58.94398652,0,0
6.48000000,59.24475676,58.96744173,58.86790101,58.89355395,0,0
6.49000000,59.30887657,58.93855886,58.88073137,58.90770549,0,0
6.50000000,59.24396082,58.96742907,58.87536644,58.88638063,0,0
6.51000000,59.29662490,58.91800972,58.92956574,58.88909146,0,0
6.52000000,59.22846197,58.91861211,58.88583196,58.93783932,0,0
6.53000000,59.25285637,58.98961510,58.91180788,58.95967636,0,0
6.54000000,59.25380184,58.98908712,58.94931350,58.91420130,0,0
6.55000000,59.28000314,58.98167695,58.89386683,58.85227068,0,0
6.56000000,59.24305349,58.93760357,58.88209472,58.84637954,0,0
6.57000000,59.26777090,58.93832270,58.93261405,58.91404067,0,0
6.58000000,59.24124028,58.99156414,58.91600553,58.98482551,0,0
6.59000000,59.25466653,58.97566562,58.88482858,59.06723404,0,0
6.60000000,59.29496535,58.98962923,58.90210245,59.05978748,0,0
6.61000000,59.26205233,58.96093168,58.93474501,58.98668615,0,0
6.62000000,59.25222253,58.94601227,58.94396291,58.92731511,0,0
6.63000000,59.26652133,58.94523558,58.94240301,58.96158540,0,0
6.64000000,59.25835029,59.00459509,58.96873586,58.92023303,0,0
6.65000000,59.26024085,59.02725774,58.94350501,58.91650209,0,0
6.66000000,59.22597082,59.00902675,58.89207127,58.94290475,0,0
6.67000000,59.25075772,58.93802512,58.90133508,58.98829193,0,0
6.68000000,59.26273620,58.97902631,58.89240647,58.99631522,0,0
6.69000000,59.30456136,58.99452529,58.89456042,58.98597426,0,0
6.70000000,59.28058638,59.00298210,58.91575704,58.99589200,0,0
6.71000000,59.32558509,58.96890289,58.90424619,58.98082901,0,0
6.72000000,59.25154149,58.97984750,58.88878686,58.88124292,0,0
6.73000000,59.25413529,59.05401250,58.94413710,58.90692324,0,0
6.74000000,59.25807256,59.03995135,58.86646474,58.90167726,0,0
6.75000000,59.32875321,59.01435828,58.90430485,58.92687727,0,0
6.76000000,59.34481154,58.97691209,58.84624479,58.91780482,0,0
6.77000000,59.27410365,58.99185325,58.89823306,58.93100425,0,0
6.78000000,59.27484219,59.00906758,58.92115256,58.96521122,0,0
6.79000000,59.28579998,59.03908768,58.93655397,58.98071367,0,0
6.80000000,59.33147476,59.09149313,58.89427427,58.95968348,0,0
6.81000000,59.32997930,59.07248036,58.90523907,59.01361156,0,0
6.82000000,59.32803174,58.97630953,58.90515067,58.96590050,0,0
6.83000000,59.25868293,58.96325706,58.93310770,58.99251099,0,0
6.84000000,59.33921382,59.01035511,58.88685699,58.95325941,0,0
6.85000000,59.30310922,59.01652246,58.90975546,58.92234629,0,0
6.86000000,59.32091815,59.05127546,58.97718780,58.95053300,0,0
6.87000000,59.29946620,59.02382585,58.94164502,58.90392709,0,0
6.88000000,59.26092800,58.98146986,58.91685116,58.89531230,0,0
6.89000000,59.25292475,59.02668779,58.88232794,58.93084131,0,0
6.90000000,59.31778550,58.99158293,58.82202857,58.94646875,0,0
6.91000000,59.33364894,59.00842837,58.84754018,59.00852365,0,0
6.92000000,59.32431375,58.98468645,58.83792102,58.99481317,0,0
6.93000000,59.28351607,58.99119015,58.94170638,58.91730721,0,0
6.94000000,59.33009029,58.99713397,58.95438509,58.93490734,0,0
6.95000000,59.33969604,59.00055008,58.87432984,58.84665460,0,0
6.96000000,59.28774539,58.99174951,58.85779808,58.84961051,0,0
6.97000000,59.23211918,59.06173475,58.87811429,58.91247011,0,0
6.98000000,59.27414834,59.04862622,58.90689751,58.95040044,0,0
6.99000000,59.26843783,58.99204184,58.89512558,58.99973916,0,0
7.00000000,59.30663414,58.91610834,58.90992536,58.96972507,0,0
7.01000000,59.27656794,58.89583828,58.94503514,58.97671836,0,0
7.02000000,59.24074345,58.97686669,58.95043629,59.05447362,0,0
7.03000000,59.26827792,59.03845951,58.92025964,59.01580926,0,0
7.04000000,59.25566150,59.04341583,59.00191129,59.00889343,0,0
7.05000000,59.31505699,58.99055753,58.93276954,58.96791028,0,0
7.06000000,59.25533478,58.90648104,58.89998244,58.99324276,0,0
7.07000000,59.16673569,58.94694686,58.86163115,59.00630703,0,0
7.08000000,59.16668795,59.05800865,58.88649139,58.96629236,0,0
7.09000000,59.29319236,59.08878429,58.87428153,58.90912457,0,0
7.10000000,59.33054573,58.96213142,58.89242918,58.91895810,0,0
7.11000000,59.33053531,58.89422325,58.91861828,58.88552342,0,0
7.12000000,59.21411204,58.98342045,58.92227132,58.95213790,0,0
7.13000000,59.22977184,59.03677134,58.88360983,58.99118995,0,0
7.14000000,59.25213453,59.04730989,58.87294327,59.03395878,0,0
7.15000000,59.27821445,58.99269688,58.88912442,59.01500696,0,0
7.16000000,59.23158752,58.94515527,58.92003475,58.96737460,0,0
7.17000000,59.27121167,58.95061820,58.92411630,58.93885786,0,0
7.18000000,59.24996832,58.97587169,58.92380026,58.92882569,0,0
7.19000000,59.30529273,59.03209408,58.90197370,58.85727813,0,0
7.20000000,59.29939727,59.01624328,58.89960569,58.91316212,0,0
7.21000000,59.26452664,58.98856913,58.95259547,58.95362863,0,0
7.22000000,59.25612898,59.03032957,59.03827453,59.04861418,0,0
7.23000000,59.27848495,59.00162244,58.93923564,59.03840812,0,0
7.24000000,59.28367538,58.97930121,58.86101705,59.00062984,0,0
7.25000000,59.35124089,58.93574714,58.88486473,59.02054298,0,0
7.26000000,59.29834795,59.01925233,58.89293950,58.93400893,0,0
7.27000000,59.25815840,59.06061948,58.92675534,58.88072638,0,0
7.28000000,59.25731098,59.01668760,58.87301263,58.88310709,0,0
7.29000000,59.24767602,58.96436248,58.86475218,58.90361087,0,0
7.30000000,59.33519700,59.00980159,58.85914232,58.94474949,0,0
7.31000000,59.29944921,59.00971529,58.84421453,58.95130420,0,0
7.32000000,59.25484182,59.00301694,58.86977943,58.94347634,0,0
7.33000000,59.23902188,58.96637905,58.88285533,58.97336350,0,0
7.34000000,59.26082115,58.99234996,58.83582251,58.92087670,0,0
7.35000000,59.28264837,59.04197951,58.86698954,58.93159213,0,0
7.36000000,59.31346227,58.99115436,58.85700579,58.90400915,0,0
7.37000000,59.22272171,58.94182295,58.91096875,58.95680964,0,0
7.38000000,59.23992790,58.94174030,58.86824651,58.95576176,0,0
7.39000000,59.20489392,58.91294740,58.84719182,58.94922134,0,0
7.40000000,59.27083615,58.97612985,58.87560149,58.92273458,0,0
7.41000000,59.29031938,59.00507500,58.90263215,58.89323670,0,0
7.42000000,59.24535040,58.99964551,58.87834867,58.82764612,0,0
7.43000000,59.23618757,58.99271471,58.94466619,58.93364795,0,0
7.44000000,59.23045323,58.96544230,58.96153849,58.98496287,0,0
7.45000000,59.24595937,58.99357935,58.92648122,59.03885452,0,0
7.46000000,59.25445345,58.99593261,58.85682666,59.05558627,0,0
7.47000000,59.25492638,58.95267140,58.89364197,58.98389702,0,0
7.48000000,59.22687979,58.94495558,58.90062694,58.94296479,0,0
7.49000000,59.28287671,58.98033690,58.88614637,58.87569788,0,0
7.50000000,59.26455887,59.03856603,58.86699414,58.85553860,0,0
7.51000000,59.28594995,59.05743207,58.86933775,58.92489701,0,0
7.52000000,59.27421382,59.02015820,58.85965872,58.95331724,0,0
7.53000000,59.24215221,58.98526728,58.87634548,59.00643245,0,0
7.54000000,59.25194984,58.94464757,58.86901391,59.00383374,0,0
7.55000000,59.27477289,58.95944321,58.90026599,58.98916747,0,0
7.56000000,59.33017570,59.02391289,58.86786594,58.97903955,0,0
7.57000000,59.31088827,59.03543240,58.85454036,58.93319685,0,0
7.58000000,59.28093061,59.07033178,58.91159394,58.94441983,0,0
7.59000000,59.23495249,59.00952549,58.91996601,58.93459168,0,0
7.60000000,59.27258821,58.96706259,58.95474840,58.97973758,0,0
7.61000000,59.32265337,58.97582148,58.86251694,58.99907131,0,0
7.62000000,59.24832172,58.98218755,58.93009772,58.95476955,0,0
7.63000000,59.30898740,59.01216628,58.91314946,58.92466327,0,0
7.64000000,59.19049253,59.01929377,58.90156414,58.92922473,0,0
7.65000000,59.27225885,59.03620251,58.82615238,58.82733851,0,0
7.66000000,59.26630865,59.05055519,58.84847369,58.89945895,0,0
7.67000000,59.32650486,58.99450274,58.82319278,58.95930594,0,0
7.68000000,59.35975323,59.01600902,58.86270768,59.04756624,0,0
7.69000000,59.32727906,59.00345592,58.85261164,59.02928704,0,0
7.70000000,59.30554019,59.02704128,58.89278440,58.94579861,0,0
7.71000000,59.24869402,59.00965938,58.91702640,58.92776603,0,0
7.72000000,59.32051643,59.01877153,58.82394740,58.86195501,0,0
7.73000000,59.25166826,59.05297525,58.88835814,58.87889521,0,0
7.74000000,59.31004451,59.02036206,58.88338082,58.90992662,0,0
7.75000000,59.22418123,58.96616627,58.89552241,58.99568965,0,0
7.76000000,59.28616180,58.99513583,58.92449598,59.06396763,0,0
7.77000000,59.28248302,59.02883453,58.92815661,59.03053485,0,0
7.78000000,59.27611045,59.00893009,58.97853473,59.02170134,0,0
7.79000000,59.29400160,58.93751625,58.92142163,58.98008015,0,0
7.80000000,59.30446653,58.94832645,58.90315666,58.84140647,0,0
7.81000000,59.25768468,59.05238817,58.85668309,58.86966780,0,0
7.82000000,59.23608332,59.00381627,58.85059816,58.85590017,0,0
7.83000000,59.17116296,58.99981455,58.78446349,58.93391333,0,0
7.84000000,59.29293350,58.97173993,58.80540647,58.92665863,0,0
7.85000000,59.19514214,58.91320963,58.85330441,58.90507208,0,0
7.86000000,59.16491145,58.90243530,58.91426219,58.98133163,0,0
7.87000000,59.19929638,58.96296852,58.91397596,58.97890490,0,0
7.88000000,59.30907317,59.07616760,58.90887101,58.91911625,0,0
7.89000000,59.38393055,59.07163372,58.91401086,59.00731374,0,0
7.90000000,59.27211696,58.93683616,58.91806288,59.00348979,0,0
7.91000000,59.20342943,58.95031941,58.88696243,59.01787551,0,0
7.92000000,59.17183236,58.98376221,58.92339919,59.01527086,0,0
7.93000000,59.34618320,59.02059298,58.94699752,58.99322815,0,0
7.94000000,59.35177956,59.01863630,58.98064157,58.99356558,0,0
7.95000000,59.34039816,59.00435637,58.88486955,58.89498711,0,0
7.96000000,59.22186223,59.04472086,58.94740536,58.89014065,0,0
7.97000000,59.24908402,58.99762570,58.96451215,58.94929557,0,0
7.98000000,59.24404713,59.02250862,58.96835432,59.01798655,0,0
7.99000000,59.25581472,59.02531136,58.96667646,59.07632352,0,0
8.00000000,59.23985486,59.01794428,58.94574701,59.08737366,0,0
8.01000000,59.33058482,58.97159962,59.02915853,59.06447306,0,0
8.02000000,59.34959746,59.04390865,58.89100599,58.96379729,0,0
8.03000000,59.34956946,59.01784904,58.81302158,58.82688881,0,0
8.04000000,59.24634257,59.02031209,58.79564360,58.85698515,0,0
8.05000000,59.24624480,58.98496226,58.89078909,58.88404547,0,0
8.06000000,59.32860641,59.07276469,58.91874275,58.95413619,0,0
8.07000000,59.27257231,59.03558364,58.80596308,58.95233873,0,0
8.08000000,59.32587276,58.97333753,58.79436013,58.94147715,0,0
8.09000000,59.21914392,58.95519422,58.81798564,58.96745369,0,0
8.10000000,59.30577976,59.01623933,58.82869201,58.90590958,0,0
8.11000000,59.29395765,59.08231158,58.93184915,58.93102014,0,0
8.12000000,59.30667063,58.99713419,58.89244600,58.93319136,0,0
8.13000000,59.19176201,58.94025589,58.90282242,58.90173825,0,0
8.14000000,59.22118648,58.98265670,58.93956250,58.95494484,0,0
8.15000000,59.26277779,58.97975845,58.93019503,58.96119441,0,0
8.16000000,59.25359288,58.96401725,58.89013943,58.92956073,0,0
8.17000000,59.28852455,58.97283768,58.94183824,58.93810282,0,0
8.18000000,59.18616040,58.97172926,58.86334940,58.85162920,0,0
8.19000000,59.28560048,59.03915512,58.90735085,58.95655980,0,0
8.20000000,59.27577047,58.97505080,58.92048211,58.95928416,0,0
8.21000000,59.22331650,58.98537889,58.84604103,59.03603938,0,0
8.22000000,59.20129926,58.94656176,58.85146719,59.04735794,0,0
8.23000000,59.28760205,58.90074710,58.90967162,58.96987759,0,0
8.24000000,59.22710350,58.91197934,58.87992090,58.91694020,0,0
8.25000000,59.29968424,58.98971563,58.89185993,58.87391188,0,0
8.26000000,59.13723794,58.97312869,58.79166900,58.81978816,0,0
8.27000000,59.24432246,59.02004403,58.86143964,58.89095231,0,0
8.28000000,59.21899773,58.98991968,58.90640499,58.90687133,0,0
8.29000000,59.25890526,58.98014211,58.90474864,58.97203680,0,0
8.30000000,59.26078252,58.85347664,58.84995681,58.96729397,0,0
8.31000000,59.25289528,58.92963037,58.90425860,58.97490444,0,0
8.32000000,59.23647312,59.00026885,58.94460065,59.00722340,0,0
8.33000000,59.21930181,59.08346456,58.87966317,58.94966864,0,0
8.34000000,59.20675739,59.02871735,58.92213831,58.90992620,0,0
8.35000000,59.26238994,58.88540904,58.91613926,58.91618320,0,0
8.36000000,59.26985266,58.89365975,58.94192853,58.93632985,0,0
8.37000000,59.21401204,58.93912742,58.84838766,59.00672186,0,0
8.38000000,59.21332135,59.01155386,58.84425472,58.95237840,0,0
8.39000000,59.24148036,58.99542447,58.88021302,58.91581779,0,0
8.40000000,59.23544852,58.98363185,58.88635221,58.92535936,0,0
8.41000000,59.25774277,58.98782470,58.81722550,58.85156023,0,0
8.42000000,59.21080222,59.07642380,58.85002208,58.92867846,0,0
8.43000000,59.25903255,58.99359853,58.80215012,58.94395127,0,0
8.44000000,59.27230532,58.93696312,58.84963550,58.99324881,0,0
8.45000000,59.28537540,58.88805495,58.86467286,58.97098933,0,0
8.46000000,59.33408690,58.94296758,58.90489493,58.97075992,0,0
8.47000000,59.20843995,59.02661990,58.95855683,58.97970798,0,0
8.48000000,59.08880975,59.08870922,58.85061030,58.88418104,0,0
8.49000000,59.25787864,59.04779043,58.95629066,58.86263827,0,0
8.50000000,59.29041107,58.89156612,58.89597683,58.84253281,0,0
8.51000000,59.35207452,58.96812827,58.86415210,58.96332519,0,0
8.52000000,59.18826777,59.03151828,58.84897023,59.05774865,0,0
8.53000000,59.18302329,59.06818581,58.87262047,58.99444835,0,0
8.54000000,59.27824704,59.04443388,58.85887625,59.00306642,0,0
8.55000000,59.43563162,59.01858969,58.86839182,58.94454811,0,0
8.56000000,59.26898699,58.96229571,58.85270275,58.78817893,0,0
8.57000000,59.20080913,59.01679654,58.81473748,58.89336652,0,0
8.58000000,59.19413331,58.96432989,58.79927033,58.88629991,0,0
8.59000000,59.25476269,59.09503319,58.77191566,59.02249192,0,0
8.60000000,59.32955330,59.00398860,58.82790563,58.95941740,0,0
8.61000000,59.30149696,59.03721774,58.84096162,58.86341914,0,0
8.62000000,59.22844637,58.95094265,58.85583203,58.90752063,0,0
8.63000000,59.22233531,59.00884381,58.87307793,58.88441770,0,0
8.64000000,59.24908793,59.02337939,58.89393245,58.87604398,0,0
8.65000000,59.30490491,59.01123236,58.81314884,58.93671600,0,0
8.66000000,59.21544508,59.02805263,58.89687322,58.99365778,0,0
8.67000000,59.20401389,58.96999543,58.86478738,58.95348394,0,0
8.68000000,59.28168258,59.07418793,58.90611509,58.91820740,0,0
8.69000000,59.24925249,58.92674550,58.84470790,58.91731488,0,0
8.70000000,59.20675132,58.92226917,58.83774909,58.91668372,0,0
8.71000000,59.25392880,59.00278885,58.88065944,58.85669980,0,0
8.72000000,59.19878467,58.99360637,58.91505929,58.93773033,0,0
8.73000000,59.30749439,59.03389308,58.85237267,58.94424507,0,0
8.74000000,59.17133120,58.99250729,58.85377380,59.02464145,0,0
8.75000000,59.18754372,58.92832327,58.81278716,59.03491743,0,0
8.76000000,59.24677610,58.95402489,58.88272469,59.00092078,0,0
8.77000000,59.33796579,58.95562215,58.84238056,59.05120985,0,0
8.78000000,59.20547826,59.03351338,58.84102634,58.93790880,0,0
8.79000000,59.21231589,59.02233983,58.89801757,58.86389925,0,0
8.80000000,59.12360318,58.94078266,58.87249195,58.90946244,0,0
8.81000000,59.21982378,58.95809539,58.83729320,58.89747877,0,0
8.82000000,59.26454033,58.92576424,58.85462475,58.94308238,0,0
8.83000000,59.25273472,58.93262004,58.81690456,58.98346397,0,0
8.84000000,59.19669857,58.97641810,58.88824812,58.93166031,0,0
8.85000000,59.23393053,58.98149660,58.90555104,59.02407188,0,0
8.86000000,59.23597684,59.07324589,58.87754574,58.88845732,0,0
8.87000000,59.28587946,58.95830733,58.78257239,58.90958952,0,0
8.88000000,59.16760898,58.89664202,58.83842434,58.97950934,0,0
8.89000000,59.21570940,58.97804873,58.87707313,58.97411334,0,0
8.90000000,59.27476632,58.98685258,58.94575454,58.97926725,0,0
8.91000000,59.19389162,58.98047653,58.88197391,58.93173109,0,0
8.92000000,59.24470817,58.96408083,58.86746652,58.88651162,0,0
8.93000000,59.13214676,59.00376089,58.84131862,58.82523292,0,0
8.94000000,59.17596881,59.06426559,58.84098918,58.80908815,0,0
8.95000000,59.18281559,58.96665982,58.81673300,58.93853786,0,0
8.96000000,59.23672688,58.97057568,58.80750368,59.01919941,0,0
8.97000000,59.19521840,58.94668408,58.77734372,59.01643563,0,0
8.98000000,59.28199193,58.91475947,58.78039499,59.01263710,0,0
8.99000000,59.20240589,58.95467218,58.82355045,58.95423820,0,0
9.00000000,59.09885551,58.99321095,58.80317795,58.81863714,0,0
9.01000000,59.18590547,58.99859799,58.86543001,58.84503041,0,0
9.02000000,59.16229032,58.92285271,58.84150657,58.85665899,0,0
9.03000000,59.27228862,58.97303339,58.80975193,58.90467622,0,0
9.04000000,59.18825676,58.98779720,58.85075236,58.95696714,0,0
9.05000000,59.15414645,58.92816655,58.79550856,58.97973927,0,0
9.06000000,59.19659176,58.94577754,58.92449855,58.96440149,0,0
9.07000000,59.21646374,58.98022953,58.96924742,58.97401797,0,0
9.08000000,59.29168500,59.03740597,58.86662926,58.86565076,0,0
9.09000000,59.22031188,58.99389121,58.87434472,58.96230696,0,0
9.10000000,59.15613893,58.95171176,58.78615715,58.89528913,0,0
9.11000000,59.16267740,58.95395675,58.80416814,58.98700682,0,0
9.12000000,59.18904279,58.87432819,58.80280847,58.96528394,0,0
9.13000000,59.22001382,58.89671448,58.79724830,58.90937311,0,0
9.14000000,59.24138378,58.93098253,58.82411566,58.96963582,0,0
9.15000000,59.12245079,59.02612968,58.80687262,58.83866313,0,0
9.16000000,59.13249710,59.02258479,58.79205593,58.78481957,0,0
9.17000000,59.22985946,58.89646780,58.72941250,58.84897526,0,0
9.18000000,59.22028382,58.88573931,58.80386723,58.89671888,0,0
9.19000000,59.18389240,58.97751569,58.79339521,58.93045506,0,0
9.20000000,59.15682783,58.98545269,58.75998093,59.00817883,0,0
9.21000000,59.16299143,58.95134563,58.81076486,58.94185009,0,0
9.22000000,59.24602385,58.90519422,58.77897853,58.86319456,0,0
9.23000000,59.21944967,58.87880255,58.83310111,58.78332076,0,0
9.24000000,59.18910562,58.91505193,58.79973093,58.86257647,0,0
9.25000000,59.18779284,59.00448622,58.85007979,58.87789495,0,0
9.26000000,59.13646811,59.10424681,58.84460790,58.90796372,0,0
9.27000000,59.22895251,58.94314007,58.82526587,58.99780222,0,0
9.28000000,59.21567308,58.84049273,58.84873535,58.94659239,0,0
9.29000000,59.17149969,58.90064284,58.83039900,58.95699754,0,0
9.30000000,59.19645748,59.01902840,58.76495200,58.91611777,0,0
9.31000000,59.15467458,59.03449085,58.79651677,58.88297682,0,0
9.32000000,59.14282642,58.92368979,58.77345183,58.85798674,0,0
9.33000000,59.21962650,58.90800694,58.80381237,58.83578551,0,0
9.34000000,59.18522636,58.87576456,58.80559488,58.91327536,0,0
9.35000000,59.18872727,58.94780608,58.75368974,58.92666216,0,0
9.36000000,59.17568291,58.93542721,58.74652931,58.89017462,0,0
9.37000000,59.09868589,58.93802484,58.78763986,58.89788814,0,0
9.38000000,59.19124273,58.88916356,58.76787679,58.80667983,0,0
9.39000000,59.15358549,58.90211409,58.78911866,58.88007216,0,0
9.40000000,59.13096192,58.91192415,58.76998269,58.85314081,0,0
9.41000000,59.15374760,59.00235863,58.78569802,58.95886198,0,0
9.42000000,59.12426369,58.89269176,58.80471898,58.95359125,0,0
9.43000000,59.16908510,58.84224257,58.81873427,58.89354862,0,0
9.44000000,59.14570905,58.88372717,58.90326536,58.91000466,0,0
9.45000000,59.14552855,58.89771186,58.80551225,58.81291693,0,0
9.46000000,59.12497005,58.96094284,58.76067989,58.83306413,0,0
9.47000000,59.20612829,58.93489171,58.80688122,58.81949918,0,0
9.48000000,59.07413678,58.92760194,58.78578186,58.86144511,0,0
9.49000000,59.12237457,58.89858707,58.71120835,58.95440594,0,0
9.50000000,59.12547691,58.87951920,58.76817695,58.94494076,0,0
9.51000000,59.21953664,58.92587309,58.82416773,58.95466812,0,0
9.52000000,59.21944140,58.93682906,58.73413952,58.93557397,0,0
9.53000000,59.15136839,58.94878501,58.77504772,58.82905386,0,0
9.54000000,59.16206211,58.94435931,58.73572979,58.87039417,0,0
9.55000000,59.19300583,58.92154544,58.81095919,58.86114188,0,0
9.56000000,59.10691153,58.90040895,58.79251073,58.88429023,0,0
9.57000000,59.20205174,58.88767414,58.77903190,58.90552263,0,0
9.58000000,59.16701927,58.90565369,58.81128234,58.86892177,0,0
9.59000000,59.13314578,58.96172797,58.81479321,58.87855672,0,0
9.60000000,59.15778534,58.94419406,58.78776176,58.75166676,0,0
9.61000000,59.18449123,58.91943033,58.76558638,58.84283149,0,0
9.62000000,59.14333872,58.91852072,58.79092382,58.79101171,0,0
9.63000000,59.17906388,58.93376121,58.80272750,58.93682941,0,0
9.64000000,59.11631049,58.90256044,58.82490206,58.97880776,0,0
9.65000000,59.21051126,58.90614241,58.76147613,58.86341096,0,0
9.66000000,59.15298863,58.89090515,58.78655852,58.90367819,0,0
9.67000000,59.10838909,58.95135027,58.69747016,58.83387346,0,0
9.68000000,59.16015833,58.90594123,58.70157714,58.75863435,0,0
9.69000000,59.18516362,58.92039340,58.71822675,58.77202708,0,0
9.70000000,59.15527229,58.92161239,58.73746145,58.78962925,0,0
9.71000000,59.17636151,58.90176196,58.71624859,58.88151751,0,0
9.72000000,59.15672527,58.86452298,58.77494899,58.88789899,0,0
9.73000000,59.17603583,58.93013876,58.81636831,58.88111761,0,0
9.74000000,59.16303765,58.91238421,58.75907811,58.92314571,0,0
9.75000000,59.12214752,58.92249018,58.77602573,58.81183313,0,0
9.76000000,59.15226636,58.89079488,58.79782354,58.82867199,0,0
9.77000000,59.14978366,58.93040912,58.84636506,58.85819117,0,0
9.78000000,59.18413065,58.94411092,58.88842751,58.93511576,0,0
9.79000000,59.23873532,58.90181661,58.76592192,58.93507203,0,0
9.80000000,59.17499337,58.88243164,58.83431434,58.87843122,0,0
9.81000000,59.12730495,58.86939137,58.78218866,58.89565266,0,0
9.82000000,59.12342587,58.95619070,58.78671517,58.80977569,0,0
9.83000000,59.11092309,58.98287524,58.74652418,58.83936334,0,0
9.84000000,59.27387697,59.00999084,58.74689478,58.87019588,0,0
9.85000000,59.17523527,58.99920889,58.74218647,58.94545489,0,0
9.86000000,59.16098732,58.75404507,58.74686636,58.96822774,0,0
9.87000000,59.12818964,58.79576647,58.74744611,58.88604530,0,0
9.88000000,59.15595314,58.86286674,58.81851363,58.90409399,0,0
9.89000000,59.15092861,59.04269877,58.75222839,58.78333189,0,0
9.90000000,59.18530228,59.01832135,58.76906320,58.74054361,0,0
9.91000000,59.10594441,58.88990708,58.75609720,58.73002248,0,0
9.92000000,59.12326777,58.82953799,58.76501195,58.82463023,0,0
9.93000000,59.20519845,58.89333189,58.72332705,58.90894743,0,0
9.94000000,59.18021160,58.96030911,58.76591273,58.89514817,0,0
9.95000000,59.19751783,58.91538037,58.80401012,58.89500950,0,0
9.96000000,59.09600411,58.89957305,58.82592273,58.90852938,0,0
9.97000000,59.10158792,58.89501807,58.77589234,58.76402453,0,0
9.98000000,59.17210811,58.92835809,58.83957930,58.78713592,0,0
9.99000000,59.12308474,58.93773529,58.73103775,58.82249003,0,0
10.00000000,59.11393503,58.84820476,58.76428058,58.90467947,0,0
10.01000000,59.11904046,58.79199675,58.78365507,58.96998076,0,0
10.02000000,59.16701774,58.84524075,58.78672428,58.97750975,0,0
10.03000000,59.08435344,58.95673798,58.76042749,58.87971750,0,0
10.04000000,59.07523024,58.95562250,58.72397526,58.74162145,0,0
10.05000000,59.05936946,58.81684460,58.77596092,58.78211577,0,0
10.06000000,59.17204235,58.86017870,58.73226913,58.80725800,0,0
10.07000000,59.20624694,58.93898883,58.75751223,58.89863409,0,0
10.08000000,59.14503938,58.92931233,58.71342664,58.94962257,0,0
10.09000000,59.12408483,58.85600927,58.77577045,58.85512584,0,0
10.10000000,59.09879186,58.81970581,58.83368697,58.85958543,0,0
10.11000000,59.24400097,58.92140396,58.78516312,58.83493207,0,0
10.12000000,59.18716036,58.92399765,58.77120080,58.75515588,0,0
10.13000000,59.05824377,58.93389718,58.76754886,58.76418980,0,0
10.14000000,58.99235082,58.89935767,58.79181548,58.81906825,0,0
10.15000000,59.17805926,58.86653416,58.80687546,58.91785546,0,0
10.16000000,59.27951632,58.84622019,58.80438045,58.95730204,0,0
10.17000000,59.20172534,58.90598799,58.76338058,58.96007280,0,0
10.18000000,59.04743544,58.86822869,58.72664766,58.92046958,0,0
10.19000000,59.05340490,58.90181105,58.84112820,58.74374040,0,0
10.20000000,59.15870406,58.88663865,58.79894680,58.75633306,0,0
10.21000000,59.16183777,58.95807214,58.74994095,58.77670310,0,0
10.22000000,59.14102470,58.83360206,58.66727193,58.80258465,0,0
10.23000000,59.09761978,58.80879844,58.69357328,58.90282393,0,0
10.24000000,59.09988525,58.83565603,58.74461809,58.86705140,0,0
10.25000000,59.10677729,58.89862499,58.74119149,58.89522019,0,0
10.26000000,59.15732678,58.91586061,58.67308709,58.75714518,0,0
10.27000000,59.09012239,58.83952987,58.77416814,58.74725606,0,0
10.28000000,59.08785479,58.85475205,58.75953357,58.82021503,0,0
10.29000000,59.07021671,58.90009309,58.80586248,58.92258755,0,0
10.30000000,59.12411616,58.89407160,58.71903137,58.89385261,0,0
10.31000000,59.13213396,58.82768649,58.74259213,58.89177646,0,0
10.32000000,59.06128667,58.80068089,58.78297526,58.90699393,0,0
10.33000000,59.15050666,58.84992821,58.76637122,58.78023316,0,0
10.34000000,59.14399978,58.89082074,58.78227482,58.71943479,0,0
10.35000000,59.10018852,58.90694154,58.73852826,58.70818472,0,0
10.36000000,58.98874415,58.86982698,58.76994878,58.81879285,0,0
10.37000000,59.09222147,58.81713902,58.71263216,58.92063667,0,0
10.38000000,59.17794264,58.87333656,58.77912831,58.95785700,0,0
10.39000000,59.20633378,58.92248549,58.74651765,58.99413443,0,0
10.40000000,59.10856302,58.90169530,58.70113995,58.87902449,0,0
10.41000000,59.05550726,58.86449992,58.70760403,58.74043982,0,0
10.42000000,59.09947948,58.86705472,58.73309285,58.74893946,0,0
10.43000000,59.07218446,58.92238710,58.75579071,58.76133453,0,0
10.44000000,59.18028382,58.88470185,58.73769456,58.84954693,0,0
10.45000000,59.13831409,58.86729643,58.68236358,58.84626471,0,0
10.46000000,59.11406758,58.87752973,58.72814767,58.85729402,0,0
10.47000000,59.17446429,58.88117604,58.73241339,58.88492942,0,0
10.48000000,59.09485210,58.92606752,58.71468066,58.75160138,0,0
10.49000000,59.10744580,58.88214398,58.77175622,58.73877311,0,0
10.50000000,59.06462446,58.88823526,58.73643232,58.76992357,0,0
10.51000000,59.14758388,58.87156500,58.77302438,58.88295244,0,0
10.52000000,59.18046202,58.83101651,58.69952119,58.91141266,0,0
10.53000000,59.08164069,58.78134714,58.70666017,58.85129976,0,0
10.54000000,59.03801723,58.77427897,58.73912150,58.83138594,0,0
10.55000000,59.10414898,58.83219395,58.69161369,58.70706843,0,0
10.56000000,59.05212374,58.90412645,58.75732785,58.67680743,0,0
10.57000000,59.05908418,58.91575628,58.69760269,58.69026180,0,0
10.58000000,59.00703588,58.86703286,58.67390705,58.80836232,0,0
10.59000000,59.09919417,58.78202159,58.69393841,58.90480676,0,0
10.60000000,59.18475848,58.81445516,58.69622202,58.88539512,0,0
10.61000000,59.09630321,58.84393880,58.72518179,58.92398772,0,0
10.62000000,59.02961695,58.88612264,58.69414245,58.81112771,0,0
10.63000000,59.02508249,58.86252464,58.75129009,58.73940272,0,0
10.64000000,59.07881656,58.86646743,58.78069666,58.75822412,0,0
10.65000000,59.12532192,58.85349560,58.75004019,58.82062212,0,0
10.66000000,59.15066120,58.81619169,58.68369058,58.90965421,0,0
10.67000000,59.07287782,58.82753912,58.74273740,58.90839431,0,0
10.68000000,59.02744116,58.85453077,58.78892342,58.93484493,0,0
10.69000000,59.11653525,58.90958158,58.79658377,58.89820860,0,0
10.70000000,59.08041533,58.90896477,58.74278147,58.73620746,0,0
10.71000000,59.11461162,58.90611975,58.72182496,58.73575236,0,0
10.72000000,59.09501866,58.89873303,58.72955199,58.76994532,0,0
10.73000000,59.09859550,58.84790509,58.66671028,58.86763263,0,0
10.74000000,59.12520209,58.83733295,58.66360594,58.90037333,0,0
10.75000000,59.07698601,58.84636550,58.71163426,58.87041850,0,0
10.76000000,59.12927505,58.87846798,58.69605711,58.83191841,0,0
10.77000000,59.11936835,58.92528557,58.68981721,58.68403235,0,0
10.78000000,59.10459841,58.87692459,58.71024688,58.66280069,0,0
10.79000000,59.06308076,58.86068054,58.71758757,58.71445819,0,0
10.80000000,59.16203761,58.84482318,58.71037154,58.84494680,0,0
10.81000000,59.15159218,58.85520144,58.72481957,58.92289114,0,0
10.82000000,59.10590977,58.92176568,58.76533504,58.92789348,0,0
10.83000000,59.04612006,58.88739945,58.75850820,58.94338205,0,0
10.84000000,59.10098982,58.90823166,58.72895703,58.76959123,0,0
10.85000000,59.16791683,58.87639330,58.76794974,58.71488401,0,0
10.86000000,59.13711972,58.87621151,58.75852893,58.71154924,0,0
10.87000000,59.15250797,58.89749274,58.73923223,58.78428079,0,0
10.88000000,59.09477851,58.89874000,58.70587921,58.87828809,0,0
10.89000000,59.10488357,58.88274559,58.73498847,58.86873936,0,0
10.90000000,59.10209773,58.85390517,58.70569656,58.86794004,0,0
10.91000000,59.08770184,58.86814024,58.62405593,58.79792595,0,0
10.92000000,59.07136618,58.91310867,58.68255241,58.76330578,0,0
10.93000000,59.11823778,58.94468232,58.66760398,58.77290599,0,0
10.94000000,59.12704401,58.89944080,58.68509336,58.86742447,0,0
10.95000000,59.14045661,58.80522563,58.70249043,58.90586967,0,0
10.96000000,59.13912307,58.80995730,58.71580350,58.87861963,0,0
10.97000000,59.07346052,58.87834291,58.81887838,58.90359295,0,0
10.98000000,59.11908148,58.93961828,58.77334867,58.81478501,0,0
10.99000000,59.09191609,58.91173288,58.67265775,58.68318116,0,0
11.00000000,59.11978589,58.87473831,58.67916921,58.70993155,0,0
11.01000000,59.11804927,58.87739265,58.68541722,58.75963951,0,0
11.02000000,59.13725475,58.88386783,58.72245515,58.89686391,0,0
11.03000000,59.11883933,58.89253212,58.75241238,58.95965201,0,0
11.04000000,59.10624142,58.86586899,58.82806972,58.97579849,0,0
11.05000000,59.11106909,58.88916890,58.79515970,58.95051474,0,0
11.06000000,59.08628589,58.91738646,58.73533862,58.74597110,0,0
11.07000000,59.10025244,58.89923789,58.72519362,58.72581264,0,0
11.08000000,59.06076224,58.90930208,58.68891122,58.71277799,0,0
11.09000000,59.07152661,58.83423132,58.68818217,58.82448908,0,0
11.10000000,59.09604586,58.83030133,58.65432753,58.90896192,0,0
11.11000000,59.03106636,58.84853772,58.73213113,58.88260477,0,0
11.12000000,59.08954851,58.86994787,58.73754833,58.90611928,0,0
11.13000000,59.03011961,58.86818202,58.66495300,58.80329916,0,0
11.14000000,59.11869903,58.82474479,58.70793146,58.79574578,0,0
11.15000000,59.09954279,58.88436358,58.69347864,58.78877317,0,0
11.16000000,59.07022466,58.91817890,58.71177964,58.87655955,0,0
11.17000000,59.06117146,58.90556877,58.68611861,58.92086912,0,0
11.18000000,59.03847044,58.85091990,58.69589067,58.89865085,0,0
11.19000000,59.09280139,58.80626891,58.71823039,58.87389323,0,0
11.20000000,59.08547060,58.81868684,58.67041678,58.75401191,0,0
11.21000000,59.08698300,58.86661220,58.68316067,58.70079037,0,0
11.22000000,59.00865713,58.92738408,58.69801771,58.68352296,0,0
11.23000000,59.03404525,58.87459622,58.73080604,58.82559562,0,0
11.24000000,59.03380509,58.82630329,58.71501664,58.92403549,0,0
11.25000000,59.12887989,58.81176369,58.74642145,58.96701161,0,0
11.26000000,59.13664874,58.85058224,58.71852163,58.99892839,0,0
11.27000000,59.04158595,58.88728270,58.68363809,58.88318979,0,0
11.28000000,59.02024338,58.86999256,58.67581921,58.77871573,0,0
11.29000000,59.00941080,58.88991842,58.70404613,58.76790633,0,0
11.30000000,59.10319904,58.88224635,58.71644134,58.77754155,0,0
11.31000000,59.07122839,58.83007268,58.70403382,58.84352390,0,0
11.32000000,59.08842051,58.78887862,58.66090088,58.84171248,0,0
11.33000000,59.04914303,58.80365120,58.69758240,58.84536935,0,0
11.34000000,59.11061903,58.87138586,58.69941218,58.84430506,0,0
11.35000000,59.09059766,58.86302739,58.71520102,58.71008996,0,0
11.36000000,59.04054442,58.85350632,58.70117529,58.70401986,0,0
11.37000000,59.03055618,58.84875825,58.72480079,58.75490276,0,0
11.38000000,59.08967888,58.82980135,58.70598313,58.85701125,0,0
11.39000000,59.19778019,58.82144428,58.64606324,58.87722246,0,0
11.40000000,59.08538354,58.81895626,58.68675852,58.85406917,0,0
11.41000000,59.05290741,58.87314289,58.69361338,58.82253214,0,0
11.42000000,59.08755377,58.87384094,58.72400372,58.64834005,0,0
11.43000000,59.08804038,58.83261193,58.72652225,58.63742982,0,0
11.44000000,59.11682460,58.79941058,58.72328434,58.68394148,0,0
11.45000000,59.03067147,58.70793497,58.68281244,58.81529053,0,0
11.46000000,59.05517036,58.77756906,58.67569391,58.94035170,0,0
11.47000000,59.08042267,58.86408769,58.72540724,58.98463104,0,0
11.48000000,59.15327628,58.95026558,58.71922923,58.96598199,0,0
11.49000000,59.09811348,58.87701479,58.66773519,58.74530323,0,0
11.50000000,59.11834527,58.77317713,58.71759414,58.69415886,0,0
11.51000000,59.07512928,58.81130228,58.72904570,58.70392973,0,0
11.52000000,59.08461231,58.84033955,58.77606987,58.78130528,0,0
11.53000000,59.16062219,58.88192444,58.63418791,58.87287156,0,0
11.54000000,59.08006443,58.86945252,58.66589319,58.84824354,0,0
11.55000000,59.10082397,58.87674248,58.69146417,58.81834336,0,0
11.56000000,59.09483577,58.85195496,58.68390045,58.72529020,0,0
11.57000000,59.13695596,58.85193865,58.67719020,58.66920850,0,0
11.58000000,59.13102079,58.91569392,58.68309910,58.74224659,0,0
11.59000000,59.09581603,58.86187909,58.74790524,58.87976437,0,0
11.60000000,59.06874147,58.82345298,58.71931984,58.96876697,0,0
11.61000000,59.07538185,58.82162452,58.75466196,58.93931366,0,0
11.62000000,59.11688059,58.86516728,58.74979108,58.88875706,0,0
11.63000000,59.11072363,58.87851897,58.71006968,58.74203193,0,0
11.64000000,59.07520409,58.85537636,58.68675906,58.62480395,0,0
11.65000000,59.00535102,58.87020143,58.67833181,58.63037738,0,0
11.66000000,59.07424191,58.86144742,58.76084439,58.72477091,0,0
11.67000000,59.10293541,58.80175906,58.74113339,58.88291458,0,0
11.68000000,59.09635962,58.81485357,58.72109329,58.90358319,0,0
11.69000000,59.12274694,58.79373870,58.73265461,58.88703729,0,0
11.70000000,59.05714639,58.86233113,58.71428944,58.82416923,0,0
11.71000000,59.10442053,58.84783662,58.69006423,58.69053177,0,0
11.72000000,59.03734848,58.86896187,58.66009450,58.65574178,0,0
11.73000000,59.03725285,58.86623923,58.69028043,58.71368203,0,0
11.74000000,59.05055405,58.79159035,58.75858400,58.84965562,0,0
11.75000000,59.07733711,58.73914656,58.72700196,58.92878370,0,0
11.76000000,59.09078683,58.76970846,58.77245241,58.92838603,0,0
11.77000000,59.07593716,58.85129159,58.74192918,58.83900589,0,0
11.78000000,59.00999090,58.84216930,58.72322727,58.71063384,0,0
11.79000000,59.08550985,58.89062324,58.75205694,58.74049586,0,0
11.80000000,59.17162320,58.86092753,58.77549311,58.78615572,0,0
11.81000000,59.11454730,58.79180962,58.75701701,58.91083339,0,0
11.82000000,59.11645692,58.78952263,58.69048566,58.97307570,0,0
11.83000000,59.11980465,58.83026673,58.71977147,58.95391705,0,0
11.84000000,59.02643288,58.89192446,58.71134633,58.86787198,0,0
11.85000000,59.08271318,58.78894156,58.71702422,58.65551719,0,0
11.86000000,59.06044819,58.78878261,58.71177999,58.62853610,0,0
11.87000000,59.12753793,58.85593249,58.71410704,58.64042384,0,0
11.88000000,59.11210597,58.85681695,58.74988513,58.78661680,0,0
11.89000000,59.12664950,58.89737282,58.68297825,58.90227725,0,0
11.90000000,59.11501521,58.77814483,58.68391373,58.91489662,0,0
11.91000000,59.09954216,58.79574905,58.75597883,58.91101624,0,0
11.92000000,59.07923736,58.82188067,58.68823409,58.74220132,0,0
11.93000000,59.12641829,58.89111057,58.71631782,58.68982701,0,0
11.94000000,59.11062962,58.94189414,58.67630226,58.69531761,0,0
11.95000000,59.05671193,58.82056712,58.68036453,58.77863571,0,0
11.96000000,59.12937793,58.73592353,58.71825919,58.86621385,0,0
11.97000000,59.11734864,58.70961468,58.77596706,58.88517810,0,0
11.98000000,59.16709402,58.79785328,58.78507500,58.84970607,0,0
11.99000000,59.08838984,58.95111795,58.77794311,58.76222557,0,0
12.00000000,59.06615019,58.91756462,58.76331699,58.70749402,0,0
12.01000000,59.09851205,58.92132829,58.69946746,58.75244304,0,0
12.02000000,59.16874323,58.81638350,58.76391899,58.83045099,0,0
12.03000000,59.15872865,58.82620085,58.69698167,58.87126029,0,0
12.04000000,59.14232699,58.80700117,58.76143372,58.94651332,0,0
12.05000000,59.09664574,58.92122443,58.74974399,58.93319080,0,0
12.06000000,59.08382543,58.95457907,58.75689632,58.79854896,0,0
12.07000000,59.15327888,58.87410811,58.78068125,58.68383091,0,0
12.08000000,59.13857724,58.89276951,58.69919496,58.65099874,0,0
12.09000000,59.13974882,58.84073349,58.74419220,58.76372652,0,0
12.10000000,59.13643234,58.88946942,58.76391492,58.91021742,0,0
12.11000000,59.14724600,58.89102095,58.74416429,59.02149795,0,0
12.12000000,59.19283535,58.87858111,58.72953830,59.01978174,0,0
12.13000000,59.17585178,58.92065807,58.67801504,58.84695162,0,0
12.14000000,59.10527415,58.90016115,58.72547441,58.71759697,0,0
12.15000000,59.16818234,58.98692670,58.70407411,58.65362643,0,0
12.16000000,59.11606729,58.89678637,58.74701092,58.76428366,0,0
12.17000000,59.23478166,58.88974884,58.76411774,58.87639463,0,0
12.18000000,59.16840546,58.90161068,58.77488912,58.93482385,0,0
12.19000000,59.21380903,58.92541650,58.77561217,58.91538153,0,0
12.20000000,59.14988116,59.02502256,58.77861528,58.78416700,0,0
12.21000000,59.21414746,58.90357167,58.78144029,58.69373936,0,0
12.22000000,59.14741838,58.93919987,58.79008714,58.74609057,0,0
12.23000000,59.26197799,59.02900209,58.82893842,58.83690836,0,0
12.24000000,59.15880950,59.05842402,58.83617428,58.94237577,0,0
12.25000000,59.06281977,58.87257244,58.73002580,59.04431104,0,0
12.26000000,59.09210789,58.74837375,58.76175501,59.02287057,0,0
12.27000000,59.10837147,58.77670349,58.77971452,58.92558667,0,0
12.28000000,59.22429041,58.86046047,58.81363536,58.77201684,0,0
12.29000000,59.12576713,58.97960536,58.77336019,58.70501381,0,0
12.30000000,59.07347616,58.95192178,58.75305271,58.76816544,0,0
12.31000000,59.07248548,58.86561152,58.76364495,58.82848715,0,0
12.32000000,59.15053262,58.81464953,58.74369499,58.97313730,0,0
12.33000000,59.34646310,58.76473048,58.73001143,58.96776806,0,0
12.34000000,59.05050879,58.76926331,58.73893109,58.90416802,0,0
12.35000000,58.81261118,58.79623446,58.71628429,58.77504005,0,0
12.36000000,59.01015930,58.97427327,58.74310162,58.66947159,0,0
12.37000000,59.52373647,58.94466296,58.73426249,58.69035118,0,0
12.38000000,59.48407315,58.79260369,58.82437764,58.80449888,0,0
12.39000000,58.98516133,58.58993423,58.78772328,58.87842892,0,0
12.40000000,58.97412740,58.82008555,58.96546920,59.08891957,0,0
12.41000000,58.91102231,59.02923812,58.93820780,59.16916673,0,0
12.42000000,59.35685899,59.26393010,58.91400390,58.88512144,0,0
12.43000000,59.15806372,58.99473923,58.84723164,58.82494026,0,0
12.44000000,59.32454541,58.88481246,58.81372200,58.85975397,0,0
12.45000000,59.27764717,58.85803545,58.92832733,58.99279854,0,0
12.46000000,59.30428169,59.07115496,58.90818914,59.17416285,0,0
12.47000000,59.36062672,59.17500082,58.89574552,59.25422089,0,0
12.48000000,59.18523591,59.04514082,58.88531376,59.19084000,0,0
12.49000000,59.13598311,59.05720066,58.89390614,58.99966416,0,0
12.50000000,59.31872791,59.07109191,58.96286927,58.90170557,0,0
12.51000000,59.42554199,59.18105840,58.54034725,58.84764990,0,0
12.52000000,59.37821256,59.10971863,58.17865608,58.87165414,0,0
12.53000000,59.25613785,59.03494001,58.51228057,58.99752107,0,0
12.54000000,59.21224534,59.05870622,59.00564668,58.99442576,0,0
12.55000000,59.32577341,59.17397191,59.06216140,58.92322596,0,0
12.56000000,59.37868468,59.15523711,58.69131156,58.57337895,0,0
12.57000000,59.30321211,59.12639482,58.67167631,58.61832047,0,0
12.58000000,59.26154634,59.06947786,58.44047395,58.61468065,0,0
12.59000000,59.30091813,59.06138093,58.69524412,58.82992342,0,0
12.60000000,59.26093945,59.07078787,58.64874574,58.91285649,0,0
12.61000000,59.27835512,59.03025039,58.85525326,58.84941241,0,0
12.62000000,59.28010002,59.03517022,58.83527040,58.95646020,0,0
12.63000000,59.27269989,59.02258407,58.81641771,58.77522759,0,0
12.64000000,59.37827800,59.04585458,58.81935965,58.77454541,0,0
12.65000000,59.23507632,59.08397912,58.76056323,58.77638712,0,0
12.66000000,59.29171060,58.99917423,58.78026283,58.92434888,0,0
12.67000000,59.14705122,58.96206203,58.86007389,59.09898713,0,0
12.68000000,59.15188402,58.97845136,58.91346824,59.09557986,0,0
12.69000000,59.23521211,59.00480722,58.95272464,59.14943790,0,0
12.70000000,59.22560403,58.97849977,58.86595489,59.06057876,0,0
12.71000000,59.22218084,58.95206637,58.85004364,58.86182452,0,0
12.72000000,59.21719083,58.92793870,58.92004233,58.96981766,0,0
12.73000000,59.18451145,58.91088339,58.85844845,59.00378695,0,0
12.74000000,59.15856371,58.92780723,58.93904517,59.05197027,0,0
12.75000000,59.13410395,58.90351017,58.83936299,59.15523214,0,0
12.76000000,59.15566526,58.93175486,58.85925600,59.15703786,0,0
12.77000000,59.19902748,58.89201589,58.83207600,59.04217612,0,0
12.78000000,59.18576223,58.93269640,58.78402683,58.87238589,0,0
12.79000000,59.21030534,58.96954033,58.86893817,58.91789419,0,0
12.80000000,59.17944791,58.86812049,58.89562841,58.92719966,0,0
12.81000000,59.09744622,58.89822190,58.95832776,59.00361491,0,0
12.82000000,59.13611085,58.88264985,58.91518239,59.04912106,0,0
12.83000000,59.15483889,58.88539542,58.97242236,59.07117549,0,0
12.84000000,59.11162086,58.84219875,58.85028604,58.96134859,0,0
12.85000000,59.11685024,58.84577492,58.82804091,58.82949036,0,0
12.86000000,59.11967382,58.88185267,58.84763005,58.85814402,0,0
12.87000000,59.05039523,58.90026836,58.86893029,58.90731211,0,0
12.88000000,59.20156588,58.90330188,58.89787458,59.08338543,0,0
12.89000000,59.08961357,58.89345423,58.88782130,59.13851489,0,0
12.90000000,59.14474681,58.83711887,58.91949666,59.14475393,0,0
12.91000000,59.19983164,58.86119101,58.88697786,59.13810536,0,0
12.92000000,59.18022326,58.99894342,58.82459704,58.85345534,0,0
12.93000000,59.21552976,59.00938671,58.77708030,58.85569833,0,0
12.94000000,59.16062958,58.98904766,58.78964678,58.82630747,0,0
12.95000000,59.14022279,58.89694381,58.80493416,58.88865782,0,0
12.96000000,59.03560741,58.84230234,58.82070364,58.99235269,0,0
12.97000000,59.21081584,58.86779093,58.84529651,59.02216457,0,0
12.98000000,59.16991458,59.02821218,58.79771573,58.99284650,0,0
12.99000000,59.25433315,59.07558087,58.80645400,58.84741933,0,0
13.00000000,59.12447006,59.01444685,58.77493284,58.80794525,0,0
13.01000000,59.10139737,58.97323586,58.77952320,58.76864999,0,0
13.02000000,59.16658125,58.90125283,58.78223769,58.90791709,0,0
13.03000000,59.11577616,58.92721665,58.77773269,58.97175390,0,0
13.04000000,59.25168868,58.96879736,58.67916087,58.96699171,0,0
13.05000000,59.17780774,59.01384587,58.79152122,58.98026499,0,0
13.06000000,59.15370361,58.99090371,58.71420321,58.75040247,0,0
13.07000000,59.08965306,58.99161550,58.66396556,58.68842902,0,0
13.08000000,59.12872190,58.98201908,58.69641486,58.61574862,0,0
13.09000000,59.12891112,58.93106410,58.74644096,58.90034709,0,0
13.10000000,59.21811266,58.89534925,58.79733602,58.99371648,0,0
13.11000000,59.07417274,58.92988417,58.83747809,59.07063839,0,0
13.12000000,59.15460118,58.92446534,58.83590222,59.09388774,0,0
13.13000000,59.09357505,58.98094251,58.63439096,58.81690992,0,0
13.14000000,59.08576628,58.93817740,58.76356738,58.70178868,0,0
13.15000000,59.10246115,58.96156910,58.68695499,58.71024890,0,0
13.16000000,59.06686263,58.81566012,58.77756298,58.83053606,0,0
13.17000000,59.07088468,58.92222572,58.70398130,58.89816537,0,0
13.18000000,59.16565192,58.88451648,58.69450771,58.95113131,0,0
13.19000000,59.09279299,58.90058819,58.71921690,59.00118382,0,0
13.20000000,59.09356909,58.92707544,58.66161154,58.88318004,0,0
13.21000000,59.03516586,58.90356310,58.74950383,58.80329152,0,0
13.22000000,59.10343719,59.01955556,58.80487561,58.82585573,0,0
13.23000000,59.16238616,58.81189138,58.80360506,58.94002585,0,0
13.24000000,59.11159645,58.91609007,58.71343730,59.00712635,0,0
13.25000000,59.12649738,58.84955395,58.73609855,59.01029048,0,0
13.26000000,59.14795962,58.92061941,58.80283598,59.07423353,0,0
13.27000000,59.10501488,58.92364133,58.78280534,58.82811656,0,0
13.28000000,59.10260829,58.96436220,58.75907931,58.75198805,0,0
13.29000000,59.08893454,59.00197625,58.78491362,58.70272088,0,0
13.30000000,59.17044622,58.95529606,58.77527894,58.87073061,0,0
13.31000000,59.08605987,58.91140488,58.73993424,58.97639385,0,0
13.32000000,59.26236648,58.83761765,58.72019501,59.07234085,0,0
13.33000000,59.07325333,58.91903338,58.78573793,59.05019588,0,0
13.34000000,59.21372339,58.91217360,58.75781503,58.98937246,0,0
13.35000000,59.13462421,58.99695702,58.77350413,58.75959088,0,0
13.36000000,59.13536397,58.96979998,58.73220818,58.70040597,0,0
13.37000000,59.23088850,58.96392276,58.81504511,58.79472988,0,0
13.38000000,59.05746110,58.91571443,58.68220279,58.84170386,0,0
13.39000000,59.28369331,58.89219830,58.73150659,59.00711456,0,0
13.40000000,59.16100538,58.84406962,58.75604867,58.94228260,0,0
13.41000000,59.25323421,58.98574685,58.73120306,58.93951453,0,0
13.42000000,59.19056240,58.92947361,58.77541443,58.80099908,0,0
13.43000000,59.15835549,59.02296277,58.77428984,58.72274334,0,0
13.44000000,59.15577978,58.97155991,58.87185128,58.80217111,0,0
13.45000000,59.22777934,58.84762201,58.82556028,58.91082958,0,0
13.46000000,59.17180532,58.90238887,58.74098913,58.97036421,0,0
13.47000000,59.25225964,58.80101474,58.80475619,59.02000985,0,0
13.48000000,59.32005033,59.03147327,58.75520914,59.00656660,0,0
13.49000000,59.12916313,58.88063010,58.84369541,58.68485507,0,0
13.50000000,59.26383147,59.04285249,58.82342988,58.74943852,0,0
13.51000000,59.18899025,58.88827851,58.84372628,58.68610033,0,0
13.52000000,59.21113582,59.02277367,58.89044109,58.90851703,0,0
13.53000000,59.22071092,58.92443104,58.74979317,58.99013111,0,0
13.54000000,59.21926550,58.93573713,58.79694551,59.04869526,0,0
13.55000000,59.18441736,58.91782273,58.77729065,59.05586051,0,0
13.56000000,59.23420021,58.90989949,58.78557024,58.80374386,0,0
13.57000000,59.14818344,58.92648177,58.85221518,58.72996977,0,0
13.58000000,59.24534835,58.99939144,58.81176220,58.73906726,0,0
13.59000000,59.19228349,58.93431139,58.84472033,58.86446006,0,0
13.60000000,59.19233852,58.90765879,58.75412271,58.94821802,0,0
13.61000000,59.19342959,58.88189701,58.73105647,58.97133263,0,0
13.62000000,59.18427050,58.93903120,58.76713310,58.94214364,0,0
13.63000000,59.16627959,58.95855375,58.70305735,58.85880645,0,0
13.64000000,59.19921783,59.02061031,58.76864395,58.77118135,0,0
13.65000000,59.08334023,59.04876346,58.84568319,58.79598454,0,0
13.66000000,59.23297687,58.94560104,58.81280264,58.93416730,0,0
13.67000000,59.04628607,58.82768614,58.82320470,58.98195892,0,0
13.68000000,59.17652292,58.86899899,58.79012157,58.98274869,0,0
13.69000000,59.08293629,58.92118047,58.77952971,59.03836063,0,0
13.70000000,59.19032813,59.01546511,58.79880662,58.83179839,0,0
13.71000000,59.13415211,58.97779778,58.81402931,58.80428128,0,0
13.72000000,59.08864598,58.93013848,58.79798886,58.69757403,0,0
13.73000000,59.16675153,58.84110864,58.78635304,58.89376990,0,0
13.74000000,59.09380017,58.91257326,58.75554396,58.98957039,0,0
13.75000000,59.26277486,58.93741903,58.74132330,59.08722313,0,0
13.76000000,59.00000794,58.98713410,58.83527584,59.04994175,0,0
13.77000000,59.11214292,58.94236572,58.79799275,58.91064072,0,0
13.78000000,59.10381800,58.93296943,58.79637359,58.76755915,0,0
13.79000000,59.13256736,58.96015798,58.82360251,58.74647317,0,0
13.80000000,59.17533876,58.89703310,58.75453664,58.85733913,0,0
13.81000000,59.03637405,58.90672488,58.83421759,58.95504812,0,0
13.82000000,59.06019605,58.85643328,58.81490392,59.03157615,0,0
13.83000000,59.12107211,58.94325145,58.87795293,59.01540591,0,0
13.84000000,59.18623236,58.94205533,58.72456531,58.85303731,0,0
13.85000000,59.16556754,58.92862033,58.73857998,58.76779871,0,0
13.86000000,59.09558115,58.95718161,58.69593617,58.80669406,0,0
13.87000000,59.06103179,58.93150446,58.76872295,58.87907419,0,0
13.88000000,59.06921408,58.90569833,58.85770274,59.06114774,0,0
13.89000000,59.14144638,58.85401883,58.64729598,59.08756718,0,0
13.90000000,59.10302629,58.87639466,58.78539788,59.01187070,0,0
13.91000000,59.16332557,58.94239099,58.75355655,58.92175900,0,0
13.92000000,59.09083186,58.87374999,58.81838789,58.77935370,0,0
13.93000000,59.12934505,58.97171963,58.74864319,58.73493184,0,0
13.94000000,59.11912175,58.89110051,58.73434691,58.75756944,0,0
13.95000000,59.10008945,58.94823173,58.74220192,58.91182720,0,0
13.96000000,59.12742566,58.92121203,58.70469810,59.03294597,0,0
13.97000000,59.12801489,58.96450024,58.72027629,59.00213606,0,0
13.98000000,59.11327906,58.98033888,58.73438654,58.97995157,0,0
13.99000000,59.17092475,58.90956785,58.71571641,58.81004219,0,0
14.00000000,59.09929167,58.92623216,58.73077605,58.75403590,0,0
14.01000000,59.09637285,58.87547643,58.76033217,58.79845204,0,0
14.02000000,59.11918072,58.88069355,58.74932087,58.89652251,0,0
14.03000000,59.10282772,58.91795156,58.70915952,58.97029920,0,0
14.04000000,59.16129350,58.89672916,58.72890823,58.99378797,0,0
14.05000000,59.10039606,58.91961819,58.70517975,58.92583325,0,0
14.06000000,59.03724518,58.84528492,58.68540056,58.73118745,0,0
14.07000000,59.12682735,58.94664367,58.69592931,58.73196905,0,0
14.08000000,59.08801033,58.89831524,58.73802416,58.78652449,0,0
14.09000000,59.10544013,58.93729443,58.79850127,58.84657642,0,0
14.10000000,59.10059821,58.82389871,58.75660573,58.98717870,0,0
14.11000000,59.05464213,58.88387510,58.76090426,58.96437152,0,0
14.12000000,59.11324159,58.90575061,58.72602993,58.94333176,0,0
14.13000000,59.16785768,58.93197765,58.71351258,58.75775096,0,0
14.14000000,59.09967558,58.90846913,58.73094200,58.70612034,0,0
14.15000000,59.08948402,58.87042472,58.73813288,58.76433494,0,0
14.16000000,58.99957786,58.86936730,58.77870771,58.83781652,0,0
14.17000000,59.11673230,58.90130666,58.76827349,59.03273623,0,0
14.18000000,59.18989237,58.87962765,58.64381439,59.03742572,0,0
14.19000000,59.11574526,58.97210028,58.75996642,59.01658745,0,0
14.20000000,59.04192583,58.89956621,58.74193371,58.87869896,0,0
14.21000000,59.10966659,58.95769308,58.78510654,58.80152952,0,0
14.22000000,59.08100273,58.93046232,58.72823262,58.77319668,0,0
14.23000000,59.19337010,58.88630865,58.73908691,58.87113091,0,0
14.24000000,59.11981327,58.85104591,58.73039274,58.95048170,0,0
14.25000000,59.12815578,58.85474738,58.75615344,58.96159295,0,0
14.26000000,59.13189587,58.95916697,58.73805276,58.98778042,0,0
14.27000000,59.07311541,58.98718103,58.71145870,58.76805542,0,0
14.28000000,59.20545173,59.00313693,58.68086881,58.73687140,0,0
14.29000000,59.10927157,58.92977746,58.66659769,58.76154418,0,0
14.30000000,59.13729350,58.90021104,58.78416314,58.88485251,0,0
14.31000000,59.11412081,58.93696602,58.75768351,59.01557191,0,0
14.32000000,59.18761029,58.86988560,58.77850062,59.02256411,0,0
14.33000000,59.11200155,58.94209283,58.75413739,58.97890502,0,0
14.34000000,59.15625310,58.90218755,58.68198563,58.83290866,0,0
14.35000000,59.14232034,59.00023188,58.83059953,58.67595784,0,0
14.36000000,59.11378307,58.90706093,58.75788403,58.71807591,0,0
14.37000000,59.05710579,58.87327084,58.73028474,58.76163666,0,0
14.38000000,59.05064035,58.85314420,58.72235619,58.90451955,0,0
14.39000000,59.13990782,58.83599367,58.69320637,59.01280459,0,0
14.40000000,59.17041663,58.91013745,58.77574469,59.01786961,0,0
14.41000000,59.08669079,58.89248190,58.72399952,58.82558839,0,0
14.42000000,59.14506496,58.93083888,58.76882731,58.74168601,0,0
14.43000000,59.10329000,58.90918232,58.76895750,58.72685067,0,0
14.44000000,59.14069464,58.92221648,58.73911380,58.83514388,0,0
14.45000000,59.12840297,58.90402349,58.75506804,58.94847990,0,0
14.46000000,59.08933823,58.83821386,58.75273448,59.00160589,0,0
14.47000000,59.06261406,58.81320549,58.76113511,58.99109373,0,0
14.48000000,59.10503260,58.88761313,58.70551500,58.82785522,0,0
14.49000000,59.15464033,58.88283294,58.73676537,58.71242260,0,0
14.50000000,59.12363606,58.93992610,58.72057290,58.74141015,0,0
14.51000000,59.12796018,58.91633413,58.77561081,58.83220563,0,0
14.52000000,59.12049296,58.94491657,58.81091389,59.00032520,0,0
14.53000000,59.17111139,58.89565338,58.80150028,59.09986448,0,0
14.54000000,59.13271242,58.88861413,58.78603379,59.07059629,0,0
14.55000000,59.16054184,58.91933660,58.72597215,58.92542995,0,0
14.56000000,59.13991700,58.92124511,58.70017235,58.76469524,0,0
14.57000000,59.12114898,58.95230850,58.75886861,58.71959560,0,0
14.58000000,59.10741939,58.92526575,58.74593546,58.79724467,0,0
14.59000000,59.12026027,58.96717883,58.80606519,58.79655448,0,0
14.60000000,59.15671480,58.89355646,58.75790136,58.98714104,0,0
14.61000000,59.19365330,58.91374073,58.80524341,59.01828381,0,0
14.62000000,59.13540170,58.91594537,58.73401627,59.00179980,0,0
14.63000000,59.13743587,58.99178838,58.77130646,58.87279679,0,0
14.64000000,59.13467372,58.96748995,58.78517965,58.80578563,0,0
14.65000000,59.16985176,58.90315419,58.77869286,58.80465884,0,0
14.66000000,59.16707273,58.92610149,58.76311079,58.88026248,0,0
14.67000000,59.19233898,58.92575271,58.72186072,58.89276767,0,0
14.68000000,59.12179867,58.92367972,58.77751090,58.95162560,0,0
14.69000000,59.06464645,58.93643015,58.76697208,58.85097860,0,0
14.70000000,59.13891391,58.93553910,58.73345321,58.71080772,0,0
14.71000000,59.14427480,58.95022882,58.75214463,58.73351921,0,0
14.72000000,59.19131726,58.89301999,58.75742832,58.78952796,0,0
14.73000000,59.06519071,58.92637452,58.78021460,58.95759524,0,0
14.74000000,59.09134666,58.85445127,58.74625691,59.00059029,0,0
14.75000000,59.11877467,58.86440577,58.80106729,59.01958436,0,0
14.76000000,59.12933731,58.88345628,58.74676596,58.97177403,0,0
14.77000000,59.15559013,58.92436376,58.68970086,58.76319646,0,0
14.78000000,59.14542083,58.98188675,58.72942218,58.70579019,0,0
14.79000000,59.09120042,58.89830714,58.75940804,58.72847315,0,0
14.80000000,59.10424802,58.88191079,58.77133790,58.85484438,0,0
14.81000000,59.10426425,58.83406251,58.71307011,58.92810689,0,0
14.82000000,59.15537330,58.85650618,58.79795743,58.97555420,0,0
14.83000000,59.11287303,58.93662169,58.79489349,58.97015169,0,0
14.84000000,59.06694229,58.92492745,58.75478501,58.79661424,0,0
14.85000000,59.06387424,58.95226950,58.79194415,58.78225814,0,0
14.86000000,59.15183506,58.88013873,58.70821113,58.81075253,0,0
14.87000000,59.08893830,58.87327235,58.74921138,58.94508830,0,0
14.88000000,59.14756495,58.89839045,58.71835768,59.01740726,0,0
14.89000000,59.06290024,58.88623980,58.77031919,59.01814278,0,0
14.90000000,59.05509126,58.92518322,58.77959669,59.00516601,0,0
14.91000000,59.12750567,58.88939575,58.70685290,58.76239135,0,0
14.92000000,59.12349287,58.91172613,58.71668444,58.68888283,0,0
14.93000000,59.13826071,58.90378692,58.72022810,58.74076198,0,0
14.94000000,59.08342032,58.91383229,58.72441383,58.89246710,0,0
14.95000000,59.09311825,58.90024213,58.74284410,58.98907727,0,0
14.96000000,59.05186067,58.90615311,58.77631722,59.02099418,0,0
14.97000000,59.11145044,58.89613337,58.78708467,59.00648018,0,0
14.98000000,59.13650035,58.89633138,58.68169523,58.82011244,0,0
14.99000000,59.15663682,58.90661677,58.76335665,58.73358973,0,0
15.00000000,59.19121391,58.90278874,58.74621585,58.74896172,0,0
15.01000000,59.02850626,58.87350730,58.76200897,58.85268398,0,0
15.02000000,59.08016271,58.90378749,58.74410220,58.93732654,0,0
15.03000000,59.01256601,58.87755247,58.77374233,58.95342635,0,0
15.04000000,59.18565478,58.94595399,58.79347450,58.98816454,0,0
15.05000000,59.18114630,58.83080774,58.71435255,58.86525273,0,0
15.06000000,59.16869492,58.87526757,58.76396045,58.81669867,0,0
15.07000000,59.11738403,58.86443739,58.82226393,58.79974507,0,0
15.08000000,59.07591085,58.92363040,58.82181872,58.91203148,0,0
15.09000000,59.14376434,58.91177666,58.76955806,58.95993675,0,0
15.10000000,59.16484181,58.88747205,58.73622193,58.94932564,0,0
15.11000000,59.12438403,58.86977014,58.80200893,58.91454598,0,0
15.12000000,59.12616304,58.85679324,58.73783518,58.76516855,0,0
15.13000000,59.16922726,58.93059301,58.69995948,58.71222151,0,0
15.14000000,59.13732984,58.94519976,58.70721852,58.72419572,0,0
15.15000000,59.10516868,58.90978384,58.73539003,58.84231159,0,0
15.16000000,59.19561286,58.90586167,58.77324738,58.98268400,0,0
15.17000000,59.16427925,58.90608381,58.79768319,59.01728046,0,0
15.18000000,59.20503556,58.94961780,58.82368373,59.03372776,0,0
15.19000000,59.14466545,58.90664279,58.79689595,58.92209616,0,0
15.20000000,59.21588495,58.97842726,58.76468988,58.80766183,0,0
15.21000000,59.20849427,58.98543997,58.76975948,58.77316884,0,0
15.22000000,59.13843119,58.97872559,58.79402375,58.83156198,0,0
15.23000000,59.18096246,58.94334292,58.80409869,58.91786952,0,0
15.24000000,59.14931258,58.87163730,58.73300363,58.95602729,0,0
15.25000000,59.18784715,58.94830967,58.77829586,58.98435128,0,0
15.26000000,59.26278671,58.95767905,58.76354095,58.88741311,0,0
15.27000000,59.25226232,58.99503637,58.76023810,58.76982670,0,0
15.28000000,59.21658906,59.01903764,58.80789164,58.75395448,0,0
15.29000000,59.16402130,59.02980285,58.78846218,58.77836351,0,0
15.30000000,59.13701184,58.98331112,58.80863063,58.85979957,0,0
15.31000000,59.17340773,58.90182126,58.70293716,58.96049783,0,0
15.32000000,59.20473614,58.88580211,58.68914198,58.98505755,0,0
15.33000000,59.14316327,58.88372487,58.72957329,58.92634741,0,0
15.34000000,59.16400383,58.92870678,58.70386615,58.74465272,0,0
15.35000000,59.13326437,59.00399452,58.74456084,58.70256444,0,0
15.36000000,59.11013607,58.98862622,58.76224091,58.70388253,0,0
15.37000000,59.15968303,58.89749175,58.80705103,58.86595585,0,0
15.38000000,59.16158060,58.79025258,58.76197337,59.01112422,0,0
15.39000000,59.13050604,58.86143491,58.74755506,59.04525858,0,0
15.40000000,59.11367249,58.93825513,58.77965228,59.01691964,0,0
15.41000000,59.10669001,58.97672478,58.72169100,58.83257401,0,0
15.42000000,59.15615464,58.95256065,58.75866763,58.73998551,0,0
15.43000000,59.16522537,58.87620019,58.78945220,58.73406942,0,0
15.44000000,59.09526300,58.83777391,58.84638479,58.85279876,0,0
15.45000000,59.13596864,58.84236191,58.82366416,59.00468264,0,0
15.46000000,59.08731634,58.92649589,58.84686170,59.04089032,0,0
15.47000000,59.05523042,58.95058291,58.85588004,59.01845902,0,0
15.48000000,59.17921678,58.89028768,58.79936514,58.86071038,0,0
15.49000000,59.11853018,58.88961992,58.77810845,58.83596114,0,0
15.50000000,59.12235447,58.93561103,58.79094823,58.84575202,0,0
15.51000000,59.10770178,58.92971901,58.87506491,59.00213828,0,0
15.52000000,59.17604458,58.88158996,58.83911196,59.08759158,0,0
15.53000000,59.19037612,58.87896931,58.81623508,59.07857113,0,0
15.54000000,59.16290192,58.98131464,58.81830271,59.03460176,0,0
15.55000000,59.12910612,58.94989298,58.76760019,58.81238662,0,0
15.56000000,59.11947296,58.98406433,58.79777117,58.75596642,0,0
15.57000000,59.15619958,58.93201495,58.79411745,58.73406966,0,0
15.58000000,59.18059518,58.93672805,58.81270986,58.89083466,0,0
15.59000000,59.21892113,58.93332738,58.71246771,59.02471091,0,0
15.60000000,59.17108672,58.94498030,58.72345287,59.06013054,0,0
15.61000000,59.14951614,58.97665492,58.81077386,59.04396213,0,0
15.62000000,59.21613844,58.93187560,58.82530028,58.88647988,0,0
15.63000000,59.24933124,58.96142420,58.82962693,58.79631337,0,0
15.64000000,59.24996725,58.96237635,58.74775850,58.75101234,0,0
15.65000000,59.16910659,58.99085968,58.72092789,58.80900006,0,0
15.66000000,59.15354670,58.92730187,58.74209193,58.90999762,0,0
15.67000000,59.12136170,58.90246671,58.73441102,58.94433560,0,0
15.68000000,59.11461429,58.96505867,58.75289128,58.96198232,0,0
15.69000000,59.20785680,58.94811744,58.78635176,58.83099408,0,0
15.70000000,59.22989147,58.93025890,58.79649291,58.75104347,0,0
15.71000000,59.19772484,58.88169447,58.76700172,58.76939656,0,0
15.72000000,59.13957196,58.93951475,58.78275626,58.83209652,0,0
15.73000000,59.16998434,58.89043123,58.82875715,58.92955295,0,0
15.74000000,59.17353717,58.95765196,58.78353525,59.00822164,0,0
15.75000000,59.20347895,58.96819765,58.79023045,58.99695744,0,0
15.76000000,59.20528078,58.90796227,58.76655850,58.89785823,0,0
15.77000000,59.20546449,58.86199567,58.76152396,58.79053958,0,0
15.78000000,59.17952771,58.92564078,58.80165504,58.74896041,0,0
15.79000000,59.07131974,58.90997431,58.75351430,58.76539719,0,0
15.80000000,59.07551387,58.92529430,58.82003321,58.91207526,0,0
15.81000000,59.15953982,58.84932301,58.81011164,59.00192992,0,0
15.82000000,59.18214930,58.91434983,58.83177694,59.06303309,0,0
15.83000000,59.20604188,58.88860956,58.85871322,59.00133534,0,0
15.84000000,59.13849795,58.89427560,58.79000497,58.88424568,0,0
15.85000000,59.14304009,58.95602155,58.74527103,58.84062609,0,0
15.86000000,59.13551671,58.95775924,58.73678877,58.86265064,0,0
15.87000000,59.21715484,58.97063377,58.78621804,58.94475817,0,0
15.88000000,59.13830052,58.86841818,58.83416373,58.96378627,0,0
15.89000000,59.11010861,58.84659478,58.84689054,58.95928529,0,0
15.90000000,59.09531906,58.91066738,58.80718994,58.92929744,0,0
15.91000000,59.24779618,58.98404783,58.74694146,58.80204369,0,0
15.92000000,59.27218239,59.01279232,58.78265202,58.82676574,0,0
15.93000000,59.12696397,58.91484461,58.79724301,58.79396133,0,0
15.94000000,59.10015514,58.91857603,58.91983428,58.90421688,0,0
15.95000000,59.13751627,58.87961019,58.94163601,59.03591189,0,0
15.96000000,59.23345800,58.89176392,58.83865525,59.03440655,0,0
15.97000000,59.20818104,58.94161379,58.82544598,58.96287378,0,0
15.98000000,59.20575070,58.90538862,58.80592372,58.83210526,0,0
15.99000000,59.15045939,58.93057829,58.86528275,58.75441213,0,0
16.00000000,59.18557422,58.99536535,58.83090077,58.70149386,0,0
16.01000000,59.16992812,58.96291991,58.79605357,58.76247298,0,0
16.02000000,59.20963012,58.83347901,58.79183818,58.95731191,0,0
16.03000000,59.16137571,58.78510542,58.79095245,59.02999458,0,0
16.04000000,59.14567577,58.90523286,58.84749738,59.05177526,0,0
16.05000000,59.21182999,58.95578764,58.77001772,58.90890757,0,0
16.06000000,59.20708768,58.99955028,58.72297794,58.73228891,0,0
16.07000000,59.21166449,58.97287422,58.73646197,58.69324821,0,0
16.08000000,59.24130025,58.90581836,58.78599933,58.78177666,0,0
16.09000000,59.20871405,58.85775754,58.84359749,58.89276167,0,0
16.10000000,59.15919953,58.83000813,58.81076052,58.98139120,0,0
16.11000000,59.14056406,58.96983146,58.79864203,58.98632264,0,0
16.12000000,59.13722106,58.98136908,58.77628366,58.86735592,0,0
16.13000000,59.20377684,58.98315479,58.81995348,58.75004824,0,0
16.14000000,59.20907991,58.94257438,58.83698246,58.76231434,0,0
16.15000000,59.12152255,58.88954509,58.82092685,58.86746722,0,0
16.16000000,59.19521973,58.89473514,58.85978775,58.98183803,0,0
16.17000000,59.11499090,58.86612662,58.84258514,59.08986537,0,0
16.18000000,59.18019238,58.98062553,58.85409311,59.09501388,0,0
16.19000000,59.23119956,58.99056536,58.81980517,58.99424530,0,0
16.20000000,59.20647386,58.97785224,58.75450924,58.75125421,0,0
16.21000000,59.23536728,58.93922487,58.78049897,58.70279348,0,0
16.22000000,59.12301482,58.92041707,58.70029252,58.71206347,0,0
16.23000000,59.21490924,58.94324990,58.80258620,58.85136791,0,0
16.24000000,59.20238405,58.91239395,58.84784095,59.02879837,0,0
16.25000000,59.22149692,58.96723342,58.85616693,59.03803237,0,0
16.26000000,59.14156388,58.98636018,58.85788745,59.00228804,0,0
16.27000000,59.15848579,58.99120738,58.81656848,58.84304089,0,0
16.28000000,59.17885056,58.98695752,58.82527360,58.82300838,0,0
16.29000000,59.18825793,58.93905416,58.79333120,58.80966197,0,0
16.30000000,59.22277644,58.94770985,58.78997191,58.92316206,0,0
16.31000000,59.17268390,58.85720702,58.82618993,58.98138427,0,0
16.32000000,59.21550047,58.94216202,58.82372218,59.00750267,0,0
16.33000000,59.16024836,58.98433859,58.80010717,58.95960176,0,0
16.34000000,59.26518866,58.95387636,58.71198126,58.77132024,0,0
16.35000000,59.19553017,58.93445484,58.79432815,58.77472967,0,0
16.36000000,59.18220810,58.90604755,58.80450129,58.79092747,0,0
16.37000000,59.14600427,58.98059335,58.80240071,58.91848435,0,0
16.38000000,59.17088436,58.94741108,58.86277842,59.01030312,0,0
16.39000000,59.08976878,58.91705656,58.79956809,59.02528758,0,0
16.40000000,59.22478450,58.93947372,58.81682994,58.95933713,0,0
16.41000000,59.23396604,58.86846855,58.81696775,58.83348660,0,0
16.42000000,59.22099808,58.91496943,58.83894087,58.76117809,0,0
16.43000000,59.15124786,58.93219526,58.85252502,58.77156903,0,0
16.44000000,59.06875076,59.03919802,58.79420419,58.84008212,0,0
16.45000000,59.20694646,58.91516662,58.82873861,58.99534673,0,0
16.46000000,59.23673620,58.90966097,58.77687321,59.07487795,0,0
16.47000000,59.20587721,58.87912772,58.79850889,59.10016296,0,0
16.48000000,59.18280877,58.95006921,58.80534235,58.98822254,0,0
16.49000000,59.16339270,58.97356249,58.86541136,58.89838901,0,0
16.50000000,59.22942143,59.04444114,58.86099938,58.87237371,0,0
16.51000000,59.28963067,59.00143568,58.84990309,58.84475526,0,0
16.52000000,59.28737199,58.94118024,58.87468242,58.95188747,0,0
16.53000000,59.20880428,58.87740889,58.85622132,58.94560703,0,0
16.54000000,59.18215659,58.98267834,58.88735639,58.98727196,0,0
16.55000000,59.21797957,59.03126244,58.82950033,58.91967348,0,0
16.56000000,59.27456151,58.96384841,58.74358433,58.81430696,0,0
16.57000000,59.27746713,58.93032692,58.84947931,58.81061598,0,0
16.58000000,59.21617852,58.95388186,58.83901610,58.83922922,0,0
16.59000000,59.27110285,58.99073391,58.86584984,58.93526347,0,0
16.60000000,59.27635250,58.92466177,58.85787279,59.01568241,0,0
16.61000000,59.26612050,58.93987221,58.80202695,59.04683758,0,0
16.62000000,59.24835546,59.00149514,58.83895025,58.93441006,0,0
16.63000000,59.23816038,58.94798917,58.82281923,58.80003792,0,0
16.64000000,59.21754974,59.02345148,58.84384716,58.72267008,0,0
16.65000000,59.17963177,58.96860261,58.79657598,58.68937082,0,0
16.66000000,59.17513355,58.92615495,58.72332625,58.80928366,0,0
16.67000000,59.24122703,58.86360257,58.79942230,58.95048999,0,0
16.68000000,59.24532141,58.85729841,58.79808932,59.01307454,0,0
16.69000000,59.16461589,58.89215916,58.82480635,59.02884466,0,0
16.70000000,59.21338306,58.91951261,58.82667642,58.89134696,0,0
16.71000000,59.19280094,58.94756723,58.83606155,58.84350336,0,0
16.72000000,59.22890911,59.00553922,58.83034253,58.79421877,0,0
16.73000000,59.24334296,58.93143449,58.79816608,58.84080633,0,0
16.74000000,59.13031113,58.79928890,58.79388981,58.90511215,0,0
16.75000000,59.14442920,58.81032976,58.84760981,58.98394200,0,0
16.76000000,59.15859000,58.89911795,58.85632193,58.98579859,0,0
16.77000000,59.21897989,58.97618166,58.89573544,58.82261765,0,0
16.78000000,59.23306727,58.89205244,58.88003501,58.68765814,0,0
16.79000000,59.14305939,58.95496742,58.89280229,58.77795192,0,0
16.80000000,59.14038309,58.89958696,58.88854078,58.86975452,0,0
16.81000000,59.20361998,58.84176575,58.91604481,59.03215436,0,0
16.82000000,59.18402790,58.81145226,58.93512707,59.14627631,0,0
16.83000000,59.22568413,58.86129682,58.88261753,59.08040511,0,0
16.84000000,59.23604418,58.93810563,58.85645893,58.95261950,0,0
16.85000000,59.16594550,58.95479538,58.82664996,58.78383632,0,0
16.86000000,59.21122526,58.90103558,58.85374470,58.73971266,0,0
16.87000000,59.17128210,58.90228385,58.80962144,58.73949864,0,0
16.88000000,59.18082793,58.86278670,58.88771540,58.86724728,0,0
16.89000000,59.27238208,58.90876858,58.87679136,59.00923309,0,0
16.90000000,59.27427776,58.96036885,58.88893114,59.04308557,0,0
16.91000000,59.27423926,58.98452680,58.82355792,58.97094047,0,0
16.92000000,59.26811959,58.95845272,58.80153613,58.85845487,0,0
16.93000000,59.24959841,58.95711502,58.84999369,58.77504437,0,0
16.94000000,59.22727552,58.99152452,58.82272214,58.75995424,0,0
16.95000000,59.33741189,58.91608874,58.82780426,58.81372363,0,0
16.96000000,59.23107489,58.93348858,58.81892689,58.96210163,0,0
16.97000000,59.27026481,58.86926438,58.85187462,59.00806895,0,0
16.98000000,59.21523492,59.00478985,58.84015589,58.94675926,0,0
16.99000000,59.25830929,58.95903269,58.89889280,58.80791096,0,0
17.00000000,59.35692925,58.98410920,58.83891147,58.73616299,0,0
17.01000000,59.23184995,58.91094903,58.90462755,58.72828836,0,0
17.02000000,59.27943012,58.93306089,58.84646700,58.87369902,0,0
17.03000000,59.22525067,58.92537587,58.89286927,58.91070373,0,0
17.04000000,59.23172859,58.91522009,58.81832331,59.04180839,0,0
17.05000000,59.29054034,58.89908536,58.83780181,58.99730576,0,0
17.06000000,59.28489948,58.88043983,58.79733556,58.88029381,0,0
17.07000000,59.29795538,58.92528752,58.92011579,58.73825207,0,0
17.08000000,59.25642834,58.93469247,58.88690380,58.73400732,0,0
17.09000000,59.21948411,59.00413017,58.85051614,58.73113486,0,0
17.10000000,59.29981216,58.92486079,58.86677727,58.83072246,0,0
17.11000000,59.29378652,58.89801347,58.82706539,58.99848380,0,0
17.12000000,59.20646536,58.87140475,58.92271510,59.02360569,0,0
17.13000000,59.27042086,58.96963344,58.88670991,59.01744622,0,0
17.14000000,59.24508310,58.97768740,58.89811301,58.90605442,0,0
17.15000000,59.29483497,58.93630134,58.90991594,58.90897530,0,0
17.16000000,59.26645943,58.92199497,58.89568748,58.82911229,0,0
17.17000000,59.21538166,58.91805509,58.96192069,58.92055380,0,0
17.18000000,59.17499221,58.88769549,58.91404840,58.99832867,0,0
17.19000000,59.25354499,58.94046208,58.94010291,58.94773213,0,0
17.20000000,59.19879787,59.00388084,58.82060782,58.95208310,0,0
17.21000000,59.31045282,58.94370477,58.81361818,58.77504465,0,0
17.22000000,59.24678985,58.92439973,58.75812405,58.76611852,0,0
17.23000000,59.23105584,58.95871350,58.81202615,58.77276567,0,0
17.24000000,59.28785053,58.93846204,58.84834819,58.91015611,0,0
17.25000000,59.18340854,58.90423374,58.96107357,58.94723977,0,0
17.26000000,59.18731360,58.91904655,58.87813132,59.07107850,0,0
17.27000000,59.20413800,58.95429910,58.89918250,58.98904691,0,0
17.28000000,59.33149742,59.06340069,58.90031064,58.92289905,0,0
17.29000000,59.29223479,58.92730182,58.81955064,58.82206164,0,0
17.30000000,59.24009985,58.92031882,58.93023074,58.77159978,0,0
17.31000000,59.16696511,58.88479713,58.90612457,58.83015954,0,0
17.32000000,59.23998038,58.90191442,58.97988287,58.93740842,0,0
17.33000000,59.24731034,58.92929303,58.93661161,59.03929511,0,0
17.34000000,59.22292952,58.93746476,58.90621013,59.02294621,0,0
17.35000000,59.27806465,58.93003503,58.84714114,58.97034724,0,0
17.36000000,59.22497730,58.92005902,58.94699550,58.86302588,0,0
17.37000000,59.36965678,58.98708648,58.84534520,58.79329296,0,0
17.38000000,59.28829696,58.99032870,58.89643392,58.84093315,0,0
17.39000000,59.31958063,58.92766813,58.85385028,58.83565493,0,0
17.40000000,59.23357748,58.80128251,58.92098676,58.94465062,0,0
17.41000000,59.27984694,58.91021421,58.96523963,58.96666485,0,0
17.42000000,59.22241396,58.98207097,58.89325572,58.83872597,0,0
17.43000000,59.29958564,58.91482820,58.87911778,58.86377296,0,0
17.44000000,59.28284475,58.96125909,58.85500195,58.72103658,0,0
17.45000000,59.34327295,58.91544793,58.95212095,58.87463741,0,0
17.46000000,59.40043908,59.01918076,58.92259578,58.98811249,0,0
17.47000000,59.22701370,58.93037873,59.02705220,59.07047111,0,0
17.48000000,59.35187571,58.96422115,58.90867739,59.09438735,0,0
17.49000000,59.23965222,58.94214744,58.97432849,59.02547295,0,0
17.50000000,59.38419330,58.93149914,58.87834297,58.92678467,0,0
17.51000000,59.36568928,58.89947391,58.89055684,58.75734142,0,0
17.52000000,59.25483691,59.02168380,58.85294304,58.76921642,0,0
17.53000000,59.25685995,59.02279275,58.82409240,58.78795771,0,0
17.54000000,59.33586356,58.99516274,58.85590176,58.89190165,0,0
17.55000000,59.35293502,58.93789941,58.84041372,58.96094245,0,0
17.56000000,59.32721539,58.92527336,58.92960021,59.02135626,0,0
17.57000000,59.31268495,59.01567260,58.88631941,58.90970509,0,0
17.58000000,59.28647030,58.98020551,58.95279075,58.85226517,0,0
17.59000000,59.33737641,59.04537663,58.85893423,58.84268337,0,0
17.60000000,59.29401574,58.94603081,58.82282787,58.78249796,0,0
17.61000000,59.29804116,58.91600202,58.85423709,58.90525843,0,0
17.62000000,59.25666969,58.84056316,58.98865608,58.90729337,0,0
17.63000000,59.20662679,58.98907340,58.96497850,58.99122244,0,0
17.64000000,59.24774670,58.94635536,58.90376047,58.94316956,0,0
17.65000000,59.28039630,58.89998065,58.94572919,58.88363654,0,0
17.66000000,59.25371178,58.92738267,58.92351713,58.84114065,0,0
17.67000000,59.28546982,58.98901126,58.92119684,58.88221382,0,0
17.68000000,59.26410595,59.03493503,58.95405698,58.87051473,0,0
17.69000000,59.19699766,58.85161292,58.90371884,58.99611202,0,0
17.70000000,59.24406179,58.91028535,58.85917334,59.03197012,0,0
17.71000000,59.21057565,58.86885888,58.91238954,58.99399746,0,0
17.72000000,59.23210720,58.92959298,58.91379069,58.92859422,0,0
17.73000000,59.22983023,58.91601592,58.93565999,58.79271089,0,0
17.74000000,59.08841920,58.94906815,58.92987151,58.83166315,0,0
17.75000000,59.26503101,58.98340046,58.90889015,58.83365893,0,0
17.76000000,59.24304910,58.86907494,58.95146587,58.94771274,0,0
17.77000000,59.27776002,58.91281054,58.97632254,59.09187365,0,0
17.78000000,59.26362563,58.88572187,58.94176975,59.10581353,0,0
17.79000000,59.19358411,58.94517963,58.97905243,59.05122756,0,0
17.80000000,59.24554772,58.91076570,58.99103874,58.98608477,0,0
17.81000000,59.26762243,58.94117183,58.94333262,58.87780331,0,0
17.82000000,59.22216671,58.93264825,58.90745027,58.84550173,0,0
17.83000000,59.24430030,58.95965569,58.91605111,58.91964390,0,0
17.84000000,59.27932948,58.99168975,58.97622095,58.99608297,0,0
17.85000000,59.29338758,58.98240685,58.97632236,59.05344590,0,0
17.86000000,59.30959070,59.00813419,58.99081566,58.95054758,0,0
17.87000000,59.41215477,58.91535105,58.98679524,58.93402352,0,0
17.88000000,59.43324066,59.00998639,58.94962046,58.86764799,0,0
17.89000000,59.32896419,59.09972844,58.91564578,58.87042914,0,0
17.90000000,59.35758830,59.06238780,58.93002971,58.97382932,0,0
17.91000000,59.35870889,59.04561073,58.89495453,59.00429773,0,0
17.92000000,59.41504370,58.99514084,58.90037118,59.02092187,0,0
17.93000000,59.32155244,59.01586578,58.90532540,58.96868536,0,0
17.94000000,59.40281176,59.01438389,58.93094098,58.92459353,0,0
17.95000000,59.35923996,59.04766994,58.93142266,58.83979301,0,0
17.96000000,59.34187099,59.10769290,58.91530825,58.82471681,0,0
17.97000000,59.45180769,59.09183107,58.98201535,58.80944118,0,0
17.98000000,59.37832239,59.01032651,58.87281338,58.85787074,0,0
17.99000000,59.40236253,58.95942277,58.88727292,58.93947156,0,0
18.00000000,59.41304607,59.03930834,58.83039708,58.93018228,0,0
18.01000000,59.43579610,59.04515976,58.89821977,59.04695858,0,0
18.02000000,59.42911860,59.06198178,58.90128878,58.83888440,0,0
18.03000000,59.41441830,59.12065535,58.74467491,58.80483290,0,0
18.04000000,59.33346087,59.02755986,58.88804984,58.80263706,0,0
18.05000000,59.30276509,58.95353897,58.92715464,58.84168385,0,0
18.06000000,59.33245402,58.93424214,58.94754060,58.99052911,0,0
18.07000000,59.35903200,59.02978963,59.01378130,58.98946377,0,0
18.08000000,59.41388223,59.08840631,58.99586523,59.00763059,0,0
18.09000000,59.27462348,58.99601993,58.97814795,58.94027518,0,0
18.10000000,59.32465210,58.96307066,58.92610292,58.87917640,0,0
18.11000000,59.27364323,59.04729333,58.98964259,58.93319846,0,0
18.12000000,59.31913384,58.97045190,58.99021979,59.01301492,0,0
18.13000000,59.29842881,59.01736413,59.01201261,59.08722112,0,0
18.14000000,59.19972814,58.93823278,58.88158642,59.12806822,0,0
18.15000000,59.26614619,58.96746076,58.90274417,59.07824448,0,0
18.16000000,59.37595702,58.97501652,59.02065840,59.03026014,0,0
18.17000000,59.38199697,59.03875828,58.97396945,58.86612465,0,0
18.18000000,59.28038683,59.11631223,59.02576592,58.84324425,0,0
18.19000000,59.29216918,59.05070782,59.02718530,58.90046949,0,0
18.20000000,59.23266164,59.02750395,58.98795020,59.04407461,0,0
18.21000000,59.36958625,58.90969792,58.96207499,59.14588623,0,0
18.22000000,59.29912842,58.96505440,58.93776274,59.08147830,0,0
18.23000000,59.27503352,59.00661320,59.02383867,59.09722547,0,0
18.24000000,59.36892357,59.03585003,59.02572454,58.98382990,0,0
18.25000000,59.34742909,59.15187009,59.08009911,58.93285352,0,0
18.26000000,59.36150135,59.04441073,59.01902004,58.93571455,0,0
18.27000000,59.32154490,59.00851097,59.00561548,58.98221232,0,0
18.28000000,59.33044605,58.97683114,59.11286777,59.10907372,0,0
18.29000000,59.36766364,59.04665919,59.03527703,59.06499823,0,0
18.30000000,59.38810514,59.09281986,59.05244615,59.01923277,0,0
18.31000000,59.34011420,59.01895065,58.96745193,58.98751418,0,0
18.32000000,59.40033002,59.04554477,58.88770233,58.85508077,0,0
18.33000000,59.33180879,59.00079041,58.97993352,58.90245881,0,0
18.34000000,59.37334526,59.05097666,58.99735203,58.94797705,0,0
18.35000000,59.36868729,59.01373062,58.98621147,59.06730620,0,0
18.36000000,59.33632867,59.05487935,58.97428017,59.03281148,0,0
18.37000000,59.36678071,59.01562996,58.95188785,59.04545845,0,0
18.38000000,59.33931375,58.98167818,58.97750625,58.97940584,0,0
18.39000000,59.41842553,58.97411745,58.94514078,58.82162482,0,0
18.40000000,59.32900552,58.96676571,58.92472332,58.84402677,0,0
18.41000000,59.36021412,59.11076571,58.98043617,58.81443935,0,0
18.42000000,59.29422768,59.05656077,59.03018862,59.00006712,0,0
18.43000000,59.43910138,59.03890501,58.99009910,59.09978063,0,0
18.44000000,59.26543308,58.97815423,59.02564493,59.10512185,0,0
18.45000000,59.33644760,58.97832262,59.05168528,59.15079016,0,0
18.46000000,59.32990700,58.97832034,59.04937031,59.01956731,0,0
18.47000000,59.38323189,59.06311124,58.97145214,58.93855553,0,0
18.48000000,59.40055092,59.05462462,58.96176433,58.91367047,0,0
18.49000000,59.37083631,59.02621428,58.99367066,58.96314223,0,0
18.50000000,59.31515944,58.94311737,58.99231895,59.00076002,0,0
18.51000000,59.31766938,58.99978738,58.96498825,59.05821239,0,0
18.52000000,59.38477253,59.02783130,59.03111988,59.05952890,0,0
18.53000000,59.39591828,59.04369881,59.02715125,59.06897130,0,0
18.54000000,59.40791263,59.05250840,58.96160793,58.98860993,0,0
18.55000000,59.26741249,59.04706519,58.95777890,58.93093130,0,0
18.56000000,59.35745855,59.03342570,59.00542582,58.98191937,0,0
18.57000000,59.33973890,58.99035413,58.96161897,59.02106796,0,0
18.58000000,59.41011054,58.98195671,58.99508683,59.03269073,0,0
18.59000000,59.34834880,58.97608115,58.98337352,59.08074171,0,0
18.60000000,59.27485096,58.98698688,59.06855603,59.02246383,0,0
18.61000000,59.29027046,59.03315484,58.95946254,58.89448527,0,0
18.62000000,59.34288707,59.09190798,58.90356556,58.85116755,0,0
18.63000000,59.35439047,59.04205006,58.94233889,58.86700713,0,0
18.64000000,59.41331632,59.02513499,58.95988489,58.96155867,0,0
18.65000000,59.36866759,58.97566116,58.98692380,59.04110688,0,0
18.66000000,59.32509154,58.98172768,58.97766667,59.11440895,0,0
18.67000000,59.36180103,59.03914269,58.96529373,59.06923717,0,0
18.68000000,59.30449583,59.05171775,58.95671653,58.98470308,0,0
18.69000000,59.38025587,59.06534950,58.94171234,58.87275860,0,0
18.70000000,59.31895423,59.03444956,59.03265405,58.86561875,0,0
18.71000000,59.35388967,59.01108367,59.07824804,58.92615603,0,0
18.72000000,59.31994391,59.02082471,59.01044358,59.00421569,0,0
18.73000000,59.32885305,59.01848827,58.95633849,59.05939226,0,0
18.74000000,59.31601240,59.04672120,59.01961024,59.07119431,0,0
18.75000000,59.40271343,59.05520722,59.01492130,59.06452433,0,0
18.76000000,59.35344899,59.01938362,59.03312489,58.98631651,0,0
18.77000000,59.33486384,59.06908977,58.96646048,58.93501998,0,0
18.78000000,59.44276914,59.04764274,58.96912580,58.92848032,0,0
18.79000000,59.34535712,59.00420150,58.91677449,59.00424014,0,0
18.80000000,59.34352300,58.97590678,58.95725748,59.05142390,0,0
18.81000000,59.25587000,59.01593079,58.97874342,59.07553907,0,0
18.82000000,59.37094227,59.10706076,59.06516632,59.08653655,0,0
18.83000000,59.45995458,59.13608651,59.06609130,58.97666631,0,0
18.84000000,59.44812550,59.09882428,58.96689058,58.85254794,0,0
18.85000000,59.38166510,59.05541068,58.98082575,58.90220517,0,0
18.86000000,59.39517199,59.04124496,58.96125707,58.99231456,0,0
18.87000000,59.32754110,59.14006279,59.00844256,59.09978192,0,0
18.88000000,59.39336110,59.11476897,58.98212184,59.12405744,0,0
18.89000000,59.40302700,59.06041751,58.98297603,59.08244453,0,0
18.90000000,59.35471234,59.00601291,58.96567184,59.03076691,0,0
18.91000000,59.42275179,59.04478001,58.95273654,58.89685438,0,0
18.92000000,59.37106947,59.11235768,58.99867198,58.91034627,0,0
18.93000000,59.40322762,59.10689956,58.96470986,58.93380690,0,0
18.94000000,59.37548837,59.05781121,59.01733827,58.99991904,0,0
18.95000000,59.31920760,59.01536599,59.06290549,59.07162199,0,0
18.96000000,59.37027397,59.06428836,59.02094257,59.08458964,0,0
18.97000000,59.42595895,59.09874570,58.97920890,59.06977771,0,0
18.98000000,59.36276719,59.07284503,58.96015551,59.00137707,0,0
18.99000000,59.27667787,59.02043228,58.94796104,58.96256910,0,0
19.00000000,59.33973192,59.03165032,58.99614451,58.99015930,0,0
19.01000000,59.35096472,59.04643843,59.00439971,58.97705602,0,0
19.02000000,59.39979456,59.04346800,58.98291752,59.06146809,0,0
19.03000000,59.35587083,59.02667369,58.99153850,59.05056581,0,0
19.04000000,59.35026543,59.02716435,58.98420591,59.05255381,0,0
19.05000000,59.34253289,59.03274052,59.01783856,59.03688870,0,0
19.06000000,59.34694430,59.03339142,58.98433399,58.94149385,0,0
19.07000000,59.32013490,59.08422709,58.98567504,58.93736087,0,0
19.08000000,59.32380018,59.02715139,58.98186543,58.98758726,0,0
19.09000000,59.26712982,59.03088874,59.00921287,59.09399691,0,0
19.10000000,59.34465334,58.96410205,59.07876303,59.16897496,0,0
19.11000000,59.34318128,59.00586505,59.05441433,59.15530429,0,0
19.12000000,59.35991609,59.02513524,59.01818602,59.09684313,0,0
19.13000000,59.40409599,59.08055712,59.04435499,59.05157342,0,0
19.14000000,59.30790452,59.10622212,59.04636916,58.96800940,0,0
19.15000000,59.39995605,59.09625503,59.04938171,58.98512304,0,0
19.16000000,59.35020976,59.04267962,58.95611503,59.00062880,0,0
19.17000000,59.37852230,59.02121978,58.98538220,59.03936165,0,0
19.18000000,59.38071187,59.04315480,58.93935983,59.08447653,0,0
19.19000000,59.39739942,59.12160238,58.98042141,59.09968014,0,0
19.20000000,59.35229761,59.16734774,59.00700921,59.09112485,0,0
19.21000000,59.42359650,59.12739581,59.00629518,58.99018603,0,0
19.22000000,59.39490127,59.13637178,58.99506278,58.97296786,0,0
19.23000000,59.40257149,59.04096133,59.00212242,58.93431970,0,0
19.24000000,59.38888897,59.02864319,58.97279549,59.00933798,0,0
19.25000000,59.35227282,59.05960381,59.01205295,59.05355110,0,0
19.26000000,59.38650351,59.08666460,58.95674395,59.03502484,0,0
19.27000000,59.40072775,59.10123392,58.96919913,58.96410257,0,0
19.28000000,59.41869930,59.05014626,58.95221614,58.90565662,0,0
19.29000000,59.34865208,59.11226247,58.94291512,58.87757059,0,0
19.30000000,59.36554862,59.10887995,58.96038101,58.94027358,0,0
19.31000000,59.33267124,59.08530828,58.97882246,59.02417954,0,0
19.32000000,59.40313863,59.01264522,59.02472462,59.11460134,0,0
19.33000000,59.35581820,59.01244368,58.95894047,59.10215114,0,0
19.34000000,59.36386014,59.08553421,58.95966282,59.04178995,0,0
19.35000000,59.42230904,59.07643610,58.98643368,59.01999345,0,0
19.36000000,59.36523333,59.07080446,59.00575474,58.89015052,0,0
19.37000000,59.40649344,59.06346102,58.97130761,58.91792310,0,0
19.38000000,59.32916046,59.02702135,59.01167443,58.95989638,0,0
19.39000000,59.32792108,59.06059620,59.01701297,59.06000099,0,0
19.40000000,59.38583804,59.08168335,59.01665794,59.11379837,0,0
19.41000000,59.38090730,59.04493317,58.94133664,59.10470143,0,0
19.42000000,59.36626583,59.03962625,59.00544722,59.11274905,0,0
19.43000000,59.38681053,58.98075746,59.03131639,59.04938883,0,0
19.44000000,59.33266469,59.08528168,58.99963512,58.99897746,0,0
19.45000000,59.38485784,59.07105511,59.08012760,58.99390993,0,0
19.46000000,59.31809679,59.02183291,58.98596346,59.05348465,0,0
19.47000000,59.36503609,59.02923631,59.07070667,59.09152793,0,0
19.48000000,59.36185820,59.05483481,59.02742693,59.07844898,0,0
19.49000000,59.36534707,59.09480515,59.02839418,59.03760661,0,0
19.50000000,59.37249324,59.06490058,59.02897245,59.03792104,0,0
19.51000000,59.40499361,59.05815666,58.99223920,58.98118826,0,0
19.52000000,59.32755084,59.09282239,58.98949949,59.01839814,0,0
19.53000000,59.33938651,59.11607461,59.02716047,59.02150338,0,0
19.54000000,59.37020417,59.13226683,59.04440766,59.11488522,0,0
19.55000000,59.38073372,59.09220731,59.01826451,59.15720081,0,0
19.56000000,59.37991740,59.02077370,58.99020132,59.11596363,0,0
19.57000000,59.32485335,59.03041843,59.04036854,59.12204669,0,0
19.58000000,59.35232933,59.07048505,59.03650136,59.06518717,0,0
19.59000000,59.33231804,59.14393576,58.97210298,58.97699134,0,0
19.60000000,59.37006957,59.11473553,58.99647920,58.94476152,0,0
19.61000000,59.39534938,59.07047987,58.99331527,58.98917426,0,0
19.62000000,59.45670639,59.05150430,59.04341631,59.07913777,0,0
19.63000000,59.37478049,59.05048086,58.98893771,59.08934626,0,0
19.64000000,59.36644777,59.04637603,59.01078558,59.09710467,0,0
19.65000000,59.32123825,59.08807521,59.02759995,59.07536735,0,0
19.66000000,59.37052471,59.10594199,58.99406488,58.93106642,0,0
19.67000000,59.39934188,59.13284494,58.97989245,58.87972856,0,0
19.68000000,59.36964525,59.06968998,59.00088500,58.90252412,0,0
19.69000000,59.36285287,59.04285179,58.97904033,58.99262281,0,0
19.70000000,59.39004598,59.04616618,59.01351484,59.06279253,0,0
19.71000000,59.42743159,59.09624761,59.03302490,59.09445416,0,0
19.72000000,59.39656728,59.13461357,59.06108135,59.08903590,0,0
19.73000000,59.39367896,59.07876741,59.03385706,59.04637608,0,0
19.74000000,59.32631628,59.07174972,58.97302989,58.98563958,0,0
19.75000000,59.43136607,59.05782747,59.00583238,59.04920006,0,0
19.76000000,59.40659465,59.06615051,59.00206450,59.08667744,0,0
19.77000000,59.41361682,59.06836019,59.01136829,59.11381930,0,0
19.78000000,59.36023645,59.09025405,59.00191774,59.11961132,0,0
19.79000000,59.35503023,59.09217131,59.03941415,59.10503192,0,0
19.80000000,59.40537095,59.12576647,59.06256770,59.06960422,0,0
19.81000000,59.42370046,59.10856123,59.01785086,58.90228208,0,0
19.82000000,59.40990126,59.10255232,58.95950129,58.92671179,0,0
19.83000000,59.37601696,59.04007342,59.00962842,58.99135990,0,0
19.84000000,59.38142391,59.04390292,59.01418590,59.08261265,0,0
19.85000000,59.38173538,59.11603824,59.02937395,59.10668938,0,0
19.86000000,59.47046593,59.13738100,59.01133958,59.08996085,0,0
19.87000000,59.39636597,59.10313629,59.02321713,59.08124029,0,0
19.88000000,59.39635694,59.08292872,59.03601876,59.03773729,0,0
19.89000000,59.34453111,59.07580598,59.01429616,58.97342620,0,0
19.90000000,59.39192827,59.08126732,59.03147192,59.03183090,0,0
19.91000000,59.40958758,59.11024452,59.03272359,59.03099730,0,0
19.92000000,59.39896853,59.09677355,59.04131139,59.04127892,0,0
19.93000000,59.35175596,59.09059922,59.00497986,59.06992811,0,0
19.94000000,59.37789709,59.08326524,59.03555605,59.07356789,0,0
19.95000000,59.34890117,59.05242544,58.99914407,59.07844883,0,0
19.96000000,59.32980932,59.05066448,58.97163469,59.01891850,0,0
19.97000000,59.33187574,59.06529637,58.96396814,59.02280347,0,0
19.98000000,59.32869504,59.07384162,59.00534405,59.04340236,0,0
19.99000000,59.35332456,59.07722656,58.99929187,59.05419525,0,0
20.00000000,59.40334554,59.10611096,58.97304909,59.05643240,0,0
20.01000000,59.41135818,59.06647376,58.97187628,59.07941065,0,0
20.02000000,59.37049564,59.06078616,59.00978056,59.06728767,0,0
20.03000000,59.37234936,59.04255147,59.05554289,59.03407101,0,0
20.04000000,59.34987075,59.08198973,59.03797043,58.96382744,0,0
20.05000000,59.40884148,59.11246310,59.04821332,59.03721468,0,0
20.06000000,59.34108115,59.11084667,59.03683815,59.06156956,0,0
20.07000000,59.43522223,59.09913082,59.04745353,59.13152858,0,0
20.08000000,59.40500954,59.05692249,59.06369711,59.18352805,0,0
20.09000000,59.42255223,59.07645417,59.04367812,59.13265242,0,0
20.10000000,59.40934545,59.09681942,59.10451777,59.10958571,0,0
20.11000000,59.39152805,59.10190308,59.10531017,59.03262265,0,0
20.12000000,59.38403539,59.12773724,59.07158251,58.96833434,0,0
20.13000000,59.42209342,59.09546811,59.05125834,58.96866132,0,0
20.14000000,59.41415433,59.10127360,58.96258285,58.97283824,0,0
20.15000000,59.40024708,59.05604164,58.96672335,59.02136841,0,0
20.16000000,59.45010993,59.13561554,58.95322157,59.06691068,0,0
20.17000000,59.40508076,59.12413534,59.00111588,59.08296626,0,0
20.18000000,59.49683767,59.11528870,59.00185780,59.09245798,0,0
20.19000000,59.43114941,59.08467711,59.00912737,59.00664417,0,0
20.20000000,59.39994280,59.09457882,58.98765604,58.99385125,0,0
20.21000000,59.37086561,59.09677189,59.00411424,58.99498818,0,0
20.22000000,59.43468212,59.07994220,58.98194672,59.06077576,0,0
20.23000000,59.42113784,59.06230241,59.00141475,59.06742065,0,0
20.24000000,59.40649925,59.06347641,58.97693549,59.04383694,0,0
20.25000000,59.35331445,59.08209016,59.02902663,59.00354206,0,0
20.26000000,59.40516367,59.02605087,59.07747845,58.99310960,0,0
20.27000000,59.33184620,59.06524013,59.03057967,58.97327297,0,0
20.28000000,59.33622949,58.99895152,59.05973854,59.02365710,0,0
20.29000000,59.33103243,59.03802997,59.03775828,59.09824410,0,0
20.30000000,59.38518082,59.01281393,59.05337065,59.09652778,0,0
20.31000000,59.42097476,59.06997656,58.98283581,59.10018741,0,0
20.32000000,59.37538948,59.08724951,58.97680133,59.02667788,0,0
20.33000000,59.40413039,59.09657271,59.03879284,59.01746293,0,0
20.34000000,59.40695498,59.15109526,59.05226011,58.95679392,0,0
20.35000000,59.45978411,59.10712020,59.00457536,58.94472076,0,0
20.36000000,59.36330678,59.02799799,58.99560183,58.94129428,0,0
20.37000000,59.38034152,59.06364559,58.97053102,59.05820793,0,0
20.38000000,59.38511124,59.16194286,59.02758667,59.15227361,0,0
20.39000000,59.44736782,59.21807127,59.02965197,59.17956741,0,0
20.40000000,59.45901821,59.15410386,59.09369449,59.18574771,0,0
20.41000000,59.41059717,59.01047337,59.12619223,59.16895335,0,0
20.42000000,59.40399933,59.01910462,59.08358505,59.12712669,0,0
20.43000000,59.43433929,59.06959302,59.12612916,59.11996360,0,0
20.44000000,59.41907018,59.12185405,59.04409991,59.09698713,0,0
20.45000000,59.43585994,59.14300607,59.05290253,59.05027499,0,0
20.46000000,59.45443018,59.06981815,59.01270621,58.98276101,0,0
20.47000000,59.42865675,59.05057581,58.96587684,58.88955141,0,0
20.48000000,59.51387069,59.11029749,58.96894272,58.90893264,0,0
20.49000000,59.42690228,59.11881816,58.95548667,58.88685013,0,0
20.50000000,59.45711090,59.13062999,58.95938940,58.91129661,0,0
20.51000000,59.37764172,59.03067957,59.05531170,58.92158321,0,0
20.52000000,59.39077304,59.03038909,59.09042980,58.96411473,0,0
20.53000000,59.35444845,59.01834349,59.02105130,58.92583593,0,0
20.54000000,59.39376214,58.96050740,58.95479508,58.92964726,0,0
20.55000000,59.31707141,58.94592272,59.01232011,59.04837129,0,0
20.56000000,59.41034038,58.92265323,59.10204636,59.02793511,0,0
20.57000000,59.32513711,58.95296660,59.04436075,58.92619847,0,0
20.58000000,59.31570808,59.00544080,59.05157170,58.95955375,0,0
20.59000000,59.31290402,58.96533255,59.01553011,58.95050787,0,0
20.60000000,59.34836260,58.93900341,59.00850296,59.03746058,0,0
20.61000000,59.37685727,58.90513180,58.98346661,59.09231698,0,0
20.62000000,59.40499340,58.89969027,59.02986491,59.10132120,0,0
20.63000000,59.32123827,58.89107396,59.08499654,59.07113116,0,0
20.64000000,59.28250918,58.92792728,59.06613779,58.94617404,0,0
20.65000000,59.35472762,58.96619852,59.02229114,58.88100550,0,0
20.66000000,59.34290594,58.92773356,59.08752832,58.91373489,0,0
20.67000000,59.38973981,58.95312218,59.13096359,58.94845867,0,0
20.68000000,59.28660388,58.89664641,59.14718830,59.02485392,0,0
20.69000000,59.39504412,58.89963405,59.11504124,59.03478571,0,0
20.70000000,59.44399223,58.93324683,59.11671823,59.08634890,0,0
20.71000000,59.36394175,58.98313908,59.09965107,59.10231703,0,0
20.72000000,59.31351479,59.01535343,59.10585672,58.96082890,0,0
20.73000000,59.34442212,58.99102760,59.11508991,58.98991296,0,0
20.74000000,59.41594198,59.01801330,59.08474528,58.97344778,0,0
20.75000000,59.46898840,59.01699729,58.99392164,58.99168411,0,0
20.76000000,59.39653996,58.92667751,58.97722992,59.00695968,0,0
20.77000000,59.43157951,58.86389338,58.98111306,58.96776838,0,0
20.78000000,59.38282761,59.00542656,59.02679336,58.91891943,0,0
20.79000000,59.44424198,59.08038326,59.02479721,58.86442105,0,0
20.80000000,59.40007297,59.09167160,58.94034310,58.74959081,0,0
20.81000000,59.42411204,58.99450465,58.94668252,58.81627457,0,0
20.82000000,59.38690018,58.96347765,58.97793645,58.88837580,0,0
20.83000000,59.47951693,58.99819064,59.01340042,58.96996213,0,0
20.84000000,59.44492792,59.01992620,58.99581099,59.01160700,0,0
20.85000000,59.38156290,59.00419686,58.97204068,58.95403051,0,0
20.86000000,59.38452844,58.99570064,59.05040179,58.90561262,0,0
20.87000000,59.43496368,58.99210175,59.05650837,58.79168762,0,0
20.88000000,59.54311040,58.97307520,58.99902900,58.77338105,0,0
20.89000000,59.33739897,58.95973541,58.96499195,58.80680490,0,0
20.90000000,59.33506867,58.96442871,58.95649703,58.84097738,0,0
20.91000000,59.33334230,59.02533617,59.05282793,58.92395158,0,0
20.92000000,59.51408170,58.99713088,59.00738002,59.00512326,0,0
20.93000000,59.52134879,58.97615458,58.97909517,58.96682153,0,0
20.94000000,59.46505901,58.99014943,59.04195947,58.92801682,0,0
20.95000000,59.38699690,58.98687110,59.01458481,58.85253287,0,0
20.96000000,59.33827286,59.01203050,59.03345343,58.90319437,0,0
20.97000000,59.43200169,58.97424493,58.97060345,58.86120934,0,0
20.98000000,59.40040256,58.94861957,59.02710959,58.91361736,0,0
20.99000000,59.47218250,58.93544489,59.06835610,58.95413698,0,0
21.00000000,59.40293460,59.01289787,59.02273714,58.92704306,0,0
21.01000000,59.36988939,59.04314239,59.04464653,58.94432966,0,0
21.02000000,59.41583123,59.05481985,59.07781990,58.94096418,0,0
21.03000000,59.46215860,59.01343704,59.01197164,58.91022991,0,0
21.04000000,59.46125630,58.99655126,59.09293251,59.01101962,0,0
21.05000000,59.40279627,58.98546585,59.22792400,58.99054157,0,0
21.06000000,59.37410212,58.95735028,59.06500369,59.06431137,0,0
21.07000000,59.41702294,59.01263261,59.02052397,59.01766316,0,0
21.08000000,59.39670102,58.98007110,58.98690715,58.98259199,0,0
21.09000000,59.41562407,59.00854613,59.05646077,58.96716054,0,0
21.10000000,59.36714524,59.01861237,59.07032989,58.88250150,0,0
21.11000000,59.43947015,59.05661783,59.03414185,58.85251294,0,0
21.12000000,59.38328471,58.99783120,59.06162653,58.84020213,0,0
21.13000000,59.42666332,58.98462971,59.01190645,58.91983220,0,0
21.14000000,59.36077189,58.93012567,59.02292596,58.95996464,0,0
21.15000000,59.46268991,58.98136337,59.01741610,59.01097644,0,0
21.16000000,59.41854372,59.05707529,59.07274780,58.99489217,0,0
21.17000000,59.42685819,59.02547030,59.06805380,59.01084635,0,0
21.18000000,59.42657009,59.00905779,58.99935561,58.87022693,0,0
21.19000000,59.41503415,58.93895876,59.07442942,58.91853879,0,0
21.20000000,59.39679554,58.94715283,59.07185927,58.91905036,0,0
21.21000000,59.43400178,58.98751109,59.15411172,58.96421856,0,0
21.22000000,59.36641893,59.05093721,59.06245807,58.96728000,0,0
21.23000000,59.39658837,58.97978520,59.15800260,58.89988466,0,0
21.24000000,59.45225616,58.93822550,59.07518272,58.96783025,0,0
21.25000000,59.42557532,58.92023149,59.09950197,58.91014288,0,0
21.26000000,59.49654694,59.06301221,59.01277680,58.91050506,0,0
21.27000000,59.32649021,59.08664388,59.08037013,58.94153662,0,0
21.28000000,59.40953192,59.03783949,59.07968667,58.97898927,0,0
21.29000000,59.36409368,58.95941383,59.03315719,58.99240547,0,0
21.30000000,59.47696298,58.91390613,59.00310441,59.00056843,0,0
21.31000000,59.47524773,58.91948542,58.97089433,58.95332109,0,0
21.32000000,59.49268801,59.02148538,59.07892896,58.93174888,0,0
21.33000000,59.34919301,59.02122731,59.01442114,58.84827627,0,0
21.34000000,59.44277669,59.07382712,59.05924650,58.86751726,0,0
21.35000000,59.38597034,59.00144525,59.11040769,58.94683022,0,0
21.36000000,59.33381902,58.95120711,59.08652316,59.02963619,0,0
21.37000000,59.46218214,59.00712996,59.09087900,59.11412414,0,0
21.38000000,59.48155822,58.95248653,59.14060170,59.12563806,0,0
21.39000000,59.47271391,59.00827683,59.08869804,59.07797278,0,0
21.40000000,59.41199414,59.00877587,59.12641786,58.97463704,0,0
21.41000000,59.37411819,59.08222522,59.06160272,58.82119081,0,0
21.42000000,59.38749458,59.06019926,59.10715257,58.83138689,0,0
21.43000000,59.43874335,59.04218505,59.06098612,58.86372347,0,0
21.44000000,59.40334561,58.98093744,58.97534288,58.97700298,0,0
21.45000000,59.52882089,58.97753707,59.03411682,59.02758967,0,0
21.46000000,59.40851951,58.98466561,59.00482864,59.01477815,0,0
21.47000000,59.46991617,59.06345833,58.97836231,59.00875306,0,0
21.48000000,59.36320484,59.04866466,59.05780323,58.89555597,0,0
21.49000000,59.38981018,59.03380467,59.08580598,58.91610254,0,0
21.50000000,59.47995234,59.03407691,59.08374670,58.90683317,0,0
21.51000000,59.52175442,58.99910524,59.14503411,58.93300442,0,0
21.52000000,59.41806411,58.95960023,59.04898012,59.06855321,0,0
21.53000000,59.43296877,58.93210842,58.99326501,58.97954722,0,0
21.54000000,59.34462411,58.91480257,59.04375085,58.95486257,0,0
21.55000000,59.42071533,59.03059575,59.14327639,58.89295118,0,0
21.56000000,59.43458173,59.00246297,59.09433430,58.78454310,0,0
21.57000000,59.40023928,59.05226795,59.11254827,58.81802584,0,0
21.58000000,59.41216246,58.93850055,59.02126405,58.88599438,0,0
21.59000000,59.36951913,58.96856929,59.01553124,59.01099483,0,0
21.60000000,59.43019578,58.90060719,59.03698515,59.03299292,0,0
21.61000000,59.41494166,58.96269818,59.00521393,59.01936975,0,0
21.62000000,59.41742607,58.96710791,59.09418849,58.97033629,0,0
21.63000000,59.40546436,58.98900569,59.08477643,58.85996070,0,0
21.64000000,59.50716807,58.96133929,59.11557949,58.79493800,0,0
21.65000000,59.37817482,58.94446845,59.06247959,58.85607617,0,0
21.66000000,59.35844808,59.00963363,59.03539687,58.85389861,0,0
21.67000000,59.40400186,58.99148357,59.13174206,59.02898073,0,0
21.68000000,59.40442499,59.01569283,59.13421294,59.06362827,0,0
21.69000000,59.42709573,58.95470857,59.02034001,59.04110430,0,0
21.70000000,59.41860444,58.96571437,59.11111248,59.07115024,0,0
21.71000000,59.32562483,58.93618219,59.10017577,58.87761066,0,0
21.72000000,59.40235997,58.98766577,59.06749585,58.88546484,0,0
21.73000000,59.37352205,59.00948863,59.04845833,58.91268475,0,0
21.74000000,59.41536132,58.92384242,59.06837541,58.93229283,0,0
21.75000000,59.48449042,58.96036990,59.09900125,58.97829192,0,0
21.76000000,59.42127855,58.96112442,59.00626216,59.00059645,0,0
21.77000000,59.41258525,59.08006721,59.02766463,58.88835831,0,0
21.78000000,59.30106732,58.98465692,59.00041593,58.94538354,0,0
21.79000000,59.40199129,58.98337050,59.01433384,58.85177916,0,0
21.80000000,59.55141707,58.98681867,59.01073324,58.88321215,0,0
21.81000000,59.47116526,59.04776171,59.13656345,58.89872640,0,0
21.82000000,59.37532667,58.97308499,59.07715371,58.94845276,0,0
21.83000000,59.33898029,59.03907560,59.04037435,59.02701770,0,0
21.84000000,59.39536057,58.97374669,59.10093812,58.98080080,0,0
21.85000000,59.54894678,58.96455395,59.11149193,59.02606818,0,0
21.86000000,59.46110453,58.90375201,59.13771545,58.94700754,0,0
21.87000000,59.38006347,58.95992287,59.01739924,58.80528991,0,0
21.88000000,59.28353598,59.02061396,59.06733052,58.86771531,0,0
21.89000000,59.43070922,59.01940021,58.99253329,58.82484693,0,0
21.90000000,59.43473889,59.05989494,59.04745190,58.98568145,0,0
21.91000000,59.52084501,58.89310585,59.02250034,58.95498711,0,0
21.92000000,59.35307387,58.96499740,59.16026643,59.00376287,0,0
21.93000000,59.36445214,58.96876357,59.09452095,59.00526472,0,0
21.94000000,59.42792440,59.04490117,59.04533862,58.95558718,0,0
21.95000000,59.45402359,58.99697821,58.94561706,58.82514139,0,0
21.96000000,59.46451735,58.91779303,59.10565348,58.87163164,0,0
21.97000000,59.42115701,58.92014311,59.13002490,58.86506437,0,0
21.98000000,59.33043009,58.94326583,59.08152510,58.96395517,0,0
21.99000000,59.42766407,59.06196844,58.97881288,58.92734735,0,0
22.00000000,59.39078835,58.98570760,59.03209656,58.98052095,0,0
22.01000000,59.45329531,59.02225702,59.04299667,59.01442980,0,0
22.02000000,59.46431130,59.02609442,59.11313452,58.96719074,0,0
22.03000000,59.36390328,59.04786241,59.16236703,58.95184613,0,0
22.04000000,59.49774780,58.98333036,59.05965900,58.93769322,0,0
22.05000000,59.42255053,59.02409169,59.03313998,58.99322154,0,0
22.06000000,59.46920921,59.04671339,59.03401462,58.93036528,0,0
22.07000000,59.48904074,58.99831061,59.04236976,59.02115613,0,0
22.08000000,59.41555183,59.01875630,59.11814934,58.95225110,0,0
22.09000000,59.43090381,58.98485511,59.04225086,58.92954292,0,0
22.10000000,59.49559721,59.06695716,59.02657371,58.85348577,0,0
22.11000000,59.41002693,59.05925794,59.04665955,58.91094817,0,0
22.12000000,59.45197443,59.10484134,59.08224009,58.94741506,0,0
22.13000000,59.41234119,58.99251865,59.04927294,58.96906703,0,0
22.14000000,59.40011823,59.01912141,59.13121175,59.06968488,0,0
22.15000000,59.51664031,58.96647466,59.00110390,58.96032387,0,0
22.16000000,59.42548785,59.03082561,59.08425200,58.98097732,0,0
22.17000000,59.43014538,59.00150804,58.95456744,58.87429599,0,0
22.18000000,59.45903146,59.01404406,59.05770441,58.80581257,0,0
22.19000000,59.40504178,59.02701061,58.97187784,58.89559149,0,0
22.20000000,59.35784033,58.96739798,58.98640210,58.85482647,0,0
22.21000000,59.32382521,59.01154125,59.06644031,58.94150456,0,0
22.22000000,59.32287222,58.98679280,59.04015163,58.98382811,0,0
22.23000000,59.42802793,58.97068008,59.04998605,59.06431365,0,0
22.24000000,59.45726057,58.94786808,59.11957141,59.05052284,0,0
22.25000000,59.36745368,58.96451597,59.05772320,58.92967068,0,0
22.26000000,59.32740732,58.95499544,59.06342422,58.91447547,0,0
22.27000000,59.24692308,58.94624570,59.02448757,58.91024057,0,0
22.28000000,59.38120445,58.94174596,59.06776312,58.94183572,0,0
22.29000000,59.42875441,58.92721233,59.04734119,59.02409426,0,0
22.30000000,59.40472820,58.93077588,59.00636849,58.97115583,0,0
22.31000000,59.37348816,58.99227273,59.02175368,58.97402055,0,0
22.32000000,59.37786182,58.96558596,59.07807215,58.96825274,0,0
22.33000000,59.38970921,59.07461866,59.01528552,58.90103995,0,0
22.34000000,59.42446756,58.95189681,59.06902068,58.95444397,0,0
22.35000000,59.38776865,58.98381767,59.13711233,58.94597388,0,0
22.36000000,59.33902032,58.88877058,59.21485068,59.07652987,0,0
22.37000000,59.39803229,58.94885733,59.08245822,59.02451630,0,0
22.38000000,59.42911207,58.97566526,59.05791216,59.03287576,0,0
22.39000000,59.43093627,58.97949291,59.03326846,59.03284967,0,0
22.40000000,59.38949881,58.99104770,59.09907307,58.90652747,0,0
22.41000000,59.35758732,59.06321833,59.10480848,58.86770435,0,0
22.42000000,59.45928986,59.01141581,59.10315440,58.88885452,0,0
22.43000000,59.41186783,58.98770536,59.03937582,58.93668657,0,0
22.44000000,59.42780170,58.96998827,58.94214412,59.00540235,0,0
22.45000000,59.47496512,59.00782314,58.98391132,59.02467212,0,0
22.46000000,59.41290105,59.02815071,58.97788771,59.00275776,0,0
22.47000000,59.42780535,58.98190606,58.99006818,58.95626270,0,0
22.48000000,59.45192000,58.96694118,59.01559553,58.85759702,0,0
22.49000000,59.42506853,58.95123382,58.95900772,58.80718404,0,0
22.50000000,59.37570845,58.97498700,59.03859621,58.89965452,0,0
22.51000000,59.31629553,58.95561063,59.05511217,58.92594938,0,0
22.52000000,59.36320730,58.98802289,59.03794710,58.96566259,0,0
22.53000000,59.52479717,58.92068802,58.99797404,58.92170424,0,0
22.54000000,59.40996176,58.95520202,59.02758510,58.87263692,0,0
22.55000000,59.42835472,58.97287334,59.03484949,58.91932034,0,0
22.56000000,59.32992745,59.02336429,59.02463178,58.80968368,0,0
22.57000000,59.34344900,58.98647559,59.07861845,58.88643041,0,0
22.58000000,59.41944504,58.96336975,59.07388540,58.95783573,0,0
22.59000000,59.45455516,58.94255369,59.06910712,58.97348299,0,0
22.60000000,59.41172436,58.93534682,59.01757080,58.97437214,0,0
22.61000000,59.38846370,58.92854388,59.02289192,58.95778995,0,0
22.62000000,59.34004020,58.94843770,59.06956283,58.95259120,0,0
22.63000000,59.40453939,58.96180576,59.02379721,58.86225504,0,0
22.64000000,59.44057675,58.99433665,59.02501875,58.80601822,0,0
22.65000000,59.43469260,58.99626747,59.07880521,58.88887698,0,0
22.66000000,59.42420779,59.02022191,59.06278624,58.93859201,0,0
22.67000000,59.40007349,58.99640816,58.99444749,59.02362950,0,0
22.68000000,59.40784721,58.92853641,59.07666978,59.04054671,0,0
22.69000000,59.53392179,58.93725065,59.00686606,59.02498326,0,0
22.70000000,59.49902151,59.01045851,59.14624217,58.97059002,0,0
22.71000000,59.49296378,59.01370070,59.04855219,58.86066356,0,0
22.72000000,59.38629206,59.01582631,59.09371923,58.88027683,0,0
22.73000000,59.34304725,58.98823211,59.14161909,58.88507583,0,0
22.74000000,59.52552321,59.01957551,59.12294686,58.93214322,0,0
22.75000000,59.59232998,58.96617139,59.18056116,58.94807305,0,0
22.76000000,59.51810923,58.98024417,59.05893718,58.96394476,0,0
22.77000000,59.52643490,58.94799775,59.10861424,58.96605975,0,0
22.78000000,59.47428213,59.02537012,59.05625465,58.92317036,0,0
22.79000000,59.52533144,58.98976595,59.09344738,58.85982001,0,0
22.80000000,59.50343861,59.01286922,59.08408339,58.86475098,0,0
22.81000000,59.44450316,58.95081353,59.10213056,58.82852740,0,0
22.82000000,59.48205129,58.93243216,59.14593766,58.89186021,0,0
22.83000000,59.53223296,58.91971184,59.10904379,58.92032783,0,0
22.84000000,59.54926569,58.97895555,59.06626161,58.93534131,0,0
22.85000000,59.54302494,58.94831444,59.08966807,58.90716396,0,0
22.86000000,59.48532537,58.97371614,59.17900179,58.78966080,0,0
22.87000000,59.48721343,59.03782478,59.17758408,58.82102649,0,0
22.88000000,59.53382021,59.00390414,59.12172804,58.87426793,0,0
22.89000000,59.47653204,58.94954430,59.06110089,58.86810298,0,0
22.90000000,59.53156792,58.86543398,59.03227536,59.00349541,0,0
22.91000000,59.55441809,58.84584676,59.11691512,58.98639187,0,0
22.92000000,59.49505227,58.97736207,59.09088248,58.90612200,0,0
22.93000000,59.45229257,58.94301135,59.12272700,58.92480259,0,0
22.94000000,59.42487310,58.94745383,59.18545098,58.80360949,0,0
22.95000000,59.47449778,58.90634544,59.09719331,58.82377766,0,0
22.96000000,59.51012127,58.92362483,59.14190738,58.83799535,0,0
22.97000000,59.43812420,58.97615872,59.11578367,58.89889419,0,0
22.98000000,59.50442760,58.96272104,59.10015774,58.97100740,0,0
22.99000000,59.51629067,58.93289719,59.07440507,59.02003026,0,0
23.00000000,59.40272898,58.94646672,59.14844396,58.95720257,0,0
23.01000000,59.45198512,58.90016275,59.16960987,58.94874794,0,0
23.02000000,59.43312253,58.96107347,59.13982186,58.87328404,0,0
23.03000000,59.47857976,58.96491579,59.11767450,58.85750771,0,0
23.04000000,59.50376508,58.92531378,59.13610218,58.88596279,0,0
23.05000000,59.45768797,58.93946357,59.15070502,58.95507919,0,0
23.06000000,59.39931051,58.97350598,59.10411800,58.94816550,0,0
23.07000000,59.46149403,58.97097560,59.12431679,58.94444743,0,0
23.08000000,59.44076339,58.98937156,59.20034712,58.90047129,0,0
23.09000000,59.54668025,58.92950755,59.14826014,58.89079977,0,0
23.10000000,59.47682310,59.00665714,59.08791149,58.81632586,0,0
23.11000000,59.40784080,58.90713595,59.09954336,58.85929906,0,0
23.12000000,59.42792405,58.89302589,59.11167253,58.88575102,0,0
23.13000000,59.49529953,58.88385118,59.11431301,58.90135530,0,0
23.14000000,59.49014089,58.94837318,59.07551880,58.92054542,0,0
23.15000000,59.51645486,58.98788031,59.11172490,58.91489925,0,0
23.16000000,59.41732124,58.93594273,59.14205775,58.88082993,0,0
23.17000000,59.39363044,58.91705561,59.12471672,58.81892531,0,0
23.18000000,59.42015705,58.91888140,59.07437123,58.78303773,0,0
23.19000000,59.44053767,58.92261002,59.12961965,58.80646359,0,0
23.20000000,59.55506119,58.92482836,59.11048544,58.87017254,0,0
23.21000000,59.50217941,58.91635809,59.12403327,58.89511320,0,0
23.22000000,59.43643001,58.90651448,59.10009104,58.92889218,0,0
23.23000000,59.37167881,58.89645035,59.05479312,58.93803040,0,0
23.24000000,59.40802763,58.91886251,59.07470024,58.86454600,0,0
23.25000000,59.45643432,58.92482338,59.07131099,58.79050064,0,0
23.26000000,59.48815608,58.88742422,59.06040977,58.77961242,0,0
23.27000000,59.43689200,58.86346523,59.10175863,58.87435029,0,0
23.28000000,59.47022163,58.89284275,59.05197395,58.89953819,0,0
23.29000000,59.41717537,58.92290442,59.08347234,58.88240453,0,0
23.30000000,59.41692480,58.90903719,59.12797628,58.90595291,0,0
23.31000000,59.47059202,59.00516250,59.12687116,58.93480835,0,0
23.32000000,59.54131900,58.99153859,59.21577989,58.95536018,0,0
23.33000000,59.51205222,58.90038613,59.18250236,58.88314454,0,0
23.34000000,59.47368522,58.91832935,59.15592363,58.89312077,0,0
23.35000000,59.38963810,58.90609432,59.10340845,58.89560896,0,0
23.36000000,59.42911105,58.99821591,59.09393605,58.91483437,0,0
23.37000000,59.46086309,58.90831866,59.16720116,58.89446563,0,0
23.38000000,59.50542812,58.93386594,59.12806439,58.85736718,0,0
23.39000000,59.44450050,58.86021071,59.04237050,58.85378169,0,0
23.40000000,59.47190595,58.91510123,59.02087990,58.81057772,0,0
23.41000000,59.43291087,58.99709975,58.98035479,58.77944250,0,0
23.42000000,59.53057104,58.98334642,59.01282032,58.83927722,0,0
23.43000000,59.42809589,58.90166250,59.06338814,58.86028423,0,0
23.44000000,59.47425863,58.87534045,59.11644022,58.90655380,0,0
23.45000000,59.48018668,58.86746805,59.06799732,58.90657357,0,0
23.46000000,59.39276470,58.99379431,59.01817167,58.93371274,0,0
23.47000000,59.50189731,58.97092010,58.96851218,58.85696042,0,0
23.48000000,59.41705976,58.86021013,59.11696880,58.78898102,0,0
23.49000000,59.47983259,58.84568574,59.20539295,58.85555884,0,0
23.50000000,59.46695691,58.89339738,59.24580080,58.77791459,0,0
23.51000000,59.44840583,58.87377072,59.18003218,58.82541905,0,0
23.52000000,59.47731026,58.90959317,59.13504600,58.90383782,0,0
23.53000000,59.45873399,58.92185781,59.01529346,58.93955599,0,0
23.54000000,59.46087012,58.99774735,59.14012645,58.91222300,0,0
23.55000000,59.46688398,58.91338525,59.22295093,58.90983645,0,0
23.56000000,59.46047111,58.94195893,59.16080352,58.83439957,0,0
23.57000000,59.49413343,58.98280530,59.10633303,58.85352687,0,0
23.58000000,59.51736585,58.98927014,59.08191366,58.85956128,0,0
23.59000000,59.49862897,58.91584419,59.13566204,58.92338401,0,0
23.60000000,59.44708474,58.92392395,59.10752180,58.89277942,0,0
23.61000000,59.51153687,58.91862523,59.08503271,58.86875365,0,0
23.62000000,59.41058655,58.91445477,59.10807161,58.86536719,0,0
23.63000000,59.49428463,58.94065429,59.01999331,58.84351891,0,0
23.64000000,59.50491130,59.02061733,59.02152285,58.88442789,0,0
23.65000000,59.47721774,59.01531153,59.06220559,58.89754911,0,0
23.66000000,59.45762346,58.96045595,59.08303433,58.91047274,0,0
23.67000000,59.42287788,58.93663789,59.08212783,59.03316963,0,0
23.68000000,59.45492781,58.89520055,59.06137154,58.92599625,0,0
23.69000000,59.48937331,58.94963612,59.07636023,58.85952450,0,0
23.70000000,59.45059419,58.97626968,59.08436155,58.86283454,0,0
23.71000000,59.40979150,58.98798268,59.08469502,58.79355242,0,0
23.72000000,59.34892568,58.99260428,59.04050125,58.70749178,0,0
23.73000000,59.44406182,58.96180666,59.09063512,58.74446151,0,0
23.74000000,59.49749972,58.94740105,59.09037044,58.89306646,0,0
23.75000000,59.52795900,58.91471390,59.08453346,58.99684046,0,0
23.76000000,59.41398560,58.86996146,59.09788523,58.98997621,0,0
23.77000000,59.31951762,58.95397050,59.09581847,58.99220926,0,0
23.78000000,59.41064796,58.94394542,59.10279761,58.93939445,0,0
23.79000000,59.47268114,59.01204937,59.05527434,58.75034038,0,0
23.80000000,59.52259850,58.91601652,59.02977713,58.76403100,0,0
23.81000000,59.33870096,58.89516797,59.12139540,58.79257566,0,0
23.82000000,59.41073399,58.90059224,59.09728523,58.87830011,0,0
23.83000000,59.38122731,58.97850694,59.14114911,58.94036615,0,0
23.84000000,59.49001968,59.01144937,59.12185426,58.91306417,0,0
23.85000000,59.52499933,58.96491149,59.12583146,58.91189453,0,0
23.86000000,59.45537178,58.92015316,59.17798351,58.89183639,0,0
23.87000000,59.39814014,58.97541016,59.15951213,58.84728769,0,0
23.88000000,59.43106075,58.99898549,59.09937297,58.93939592,0,0
23.89000000,59.42645133,58.98591342,59.05547268,58.94661405,0,0
23.90000000,59.46198516,58.89330018,59.06724214,59.00190980,0,0
23.91000000,59.47219253,58.83432466,59.10705120,58.98289736,0,0
23.92000000,59.42634374,58.92374160,59.14206717,58.92330227,0,0
23.93000000,59.48171244,59.00604660,59.10802434,58.90375675,0,0
23.94000000,59.42306297,59.03407953,59.05758899,58.82269621,0,0
23.95000000,59.43334341,59.03675947,59.03691591,58.77741056,0,0
23.96000000,59.46992411,58.94515747,59.08949142,58.88195749,0,0
23.97000000,59.50246900,58.94264956,59.10497886,58.92338292,0,0
23.98000000,59.48817519,58.94529834,59.08175047,58.97818397,0,0
23.99000000,59.48373566,58.96282482,59.04473638,58.98672950,0,0
24.00000000,59.42788685,59.02213057,59.03388280,58.92061634,0,0
24.01000000,59.48961133,59.00518181,59.11127725,58.89899103,0,0
24.02000000,59.41569293,58.93385014,59.13863647,58.80047434,0,0
24.03000000,59.39357155,58.87796664,59.09377818,58.80247180,0,0
24.04000000,59.40888850,58.93703292,59.05875325,58.85836339,0,0
24.05000000,59.45223089,59.01504648,59.08237724,58.91964090,0,0
24.06000000,59.44992956,58.99110673,59.12280320,58.95027859,0,0
24.07000000,59.42402039,58.89825768,59.01771124,58.95790210,0,0
24.08000000,59.38629893,58.90194420,59.04787787,58.93627304,0,0
24.09000000,59.42592970,58.89165778,59.07461776,58.90094322,0,0
24.10000000,59.39233639,58.94617931,59.04448354,58.82285802,0,0
24.11000000,59.43718296,58.97013078,58.99909066,58.83101659,0,0
24.12000000,59.42200836,58.91368967,59.03297109,58.79417091,0,0
24.13000000,59.45388470,58.86248133,59.03004272,58.86728886,0,0
24.14000000,59.42239066,58.86896575,59.08058906,58.90714234,0,0
24.15000000,59.38423966,58.93966367,59.03682907,58.90789948,0,0
24.16000000,59.32763332,58.96148597,59.10477171,58.92722729,0,0
24.17000000,59.35604035,58.88814688,59.12631279,58.91037260,0,0
24.18000000,59.38349557,58.90077739,59.13510287,58.87145297,0,0
24.19000000,59.37805850,58.90831702,59.13288903,58.95081144,0,0
24.20000000,59.40431944,58.89305311,59.14092014,58.90429892,0,0
24.21000000,59.34429303,58.84304716,59.14521627,58.99268478,0,0
24.22000000,59.41428357,58.85373633,59.11735928,59.03737574,0,0
24.23000000,59.40688412,58.91276690,59.10789612,58.96823612,0,0
24.24000000,59.41061359,58.96496691,59.14560490,58.96229479,0,0
24.25000000,59.38767829,58.94318481,59.15142477,58.87999957,0,0
24.26000000,59.39669018,58.93663483,59.06539522,58.78507750,0,0
24.27000000,59.37907560,58.90749077,59.02156862,58.83410736,0,0
24.28000000,59.46179314,58.93264629,59.00845855,58.85294686,0,0
24.29000000,59.44254472,58.93972272,58.98873771,58.90755065,0,0
24.30000000,59.44839218,58.98504875,59.03286765,58.93547122,0,0
24.31000000,59.38660270,59.01435550,59.07820287,58.89199730,0,0
24.32000000,59.47350389,58.94134847,59.09253967,58.93401356,0,0
24.33000000,59.45193948,58.88915656,59.07474715,58.86423914,0,0
24.34000000,59.43702521,58.93276699,59.03120011,58.82584089,0,0
24.35000000,59.37499171,58.96447430,59.09697791,58.88297397,0,0
24.36000000,59.45437017,59.02528205,59.07891030,58.89688634,0,0
24.37000000,59.48857124,58.98321771,59.08847323,58.89608910,0,0
24.38000000,59.50098826,58.89363932,59.02577166,58.84331947,0,0
24.39000000,59.47812095,58.94395155,59.05230534,58.81833938,0,0
24.40000000,59.45374872,58.93548500,59.01150451,58.83562142,0,0
24.41000000,59.48291366,59.01296109,59.04368485,58.78450459,0,0
24.42000000,59.54845459,59.00018732,59.06487766,58.82673583,0,0
24.43000000,59.49645323,58.92919268,59.06113647,58.82349115,0,0
24.44000000,59.55083515,58.87040109,58.96558607,58.82329751,0,0
24.45000000,59.49774166,58.89019166,58.97887988,58.83821889,0,0
24.46000000,59.43728770,58.93786481,59.00032402,58.83785488,0,0
24.47000000,59.42937977,58.93260368,59.10603192,58.81678421,0,0
24.48000000,59.41275320,58.88299047,59.05639842,58.81535450,0,0
24.49000000,59.42693479,58.92544899,59.05430697,58.75474425,0,0
24.50000000,59.53429039,58.91178153,59.08486323,58.76239870,0,0
24.51000000,59.50598525,58.92969743,59.06343684,58.83572713,0,0
24.52000000,59.49680342,58.84442350,59.11569228,58.92262869,0,0
24.53000000,59.46333577,58.86517122,59.13643418,58.95646240,0,0
24.54000000,59.42907532,58.90203917,59.12158504,58.97295905,0,0
24.55000000,59.53856055,58.91226166,59.09122595,58.90243224,0,0
24.56000000,59.47519178,58.91243386,59.07096094,58.82937180,0,0
24.57000000,59.50781651,58.89059388,59.05368443,58.75635332,0,0
24.58000000,59.49273976,58.87766196,59.11110154,58.79710008,0,0
24.59000000,59.48944503,58.88559213,59.12482626,58.79291572,0,0
24.60000000,59.46307474,58.90936733,59.09284196,58.83227404,0,0
24.61000000,59.47305130,58.89794200,59.12246261,58.84599420,0,0
24.62000000,59.46152455,58.93597551,59.11096677,58.89682212,0,0
24.63000000,59.53569904,58.87261212,59.24612331,58.91324043,0,0
24.64000000,59.46555975,58.87313341,59.23271829,58.85499738,0,0
24.65000000,59.48810883,58.85423959,59.15952431,58.83283418,0,0
24.66000000,59.42043921,58.87500598,59.11408807,58.83789391,0,0
24.67000000,59.47198141,58.89193675,59.11806796,58.85262166,0,0
24.68000000,59.46154799,58.91001021,59.17347145,58.88739806,0,0
24.69000000,59.48812371,58.86624632,59.12203835,58.88078840,0,0
24.70000000,59.42981077,58.85324755,59.09757301,58.83807399,0,0
24.71000000,59.47483612,58.85103827,59.09447479,58.81293933,0,0
24.72000000,59.45233442,58.86264203,59.08373907,58.75971934,0,0
24.73000000,59.47575152,58.90710914,59.07575955,58.78039049,0,0
24.74000000,59.41307459,58.87827851,59.12076215,58.80430806,0,0
24.75000000,59.42422562,58.82157227,59.14677398,58.88169133,0,0
24.76000000,59.46117136,58.83979806,59.16340669,58.90348035,0,0
24.77000000,59.48042188,58.89383802,59.08734517,58.89303520,0,0
24.78000000,59.44179326,58.85953804,59.09218878,58.85399511,0,0
24.79000000,59.39936760,58.83079056,59.16121012,58.83479826,0,0
24.80000000,59.43158052,58.86230631,59.14874919,58.74129961,0,0
24.81000000,59.42966244,58.91984717,59.12015304,58.74927256,0,0
24.82000000,59.50143226,58.86871645,59.12171074,58.73039922,0,0
24.83000000,59.47946462,58.82999246,59.08884093,58.85521388,0,0
24.84000000,59.44853031,58.79962064,59.13818096,58.90322521,0,0
24.85000000,59.39696944,58.89998145,59.11773377,58.93100904,0,0
24.86000000,59.40752164,58.89287982,59.15351310,58.95269487,0,0
24.87000000,59.45669747,58.88285880,59.15317569,58.90422656,0,0
24.88000000,59.54099423,58.86232884,59.13282139,58.79392305,0,0
24.89000000,59.46383763,58.84035732,59.10410857,58.77748964,0,0
24.90000000,59.50195343,58.84513863,59.20843677,58.78981529,0,0
24.91000000,59.50727478,58.89038320,59.07007258,58.84190807,0,0
24.92000000,59.47573675,58.92426006,59.11335657,58.81131431,0,0
24.93000000,59.44659492,58.89337224,59.03003795,58.77601179,0,0
24.94000000,59.44330433,58.86771805,59.05201187,58.83088376,0,0
24.95000000,59.49128065,58.86378955,59.10660601,58.81237767,0,0
24.96000000,59.52847954,58.95294744,59.08856592,58.77177320,0,0
24.97000000,59.46715127,58.93201575,59.11493421,58.81108679,0,0
24.98000000,59.46502405,58.90549137,59.06934524,58.80702925,0,0
24.99000000,59.41953643,58.84536371,59.09431413,58.79776755,0,0
25.00000000,59.55275362,58.85943563,59.13006368,58.80655498,0,0
25.01000000,59.59370693,58.85529145,59.10848740,58.76704290,0,0
25.02000000,59.44800356,58.95619699,59.04224701,58.83644495,0,0
25.03000000,59.38556877,58.85874091,59.03669481,58.75257174,0,0
25.04000000,59.39505405,58.84603147,59.02378768,58.69231903,0,0
25.05000000,59.54962216,58.79161470,59.10734057,58.79736941,0,0
25.06000000,59.56615436,58.85926734,59.11470995,58.80941771,0,0
25.07000000,59.47691594,58.88891942,59.09115309,58.84877154,0,0
25.08000000,59.45186250,58.84374924,59.11165230,58.87657711,0,0
25.09000000,59.46302513,58.89191324,59.07067437,58.85909116,0,0
25.10000000,59.53146013,58.82600507,59.08117698,58.78873933,0,0
25.11000000,59.45997897,58.86449067,59.13790966,58.68215167,0,0
25.12000000,59.46195954,58.84981734,59.14067797,58.68628662,0,0
25.13000000,59.33458083,58.89145345,59.14751123,58.72347428,0,0
25.14000000,59.45582654,58.82658988,59.11621361,58.73984271,0,0
25.15000000,59.52892466,58.84280698,59.09585836,58.87616380,0,0
25.16000000,59.49331129,58.81762461,59.04694284,58.89367205,0,0
25.17000000,59.45352438,58.84799274,59.16590868,58.89868451,0,0
25.18000000,59.39767422,58.90800827,59.22776531,58.86332887,0,0
25.19000000,59.46599196,58.92735351,59.12099398,58.86562359,0,0
25.20000000,59.42559082,58.86984116,59.03786855,58.84286728,0,0
25.21000000,59.44820765,58.83745535,59.04295144,58.76812102,0,0
25.22000000,59.36624917,58.74112972,59.13175800,58.79310170,0,0
25.23000000,59.51588849,58.87936213,59.12608648,58.81866676,0,0
25.24000000,59.40714280,58.93872342,59.04152150,58.84800218,0,0
25.25000000,59.55190001,58.92193638,59.14521925,58.78203120,0,0
25.26000000,59.42599689,58.80116052,59.09602731,58.73720479,0,0
25.27000000,59.40966904,58.88729741,59.15598147,58.72701373,0,0
25.28000000,59.40770903,58.90503008,59.12830056,58.83236842,0,0
25.29000000,59.50229691,58.92885298,59.15041731,58.84442485,0,0
25.30000000,59.52002422,58.86758244,59.10905754,58.89626735,0,0
25.31000000,59.48413837,58.89211465,59.04746096,58.88577751,0,0
25.32000000,59.37738759,58.81392974,59.09762200,58.82045119,0,0
25.33000000,59.46017197,58.86416576,59.17529099,58.80072480,0,0
25.34000000,59.45786766,58.87938235,59.15960823,58.76972994,0,0
25.35000000,59.51904865,58.96430663,59.18615831,58.70550841,0,0
25.36000000,59.52056377,58.86604289,59.09498181,58.77959618,0,0
25.37000000,59.42434897,58.82072498,59.10105814,58.77361164,0,0
25.38000000,59.37918835,58.80350829,59.02141415,58.87925596,0,0
25.39000000,59.42527712,58.89646237,59.02331312,58.86111999,0,0
25.40000000,59.34018795,58.98916542,59.07017643,58.85615179,0,0
25.41000000,59.48866858,58.87790906,59.08476369,58.87961682,0,0
25.42000000,59.54240012,58.84758988,59.08725113,58.79105619,0,0
25.43000000,59.60612022,58.79711727,59.09297388,58.68743068,0,0
25.44000000,59.44328823,58.80462417,59.10824647,58.77006485,0,0
25.45000000,59.32263635,58.87154893,59.07072403,58.78103867,0,0
25.46000000,59.30452145,58.88681567,59.10876362,58.84184839,0,0
25.47000000,59.46075129,58.88914413,59.13268226,58.80430414,0,0
25.48000000,59.49199746,58.82173720,58.99661463,58.87727333,0,0
25.49000000,59.47050963,58.82951596,59.00866964,58.82702387,0,0
25.50000000,59.43667367,58.84316198,59.06608446,58.80418311,0,0
25.51000000,59.38606765,58.88488643,59.11297058,58.79040526,0,0
25.52000000,59.45774019,58.88372838,59.18110211,58.85211342,0,0
25.53000000,59.37788111,58.86127681,59.20808096,58.85653595,0,0
25.54000000,59.35806678,58.78657465,59.16444358,58.83094244,0,0
25.55000000,59.41916353,58.79811481,59.13377054,58.83906142,0,0
25.56000000,59.48461867,58.95722413,59.04212788,58.79486998,0,0
25.57000000,59.49498238,58.99543126,58.99071212,58.85664324,0,0
25.58000000,59.54183261,58.91191885,59.09166706,58.77154094,0,0
25.59000000,59.35905736,58.76589237,59.11015813,58.77202534,0,0
25.60000000,59.46069860,58.77253638,59.21499537,58.83474183,0,0
25.61000000,59.38394456,58.89076258,59.09579345,58.86299504,0,0
25.62000000,59.52378157,58.96630766,59.02631565,58.90529348,0,0
25.63000000,59.47833544,58.81830460,59.01695337,58.87325875,0,0
25.64000000,59.50449364,58.90373079,59.07851156,58.82278360,0,0
25.65000000,59.47965818,58.81595833,59.11923019,58.77528614,0,0
25.66000000,59.48598957,58.85945804,59.16421905,58.75648584,0,0
25.67000000,59.25602633,58.89203334,59.14720734,58.76517076,0,0
25.68000000,59.49748980,58.87984052,59.18129323,58.79147433,0,0
25.69000000,59.45431367,58.83661436,59.18594308,58.81759042,0,0
25.70000000,59.58488736,58.90241466,59.06960992,58.83267007,0,0
25.71000000,59.46872466,58.88162303,58.97243889,58.79795948,0,0
25.72000000,59.42609314,58.94517246,58.99626896,58.72692527,0,0
25.73000000,59.37065897,58.81970150,59.09345147,58.80883725,0,0
25.74000000,59.51506162,58.88158259,59.03191989,58.78427942,0,0
25.75000000,59.47799785,58.86484108,59.07717676,58.79748506,0,0
25.76000000,59.55141344,58.84117352,59.02791010,58.69556367,0,0
25.77000000,59.36555287,58.73908087,58.98601256,58.72295523,0,0
25.78000000,59.35960742,58.86569515,58.93495700,58.73697382,0,0
25.79000000,59.40001590,58.85259788,59.00266548,58.80124251,0,0
25.80000000,59.43931175,58.90400554,59.10875998,58.78575507,0,0
25.81000000,59.43688098,58.81589463,59.11265309,58.84252929,0,0
25.82000000,59.41082121,58.86560822,59.16762676,58.82495424,0,0
25.83000000,59.42341551,58.87453885,59.04240368,58.83511156,0,0
25.84000000,59.53194765,58.86041304,59.04352860,58.83107254,0,0
25.85000000,59.36570598,58.81065658,59.09703853,58.89781378,0,0
25.86000000,59.34607643,58.85749398,59.13911435,58.82482203,0,0
25.87000000,59.35835691,58.82361691,59.14590752,58.85140363,0,0
25.88000000,59.48567926,58.87449121,59.12370930,58.85050633,0,0
25.89000000,59.41591134,58.88809955,59.04230691,58.80579134,0,0
25.90000000,59.48790326,58.91624649,59.02765711,58.67409134,0,0
25.91000000,59.32627360,58.88856053,59.05263394,58.73507418,0,0
25.92000000,59.42740506,58.82446027,59.11674588,58.80106162,0,0
25.93000000,59.41843454,58.90701853,59.17705071,58.94717081,0,0
25.94000000,59.44880772,58.85587431,59.12726918,58.88131683,0,0
25.95000000,59.45287393,58.80910124,59.05023295,58.93194162,0,0
25.96000000,59.43198833,58.88921511,59.08286997,58.88885343,0,0
25.97000000,59.38019898,58.82045658,59.05984858,58.74331415,0,0
25.98000000,59.53523320,58.92491728,59.15358615,58.69329811,0,0
25.99000000,59.33839018,58.81720472,59.08693635,58.77062407,0,0
26.00000000,59.45892416,58.85941716,59.17177376,58.76599238,0,0
26.01000000,59.49407186,58.86910101,59.10283283,58.82492252,0,0
26.02000000,59.51456512,58.83646387,59.05412381,58.73295623,0,0
26.03000000,59.54445770,58.85757202,59.00255601,58.79799999,0,0
26.04000000,59.39537073,58.86386976,59.05339111,58.79333834,0,0
26.05000000,59.41731741,58.92994396,59.08614302,58.70722149,0,0
26.06000000,59.46660405,58.87709425,59.11279258,58.72822623,0,0
26.07000000,59.44611124,58.83658947,59.04208933,58.76956487,0,0
26.08000000,59.42472527,58.78520338,59.10072926,58.77347662,0,0
26.09000000,59.49269913,58.77464001,59.10197657,58.77707361,0,0
26.10000000,59.38264120,58.82418638,59.07417765,58.82116266,0,0
26.11000000,59.38945635,58.87596915,59.02249969,58.83064646,0,0
26.12000000,59.30439697,58.90200371,59.05204959,58.70122196,0,0
26.13000000,59.27937353,58.80774329,59.06632166,58.81149862,0,0
26.14000000,59.42057390,58.81753587,58.96825769,58.72037853,0,0
26.15000000,59.45817810,58.85577265,59.07275732,58.80704256,0,0
26.16000000,59.46173640,58.84241435,58.97278595,58.86365916,0,0
26.17000000,59.41035370,58.81413934,58.98077918,58.86250402,0,0
26.18000000,59.23540449,58.82811918,58.99044997,58.86200459,0,0
26.19000000,59.40900187,58.83282462,59.06480957,58.78236307,0,0
26.20000000,59.38103054,58.77391108,59.15630861,58.79646472,0,0
26.21000000,59.36308593,58.89362982,59.08669029,58.77128028,0,0
26.22000000,59.35753243,58.90900739,59.05779301,58.75859129,0,0
26.23000000,59.34102418,58.82404406,59.06135067,58.77248236,0,0
26.24000000,59.42876927,58.78654255,59.08027956,58.83421423,0,0
26.25000000,59.45639493,58.80863556,59.11931187,58.90891718,0,0
26.26000000,59.40001867,58.88035017,59.21614359,58.92453773,0,0
26.27000000,59.33172794,58.87917947,59.13471089,58.85944939,0,0
26.28000000,59.41863397,58.85078131,59.16365019,58.83065030,0,0
26.29000000,59.39149928,58.83558674,58.97349282,58.73957946,0,0
26.30000000,59.54210741,58.81538418,58.98348326,58.66098948,0,0
26.31000000,59.39062846,58.81296867,59.12670843,58.70612292,0,0
26.32000000,59.36557476,58.81008689,59.08286948,58.78495945,0,0
26.33000000,59.42956628,58.81604317,59.10362886,58.81842091,0,0
26.34000000,59.43130833,58.89306590,59.06225274,58.77835359,0,0
26.35000000,59.54139002,58.97153813,58.97174715,58.77922775,0,0
26.36000000,59.45426902,58.84365371,59.04032251,58.75772485,0,0
26.37000000,59.36213020,58.84874423,59.10136137,58.70184663,0,0
26.38000000,59.48406506,58.74762471,59.07433577,58.74575441,0,0
26.39000000,59.51677491,58.83884770,59.06507451,58.86475348,0,0
26.40000000,59.46689208,58.93931866,59.04336942,58.83559481,0,0
26.41000000,59.39493446,58.88733882,59.07379259,58.78020938,0,0
26.42000000,59.35097595,58.81951135,59.07410283,58.83393276,0,0
26.43000000,59.44968212,58.77080722,59.04140386,58.78423807,0,0
26.44000000,59.54908947,58.76854201,59.04223354,58.78552036,0,0
26.45000000,59.44286976,58.89918890,59.05129137,58.68913742,0,0
26.46000000,59.46046853,58.82180996,59.03260657,58.71335702,0,0
26.47000000,59.48726872,58.83807275,59.10247247,58.73224960,0,0
26.48000000,59.41850727,58.88107438,59.02597147,58.78799766,0,0
26.49000000,59.51240550,58.80944695,59.06403418,58.78910837,0,0
26.50000000,59.30329058,58.82865362,58.98157717,58.80206635,0,0
26.51000000,59.47169993,58.81997257,59.08532536,58.79157316,0,0
26.52000000,59.48983058,58.79145992,59.12378718,58.84902163,0,0
26.53000000,59.52797023,58.78735269,59.09817527,58.67296957,0,0
26.54000000,59.42490764,58.82171956,59.03782507,58.71701322,0,0
26.55000000,59.39689693,58.83301124,59.16406020,58.68408659,0,0
26.56000000,59.43384996,58.88277598,59.11943669,58.69427306,0,0
26.57000000,59.40863814,58.77209533,59.10097023,58.81337937,0,0
26.58000000,59.59070066,58.84450245,59.06199554,58.82869638,0,0
26.59000000,59.45520066,58.79354257,59.07726314,58.81159172,0,0
26.60000000,59.53481290,58.82404599,59.08969829,58.81653038,0,0
26.61000000,59.35053091,58.77654166,59.09350012,58.70318638,0,0
26.62000000,59.45408809,58.79202093,59.05011484,58.71244917,0,0
26.63000000,59.37809656,58.66925995,59.18185268,58.72171558,0,0
26.64000000,59.42590714,58.76283621,59.22691339,58.76456791,0,0
26.65000000,59.53344351,58.81728687,59.09314614,58.78685960,0,0
26.66000000,59.40805412,58.82499905,59.10168822,58.79510259,0,0
26.67000000,59.46159694,58.80782959,59.05577373,58.72711568,0,0
26.68000000,59.44505354,58.75902344,59.08812609,58.72690686,0,0
26.69000000,59.48026731,58.78775692,59.09572295,58.67862011,0,0
26.70000000,59.48593639,58.85943569,59.13645450,58.72498873,0,0
26.71000000,59.52701530,58.82916724,59.13701367,58.76562617,0,0
26.72000000,59.47122408,58.77669844,59.10742440,58.80770313,0,0
26.73000000,59.44360450,58.77650911,59.10867371,58.82128210,0,0
26.74000000,59.52989040,58.75967540,59.08418596,58.79721154,0,0
26.75000000,59.41995361,58.81669650,59.16406094,58.81195891,0,0
26.76000000,59.44472947,58.79784589,59.13217528,58.78113996,0,0
26.77000000,59.27055412,58.84970509,59.22724064,58.73066812,0,0
26.78000000,59.50086606,58.89987247,59.13083773,58.72184400,0,0
26.79000000,59.46767635,58.79715631,59.17463483,58.80294631,0,0
26.80000000,59.59334747,58.82837607,59.05798539,58.81763304,0,0
26.81000000,59.46172922,58.78368996,59.08355832,58.79259461,0,0
26.82000000,59.49643288,58.84972505,59.06596167,58.83809454,0,0
26.83000000,59.39429810,58.88546612,59.04079748,58.78196578,0,0
26.84000000,59.48294109,58.89428116,59.09061359,58.68426821,0,0
26.85000000,59.38728601,58.79832206,59.07059740,58.62482732,0,0
26.86000000,59.48328061,58.78622103,59.03212994,58.67972807,0,0
26.87000000,59.51654966,58.79806030,59.01061248,58.70909374,0,0
26.88000000,59.45935503,58.84577433,59.04524078,58.79426125,0,0
26.89000000,59.36495157,58.81925841,59.05355893,58.74692965,0,0
26.90000000,59.43830486,58.84098510,59.08979255,58.73531337,0,0
26.91000000,59.36281138,58.77739277,59.25451370,58.78086373,0,0
26.92000000,59.47982324,58.84670292,59.21997212,58.72804923,0,0
26.93000000,59.43637287,58.76913675,59.06293836,58.70755849,0,0
26.94000000,59.40895717,58.72960092,59.05587937,58.73521769,0,0
26.95000000,59.41526980,58.71276438,59.08533637,58.74162152,0,0
26.96000000,59.40173551,58.77817476,59.09677648,58.77331639,0,0
26.97000000,59.41742085,58.90238489,59.11718018,58.74242221,0,0
26.98000000,59.40596148,58.82337492,59.09421267,58.72002509,0,0
26.99000000,59.43158112,58.74510133,59.08003757,58.66267129,0,0
27.00000000,59.43176984,58.69487283,59.05313299,58.65015230,0,0
27.01000000,59.48693544,58.75236165,59.05080203,58.68662811,0,0
27.02000000,59.36870332,58.82441830,59.07853051,58.71899231,0,0
27.03000000,59.40722988,58.80955396,59.13123791,58.76088812,0,0
27.04000000,59.43495784,58.80112377,59.12275894,58.80114877,0,0
27.05000000,59.50996941,58.72757522,59.12276402,58.79347832,0,0
27.06000000,59.51481628,58.76069751,59.12109088,58.75540240,0,0
27.07000000,59.38610420,58.75592630,59.16976323,58.79591850,0,0
27.08000000,59.43531087,58.81781498,59.10538972,58.73444523,0,0
27.09000000,59.39859521,58.82256596,59.13353117,58.72132379,0,0
27.10000000,59.49494362,58.82479322,59.14006522,58.74015772,0,0
27.11000000,59.45608880,58.80747148,59.11984362,58.68599502,0,0
27.12000000,59.38544040,58.73628977,59.06302562,58.74376296,0,0
27.13000000,59.39305664,58.80120621,59.09929862,58.76136425,0,0
27.14000000,59.43597745,58.80993924,59.07429455,58.80832600,0,0
27.15000000,59.52158523,58.79999310,59.03660230,58.78982168,0,0
27.16000000,59.49282533,58.80795717,59.11516281,58.73696972,0,0
27.17000000,59.34594472,58.82176237,59.04330779,58.67579813,0,0
27.18000000,59.32204647,58.77810329,59.06516657,58.67882410,0,0
27.19000000,59.40276260,58.85849521,58.97449866,58.71741740,0,0
27.20000000,59.47976558,58.79609188,58.97767548,58.77408433,0,0
27.21000000,59.48290340,58.81832408,59.11303749,58.76275036,0,0
27.22000000,59.44996934,58.84087738,59.10102421,58.76300911,0,0
27.23000000,59.36900518,58.85084879,59.16913442,58.79825142,0,0
27.24000000,59.39726351,58.91634186,59.15461273,58.74379190,0,0
27.25000000,59.43937094,58.84820617,59.10139924,58.71504550,0,0
27.26000000,59.44897619,58.79538839,59.07384287,58.77750229,0,0
27.27000000,59.47778760,58.81324402,59.12724551,58.80303218,0,0
27.28000000,59.38550863,58.78038905,59.11464981,58.84522258,0,0
27.29000000,59.41097705,58.89497288,59.06599181,58.78865358,0,0
27.30000000,59.40982699,58.88176629,59.01202103,58.78389593,0,0
27.31000000,59.49311323,58.87551064,59.06135239,58.73305855,0,0
27.32000000,59.41254536,58.82726905,59.18586085,58.69292609,0,0
27.33000000,59.43779913,58.78357314,59.13698535,58.66596749,0,0
27.34000000,59.47181210,58.88804960,59.08601000,58.78777065,0,0
27.35000000,59.44618780,58.91761008,59.06058306,58.79257040,0,0
27.36000000,59.45284884,58.88287158,59.01339836,58.83988351,0,0
27.37000000,59.36699624,58.80328283,59.08832435,58.82416090,0,0
27.38000000,59.50951845,58.85289762,59.06437112,58.77896383,0,0
27.39000000,59.48885025,58.91765713,59.11507360,58.77989052,0,0
27.40000000,59.43523203,58.85934073,59.03317831,58.73490215,0,0
27.41000000,59.38219802,58.77428889,59.00200623,58.71180299,0,0
27.42000000,59.37883247,58.77927865,59.11339981,58.75080045,0,0
27.43000000,59.50748357,58.86481939,59.12981337,58.78236083,0,0
27.44000000,59.46464171,58.92133247,59.13305803,58.82391787,0,0
27.45000000,59.49972218,58.83776924,59.02104427,58.78271339,0,0
27.46000000,59.40626075,58.82685049,59.02274797,58.79590435,0,0
27.47000000,59.45967052,58.83989099,59.10987784,58.82078627,0,0
27.48000000,59.43315427,58.88317980,59.13934501,58.75805830,0,0
27.49000000,59.48381530,58.86821885,59.10972477,58.72521535,0,0
27.50000000,59.40027041,58.80594421,59.13990409,58.70253743,0,0
27.51000000,59.51318478,58.79638326,59.05459141,58.75648934,0,0
27.52000000,59.47168134,58.80255708,59.01076713,58.77049740,0,0
27.53000000,59.48381186,58.83179698,59.04761171,58.76536045,0,0
27.54000000,59.39737400,58.82253662,59.05316217,58.71407206,0,0
27.55000000,59.42142602,58.74400962,59.14020461,58.73130860,0,0
27.56000000,59.40870716,58.80715410,59.19146846,58.76960950,0,0
27.57000000,59.59849161,58.86421016,59.10702014,58.77224136,0,0
27.58000000,59.37354567,58.79790382,59.05236871,58.76379331,0,0
27.59000000,59.37956806,58.72042703,59.08767858,58.77375870,0,0
27.60000000,59.33661129,58.68827157,59.14139545,58.78924222,0,0
27.61000000,59.47336437,58.74399022,59.13562129,58.77078753,0,0
27.62000000,59.52975992,58.83790090,59.08873675,58.70294481,0,0
27.63000000,59.44438746,58.81711755,59.08498133,58.69591498,0,0
27.64000000,59.38713456,58.73094881,59.07105337,58.62710608,0,0
27.65000000,59.39446065,58.73180710,59.07063669,58.64399278,0,0
27.66000000,59.52073907,58.73126918,59.08475532,58.71238226,0,0
27.67000000,59.50402017,58.75354126,59.10716949,58.74923686,0,0
27.68000000,59.40113633,58.73463274,59.08478510,58.83235823,0,0
27.69000000,59.38358233,58.76709012,59.11017554,58.81780968,0,0
27.70000000,59.43269284,58.79171168,59.10187617,58.79404551,0,0
27.71000000,59.47014958,58.76003975,59.14882576,58.77284430,0,0
27.72000000,59.38257353,58.74764623,59.15103174,58.68179740,0,0
27.73000000,59.42827765,58.70545180,59.11595461,58.70484024,0,0
27.74000000,59.42992659,58.75879219,59.22557128,58.77302192,0,0
27.75000000,59.49604731,58.80512475,59.13222482,58.75904759,0,0
27.76000000,59.45602916,58.79524205,59.07135575,58.72022480,0,0
27.77000000,59.42226315,58.76210031,59.04765607,58.69677971,0,0
27.78000000,59.43775505,58.75162926,59.12273654,58.69009017,0,0
27.79000000,59.46358017,58.76584411,59.12161998,58.70431813,0,0
27.80000000,59.35127349,58.75607736,59.04505102,58.70296046,0,0
27.81000000,59.45371105,58.70179278,59.05434515,58.68457740,0,0
27.82000000,59.40579677,58.71884584,59.08838254,58.67530756,0,0
27.83000000,59.49165713,58.74923420,59.14875357,58.73639684,0,0
27.84000000,59.39518618,58.79861131,59.11545201,58.73730039,0,0
27.85000000,59.36793826,58.79508255,59.09134900,58.71000259,0,0
27.86000000,59.38974914,58.74381153,59.10899544,58.69945863,0,0
27.87000000,59.46003115,58.70148489,59.08505405,58.65502618,0,0
27.88000000,59.44932484,58.70247384,59.06792933,58.58164316,0,0
27.89000000,59.48889167,58.74905141,59.00846500,58.65161693,0,0
27.90000000,59.41176980,58.80021132,59.03501717,58.66590155,0,0
27.91000000,59.39096468,58.78763281,59.04757083,58.71910636,0,0
27.92000000,59.45706313,58.77735083,59.07012434,58.75183998,0,0
27.93000000,59.41615680,58.74064340,59.09539398,58.72983389,0,0
27.94000000,59.44323457,58.74669178,59.08245179,58.71836689,0,0
27.95000000,59.42839135,58.75543762,59.10560464,58.70098762,0,0
27.96000000,59.40767049,58.78682759,59.10014128,58.64789524,0,0
27.97000000,59.45297000,58.74598719,59.03047231,58.64386616,0,0
27.98000000,59.43337576,58.75796654,59.08852704,58.64539550,0,0
27.99000000,59.40686565,58.73174044,59.12410846,58.69704494,0,0
28.00000000,59.41342329,58.78306201,59.15223615,58.73544543,0,0
28.01000000,59.42264948,58.77221916,59.07445953,58.79879166,0,0
28.02000000,59.48031903,58.77522112,59.07476512,58.80603057,0,0
28.03000000,59.49184102,58.75404281,59.08127760,58.77172643,0,0
28.04000000,59.40672950,58.79389045,59.08952152,58.65524862,0,0
28.05000000,59.43153709,58.78718724,59.05697116,58.60841729,0,0
28.06000000,59.43654400,58.81838032,59.08065524,58.60705599,0,0
28.07000000,59.47083326,58.77171420,59.06102955,58.63562794,0,0
28.08000000,59.44158879,58.72843104,58.97173160,58.60844088,0,0
28.09000000,59.38093881,58.75950201,59.00374156,58.66327042,0,0
28.10000000,59.40236487,58.77310920,59.05478747,58.66397681,0,0
28.11000000,59.44502151,58.81473754,59.02268825,58.70185027,0,0
28.12000000,59.41255690,58.75457703,59.04792992,58.66205994,0,0
28.13000000,59.43666168,58.73923199,59.02814264,58.68897590,0,0
28.14000000,59.39333809,58.75666587,59.10530425,58.72378710,0,0
28.15000000,59.39390327,58.72582988,59.09720313,58.74958432,0,0
28.16000000,59.47048239,58.73526245,59.07521613,58.72230649,0,0
28.17000000,59.47449576,58.70731265,59.02936083,58.71532484,0,0
28.18000000,59.45998973,58.78329441,59.03148311,58.65998034,0,0
28.19000000,59.41413435,58.74256697,59.05498562,58.61215903,0,0
28.20000000,59.33159133,58.76317065,59.05323723,58.54871903,0,0
28.21000000,59.40502938,58.70472758,59.06830034,58.62025268,0,0
28.22000000,59.45331133,58.72019908,59.10944902,58.70259835,0,0
28.23000000,59.41419782,58.72711637,59.08049435,58.75601598,0,0
28.24000000,59.44871993,58.73509534,59.13118833,58.79383102,0,0
28.25000000,59.37531366,58.75549777,59.10214918,58.74147588,0,0
28.26000000,59.39435482,58.73357467,59.11013504,58.69780113,0,0
28.27000000,59.41657395,58.71398421,59.11877478,58.67792764,0,0
28.28000000,59.45283934,58.72869745,59.08528968,58.62996262,0,0
28.29000000,59.41903944,58.72909690,59.08273761,58.69327766,0,0
28.30000000,59.38656351,58.76904891,59.07211203,58.68438675,0,0
28.31000000,59.40949662,58.75858335,59.04991115,58.78197320,0,0
28.32000000,59.52548623,58.80658170,59.09991439,58.77622494,0,0
28.33000000,59.44689508,58.77765887,59.08071136,58.74293896,0,0
28.34000000,59.43365130,58.76054630,59.07914497,58.72857653,0,0
28.35000000,59.42160506,58.72742386,59.11890130,58.74382811,0,0
28.36000000,59.38374499,58.78216167,59.12313840,58.68339630,0,0
28.37000000,59.44632912,58.80224410,59.08689249,58.66295354,0,0
28.38000000,59.45369231,58.78395291,59.07465942,58.66149307,0,0
28.39000000,59.40687174,58.74008270,59.04510059,58.66433433,0,0
28.40000000,59.42620236,58.73504830,59.03617102,58.66531497,0,0
28.41000000,59.42976128,58.78078998,59.00257976,58.62968602,0,0
28.42000000,59.35050275,58.78826414,58.99351243,58.60465576,0,0
28.43000000,59.40632665,58.77177152,58.99975484,58.61271499,0,0
28.44000000,59.35537108,58.73470378,58.99044138,58.59799836,0,0
28.45000000,59.39567905,58.72762008,59.00404250,58.67059034,0,0
28.46000000,59.43366909,58.71861717,59.02221602,58.68765776,0,0
28.47000000,59.33133017,58.68816098,59.01600143,58.73719385,0,0
28.48000000,59.32966772,58.70264711,59.06316837,58.69501394,0,0
28.49000000,59.34472759,58.67995174,59.02045438,58.68483635,0,0
28.50000000,59.39859410,58.74905711,59.02540771,58.68484165,0,0
28.51000000,59.37441937,58.73858612,59.05906374,58.65395091,0,0
28.52000000,59.34403327,58.74298321,59.10053986,58.58286115,0,0
28.53000000,59.33301489,58.72142750,59.08140542,58.62055821,0,0
28.54000000,59.40542027,58.70000939,59.10296023,58.68284051,0,0
28.55000000,59.34870947,58.68811825,59.03464889,58.74036461,0,0
28.56000000,59.33499611,58.70657494,59.07005091,58.76311144,0,0
28.57000000,59.31043270,58.69445073,58.99098709,58.73990245,0,0
28.58000000,59.37606784,58.74618586,59.09935728,58.71704025,0,0
28.59000000,59.41094657,58.72161484,59.09929183,58.67696047,0,0
28.60000000,59.42879423,58.69906440,59.07039500,58.59521575,0,0
28.61000000,59.31754161,58.70235551,59.04675433,58.64224065,0,0
28.62000000,59.33167272,58.67773769,59.05751802,58.66607653,0,0
28.63000000,59.30386553,58.70472476,59.03321702,58.72243563,0,0
28.64000000,59.38600138,58.75541695,59.05553375,58.70432970,0,0
28.65000000,59.37927766,58.72618886,59.03266319,58.70867148,0,0
28.66000000,59.39012856,58.72061514,59.02804746,58.67847140,0,0
28.67000000,59.35384223,58.73638260,59.04298597,58.67259141,0,0
28.68000000,59.36537547,58.70484967,59.02090165,58.63674840,0,0
28.69000000,59.34726710,58.71564379,59.02109060,58.65863387,0,0
28.70000000,59.40943799,58.71626236,59.01938530,58.65754273,0,0
28.71000000,59.32698063,58.69938614,58.99059529,58.64879830,0,0
28.72000000,59.36030369,58.72456846,58.98287763,58.66388802,0,0
28.73000000,59.43284052,58.71359636,58.97796737,58.63231191,0,0
28.74000000,59.35373411,58.71467286,59.00519126,58.60957078,0,0
28.75000000,59.30536683,58.69033739,59.08633639,58.62225708,0,0
28.76000000,59.36631565,58.73826081,59.12345513,58.62583029,0,0
28.77000000,59.38959926,58.77998563,59.05951798,58.68205880,0,0
28.78000000,59.51866131,58.75410883,59.01916364,58.69217705,0,0
28.79000000,59.38591765,58.68414979,58.99085960,58.71294849,0,0
28.80000000,59.32032821,58.68563371,59.01351075,58.69425491,0,0
28.81000000,59.35227563,58.72973556,59.01303418,58.66358071,0,0
28.82000000,59.42303506,58.72754544,59.03368981,58.64899112,0,0
28.83000000,59.40997697,58.67022740,59.02792921,58.60669767,0,0
28.84000000,59.39462865,58.66363058,58.98797201,58.53751102,0,0
28.85000000,59.35150843,58.72683628,58.94087254,58.56829492,0,0
28.86000000,59.41940209,58.75706294,59.04958712,58.60628545,0,0
28.87000000,59.39001614,58.71159697,59.05467618,58.67410846,0,0
28.88000000,59.39089093,58.69281896,59.00457598,58.70783110,0,0
28.89000000,59.39918995,58.65261713,58.99760724,58.70896409,0,0
28.90000000,59.37840651,58.69899918,59.11601871,58.67759926,0,0
28.91000000,59.43888993,58.74400751,59.01649082,58.63947667,0,0
28.92000000,59.42217489,58.76987286,58.97016701,58.56345076,0,0
28.93000000,59.26160114,58.61672036,59.02200013,58.59810411,0,0
28.94000000,59.39005696,58.67739442,59.09034821,58.66152314,0,0
28.95000000,59.31356120,58.73908407,59.07611998,58.68450125,0,0
28.96000000,59.45935061,58.76152871,59.03390395,58.68329828,0,0
28.97000000,59.44959370,58.71619858,58.96418328,58.65866976,0,0
28.98000000,59.46847066,58.70199436,59.00411888,58.66571189,0,0
28.99000000,59.36765743,58.75915020,59.00317085,58.68705300,0,0
29.00000000,59.43659438,58.84944893,59.05063387,58.61913352,0,0
29.01000000,59.37550318,58.80314409,59.09626922,58.66971160,0,0
29.02000000,59.42786176,58.75901342,59.04145442,58.66505697,0,0
29.03000000,59.43180929,58.65956871,58.99891791,58.63386672,0,0
29.04000000,59.39788980,58.66491313,59.01376457,58.67219924,0,0
29.05000000,59.32417250,58.75557824,58.99960199,58.64608334,0,0
29.06000000,59.41489154,58.74931078,59.02149472,58.62222120,0,0
29.07000000,59.33116611,58.77244198,59.05848022,58.61517652,0,0
29.08000000,59.44572082,58.70841636,59.19688908,58.56182152,0,0
29.09000000,59.37599730,58.70624547,59.11489405,58.63984263,0,0
29.10000000,59.38797367,58.73866384,58.97667982,58.65303560,0,0
29.11000000,59.34246928,58.68440784,58.98187652,58.69658594,0,0
29.12000000,59.29299060,58.72671240,58.99680688,58.73319812,0,0
29.13000000,59.37082595,58.69892714,59.05009202,58.69157944,0,0
29.14000000,59.44600978,58.74464481,59.03984234,58.57836527,0,0
29.15000000,59.41709219,58.71077782,59.08222587,58.58897962,0,0
29.16000000,59.38495391,58.70110749,58.98896935,58.56628596,0,0
29.17000000,59.37337974,58.67729147,58.99892467,58.57591483,0,0
29.18000000,59.36577096,58.69811422,59.05738041,58.64948153,0,0
29.19000000,59.40123676,58.73801001,59.11089994,58.68282103,0,0
29.20000000,59.38895644,58.71673404,59.12982931,58.75000730,0,0
29.21000000,59.37471736,58.63742147,59.10609603,58.72685644,0,0
29.22000000,59.25981150,58.56214407,59.01816477,58.69396560,0,0
29.23000000,59.19408063,58.60855519,59.09696598,58.68076045,0,0
29.24000000,59.41501971,58.77034422,59.11911056,58.64561599,0,0
29.25000000,59.49967089,58.84090909,59.13743673,58.60932221,0,0
29.26000000,59.55229559,58.72297167,59.14914594,58.63294872,0,0
29.27000000,59.34104865,58.61043798,59.05941066,58.70849062,0,0
29.28000000,59.37021476,58.66015684,58.98260426,58.68108103,0,0
29.29000000,59.38048886,58.76565666,58.93202850,58.65814094,0,0
29.30000000,59.49759727,58.87458682,58.98101209,58.61474456,0,0
29.31000000,59.49373205,58.77214679,59.02746837,58.63707024,0,0
29.32000000,59.53660229,58.73714077,59.02628941,58.61911421,0,0
29.33000000,59.54070513,58.72271865,59.02761293,58.64246076,0,0
29.34000000,59.50965404,58.76281989,59.11543497,58.73904482,0,0
29.35000000,59.40678582,58.76100308,59.13547337,58.70859487,0,0
29.36000000,59.32058041,58.71265094,59.26552306,58.72459165,0,0
29.37000000,59.33701646,58.75509000,59.32152237,58.71846606,0,0
29.38000000,59.50749793,58.80349365,59.18258093,58.62380590,0,0
29.39000000,59.56251879,58.71857988,58.89443707,58.57823159,0,0
29.40000000,59.48757813,58.68920868,58.83214977,58.48889407,0,0
29.41000000,59.41665248,58.66171767,59.04711929,58.53779151,0,0
29.42000000,59.39957451,58.79834656,59.10191281,58.66268794,0,0
29.43000000,59.39480117,58.76632886,59.08940442,58.64017565,0,0
29.44000000,59.45889267,58.67348765,58.83787415,58.61799812,0,0
29.45000000,59.40296602,58.60868457,58.80606465,58.60425093,0,0
29.46000000,59.36626693,58.64424200,58.84541353,58.48146207,0,0
29.47000000,59.28054598,58.64881886,58.91807425,58.53041801,0,0
29.48000000,59.31271101,58.70488969,59.09521142,58.55436731,0,0
29.49000000,59.37086716,58.62111090,59.10178051,58.54149992,0,0
29.50000000,59.35528677,58.61561090,59.06229524,58.63368474,0,0
29.51000000,59.33192096,58.58466438,59.09184472,58.61682542,0,0
29.52000000,59.23869800,58.61662361,59.08352128,58.72451578,0,0
29.53000000,59.25348379,58.63531229,59.07922633,58.71403242,0,0
29.54000000,59.35097696,58.64348051,59.08088530,58.71966300,0,0
29.55000000,59.30120495,58.60876123,59.08607395,58.75282644,0,0
29.56000000,59.34121674,58.61157089,59.12572998,58.66823657,0,0
29.57000000,59.31923889,58.66695227,59.08911531,58.61138296,0,0
29.58000000,59.35760875,58.66532318,59.10885100,58.63607524,0,0
29.59000000,59.32166511,58.62177908,59.12508686,58.66685109,0,0
29.60000000,59.33161141,58.61883590,59.08307763,58.68589090,0,0
29.61000000,59.31186481,58.64708597,59.10842159,58.66701260,0,0
29.62000000,59.37549145,58.67150811,59.08492057,58.64972105,0,0
29.63000000,59.33034332,58.71788832,59.00654657,58.66237938,0,0
29.64000000,59.24613747,58.57762904,58.97824834,58.60757150,0,0
29.65000000,59.31843846,58.59412341,59.00177514,58.59546445,0,0
29.66000000,59.23361387,58.57475349,59.08238042,58.63840881,0,0
29.67000000,59.42387678,58.67607872,59.10587893,58.64908655,0,0
29.68000000,59.35567320,58.69947298,59.01368739,58.65185780,0,0
29.69000000,59.41197849,58.66014278,58.97449057,58.60298097,0,0
29.70000000,59.34037391,58.56049811,58.99575290,58.61157889,0,0
29.71000000,59.33863181,58.63979318,59.02715255,58.57937654,0,0
29.72000000,59.38465979,58.67931542,59.04575635,58.53942751,0,0
29.73000000,59.42271533,58.81088148,59.09193227,58.47235571,0,0
29.74000000,59.38452413,58.73591819,58.99387047,58.55827683,0,0
29.75000000,59.44633711,58.68347053,59.00267387,58.57717937,0,0
29.76000000,59.44309591,58.65032142,58.97946368,58.62834125,0,0
29.77000000,59.38342612,58.59681973,59.01643987,58.63491500,0,0
29.78000000,59.37263918,58.66085742,59.07621411,58.68750801,0,0
29.79000000,59.30094561,58.66376105,59.07149099,58.57660441,0,0
29.80000000,59.34035002,58.67219131,59.09745102,58.60279155,0,0
29.81000000,59.47925701,58.67684080,59.00043850,58.51508996,0,0
29.82000000,59.51882510,58.67186166,59.01252779,58.52181595,0,0
29.83000000,59.50493277,58.69014765,58.93129535,58.51059363,0,0
29.84000000,59.38911938,58.71062424,58.99879942,58.58147572,0,0
29.85000000,59.31513469,58.71219941,58.98195344,58.62108205,0,0
29.86000000,59.42192671,58.73753337,59.01599775,58.70699351,0,0
29.87000000,59.48418653,58.66621743,58.96410061,58.59448259,0,0
29.88000000,59.31224380,58.58293010,58.99732234,58.58125796,0,0
29.89000000,59.40283991,58.70834208,59.04497094,58.49911022,0,0
29.90000000,59.39932895,58.65534424,59.00598296,58.53452789,0,0
29.91000000,59.40283665,58.75851365,58.98449343,58.60028558,0,0
29.92000000,59.41408966,58.61557107,59.02614524,58.61310428,0,0
29.93000000,59.37280235,58.65612782,59.01797634,58.68013320,0,0
29.94000000,59.40618771,58.68599727,59.05150425,58.64740677,0,0
29.95000000,59.45437828,58.73703275,59.02695807,58.56179580,0,0
29.96000000,59.38164359,58.73923026,58.94392379,58.59732298,0,0
29.97000000,59.44820139,58.67774287,58.96963143,58.52183763,0,0
29.98000000,59.30965252,58.63045720,58.98653804,58.53569043,0,0
29.99000000,59.40596120,58.65571299,59.11069098,58.60393228,0,0
30.00000000,59.40136721,58.64593090,59.07011736,58.59026557,0,0
30.01000000,59.41139482,58.65075199,59.07838849,58.60836304,0,0
30.02000000,59.39010223,58.66766358,59.11302968,58.66391375,0,0
30.03000000,59.40638908,58.67479024,59.06134203,58.57087269,0,0
30.04000000,59.33990599,58.72859490,59.12893040,58.65866967,0,0
30.05000000,59.46292463,58.60063053,59.01806028,58.51318324,0,0
30.06000000,59.36584208,58.69712014,59.01862758,58.54137637,0,0
30.07000000,59.37157059,58.66594129,59.09438628,58.60269669,0,0
30.08000000,59.35726396,58.74250744,59.04510332,58.61795323,0,0
30.09000000,59.29691198,58.68321653,59.06072605,58.66183384,0,0
30.10000000,59.42045879,58.65139346,59.06517632,58.64714194,0,0
30.11000000,59.41140896,58.72756497,59.01528826,58.64669070,0,0
30.12000000,59.43032444,58.62961677,58.95156919,58.60628920,0,0
30.13000000,59.33682067,58.63043009,59.02306390,58.54931699,0,0
30.14000000,59.37319006,58.63776908,59.05500856,58.56370648,0,0
30.15000000,59.35829397,58.71186656,59.04012092,58.58156606,0,0
30.16000000,59.38602082,58.65690683,59.08711662,58.56018815,0,0
30.17000000,59.39756993,58.66181334,59.03608972,58.60110139,0,0
30.18000000,59.40494575,58.64843670,59.01522207,58.60874971,0,0
30.19000000,59.50809321,58.76562440,59.02073296,58.68525650,0,0
30.20000000,59.29567863,58.66863740,59.06518093,58.60572281,0,0
30.21000000,59.38381367,58.68660118,59.18373510,58.66932784,0,0
30.22000000,59.32408545,58.71401076,59.17127960,58.55901418,0,0
30.23000000,59.43763428,58.64486779,59.08821812,58.61666568,0,0
30.24000000,59.31617438,58.65980233,59.11245567,58.64119264,0,0
30.25000000,59.38478743,58.55591912,59.01706387,58.65160361,0,0
30.26000000,59.29714634,58.61664792,59.00387681,58.69245360,0,0
30.27000000,59.42730214,58.77206550,58.97919593,58.61002455,0,0
30.28000000,59.35621250,58.72867373,59.02424313,58.65764830,0,0
30.29000000,59.37900934,58.67608020,58.94984538,58.62253664,0,0
30.30000000,59.39301207,58.64565437,58.95452161,58.56215420,0,0
30.31000000,59.28378001,58.59102218,58.94049998,58.58966782,0,0
30.32000000,59.44112664,58.73081712,59.00779850,58.60473625,0,0
30.33000000,59.36786226,58.67539861,59.10617837,58.61915871,0,0
30.34000000,59.33358456,58.63751424,59.01039652,58.58732495,0,0
30.35000000,59.34669054,58.58904278,59.11594428,58.63508899,0,0
30.36000000,59.29430093,58.63395199,59.02574490,58.62863395,0,0
30.37000000,59.46890284,58.72000725,58.99086739,58.60292595,0,0
30.38000000,59.36618053,58.69436748,59.08452646,58.46952523,0,0
30.39000000,59.40506643,58.64390338,59.07737694,58.57172867,0,0
30.40000000,59.35908594,58.70493873,59.09790525,58.63476915,0,0
30.41000000,59.37531428,58.63995349,59.03866287,58.65915956,0,0
30.42000000,59.31083776,58.67893849,59.04353112,58.67207498,0,0
30.43000000,59.46203506,58.60710128,58.99387617,58.61552085,0,0
30.44000000,59.39002623,58.62533427,58.97233863,58.52696658,0,0
30.45000000,59.41881575,58.64957008,59.02742542,58.57018357,0,0
30.46000000,59.30964262,58.61025116,59.04489205,58.44458669,0,0
30.47000000,59.34178215,58.69079051,59.03851810,58.57615837,0,0
30.48000000,59.42423681,58.65551533,58.97667074,58.57114047,0,0
30.49000000,59.43395291,58.62213895,59.01529260,58.58053798,0,0
30.50000000,59.33418936,58.63221861,58.96786128,58.60537762,0,0
30.51000000,59.39495527,58.58532016,59.00662941,58.65576481,0,0
30.52000000,59.31803614,58.71460162,58.95517400,58.63206728,0,0
30.53000000,59.44069989,58.68707349,59.12984100,58.65318541,0,0
30.54000000,59.44359574,58.67981330,59.13030222,58.54315404,0,0
30.55000000,59.31007607,58.61721820,59.05070591,58.54729960,0,0
30.56000000,59.33335900,58.65440267,58.98728157,58.53723162,0,0
30.57000000,59.32379979,58.61836930,59.04266195,58.58888262,0,0
30.58000000,59.34196201,58.67905448,58.97299701,58.66205934,0,0
30.59000000,59.51904639,58.60515726,58.97561638,58.64838279,0,0
30.60000000,59.34722906,58.70942209,59.05799832,58.59056206,0,0
30.61000000,59.30217586,58.68477101,59.05820998,58.55930853,0,0
30.62000000,59.29526925,58.71450767,59.00882119,58.59620361,0,0
30.63000000,59.43569268,58.71566009,58.88401217,58.58680935,0,0
30.64000000,59.33699890,58.55269076,59.01209722,58.62153969,0,0
30.65000000,59.39640609,58.55642793,59.04458009,58.67850757,0,0
30.66000000,59.34411433,58.69272321,59.01301627,58.59509555,0,0
30.67000000,59.35830698,58.65110847,58.99640489,58.58253041,0,0
30.68000000,59.29648603,58.75024145,58.89624889,58.54018762,0,0
30.69000000,59.28436979,58.62426962,58.96099305,58.55340055,0,0
30.70000000,59.39154582,58.61667163,59.04712605,58.60062371,0,0
30.71000000,59.19255132,58.67349748,59.09886451,58.55049895,0,0
30.72000000,59.39796951,58.70944737,59.03528656,58.59059070,0,0
30.73000000,59.30169496,58.66530462,59.04541400,58.62557170,0,0
30.74000000,59.24342982,58.65971040,58.97447840,58.59744601,0,0
30.75000000,59.25496966,58.56181076,58.98169683,58.67029293,0,0
30.76000000,59.31885854,58.61723689,59.02739891,58.56593165,0,0
30.77000000,59.31926172,58.66107734,58.91022934,58.58199558,0,0
30.78000000,59.41281456,58.67243137,59.04669306,58.57362311,0,0
30.79000000,59.28626127,58.66049598,58.99665644,58.57135846,0,0
30.80000000,59.30048122,58.56749895,59.11356834,58.67088571,0,0
30.81000000,59.23792262,58.65083303,58.98047125,58.68692386,0,0
30.82000000,59.22897959,58.72699851,59.02681287,58.57487777,0,0
30.83000000,59.28944319,58.61345854,58.98235014,58.66183733,0,0
30.84000000,59.31663174,58.67217459,59.00211437,58.54865985,0,0
30.85000000,59.32820309,58.62524541,58.97864830,58.58740587,0,0
30.86000000,59.31822101,58.68454257,59.04942421,58.65474542,0,0
30.87000000,59.28858620,58.72021129,59.05251786,58.66988177,0,0
30.88000000,59.30803598,58.69194418,58.89034913,58.58102047,0,0
30.89000000,59.29878131,58.62233430,58.98948593,58.62055573,0,0
30.90000000,59.33201200,58.63595066,58.94024947,58.59776334,0,0
30.91000000,59.29688937,58.69484372,58.91468994,58.65216262,0,0
30.92000000,59.30121844,58.72475109,58.82670293,58.60945349,0,0
30.93000000,59.30480390,58.74947754,58.90681989,58.52708858,0,0
30.94000000,59.36588341,58.61539962,58.91053801,58.62778333,0,0
30.95000000,59.34995505,58.66736532,59.06452835,58.60015504,0,0
30.96000000,59.34905082,58.64864544,58.98953669,58.61050975,0,0
30.97000000,59.28300314,58.77987568,59.08319466,58.62016034,0,0
30.98000000,59.33832192,58.62575199,58.94231337,58.60188792,0,0
30.99000000,59.28130227,58.68423533,58.91216768,58.63979347,0,0
31.00000000,59.37326012,58.58733719,58.96534155,58.53438268,0,0
31.01000000,59.40154375,58.65313607,58.98722584,58.60056061,0,0
31.02000000,59.37275257,58.66910893,58.94800399,58.55510084,0,0
31.03000000,59.28378754,58.62910388,58.98695988,58.55445561,0,0
31.04000000,59.31530513,58.69639957,59.01235603,58.50160630,0,0
31.05000000,59.39317523,58.67432040,59.02371908,58.56606054,0,0
31.06000000,59.36015513,58.68481272,59.02273961,58.60145764,0,0
31.07000000,59.29425834,58.66272020,59.03015704,58.63947021,0,0
31.08000000,59.39617398,58.65095529,59.00899741,58.64698070,0,0
31.09000000,59.30793405,58.69811380,58.95277621,58.65300736,0,0
31.10000000,59.39312971,58.61725370,58.93592012,58.59611630,0,0
31.11000000,59.33491527,58.62415349,58.99862688,58.58137962,0,0
31.12000000,59.37328248,58.63437810,58.92898669,58.57288039,0,0
31.13000000,59.38240523,58.69279715,58.98032420,58.53979372,0,0
31.14000000,59.33391221,58.69496836,58.94745561,58.65103805,0,0
31.15000000,59.38017236,58.69775160,58.96036249,58.54373009,0,0
31.16000000,59.31763087,58.64461657,58.91356807,58.59522376,0,0
31.17000000,59.35259637,58.70864106,58.95113876,58.69173907,0,0
31.18000000,59.36527464,58.73734997,58.97706750,58.63295232,0,0
31.19000000,59.37647310,58.66270061,59.07434142,58.66659608,0,0
31.20000000,59.23426832,58.65986249,58.97270513,58.60228935,0,0
31.21000000,59.37149171,58.63550206,58.99458296,58.55863824,0,0
31.22000000,59.41901565,58.68910922,58.97542105,58.59440876,0,0
31.23000000,59.41943590,58.75442292,58.96829524,58.58205929,0,0
31.24000000,59.37807167,58.64029029,58.94249594,58.64727692,0,0
31.25000000,59.20191847,58.73371285,59.02581298,58.58744399,0,0
31.26000000,59.26420966,58.71729698,58.96082969,58.56890222,0,0
31.27000000,59.39149778,58.76101280,58.99575805,58.62201634,0,0
31.28000000,59.31026290,58.71912947,58.93974169,58.59971001,0,0
31.29000000,59.40727976,58.54768681,59.01189900,58.57839450,0,0
31.30000000,59.23540089,58.60160012,59.00195574,58.69096943,0,0
31.31000000,59.35250767,58.64061613,59.01651020,58.63079595,0,0
31.32000000,59.23892600,58.70183243,58.99296622,58.60595785,0,0
31.33000000,59.29162186,58.69817492,59.00068783,58.61498718,0,0
31.34000000,59.25515354,58.59541587,58.89084471,58.54059244,0,0
31.35000000,59.31154555,58.63414424,58.99141537,58.62677803,0,0
31.36000000,59.31265847,58.66190891,58.97955509,58.57450156,0,0
31.37000000,59.36102395,58.67862175,58.88444872,58.51024971,0,0
31.38000000,59.26742606,58.62220641,58.92219456,58.58022751,0,0
31.39000000,59.25748655,58.63646463,59.04773029,58.52488957,0,0
31.40000000,59.25022334,58.65571116,59.06192155,58.66338598,0,0
31.41000000,59.32469146,58.66594197,59.05977622,58.64149064,0,0
31.42000000,59.28820435,58.65728261,58.95010380,58.67583739,0,0
31.43000000,59.28757488,58.57792380,58.92472440,58.65756391,0,0
31.44000000,59.30458391,58.60822367,59.00899961,58.64066708,0,0
31.45000000,59.39802321,58.68206911,59.02255390,58.69011163,0,0
31.46000000,59.36205353,58.79096821,59.05452132,58.61721296,0,0
31.47000000,59.31786952,58.64431028,58.99399230,58.57850367,0,0
31.48000000,59.35086015,58.60597878,58.97801035,58.58073476,0,0
31.49000000,59.32270033,58.61906998,58.95925384,58.57967993,0,0
31.50000000,59.37690550,58.75282823,58.94573429,58.67428148,0,0
31.51000000,59.31766292,58.72036444,59.02822488,58.61860927,0,0
31.52000000,59.31160956,58.60772499,59.01936056,58.62818185,0,0
31.53000000,59.34972067,58.62189499,59.04822453,58.63934658,0,0
31.54000000,59.44294326,58.68159826,59.00755535,58.58548728,0,0
31.55000000,59.38396526,58.72574005,58.98972919,58.57295713,0,0
31.56000000,59.33472329,58.71981728,58.98872820,58.58141175,0,0
31.57000000,59.26091214,58.65984057,58.99596832,58.60285966,0,0
31.58000000,59.34994468,58.64484990,58.97706146,58.57881899,0,0
31.59000000,59.43724048,58.68681931,58.87781545,58.53397755,0,0
31.60000000,59.39048385,58.68162568,58.85737040,58.55165130,0,0
31.61000000,59.29991596,58.68705311,58.84873224,58.54062029,0,0
31.62000000,59.31228321,58.62356808,58.96824211,58.52243362,0,0
31.63000000,59.32793729,58.66616101,59.00473510,58.68999393,0,0
31.64000000,59.32792998,58.69375421,58.99419438,58.63150040,0,0
31.65000000,59.26931023,58.61549182,58.94715850,58.63071141,0,0
31.66000000,59.29941181,58.60001969,58.91215867,58.59570738,0,0
31.67000000,59.31753105,58.60984324,58.89498380,58.59516867,0,0
31.68000000,59.35169670,58.67648964,58.94949360,58.58316603,0,0
31.69000000,59.29143554,58.69793628,59.01610817,58.48911107,0,0
31.70000000,59.31657046,58.65706399,58.96400734,58.47721110,0,0
31.71000000,59.24375520,58.63923797,58.87432036,58.58309757,0,0
31.72000000,59.32400883,58.64494636,58.91997855,58.62925469,0,0
31.73000000,59.27049625,58.59498902,58.94758007,58.69171018,0,0
31.74000000,59.27102594,58.57931152,59.01224338,58.69426226,0,0
31.75000000,59.28425937,58.66324098,58.98438025,58.64663333,0,0
31.76000000,59.30165292,58.67545463,59.00757445,58.60723172,0,0
31.77000000,59.33429675,58.68493301,58.97866595,58.58104902,0,0
31.78000000,59.30930902,58.65123422,58.94854744,58.52075724,0,0
31.79000000,59.23429852,58.60385674,58.98405411,58.61612657,0,0
31.80000000,59.30189111,58.60646998,59.04699683,58.55343931,0,0
31.81000000,59.31311450,58.64184086,58.98712098,58.62815772,0,0
31.82000000,59.32747222,58.68550248,58.95214683,58.64668589,0,0
31.83000000,59.31453303,58.70254288,58.94558013,58.63216568,0,0
31.84000000,59.25324552,58.68873561,58.98185117,58.59751932,0,0
31.85000000,59.31575539,58.63492953,59.00833692,58.61865545,0,0
31.86000000,59.32774796,58.65477227,58.97278511,58.59687370,0,0
31.87000000,59.32211618,58.59840149,59.00302436,58.54985080,0,0
31.88000000,59.34596569,58.61864014,58.95021899,58.59467678,0,0
31.89000000,59.35025469,58.65728402,58.90971292,58.57925952,0,0
31.90000000,59.31425722,58.72602584,58.94666735,58.60754982,0,0
31.91000000,59.39344577,58.66629205,58.94438130,58.51372963,0,0
31.92000000,59.33265448,58.62718567,58.92500950,58.54342400,0,0
31.93000000,59.28818066,58.59109327,58.96331211,58.60772235,0,0
31.94000000,59.32160084,58.65608781,58.98509539,58.61634442,0,0
31.95000000,59.34295900,58.70079174,58.96447484,58.58658398,0,0
31.96000000,59.30834021,58.69988561,58.95244053,58.61691270,0,0
31.97000000,59.32501341,58.61013015,58.95463616,58.55164318,0,0
31.98000000,59.33274900,58.62704614,58.97199185,58.53033754,0,0
31.99000000,59.37416499,58.64927213,58.95977766,58.53856638,0,0
32.00000000,59.31249589,58.69958188,58.90390150,58.53852339,0,0
32.01000000,59.27737768,58.67203868,58.96385403,58.55844094,0,0
32.02000000,59.31278193,58.64701382,58.97613088,58.53727936,0,0
32.03000000,59.37420071,58.64169586,58.93112586,58.52040401,0,0
32.04000000,59.38639484,58.67243142,58.87860289,58.59677131,0,0
32.05000000,59.34103954,58.64860237,58.92758452,58.61139729,0,0
32.06000000,59.28068008,58.67200522,58.98890018,58.63891792,0,0
32.07000000,59.33751740,58.66940581,59.05230949,58.70847230,0,0
32.08000000,59.40062144,58.67116092,59.08434149,58.67862929,0,0
32.09000000,59.38533390,58.66704113,59.05719867,58.59484778,0,0
32.10000000,59.31497136,58.63217252,58.94653096,58.60131676,0,0
32.11000000,59.18456148,58.60051220,58.99124571,58.53717305,0,0
32.12000000,59.19664149,58.63277523,58.99048067,58.55599038,0,0
32.13000000,59.34684005,58.66465768,59.00848482,58.57574922,0,0
32.14000000,59.31781439,58.68192658,58.93981480,58.56562928,0,0
32.15000000,59.35900623,58.64924128,58.93709144,58.59909464,0,0
32.16000000,59.28499361,58.64451783,58.91052919,58.63214098,0,0
32.17000000,59.29462612,58.64397255,58.94994923,58.63233198,0,0
32.18000000,59.29750977,58.67746896,58.96596320,58.66550646,0,0
32.19000000,59.34219585,58.64409842,58.92736228,58.57631102,0,0
32.20000000,59.23915304,58.58769960,58.89884689,58.51675316,0,0
32.21000000,59.31909289,58.60832969,58.89003201,58.54262901,0,0
32.22000000,59.28424908,58.62841386,58.86773150,58.51228189,0,0
32.23000000,59.28906108,58.69589856,58.94084733,58.56534204,0,0
32.24000000,59.30101740,58.61944627,58.99720849,58.58609905,0,0
32.25000000,59.25633464,58.61623492,59.03203901,58.59404846,0,0
32.26000000,59.29675610,58.63834131,59.05597215,58.65594712,0,0
32.27000000,59.32595887,58.64179499,59.07811840,58.66704881,0,0
32.28000000,59.30647044,58.60229623,59.01449740,58.61837396,0,0
32.29000000,59.28014128,58.60906204,58.99382630,58.63412722,0,0
32.30000000,59.29204114,58.64776594,59.03512088,58.58821697,0,0
32.31000000,59.30688416,58.66142010,59.02097864,58.57627964,0,0
32.32000000,59.38151854,58.64657250,58.94421548,58.58182105,0,0
32.33000000,59.31592323,58.62265801,58.90955609,58.56599560,0,0
32.34000000,59.35120533,58.61057817,58.93529114,58.57781997,0,0
32.35000000,59.28929110,58.63002116,58.96006124,58.55506241,0,0
32.36000000,59.33300412,58.67918427,58.99474138,58.52195948,0,0
32.37000000,59.35313382,58.68556336,58.91412179,58.53687299,0,0
32.38000000,59.31195838,58.68412743,58.93621019,58.55638438,0,0
32.39000000,59.24824910,58.62514582,58.96685761,58.60586652,0,0
32.40000000,59.30269863,58.63517266,58.95322400,58.65626760,0,0
32.41000000,59.32078623,58.62882703,58.93601067,58.63249929,0,0
32.42000000,59.42920817,58.63238024,58.92656547,58.55356632,0,0
32.43000000,59.31730768,58.60755184,58.90627276,58.59363054,0,0
32.44000000,59.26189325,58.65699512,58.97734781,58.52939624,0,0
32.45000000,59.22912444,58.66948097,58.96926966,58.50364627,0,0
32.46000000,59.26448005,58.66066679,58.91481303,58.52565659,0,0
32.47000000,59.29462808,58.59985546,58.90049556,58.56873240,0,0
32.48000000,59.34967303,58.62525505,58.89102199,58.62418933,0,0
32.49000000,59.32288646,58.62610519,58.95583105,58.62075995,0,0
32.50000000,59.25841855,58.65507246,58.92663016,58.59887437,0,0
32.51000000,59.24715506,58.64941659,58.95597364,58.59359126,0,0
32.52000000,59.23217007,58.60108791,58.94915333,58.55311413,0,0
32.53000000,59.30675008,58.60434144,58.96148278,58.49026886,0,0
32.54000000,59.26476594,58.65079569,58.93001975,58.55573402,0,0
32.55000000,59.23394651,58.58018721,58.91106593,58.58784635,0,0
32.56000000,59.21103357,58.56694177,58.89273522,58.62136996,0,0
32.57000000,59.28740555,58.55654887,58.90780199,58.60790954,0,0
32.58000000,59.31608152,58.65030299,58.92731060,58.60061141,0,0
32.59000000,59.31287506,58.62827714,58.98171596,58.59335237,0,0
32.60000000,59.18811819,58.53916739,59.01659562,58.58453572,0,0
32.61000000,59.22605475,58.53159496,59.01758478,58.55241803,0,0
32.62000000,59.26342229,58.55718821,58.95132453,58.58385497,0,0
32.63000000,59.33789791,58.65621444,58.94513977,58.56763100,0,0
32.64000000,59.33109835,58.67660914,58.95969697,58.51638051,0,0
32.65000000,59.32983930,58.61288922,58.91882843,58.54752714,0,0
32.66000000,59.28512885,58.58071108,58.96384218,58.54118176,0,0
32.67000000,59.33660937,58.56768361,58.97737496,58.50194980,0,0
32.68000000,59.26733113,58.58442309,58.99178278,58.56301444,0,0
32.69000000,59.25804416,58.66760542,58.96488509,58.56765682,0,0
32.70000000,59.27114574,58.63567614,58.96619049,58.55148873,0,0
32.71000000,59.35439394,58.59545160,58.95707274,58.64212460,0,0
32.72000000,59.39451854,58.57882494,58.92874502,58.57801097,0,0
32.73000000,59.35422645,58.60057281,58.93216792,58.58684022,0,0
32.74000000,59.29323497,58.65842651,59.01037971,58.57721498,0,0
32.75000000,59.31676873,58.68169076,59.01063633,58.58278898,0,0
32.76000000,59.36235482,58.65602505,58.98145795,58.56671655,0,0
32.77000000,59.34413290,58.65935774,58.94118398,58.50015040,0,0
32.78000000,59.40181381,58.63882938,58.85584153,58.43063131,0,0
32.79000000,59.36364686,58.69651769,58.80853136,58.45100373,0,0
32.80000000,59.34717006,58.73711328,58.83830510,58.49408652,0,0
32.81000000,59.36103462,58.71111090,58.91673236,58.59272987,0,0
32.82000000,59.37186826,58.60103980,59.02727020,58.62728386,0,0
32.83000000,59.33690548,58.58922486,59.01550407,58.62346378,0,0
32.84000000,59.35109864,58.64841706,58.97465655,58.59977311,0,0
32.85000000,59.30095265,58.68892084,58.93612169,58.54738624,0,0
32.86000000,59.32274450,58.67311791,58.88253015,58.48884626,0,0
32.87000000,59.25687746,58.63708348,58.91395969,58.49348317,0,0
32.88000000,59.34262463,58.62519705,59.02368775,58.50549000,0,0
32.89000000,59.29183773,58.60448153,58.96922758,58.51510913,0,0
32.90000000,59.28558577,58.60832112,58.89771214,58.54770059,0,0
32.91000000,59.26443849,58.64076701,58.87068067,58.53994643,0,0
32.92000000,59.31792013,58.67545161,58.95531734,58.56681190,0,0
32.93000000,59.28954329,58.61076797,58.98655090,58.55078909,0,0
32.94000000,59.35386645,58.59082046,58.93081160,58.52801163,0,0
32.95000000,59.26721587,58.57828962,58.93526675,58.51651218,0,0
32.96000000,59.26358959,58.58747369,58.90625543,58.54505830,0,0
32.97000000,59.28118714,58.54952878,58.93616479,58.53788537,0,0
32.98000000,59.24824135,58.61354670,59.00385128,58.60743307,0,0
32.99000000,59.25413508,58.63818195,59.06395946,58.60556826,0,0
33.00000000,59.23001552,58.59247021,59.02003815,58.53793306,0,0
33.01000000,59.24926891,58.53528269,58.95513295,58.53946664,0,0
33.02000000,59.40258171,58.54176797,58.97988966,58.59254371,0,0
33.03000000,59.34354831,58.60121322,59.01786770,58.56488485,0,0
33.04000000,59.25892752,58.66626297,59.01358945,58.61752167,0,0
33.05000000,59.29269762,58.65926532,59.02799230,58.62274505,0,0
33.06000000,59.27160506,58.65111642,59.03926264,58.62760643,0,0
33.07000000,59.39621436,58.59772641,58.99756480,58.58715613,0,0
33.08000000,59.34529983,58.55472777,58.94055506,58.52975264,0,0
33.09000000,59.32298690,58.62838075,58.91049606,58.54338194,0,0
33.10000000,59.29453375,58.66781786,59.01440566,58.56992954,0,0
33.11000000,59.34649876,58.68708470,59.02565963,58.50548251,0,0
33.12000000,59.29192597,58.64180527,59.01971020,58.47089906,0,0
33.13000000,59.39378302,58.61214554,58.93839648,58.57325385,0,0
33.14000000,59.30806081,58.63083205,58.97350907,58.60658545,0,0
33.15000000,59.33031737,58.64409817,58.95598575,58.63489983,0,0
33.16000000,59.32798659,58.64800531,58.90834022,58.67411391,0,0
33.17000000,59.28687001,58.64755512,58.94180577,58.63563302,0,0
33.18000000,59.38068413,58.58423350,58.94342323,58.53156131,0,0
33.19000000,59.36753361,58.58342986,59.01064293,58.50539199,0,0
33.20000000,59.32089402,58.62833488,59.02362189,58.45113996,0,0
33.21000000,59.35819588,58.62952944,58.89127836,58.48850175,0,0
33.22000000,59.28642582,58.68528691,58.98114643,58.52632253,0,0
33.23000000,59.31000087,58.70331357,58.95431554,58.55775379,0,0
33.24000000,59.38495943,58.64371139,58.95755132,58.59642790,0,0
33.25000000,59.28434633,58.59960173,58.96833481,58.58952316,0,0
33.26000000,59.27274689,58.52218157,58.99465867,58.57557326,0,0
33.27000000,59.25104323,58.56357350,59.01802081,58.60515217,0,0
33.28000000,59.30005319,58.64930058,59.00276875,58.55537861,0,0
33.29000000,59.34118749,58.67988940,58.94127261,58.54266216,0,0
33.30000000,59.34739791,58.62334381,58.93523642,58.54795575,0,0
33.31000000,59.28503020,58.58799762,58.94194735,58.52951868,0,0
33.32000000,59.31755989,58.60341620,58.98045264,58.61464178,0,0
33.33000000,59.27650462,58.61347415,58.98681256,58.57262740,0,0
33.34000000,59.31993886,58.63664406,58.97219990,58.60479469,0,0
33.35000000,59.27446721,58.62742126,58.97866945,58.60472543,0,0
33.36000000,59.33622374,58.67083734,59.00067028,58.58295242,0,0
33.37000000,59.30826302,58.65787282,59.01016916,58.55960211,0,0
33.38000000,59.36757210,58.62782873,58.97605516,58.57674966,0,0
33.39000000,59.31477464,58.61313733,59.01452734,58.56968322,0,0
33.40000000,59.34099947,58.61053185,59.02553503,58.59986505,0,0
33.41000000,59.33519804,58.60387641,59.05945391,58.61166465,0,0
33.42000000,59.36360608,58.65107926,59.02419102,58.61285551,0,0
33.43000000,59.34943771,58.69819988,58.97827276,58.55061824,0,0
33.44000000,59.32403172,58.68911007,58.93456571,58.52444971,0,0
33.45000000,59.39586035,58.71516587,58.94749134,58.51492474,0,0
33.46000000,59.36218855,58.68905717,58.95543280,58.52100583,0,0
33.47000000,59.37098132,58.66719629,59.00785447,58.60555391,0,0
33.48000000,59.37764677,58.62522486,59.07619021,58.59530524,0,0
33.49000000,59.39638486,58.65622001,59.00078510,58.62448468,0,0
33.50000000,59.32686661,58.71028118,59.03081404,58.61290026,0,0
33.51000000,59.41017646,58.73550968,58.95633749,58.51373578,0,0
33.52000000,59.30938242,58.67233874,58.91137615,58.51608970,0,0
33.53000000,59.38600989,58.69286413,59.00843110,58.56257471,0,0
33.54000000,59.38952277,58.62465112,59.00652011,58.54499171,0,0
33.55000000,59.35603367,58.67555229,58.96257579,58.60909174,0,0
33.56000000,59.35542324,58.65863036,58.92092605,58.53374187,0,0
33.57000000,59.33290647,58.72758623,58.93745686,58.57650521,0,0
33.58000000,59.32088855,58.70321737,59.00884259,58.57808535,0,0
33.59000000,59.36691020,58.62020799,58.98585992,58.53496902,0,0
33.60000000,59.33792380,58.60079284,58.94789656,58.58826776,0,0
33.61000000,59.36884272,58.63577560,58.94372857,58.62023426,0,0
33.62000000,59.28035228,58.65830822,58.91010888,58.55248183,0,0
33.63000000,59.21805095,58.64987933,58.90208984,58.53649446,0,0
33.64000000,59.27302857,58.65406491,58.94492788,58.56476481,0,0
33.65000000,59.28427194,58.63561865,59.03640961,58.54848963,0,0
33.66000000,59.30500278,58.66697556,58.97416004,58.58091574,0,0
33.67000000,59.29458335,58.63531122,58.94284594,58.59635174,0,0
33.68000000,59.31052294,58.68122177,58.92810106,58.66013634,0,0
33.69000000,59.29870228,58.63898743,59.04052648,58.62443632,0,0
33.70000000,59.33627099,58.62735783,58.99704033,58.67382294,0,0
33.71000000,59.25072209,58.65175266,59.03617958,58.63134960,0,0
33.72000000,59.32176092,58.67591748,59.00372327,58.65873954,0,0
33.73000000,59.24200345,58.68326183,59.02064710,58.64251061,0,0
33.74000000,59.29220496,58.67458504,58.99680691,58.63732680,0,0
33.75000000,59.32676399,58.64924293,58.99413589,58.64975204,0,0
33.76000000,59.30637147,58.66768897,59.00021879,58.61598882,0,0
33.77000000,59.33927456,58.73743035,58.94257987,58.57941204,0,0
33.78000000,59.35498440,58.68939459,58.98918643,58.58670101,0,0
33.79000000,59.27362275,58.69214185,58.97756553,58.62003513,0,0
33.80000000,59.27708015,58.61267952,59.01831078,58.56867680,0,0
33.81000000,59.28379224,58.66323399,58.93918645,58.63219435,0,0
33.82000000,59.35094437,58.70023517,58.94008574,58.62881315,0,0
33.83000000,59.38023000,58.69484019,58.90593317,58.64668186,0,0
33.84000000,59.27543842,58.65132568,58.90535074,58.61918607,0,0
33.85000000,59.31051269,58.62210975,58.94702445,58.64076221,0,0
33.86000000,59.27417850,58.70373876,58.97632152,58.57353102,0,0
33.87000000,59.31901423,58.71007637,58.96153466,58.59481423,0,0
33.88000000,59.30109156,58.70920779,58.94757235,58.53131859,0,0
33.89000000,59.33560511,58.67155280,58.88752757,58.57535694,0,0
33.90000000,59.24770744,58.60862962,58.93572810,58.61827450,0,0
33.91000000,59.33400814,58.68524933,58.98442175,58.63525561,0,0
33.92000000,59.27401133,58.65408993,58.97814452,58.66852426,0,0
33.93000000,59.28895824,58.63250157,58.93357158,58.63254228,0,0
33.94000000,59.22617501,58.62544083,58.92878470,58.67724434,0,0
33.95000000,59.27351317,58.64612200,58.96159923,58.59050074,0,0
33.96000000,59.24979055,58.66171205,58.93019734,58.60829326,0,0
33.97000000,59.31666054,58.67722479,58.97322306,58.54920537,0,0
33.98000000,59.27861231,58.59776086,58.87678961,58.58433472,0,0
33.99000000,59.29280422,58.60710688,58.92318882,58.58595014,0,0
34.00000000,59.28200512,58.59318189,58.96151491,58.62098095,0,0
34.01000000,59.24205481,58.73006522,58.95407776,58.66849830,0,0
34.02000000,59.27378892,58.63399789,58.98119806,58.63341328,0,0
34.03000000,59.22080767,58.61517585,58.97246355,58.58594390,0,0
34.04000000,59.34214863,58.58308112,58.97043485,58.65046905,0,0
34.05000000,59.27408929,58.65554590,58.97383273,58.59818427,0,0
34.06000000,59.28717234,58.64798150,58.92394677,58.60697980,0,0
34.07000000,59.23065311,58.64993086,58.94886038,58.58617633,0,0
34.08000000,59.32156362,58.62363683,58.98899584,58.59767400,0,0
34.09000000,59.30074910,58.60825392,58.94042563,58.63483600,0,0
34.10000000,59.40068816,58.63032891,58.96220102,58.54538295,0,0
34.11000000,59.31725976,58.67770301,58.90307225,58.55005001,0,0
34.12000000,59.30064996,58.65246196,58.92845944,58.56212376,0,0
34.13000000,59.28481517,58.62141285,58.97004472,58.57892383,0,0
34.14000000,59.31495831,58.60454796,58.96871412,58.61923901,0,0
34.15000000,59.42996018,58.61552851,58.97244365,58.59428916,0,0
34.16000000,59.42344310,58.64713976,59.00179196,58.62293840,0,0
34.17000000,59.34030455,58.62032883,58.93684289,58.53198227,0,0
34.18000000,59.24917375,58.68380065,59.02403887,58.58194969,0,0
34.19000000,59.37500030,58.66686408,59.03011443,58.55715152,0,0
34.20000000,59.37332015,58.73269702,58.98256353,58.50670954,0,0
34.21000000,59.58600474,58.66146941,58.99800214,58.49942029,0,0
34.22000000,59.41356247,58.66968844,58.96519567,58.51547508,0,0
34.23000000,59.32380190,58.69709280,58.96609127,58.53364884,0,0
34.24000000,59.37000324,58.66168209,58.97970928,58.59032548,0,0
34.25000000,59.34651117,58.70142012,58.94369525,58.59310904,0,0
34.26000000,59.42242281,58.65193976,58.99668059,58.68207379,0,0
34.27000000,59.37292088,58.64186783,58.94057345,58.56943187,0,0
34.28000000,59.34132584,58.64337837,58.94192642,58.57937211,0,0
34.29000000,59.37452078,58.65912137,58.99132850,58.57873523,0,0
34.30000000,59.27987905,58.63544272,58.98983299,58.54052853,0,0
34.31000000,59.35214971,58.63473863,58.92165529,58.50552975,0,0
34.32000000,59.33299518,58.65020114,58.92338525,58.50540516,0,0
34.33000000,59.39282838,58.77768458,58.90748118,58.53445192,0,0
34.34000000,59.41170914,58.67398988,58.95836963,58.57471235,0,0
34.35000000,59.31277809,58.69399781,58.93874195,58.67744177,0,0
34.36000000,59.31853876,58.52909393,58.88025864,58.56223896,0,0
34.37000000,59.35347217,58.64284507,58.95671642,58.62574034,0,0
34.38000000,59.41818701,58.70811820,58.98475893,58.60940887,0,0
34.39000000,59.25819402,58.70039702,58.97377147,58.52494517,0,0
34.40000000,59.36153485,58.63202930,58.96736395,58.57334899,0,0
34.41000000,59.18750766,58.58380373,59.06304645,58.58805836,0,0
34.42000000,59.42171438,58.65540428,59.10125982,58.63086696,0,0
34.43000000,59.26730513,58.58110820,59.07826817,58.62557744,0,0
34.44000000,59.36388427,58.58803921,59.08831666,58.65976809,0,0
34.45000000,59.28119037,58.62791147,59.11376141,58.66981309,0,0
34.46000000,59.28407190,58.67693156,59.05124707,58.65025376,0,0
34.47000000,59.37729115,58.66639869,58.95385928,58.61939246,0,0
34.48000000,59.34847469,58.65994673,59.03895125,58.59780333,0,0
34.49000000,59.33024437,58.64345211,58.91706857,58.48487939,0,0
34.50000000,59.25350556,58.57967472,58.96477781,58.56455433,0,0
34.51000000,59.45410237,58.62905897,58.94184417,58.56095081,0,0
34.52000000,59.33468430,58.62125552,58.96519437,58.59672411,0,0
34.53000000,59.35719638,58.67330308,58.83857255,58.54374501,0,0
34.54000000,59.31083623,58.67296472,58.98914562,58.53693417,0,0
34.55000000,59.25113099,58.59855942,59.05279996,58.58568789,0,0
34.56000000,59.32897135,58.64279689,59.11137601,58.64787665,0,0
34.57000000,59.36199161,58.61285571,59.07413481,58.61919717,0,0
34.58000000,59.44129029,58.65471054,59.03519426,58.64133520,0,0
34.59000000,59.36941941,58.71779345,59.03892967,58.66485206,0,0
34.60000000,59.33942756,58.69399036,58.91476544,58.60777461,0,0
34.61000000,59.32302488,58.64980237,59.04414906,58.59776689,0,0
34.62000000,59.46093355,58.55679258,59.03333919,58.57956278,0,0
34.63000000,59.34743993,58.64498928,59.01408405,58.53796549,0,0
34.64000000,59.43321884,58.72190027,59.04851776,58.56689399,0,0
34.65000000,59.30036116,58.67083596,58.94148895,58.54048138,0,0
34.66000000,59.36961562,58.68077553,59.04988584,58.55878228,0,0
34.67000000,59.37193982,58.60646127,58.84329890,58.59825582,0,0
34.68000000,59.42436870,58.63492101,59.03371062,58.61826041,0,0
34.69000000,59.39470530,58.62869049,59.03000275,58.64276976,0,0
34.70000000,59.34717418,58.69484218,59.01848763,58.62697944,0,0
34.71000000,59.31998450,58.67904837,58.95724608,58.62004450,0,0
34.72000000,59.36215817,58.64492616,58.93989394,58.52087788,0,0
34.73000000,59.39837351,58.63753956,58.93546442,58.53983361,0,0
34.74000000,59.35286610,58.61774837,58.98176379,58.48970427,0,0
34.75000000,59.36560042,58.72267556,58.93332669,58.49232637,0,0
34.76000000,59.35568595,58.72665241,58.97969827,58.55263360,0,0
34.77000000,59.30425562,58.68157359,58.98542374,58.61783112,0,0
34.78000000,59.33220242,58.65264193,59.03370670,58.64969872,0,0
34.79000000,59.38497343,58.65672555,58.99813040,58.65161720,0,0
34.80000000,59.35532767,58.65508731,59.03575637,58.60713456,0,0
34.81000000,59.39799776,58.70872872,59.00397864,58.64823325,0,0
34.82000000,59.24354486,58.60769693,59.01695059,58.60742029,0,0
34.83000000,59.39220880,58.61900092,58.97001056,58.53726899,0,0
34.84000000,59.30977332,58.56074316,59.04224258,58.56904001,0,0
34.85000000,59.36224424,58.68850584,59.02117578,58.57525265,0,0
34.86000000,59.34330513,58.67828923,58.97943754,58.57246488,0,0
34.87000000,59.38702520,58.68653887,58.95802272,58.57413335,0,0
34.88000000,59.37643000,58.65365376,59.03024410,58.64174488,0,0
34.89000000,59.40010947,58.56134827,59.03885708,58.61313292,0,0
34.90000000,59.36555390,58.60784095,59.08807171,58.66536195,0,0
34.91000000,59.30762866,58.63782616,59.12093284,58.62387294,0,0
34.92000000,59.42028245,58.71489776,59.03888731,58.58390799,0,0
34.93000000,59.26883971,58.66604243,59.05115191,58.55661519,0,0
34.94000000,59.63163072,58.75533065,59.01624864,58.57846970,0,0
34.95000000,59.24566290,58.57725045,59.06074861,58.60504018,0,0
34.96000000,59.38001788,58.72273064,59.08097387,58.64375797,0,0
34.97000000,59.32523626,58.64011704,58.92857264,58.60804036,0,0
34.98000000,59.41383992,58.76308079,59.05390084,58.58213200,0,0
34.99000000,59.50352099,58.74329789,59.02038267,58.58724509,0,0
35.00000000,59.39554840,58.69341180,59.03643284,58.57946226,0,0
35.01000000,59.39840998,58.68850838,58.89351859,58.54416590,0,0
35.02000000,59.34413973,58.61615459,58.96269031,58.59635279,0,0
35.03000000,59.38205504,58.66148812,58.94145399,58.64458559,0,0
35.04000000,59.39678268,58.69627677,59.00614420,58.61679407,0,0
35.05000000,59.38655227,58.68893004,58.97100823,58.63745043,0,0
35.06000000,59.24927626,58.65576981,59.06839583,58.60986254,0,0
35.07000000,59.41335934,58.68243089,58.98508037,58.59030848,0,0
35.08000000,59.38031944,58.62571335,58.99362792,58.54393003,0,0
35.09000000,59.46566064,58.72615684,59.04694132,58.58146487,0,0
35.10000000,59.39483381,58.63726773,58.99274903,58.45679417,0,0
35.11000000,59.32810625,58.63535328,59.28429913,58.67898281,0,0
35.12000000,59.42498184,58.71888618,58.98352624,58.65725686,0,0
35.13000000,59.41739340,58.75900673,59.03170371,58.63294993,0,0
35.14000000,59.29358672,58.74950291,58.96313730,58.68460400,0,0
35.15000000,59.41168919,58.61881732,58.94553274,58.55542381,0,0
35.16000000,59.35085320,58.59016303,59.02135735,58.62366250,0,0
35.17000000,59.41027041,58.69404122,59.12942231,58.59727781,0,0
35.18000000,59.38659671,58.69614926,59.02587631,58.58009356,0,0
35.19000000,59.31217269,58.71103569,59.02601891,58.57957583,0,0
35.20000000,59.37736251,58.60840648,59.05180430,58.59175683,0,0
35.21000000,59.42386962,58.65853063,59.18162659,58.67038448,0,0
35.22000000,59.41463754,58.70193951,59.03183180,58.71569360,0,0
35.23000000,59.34215157,58.69694562,58.93207838,58.68666401,0,0
35.24000000,59.34249116,58.73733653,58.96719474,58.67346586,0,0
35.25000000,59.28812217,58.61105696,59.01887623,58.63706670,0,0
35.26000000,59.47245215,58.60681977,59.01192910,58.61243551,0,0
35.27000000,59.27952701,58.63847363,59.13377784,58.57051928,0,0
35.28000000,59.41693443,58.75690466,59.01695687,58.52931473,0,0
35.29000000,59.40533234,58.76861342,59.08405221,58.60765347,0,0
35.30000000,59.44150949,58.69909262,59.01302315,58.63098618,0,0
35.31000000,59.31862361,58.52291027,58.96724088,58.62854940,0,0
35.32000000,59.32884231,58.60067130,59.09353874,58.65938522,0,0
35.33000000,59.42567121,58.64458619,59.02629689,58.64488539,0,0
35.34000000,59.39503680,58.75302555,59.08394010,58.63510613,0,0
35.35000000,59.41443891,58.65487754,59.03249276,58.61805169,0,0
35.36000000,59.29686320,58.66292960,58.98569679,58.58604558,0,0
35.37000000,59.35799189,58.62886335,59.07899112,58.58579417,0,0
35.38000000,59.39053046,58.64130290,59.05195654,58.55649071,0,0
35.39000000,59.39758760,58.68715455,59.03851368,58.60846175,0,0
35.40000000,59.46673067,58.63214358,58.99070239,58.62788093,0,0
35.41000000,59.37192276,58.63417693,59.01193427,58.60793098,0,0
35.42000000,59.44803309,58.67520510,59.05886893,58.58155945,0,0
35.43000000,59.34445997,58.73964410,59.14328350,58.54715134,0,0
35.44000000,59.39460970,58.72582636,59.00853873,58.58150088,0,0
35.45000000,59.40488253,58.64729271,59.07192950,58.61858717,0,0
35.46000000,59.41605946,58.58493073,59.06962601,58.68617813,0,0
35.47000000,59.39441563,58.65412034,59.08006002,58.70659946,0,0
35.48000000,59.53397153,58.74192352,59.02998454,58.62102773,0,0
35.49000000,59.31681290,58.66875574,59.02583977,58.57849306,0,0
35.50000000,59.46891062,58.67377051,59.03374301,58.53943454,0,0
35.51000000,59.31913448,58.61561210,59.06893681,58.59028810,0,0
35.52000000,59.44450219,58.71677266,59.04883623,58.57951750,0,0
35.53000000,59.41693438,58.68188086,59.03452426,58.54688594,0,0
35.54000000,59.35307204,58.67787852,59.01725119,58.58062604,0,0
35.55000000,59.35218023,58.65287280,58.99783542,58.61169924,0,0
35.56000000,59.38435016,58.66389298,58.99483689,58.59930410,0,0
35.57000000,59.36022561,58.69921733,59.08298582,58.66855472,0,0
35.58000000,59.39463309,58.71638988,59.03013575,58.62949219,0,0
35.59000000,59.37333008,58.65139886,59.04137287,58.59832959,0,0
35.60000000,59.30408286,58.57249369,59.06566227,58.59689966,0,0
35.61000000,59.41355499,58.64053103,58.95290105,58.58989626,0,0
35.62000000,59.35739024,58.68075356,58.99170252,58.60185436,0,0
35.63000000,59.36394422,58.74012617,58.95430426,58.54902099,0,0
35.64000000,59.31844542,58.66535433,59.11411611,58.60457808,0,0
35.65000000,59.38225669,58.69727973,59.16536877,58.65283846,0,0
35.66000000,59.46723218,58.65766329,59.06789504,58.66187765,0,0
35.67000000,59.37985336,58.62857486,59.05098630,58.65503037,0,0
35.68000000,59.34797353,58.62891960,59.02896214,58.65633265,0,0
35.69000000,59.24486027,58.64645085,59.10716265,58.61588170,0,0
35.70000000,59.41453407,58.70126078,59.14916632,58.56784038,0,0
35.71000000,59.39237228,58.72484581,59.02870167,58.54503394,0,0
35.72000000,59.43232082,58.65339159,59.05441427,58.59334781,0,0
35.73000000,59.34669706,58.65200829,59.02991310,58.60320814,0,0
35.74000000,59.33198065,58.65319854,59.05072543,58.61605727,0,0
35.75000000,59.46164052,58.71132377,59.10008903,58.60383948,0,0
35.76000000,59.48324010,58.72298079,58.99909930,58.64682350,0,0
35.77000000,59.43415864,58.71119302,58.96230263,58.58275369,0,0
35.78000000,59.33439820,58.60134152,59.03485730,58.56213310,0,0
35.79000000,59.32769655,58.59512269,58.98400117,58.58909815,0,0
35.80000000,59.39373717,58.71475750,59.08571066,58.58080507,0,0
35.81000000,59.39124283,58.76745554,58.99041728,58.59815477,0,0
35.82000000,59.35468953,58.73936390,59.13327053,58.60297843,0,0
35.83000000,59.38714121,58.63988084,59.04646841,58.65604958,0,0
35.84000000,59.37707188,58.64527590,58.96847844,58.63686013,0,0
35.85000000,59.40772364,58.68015488,58.99884001,58.60657810,0,0
35.86000000,59.37707754,58.70385202,59.03118809,58.59715578,0,0
35.87000000,59.35632498,58.71488324,59.07645669,58.59985596,0,0
35.88000000,59.40579865,58.72188682,58.96194486,58.64211646,0,0
35.89000000,59.35974443,58.66709914,58.97459592,58.59282766,0,0
35.90000000,59.37257622,58.68275245,58.95216328,58.62919859,0,0
35.91000000,59.32827108,58.70200623,58.93960087,58.62781761,0,0
35.92000000,59.28905897,58.67730109,59.01126631,58.65100075,0,0
35.93000000,59.34904187,58.66477077,59.00571308,58.66322440,0,0
35.94000000,59.43488439,58.71731296,58.97546537,58.67434415,0,0
35.95000000,59.38671302,58.69610808,59.03394331,58.62527081,0,0
35.96000000,59.43173597,58.72705504,59.08326366,58.52913961,0,0
35.97000000,59.29133171,58.66010737,59.10002238,58.59354735,0,0
35.98000000,59.39823540,58.69434363,59.06061551,58.65393128,0,0
35.99000000,59.36564372,58.74227119,59.02494659,58.72263580,0,0
36.00000000,59.45491170,58.76304766,59.03440902,58.68875105,0,0
36.01000000,59.43904555,58.79100784,59.00148969,58.68823442,0,0
36.02000000,59.47392811,58.69925201,58.95434225,58.64518938,0,0
36.03000000,59.35797668,58.63434806,59.12159994,58.60441820,0,0
36.04000000,59.37554828,58.67908756,59.13722127,58.59680088,0,0
36.05000000,59.41543266,58.74216508,59.11623316,58.63099673,0,0
36.06000000,59.42923313,58.78747938,59.03523847,58.63679472,0,0
36.07000000,59.46803507,58.73727262,59.06855178,58.57801881,0,0
36.08000000,59.42875138,58.71275856,59.08819754,58.64446506,0,0
36.09000000,59.48492323,58.79478160,59.06149699,58.68364586,0,0
36.10000000,59.46446236,58.79608001,59.03693772,58.68721261,0,0
36.11000000,59.45337989,58.76445119,58.99702379,58.72280579,0,0
36.12000000,59.40160540,58.73041572,59.03165511,58.68401713,0,0
36.13000000,59.45593086,58.74651987,59.08028174,58.66126908,0,0
36.14000000,59.43788738,58.77927971,59.08392639,58.65675295,0,0
36.15000000,59.45034699,58.78405013,59.06198031,58.59138521,0,0
36.16000000,59.38511079,58.74230741,58.97887051,58.63284395,0,0
36.17000000,59.36187032,58.73819633,59.02959830,58.69157667,0,0
36.18000000,59.42702682,58.74956803,59.16431684,58.68707883,0,0
36.19000000,59.39498083,58.77684036,59.13528847,58.73800853,0,0
36.20000000,59.40352801,58.76511590,59.05039592,58.73459276,0,0
36.21000000,59.37855770,58.75230924,59.00901382,58.73335833,0,0
36.22000000,59.37750675,58.77996595,59.04525587,58.70252388,0,0
36.23000000,59.34227672,58.75538469,59.00110636,58.72796148,0,0
36.24000000,59.31371670,58.71837511,58.99949585,58.68887542,0,0
36.25000000,59.31194897,58.70441300,59.03698864,58.64113818,0,0
36.26000000,59.38454166,58.78155081,58.98417721,58.68290968,0,0
36.27000000,59.38623967,58.81606278,58.97095707,58.68046455,0,0
36.28000000,59.33594193,58.74260230,58.97818451,58.68755158,0,0
36.29000000,59.30021220,58.71148851,59.06596990,58.69338136,0,0
36.30000000,59.24428959,58.74096709,59.16105787,58.74387743,0,0
36.31000000,59.38671868,58.80177963,59.13854104,58.76159725,0,0
36.32000000,59.35082603,58.77591420,59.10116688,58.78531370,0,0
36.33000000,59.31549786,58.75821743,59.06792468,58.74183860,0,0
36.34000000,59.33872976,58.76987605,59.03470036,58.77849312,0,0
36.35000000,59.33206692,58.82786699,59.03333852,58.76172530,0,0
36.36000000,59.31579621,58.79668212,59.04637653,58.73784449,0,0
36.37000000,59.33423506,58.78578893,58.97509846,58.74903420,0,0
36.38000000,59.34198629,58.72234695,58.97773842,58.72207058,0,0
36.39000000,59.33719208,58.77077884,59.01837349,58.72614162,0,0
36.40000000,59.35569022,58.78300700,59.04813403,58.71339201,0,0
36.41000000,59.29386146,58.84127079,59.03749759,58.74663803,0,0
36.42000000,59.36987958,58.80233377,59.01895044,58.72783211,0,0
36.43000000,59.37961423,58.75266244,59.03035388,58.74790232,0,0
36.44000000,59.45048018,58.77873108,59.03931579,58.80050484,0,0
36.45000000,59.45108507,58.83259594,58.97855806,58.77009223,0,0
36.46000000,59.38227227,58.86233714,59.00964235,58.74061550,0,0
36.47000000,59.34700332,58.83153228,59.03381683,58.73099868,0,0
36.48000000,59.38069128,58.82659727,59.03432360,58.70558412,0,0
36.49000000,59.46062277,58.77731480,59.07252501,58.69306811,0,0
36.50000000,59.43285819,58.78058421,59.02757401,58.69599197,0,0
36.51000000,59.40968543,58.79876790,59.11125775,58.66606509,0,0
36.52000000,59.33542600,58.86409550,59.07068207,58.73286153,0,0
36.53000000,59.44794171,58.89782866,59.03197192,58.78490387,0,0
36.54000000,59.39528187,58.83469202,59.00281851,58.78411900,0,0
36.55000000,59.42347645,58.81266828,58.98264719,58.81484382,0,0
36.56000000,59.33112036,58.79171419,59.01114701,58.78273580,0,0
36.57000000,59.35006723,58.82537174,59.01310378,58.72487338,0,0
36.58000000,59.38846980,58.84060155,59.00659869,58.73633791,0,0
36.59000000,59.45903396,58.81232610,58.91351530,58.70922016,0,0
36.60000000,59.40544284,58.77173405,58.93544717,58.67906849,0,0
36.61000000,59.38096254,58.72372396,58.95845485,58.68997457,0,0
36.62000000,59.36437489,58.78223424,59.08024857,58.69838722,0,0
36.63000000,59.44536229,58.84544879,59.07617167,58.77098946,0,0
36.64000000,59.48535310,58.84649497,59.03151334,58.81216454,0,0
36.65000000,59.39469091,58.80392387,59.03965075,58.77122156,0,0
36.66000000,59.42352007,58.79412898,59.05942082,58.76688917,0,0
36.67000000,59.37423420,58.75042087,59.10869048,58.76317834,0,0
36.68000000,59.40441937,58.75256645,59.11573500,58.70711042,0,0
36.69000000,59.38631532,58.80505757,59.08982388,58.65084463,0,0
36.70000000,59.43491771,58.81190905,59.06193097,58.69301784,0,0
36.71000000,59.42411359,58.77993751,59.09131341,58.70468176,0,0
36.72000000,59.46476323,58.77685451,59.06774436,58.74381801,0,0
36.73000000,59.42578005,58.78379009,59.08343427,58.76753898,0,0
36.74000000,59.41386910,58.82062477,59.06972878,58.78963101,0,0
36.75000000,59.42004382,58.80073266,59.09424133,58.80350858,0,0
36.76000000,59.40527311,58.73401672,59.06677306,58.76559640,0,0
36.77000000,59.47090715,58.74053487,59.00567571,58.76215052,0,0
36.78000000,59.42851340,58.74700399,59.03206540,58.70848346,0,0
36.79000000,59.42107137,58.78824760,59.04254079,58.69765454,0,0
36.80000000,59.42095113,58.79120628,59.09608306,58.69283133,0,0
36.81000000,59.45441288,58.79654740,59.06477182,58.71707944,0,0
36.82000000,59.46511104,58.74025481,59.09301312,58.74371804,0,0
36.83000000,59.56412263,58.74631565,59.11605115,58.74175153,0,0
36.84000000,59.49563235,58.78402551,59.15540985,58.70101180,0,0
36.85000000,59.47718984,58.83073281,59.10010955,58.72641821,0,0
36.86000000,59.47580531,58.78336973,59.09571646,58.72002884,0,0
36.87000000,59.43245156,58.75907153,59.14169322,58.72754450,0,0
36.88000000,59.51599610,58.74557613,59.16464319,58.76576626,0,0
36.89000000,59.47241485,58.76469211,59.13167204,58.72892039,0,0
36.90000000,59.49423543,58.78694854,59.13355704,58.72127150,0,0
36.91000000,59.43707406,58.76614327,59.14776945,58.74136871,0,0
36.92000000,59.47536086,58.75563886,59.16711859,58.70229687,0,0
36.93000000,59.45126381,58.72720287,59.09543495,58.67508649,0,0
36.94000000,59.44724881,58.73756436,59.08506569,58.63490658,0,0
36.95000000,59.45558014,58.75195651,59.10965724,58.64356886,0,0
36.96000000,59.46552819,58.77949448,59.07818202,58.66599514,0,0
36.97000000,59.47188475,58.74397103,59.07270092,58.71451988,0,0
36.98000000,59.45264289,58.73263030,59.05633199,58.71725407,0,0
36.99000000,59.48222107,58.74655348,59.02963636,58.76446279,0,0
37.00000000,59.38895885,58.70851875,59.13457265,58.73824226,0,0
37.01000000,59.47055189,58.75511762,59.17003234,58.71793485,0,0
37.02000000,59.42737508,58.74073325,59.14529582,58.70264657,0,0
37.03000000,59.42316495,58.74103671,59.09365600,58.68619297,0,0
37.04000000,59.40671515,58.71413900,59.06500053,58.65073034,0,0
37.05000000,59.39859669,58.73545953,59.15618637,58.63661996,0,0
37.06000000,59.43184398,58.73818809,59.20872007,58.68634856,0,0
37.07000000,59.50206265,58.77093686,59.14902308,58.72422611,0,0
37.08000000,59.42520398,58.72295950,59.11019664,58.76617112,0,0
37.09000000,59.35452438,58.66086118,59.14655417,58.76775725,0,0
37.10000000,59.41612051,58.71972218,59.13045938,58.77620117,0,0
37.11000000,59.41529030,58.76238629,59.14349840,58.75490594,0,0
37.12000000,59.48472034,58.74660028,59.17176200,58.68850349,0,0
37.13000000,59.39825979,58.72574358,59.14693826,58.66726890,0,0
37.14000000,59.42981898,58.73454163,59.10406945,58.69005387,0,0
37.15000000,59.45754916,58.73199208,59.12404140,58.69282590,0,0
37.16000000,59.49952739,58.76887684,59.13427612,58.68504724,0,0
37.17000000,59.52357029,58.74873293,59.16202340,58.68561012,0,0
37.18000000,59.48797707,58.75094370,59.14265882,58.68954341,0,0
37.19000000,59.42362406,58.76503130,59.13196463,58.67267501,0,0
37.20000000,59.45173538,58.76571853,59.10921217,58.69469286,0,0
37.21000000,59.45797971,58.77963333,59.08641777,58.69947859,0,0
37.22000000,59.41079645,58.74719182,59.14717898,58.67789351,0,0
37.23000000,59.50600483,58.75345713,59.13904445,58.67454690,0,0
37.24000000,59.48579790,58.76798110,59.17863880,58.69380672,0,0
37.25000000,59.58927289,58.80496414,59.06364508,58.70927096,0,0
37.26000000,59.48015515,58.79764837,59.06075171,58.70985800,0,0
37.27000000,59.45954855,58.76100563,59.10959284,58.64562374,0,0
37.28000000,59.47195285,58.79974487,59.13418572,58.66828101,0,0
37.29000000,59.54679523,58.85522012,59.09375939,58.68452278,0,0
37.30000000,59.52757864,58.78818047,59.07001468,58.69265478,0,0
37.31000000,59.56074427,58.76825764,59.07644006,58.68683296,0,0
37.32000000,59.46642755,58.78868097,59.06852768,58.70953246,0,0
37.33000000,59.50048781,58.84204118,59.12893422,58.70954599,0,0
37.34000000,59.51115285,58.83801918,59.17971362,58.67796365,0,0
37.35000000,59.47936868,58.78659473,59.16696278,58.72008637,0,0
37.36000000,59.49283810,58.77201506,59.09741863,58.70924971,0,0
37.37000000,59.50970732,58.82362549,59.13586128,58.69185824,0,0
37.38000000,59.54019219,58.81690308,59.16401808,58.68702533,0,0
37.39000000,59.50488847,58.81133889,59.17656712,58.69253142,0,0
37.40000000,59.50785171,58.76535861,59.15529062,58.65649062,0,0
37.41000000,59.48386571,58.76330680,59.14536948,58.71695655,0,0
37.42000000,59.58427024,58.83953781,59.15340146,58.73925746,0,0
37.43000000,59.48399476,58.88121031,59.12539657,58.74566996,0,0
37.44000000,59.52472419,58.84427755,59.12513681,58.76307026,0,0
37.45000000,59.56191921,58.77456846,59.18263729,58.71543975,0,0
37.46000000,59.51700861,58.78096625,59.14852924,58.70707745,0,0
37.47000000,59.51079336,58.80867073,59.11548643,58.67831432,0,0
37.48000000,59.41721228,58.79721595,59.14771854,58.67114446,0,0
37.49000000,59.48144395,58.81470224,59.17283971,58.70964979,0,0
37.50000000,59.48343770,58.82678484,59.17866096,58.71562659,0,0
37.51000000,59.58640965,58.83819109,59.11795850,58.78011632,0,0
37.52000000,59.49093757,58.78204713,59.12211069,58.79220807,0,0
37.53000000,59.52575819,58.75742275,59.14370731,58.80157295,0,0
37.54000000,59.40432537,58.76965361,59.14954565,58.80559982,0,0
37.55000000,59.47492725,58.81005545,59.19223167,58.79221827,0,0
37.56000000,59.44717428,58.80164801,59.14314175,58.71174715,0,0
37.57000000,59.46960096,58.82554316,59.15782723,58.70285754,0,0
37.58000000,59.50954740,58.74404617,59.16664622,58.67565219,0,0
37.59000000,59.47488107,58.75730865,59.24825049,58.70874940,0,0
37.60000000,59.58663163,58.76560553,59.19113102,58.71016088,0,0
37.61000000,59.50250435,58.82052878,59.22441998,58.77676064,0,0
37.62000000,59.50858630,58.80927414,59.22397408,58.81528923,0,0
37.63000000,59.44536921,58.77530656,59.26461811,58.78804755,0,0
37.64000000,59.50271398,58.75226002,59.19253793,58.78474130,0,0
37.65000000,59.44379525,58.76769947,59.19409894,58.79086182,0,0
37.66000000,59.58385394,58.81194017,59.19978805,58.70930274,0,0
37.67000000,59.55555947,58.81787335,59.20263434,58.68039158,0,0
37.68000000,59.65838409,58.80819563,59.19907715,58.72830610,0,0
37.69000000,59.52496202,58.77952293,59.20509473,58.72444132,0,0
37.70000000,59.47207887,58.80977690,59.26407733,58.76190449,0,0
37.71000000,59.50611485,58.81625421,59.23845711,58.75867588,0,0
37.72000000,59.55264065,58.83151240,59.24521827,58.75956742,0,0
37.73000000,59.57620481,58.83826604,59.16138736,58.75194199,0,0
37.74000000,59.61222798,58.80627309,59.14597368,58.76932484,0,0
37.75000000,59.56800088,58.81080232,59.02534281,58.74282899,0,0
37.76000000,59.47024852,58.84974823,59.06813722,58.72830339,0,0
37.77000000,59.56814016,58.81905228,59.14096895,58.75446454,0,0
37.78000000,59.50501381,58.76980132,59.20454567,58.71323018,0,0
37.79000000,59.58680776,58.78264413,59.16907891,58.73786410,0,0
37.80000000,59.53934935,58.77259556,59.13023082,58.74000937,0,0
37.81000000,59.50806329,58.84445760,59.07185314,58.66633037,0,0
37.82000000,59.53966983,58.81388930,59.09792908,58.66441291,0,0
37.83000000,59.54948004,58.81924904,59.16203511,58.71919907,0,0
37.84000000,59.51242607,58.78071920,59.27785557,58.72730872,0,0
37.85000000,59.47123884,58.71745630,59.31761416,58.79209239,0,0
37.86000000,59.49821154,58.75976813,59.24122625,58.82958913,0,0
37.87000000,59.48791063,58.82905607,59.17600517,58.78505390,0,0
37.88000000,59.62934826,58.86668810,59.23354231,58.78140526,0,0
37.89000000,59.53708364,58.78069494,59.19428214,58.68737599,0,0
37.90000000,59.51757469,58.77142410,59.21910320,58.68213772,0,0
37.91000000,59.47376532,58.75127211,59.21453894,58.68602951,0,0
37.92000000,59.51223156,58.77626150,59.22656151,58.70563016,0,0
37.93000000,59.55606791,58.79088388,59.17497657,58.67325759,0,0
37.94000000,59.54864698,58.81219233,59.18354805,58.74371732,0,0
37.95000000,59.49629365,58.78944116,59.13871926,58.70861230,0,0
37.96000000,59.50136136,58.77416528,59.16820001,58.75191936,0,0
37.97000000,59.51282189,58.77404834,59.17890965,58.80142139,0,0
37.98000000,59.53746534,58.79806374,59.22950367,58.79045885,0,0
37.99000000,59.54015593,58.77751269,59.25102797,58.75559139,0,0
38.00000000,59.48457940,58.76109452,59.20446509,58.75666580,0,0
38.01000000,59.54543588,58.78413942,59.21584963,58.76266592,0,0
38.02000000,59.52632036,58.81691139,59.15898018,58.67881164,0,0
38.03000000,59.57799906,58.82540950,59.18389793,58.65637061,0,0
38.04000000,59.55458791,58.78307257,59.12619872,58.64480984,0,0
38.05000000,59.57654540,58.85105242,59.20686148,58.71592595,0,0
38.06000000,59.59575912,58.85562714,59.17121140,58.75566233,0,0
38.07000000,59.55804070,58.84554153,59.18107578,58.78680555,0,0
38.08000000,59.48372119,58.78976655,59.10777957,58.75110014,0,0
38.09000000,59.48805959,58.80186689,59.21474913,58.77038676,0,0
38.10000000,59.56556710,58.81058324,59.16222438,58.71987826,0,0
38.11000000,59.54084277,58.80907776,59.14651468,58.70092186,0,0
38.12000000,59.55095296,58.82101470,59.09350687,58.69647026,0,0
38.13000000,59.47742916,58.78975076,59.13354530,58.69900826,0,0
38.14000000,59.53417884,58.85537869,59.19912118,58.69380909,0,0
38.15000000,59.57590592,58.88633742,59.23129850,58.78175462,0,0
38.16000000,59.50522347,58.89960254,59.19842310,58.76340652,0,0
38.17000000,59.50126631,58.82679302,59.15145335,58.75674624,0,0
38.18000000,59.50251575,58.76476985,59.13644430,58.76095342,0,0
38.19000000,59.52136330,58.81837238,59.16095292,58.72013150,0,0
38.20000000,59.60584194,58.82955638,59.11762294,58.70977561,0,0
38.21000000,59.52722953,58.82338369,59.09850521,58.69192533,0,0
38.22000000,59.47472171,58.88358601,59.07693059,58.70042489,0,0
38.23000000,59.51903393,58.86374513,59.20806204,58.77553538,0,0
38.24000000,59.56463328,58.88826077,59.22230157,58.78417489,0,0
38.25000000,59.57402884,58.81192567,59.22566504,58.75376326,0,0
38.26000000,59.49263987,58.82145886,59.16089037,58.74771963,0,0
38.27000000,59.48167761,58.86740146,59.16074428,58.75944719,0,0
38.28000000,59.51829376,58.83783805,59.17997745,58.75556436,0,0
38.29000000,59.49575695,58.85413792,59.16181922,58.73725073,0,0
38.30000000,59.47215436,58.84079720,59.15971286,58.78363183,0,0
38.31000000,59.54788441,58.83219229,59.21222512,58.82008142,0,0
38.32000000,59.43531690,58.81343621,59.19666626,58.83418628,0,0
38.33000000,59.53502069,58.80726554,59.18914432,58.81813300,0,0
38.34000000,59.44061776,58.82522859,59.18094111,58.81183556,0,0
38.35000000,59.49402813,58.85631090,59.16192376,58.76189413,0,0
38.36000000,59.51466598,58.90570100,59.18459538,58.73833597,0,0
38.37000000,59.56341105,58.86780501,59.12754753,58.71948137,0,0
38.38000000,59.44540261,58.84770267,59.13765748,58.73595200,0,0
38.39000000,59.47784660,58.78445706,59.11033272,58.81636012,0,0
38.40000000,59.49154765,58.91299016,59.17395023,58.81411292,0,0
38.41000000,59.45764780,58.80342282,59.15539803,58.86953384,0,0
38.42000000,59.53598016,58.82057523,59.23877343,58.82714596,0,0
38.43000000,59.44320416,58.81166557,59.17597423,58.77598822,0,0
38.44000000,59.52411567,58.89995231,59.13276346,58.79641971,0,0
38.45000000,59.45501691,58.93875385,59.21886893,58.76593368,0,0
38.46000000,59.49753905,58.85988955,59.21486617,58.76462148,0,0
38.47000000,59.47998094,58.77248676,59.25519860,58.77600111,0,0
38.48000000,59.55932972,58.79702301,59.21309908,58.80600366,0,0
38.49000000,59.47476962,58.93372316,59.13739727,58.79669828,0,0
38.50000000,59.50940976,58.95839742,59.12732502,58.83005198,0,0
38.51000000,59.39893489,58.91836511,59.06478382,58.81427863,0,0
38.52000000,59.49074344,58.82602691,59.13871950,58.78629910,0,0
38.53000000,59.52924473,58.84616978,59.15173113,58.83215964,0,0
38.54000000,59.50160704,58.82346401,59.12244222,58.79995977,0,0
38.55000000,59.50081387,58.88476432,59.05953382,58.86438689,0,0
38.56000000,59.40564891,58.85448526,59.04127353,58.76131944,0,0
38.57000000,59.49582424,58.88886188,59.16168410,58.82692459,0,0
38.58000000,59.52067268,58.92201701,59.16280470,58.74360432,0,0
38.59000000,59.47847048,58.86743376,59.19585148,58.73648590,0,0
38.60000000,59.42937509,58.89310442,59.10758567,58.79773004,0,0
38.61000000,59.46025815,58.81647455,59.14853209,58.85267425,0,0
38.62000000,59.43384134,58.86157973,59.11630570,58.88120321,0,0
38.63000000,59.55653788,58.92210093,59.15179602,58.87156423,0,0
38.64000000,59.39932550,58.85231426,59.07047170,58.76096622,0,0
38.65000000,59.42234515,58.87109521,59.10869497,58.78427861,0,0
38.66000000,59.44356735,58.83314460,59.05799505,58.76637309,0,0
38.67000000,59.49947679,58.88133028,59.11360227,58.84739123,0,0
38.68000000,59.56342608,58.90647463,59.12786285,58.88087465,0,0
38.69000000,59.50716246,58.88254055,59.10975514,58.79827078,0,0
38.70000000,59.47086971,58.90813961,59.10908714,58.82661766,0,0
38.71000000,59.43651527,58.88861563,59.12166188,58.82802566,0,0
38.72000000,59.53754561,58.91675414,59.12950496,58.82420419,0,0
38.73000000,59.41609942,58.90982090,59.11028671,58.82695242,0,0
38.74000000,59.53509839,58.86757535,59.12915674,58.79271759,0,0
38.75000000,59.43937991,58.84832906,59.16980395,58.86157239,0,0
38.76000000,59.50576240,58.87121157,59.08065331,58.84951101,0,0
38.77000000,59.52293090,58.87763488,59.15367006,58.83329851,0,0
38.78000000,59.44714563,58.86518358,59.11751461,58.83080602,0,0
38.79000000,59.47196524,58.85988096,59.22440593,58.76986971,0,0
38.80000000,59.51235534,58.90978606,59.18440380,58.82983494,0,0
38.81000000,59.50255261,58.96266661,59.09718848,58.75467080,0,0
38.82000000,59.49754422,58.90063456,59.04003618,58.79642723,0,0
38.83000000,59.45200765,58.78992087,59.09867446,58.80996763,0,0
38.84000000,59.45347208,58.83650972,59.12232128,58.83007385,0,0
38.85000000,59.53114432,58.89779029,59.21386840,58.88453481,0,0
38.86000000,59.43443746,58.89000354,59.10770781,58.77857519,0,0
38.87000000,59.49106780,58.90712538,59.11793834,58.76308836,0,0
38.88000000,59.50931531,58.85791180,59.08333687,58.80296958,0,0
38.89000000,59.50892341,58.86975772,59.19012787,58.79982004,0,0
38.90000000,59.47814364,58.83450652,59.16999468,58.85046431,0,0
38.91000000,59.44736209,58.84251796,59.10946083,58.83569707,0,0
38.92000000,59.44017720,58.87841180,59.16764627,58.85475098,0,0
38.93000000,59.53680648,58.88117107,59.16807899,58.86989365,0,0
38.94000000,59.46255860,58.90936485,59.13693038,58.90489381,0,0
38.95000000,59.54159184,58.89177628,59.15253452,58.85464565,0,0
38.96000000,59.46994335,58.87686280,59.14249255,58.88121344,0,0
38.97000000,59.47976382,58.86484406,59.15752719,58.83600648,0,0
38.98000000,59.56798767,58.89831191,59.10452906,58.80761590,0,0
38.99000000,59.50178794,58.88929543,59.08478696,58.79696260,0,0
39.00000000,59.51477012,58.86921105,59.09807857,58.79026586,0,0
39.01000000,59.51688058,58.91960350,59.18372615,58.78719175,0,0
39.02000000,59.48248908,58.91659682,59.11723875,58.77572814,0,0
39.03000000,59.48009730,58.90099902,59.08769482,58.80485932,0,0
39.04000000,59.52487057,58.86511661,59.10256282,58.85365650,0,0
39.05000000,59.47723921,58.87955316,59.16583772,58.82686309,0,0
39.06000000,59.58903975,58.93531029,59.16170640,58.92808986,0,0
39.07000000,59.48882138,58.89044247,59.18730440,58.84733264,0,0
39.08000000,59.54049200,58.88846557,59.13178615,58.75690624,0,0
39.09000000,59.44286333,58.78277005,59.12024357,58.79805890,0,0
39.10000000,59.54370482,58.91355607,59.13319629,58.77802781,0,0
39.11000000,59.47956205,58.86105095,59.18625600,58.81622719,0,0
39.12000000,59.61467113,58.95088068,59.18155155,58.79412706,0,0
39.13000000,59.46638701,58.85341902,59.11686608,58.79994937,0,0
39.14000000,59.56329959,58.93818664,59.14261024,58.80475705,0,0
39.15000000,59.50071663,58.80052312,59.21402054,58.82581760,0,0
39.16000000,59.47846688,58.84409303,59.14492143,58.76154956,0,0
39.17000000,59.60793985,58.93149952,59.22247419,58.80722654,0,0
39.18000000,59.53975054,58.86369567,59.25838793,58.86390059,0,0
39.19000000,59.59123935,58.90659238,59.18243687,58.79653152,0,0
39.20000000,59.49992229,58.79288561,59.13013926,58.87344078,0,0
39.21000000,59.54414226,58.85945858,59.15648604,58.83018979,0,0
39.22000000,59.52992446,58.88427922,59.21467411,58.80722822,0,0
39.23000000,59.59208188,58.90862271,59.28702251,58.83236119,0,0
39.24000000,59.48145838,58.86132810,59.08974498,58.74298885,0,0
39.25000000,59.54758062,58.86172158,59.26376116,58.82168805,0,0
39.26000000,59.54589888,58.81869292,59.15672911,58.82946086,0,0
39.27000000,59.55874473,58.90902059,59.21750143,58.86654619,0,0
39.28000000,59.57193080,58.88891074,59.20510690,58.83824095,0,0
39.29000000,59.48875686,58.88687187,59.19805348,58.90286790,0,0
39.30000000,59.52799423,58.80400955,59.14948947,58.83762845,0,0
39.31000000,59.58642594,58.88040220,59.19932065,58.77059700,0,0
39.32000000,59.51866552,58.90551673,59.08764038,58.81197872,0,0
39.33000000,59.62020176,58.93850210,59.19861958,58.74139817,0,0
39.34000000,59.46792228,58.84282029,59.09351814,58.77752056,0,0
39.35000000,59.56303098,58.88079139,59.22983782,58.78216232,0,0
39.36000000,59.51819504,58.94101224,59.24745611,58.82163691,0,0
39.37000000,59.57780354,58.88940953,59.21362053,58.91042232,0,0
39.38000000,59.54365092,58.89090076,59.14975268,58.85310832,0,0
39.39000000,59.59935245,58.90188362,59.21117013,58.87968279,0,0
39.40000000,59.57547322,58.92770961,59.19953720,58.82284915,0,0
39.41000000,59.46878727,58.86328266,59.15029643,58.81342763,0,0
39.42000000,59.53437611,58.84577565,59.10597789,58.75897862,0,0
39.43000000,59.50799969,58.81092792,59.24108345,58.79717782,0,0
39.44000000,59.56930922,58.83592616,59.22546736,58.80586289,0,0
39.45000000,59.49962186,58.88057073,59.19958379,58.73645412,0,0
39.46000000,59.49300920,58.94770771,59.13719663,58.90263876,0,0
39.47000000,59.51890207,58.95642392,59.15161205,58.76660616,0,0
39.48000000,59.47431990,58.81082871,59.16388819,58.84961930,0,0
39.49000000,59.56027275,58.85767363,59.17733519,58.84226709,0,0
39.50000000,59.49877575,58.84341794,59.20461345,58.87692384,0,0
39.51000000,59.49231810,58.86474571,59.17751197,58.80311030,0,0
39.52000000,59.46999675,58.87336872,59.17331617,58.79923321,0,0
39.53000000,59.55380194,58.87042089,59.17092335,58.80433673,0,0
39.54000000,59.52631698,58.87196368,59.19761317,58.81040440,0,0
39.55000000,59.66858237,58.86126968,59.25438534,58.85154745,0,0
39.56000000,59.47827281,58.90844867,59.20396968,58.80386461,0,0
39.57000000,59.56120117,58.91082209,59.29704097,58.90780869,0,0
39.58000000,59.49993617,58.92389434,59.19974749,58.99227402,0,0
39.59000000,59.52241445,58.86983473,59.21544381,59.13850814,0,0
39.60000000,59.65709176,58.91264305,59.23971089,59.29440543,0,0
39.61000000,59.55777722,58.89437791,59.30386621,59.45562064,0,0
39.62000000,59.56836891,58.93561308,59.29308470,59.59060779,0,0
39.63000000,59.60017643,58.89783739,59.24856092,59.57717738,0,0
39.64000000,59.61677346,59.02140430,59.25104731,59.65689908,0,0
39.65000000,59.64352318,58.96554638,59.31673138,59.57386222,0,0
39.66000000,59.56205087,58.97324284,59.26230872,59.56661086,0,0
39.67000000,59.52471725,58.99771635,59.20756715,59.67458893,0,0
39.68000000,59.69932819,59.04297591,59.21887756,59.60382768,0,0
39.69000000,59.62236848,59.02923179,59.15214718,59.61742733,0,0
39.70000000,59.62308783,58.90377304,59.19315306,59.65666716,0,0
39.71000000,59.56193182,58.98280898,59.13974633,59.56020565,0,0
39.72000000,59.54435732,58.95504989,59.26623524,59.36731851,0,0
39.73000000,59.55782437,58.98775062,59.21151222,59.30520253,0,0
39.74000000,59.61105981,58.99392087,59.19405604,59.13739177,0,0
39.75000000,59.59731807,58.98078542,59.10010319,59.06789632,0,0
39.76000000,59.64936584,58.97912218,59.11899475,59.10188080,0,0
39.77000000,59.54412493,58.94307224,59.17612665,59.12049407,0,0
39.78000000,59.49473870,58.97405865,59.09171243,59.20693028,0,0
39.79000000,59.50458810,58.95605722,59.14758502,59.29532338,0,0
39.80000000,59.50140291,58.89187157,59.10421827,59.32514186,0,0
39.81000000,59.52704969,58.88891780,59.03959469,59.30341158,0,1
39.82000000,59.52366813,58.92246179,59.08536720,59.31834420,0,1
39.83000000,59.41914572,58.85801210,59.07049019,59.31830347,0,1
39.84000000,59.42732143,58.84089715,59.07588096,59.27198642,0,1
39.85000000,59.38942111,58.84275896,59.11110608,59.24952004,0,1
39.86000000,59.44283086,58.79549170,59.17411093,59.30599258,0,1
39.87000000,59.51896550,58.79525181,59.14702273,59.23220974,0,1
39.88000000,59.44129186,58.81786682,59.13385636,59.31526111,0,1
39.89000000,59.45327016,58.82395252,59.06157720,59.47231423,0,1
39.90000000,59.39988816,58.82120013,59.06287258,59.39826890,0,1
39.91000000,59.32924217,58.81148071,59.10721217,59.42808719,0,1
39.92000000,59.43221996,58.78837888,59.10031707,59.49563094,0,1
39.93000000,59.45291956,58.79899686,59.18136528,59.40992065,0,1
39.94000000,59.43134520,58.73659014,59.16877998,59.35420764,0,1
39.95000000,59.43607092,58.73093649,59.16545664,59.41241883,0,1
39.96000000,59.31224314,58.78784935,59.14570531,59.36435784,0,1
39.97000000,59.38845642,58.78390752,59.15914465,59.32981764,0,1
39.98000000,59.42542286,58.77683259,59.18726105,59.37253824,0,1
39.99000000,59.44262234,58.79202876,59.24507011,59.39840926,0,1
40.00000000,59.42438661,58.76259380,59.15212731,59.40030794,0,1
40.01000000,59.51495887,58.75649987,59.11599991,59.41359492,0,1
40.02000000,59.42957901,58.75196047,59.07195271,59.41446191,0,1
40.03000000,59.48444784,58.75318825,59.13137973,59.38253983,0,1
40.04000000,59.35253200,58.77296947,59.23887008,59.39251278,0,1
40.05000000,59.51555373,58.75655496,59.16402652,59.36797565,0,1
40.06000000,59.47940501,58.73795209,59.19531436,59.36833515,0,1
40.07000000,59.51193080,58.73664608,59.06841564,59.37235843,0,1
40.08000000,59.39932663,58.77763835,59.23854661,59.26726472,0,1
40.09000000,59.43781819,58.81679417,59.15310411,59.28713012,0,1
40.10000000,59.46720008,58.77639949,59.22997122,59.32578046,0,1
40.11000000,59.50433203,58.77124482,59.17412159,59.27634193,0,1
40.12000000,59.42770216,58.69762556,59.24443023,59.36353046,0,1
40.13000000,59.32898868,58.73484822,59.15509828,59.42473290,0,1
40.14000000,59.40445429,58.78650127,59.08251813,59.40788071,0,1
40.15000000,59.44332414,58.85399491,59.10729722,59.34859417,0,1
40.16000000,59.53242525,58.79497604,59.04386451,59.32460419,0,1
40.17000000,59.45125965,58.73108021,59.07127896,59.29594607,0,1
40.18000000,59.52705805,58.72655869,59.06773291,59.28267489,0,1
40.19000000,59.46449873,58.74976839,59.15797591,59.23429936,0,1
40.20000000,59.43717896,58.77311672,59.09251450,59.27949977,0,1
40.21000000,59.40940337,58.83709682,59.06185891,59.34798669,0,1
40.22000000,59.46498142,58.82456035,59.11837171,59.22483505,0,1
40.23000000,59.42967514,58.81914127,59.17392708,59.36284058,0,1
40.24000000,59.51444932,58.78457869,59.10475873,59.44373797,0,1
40.25000000,59.43831799,58.75476894,59.12463539,59.29981109,0,1
40.26000000,59.45565700,58.73500385,59.13536767,59.33699511,0,1
40.27000000,59.35472889,58.71438508,59.23168731,59.42800415,0,1
40.28000000,59.40559170,58.78755245,59.19343717,59.22335115,0,1
40.29000000,59.34881672,58.75613506,59.14181216,59.24375160,0,1
40.30000000,59.50397874,58.78541830,59.05242801,59.28130010,0,1
40.31000000,59.51103957,58.74702344,59.01777302,59.24262208,0,1
40.32000000,59.52784426,58.80886034,58.95809085,59.31992586,0,1
40.33000000,59.44177262,58.75028129,59.10178133,59.28363140,0,1
40.34000000,59.35402982,58.72537163,59.05307350,59.19825658,0,1
40.35000000,59.36817249,58.68886360,59.09695598,59.23683960,0,1
40.36000000,59.40531080,58.74296823,59.06922658,59.25218883,0,1
40.37000000,59.39688424,58.76628200,59.09002835,59.19495840,0,1
40.38000000,59.36024376,58.72104573,59.02245415,59.18331757,0,1
40.39000000,59.35116770,58.68244787,58.99693828,59.25659006,0,1
40.40000000,59.40874268,58.64166095,59.05420710,59.20247800,0,1
40.41000000,59.43235705,58.69892650,59.11174260,59.15962314,0,1
40.42000000,59.29424440,58.73240162,59.16702454,59.23275710,0,1
40.43000000,59.35786047,58.74290625,59.11639704,59.28759978,0,1
40.44000000,59.37127311,58.67640800,59.05660919,59.25829737,0,1
40.45000000,59.40955636,58.67366473,59.07873538,59.26095483,0,1
40.46000000,59.39335747,58.68199884,58.97362254,59.33076486,0,1
40.47000000,59.39510728,58.71629027,59.02199734,59.31242563,0,1
40.48000000,59.29231744,58.66612177,59.08157367,59.24558685,0,1
40.49000000,59.35467838,58.74143180,59.07285813,59.24349136,0,1
40.50000000,59.28303506,58.65938155,59.08020358,59.26907905,0,1
40.51000000,59.40380599,58.69182066,59.04671751,59.18863169,0,1
40.52000000,59.35577372,58.64455983,59.01495648,59.19803054,0,1
40.53000000,59.31972557,58.74544272,59.04914151,59.27241582,0,1
40.54000000,59.34782102,58.74769911,59.07757781,59.22557386,0,1
40.55000000,59.33057752,58.70417070,59.08533340,59.23144047,0,1
40.56000000,59.34158973,58.74006600,59.05179288,59.31673110,0,1
40.57000000,59.37878736,58.69057724,59.05783775,59.33933762,0,1
40.58000000,59.29561026,58.70474420,59.06275652,59.27881961,0,1
40.59000000,59.30080927,58.68928922,59.00036968,59.28721731,0,1
40.60000000,59.29338108,58.69689774,58.98098429,59.23956312,0,1
40.61000000,59.38282608,58.70059704,59.01497443,59.20463197,0,1
40.62000000,59.36846283,58.68719782,59.02079717,59.12754940,0,1
40.63000000,59.37457559,58.69184336,59.08968239,59.15251221,0,1
40.64000000,59.30736682,58.72593322,59.06935914,59.30361776,0,1
40.65000000,59.39236583,58.69795028,59.05721929,59.25434521,0,1
40.66000000,59.30851798,58.71982567,59.03716105,59.25791113,0,1
40.67000000,59.38045308,58.70125189,59.01873094,59.26544467,0,1
40.68000000,59.32353103,58.66820756,58.95509268,59.21984348,0,1
40.69000000,59.31731356,58.66811258,59.03822107,59.23125592,0,1
40.70000000,59.32353497,58.66411487,59.01996555,59.16227594,0,1
40.71000000,59.36451831,58.66954609,59.03562124,59.24374605,0,1
40.72000000,59.49922690,58.70947928,59.02257596,59.14915142,0,1
40.73000000,59.31105960,58.72269460,59.02360544,59.06556769,0,1
40.74000000,59.26529100,58.69684081,59.07503237,59.24983818,0,1
40.75000000,59.23858035,58.65175773,59.00916473,59.21614504,0,1
40.76000000,59.45710726,58.72290168,58.98622490,59.18011126,0,1
40.77000000,59.39357720,58.65595555,58.96130410,59.30196011,0,1
40.78000000,59.36508704,58.62836364,58.97045675,59.26059162,0,1
40.79000000,59.29608892,58.66201029,58.96044639,59.13793876,0,1
40.80000000,59.27301455,58.71454537,59.00434805,59.21797784,0,1
40.81000000,59.39405554,58.75396569,58.98295384,59.21036330,0,1
40.82000000,59.33157147,58.65756818,58.95628613,59.21123212,0,1
40.83000000,59.30234939,58.64898053,58.96151688,59.21177654,0,1
40.84000000,59.36750102,58.67214335,58.96253558,59.14035117,0,1
40.85000000,59.34029109,58.73064384,58.95501706,59.13265470,0,1
40.86000000,59.42321842,58.69395280,58.94401359,59.17417339,0,1
40.87000000,59.36098187,58.68256736,59.04390157,59.14475865,0,1
40.88000000,59.36781503,58.68214385,59.03376807,59.20234187,0,1
40.89000000,59.37424250,58.72687266,59.08600392,59.27132221,0,1
40.90000000,59.37727092,58.71232564,59.00201144,59.22353725,0,1
40.91000000,59.30822890,58.72722092,59.02061012,59.32983108,0,1
40.92000000,59.35024396,58.68239050,59.02985455,59.20622730,0,1
40.93000000,59.36582152,58.70739518,59.04017217,59.13015111,0,1
40.94000000,59.41258257,58.68526103,59.05490741,59.21911896,0,1
40.95000000,59.35491451,58.61782220,58.98893072,59.12002089,0,1
40.96000000,59.26084835,58.60848284,59.08529745,59.14019662,0,1
40.97000000,59.28161542,58.67406595,59.01243367,59.22724579,0,1
40.98000000,59.36817614,58.73346405,59.05977309,59.15049239,0,1
40.99000000,59.43772322,58.73764485,58.93995387,59.19713846,0,1
41.00000000,59.35232162,58.68563233,58.90023504,59.21533575,0,1
41.01000000,59.30703710,58.65364453,58.89735472,59.15616671,0,1
41.02000000,59.26348152,58.68056480,58.96923735,59.21040764,0,1
41.03000000,59.36102880,58.69017713,58.97141680,59.15610301,0,1
41.04000000,59.35387880,58.66183898,58.99138869,59.06357762,0,1
41.05000000,59.32407228,58.66506810,58.95603913,59.01309006,0,1
41.06000000,59.29733738,58.64268810,58.98013127,59.06256058,0,1
41.07000000,59.24096085,58.65153673,58.97584029,59.19775024,0,1
41.08000000,59.30960890,58.67721555,58.98079230,59.24220428,0,1
41.09000000,59.29565987,58.63073386,59.05658153,59.24799994,0,1
41.10000000,59.28074155,58.65418010,59.05048157,59.22435694,0,1
41.11000000,59.27928875,58.64194701,59.04079216,59.26362697,0,1
41.12000000,59.23627572,58.64291718,59.00577698,59.22087149,0,1
41.13000000,59.33772162,58.63786077,59.00790495,59.19346095,0,1
41.14000000,59.24007155,58.62279389,58.98589570,59.25314504,0,1
41.15000000,59.21527286,58.61489728,59.01006003,59.21039337,0,1
41.16000000,59.22059780,58.64047469,59.02680104,59.12632833,0,1
41.17000000,59.33243964,58.67989400,58.98281675,59.13917865,0,1
41.18000000,59.33131559,58.66169626,58.91437002,59.16085580,0,1
41.19000000,59.36961527,58.62240086,58.98831080,59.13825688,0,1
41.20000000,59.28513715,58.58973342,59.06169570,59.26583037,0,1
41.21000000,59.29836284,58.64911725,59.07591638,59.23529112,0,1
41.22000000,59.29366456,58.73593126,58.98957311,59.17795119,0,1
41.23000000,59.36581730,58.68283591,59.01631548,59.22856504,0,1
41.24000000,59.31237910,58.64993737,58.97784478,59.20655399,0,1
41.25000000,59.32477262,58.63721537,58.99828825,59.16131575,0,1
41.26000000,59.28048851,58.62000642,58.96880773,59.20050478,0,1
41.27000000,59.34355991,58.61561719,59.02211614,59.14838025,0,1
41.28000000,59.29858258,58.59787219,59.04389831,59.08723872,0,1
41.29000000,59.32916408,58.59555735,59.01736318,59.12364708,0,1
41.30000000,59.33616583,58.61637012,59.06489058,59.14357863,0,1
41.31000000,59.38305253,58.69042942,58.99019215,59.15765599,0,1
41.32000000,59.36614013,58.68141682,58.87123723,59.23403467,0,1
41.33000000,59.35990642,58.66868511,58.89811686,59.23826838,0,1
41.34000000,59.30817529,58.63345561,58.96538175,59.14890257,0,1
41.35000000,59.34501456,58.64463455,59.01765600,59.11770503,0,1
41.36000000,59.32384357,58.65606095,58.98590292,59.12316831,0,1
41.37000000,59.34781508,58.59107554,58.96147595,59.06829978,0,1
41.38000000,59.34188017,58.58516959,58.92776305,59.05555379,0,1
41.39000000,59.30022272,58.63516117,58.98463709,59.11660740,0,1
41.40000000,59.20989470,58.74194735,59.04178574,59.14976589,0,1
41.41000000,59.28747122,58.71225273,59.05244074,59.19133099,0,1
41.42000000,59.26521069,58.60153396,58.97344049,59.21251644,0,1
41.43000000,59.37995279,58.61175095,58.94012676,59.25663449,0,1
41.44000000,59.35113904,58.57130320,58.92960209,59.24669332,0,1
41.45000000,59.28529288,58.58074648,58.96770156,59.22412319,0,1
41.46000000,59.20281455,58.64123462,58.96672535,59.13275077,0,1
41.47000000,59.32118316,58.71563923,58.93458252,59.12987359,0,1
41.48000000,59.36729374,58.66903667,58.91469110,59.05798710,0,1
41.49000000,59.35065028,58.60999619,58.96143138,59.06382141,0,1
41.50000000,59.23896493,58.61172200,58.96086736,59.16837319,0,1
41.51000000,59.25869898,58.65391473,59.00532426,59.16054919,0,1
41.52000000,59.25258466,58.65506125,59.02356347,59.11452789,0,1
41.53000000,59.29250504,58.64414456,59.06524426,59.22123987,0,1
41.54000000,59.33084010,58.63298716,58.99289611,59.16483179,0,1
41.55000000,59.30120493,58.62390745,58.98768183,59.11793882,0,1
41.56000000,59.25384779,58.64493074,59.02669621,59.21380911,0,1
41.57000000,59.30351781,58.68586073,59.01294902,59.22480562,0,1
41.58000000,59.33511551,58.65512993,58.97950081,59.23078000,0,1
41.59000000,59.37311078,58.62226319,58.95182672,59.15563145,0,1
41.60000000,59.27684913,58.62444435,58.97916661,59.15022366,0,1
41.61000000,59.24808083,58.64065669,58.99561757,59.19857075,0,1
41.62000000,59.27294111,58.67628639,58.94601878,59.17449547,0,1
41.63000000,59.32882064,58.67559101,58.94818171,59.14897975,0,1
41.64000000,59.32907827,58.67686381,59.00493937,59.20202865,0,1
41.65000000,59.33496129,58.70089782,59.01665882,59.17435294,0,1
41.66000000,59.31123251,58.66764765,58.96552220,59.17132116,0,1
41.67000000,59.33227280,58.72760213,58.95115981,59.18855414,0,1
41.68000000,59.33188974,58.77385525,58.96954253,59.15681518,0,1
41.69000000,59.33159615,58.67770370,58.98353112,59.14397547,0,1
41.70000000,59.32214494,58.60342722,58.97793841,59.12717157,0,1
41.71000000,59.36765764,58.58588626,59.00671908,59.10179034,0,1
41.72000000,59.34515936,58.62835584,59.00347012,59.23352708,0,1
41.73000000,59.32882176,58.70977541,58.92175725,59.18119814,0,1
41.74000000,59.28008902,58.71856273,58.97576897,59.21930184,0,1
41.75000000,59.26591816,58.67603911,58.98354731,59.30778113,0,1
41.76000000,59.33878710,58.67306556,59.06575001,59.18797715,0,1
41.77000000,59.32613892,58.58716442,58.98268963,59.17326480,0,1
41.78000000,59.35516580,58.46415597,58.99282912,59.16893935,0,1
41.79000000,59.33731602,58.49841298,58.93481307,59.07831437,0,1
41.80000000,59.26231021,58.62817234,58.92367933,59.01794551,0,1
41.81000000,59.31553096,58.73515257,58.94799726,58.96533891,0,1
41.82000000,59.33752632,58.73361395,58.95598475,59.05347411,0,1
41.83000000,59.33668606,58.68624780,58.94853001,59.15010287,0,1
41.84000000,59.37029113,58.55307136,58.95995922,59.11071778,0,1
41.85000000,59.26412950,58.53670701,59.00930258,59.14736288,0,1
41.86000000,59.28401806,58.59136835,59.00471062,59.22655030,0,1
41.87000000,59.26840559,58.65307969,58.97340703,59.11397705,0,1
41.88000000,59.26971524,58.66120449,59.02256127,59.08215847,0,1
41.89000000,59.18431886,58.57313855,59.05332505,59.17310099,0,1
41.90000000,59.24904591,58.57251757,59.03472099,59.21743628,0,1
41.91000000,59.26997243,58.59043202,58.97586291,59.27759966,0,1
41.92000000,59.32854452,58.60631322,58.91778019,59.25733164,0,1
41.93000000,59.18245240,58.58624755,58.91979765,59.13698425,0,1
41.94000000,59.17740630,58.52624127,58.99377808,59.22492553,0,1
41.95000000,59.20280081,58.65809454,58.94739169,59.18073966,0,1
41.96000000,59.27592242,58.67065077,58.99057448,59.14909438,0,1
41.97000000,59.32314396,58.68404168,58.84126041,59.24425672,0,1
41.98000000,59.25550177,58.57934906,58.82893822,59.19938689,0,1
41.99000000,59.19346216,58.56115605,58.90254820,59.20278711,0,1
42.00000000,59.22066685,58.64066278,58.99338057,59.14337645,0,1
42.01000000,59.22327127,58.69310884,59.00585644,59.11660302,0,1
42.02000000,59.31543911,58.60328271,58.97949608,59.13937968,0,1
42.03000000,59.29370117,58.57965082,58.95336283,59.09862128,0,1
42.04000000,59.33749539,58.58679858,59.00381330,59.11350443,0,1
42.05000000,59.22966851,58.66673146,59.09598640,59.20816134,0,1
42.06000000,59.25190416,58.65392531,59.04512846,59.22925908,0,1
42.07000000,59.20348468,58.63112426,59.02502153,59.22508613,0,1
42.08000000,59.31049639,58.61714399,59.04347466,59.27091799,0,1
42.09000000,59.28327249,58.68917795,58.99464518,59.23222300,0,1
42.10000000,59.28420675,58.65276100,58.99165315,59.20081575,0,1
42.11000000,59.27538761,58.66703360,58.94531940,59.19121019,0,1
42.12000000,59.32582997,58.64987785,58.90317106,59.08781806,0,1
42.13000000,59.40024941,58.65786555,58.93836318,59.05280939,0,1
42.14000000,59.26677950,58.64680448,59.00315320,59.05809845,0,1
42.15000000,59.21597756,58.68565548,58.90497316,59.12791414,0,1
42.16000000,59.24948625,58.68509809,58.85332072,59.14567380,0,1
42.17000000,59.35707194,58.70628560,58.81320696,59.09430238,0,1
42.18000000,59.37915154,58.65287687,58.85691051,59.20653436,0,1
42.19000000,59.37148937,58.63540184,58.90246564,59.22172923,0,1
42.20000000,59.24759684,58.67966501,58.88935234,59.06812147,0,1
42.21000000,59.24624779,58.65554504,59.02468622,59.16757778,0,1
42.22000000,59.25689515,58.64460373,58.97805837,59.16618045,0,1
42.23000000,59.21833950,58.59368657,58.85035250,59.06772287,0,1
42.24000000,59.24203118,58.57475524,58.86358035,59.13981258,0,1
42.25000000,59.23793230,58.62537842,58.90602553,59.10251315,0,1
42.26000000,59.23112800,58.61407015,58.99655391,59.11190933,0,1
42.27000000,59.25350999,58.58705312,58.95058909,59.12505275,0,1
42.28000000,59.22148161,58.58458473,58.91995008,59.05423102,0,1
42.29000000,59.18621744,58.62523825,58.98706905,59.13181179,0,1
42.30000000,59.26956513,58.62154883,58.92801000,59.20195138,0,1
42.31000000,59.22136558,58.66415975,58.88540276,59.14444493,0,1
42.32000000,59.29198475,58.62987618,58.88726107,59.20844407,0,1
42.33000000,59.22840302,58.59511309,58.93510486,59.15838961,0,1
42.34000000,59.21898201,58.54641390,58.94470287,59.12307846,0,1
42.35000000,59.25332357,58.50546596,58.92243244,59.11807151,0,1
42.36000000,59.29158607,58.54539052,58.98490214,59.00797563,0,1
42.37000000,59.22891817,58.58969782,58.99481200,59.14197444,0,1
42.38000000,59.26426244,58.65344068,59.02588428,59.20817864,0,1
42.39000000,59.18881435,58.65986889,58.95934982,59.13660414,0,1
42.40000000,59.23261629,58.66047208,59.00801716,59.34637556,0,1
42.41000000,59.30239939,58.61381578,58.93693725,59.27193484,0,1
42.42000000,59.28719525,58.56480301,58.97835135,59.17582899,0,1
42.43000000,59.22974534,58.53149539,58.99183138,59.22799768,0,1
42.44000000,59.29986132,58.60059379,58.96956036,59.13793362,0,1
42.45000000,59.24816283,58.67106852,58.90822807,59.04780326,0,1
42.46000000,59.35370814,58.67209016,58.88542642,59.13790959,0,1
42.47000000,59.29434148,58.60941874,58.90532791,59.16009399,0,1
42.48000000,59.31880044,58.64834579,58.92818630,59.16993272,0,1
42.49000000,59.36208851,58.63125164,58.93562631,59.17765644,0,1
42.50000000,59.30948471,58.63312416,58.90634913,59.15723788,0,1
42.51000000,59.16712092,58.52787530,58.86335953,59.16548332,0,1
42.52000000,59.29541967,58.60891545,58.88147731,59.14334224,0,1
42.53000000,59.17466507,58.61685593,58.92577851,59.11215114,0,1
42.54000000,59.34324905,58.61390084,58.98748744,59.11278664,0,1
42.55000000,59.22751797,58.58889616,58.96911057,59.06998097,0,1
42.56000000,59.30649999,58.65888762,58.88875701,59.09187266,0,1
42.57000000,59.27641788,58.53339107,58.90006026,59.03434257,0,1
42.58000000,59.29551423,58.57693412,58.91525457,59.08142415,0,1
42.59000000,59.23490118,58.57583020,58.99559699,59.15380107,0,1
42.60000000,59.23137155,58.61767888,58.92407317,59.08755487,0,1
42.61000000,59.20316007,58.60581527,58.95498123,59.07061806,0,1
42.62000000,59.28819087,58.58970276,58.92693259,59.21616089,0,1
42.63000000,59.24760273,58.63145966,58.85451328,59.15477183,0,1
42.64000000,59.29017587,58.59910733,58.90392663,59.16448472,0,1
42.65000000,59.22336255,58.56068084,58.98384937,59.19724001,0,1
42.66000000,59.24919918,58.52358492,59.05518973,59.10803239,0,1
42.67000000,59.24663979,58.57294043,59.06052277,59.11206009,0,1
42.68000000,59.34712106,58.56991540,58.89768341,59.08914371,0,1
42.69000000,59.19644676,58.59119361,58.95255739,59.06977405,0,1
42.70000000,59.24701334,58.59995308,58.92694280,59.16400638,0,1
42.71000000,59.17846207,58.51886721,58.96026939,59.17734119,0,1
42.72000000,59.22798886,58.59681297,58.92857788,59.15055616,0,1
42.73000000,59.28332505,58.55972446,58.95759700,59.25815247,0,1
42.74000000,59.22734741,58.66730787,58.91432501,59.20926348,0,1
42.75000000,59.20060233,58.55547543,58.94323610,59.12229189,0,1
42.76000000,59.18900912,58.57129880,58.97555603,59.14227635,0,1
42.77000000,59.23946321,58.56555411,58.88720948,59.06989615,0,1
42.78000000,59.27686875,58.63362377,58.89128668,59.11478034,0,1
42.79000000,59.30757212,58.62624434,58.85801327,59.00637472,0,1
42.80000000,59.22893601,58.63274977,58.82548392,59.10851538,0,1
42.81000000,59.25127314,58.63397640,58.97585947,59.18598394,0,1
42.82000000,59.23212314,58.58528478,58.90741956,59.13878145,0,1
42.83000000,59.20236394,58.57532063,58.91991623,59.14026377,0,1
42.84000000,59.24341222,58.61026055,58.95359942,59.24239996,0,1
42.85000000,59.28113039,58.63065949,58.92175951,59.17886937,0,1
42.86000000,59.24782585,58.63525259,58.96846909,59.07431123,0,1
42.87000000,59.24792336,58.63408406,59.00954122,59.11513329,0,1
42.88000000,59.18950388,58.67647160,58.92813124,59.11440865,0,1
42.89000000,59.23235566,58.52478330,58.89753772,59.08249844,0,1
42.90000000,59.21899266,58.55883432,58.90325503,59.07955854,0,1
42.91000000,59.21683239,58.53068459,58.89152915,59.14214122,0,1
42.92000000,59.23671736,58.64974573,58.92710273,59.11566681,0,1
42.93000000,59.20913669,58.72729100,58.87649032,59.04070027,0,1
42.94000000,59.28733955,58.63873399,58.89628888,59.12930961,0,1
42.95000000,59.28622522,58.64051140,58.87221141,59.15757498,0,1
42.96000000,59.33951209,58.62899716,58.84115259,59.18869469,0,1
42.97000000,59.24165565,58.64827254,58.99599547,59.19661928,0,1
42.98000000,59.28687229,58.62395913,58.91106161,59.11616576,0,1
42.99000000,59.22859661,58.65804284,58.95474681,59.13377455,0,1
43.00000000,59.31011461,58.61563553,58.87570476,59.05530601,0,1
43.01000000,59.34493163,58.68261857,58.91778606,59.01306476,0,1
43.02000000,59.24601473,58.61430966,58.99483433,59.22425799,0,1
43.03000000,59.32336712,58.73308185,58.96501326,59.20290327,0,1
43.04000000,59.21329471,58.65255819,58.99818985,59.06668218,0,1
43.05000000,59.35484129,58.67437580,58.95844201,59.27611965,0,1
43.06000000,59.29527410,58.58817940,59.00656201,59.24640053,0,1
43.07000000,59.28953962,58.67896166,58.89957241,59.09737905,0,1
43.08000000,59.26944393,58.64264235,58.93481132,59.28890960,0,1
43.09000000,59.30455884,58.69557151,58.88839011,59.11353222,0,1
43.10000000,59.27320584,58.65923601,58.85279613,59.01771018,0,1
43.11000000,59.29966674,58.53878723,58.82464609,59.00598679,0,1
43.12000000,59.20589987,58.63748088,58.84597909,59.01341665,0,1
43.13000000,59.17083883,58.68666376,58.88983435,59.14963017,0,1
43.14000000,59.24989522,58.67728787,58.86002314,59.14023765,0,1
43.15000000,59.19572950,58.58663925,58.83001963,59.02883424,0,1
43.16000000,59.22383600,58.56141880,58.87943125,59.25584319,0,1
43.17000000,59.26679569,58.60005677,58.86158905,59.06540440,0,1
43.18000000,59.15466675,58.64954267,58.91836997,59.09961304,0,1
43.19000000,59.22525199,58.64122425,58.88045929,59.24041385,0,1
43.20000000,59.13077748,58.59019981,58.99757594,59.10816196,0,1
43.21000000,59.21917220,58.58204391,58.89492527,59.10738403,0,1
43.22000000,59.25284773,58.55159178,59.00185359,59.14689744,0,1
43.23000000,59.05679118,58.56395308,58.92616741,59.14484458,0,1
43.24000000,59.10797794,58.57576776,58.99240977,59.21305278,0,1
43.25000000,59.16332954,58.60640393,58.99777822,59.14760022,0,1
43.26000000,59.21101611,58.66949016,58.95815977,59.12784754,0,1
43.27000000,59.29062711,58.61631596,58.97582318,59.30928246,0,1
43.28000000,59.21818834,58.58534855,58.92918104,59.19378092,0,1
43.29000000,59.21289216,58.56556634,58.93375724,59.12052142,0,1
43.30000000,59.15954202,58.56401931,58.92098118,59.28629985,0,1
43.31000000,59.15059635,58.57500759,58.96484482,59.21311231,0,1
43.32000000,59.24190111,58.64368968,58.90079549,59.08738252,0,1
43.33000000,59.19684179,58.55453892,58.87048305,59.01360990,0,1
43.34000000,59.21553935,58.56352016,58.87507712,59.17875967,0,1
43.35000000,59.22814185,58.58505067,58.94289867,59.13327045,0,1
43.36000000,59.21789142,58.57307222,58.96733389,59.15091710,0,1
43.37000000,59.16778387,58.58610472,58.96743549,59.31748472,0,1
43.38000000,59.25066047,58.61125740,58.98318458,59.22719831,0,1
43.39000000,59.18772884,58.62828454,58.99261042,59.12797023,0,1
43.40000000,59.31382071,58.60143129,58.82327148,59.23802042,0,1
43.41000000,59.16120347,58.55675040,58.87627288,59.14215305,0,1
43.42000000,59.18034104,58.55244767,58.85432014,59.00512358,0,1
43.43000000,59.23196213,58.55569017,58.85668060,59.08272074,0,1
43.44000000,59.31058657,58.57770268,58.87038109,59.00446177,0,1
43.45000000,59.12960780,58.52239676,58.87272923,59.11803652,0,1
43.46000000,59.21413174,58.56335766,58.92559676,59.11206539,0,1
43.47000000,59.18500806,58.59327921,58.87848808,59.09083087,0,1
43.48000000,59.23505965,58.60905490,58.88112124,59.15341128,0,1
43.49000000,59.32467410,58.53418933,58.93080750,59.09076807,0,1
43.50000000,59.22625045,58.58623631,58.86182183,59.13610843,0,1
43.51000000,59.20280127,58.56048659,58.90816156,59.11501741,0,1
43.52000000,59.28848285,58.65622151,58.96314636,59.07344855,0,1
43.53000000,59.26873868,58.60257409,58.91408111,59.17731872,0,1
43.54000000,59.24716251,58.51951231,58.86178640,59.08298190,0,1
43.55000000,59.22353637,58.51576061,58.92381412,58.99195591,0,1
43.56000000,59.18316155,58.49706595,58.94554217,59.16972068,0,1
43.57000000,59.27449141,58.68300976,59.01656454,59.08041232,0,1
43.58000000,59.18214121,58.58570588,58.87552023,59.03999908,0,1
43.59000000,59.20933900,58.61823052,58.89047402,59.16772259,0,1
43.60000000,59.33460992,58.58381441,58.96343519,59.10993803,0,1
43.61000000,59.26189081,58.64633096,58.90108249,59.18191928,0,1
43.62000000,59.32067562,58.61485700,58.88937026,59.19851243,0,1
43.63000000,59.19923508,58.59929607,58.83698839,59.10581462,0,1
43.64000000,59.22838788,58.57748122,58.86741613,59.03256343,0,1
43.65000000,59.34982495,58.66411918,58.78758332,59.02323876,0,1
43.66000000,59.28013189,58.64250166,58.81719106,58.89452062,0,1
43.67000000,59.25789523,58.58070382,58.87122566,59.11323587,0,1
43.68000000,59.28134172,58.62893110,58.90755768,59.10665542,0,1
43.69000000,59.20031027,58.63311023,59.02910900,59.05711209,0,1
43.70000000,59.38503154,58.67925309,58.97277665,59.24304485,0,1
43.71000000,59.31803083,58.69043791,58.98824642,59.13097069,0,1
43.72000000,59.28189862,58.48559491,58.94849901,59.09533972,0,1
43.73000000,59.20552654,58.62767897,59.01326349,59.10841018,0,1
43.74000000,59.25290245,58.62857323,59.02334425,59.13333728,0,1
43.75000000,59.31350070,58.74553346,58.97795761,59.11733886,0,1
43.76000000,59.35268841,58.68537312,58.91219676,59.00260131,0,1
43.77000000,59.31068553,58.48539058,58.95743581,59.07309624,0,1
43.78000000,59.29276085,58.60346441,58.92044510,59.15361438,0,1
43.79000000,59.27006891,58.65799550,58.97413768,59.10180649,0,1
43.80000000,59.28053911,58.69292305,58.93660529,59.13892141,0,1
43.81000000,59.29147283,58.65790860,58.92762112,59.15098762,0,1
43.82000000,59.29608430,58.57589905,58.93620686,59.07068159,0,1
43.83000000,59.27332313,58.59893316,58.91830013,59.09219367,0,1
43.84000000,59.27688671,58.61977848,58.93617799,59.15028511,0,1
43.85000000,59.30011692,58.64275374,58.94822535,59.12348250,0,1
43.86000000,59.21503743,58.57236103,58.83382553,59.13266303,0,1
43.87000000,59.29901447,58.58004336,59.00479780,58.95249404,0,1
43.88000000,59.20084676,58.59571198,58.97246295,59.20379108,0,1
43.89000000,59.24651358,58.56491872,59.02342543,59.14345534,0,1
43.90000000,59.24763521,58.60511025,58.94076338,59.04123160,0,1
43.91000000,59.23935614,58.55642315,58.93737440,59.21141815,0,1
43.92000000,59.33724814,58.59734286,58.99492915,59.18467643,0,1
43.93000000,59.26744475,58.59414710,59.02950341,59.17395725,0,1
43.94000000,59.19711750,58.65228750,58.93793321,59.20869562,0,1
43.95000000,59.22908089,58.56567497,59.01647864,59.19758725,0,1
43.96000000,59.24908230,58.59048330,58.97888203,59.19642042,0,1
43.97000000,59.33130900,58.59476863,59.02165365,59.13749405,0,1
43.98000000,59.31875660,58.62704085,58.96764001,59.03126744,0,1
43.99000000,59.22971501,58.61996890,59.00543483,59.14401132,0,1
44.00000000,59.30991818,58.61455933,58.98724421,59.19001390,0,1
44.01000000,59.23407100,58.62583809,58.97156098,59.15748579,0,1
44.02000000,59.24068416,58.62879588,59.06361357,59.27029405,0,1
44.03000000,59.30625664,58.61180020,59.00771043,59.28462203,0,1
44.04000000,59.33061585,58.59356873,59.00875269,59.14281822,0,1
44.05000000,59.36010358,58.63205736,58.99058350,59.15356239,0,1
44.06000000,59.29849281,58.68973182,58.96303848,59.20433791,0,1
44.07000000,59.19969328,58.65582936,58.95920457,59.09195283,0,1
44.08000000,59.33046846,58.64597202,58.97469715,59.11658396,0,1
44.09000000,59.30255553,58.59622093,58.96703079,59.15466864,0,1
44.10000000,59.29378073,58.60753916,58.87686134,59.06192473,0,1
44.11000000,59.33587140,58.57472984,58.93522228,59.15193363,0,1
44.12000000,59.28652031,58.65399426,58.86556053,59.12338203,0,1
44.13000000,59.28833931,58.66644897,58.91753169,59.10187326,0,1
44.14000000,59.31497903,58.70819466,58.93311002,59.16108233,0,1
44.15000000,59.30294844,58.60121638,59.01346090,59.11545074,0,1
44.16000000,59.32072207,58.62639418,58.94875491,59.16595424,0,1
44.17000000,59.25700794,58.64910683,59.05815826,59.18791130,0,1
44.18000000,59.28715597,58.62104082,58.91161963,59.13726794,0,1
44.19000000,59.27106379,58.61093201,58.92668087,59.07536577,0,1
44.20000000,59.26640885,58.58631451,58.95911937,59.06050455,0,1
44.21000000,59.24501964,58.65457179,59.02563882,59.12081426,0,1
44.22000000,59.42987470,58.69132334,59.05376399,59.13593982,0,1
44.23000000,59.15251545,58.64143096,58.96818290,59.10811525,0,1
44.24000000,59.26898933,58.64174494,58.92768090,59.25914397,0,1
44.25000000,59.27157981,58.62278567,58.93201382,59.26031616,0,1
44.26000000,59.27379125,58.74531032,58.88812987,59.19355557,0,1
44.27000000,59.32979876,58.66161976,58.91735931,59.29067364,0,1
44.28000000,59.23644609,58.61523905,58.96257340,59.20917618,0,1
44.29000000,59.25963911,58.60472889,58.91109478,59.10495814,0,1
44.30000000,59.31778511,58.76633627,58.88996756,59.11057278,0,1
44.31000000,59.21300018,58.74603211,58.94432766,59.07982071,0,1
44.32000000,59.21528954,58.63776136,58.94735854,59.23911597,0,1
44.33000000,59.16001713,58.54294976,59.00837836,59.23353126,0,1
44.34000000,59.24491903,58.61023058,58.92471367,59.20814729,0,1
44.35000000,59.31257494,58.71619437,58.96636751,59.30045799,0,1
44.36000000,59.25629545,58.69638872,58.96112146,59.22081496,0,1
44.37000000,59.19069670,58.69089108,58.93850741,59.08266248,0,1
44.38000000,59.21049907,58.65363235,59.02161523,59.19300576,0,1
44.39000000,59.30026810,58.67060531,59.07978725,59.21321383,0,1
44.40000000,59.32966623,58.67357818,58.85961394,59.18953211,0,1
44.41000000,59.21437800,58.63876481,58.83592545,59.22404641,0,1
44.42000000,59.15272120,58.58646381,58.82277199,59.14175303,0,1
44.43000000,59.20667360,58.60263845,58.97297986,59.15179580,0,1
44.44000000,59.27072270,58.68067724,58.93633296,59.22439829,0,1
44.45000000,59.27531476,58.70804014,58.95366779,59.23317382,0,1
44.46000000,59.28068873,58.68714656,58.94551663,59.14607633,0,1
44.47000000,59.26790871,58.61434873,58.97556333,59.19981924,0,1
44.48000000,59.21631439,58.55783712,58.92237575,59.26260776,0,1
44.49000000,59.27558081,58.63248911,58.99020181,59.23105415,0,1
44.50000000,59.24994407,58.68280729,58.96055212,59.20218871,0,1
44.51000000,59.35936289,58.72393558,58.95073869,59.20543585,0,1
44.52000000,59.28787581,58.64843795,58.88089542,59.11264095,0,1
44.53000000,59.31393858,58.60528375,58.90120005,59.08509283,0,1
44.54000000,59.22259839,58.60080742,59.02604736,59.18078092,0,1
44.55000000,59.29757692,58.69323650,59.01375619,59.21295107,0,1
44.56000000,59.25022728,58.72000918,58.99144285,59.26287268,0,1
44.57000000,59.27555404,58.69673383,59.02014035,59.29646209,0,1
44.58000000,59.25272551,58.63683301,58.93516447,59.21870786,0,1
44.59000000,59.27282121,58.63278778,58.87138594,59.22690124,0,1
44.60000000,59.25351479,58.68117579,58.89223294,59.18387848,0,1
44.61000000,59.27544701,58.69766343,58.93740084,59.15408432,0,1
44.62000000,59.27597035,58.70027193,58.88722432,59.16130360,0,1
44.63000000,59.30986078,58.64152461,58.93007947,59.00354012,0,1
44.64000000,59.20327900,58.66815907,58.87400888,59.19742551,0,1
44.65000000,59.28891219,58.64023766,58.86770228,59.26252381,0,1
44.66000000,59.16206206,58.63600328,58.90039375,59.15953043,0,1
44.67000000,59.24721899,58.58457075,58.92356457,59.26008973,0,1
44.68000000,59.23519636,58.59875016,59.00682492,59.23087432,0,1
44.69000000,59.32742598,58.72672803,58.94858610,59.11514543,0,1
44.70000000,59.27931892,58.68107285,58.95197767,59.23125252,0,1
44.71000000,59.23274877,58.66952505,58.95450894,59.19309105,0,1
44.72000000,59.23866692,58.55993741,59.00814440,59.19622862,0,1
44.73000000,59.24084402,58.57738195,59.03156035,59.22318980,0,1
44.74000000,59.29702407,58.59559187,59.00117221,59.15130726,0,1
44.75000000,59.26608757,58.63070507,58.99580051,59.16680454,0,1
44.76000000,59.26146309,58.60506037,58.93948058,59.16081915,0,1
44.77000000,59.23474791,58.64418281,59.00174689,59.14607677,0,1
44.78000000,59.24301032,58.67355144,58.99073448,59.22805568,0,1
44.79000000,59.28920400,58.67827435,59.01348627,59.25660881,0,1
44.80000000,59.30980394,58.62650813,59.01273581,59.30519199,0,1
44.81000000,59.24430139,58.59423524,58.91964732,59.23942259,0,1
44.82000000,59.26634347,58.55060927,58.96971416,59.16781146,0,1
44.83000000,59.31466187,58.57961161,58.97753450,59.17533711,0,1
44.84000000,59.39775838,58.61650007,58.92508485,59.11209982,0,1
44.85000000,59.35343894,58.64720853,58.94104812,59.04467289,0,1
44.86000000,59.30175964,58.67422168,58.98351129,59.15765426,0,1
44.87000000,59.23956543,58.61035376,59.01719534,59.19635723,0,1
44.88000000,59.24237728,58.60079850,58.96977469,59.22639968,0,1
44.89000000,59.36294891,58.57179241,58.97062728,59.23621997,0,1
44.90000000,59.35470088,58.63484923,58.97186550,59.25826003,0,1
44.91000000,59.32412846,58.57868259,58.98432628,59.23531386,0,1
44.92000000,59.27611430,58.62798161,59.05520646,59.20313515,0,1
44.93000000,59.30776083,58.72281575,59.06248894,59.19111933,0,1
44.94000000,59.36357024,58.71912863,59.06983920,59.19040954,0,1
44.95000000,59.39878290,58.65837960,58.91984786,59.08361555,0,1
44.96000000,59.30394819,58.57144667,58.96408409,59.14041469,0,1
44.97000000,59.27965451,58.60433906,58.99677416,59.18651620,0,1
44.98000000,59.32919249,58.64413957,58.94881459,59.14592735,0,1
44.99000000,59.28326358,58.65456503,58.89589055,59.16769476,0,1
45.00000000,59.39034799,58.68700280,58.92006599,59.19926487,0,1
45.01000000,59.35593156,58.61970272,59.02148762,59.19978727,0,1
45.02000000,59.34947649,58.66177077,59.03042404,59.15777373,0,1
45.03000000,59.33460125,58.68109295,58.99088048,59.18200512,0,1
45.04000000,59.30235412,58.66045522,59.00866720,59.20937049,0,1
45.05000000,59.33473096,58.62299532,59.02143454,59.22777633,0,1
45.06000000,59.35680034,58.57233761,59.04708855,59.12480764,0,1
45.07000000,59.32280297,58.65250227,59.00845548,59.13912991,0,1
45.08000000,59.32613141,58.66904989,59.06635715,59.21461869,0,1
45.09000000,59.31838088,58.69579289,59.01723374,59.12547389,0,1
45.10000000,59.30758691,58.66013446,59.01509733,59.12824701,0,1
45.11000000,59.41076917,58.62254668,59.01350009,59.23687309,0,1
45.12000000,59.37695588,58.63915759,59.02011352,59.23253034,0,1
45.13000000,59.33102409,58.64395607,58.98130627,59.20700878,0,1
45.14000000,59.33838612,58.68273605,58.96386919,59.20945631,0,1
45.15000000,59.36830963,58.62306816,59.02440531,59.20301583,0,1
45.16000000,59.40466536,58.63051020,59.00822717,59.05775618,0,1
45.17000000,59.35726000,58.62429237,59.02205533,59.05721790,0,1
45.18000000,59.28213049,58.67959469,59.02196507,59.15591158,0,1
45.19000000,59.43204221,58.71694825,59.05666284,59.14084960,0,1
45.20000000,59.29359616,58.63640974,59.03932048,59.21570807,0,1
45.21000000,59.31516180,58.61906959,59.04440632,59.26366093,0,1
45.22000000,59.22963833,58.64498218,59.00393998,59.22138865,0,1
45.23000000,59.33612434,58.68067465,59.02384629,59.23638090,0,1
45.24000000,59.42368803,58.69784865,58.99967512,59.19545424,0,1
45.25000000,59.46930287,58.68256162,59.01034560,59.14705493,0,1
45.26000000,59.29833643,58.63347699,59.00763131,59.12621106,0,1
45.27000000,59.27259552,58.63332480,58.99002396,59.14792907,0,1
45.28000000,59.24748273,58.67640255,59.01152224,59.12949709,0,1
45.29000000,59.31234359,58.64697465,58.97275463,59.18031087,0,1
45.30000000,59.38989058,58.61338768,58.98341012,59.20369346,0,1
45.31000000,59.37027999,58.60385286,59.02084362,59.15579949,0,1
45.32000000,59.32558722,58.67023257,59.01386385,59.15273887,0,1
45.33000000,59.31369843,58.70356095,59.04365154,59.19091965,0,1
45.34000000,59.26993680,58.70724193,59.01710703,59.20155756,0,1
45.35000000,59.30673177,58.64522882,59.05340204,59.25077030,0,1
45.36000000,59.29117893,58.61918022,59.15197925,59.23212820,0,1
45.37000000,59.35096378,58.63302869,59.08416954,59.21563749,0,1
45.38000000,59.34493531,58.64700667,58.96848347,59.16317665,0,1
45.39000000,59.30844866,58.67664271,58.97124004,59.13538593,0,1
45.40000000,59.30379099,58.68937478,59.00736536,59.17052921,0,1
45.41000000,59.29334393,58.65357746,59.15925735,59.23947235,0,1
45.42000000,59.35374318,58.72095808,59.16815666,59.18806616,0,1
45.43000000,59.36257270,58.67942012,59.06285498,59.25499290,0,1
45.44000000,59.32830687,58.64695989,58.97582859,59.30322104,0,1
45.45000000,59.28769916,58.63694010,58.96477729,59.23550660,0,1
45.46000000,59.38652017,58.65192000,58.97166730,59.27005677,0,1
45.47000000,59.39296746,58.74296228,59.04185229,59.23885803,0,1
45.48000000,59.42094163,58.75218631,59.06479362,59.10652626,0,1
45.49000000,59.35342203,58.70992319,59.05011839,59.13348907,0,1
45.50000000,59.35532765,58.68925141,59.01999790,59.10780195,0,1
45.51000000,59.32604327,58.65557175,59.04750612,59.18197889,0,1
45.52000000,59.33139536,58.64800610,59.05463983,59.27736430,0,1
45.53000000,59.26809137,58.64747753,59.05872619,59.27759808,0,1
45.54000000,59.35087718,58.71028031,59.06809788,59.24520004,0,1
45.55000000,59.37090986,58.72726362,59.06610019,59.26560077,0,1
45.56000000,59.40114134,58.74319300,59.01902212,59.15809012,0,1
45.57000000,59.35245978,58.67949511,59.02607671,59.23766419,0,1
45.58000000,59.37675126,58.71353730,59.05633509,59.21941757,0,1
45.59000000,59.34076006,58.72491774,59.05300339,59.17500501,0,1
45.60000000,59.36994056,58.73700049,59.01567987,59.21370496,0,1
45.61000000,59.32424406,58.61513733,58.95191030,59.15874010,0,1
45.62000000,59.32535981,58.57632610,58.95723809,59.15610693,0,1
45.63000000,59.30429862,58.62432627,59.02557792,59.19084449,0,1
45.64000000,59.27229779,58.74524928,59.02546142,59.17682748,0,1
45.65000000,59.32121118,58.79434918,59.01097119,59.21035065,0,1
45.66000000,59.31052528,58.69959907,59.06366728,59.20161694,0,1
45.67000000,59.32098258,58.61086092,59.07731518,59.25603067,0,1
45.68000000,59.31575217,58.61556694,59.04178493,59.23790321,0,1
45.69000000,59.28712278,58.65278601,59.00019965,59.22467222,0,1
45.70000000,59.22982753,58.68394457,58.95505189,59.23254141,0,1
45.71000000,59.20381709,58.66607325,58.94473129,59.09049587,0,1
45.72000000,59.19453346,58.68525639,58.94625837,59.03148862,0,1
45.73000000,59.26017432,58.66208219,58.97486476,59.20149277,0,1
45.74000000,59.27037493,58.65532176,59.01437150,59.20870293,0,1
45.75000000,59.27698521,58.63740482,58.99860334,59.27729670,0,1
45.76000000,59.21807295,58.61947605,58.98811414,59.32516463,0,1
45.77000000,59.22005582,58.63902480,59.00047308,59.24171145,0,1
45.78000000,59.18814149,58.66614223,59.05994713,59.27427273,0,1
45.79000000,59.26302155,58.69588142,58.99088787,59.30089413,0,1
45.80000000,59.22092636,58.67849017,58.97333285,59.20806801,0,1
45.81000000,59.27314681,58.66712460,58.93616814,59.24464274,0,1
45.82000000,59.27037391,58.63357591,58.94466922,59.22668557,0,1
45.83000000,59.24683123,58.66136535,59.00887328,59.23107093,0,1
45.84000000,59.22190009,58.68263558,59.04503740,59.26453310,0,1
45.85000000,59.26104654,58.67763737,59.07147814,59.27870937,0,1
45.86000000,59.28167762,58.69260158,59.06020519,59.35353127,0,1
45.87000000,59.32673237,58.71226160,58.98930194,59.33546972,0,1
45.88000000,59.28363789,58.72169767,58.97975784,59.27700146,0,1
45.89000000,59.28449916,58.71732717,58.96242065,59.29122383,0,1
45.90000000,59.29162703,58.72773367,58.96649140,59.26315057,0,1
45.91000000,59.33110983,58.74358463,58.96534766,59.23027097,0,1
45.92000000,59.30482105,58.71089346,58.94656681,59.22348319,0,1
45.93000000,59.27378458,58.69180136,58.90131309,59.18111796,0,1
45.94000000,59.25813531,58.65208038,58.89830600,59.18741232,0,1
45.95000000,59.34260404,58.71648966,58.95233155,59.21250944,0,1
45.96000000,59.30948392,58.75626381,58.96634417,59.22366947,0,1
45.97000000,59.32634269,58.75314955,58.95555238,59.24494083,0,1
45.98000000,59.24391353,58.79271496,58.94623799,59.25408293,0,1
45.99000000,59.25906950,58.67449970,58.97258249,59.33915907,0,1
46.00000000,59.30105379,58.68448181,58.93596064,59.26656877,0,1
46.01000000,59.33039818,58.62565158,58.90560823,59.20132333,0,1
46.02000000,59.31423579,58.74206347,58.93647112,59.20647049,0,1
46.03000000,59.31772625,58.77713058,58.97294241,59.08071759,0,1
46.04000000,59.28074633,58.73344971,58.89380010,59.08594231,0,1
46.05000000,59.28343535,58.69837804,58.92107381,59.17496123,0,1
46.06000000,59.30416713,58.65857592,58.95351060,59.22340127,0,1
46.07000000,59.25650640,58.68237608,58.99148950,59.29539712,0,1
46.08000000,59.27302381,58.68675507,58.91936027,59.34408809,0,1
46.09000000,59.24610454,58.70095862,58.95043252,59.27378003,0,1
46.10000000,59.30864076,58.71975640,58.95672611,59.20583982,0,1
46.11000000,59.30829802,58.73887956,58.99243902,59.23392747,0,1
46.12000000,59.29951898,58.72435224,59.00680657,59.19309352,0,1
46.13000000,59.21239286,58.72452966,58.95689736,59.19074911,0,1
46.14000000,59.30808352,58.68807816,58.94982182,59.21352907,0,1
46.15000000,59.25902009,58.66615660,58.90733617,59.21890925,0,1
46.16000000,59.20699282,58.68270971,58.90192345,59.23048587,0,1
46.17000000,59.23029726,58.65502838,58.95657381,59.29043185,0,1
46.18000000,59.22887850,58.67479308,58.94718248,59.28198416,0,1
46.19000000,59.28756597,58.76063816,58.91910613,59.21723817,0,1
46.20000000,59.28020439,58.69725939,58.90182620,59.22269092,0,1
46.21000000,59.22929093,58.68745626,58.89640177,59.21122519,0,1
46.22000000,59.23417151,58.66904733,58.95141685,59.20069271,0,1
46.23000000,59.22224509,58.69715451,58.95391705,59.24421344,0,1
46.24000000,59.28143703,58.66726617,58.95110114,59.25439897,0,1
46.25000000,59.22912774,58.63039687,58.90020249,59.21809501,0,1
46.26000000,59.18287451,58.61539269,58.89179751,59.16699800,0,1
46.27000000,59.18299987,58.66599051,58.94451565,59.18837315,0,1
46.28000000,59.18746584,58.64611335,59.00435171,59.23355743,0,1
46.29000000,59.26291357,58.67020147,59.00125132,59.20796063,0,1
46.30000000,59.24783212,58.65080804,58.95503571,59.33575144,0,1
46.31000000,59.19529612,58.64386843,58.96681805,59.32106334,0,1
46.32000000,59.18365789,58.64244762,58.99079329,59.27934377,0,1
46.33000000,59.30574988,58.62979898,58.86105420,59.28486208,0,1
46.34000000,59.21314476,58.61579937,58.93327077,59.23611149,0,1
46.35000000,59.29748054,58.64762377,58.90903519,59.10860353,0,1
46.36000000,59.22179408,58.65146211,58.89660941,59.10992277,0,1
46.37000000,59.22613040,58.66392148,58.91521528,59.13366878,0,1
46.38000000,59.19848684,58.65464607,58.94474989,59.22214663,0,1
46.39000000,59.21093556,58.59048968,58.96311929,59.20560276,0,1
46.40000000,59.26068815,58.62326777,58.98186648,59.28175438,0,1
46.41000000,59.31138271,58.65272161,59.00643023,59.30232587,0,1
46.42000000,59.26450355,58.70144568,58.98075898,59.19583119,0,1
46.43000000,59.23883081,58.64017004,58.90257691,59.18698489,0,1
46.44000000,59.18193142,58.57040726,58.89717593,59.24923175,0,1
46.45000000,59.25113454,58.60640908,58.92067755,59.17028520,0,1
46.46000000,59.22274746,58.61717638,58.93509885,59.21053299,0,1
46.47000000,59.23103276,58.64564474,58.87088794,59.15597613,0,1
46.48000000,59.17326372,58.62190688,58.82814988,59.15423507,0,1
46.49000000,59.25741498,58.63151516,58.85204897,59.20869156,0,1
46.50000000,59.18150298,58.61943149,58.93722017,59.17535819,0,1
46.51000000,59.19414181,58.59274768,58.86335046,59.13690082,0,1
46.52000000,59.18987417,58.63470781,58.91101861,59.20492832,0,1
46.53000000,59.21980880,58.64203574,58.96806595,59.14179017,0,1
46.54000000,59.29854490,58.63521571,58.88912725,59.15677800,0,1
46.55000000,59.25593629,58.59701718,58.87473501,59.18181925,0,1
46.56000000,59.26629564,58.61048126,58.87624554,59.16050174,0,1
46.57000000,59.19970769,58.59758590,58.93343092,59.19908600,0,1
46.58000000,59.22608526,58.63935216,58.93738588,59.14696704,0,1
46.59000000,59.22051077,58.57973937,58.92660031,59.06584342,0,1
46.60000000,59.26225522,58.61823388,58.98181364,59.19375789,0,1
46.61000000,59.21371705,58.61414269,58.96057278,59.15157083,0,1
46.62000000,59.28149520,58.61242234,58.94233152,59.19847561,0,1
46.63000000,59.25105188,58.60440391,58.94205903,59.27963466,0,1
46.64000000,59.27679383,58.62413304,58.96263561,59.19229834,0,1
46.65000000,59.24661324,58.61484963,58.97297060,59.13833947,0,1
46.66000000,59.29186634,58.64532393,58.97114200,59.10328614,0,1
46.67000000,59.22768354,58.62440437,58.90821130,59.04036490,0,1
46.68000000,59.31404810,58.61564075,58.89913213,59.04072406,0,1
46.69000000,59.20718352,58.55671570,58.83649415,59.13779813,0,1
46.70000000,59.26612621,58.57976676,58.90405289,59.23432877,0,1
46.71000000,59.21483951,58.57743073,58.99213267,59.19378445,0,1
46.72000000,59.25343672,58.62201301,58.95769038,59.15752665,0,1
46.73000000,59.26950217,58.60516663,58.92028500,59.19387925,0,1
46.74000000,59.30904781,58.64744621,58.87895716,59.12994543,0,1
46.75000000,59.24018478,58.63278416,58.92489669,59.15357786,0,1
46.76000000,59.26234295,58.63770916,58.94765263,59.21031801,0,1
46.77000000,59.19378699,58.62593256,58.95084979,59.12065608,0,1
46.78000000,59.33053780,58.58926075,58.93607891,59.17138406,0,1
46.79000000,59.28999000,58.62747018,58.95050345,59.14451034,0,1
46.80000000,59.30471456,58.60397477,58.88695572,59.03865019,0,1
46.81000000,59.30093794,58.65540886,58.96750736,59.18265954,0,1
46.82000000,59.30493275,58.67606972,58.97041076,59.19496504,0,1
46.83000000,59.23671290,58.68101226,58.99023305,59.11670358,0,1
46.84000000,59.27246752,58.61111699,58.93414175,59.19288497,0,1
46.85000000,59.24712156,58.67546567,58.94706933,59.24679977,0,1
46.86000000,59.28540920,58.61411613,58.93807640,59.17384709,0,1
46.87000000,59.28715262,58.61153168,58.94146429,59.16430170,0,1
46.88000000,59.29942571,58.64608860,58.91354831,59.16035150,0,1
46.89000000,59.26465089,58.63711047,58.90328137,59.14450620,0,1
46.90000000,59.31776249,58.70016897,58.90177453,59.04712966,0,1
46.91000000,59.24235561,58.59562241,58.88960848,59.05481084,0,1
46.92000000,59.32097545,58.64921507,58.90562706,59.14072278,0,1
46.93000000,59.27380644,58.62017278,58.95087613,59.14896840,0,1
46.94000000,59.20927868,58.67025142,58.89104820,59.16084714,0,1
46.95000000,59.26481677,58.63879086,58.93733299,59.23479621,0,1
46.96000000,59.22333876,58.67005450,58.87273112,59.18099859,0,1
46.97000000,59.28746030,58.65906019,58.90465798,59.15061479,0,1
46.98000000,59.26150901,58.64973926,58.91964359,59.13269718,0,1
46.99000000,59.29505397,58.57897570,58.92408925,58.98922860,0,1
47.00000000,59.20986165,58.59286698,58.94977657,59.12175927,0,1
47.01000000,59.23986717,58.68797884,58.88716636,59.12207894,0,1
47.02000000,59.17702281,58.57002162,58.94843321,59.08824124,0,1
47.03000000,59.25202346,58.57369551,58.95099252,59.24468028,0,1
47.04000000,59.21201187,58.56491828,58.97563796,59.20077224,0,1
47.05000000,59.25696146,58.65905910,58.96796485,59.14090524,0,1
47.06000000,59.21597760,58.64384810,58.87367595,59.15974664,0,1
47.07000000,59.23209179,58.64742452,58.88770710,59.20225128,0,1
47.08000000,59.25901681,58.59447063,58.91941267,59.08482977,0,1
47.09000000,59.28047082,58.58874672,58.96138940,59.16512145,0,1
47.10000000,59.18045586,58.62694235,58.94864727,59.18872039,0,1
47.11000000,59.25719465,58.61696786,58.88847400,59.09169337,0,1
47.12000000,59.24385617,58.62345136,58.87645628,59.06466281,0,1
47.13000000,59.25444182,58.55326555,58.82756785,59.10248332,0,1
47.14000000,59.22322012,58.57547078,58.87953855,59.01513944,0,1
47.15000000,59.17984916,58.57899540,58.95916346,59.14661036,0,1
47.16000000,59.21280300,58.62730785,59.00029535,59.23139357,0,1
47.17000000,59.16963328,58.60387386,58.85263864,59.10428345,0,1
47.18000000,59.09624747,58.55170632,58.86402736,59.16053705,0,1
47.19000000,59.19425795,58.55967378,58.88321687,59.23496294,0,1
47.20000000,59.21196052,58.58575764,58.90590808,59.10735549,0,1
47.21000000,59.30251838,58.61018458,58.91113631,59.05831301,0,1
47.22000000,59.22422523,58.58427454,58.87374252,59.08149146,0,1
47.23000000,59.08255448,58.49065800,58.85239251,59.01988904,0,1
47.24000000,59.06611148,58.41674038,58.87899333,59.07708985,0,1
47.25000000,59.15477415,58.53571425,58.92399667,59.21117480,0,1
47.26000000,59.16268875,58.51626530,58.93316597,59.14886472,0,1
47.27000000,59.10512688,58.53994832,58.84634722,59.21173447,0,1
47.28000000,59.22445167,58.47882888,58.88465775,59.20240959,0,1
47.29000000,59.14467309,58.60354874,58.93396388,59.07800924,0,1
47.30000000,59.19407433,58.56810044,58.90447253,59.06289860,0,1
47.31000000,59.08226772,58.60600556,58.91192065,59.13705215,0,1
47.32000000,59.18336610,58.48061556,58.94676001,59.03605013,0,1
47.33000000,59.21653231,58.51260039,58.99267861,59.07806481,0,1
47.34000000,59.23747367,58.49846991,58.86927484,59.10759242,0,1
47.35000000,59.13420347,58.52908746,58.76031126,59.11060014,0,1
47.36000000,59.08951850,58.52644517,58.79565043,59.14658832,0,1
47.37000000,59.02477728,58.53608613,58.88865504,59.12651637,0,1
47.38000000,59.24289942,58.53225408,58.85305417,59.12071353,0,1
47.39000000,59.20536704,58.53169322,58.88300669,59.13461660,0,1
47.40000000,59.22970101,58.53541830,58.82295709,59.18860279,0,1
47.41000000,59.09666198,58.58918296,58.83275914,59.13863917,0,1
47.42000000,59.16986688,58.64372419,58.86099546,59.10373535,0,1
47.43000000,59.21270383,58.58636285,58.92558317,59.12375539,0,1
47.44000000,59.21967878,58.44117307,58.82076890,59.09147309,0,1
47.45000000,59.14760858,58.50090929,58.88580713,58.96406418,0,1
47.46000000,59.20304752,58.53125979,58.82947314,59.08711404,0,1
47.47000000,59.17491008,58.69383439,58.85737640,59.10358982,0,1
47.48000000,59.16225423,58.61355010,58.83743067,59.07034623,0,1
47.49000000,59.20642916,58.62310686,58.87903562,59.17720296,0,1
47.50000000,59.14905381,58.50294234,58.87237104,59.13013061,0,1
47.51000000,59.26011044,58.54057536,58.94740833,59.12536417,0,1
47.52000000,59.19654594,58.48510688,58.75821435,59.18223282,0,1
47.53000000,59.13920497,58.60689420,58.77165639,59.01425828,0,1
47.54000000,59.18255319,58.50691309,58.74285919,58.98670135,0,1
47.55000000,59.27190703,58.65776976,58.87630542,58.98262577,0,1
47.56000000,59.24119157,58.53148661,58.82006361,58.95519655,0,1
47.57000000,59.30974689,58.61531767,58.85968661,59.16799699,0,1
47.58000000,59.19561039,58.50002100,58.82258506,59.13624504,0,1
47.59000000,59.24437721,58.60333199,58.88857976,58.92235390,0,1
47.60000000,59.17221482,58.57481190,58.85263956,59.21805147,0,1
47.61000000,59.25069123,58.59912002,58.83827602,59.05765700,0,1
47.62000000,59.15452781,58.46895859,58.85942746,58.84282373,0,1
47.63000000,59.20355780,58.54294211,58.89126995,59.11282549,0,1
47.64000000,59.26271031,58.56823283,58.83339921,59.18384673,0,1
47.65000000,59.34599888,58.63985135,58.88755165,58.94162499,0,1
47.66000000,59.29459531,58.60741328,58.88081150,58.99726827,0,1
47.67000000,59.20866211,58.49962814,58.86437610,59.06838948,0,1
47.68000000,59.19136610,58.52290442,58.91524786,59.08292922,0,1
47.69000000,59.16349552,58.49077093,58.88766882,58.95865214,0,1
47.70000000,59.24904698,58.54716265,58.84091077,59.15737389,0,1
47.71000000,59.30998421,58.57519901,58.85433936,59.12452375,0,1
47.72000000,59.22294094,58.58786953,58.82635540,59.01004107,0,1
47.73000000,59.28627039,58.54277109,58.86827222,59.07340872,0,1
47.74000000,59.12598227,58.53601667,58.90931648,59.09035879,0,1
47.75000000,59.25155382,58.50515904,58.87549232,59.01825423,0,1
47.76000000,59.22665427,58.45642266,58.90369078,59.06811095,0,1
47.77000000,59.22704476,58.49572160,58.86438566,58.86202113,0,1
47.78000000,59.17267984,58.49250739,58.87253287,59.03784036,0,1
47.79000000,59.23764012,58.58026445,58.83974267,59.06740110,0,1
47.80000000,59.08850597,58.54850072,58.82714511,58.98748045,0,1
47.81000000,59.27389300,58.52028631,58.94652291,59.16996178,0,1
47.82000000,59.09025277,58.40852493,58.90215748,59.17400319,0,1
47.83000000,59.22834173,58.40795122,58.96158450,59.02095657,0,1
47.84000000,59.16883289,58.54567789,58.91112083,59.03682120,0,1
47.85000000,59.21088353,58.53257183,58.86929214,59.01426748,0,1
47.86000000,59.16810597,58.47174867,58.83281561,58.96866340,0,1
47.87000000,59.32128175,58.46027937,58.91658824,58.97983818,0,1
47.88000000,59.20240420,58.47048889,58.93217746,58.97370426,0,1
47.89000000,59.21104602,58.54927505,58.89997352,59.05620074,0,1
47.90000000,59.19310577,58.40065335,58.92891072,59.03083756,0,1
47.91000000,59.15051542,58.46076851,58.88879955,58.97894592,0,1
47.92000000,59.22069745,58.46445520,58.90268763,59.06589261,0,1
47.93000000,59.25406655,58.51245211,58.89502718,59.06220242,0,1
47.94000000,59.14159128,58.51062523,58.90134412,59.03990526,0,1
47.95000000,59.11248886,58.49180411,58.93313497,59.00551322,0,1
47.96000000,59.19781540,58.46031256,58.95652451,59.05448337,0,1
47.97000000,59.23003528,58.46379065,58.93032120,59.02357075,0,1
47.98000000,59.29264224,58.44726418,58.99617415,58.94915251,0,1
47.99000000,59.15533319,58.49011591,58.80378110,59.04297903,0,1
48.00000000,59.16771790,58.48335059,58.81964449,59.04265445,0,1
48.01000000,59.18812314,58.47122357,58.82597403,58.95796731,0,1
48.02000000,59.13117782,58.50486134,58.85609917,59.09324479,0,1
48.03000000,59.21994761,58.47164877,58.84780802,59.02361537,0,1
48.04000000,59.15261350,58.36941042,58.77457201,58.98553550,0,1
48.05000000,59.19239134,58.45285087,58.86862565,59.01452145,0,1
48.06000000,59.17393475,58.50863430,58.79233499,59.03642203,0,1
48.07000000,59.10863083,58.52552819,58.82326548,58.97759101,0,1
48.08000000,59.18129015,58.44476752,58.79708066,58.94297246,0,1
48.09000000,59.15882998,58.45230513,58.86794800,58.90762932,0,1
48.10000000,59.06315242,58.41038499,58.83211897,58.90387574,0,1
48.11000000,59.13847863,58.42858660,58.77741168,58.95890589,0,1
48.12000000,59.19130011,58.48283822,58.76716992,59.01554886,0,1
48.13000000,59.06118626,58.41327096,58.86432581,58.99383218,0,1
48.14000000,59.10057551,58.40742974,58.82729045,59.06501061,0,1
48.15000000,59.04201729,58.35192131,58.84410536,59.06848944,0,1
48.16000000,59.14313617,58.43345445,58.86150172,58.97594759,0,1
48.17000000,59.13909224,58.40254181,58.83228636,59.00182071,0,1
48.18000000,59.06669102,58.47359914,58.87968638,58.98430513,0,1
48.19000000,59.08713364,58.39172542,58.80821332,58.81092133,0,1
48.20000000,59.14751836,58.44535957,58.83712383,58.90358230,0,1
48.21000000,59.12349803,58.42986541,58.78026801,58.98468124,0,1
48.22000000,59.11200748,58.33298052,58.76693093,58.93107640,0,1
48.23000000,59.03210324,58.32625581,58.75420933,58.98557420,0,1
48.24000000,59.05878059,58.38530683,58.89194108,59.08221298,0,1
48.25000000,59.14566350,58.43971343,58.84950170,58.97940834,0,1
48.26000000,59.09432778,58.43234575,58.80056597,58.92663730,0,1
48.27000000,59.10257629,58.45084468,58.80415959,59.09749976,0,1
48.28000000,59.09951758,58.37499418,58.76150405,58.97194902,0,1
48.29000000,59.08150518,58.42570263,58.93765974,59.02779058,0,1
48.30000000,59.18274905,58.38211629,58.81856000,59.06144745,0,1
48.31000000,59.05870321,58.40513323,58.79814684,58.81689962,0,1
48.32000000,59.09229136,58.43843115,58.72138589,58.87664857,0,1
48.33000000,59.07644632,58.41723555,58.75183636,59.02671551,0,1
48.34000000,59.03921700,58.43096087,58.75922877,58.90213788,0,1
48.35000000,59.12147142,58.44290684,58.77772062,58.98305597,0,1
48.36000000,59.18161963,58.46516475,58.74560321,59.02941754,0,1
48.37000000,59.18248797,58.46967753,58.82450346,58.96590329,0,1
48.38000000,59.09857758,58.47271059,58.78710868,58.94043269,0,1
48.39000000,59.06070115,58.42096913,58.72720964,58.98249501,0,1
48.40000000,58.99572230,58.40090210,58.71947855,58.93939287,0,1
48.41000000,59.11599569,58.43115891,58.72628117,58.91107801,0,1
48.42000000,59.08392538,58.46905968,58.75762500,58.89075548,0,1
48.43000000,59.09144880,58.45122896,58.69104626,58.84882734,0,1
48.44000000,59.12312195,58.42682096,58.73724210,58.91586075,0,1
48.45000000,59.03654585,58.39645737,58.76920388,59.04007150,0,1
48.46000000,59.20175999,58.48716767,58.79954363,58.98806834,0,1
48.47000000,59.02832360,58.41711850,58.79523579,59.04711977,0,1
48.48000000,59.03289855,58.40621148,58.73110858,59.03029858,0,1
48.49000000,58.99299819,58.39178044,58.76661691,58.94012935,0,1
48.50000000,59.10925469,58.47747381,58.71804456,58.90289221,0,1
48.51000000,59.13259516,58.45799740,58.71476919,58.96040619,0,1
48.52000000,59.11834818,58.41301223,58.67150077,58.92658265,0,1
48.53000000,59.04988448,58.39032222,58.78183400,58.92624341,0,1
48.54000000,59.01776133,58.45804572,58.79641484,58.97047599,0,1
48.55000000,59.07744940,58.41678659,58.77250812,58.94035524,0,1
48.56000000,58.98015935,58.41678255,58.77501884,58.96673052,0,1
48.57000000,59.08156345,58.40725692,58.77982834,59.04094318,0,1
48.58000000,59.00658254,58.39395880,58.70777456,58.96523024,0,1
48.59000000,59.02482822,58.40993470,58.78327597,59.01427314,0,1
48.60000000,59.02947406,58.40327213,58.67487364,59.00313310,0,1
48.61000000,59.01578972,58.43871149,58.68445258,59.01617211,0,1
48.62000000,59.04157622,58.39955987,58.65915510,58.96453713,0,1
48.63000000,59.06384640,58.39758246,58.83586183,58.93618013,0,1
48.64000000,58.93826306,58.42336596,58.68700789,58.97012469,0,1
48.65000000,59.02730519,58.45231763,58.70728255,59.00200253,0,1
48.66000000,59.00679382,58.37545016,58.63498989,58.95628218,0,1
48.67000000,59.02339710,58.41888963,58.71736836,59.01651739,0,1
48.68000000,59.00431665,58.41838072,58.78636783,59.08663179,0,1
48.69000000,59.05712139,58.48155521,58.69342476,59.03674458,0,1
48.70000000,58.98877036,58.51394060,58.66986032,59.01641796,0,1
48.71000000,59.05871209,58.43573340,58.69666610,59.05995173,0,1
48.72000000,58.97725925,58.40946927,58.66393461,59.04836668,0,1
48.73000000,59.05489205,58.42670206,58.73196611,58.96325388,0,1
48.74000000,59.02481559,58.45759909,58.72739491,58.95548263,0,1
48.75000000,59.08427037,58.49460643,58.69016378,58.86912059,0,1
48.76000000,59.08152211,58.49752951,58.67167846,58.92110270,0,1
48.77000000,59.09959335,58.47571252,58.70207879,58.99305080,0,1
48.78000000,59.00102110,58.48195587,58.75086061,59.01448440,0,1
48.79000000,59.11372229,58.50679353,58.77210611,59.09487498,0,1
48.80000000,59.08130347,58.47908910,58.72446572,59.06445978,0,1
48.81000000,59.11036377,58.47424050,58.74765854,58.97026585,0,1
48.82000000,59.11327431,58.46976017,58.74851658,59.00613739,0,1
48.83000000,59.08033798,58.50136170,58.77580328,58.95820150,0,1
48.84000000,59.12974952,58.53734084,58.75242870,58.95488274,0,1
48.85000000,59.09743699,58.50213391,58.73933560,58.94612892,0,1
48.86000000,59.09163920,58.48616444,58.73185482,58.97033488,0,1
48.87000000,59.11817504,58.54896771,58.73015024,58.97611101,0,1
48.88000000,59.06628307,58.44356843,58.71964577,59.03255116,0,1
48.89000000,59.12217049,58.52485976,58.69444276,59.01078192,0,1
48.90000000,59.13687838,58.47939368,58.71268447,59.00201192,0,1
48.91000000,59.04013471,58.51481141,58.66559246,58.99296978,0,1
48.92000000,59.01968206,58.47625816,58.70050498,58.96321150,0,1
48.93000000,59.05853096,58.46890265,58.69733339,58.98511775,0,1
48.94000000,59.09878549,58.46809346,58.67326842,59.00277432,0,1
48.95000000,59.16584078,58.51022566,58.63323872,58.91422807,0,1
48.96000000,59.10519038,58.47300031,58.64221762,58.88618889,0,1
48.97000000,58.92820154,58.45069866,58.65755502,58.92798977,0,1
48.98000000,58.93168012,58.44994031,58.70746952,59.00402378,0,1
48.99000000,58.83468951,58.42516743,58.73517939,58.98442257,0,1
49.00000000,58.97410548,58.43377792,58.75502262,59.00667738,0,1
49.01000000,58.96808568,58.41601416,58.73214434,59.07603461,0,1
49.02000000,59.01490266,58.37920564,58.66618745,59.06521950,0,1
49.03000000,58.91077734,58.39381209,58.69976691,58.98917848,0,1
49.04000000,58.96420171,58.39781578,58.73678557,59.06424796,0,1
49.05000000,58.90106152,58.42533650,58.69074305,59.01885844,0,1
49.06000000,58.95899674,58.41896370,58.71884468,58.92195120,0,1
49.07000000,58.95581089,58.36905748,58.69582265,58.90903079,0,1
49.08000000,58.95415988,58.38911014,58.68372535,58.88406081,0,1
49.09000000,58.88494296,58.38096296,58.63484227,58.96603630,0,1
49.10000000,58.88465260,58.38904615,58.67698454,59.04652083,0,1
49.11000000,58.87917786,58.37492735,58.73729519,59.08077714,0,1
49.12000000,58.99703450,58.31477504,58.77512226,59.08259271,0,1
49.13000000,58.94148111,58.29841302,58.80409277,59.07256044,0,1
49.14000000,58.92662863,58.37616644,58.82538390,59.03524522,0,1
49.15000000,58.86171970,58.38389557,58.79227475,59.04714711,0,1
49.16000000,58.93264321,58.46018997,58.75989506,59.01724532,0,1
49.17000000,59.06711124,58.41922856,58.76022177,59.04479800,0,1
49.18000000,59.02692982,58.37149290,58.72971514,58.99470961,0,1
49.19000000,59.00891447,58.32304115,58.75708342,58.97009114,0,1
49.20000000,59.02086357,58.39690784,58.65844176,59.04522322,0,1
49.21000000,59.04004057,58.43369531,58.63659328,59.01101431,0,1
49.22000000,59.00202397,58.46634715,58.68508298,58.95657192,0,1
49.23000000,59.01211282,58.37431591,58.67802841,59.03682409,0,1
49.24000000,58.97617001,58.34153280,58.73773879,58.99273725,0,1
49.25000000,59.01878503,58.38784666,58.75180626,58.95891674,0,1
49.26000000,59.05944586,58.45692184,58.65317662,59.03948765,0,1
49.27000000,59.11479729,58.44380502,58.66117319,58.97861653,0,1
49.28000000,59.11487680,58.39765107,58.69302878,58.97190160,0,1
49.29000000,59.11721942,58.39412731,58.75973242,58.94069039,0,1
49.30000000,59.09509077,58.45188142,58.74812038,58.89487119,0,1
49.31000000,59.09091382,58.49349279,58.67644605,58.94529559,0,1
49.32000000,59.02683404,58.42814784,58.62124841,58.98409148,0,1
49.33000000,59.11516212,58.39948554,58.66751917,58.94060321,0,1
49.34000000,59.14190706,58.44407755,58.70279316,58.93747025,0,1
49.35000000,59.13884923,58.45029784,58.64238714,58.93110407,0,1
49.36000000,59.13957338,58.46388310,58.69601118,58.96494896,0,1
49.37000000,59.07261983,58.45678185,58.65306881,58.93815280,0,1
49.38000000,59.13158019,58.44270252,58.75569878,58.89656166,0,1
49.39000000,59.20168626,58.45120452,58.70372629,58.87801445,0,1
49.40000000,59.10932897,58.44286310,58.70875573,58.85772115,0,1
49.41000000,59.01035642,58.42974809,58.61430267,58.82822431,0,1
49.42000000,59.02863679,58.42933876,58.59880760,58.82243625,0,1
49.43000000,59.03596161,58.45322380,58.57182370,58.89092832,0,1
49.44000000,59.17284029,58.46183411,58.66221883,58.99815063,0,1
49.45000000,59.12577904,58.39411144,58.70977198,58.95493709,0,1
49.46000000,59.08977255,58.36057792,58.68541811,58.87224196,0,1
49.47000000,59.01984692,58.38223482,58.69527825,58.93563093,0,1
49.48000000,59.04031408,58.47528211,58.69968923,58.91314246,0,1
49.49000000,59.02911653,58.43132393,58.64644284,58.84784424,0,1
49.50000000,59.03845031,58.35958202,58.73549041,58.80041406,0,1
49.51000000,59.01885906,58.32064194,58.75900243,58.80103781,0,1
49.52000000,59.11523041,58.38728854,58.69218490,58.84828601,0,1
49.53000000,59.01487680,58.41199783,58.69364236,58.91209391,0,1
49.54000000,58.97179186,58.40503149,58.72081318,58.95703547,0,1
49.55000000,58.97929341,58.36854595,58.76101874,58.96302355,0,1
49.56000000,58.99460921,58.37780508,58.79836660,58.93797678,0,1
49.57000000,59.01089699,58.38788288,58.75978126,58.93418089,0,1
49.58000000,58.99481762,58.36888554,58.65495840,58.95862276,0,1
49.59000000,58.94421713,58.32803347,58.66950415,58.91007451,0,1
49.60000000,58.98063803,58.31173987,58.66376234,58.90770041,0,1
49.61000000,59.02238738,58.31912468,58.71457857,58.91112021,0,1
49.62000000,58.92693995,58.33137365,58.74548849,58.89377687,0,1
49.63000000,58.99064737,58.37244658,58.74236118,58.88071996,0,1
49.64000000,58.89351003,58.33006564,58.73221351,58.97915705,0,1
49.65000000,58.92042016,58.32242207,58.71683473,58.92061956,0,1
49.66000000,58.91344566,58.32616864,58.76289504,58.98544036,0,1
49.67000000,58.96380514,58.36396646,58.72953070,58.99206589,0,1
49.68000000,58.92222203,58.32641045,58.73965738,58.91984487,0,1
49.69000000,58.94506323,58.30893624,58.74789598,58.96282259,0,1
49.70000000,58.97799270,58.33373499,58.72782898,58.96197109,0,1
49.71000000,59.03568793,58.36380613,58.70334833,58.93885985,0,1
49.72000000,59.00191179,58.33871537,58.75997098,58.90468221,0,1
49.73000000,58.94269711,58.31378739,58.75972770,58.91239905,0,1
49.74000000,58.98056754,58.32363270,58.75939342,58.89828534,0,1
49.75000000,58.99834230,58.33608480,58.78483190,58.96959328,0,1
49.76000000,59.05669017,58.40280695,58.75080618,59.00321423,0,1
49.77000000,59.00319362,58.37503979,58.74433888,59.00405698,0,1
49.78000000,59.00882377,58.30652200,58.77485980,59.01190569,0,1
49.79000000,59.00990123,58.33595754,58.76334730,58.98874040,0,1
49.80000000,59.08714695,58.36032781,58.71093619,58.92359732,0,1
49.81000000,59.01750453,58.36427151,58.64615624,58.91211811,0,1
49.82000000,59.04918323,58.32908270,58.60691082,58.92097346,0,1
49.83000000,58.96955653,58.36399379,58.69908462,58.76249065,0,1
49.84000000,58.99391485,58.36079828,58.69775165,58.78888833,0,1
49.85000000,59.04921840,58.35709158,58.66672210,58.88377150,0,1
49.86000000,59.01552087,58.35727946,58.57641287,58.83248713,0,1
49.87000000,59.03367765,58.32577337,58.62184922,58.87735707,0,1
49.88000000,59.02949654,58.36047715,58.70477345,59.03171741,0,1
49.89000000,59.02351377,58.37070236,58.64283091,58.94175775,0,1
49.90000000,58.95202206,58.32695004,58.64832712,58.85384462,0,1
49.91000000,58.96006610,58.30217184,58.62415860,58.97291048,0,1
49.92000000,58.93855997,58.33284302,58.60728773,58.85913821,0,1
49.93000000,59.00221697,58.37762863,58.62999744,58.75161143,0,1
49.94000000,58.98832812,58.34652660,58.62431108,58.80638254,0,1
49.95000000,58.98618867,58.32928548,58.60492789,58.80680634,0,1
49.96000000,59.02833955,58.27547619,58.60094575,58.79692795,0,1
49.97000000,59.00270036,58.32604273,58.61559219,58.88495419,0,1
49.98000000,59.01081026,58.34518252,58.68376088,58.95318932,0,1
49.99000000,58.95243234,58.32761342,58.68847086,58.89737715,0,1
